mtllib model_0.mtl
o model_0
v -0.9240797758102417 4.240389823913574 9.208592414855957 
v -2.57013201713562 3.4527382850646973 9.208592414855957 
v -0.9151821732521057 4.187289714813232 9.208592414855957 
v -0.01207782980054617 -0.047444649040699005 9.208592414855957 
v -3.780202865600586 2.1119601726531982 9.208592414855957 
v -4.340750694274902 0.3906313478946686 9.208592414855957 
v -3.8291397094726562 2.138510227203369 9.208592414855957 
v -4.39413595199585 0.3950563371181488 9.208592414855957 
v -4.153901100158691 -1.4103477001190186 9.208592414855957 
v -4.207286834716797 -1.428047776222229 9.208592414855957 
v -3.2507970333099365 -2.9768011569976807 9.208592414855957 
v -3.2908360958099365 -3.0166263580322266 9.208592414855957 
v -1.7915937900543213 -4.043228626251221 9.208592414855957 
v -1.8138377666473389 -4.0919036865234375 9.208592414855957 
v -0.02097540907561779 -4.423779487609863 9.208592414855957 
v -2.601273536682129 3.496988296508789 9.208592414855957 
v -0.02097540907561779 -4.476879596710205 9.208592414855957 
v 1.7496429681777954 -4.047653675079346 9.208592414855957 
v 1.771886944770813 -4.0963287353515625 9.208592414855957 
v 3.2132949829101562 -2.9856512546539307 9.208592414855957 
v 3.2533340454101562 -3.0254764556884766 9.208592414855957 
v 4.120848178863525 -1.4191977977752686 9.208592414855957 
v 4.174233436584473 -1.4368977546691895 9.208592414855957 
v 4.312146186828613 0.37735632061958313 9.208592414855957 
v 4.3655314445495605 0.38178130984306335 9.208592414855957 
v 3.756047248840332 2.0986852645874023 9.208592414855957 
v 3.8049840927124023 2.1252353191375732 9.208592414855957 
v 2.545976400375366 3.4483132362365723 9.208592414855957 
v 2.577117919921875 3.488138437271118 9.208592414855957 
v 0.8954753279685974 4.182865142822266 9.208592414855957 
v 0.9043729305267334 4.235965251922607 9.208592414855957 
v -2.6946980953216553 3.6607136726379395 0.004377000033855438 
v -2.641312837600708 3.5766384601593018 0.004377000033855438 
v -3.891422748565674 2.191610336303711 0.004377000033855438 
v -0.01207782980054617 -0.047444649040699005 0.004377000033855438 
v -4.4697651863098145 0.4171814024448395 0.004377000033855438 
v -4.278467655181885 -1.4368977546691895 0.004377000033855438 
v -4.56318998336792 0.43488144874572754 0.004377000033855438 
v -4.367443084716797 -1.459022879600525 0.004377000033855438 
v -3.348670244216919 -3.0520265102386475 0.004377000033855438 
v -3.4154021739959717 -3.1095516681671143 0.004377000033855438 
v -1.840530514717102 -4.149428844451904 0.004377000033855438 
v -1.8761208057403564 -4.229079246520996 0.004377000033855438 
v -0.01652662083506584 -4.538829803466797 0.004377000033855438 
v -0.01652662083506584 -4.6273298263549805 0.004377000033855438 
v 1.8074772357940674 -4.153853893280029 0.004377000033855438 
v -3.971500873565674 2.2447104454040527 0.004377000033855438 
v 1.847516417503357 -4.233504295349121 0.004377000033855438 
v 3.315617084503174 -3.0608763694763184 0.004377000033855438 
v 3.3867976665496826 -3.118401527404785 0.004377000033855438 
v 4.249863147735596 -1.4457478523254395 0.004377000033855438 
v 4.343287467956543 -1.4678728580474854 0.004377000033855438 
v 4.4456095695495605 0.40833139419555664 0.004377000033855438 
v 4.543483257293701 0.4260314106941223 0.004377000033855438 
v 3.871715784072876 2.18276047706604 0.004377000033855438 
v 3.956242799758911 2.235860586166382 0.004377000033855438 
v 2.626054525375366 3.567788600921631 0.004377000033855438 
v 2.6838889122009277 3.6518638134002686 0.004377000033855438 
v 0.9266168475151062 4.328890323638916 0.004377000033855438 
v 0.9488608241081238 4.42624044418335 0.004377000033855438 
v -0.9374261498451233 4.328890323638916 0.004377000033855438 
v -0.9552212953567505 4.430665493011475 0.004377000033855438 
v -3.8291397094726562 2.138510227203369 9.208592414855957 
v -2.601273536682129 3.496988296508789 9.401687622070312 
v -3.8291397094726562 2.138510227203369 9.401687622070312 
v -2.6635565757751465 3.6120386123657227 9.401687622070312 
v -0.9463237524032593 4.377565383911133 9.401687622070312 
v -0.9552212953567505 4.430665493011475 9.401687622070312 
v -2.601273536682129 3.496988296508789 9.208592414855957 
v -0.9240797758102417 4.240389823913574 9.401687622070312 
v -0.9240797758102417 4.240389823913574 9.208592414855957 
v 0.9043729305267334 4.235965251922607 9.401687622070312 
v 0.9043729305267334 4.235965251922607 9.208592414855957 
v 0.9355144500732422 4.373140335083008 9.401687622070312 
v 0.9488608241081238 4.42624044418335 9.401687622070312 
v 2.6838889122009277 3.6518638134002686 9.401687622070312 
v 2.652747392654419 3.6076135635375977 9.401687622070312 
v 2.577117919921875 3.488138437271118 9.401687622070312 
v 2.577117919921875 3.488138437271118 9.208592414855957 
v 3.8049840927124023 2.1252353191375732 9.401687622070312 
v 3.8049840927124023 2.1252353191375732 9.208592414855957 
v 3.90730619430542 2.209310531616211 9.401687622070312 
v 3.956242799758911 2.235860586166382 9.401687622070312 
v 4.174233436584473 -1.4368977546691895 9.208592414855957 
v 4.3655314445495605 0.38178130984306335 9.208592414855957 
v 4.174233436584473 -1.4368977546691895 9.401687622070312 
v 4.3655314445495605 0.38178130984306335 9.401687622070312 
v 4.289902210235596 -1.450172781944275 9.401687622070312 
v 4.4856486320495605 0.4171814024448395 9.401687622070312 
v 4.343287467956543 -1.4678728580474854 9.401687622070312 
v 4.543483257293701 0.4260314106941223 9.401687622070312 
v 4.543483257293701 0.4260314106941223 9.272956848144531 
v 4.343287467956543 -1.4678728580474854 9.272956848144531 
v 4.289902210235596 -1.450172781944275 9.272956848144531 
v 4.4856486320495605 0.4171814024448395 9.272956848144531 
v 3.956242799758911 2.235860586166382 9.272956848144531 
v 3.90730619430542 2.209310531616211 9.272956848144531 
v 2.6838889122009277 3.6518638134002686 9.272956848144531 
v 2.652747392654419 3.6076135635375977 9.272956848144531 
v 0.9488608241081238 4.42624044418335 9.272956848144531 
v -0.9552212953567505 4.430665493011475 9.272956848144531 
v -2.6946980953216553 3.6607136726379395 9.272956848144531 
v -0.9463237524032593 4.377565383911133 9.272956848144531 
v -2.6635565757751465 3.6120386123657227 9.272956848144531 
v -3.971500873565674 2.2447104454040527 9.272956848144531 
v -3.9225642681121826 2.218160390853882 9.272956848144531 
v -4.56318998336792 0.43488144874572754 9.272956848144531 
v -4.5053558349609375 0.4304564297199249 9.272956848144531 
v -4.367443084716797 -1.459022879600525 9.272956848144531 
v -4.31405782699585 -1.4413228034973145 9.272956848144531 
v -3.4154021739959717 -3.1095516681671143 9.272956848144531 
v -3.3753631114959717 -3.0697264671325684 9.272956848144531 
v -1.8761208057403564 -4.229079246520996 9.272956848144531 
v -1.8538769483566284 -4.175979137420654 9.272956848144531 
v -0.01652662083506584 -4.6273298263549805 9.272956848144531 
v -0.01652662083506584 -4.569804668426514 9.272956848144531 
v 1.847516417503357 -4.233504295349121 9.272956848144531 
v 1.8252724409103394 -4.180404186248779 9.272956848144531 
v 3.3867976665496826 -3.118401527404785 9.272956848144531 
v 3.3467586040496826 -3.0785765647888184 9.272956848144531 
v 4.343287467956543 -1.4678728580474854 9.272956848144531 
v 4.289902210235596 -1.450172781944275 9.272956848144531 
v 0.9355144500732422 4.373140335083008 9.272956848144531 
v 3.3867976665496826 -3.118401527404785 9.401687622070312 
v 4.343287467956543 -1.4678728580474854 9.401687622070312 
v 4.289902210235596 -1.450172781944275 9.401687622070312 
v 3.3467586040496826 -3.0785765647888184 9.401687622070312 
v 4.174233436584473 -1.4368977546691895 9.401687622070312 
v 1.847516417503357 -4.233504295349121 9.401687622070312 
v -0.01652662083506584 -4.6273298263549805 9.401687622070312 
v 1.8252724409103394 -4.180404186248779 9.401687622070312 
v 3.2533340454101562 -3.0254764556884766 9.401687622070312 
v 4.174233436584473 -1.4368977546691895 9.208592414855957 
v 3.2533340454101562 -3.0254764556884766 9.208592414855957 
v 1.771886944770813 -4.0963287353515625 9.401687622070312 
v 1.771886944770813 -4.0963287353515625 9.208592414855957 
v -0.02097540907561779 -4.476879596710205 9.401687622070312 
v -0.02097540907561779 -4.476879596710205 9.208592414855957 
v -1.8138377666473389 -4.0919036865234375 9.401687622070312 
v -1.8138377666473389 -4.0919036865234375 9.208592414855957 
v -0.01652662083506584 -4.569804668426514 9.401687622070312 
v -1.8761208057403564 -4.229079246520996 9.401687622070312 
v -3.4154021739959717 -3.1095516681671143 9.401687622070312 
v -1.8538769483566284 -4.175979137420654 9.401687622070312 
v -3.3753631114959717 -3.0697264671325684 9.401687622070312 
v -4.367443084716797 -1.459022879600525 9.401687622070312 
v -4.56318998336792 0.43488144874572754 9.401687622070312 
v -4.31405782699585 -1.4413228034973145 9.401687622070312 
v -3.2908360958099365 -3.0166263580322266 9.401687622070312 
v -3.2908360958099365 -3.0166263580322266 9.208592414855957 
v -4.207286834716797 -1.428047776222229 9.401687622070312 
v -4.207286834716797 -1.428047776222229 9.208592414855957 
v -4.39413595199585 0.3950563371181488 9.401687622070312 
v -4.39413595199585 0.3950563371181488 9.208592414855957 
v -4.5053558349609375 0.4304564297199249 9.401687622070312 
v -3.971500873565674 2.2447104454040527 9.401687622070312 
v -2.6946980953216553 3.6607136726379395 9.401687622070312 
v -3.9225642681121826 2.218160390853882 9.401687622070312 
v -0.9463237524032593 4.377565383911133 9.272956848144531 
v -2.6635565757751465 3.6120386123657227 9.272956848144531 
v -0.9463237524032593 4.377565383911133 9.24537181854248 
v -2.6635565757751465 3.6120386123657227 9.24537181854248 
v -3.9225642681121826 2.218160390853882 9.272956848144531 
v -3.9225642681121826 2.218160390853882 9.24537181854248 
v -4.5053558349609375 0.4304564297199249 9.272956848144531 
v -4.5053558349609375 0.4304564297199249 9.24537181854248 
v -4.31405782699585 -1.4413228034973145 9.272956848144531 
v -4.31405782699585 -1.4413228034973145 9.24537181854248 
v -3.3753631114959717 -3.0697264671325684 9.272956848144531 
v -3.3753631114959717 -3.0697264671325684 9.24537181854248 
v -1.8538769483566284 -4.175979137420654 9.272956848144531 
v -1.8538769483566284 -4.175979137420654 9.24537181854248 
v -0.01652662083506584 -4.569804668426514 9.272956848144531 
v -0.01652662083506584 -4.569804668426514 9.24537181854248 
v 1.8252724409103394 -4.180404186248779 9.272956848144531 
v 1.8252724409103394 -4.180404186248779 9.24537181854248 
v 3.3467586040496826 -3.0785765647888184 9.272956848144531 
v 3.3467586040496826 -3.0785765647888184 9.24537181854248 
v 4.289902210235596 -1.450172781944275 9.272956848144531 
v 4.289902210235596 -1.450172781944275 9.24537181854248 
v 3.3467586040496826 -3.0785765647888184 6.9742021560668945 
v 4.289902210235596 -1.450172781944275 6.9742021560668945 
v 1.8252724409103394 -4.180404186248779 6.9742021560668945 
v -0.01652662083506584 -4.569804668426514 6.9742021560668945 
v -1.8538769483566284 -4.175979137420654 6.9742021560668945 
v -3.3753631114959717 -3.0697264671325684 6.9742021560668945 
v -4.31405782699585 -1.4413228034973145 6.9742021560668945 
v -4.5053558349609375 0.4304564297199249 6.9742021560668945 
v -3.9225642681121826 2.218160390853882 6.9742021560668945 
v -2.6635565757751465 3.6120386123657227 6.9742021560668945 
v -0.9463237524032593 4.377565383911133 6.9742021560668945 
v 0.9355144500732422 4.373140335083008 6.9742021560668945 
v 0.9355144500732422 4.373140335083008 9.24537181854248 
v 0.9355144500732422 4.373140335083008 9.272956848144531 
v 2.652747392654419 3.6076135635375977 9.24537181854248 
v 2.652747392654419 3.6076135635375977 9.272956848144531 
v 3.90730619430542 2.209310531616211 9.24537181854248 
v 3.90730619430542 2.209310531616211 9.272956848144531 
v 4.4856486320495605 0.4171814024448395 9.24537181854248 
v 4.4856486320495605 0.4171814024448395 9.272956848144531 
v 4.289902210235596 -1.450172781944275 9.24537181854248 
v 4.289902210235596 -1.450172781944275 9.272956848144531 
v 4.289902210235596 -1.450172781944275 6.9742021560668945 
v 4.4856486320495605 0.4171814024448395 6.9742021560668945 
v 3.90730619430542 2.209310531616211 6.9742021560668945 
v 2.652747392654419 3.6076135635375977 6.9742021560668945 
v 2.652747392654419 3.6076135635375977 4.707629680633545 
v 3.90730619430542 2.209310531616211 4.707629680633545 
v 4.4856486320495605 0.4171814024448395 4.707629680633545 
v 4.289902210235596 -1.450172781944275 4.707629680633545 
v 4.289902210235596 -1.450172781944275 2.4410572052001953 
v 4.4856486320495605 0.4171814024448395 2.4410572052001953 
v 3.90730619430542 2.209310531616211 2.4410572052001953 
v 4.289902210235596 -1.450172781944275 0.17448486387729645 
v 4.4856486320495605 0.4171814024448395 0.17448486387729645 
v 4.289902210235596 -1.450172781944275 0.15609483420848846 
v 4.4856486320495605 0.4171814024448395 0.15609483420848846 
v 3.90730619430542 2.209310531616211 0.17448486387729645 
v 3.90730619430542 2.209310531616211 0.15609483420848846 
v 2.652747392654419 3.6076135635375977 2.4410572052001953 
v 0.9355144500732422 4.373140335083008 4.707629680633545 
v -0.9463237524032593 4.377565383911133 4.707629680633545 
v -2.6635565757751465 3.6120386123657227 4.707629680633545 
v -3.9225642681121826 2.218160390853882 4.707629680633545 
v -4.5053558349609375 0.4304564297199249 4.707629680633545 
v -4.31405782699585 -1.4413228034973145 4.707629680633545 
v -3.3753631114959717 -3.0697264671325684 4.707629680633545 
v -1.8538769483566284 -4.175979137420654 4.707629680633545 
v -0.01652662083506584 -4.569804668426514 4.707629680633545 
v 1.8252724409103394 -4.180404186248779 4.707629680633545 
v 3.3467586040496826 -3.0785765647888184 4.707629680633545 
v 4.289902210235596 -1.450172781944275 4.707629680633545 
v 3.3467586040496826 -3.0785765647888184 2.4410572052001953 
v 4.289902210235596 -1.450172781944275 2.4410572052001953 
v 1.8252724409103394 -4.180404186248779 2.4410572052001953 
v -0.01652662083506584 -4.569804668426514 2.4410572052001953 
v -1.8538769483566284 -4.175979137420654 2.4410572052001953 
v -3.3753631114959717 -3.0697264671325684 2.4410572052001953 
v -4.31405782699585 -1.4413228034973145 2.4410572052001953 
v -4.5053558349609375 0.4304564297199249 2.4410572052001953 
v -3.9225642681121826 2.218160390853882 2.4410572052001953 
v -2.6635565757751465 3.6120386123657227 2.4410572052001953 
v -0.9463237524032593 4.377565383911133 2.4410572052001953 
v 0.9355144500732422 4.373140335083008 2.4410572052001953 
v 2.652747392654419 3.6076135635375977 0.17448486387729645 
v 2.652747392654419 3.6076135635375977 0.15609483420848846 
v 0.9355144500732422 4.373140335083008 0.17448486387729645 
v -0.9463237524032593 4.377565383911133 0.17448486387729645 
v -2.6635565757751465 3.6120386123657227 0.17448486387729645 
v -3.9225642681121826 2.218160390853882 0.17448486387729645 
v -4.5053558349609375 0.4304564297199249 0.17448486387729645 
v -4.31405782699585 -1.4413228034973145 0.17448486387729645 
v -3.3753631114959717 -3.0697264671325684 0.17448486387729645 
v -1.8538769483566284 -4.175979137420654 0.17448486387729645 
v -0.01652662083506584 -4.569804668426514 0.17448486387729645 
v 1.8252724409103394 -4.180404186248779 0.17448486387729645 
v 3.3467586040496826 -3.0785765647888184 0.17448486387729645 
v 4.289902210235596 -1.450172781944275 0.17448486387729645 
v 3.3467586040496826 -3.0785765647888184 0.15609483420848846 
v 4.289902210235596 -1.450172781944275 0.15609483420848846 
v 1.8252724409103394 -4.180404186248779 0.15609483420848846 
v -0.01652662083506584 -4.569804668426514 0.15609483420848846 
v -1.8538769483566284 -4.175979137420654 0.15609483420848846 
v -3.3753631114959717 -3.0697264671325684 0.15609483420848846 
v -4.31405782699585 -1.4413228034973145 0.15609483420848846 
v -4.5053558349609375 0.4304564297199249 0.15609483420848846 
v -3.9225642681121826 2.218160390853882 0.15609483420848846 
v -2.6635565757751465 3.6120386123657227 0.15609483420848846 
v -0.9463237524032593 4.377565383911133 0.15609483420848846 
v 0.9355144500732422 4.373140335083008 0.15609483420848846 
v -2.6946980953216553 3.6607136726379395 0.004377000033855438 
v -0.9552212953567505 4.430665493011475 0.004377000033855438 
v -2.6946980953216553 3.6607136726379395 0.15609483420848846 
v -0.9552212953567505 4.430665493011475 0.15609483420848846 
v -3.971500873565674 2.2447104454040527 0.15609483420848846 
v -3.971500873565674 2.2447104454040527 0.004377000033855438 
v -4.56318998336792 0.43488144874572754 0.15609483420848846 
v -4.56318998336792 0.43488144874572754 0.004377000033855438 
v -4.367443084716797 -1.459022879600525 0.15609483420848846 
v -4.367443084716797 -1.459022879600525 0.004377000033855438 
v -3.4154021739959717 -3.1095516681671143 0.15609483420848846 
v -3.4154021739959717 -3.1095516681671143 0.004377000033855438 
v -1.8761208057403564 -4.229079246520996 0.15609483420848846 
v -1.8761208057403564 -4.229079246520996 0.004377000033855438 
v -0.01652662083506584 -4.6273298263549805 0.15609483420848846 
v -0.01652662083506584 -4.6273298263549805 0.004377000033855438 
v 1.847516417503357 -4.233504295349121 0.15609483420848846 
v 1.847516417503357 -4.233504295349121 0.004377000033855438 
v 3.3867976665496826 -3.118401527404785 0.15609483420848846 
v 3.3867976665496826 -3.118401527404785 0.004377000033855438 
v 4.343287467956543 -1.4678728580474854 0.15609483420848846 
v 4.343287467956543 -1.4678728580474854 0.004377000033855438 
v 4.289902210235596 -1.450172781944275 0.15609483420848846 
v 3.3467586040496826 -3.0785765647888184 0.15609483420848846 
v 1.8252724409103394 -4.180404186248779 0.15609483420848846 
v -0.01652662083506584 -4.569804668426514 0.15609483420848846 
v -1.8538769483566284 -4.175979137420654 0.15609483420848846 
v -3.3753631114959717 -3.0697264671325684 0.15609483420848846 
v -4.31405782699585 -1.4413228034973145 0.15609483420848846 
v -4.5053558349609375 0.4304564297199249 0.15609483420848846 
v -3.9225642681121826 2.218160390853882 0.15609483420848846 
v -2.6635565757751465 3.6120386123657227 0.15609483420848846 
v -0.9463237524032593 4.377565383911133 0.15609483420848846 
v 0.9488608241081238 4.42624044418335 0.15609483420848846 
v 0.9355144500732422 4.373140335083008 0.15609483420848846 
v 2.6838889122009277 3.6518638134002686 0.15609483420848846 
v 2.652747392654419 3.6076135635375977 0.15609483420848846 
v 3.956242799758911 2.235860586166382 0.15609483420848846 
v 3.90730619430542 2.209310531616211 0.15609483420848846 
v 0.9488608241081238 4.42624044418335 0.004377000033855438 
v 2.6838889122009277 3.6518638134002686 0.004377000033855438 
v 3.956242799758911 2.235860586166382 0.004377000033855438 
v 4.543483257293701 0.4260314106941223 0.004377000033855438 
v 4.543483257293701 0.4260314106941223 0.15609483420848846 
v 4.343287467956543 -1.4678728580474854 0.004377000033855438 
v 4.343287467956543 -1.4678728580474854 0.15609483420848846 
v 4.4856486320495605 0.4171814024448395 0.15609483420848846 
v 4.289902210235596 -1.450172781944275 0.15609483420848846 
v -1.391202688217163 1.4924588203430176 9.240774154663086 
v -1.391202688217163 1.4924588203430176 9.369504928588867 
v -0.9863628149032593 1.505733847618103 9.24537181854248 
v -0.9863628149032593 1.505733847618103 9.374102592468262 
v -0.5548301935195923 1.364133596420288 9.378700256347656 
v -0.9863628149032593 1.532283902168274 9.401687622070312 
v -1.408997893333435 1.527858853340149 9.397089958190918 
v -1.9117112159729004 1.142883062362671 9.392492294311523 
v -1.8850184679031372 1.134032964706421 9.364907264709473 
v -2.174189805984497 0.41275638341903687 9.364907264709473 
v -2.174189805984497 0.41275638341903687 9.236177444458008 
v -2.0718677043914795 -0.18904496729373932 9.369504928588867 
v -2.0718677043914795 -0.18904496729373932 9.240774154663086 
v -1.7915937900543213 -0.47667062282562256 9.374102592468262 
v -1.7871450185775757 -0.47667062282562256 9.24537181854248 
v -1.3778563737869263 -0.6757960915565491 9.24537181854248 
v -1.3823051452636719 -0.6757960915565491 9.378700256347656 
v -0.9863628149032593 -0.7156211733818054 9.383296966552734 
v -0.9863628149032593 -0.7156211733818054 9.249969482421875 
v -0.5325862765312195 -0.5297707319259644 9.383296966552734 
v -0.5325862765312195 -0.5297707319259644 9.25456714630127 
v -0.2656588554382324 -0.18904496729373932 9.25456714630127 
v -0.2656588554382324 -0.18904496729373932 9.387894630432129 
v -0.0921560525894165 0.23575599491596222 9.25456714630127 
v -0.0966048389673233 0.23575599491596222 9.387894630432129 
v -0.047668151557445526 0.6649819612503052 9.25456714630127 
v -0.052116941660642624 0.6649819612503052 9.383296966552734 
v -0.24341490864753723 1.1163330078125 9.383296966552734 
v -0.24341490864753723 1.1163330078125 9.249969482421875 
v -0.5548301935195923 1.364133596420288 9.24537181854248 
v -1.8850184679031372 1.134032964706421 9.236177444458008 
v -0.5414838194847107 1.386258602142334 9.406285285949707 
v -0.22117096185684204 1.134032964706421 9.410881996154785 
v -0.02097540907561779 0.6738319993019104 9.410881996154785 
v -0.06546331197023392 0.2313309758901596 9.41547966003418 
v -0.24341490864753723 -0.20231999456882477 9.41547966003418 
v -0.5192399024963379 -0.551895797252655 9.410881996154785 
v -0.9819140434265137 -0.7421712279319763 9.410881996154785 
v -1.3867539167404175 -0.70234614610672 9.406285285949707 
v -1.8093889951705933 -0.49879565834999084 9.401687622070312 
v -2.1074578762054443 -0.19789499044418335 9.397089958190918 
v -2.205331325531006 0.4260314106941223 9.392492294311523 
v -2.0852138996124268 1.2136832475662231 9.392492294311523 
v -1.4801784753799438 1.7889344692230225 9.397089958190918 
v -1.0041580200195312 1.7358343601226807 9.401687622070312 
v -0.4880983531475067 1.5721089839935303 9.406285285949707 
v -0.08325847238302231 1.266783356666565 9.410881996154785 
v 0.13918103277683258 0.7357821464538574 9.41547966003418 
v 0.1080394983291626 0.19150589406490326 9.41547966003418 
v -0.0921560525894165 -0.2952452003955841 9.41547966003418 
v -0.4480592608451843 -0.7067711353302002 9.41547966003418 
v -0.9774652719497681 -0.9368716478347778 9.410881996154785 
v -0.43916165828704834 -0.7244711518287659 9.397089958190918 
v -0.07436089217662811 -0.30852022767066956 9.397089958190918 
v 0.125834658741951 0.18708087503910065 9.397089958190918 
v 0.15697619318962097 0.7402071356773376 9.397089958190918 
v -0.06546331197023392 1.2800583839416504 9.392492294311523 
v -0.4792007803916931 1.5898090600967407 9.387894630432129 
v -0.9997091889381409 1.7491093873977661 9.383296966552734 
v -1.4757297039031982 1.806634545326233 9.378700256347656 
v -0.9997091889381409 1.7491093873977661 9.231579780578613 
v -0.4792007803916931 1.5898090600967407 9.236177444458008 
v -0.06546331197023392 1.2800583839416504 9.240774154663086 
v 0.15697619318962097 0.7402071356773376 9.24537181854248 
v 0.125834658741951 0.18708087503910065 9.249969482421875 
v -0.07436089217662811 -0.30852022767066956 9.249969482421875 
v -0.43471288681030273 -0.7244711518287659 9.24537181854248 
v -0.9730164408683777 -0.9589967131614685 9.392492294311523 
v -1.4801784753799438 -0.8704965114593506 9.406285285949707 
v -1.484627366065979 -0.8926215767860413 9.387894630432129 
v -0.9730164408683777 -0.9589967131614685 9.240774154663086 
v -1.484627366065979 -0.8926215767860413 9.236177444458008 
v -1.9695454835891724 -0.6448209881782532 9.383296966552734 
v -1.9695454835891724 -0.6448209881782532 9.231579780578613 
v -2.3476924896240234 -0.35719534754753113 9.226982116699219 
v -2.3521413803100586 -0.35719534754753113 9.378700256347656 
v -2.912688970565796 0.0012304600095376372 9.222384452819824 
v -2.917137622833252 0.0012304600095376372 9.369504928588867 
v -3.4821341037750244 0.35965627431869507 9.364907264709473 
v -3.4776852130889893 0.35965627431869507 9.21778678894043 
v -3.7223687171936035 0.6561319231987 9.360309600830078 
v -3.7223687171936035 0.6561319231987 9.213189125061035 
v -3.77575421333313 1.0322577953338623 9.360309600830078 
v -3.77575421333313 1.0322577953338623 9.208592414855957 
v -3.7535102367401123 1.26235830783844 9.208592414855957 
v -3.7579591274261475 1.26235830783844 9.360309600830078 
v -3.6067001819610596 1.625209093093872 9.208592414855957 
v -3.6067001819610596 1.625209093093872 9.360309600830078 
v -3.464338779449463 1.806634545326233 9.360309600830078 
v -3.459890127182007 1.802209496498108 9.208592414855957 
v -3.161821126937866 2.0367350578308105 9.213189125061035 
v -3.161821126937866 2.0367350578308105 9.360309600830078 
v -2.7836740016937256 2.0809850692749023 9.21778678894043 
v -2.7836740016937256 2.0809850692749023 9.364907264709473 
v -2.129701852798462 1.9438098669052124 9.369504928588867 
v -2.129701852798462 1.9438098669052124 9.222384452819824 
v -1.4712809324264526 1.806634545326233 9.226982116699219 
v -2.129701852798462 1.926109790802002 9.387894630432129 
v -2.7836740016937256 2.0632851123809814 9.383296966552734 
v -2.521195411682129 1.3110333681106567 9.387894630432129 
v -2.3788340091705322 0.4968315660953522 9.392492294311523 
v -2.756981372833252 0.7313570976257324 9.387894630432129 
v -2.3432438373565674 -0.33949530124664307 9.397089958190918 
v -3.0239086151123047 1.4836088418960571 9.383296966552734 
v -3.15737247467041 2.0190351009368896 9.378700256347656 
v -3.4509925842285156 1.7933595180511475 9.378700256347656 
v -3.588905096054077 1.6207841634750366 9.378700256347656 
v -3.348670244216919 1.5721089839935303 9.378700256347656 
v -3.23745059967041 0.9570326209068298 9.383296966552734 
v -3.5310707092285156 1.1163330078125 9.378700256347656 
v -3.740163803100586 1.2535083293914795 9.378700256347656 
v -3.7579591274261475 1.0322577953338623 9.378700256347656 
v -3.704573631286621 0.660556972026825 9.378700256347656 
v -3.468787670135498 0.3729313015937805 9.383296966552734 
v -2.9037914276123047 0.018930500373244286 9.387894630432129 
v -1.9650965929031372 -0.6271209716796875 9.401687622070312 
v -0.5370350480079651 1.386258602142334 9.21778678894043 
v -0.9863628149032593 1.505733847618103 9.24537181854248 
v -0.9863628149032593 1.532283902168274 9.213189125061035 
v -1.391202688217163 1.4924588203430176 9.240774154663086 
v -0.5548301935195923 1.364133596420288 9.24537181854248 
v -0.22117096185684204 1.134032964706421 9.222384452819824 
v -0.24341490864753723 1.1163330078125 9.249969482421875 
v -0.02097540907561779 0.6738319993019104 9.226982116699219 
v -0.047668151557445526 0.6649819612503052 9.25456714630127 
v -0.06546331197023392 0.2269059717655182 9.226982116699219 
v -0.0921560525894165 0.23575599491596222 9.25456714630127 
v -0.23896612226963043 -0.20231999456882477 9.226982116699219 
v -0.2656588554382324 -0.18904496729373932 9.25456714630127 
v -0.5192399024963379 -0.551895797252655 9.226982116699219 
v -0.5325862765312195 -0.5297707319259644 9.25456714630127 
v -0.9819140434265137 -0.7465962171554565 9.222384452819824 
v -0.9863628149032593 -0.7156211733818054 9.249969482421875 
v -1.3867539167404175 -0.70234614610672 9.21778678894043 
v -1.3778563737869263 -0.6757960915565491 9.24537181854248 
v -1.8093889951705933 -0.49879565834999084 9.213189125061035 
v -1.7871450185775757 -0.47667062282562256 9.24537181854248 
v -2.1074578762054443 -0.19789499044418335 9.213189125061035 
v -2.0718677043914795 -0.18904496729373932 9.240774154663086 
v -2.2008824348449707 0.4260314106941223 9.208592414855957 
v -2.174189805984497 0.41275638341903687 9.236177444458008 
v -1.8850184679031372 1.134032964706421 9.236177444458008 
v -1.9117112159729004 1.142883062362671 9.208592414855957 
v -2.374385356903076 0.4968315660953522 9.208592414855957 
v -2.3387949466705322 -0.33949530124664307 9.208592414855957 
v -1.9606478214263916 -0.6271209716796875 9.213189125061035 
v -1.4757297039031982 -0.8749215006828308 9.21778678894043 
v -0.9774652719497681 -0.9368716478347778 9.222384452819824 
v -0.4480592608451843 -0.7111961245536804 9.226982116699219 
v -0.08770725876092911 -0.2996702194213867 9.231579780578613 
v 0.1080394983291626 0.19150589406490326 9.231579780578613 
v 0.13918103277683258 0.7357821464538574 9.226982116699219 
v -0.08325847238302231 1.266783356666565 9.222384452819824 
v -0.4880983531475067 1.5721089839935303 9.21778678894043 
v -1.0041580200195312 1.7314093112945557 9.213189125061035 
v -1.408997893333435 1.527858853340149 9.213189125061035 
v -2.0852138996124268 1.2136832475662231 9.208592414855957 
v -2.756981372833252 0.7313570976257324 9.203994750976562 
v -2.9037914276123047 0.014505489729344845 9.203994750976562 
v -2.912688970565796 0.0012304600095376372 9.222384452819824 
v -2.3476924896240234 -0.35719534754753113 9.226982116699219 
v -1.9695454835891724 -0.6448209881782532 9.231579780578613 
v -1.484627366065979 -0.8926215767860413 9.236177444458008 
v -0.9730164408683777 -0.9589967131614685 9.240774154663086 
v -0.43471288681030273 -0.7244711518287659 9.24537181854248 
v -0.07436089217662811 -0.30852022767066956 9.249969482421875 
v 0.125834658741951 0.18708087503910065 9.249969482421875 
v 0.15697619318962097 0.7402071356773376 9.24537181854248 
v -0.06546331197023392 1.2800583839416504 9.240774154663086 
v -0.4792007803916931 1.5898090600967407 9.236177444458008 
v -0.9997091889381409 1.7491093873977661 9.231579780578613 
v -1.4757297039031982 1.7889344692230225 9.208592414855957 
v -2.521195411682129 1.3110333681106567 9.203994750976562 
v -3.23745059967041 0.9570326209068298 9.199397087097168 
v -3.468787670135498 0.3729313015937805 9.199397087097168 
v -3.4776852130889893 0.35965627431869507 9.21778678894043 
v -3.7223687171936035 0.6561319231987 9.213189125061035 
v -3.704573631286621 0.660556972026825 9.194799423217773 
v -3.77575421333313 1.0322577953338623 9.208592414855957 
v -3.7579591274261475 1.0322577953338623 9.190201759338379 
v -3.7535102367401123 1.26235830783844 9.208592414855957 
v -3.73571515083313 1.2535083293914795 9.190201759338379 
v -3.588905096054077 1.6163591146469116 9.190201759338379 
v -3.6067001819610596 1.625209093093872 9.208592414855957 
v -3.459890127182007 1.802209496498108 9.208592414855957 
v -3.4465436935424805 1.7889344692230225 9.190201759338379 
v -3.161821126937866 2.0367350578308105 9.213189125061035 
v -3.152923583984375 2.0190351009368896 9.194799423217773 
v -2.7836740016937256 2.0809850692749023 9.21778678894043 
v -2.7836740016937256 2.0588600635528564 9.199397087097168 
v -2.129701852798462 1.9438098669052124 9.222384452819824 
v -2.129701852798462 1.926109790802002 9.203994750976562 
v -1.4712809324264526 1.806634545326233 9.226982116699219 
v -3.0239086151123047 1.4836088418960571 9.199397087097168 
v -3.5310707092285156 1.1163330078125 9.194799423217773 
v -3.344221591949463 1.5721089839935303 9.194799423217773 
vn 0.20988060534000397 -0.9777246117591858 0.002184694167226553 
vn 0 0 1 
vn 0 0 1 
vn 0 0 1 
vn 0 0 1 
vn 0 0 1 
vn 0.8634950518608093 -0.5043525099754333 0.002184694167226553 
vn 0.9944137930870056 -0.10552956163883209 0.002184694167226553 
vn 0 0 1 
vn 0.9524446725845337 0.3047037422657013 0.002184694167226553 
vn 0 0 1 
vn 0.74347984790802 0.6687547564506531 0.002184694167226553 
vn 0 0 1 
vn 0.4104118347167969 0.9118976593017578 0.002184694167226553 
vn 0 0 1 
vn 0.5865612626075745 -0.8099018931388855 0.002184694167226553 
vn -1.0341130485562108e-13 0.999997615814209 0.002184694167226553 
vn 0 0 1 
vn -0.4035136103630066 0.9149710536003113 0.002184694167226553 
vn 0 0 1 
vn -0.74347984790802 0.6687547564506531 0.002184694167226553 
vn 0 0 1 
vn -0.9501164555549622 0.3118877410888672 0.002184694167226553 
vn 0 0 1 
vn -0.9944137930870056 -0.10552956163883209 0.002184694167226553 
vn 0 0 1 
vn -0.8672792315483093 -0.49781718850135803 0.002184694167226553 
vn 0 0 1 
vn -0.5865612626075745 -0.8099018931388855 0.002184694167226553 
vn 0 0 1 
vn -0.20988060534000397 -0.9777246117591858 0.002184694167226553 
vn -0.5865612626075745 0.8099018931388855 0.002184694167226553 
vn -2.0682311115474694e-13 0 -1 
vn -2.0682311115474694e-13 0 -1 
vn -2.0682311115474694e-13 0 -1 
vn -2.0682311115474694e-13 0 -1 
vn -2.0682311115474694e-13 0 -1 
vn -0.9944137930870056 0.10552956163883209 0.002184694167226553 
vn -0.9524446725845337 -0.3047037422657013 0.002184694167226553 
vn -2.0682311115474694e-13 0 -1 
vn -0.74347984790802 -0.6687547564506531 0.002184694167226553 
vn -2.0682311115474694e-13 0 -1 
vn -0.4104118347167969 -0.9118976593017578 0.002184694167226553 
vn -2.0682311115474694e-13 0 -1 
vn 3.097898456858039e-13 -0.999997615814209 0.002184694167226553 
vn -2.0682311115474694e-13 0 -1 
vn -0.8634950518608093 0.5043525099754333 0.002184694167226553 
vn 0.4035136103630066 -0.9149710536003113 0.002184694167226553 
vn -2.0682311115474694e-13 0 -1 
vn 0.74347984790802 -0.6687547564506531 0.002184694167226553 
vn -2.0682311115474694e-13 0 -1 
vn 0.9501164555549622 -0.3118877410888672 0.002184694167226553 
vn -2.0682311115474694e-13 0 -1 
vn 0.9944137930870056 0.10552956163883209 0.002184694167226553 
vn -2.0682311115474694e-13 0 -1 
vn 0.8672792315483093 0.49781718850135803 0.002184694167226553 
vn -2.0682311115474694e-13 0 -1 
vn 0.5865612626075745 0.8099018931388855 0.002184694167226553 
vn -2.0682311115474694e-13 0 -1 
vn 0.20988060534000397 0.9777246117591858 0.002184694167226553 
vn -2.0682311115474694e-13 0 -1 
vn -0.20988060534000397 0.9777246117591858 0.002184694167226553 
vn 0.8634950518608093 -0.5043525099754333 0.002184694167226553 
vn 0 0 1 
vn 0 0 1 
vn 0 0 1 
vn 0 0 1 
vn -0.20988060534000397 0.9777246117591858 0.002184694167226553 
vn 0.5865612626075745 -0.8099018931388855 0.002184694167226553 
vn 0 0 1 
vn 0.20988060534000397 -0.9777246117591858 0.002184694167226553 
vn 0 0 1 
vn -0.20988060534000397 -0.9777246117591858 0.002184694167226553 
vn 0 0 1 
vn 0.20988060534000397 0.9777246117591858 0.002184694167226553 
vn 0.5865612626075745 0.8099018931388855 -0.002184694167226553 
vn 0 0 1 
vn 0 0 1 
vn -0.5865612626075745 -0.8099018931388855 0.002184694167226553 
vn 0 0 1 
vn -0.8672792315483093 -0.49781718850135803 0.002184694167226553 
vn 0 0 1 
vn 0.8672792315483093 0.49781718850135803 -0.002184694167226553 
vn -0.9501164555549622 0.3118877410888672 0.002184694167226553 
vn -0.9944137930870056 -0.10552956163883209 0.002184694167226553 
vn 0 0 1 
vn 0 0 1 
vn 0 0 1 
vn 0 0 1 
vn 0.9501164555549622 -0.3118877410888672 -0.002184694167226553 
vn 0.9944137930870056 0.10552956163883209 -0.002184694167226553 
vn 0.9944137930870056 0.10552956163883209 -0.002184694167226553 
vn 0.9501164555549622 -0.3118877410888672 -0.002184694167226553 
vn 0.9501164555549622 -0.3118877410888672 0.002184694167226553 
vn 0.9944137930870056 0.10552956163883209 0.002184694167226553 
vn 0.8672792315483093 0.49781718850135803 -0.002184694167226553 
vn 0.8672792315483093 0.49781718850135803 0.002184694167226553 
vn 0.5865612626075745 0.8099018931388855 -0.002184694167226553 
vn 0.5865612626075745 0.8099018931388855 0.002184694167226553 
vn 0.20988060534000397 0.9777246117591858 0.002184694167226553 
vn -0.20988060534000397 0.9777246117591858 0.002184694167226553 
vn -0.5865612626075745 0.8099018931388855 0.002184694167226553 
vn -0.20988060534000397 0.9777246117591858 0.002184694167226553 
vn -0.5865612626075745 0.8099018931388855 0.002184694167226553 
vn -0.8634950518608093 0.5043525099754333 0.002184694167226553 
vn -0.8634950518608093 0.5043525099754333 0.002184694167226553 
vn -0.9944137930870056 0.10552956163883209 0.002184694167226553 
vn -0.9944137930870056 0.10552956163883209 0.002184694167226553 
vn -0.9524446725845337 -0.3047037422657013 0.002184694167226553 
vn -0.9524446725845337 -0.3047037422657013 0.002184694167226553 
vn -0.74347984790802 -0.6687547564506531 -0.002184694167226553 
vn -0.74347984790802 -0.6687547564506531 0.002184694167226553 
vn -0.4104118347167969 -0.9118976593017578 -0.002184694167226553 
vn -0.4104118347167969 -0.9118976593017578 0.002184694167226553 
vn 3.097898456858039e-13 -0.999997615814209 -0.002184694167226553 
vn 3.097898456858039e-13 -0.999997615814209 0.002184694167226553 
vn 0.4035136103630066 -0.9149710536003113 0.002184694167226553 
vn 0.4035136103630066 -0.9149710536003113 0.002184694167226553 
vn 0.74347984790802 -0.6687547564506531 0.002184694167226553 
vn 0.74347984790802 -0.6687547564506531 0.002184694167226553 
vn 0.9501164555549622 -0.3118877410888672 -0.002184694167226553 
vn 0.9501164555549622 -0.3118877410888672 0.002184694167226553 
vn 0.20988060534000397 0.9777246117591858 0.002184694167226553 
vn 0.74347984790802 -0.6687547564506531 0.002184694167226553 
vn 0.9501164555549622 -0.3118877410888672 -0.002184694167226553 
vn 0 0 1 
vn 0 0 1 
vn 0 0 1 
vn 0.4035136103630066 -0.9149710536003113 0.002184694167226553 
vn 3.097898456858039e-13 -0.999997615814209 -0.002184694167226553 
vn 0 0 1 
vn 0 0 1 
vn -0.9501164555549622 0.3118877410888672 0.002184694167226553 
vn -0.74347984790802 0.6687547564506531 0.002184694167226553 
vn 0 0 1 
vn -0.4035136103630066 0.9149710536003113 0.002184694167226553 
vn 0 0 1 
vn -1.0341130485562108e-13 0.999997615814209 0.002184694167226553 
vn 0 0 1 
vn 0.4104118347167969 0.9118976593017578 0.002184694167226553 
vn 0 0 1 
vn -0.4104118347167969 -0.9118976593017578 -0.002184694167226553 
vn -0.74347984790802 -0.6687547564506531 -0.002184694167226553 
vn 0 0 1 
vn 0 0 1 
vn -0.9524446725845337 -0.3047037422657013 0.002184694167226553 
vn -0.9944137930870056 0.10552956163883209 0.002184694167226553 
vn 0 0 1 
vn 0 0 1 
vn 0.74347984790802 0.6687547564506531 0.002184694167226553 
vn 0 0 1 
vn 0.9524446725845337 0.3047037422657013 0.002184694167226553 
vn 0 0 1 
vn 0.9944137930870056 -0.10552956163883209 0.002184694167226553 
vn 0 0 1 
vn -0.8634950518608093 0.5043525099754333 0.002184694167226553 
vn -0.5865612626075745 0.8099018931388855 0.002184694167226553 
vn 0 0 1 
vn -0.20988060534000397 0.9777246117591858 0.002184694167226553 
vn -0.5865612626075745 0.8099018931388855 0.002184694167226553 
vn -0.20988060534000397 0.9777246117591858 0.002184694167226553 
vn -0.5865612626075745 0.8099018931388855 0.002184694167226553 
vn -0.8634950518608093 0.5043525099754333 0.002184694167226553 
vn -0.8634950518608093 0.5043525099754333 0.002184694167226553 
vn -0.9944137930870056 0.10552956163883209 0.002184694167226553 
vn -0.9944137930870056 0.10552956163883209 0.002184694167226553 
vn -0.9524446725845337 -0.3047037422657013 0.002184694167226553 
vn -0.9524446725845337 -0.3047037422657013 0.002184694167226553 
vn -0.74347984790802 -0.6687547564506531 0.002184694167226553 
vn -0.74347984790802 -0.6687547564506531 0.002184694167226553 
vn -0.4104118347167969 -0.9118976593017578 0.002184694167226553 
vn -0.4104118347167969 -0.9118976593017578 0.002184694167226553 
vn 3.097898456858039e-13 -0.999997615814209 0.002184694167226553 
vn 3.097898456858039e-13 -0.999997615814209 0.002184694167226553 
vn 0.4035136103630066 -0.9149710536003113 0.002184694167226553 
vn 0.4035136103630066 -0.9149710536003113 0.002184694167226553 
vn 0.74347984790802 -0.6687547564506531 0.002184694167226553 
vn 0.74347984790802 -0.6687547564506531 0.002184694167226553 
vn 0.9501164555549622 -0.3118877410888672 0.002184694167226553 
vn 0.9501164555549622 -0.3118877410888672 0.002184694167226553 
vn 0.74347984790802 -0.6687547564506531 0.002184694167226553 
vn 0.9501164555549622 -0.3118877410888672 0.002184694167226553 
vn 0.4035136103630066 -0.9149710536003113 0.002184694167226553 
vn 3.097898456858039e-13 -0.999997615814209 0.002184694167226553 
vn -0.4104118347167969 -0.9118976593017578 0.002184694167226553 
vn -0.74347984790802 -0.6687547564506531 0.002184694167226553 
vn -0.9524446725845337 -0.3047037422657013 0.002184694167226553 
vn -0.9944137930870056 0.10552956163883209 0.002184694167226553 
vn -0.8634950518608093 0.5043525099754333 0.002184694167226553 
vn -0.5865612626075745 0.8099018931388855 0.002184694167226553 
vn -0.20988060534000397 0.9777246117591858 0.002184694167226553 
vn 0.20988060534000397 0.9777246117591858 0.002184694167226553 
vn 0.20988060534000397 0.9777246117591858 0.002184694167226553 
vn 0.20988060534000397 0.9777246117591858 0.002184694167226553 
vn 0.5865612626075745 0.8099018931388855 0.002184694167226553 
vn 0.5865612626075745 0.8099018931388855 0.002184694167226553 
vn 0.8672792315483093 0.49781718850135803 0.002184694167226553 
vn 0.8672792315483093 0.49781718850135803 0.002184694167226553 
vn 0.9944137930870056 0.10552956163883209 0.002184694167226553 
vn 0.9944137930870056 0.10552956163883209 0.002184694167226553 
vn 0.9501164555549622 -0.3118877410888672 0.002184694167226553 
vn 0.9501164555549622 -0.3118877410888672 0.002184694167226553 
vn 0.9501164555549622 -0.3118877410888672 0.002184694167226553 
vn 0.9944137930870056 0.10552956163883209 0.002184694167226553 
vn 0.8672792315483093 0.49781718850135803 0.002184694167226553 
vn 0.5865612626075745 0.8099018931388855 0.002184694167226553 
vn 0.5865612626075745 0.8099018931388855 0.002184694167226553 
vn 0.8672792315483093 0.49781718850135803 0.002184694167226553 
vn 0.9944137930870056 0.10552956163883209 0.002184694167226553 
vn 0.9501164555549622 -0.3118877410888672 0.002184694167226553 
vn 0.9501164555549622 -0.3118877410888672 0.002184694167226553 
vn 0.9944137930870056 0.10552956163883209 0.002184694167226553 
vn 0.8672792315483093 0.49781718850135803 0.002184694167226553 
vn 0.9501164555549622 -0.3118877410888672 0.002184694167226553 
vn 0.9944137930870056 0.10552956163883209 0.002184694167226553 
vn 0 0 1 
vn 0 0 1 
vn 0.8672792315483093 0.49781718850135803 0.002184694167226553 
vn 0 0 1 
vn 0.5865612626075745 0.8099018931388855 0.002184694167226553 
vn 0.20988060534000397 0.9777246117591858 0.002184694167226553 
vn -0.20988060534000397 0.9777246117591858 0.002184694167226553 
vn -0.5865612626075745 0.8099018931388855 0.002184694167226553 
vn -0.8634950518608093 0.5043525099754333 0.002184694167226553 
vn -0.9944137930870056 0.10552956163883209 0.002184694167226553 
vn -0.9524446725845337 -0.3047037422657013 0.002184694167226553 
vn -0.74347984790802 -0.6687547564506531 0.002184694167226553 
vn -0.4104118347167969 -0.9118976593017578 0.002184694167226553 
vn 3.097898456858039e-13 -0.999997615814209 0.002184694167226553 
vn 0.4035136103630066 -0.9149710536003113 0.002184694167226553 
vn 0.74347984790802 -0.6687547564506531 0.002184694167226553 
vn 0.9501164555549622 -0.3118877410888672 0.002184694167226553 
vn 0.74347984790802 -0.6687547564506531 0.002184694167226553 
vn 0.9501164555549622 -0.3118877410888672 0.002184694167226553 
vn 0.4035136103630066 -0.9149710536003113 0.002184694167226553 
vn 3.097898456858039e-13 -0.999997615814209 0.002184694167226553 
vn -0.4104118347167969 -0.9118976593017578 0.002184694167226553 
vn -0.74347984790802 -0.6687547564506531 0.002184694167226553 
vn -0.9524446725845337 -0.3047037422657013 0.002184694167226553 
vn -0.9944137930870056 0.10552956163883209 0.002184694167226553 
vn -0.8634950518608093 0.5043525099754333 0.002184694167226553 
vn -0.5865612626075745 0.8099018931388855 0.002184694167226553 
vn -0.20988060534000397 0.9777246117591858 0.002184694167226553 
vn 0.20988060534000397 0.9777246117591858 0.002184694167226553 
vn 0.5865612626075745 0.8099018931388855 0.002184694167226553 
vn 0 0 1 
vn 0.20988060534000397 0.9777246117591858 0.002184694167226553 
vn -0.20988060534000397 0.9777246117591858 0.002184694167226553 
vn -0.5865612626075745 0.8099018931388855 0.002184694167226553 
vn -0.8634950518608093 0.5043525099754333 0.002184694167226553 
vn -0.9944137930870056 0.10552956163883209 0.002184694167226553 
vn -0.9524446725845337 -0.3047037422657013 0.002184694167226553 
vn -0.74347984790802 -0.6687547564506531 0.002184694167226553 
vn -0.4104118347167969 -0.9118976593017578 0.002184694167226553 
vn 3.097898456858039e-13 -0.999997615814209 0.002184694167226553 
vn 0.4035136103630066 -0.9149710536003113 0.002184694167226553 
vn 0.74347984790802 -0.6687547564506531 0.002184694167226553 
vn 0.9501164555549622 -0.3118877410888672 0.002184694167226553 
vn 0 0 1 
vn 0 0 1 
vn 0 0 1 
vn 0 0 1 
vn 0 0 1 
vn 0 0 1 
vn 0 0 1 
vn 0 0 1 
vn 0 0 1 
vn 0 0 1 
vn 0 0 1 
vn 0 0 1 
vn -0.5865612626075745 0.8099018931388855 0.002184694167226553 
vn -0.20988060534000397 0.9777246117591858 0.002184694167226553 
vn -0.5865612626075745 0.8099018931388855 0.002184694167226553 
vn -0.20988060534000397 0.9777246117591858 0.002184694167226553 
vn -0.8634950518608093 0.5043525099754333 0.002184694167226553 
vn -0.8634950518608093 0.5043525099754333 0.002184694167226553 
vn -0.9944137930870056 0.10552956163883209 0.002184694167226553 
vn -0.9944137930870056 0.10552956163883209 0.002184694167226553 
vn -0.9524446725845337 -0.3047037422657013 0.002184694167226553 
vn -0.9524446725845337 -0.3047037422657013 0.002184694167226553 
vn -0.74347984790802 -0.6687547564506531 0.002184694167226553 
vn -0.74347984790802 -0.6687547564506531 0.002184694167226553 
vn -0.4104118347167969 -0.9118976593017578 0.002184694167226553 
vn -0.4104118347167969 -0.9118976593017578 0.002184694167226553 
vn 3.097898456858039e-13 -0.999997615814209 0.002184694167226553 
vn 3.097898456858039e-13 -0.999997615814209 0.002184694167226553 
vn 0.4035136103630066 -0.9149710536003113 0.002184694167226553 
vn 0.4035136103630066 -0.9149710536003113 0.002184694167226553 
vn 0.74347984790802 -0.6687547564506531 0.002184694167226553 
vn 0.74347984790802 -0.6687547564506531 0.002184694167226553 
vn 0.9501164555549622 -0.3118877410888672 0.002184694167226553 
vn 0.9501164555549622 -0.3118877410888672 0.002184694167226553 
vn 0 0 1 
vn 0 0 1 
vn 0 0 1 
vn 0 0 1 
vn 0 0 1 
vn 0 0 1 
vn 0 0 1 
vn 0 0 1 
vn 0 0 1 
vn 0 0 1 
vn 0 0 1 
vn 0.20988060534000397 0.9777246117591858 0.002184694167226553 
vn 0 0 1 
vn 0.5865612626075745 0.8099018931388855 0.002184694167226553 
vn 0 0 1 
vn 0.8672792315483093 0.49781718850135803 0.002184694167226553 
vn 0 0 1 
vn 0.20988060534000397 0.9777246117591858 0.002184694167226553 
vn 0.5865612626075745 0.8099018931388855 0.002184694167226553 
vn 0.8672792315483093 0.49781718850135803 0.002184694167226553 
vn 0.9944137930870056 0.10552956163883209 0.002184694167226553 
vn 0.9944137930870056 0.10552956163883209 0.002184694167226553 
vn 0.9501164555549622 -0.3118877410888672 0.002184694167226553 
vn 0.9501164555549622 -0.3118877410888672 0.002184694167226553 
vn 0 0 1 
vn 0 0 1 
vn 0.24877648055553436 -0.6043045520782471 -0.7569189071655273 
vn 0.22874176502227783 -0.6015060544013977 0.7654199600219727 
vn -0.1127692461013794 -0.683033287525177 -0.7216291427612305 
vn -0.12378928810358047 -0.6779106259346008 0.7246471047401428 
vn -0.3348296880722046 -0.6201710104942322 0.7094202041625977 
vn -0.1032688319683075 -0.6749063730239868 0.7306414246559143 
vn 0.26184195280075073 -0.5915055274963379 0.762600839138031 
vn -0.008211665786802769 0.0029888020362704992 0.999961793422699 
vn 0.9266878366470337 -0.3756731152534485 0.010923261754214764 
vn 0.9266878366470337 -0.3756731152534485 0.010923261754214764 
vn 0.9266878366470337 -0.3756731152534485 0.010923261754214764 
vn 0.5839437246322632 0.2704477608203888 0.7654199600219727 
vn 0.5976235270500183 0.2644236385822296 -0.7569189071655273 
vn 0.38089239597320557 0.5742887258529663 0.7246471047401428 
vn 0.3970753848552704 0.567082405090332 -0.7216291427612305 
vn 0.20481447875499725 0.6743693351745605 -0.7094202041625977 
vn 0.19180649518966675 0.6781837940216064 0.7094202041625977 
vn -0.12377844750881195 0.6875057816505432 0.715552031993866 
vn -0.1127692461013794 0.683033287525177 -0.7216291427612305 
vn -0.4236651659011841 0.5632324814796448 0.7094202041625977 
vn -0.40935173630714417 0.5582852959632874 -0.7216291427612305 
vn -0.6079869866371155 0.35029375553131104 -0.7124928832054138 
vn -0.6186769604682922 0.3564677834510803 0.7001210451126099 
vn -0.6811503171920776 0.16848759353160858 -0.7124928832054138 
vn -0.6921508312225342 0.1753787398338318 0.7001210451126099 
vn -0.683033287525177 -0.1127692461013794 -0.7216291427612305 
vn -0.6963139772415161 -0.10894865542650223 0.7094202041625977 
vn -0.5704182982444763 -0.403247207403183 0.715552031993866 
vn -0.5582852959632874 -0.40935173630714417 -0.7216291427612305 
vn -0.31693241000175476 -0.6295052170753479 -0.7094202041625977 
vn 0.9266878366470337 -0.3756731152534485 0.010923261754214764 
vn -0.3348296880722046 -0.6201710104942322 0.7094202041625977 
vn -0.5704182982444763 -0.403247207403183 0.715552031993866 
vn -0.6938222646713257 -0.12382908910512924 0.7094202041625977 
vn -0.6921508312225342 0.1753787398338318 0.7001210451126099 
vn -0.6186769604682922 0.3564677834510803 0.7001210451126099 
vn -0.41151145100593567 0.5721724629402161 0.7094202041625977 
vn -0.12377844750881195 0.6875057816505432 0.715552031993866 
vn 0.19180649518966675 0.6781837940216064 0.7094202041625977 
vn 0.39734208583831787 0.5552318096160889 0.7306414246559143 
vn 0.5995940566062927 0.24274873733520508 0.762600839138031 
vn -0.008211665786802769 0.0029888020362704992 0.999961793422699 
vn -0.008211665786802769 0.0029888020362704992 0.999961793422699 
vn 0.1181446835398674 0.713423490524292 0.6907016038894653 
vn 0.14233602583408356 0.7059080004692078 0.6938546895980835 
vn 0.31136631965637207 0.6322768330574036 0.7094202041625977 
vn 0.5503305792808533 0.41475632786750793 0.7246471047401428 
vn 0.6817988753318787 0.12000690400600433 0.7216291427612305 
vn 0.6823391318321228 -0.14966164529323578 0.715552031993866 
vn 0.5953241586685181 -0.3654784560203552 0.715552031993866 
vn 0.40416252613067627 -0.562053382396698 0.7216291427612305 
vn 0.10146468132734299 -0.6816095113754272 0.7246471047401428 
vn 0.3980182707309723 -0.5664210319519043 0.7216291427612305 
vn 0.591343879699707 -0.3718840777873993 0.715552031993866 
vn 0.6823391318321228 -0.14966164529323578 0.715552031993866 
vn 0.6804516911506653 0.12742401659488678 0.7216291427612305 
vn 0.5457576513290405 0.42075544595718384 0.7246471047401428 
vn 0.31136631965637207 0.6322768330574036 0.7094202041625977 
vn 0.14972032606601715 0.7043787837028503 0.6938546895980835 
vn 0.1181446835398674 0.713423490524292 0.6907016038894653 
vn 0.16482427716255188 0.6978764533996582 -0.6969945430755615 
vn 0.32366371154785156 0.6260709166526794 -0.7094202041625977 
vn 0.561721682548523 0.4099835157394409 -0.7185974717140198 
vn 0.6944399476051331 0.1203169971704483 -0.7094202041625977 
vn 0.6949471235275269 -0.15003377199172974 -0.7032341957092285 
vn 0.6050533056259155 -0.37332576513290405 -0.7032341957092285 
vn 0.41365107893943787 -0.5706275105476379 -0.7094202041625977 
vn 0.10146468132734299 -0.6816095113754272 0.7246471047401428 
vn -0.21707318723201752 -0.6705238223075867 0.7094202041625977 
vn -0.21707318723201752 -0.6705238223075867 0.7094202041625977 
vn 0.11662131547927856 -0.6855779886245728 -0.7185974717140198 
vn -0.20481447875499725 -0.6743693351745605 -0.7094202041625977 
vn -0.37946879863739014 -0.6120204925537109 0.6938546895980835 
vn -0.3672315776348114 -0.6159054636955261 -0.6969945430755615 
vn -0.4006630778312683 -0.5983600616455078 -0.6938546895980835 
vn -0.412458211183548 -0.593977689743042 0.6907016038894653 
vn -0.3764517307281494 -0.6067245006561279 -0.7001210451126099 
vn -0.3885447084903717 -0.6026870012283325 0.6969945430755615 
vn -0.44889140129089355 -0.5473471283912659 0.7063339352607727 
vn -0.4377366304397583 -0.5523672699928284 -0.7094202041625977 
vn -0.6405959129333496 -0.278607577085495 0.715552031993866 
vn -0.6286171078681946 -0.2823598384857178 -0.7246471047401428 
vn -0.7099574208259583 -0.03771103173494339 0.7032341957092285 
vn -0.6973241567611694 -0.04152538999915123 -0.715552031993866 
vn -0.963213324546814 0.26851585507392883 -0.010923261754214764 
vn -0.6766221523284912 0.19724465906620026 0.7094202041625977 
vn -0.8782837986946106 0.47801488637924194 -0.010923261754214764 
vn -0.6228389739990234 0.3298402726650238 0.7094202041625977 
vn -0.48646435141563416 0.5184728503227234 0.7032341957092285 
vn -0.47282883524894714 0.5142161250114441 -0.715552031993866 
vn -0.25627949833869934 0.6396932005882263 -0.7246471047401428 
vn -0.26819783449172974 0.6450234651565552 0.715552031993866 
vn 0.07166576385498047 0.7011326551437378 -0.7094202041625977 
vn 0.056478891521692276 0.7056220769882202 0.7063339352607727 
vn 0.1385088562965393 0.7035722732543945 0.6969945430755615 
vn 0.15362125635147095 0.6973026394844055 -0.7001210451126099 
vn 0.1258731186389923 0.7090286612510681 -0.6938546895980835 
vn 0.1385088562965393 0.7035722732543945 0.6969945430755615 
vn 0.056478891521692276 0.7056220769882202 0.7063339352607727 
vn -0.008211665786802769 0.0029888020362704992 0.999961793422699 
vn -0.008211665786802769 0.0029888020362704992 0.999961793422699 
vn -0.008211665786802769 0.0029888020362704992 0.999961793422699 
vn -0.412458211183548 -0.593977689743042 0.6907016038894653 
vn -0.008211665786802769 0.0029888020362704992 0.999961793422699 
vn -0.26819783449172974 0.6450234651565552 0.715552031993866 
vn -0.4809342324733734 0.5236065983772278 0.7032341957092285 
vn -0.008211665786802769 0.0029888020362704992 0.999961793422699 
vn -0.008211665786802769 0.0029888020362704992 0.999961793422699 
vn -0.008211665786802769 0.0029888020362704992 0.999961793422699 
vn -0.008211665786802769 0.0029888020362704992 0.999961793422699 
vn -0.008211665786802769 0.0029888020362704992 0.999961793422699 
vn -0.7099574208259583 -0.03771103173494339 0.7032341957092285 
vn -0.6405959129333496 -0.278607577085495 0.715552031993866 
vn -0.44889140129089355 -0.5473471283912659 0.7063339352607727 
vn -0.3885447084903717 -0.6026870012283325 0.6969945430755615 
vn -0.3858569264411926 -0.6080132126808167 0.6938546895980835 
vn -0.32366371154785156 -0.6260709166526794 -0.7094202041625977 
vn -0.1127692461013794 -0.683033287525177 -0.7216291427612305 
vn -0.08672210574150085 -0.6804432272911072 -0.7276512384414673 
vn 0.24877648055553436 -0.6043045520782471 -0.7569189071655273 
vn -0.31693241000175476 -0.6295052170753479 -0.7094202041625977 
vn -0.5582852959632874 -0.40935173630714417 -0.7216291427612305 
vn -0.5582852959632874 -0.40935173630714417 -0.7216291427612305 
vn -0.6804106831550598 -0.1276427060365677 -0.7216291427612305 
vn -0.683033287525177 -0.1127692461013794 -0.7216291427612305 
vn -0.6811503171920776 0.16848759353160858 -0.7124928832054138 
vn -0.6811503171920776 0.16848759353160858 -0.7124928832054138 
vn -0.6079869866371155 0.35029375553131104 -0.7124928832054138 
vn -0.6079869866371155 0.35029375553131104 -0.7124928832054138 
vn -0.40323755145072937 0.5627173781394958 -0.7216291427612305 
vn -0.40935173630714417 0.5582852959632874 -0.7216291427612305 
vn -0.1127692461013794 0.683033287525177 -0.7216291427612305 
vn -0.1127692461013794 0.683033287525177 -0.7216291427612305 
vn 0.20481447875499725 0.6743693351745605 -0.7094202041625977 
vn 0.20481447875499725 0.6743693351745605 -0.7094202041625977 
vn 0.41231000423431396 0.5482008457183838 -0.7276512384414673 
vn 0.3970753848552704 0.567082405090332 -0.7216291427612305 
vn 0.612777590751648 0.23643769323825836 -0.7540562748908997 
vn 0.5976235270500183 0.2644236385822296 -0.7569189071655273 
vn 0.008738672360777855 0 -0.999961793422699 
vn 0.9266878366470337 -0.3756731152534485 0.010923261754214764 
vn 0.9266878366470337 -0.3756731152534485 0.010923261754214764 
vn 0.008738672360777855 0 -0.999961793422699 
vn 0.008738672360777855 0 -0.999961793422699 
vn -0.4006630778312683 -0.5983600616455078 -0.6938546895980835 
vn -0.37370410561561584 -0.6119998693466187 -0.6969945430755615 
vn -0.20481447875499725 -0.6743693351745605 -0.7094202041625977 
vn 0.11662131547927856 -0.6855779886245728 -0.7185974717140198 
vn 0.419745534658432 -0.5661595463752747 -0.7094202041625977 
vn 0.6050533056259155 -0.37332576513290405 -0.7032341957092285 
vn 0.6933128237724304 -0.15741345286369324 -0.7032341957092285 
vn 0.6956900358200073 0.11286433041095734 -0.7094202041625977 
vn 0.561721682548523 0.4099835157394409 -0.7185974717140198 
vn 0.32366371154785156 0.6260709166526794 -0.7094202041625977 
vn 0.15745806694030762 0.6995753049850464 -0.6969945430755615 
vn 0.2747223973274231 -0.5965959429740906 -0.7540562748908997 
vn 0.008738672360777855 0 -0.999961793422699 
vn 0.008738672360777855 0 -0.999961793422699 
vn -0.3764517307281494 -0.6067245006561279 -0.7001210451126099 
vn -0.3764517307281494 -0.6067245006561279 -0.7001210451126099 
vn -0.4006630778312683 -0.5983600616455078 -0.6938546895980835 
vn -0.3672315776348114 -0.6159054636955261 -0.6969945430755615 
vn -0.20481447875499725 -0.6743693351745605 -0.7094202041625977 
vn 0.11662131547927856 -0.6855779886245728 -0.7185974717140198 
vn 0.41365107893943787 -0.5706275105476379 -0.7094202041625977 
vn 0.6050533056259155 -0.37332576513290405 -0.7032341957092285 
vn 0.6949471235275269 -0.15003377199172974 -0.7032341957092285 
vn 0.6944399476051331 0.1203169971704483 -0.7094202041625977 
vn 0.561721682548523 0.4099835157394409 -0.7185974717140198 
vn 0.32366371154785156 0.6260709166526794 -0.7094202041625977 
vn 0.16482427716255188 0.6978764533996582 -0.6969945430755615 
vn 0.1258731186389923 0.7090286612510681 -0.6938546895980835 
vn 0.008738672360777855 0 -0.999961793422699 
vn 0.008738672360777855 0 -0.999961793422699 
vn -0.4377366304397583 -0.5523672699928284 -0.7094202041625977 
vn -0.4377366304397583 -0.5523672699928284 -0.7094202041625977 
vn -0.6286171078681946 -0.2823598384857178 -0.7246471047401428 
vn -0.6286171078681946 -0.2823598384857178 -0.7246471047401428 
vn -0.6973241567611694 -0.04152538999915123 -0.715552031993866 
vn -0.6973241567611694 -0.04152538999915123 -0.715552031993866 
vn -0.963213324546814 0.26851585507392883 -0.010923261754214764 
vn 0.008738672360777855 0 -0.999961793422699 
vn 0.008738672360777855 0 -0.999961793422699 
vn -0.8782837986946106 0.47801488637924194 -0.010923261754214764 
vn -0.47282883524894714 0.5142161250114441 -0.715552031993866 
vn -0.47282883524894714 0.5142161250114441 -0.715552031993866 
vn -0.25627949833869934 0.6396932005882263 -0.7246471047401428 
vn -0.25627949833869934 0.6396932005882263 -0.7246471047401428 
vn 0.07166576385498047 0.7011326551437378 -0.7094202041625977 
vn 0.07166576385498047 0.7011326551437378 -0.7094202041625977 
vn 0.15362125635147095 0.6973026394844055 -0.7001210451126099 
vn 0.15362125635147095 0.6973026394844055 -0.7001210451126099 
vn 0.1258731186389923 0.7090286612510681 -0.6938546895980835 
vn 0.008738672360777855 0 -0.999961793422699 
vn 0.008738672360777855 0 -0.999961793422699 
vn 0.008738672360777855 0 -0.999961793422699 
vt 0.3096051514148712 0.6936886310577393 
vt 0.2614767551422119 0.7349462509155273 
vt 0.30816128849983215 0.6925859451293945 
vt 0.18603546917438507 0.6040980219841003 
vt 0.20155689120292664 0.7546102404594421 
vt 0.13886964321136475 0.7481780648231506 
vt 0.20167720317840576 0.756447970867157 
vt 0.13826803863048553 0.7500157952308655 
vt 0.08412358909845352 0.7168443202972412 
vt 0.0829203799366951 0.7182226181030273 
vt 0.04694439843297005 0.6660303473472595 
vt 0.045259904116392136 0.6667654514312744 
vt 0.03358876705169678 0.6043736338615417 
vt 0.03178395330905914 0.6043736338615417 
vt 0.04658343642950058 0.542716920375824 
vt 0.26231899857521057 0.736508309841156 
vt 0.044778622686862946 0.5418899655342102 
vt 0.08340166509151459 0.4915354549884796 
vt 0.08219844847917557 0.4901571273803711 
vt 0.13790707290172577 0.459926038980484 
vt 0.13730546832084656 0.4580882787704468 
vt 0.20059432089328766 0.45312634110450745 
vt 0.20071463286876678 0.45119670033454895 
vt 0.26063448190689087 0.47233089804649353 
vt 0.2614767551422119 0.4707688093185425 
vt 0.30755969882011414 0.5144155025482178 
vt 0.3090035319328308 0.5133128762245178 
vt 0.3334287106990814 0.5719372630119324 
vt 0.33523350954055786 0.5714778304100037 
vt 0.33354902267456055 0.6349722743034363 
vt 0.335353821516037 0.6353398561477661 
vt 0.4959823787212372 0.756447970867157 
vt 0.4964636564254761 0.7532318830490112 
vt 0.5571054220199585 0.7467997670173645 
vt 0.5116240978240967 0.6073140501976013 
vt 0.6100466847419739 0.7162929773330688 
vt 0.6459023356437683 0.6669492721557617 
vt 0.6119717955589294 0.7187739610671997 
vt 0.6485493779182434 0.6683275699615479 
vt 0.6586563587188721 0.6072221994400024 
vt 0.6615440845489502 0.6073140501976013 
vt 0.6459023356437683 0.5474951267242432 
vt 0.6485493779182434 0.5463005900382996 
vt 0.6100466847419739 0.49805948138237 
vt 0.6119717955589294 0.4959460496902466 
vt 0.55722576379776 0.46755272150039673 
vt 0.5579476952552795 0.7499239444732666 
vt 0.5579476952552795 0.4647042155265808 
vt 0.4964636564254761 0.4612124562263489 
vt 0.4959823787212372 0.45818015933036804 
vt 0.4383486211299896 0.4800494611263275 
vt 0.4366641044616699 0.4774765968322754 
vt 0.39298760890960693 0.5208476781845093 
vt 0.39034053683280945 0.5191936492919922 
vt 0.36820146441459656 0.5766235589981079 
vt 0.36495280265808105 0.5761641263961792 
vt 0.36820146441459656 0.6377289295196533 
vt 0.36495280265808105 0.6384640336036682 
vt 0.39298760890960693 0.693504810333252 
vt 0.39034053683280945 0.6954344511032104 
vt 0.4383486211299896 0.7343029975891113 
vt 0.4366641044616699 0.7371515035629272 
vt 0.5176401734352112 0.4165549874305725 
vt 0.5823728442192078 0.42408978939056396 
vt 0.5176401734352112 0.4232628047466278 
vt 0.5829744338989258 0.4285922944545746 
vt 0.6474664807319641 0.4290517270565033 
vt 0.6474664807319641 0.4308894872665405 
vt 0.5823728442192078 0.4172900915145874 
vt 0.6471055746078491 0.4242735803127289 
vt 0.6471055746078491 0.4175657629966736 
vt 0.7119585871696472 0.4232628047466278 
vt 0.7115976214408875 0.41646310687065125 
vt 0.712078869342804 0.4280409812927246 
vt 0.7121992111206055 0.4299706220626831 
vt 0.776931881904602 0.4245492219924927 
vt 0.7766912579536438 0.4226195812225342 
vt 0.7762099504470825 0.41793331503868103 
vt 0.7752473950386047 0.41122549772262573 
vt 0.8387768864631653 0.40258803963661194 
vt 0.83649080991745 0.3961558938026428 
vt 0.8397394418716431 0.40709054470062256 
vt 0.8404613733291626 0.4089283049106598 
vt 0.9440577626228333 0.3307317793369293 
vt 0.8929213285446167 0.36849766969680786 
vt 0.9481486678123474 0.33615317940711975 
vt 0.8965309858322144 0.3741947114467621 
vt 0.9506754279136658 0.3393692374229431 
vt 0.8979748487472534 0.378237783908844 
vt 0.9521192908287048 0.34074756503105164 
vt 0.8990577459335327 0.3798917531967163 
vt 0.9014641642570496 0.3837510645389557 
vt 0.9548866748809814 0.34433117508888245 
vt 0.9557288885116577 0.3461689352989197 
vt 0.9024267196655273 0.385405033826828 
vt 0.8419052362442017 0.41315513849258423 
vt 0.8426271677017212 0.4149010181427002 
vt 0.7776538133621216 0.4290517270565033 
vt 0.7778944969177246 0.4308894872665405 
vt 0.712319552898407 0.434565007686615 
vt 0.6474664807319641 0.4354838728904724 
vt 0.582854151725769 0.4350244402885437 
vt 0.6474664807319641 0.4374135136604309 
vt 0.582854151725769 0.4369540810585022 
vt 0.5182417631149292 0.4340136647224426 
vt 0.5182417631149292 0.4359433352947235 
vt 0.45350906252861023 0.43272724747657776 
vt 0.45350906252861023 0.43465688824653625 
vt 0.3888966739177704 0.4314408302307129 
vt 0.38877636194229126 0.4333704710006714 
vt 0.3240436613559723 0.4304300546646118 
vt 0.3240436613559723 0.4324515759944916 
vt 0.2591906487941742 0.42960307002067566 
vt 0.2591906487941742 0.4316245913505554 
vt 0.19397665560245514 0.4271220862865448 
vt 0.1937360167503357 0.4290517270565033 
vt 0.12852203845977783 0.4175657629966736 
vt 0.12804074585437775 0.4194954037666321 
vt 0.06595511734485626 0.3945019245147705 
vt 0.06511286646127701 0.3962478041648865 
vt 0.009885530918836594 0.35820624232292175 
vt 0.00916360504925251 0.360044002532959 
vt 0.7124398350715637 0.4364946484565735 
vt 0.06800057739019394 0.3904588520526886 
vt 0.012532592751085758 0.354438841342926 
vt 0.0139764454215765 0.35296863317489624 
vt 0.06896314024925232 0.388713002204895 
vt 0.017345432192087173 0.35076332092285156 
vt 0.12960492074489594 0.41315513849258423 
vt 0.1943376213312149 0.4225277006626129 
vt 0.13008621335029602 0.41122549772262573 
vt 0.07124923914670944 0.3858644664287567 
vt 0.021195704117417336 0.345158189535141 
vt 0.0742572695016861 0.37979987263679504 
vt 0.13128942251205444 0.40810132026672363 
vt 0.13297390937805176 0.4014853835105896 
vt 0.19493922591209412 0.41738200187683105 
vt 0.1954205185174942 0.41067418456077576 
vt 0.2591906487941742 0.4199548363685608 
vt 0.2593109607696533 0.41315513849258423 
vt 0.19445794820785522 0.4205980598926544 
vt 0.2593109607696533 0.42510056495666504 
vt 0.3241639733314514 0.4259275496006012 
vt 0.2593109607696533 0.4230790436267853 
vt 0.3241639733314514 0.4239979088306427 
vt 0.3888966739177704 0.426846444606781 
vt 0.45362937450408936 0.4281328618526459 
vt 0.3890170156955719 0.4249167740345001 
vt 0.3236826956272125 0.4205980598926544 
vt 0.32380300760269165 0.4138902425765991 
vt 0.38829508423805237 0.4213331639766693 
vt 0.3884153962135315 0.414625346660614 
vt 0.4529074430465698 0.4223439395427704 
vt 0.45302778482437134 0.4155442416667938 
vt 0.45362937450408936 0.4262032210826874 
vt 0.5182417631149292 0.42941927909851074 
vt 0.582854151725769 0.4304300546646118 
vt 0.5183621048927307 0.42748963832855225 
vt 0.33727896213531494 0.3195214867591858 
vt 0.4023726284503937 0.3195214867591858 
vt 0.33727896213531494 0.3185107111930847 
vt 0.4023726284503937 0.3185107111930847 
vt 0.4674662947654724 0.3195214867591858 
vt 0.4674662947654724 0.3185107111930847 
vt 0.5325599312782288 0.3195214867591858 
vt 0.5325599312782288 0.3185107111930847 
vt 0.5976536273956299 0.3195214867591858 
vt 0.5976536273956299 0.3185107111930847 
vt 0.6627472639083862 0.3195214867591858 
vt 0.6627472639083862 0.3185107111930847 
vt 0.7278409600257874 0.3195214867591858 
vt 0.7278409600257874 0.3185107111930847 
vt 0.7929345965385437 0.3195214867591858 
vt 0.7929345965385437 0.3185107111930847 
vt 0.8580282330513 0.3195214867591858 
vt 0.8580282330513 0.3185107111930847 
vt 0.9231219291687012 0.3195214867591858 
vt 0.9231219291687012 0.3185107111930847 
vt 0.9882155656814575 0.3195214867591858 
vt 0.9882155656814575 0.318602591753006 
vt 0.9231219291687012 0.24003852903842926 
vt 0.9882155656814575 0.24003852903842926 
vt 0.8580282330513 0.24003852903842926 
vt 0.7929345965385437 0.24003852903842926 
vt 0.7278409600257874 0.24003852903842926 
vt 0.6627472639083862 0.24003852903842926 
vt 0.5976536273956299 0.24003852903842926 
vt 0.5325599312782288 0.239946648478508 
vt 0.4674662947654724 0.239946648478508 
vt 0.4023726284503937 0.239946648478508 
vt 0.33727896213531494 0.239946648478508 
vt 0.2721853256225586 0.239946648478508 
vt 0.2721853256225586 0.3185107111930847 
vt 0.2721853256225586 0.3194296061992645 
vt 0.20709164440631866 0.3185107111930847 
vt 0.20709164440631866 0.3194296061992645 
vt 0.1418776661157608 0.31841883063316345 
vt 0.1418776661157608 0.3194296061992645 
vt 0.07678400725126266 0.31841883063316345 
vt 0.07678400725126266 0.3194296061992645 
vt 0.011690345592796803 0.31841883063316345 
vt 0.011690345592796803 0.3194296061992645 
vt 0.011690345592796803 0.239946648478508 
vt 0.07678400725126266 0.239946648478508 
vt 0.14199799299240112 0.239946648478508 
vt 0.20709164440631866 0.239946648478508 
vt 0.20709164440631866 0.16138257086277008 
vt 0.14199799299240112 0.16138257086277008 
vt 0.07690432667732239 0.16138257086277008 
vt 0.011810666881501675 0.16138257086277008 
vt 0.011810666881501675 0.08291039615869522 
vt 0.07690432667732239 0.08291039615869522 
vt 0.14199799299240112 0.08291039615869522 
vt 0.011810666881501675 0.0043463269248604774 
vt 0.07690432667732239 0.0043463269248604774 
vt 0.011810666881501675 0.0037950000260025263 
vt 0.07690432667732239 0.0037950000260025263 
vt 0.14199799299240112 0.0043463269248604774 
vt 0.14199799299240112 0.0037950000260025263 
vt 0.20709164440631866 0.08291039615869522 
vt 0.2721853256225586 0.16147446632385254 
vt 0.33727896213531494 0.16147446632385254 
vt 0.4023726284503937 0.16147446632385254 
vt 0.4674662947654724 0.16147446632385254 
vt 0.5325599312782288 0.16147446632385254 
vt 0.5976536273956299 0.16147446632385254 
vt 0.6627472639083862 0.16147446632385254 
vt 0.7278409600257874 0.16147446632385254 
vt 0.7929345965385437 0.16147446632385254 
vt 0.8580282330513 0.16147446632385254 
vt 0.9231219291687012 0.16147446632385254 
vt 0.9882155656814575 0.1615663468837738 
vt 0.9231219291687012 0.08300228416919708 
vt 0.9882155656814575 0.08300228416919708 
vt 0.8580282330513 0.08300228416919708 
vt 0.7929345965385437 0.08300228416919708 
vt 0.7278409600257874 0.08300228416919708 
vt 0.6627472639083862 0.08300228416919708 
vt 0.5976536273956299 0.08300228416919708 
vt 0.5325599312782288 0.08291039615869522 
vt 0.4674662947654724 0.08291039615869522 
vt 0.4023726284503937 0.08291039615869522 
vt 0.33727896213531494 0.08291039615869522 
vt 0.2721853256225586 0.08291039615869522 
vt 0.20709164440631866 0.0043463269248604774 
vt 0.20709164440631866 0.0037950000260025263 
vt 0.2721853256225586 0.004438214469701052 
vt 0.33727896213531494 0.004438214469701052 
vt 0.4023726284503937 0.004438214469701052 
vt 0.4674662947654724 0.004438214469701052 
vt 0.5325599312782288 0.004438214469701052 
vt 0.5976536273956299 0.004438214469701052 
vt 0.6627472639083862 0.004438214469701052 
vt 0.7278409600257874 0.004438214469701052 
vt 0.7929345965385437 0.004438214469701052 
vt 0.8580282330513 0.004438214469701052 
vt 0.9231219291687012 0.004438214469701052 
vt 0.9882155656814575 0.004530102480202913 
vt 0.9231219291687012 0.003886887803673744 
vt 0.9882155656814575 0.003886887803673744 
vt 0.8580282330513 0.003886887803673744 
vt 0.7929345965385437 0.003886887803673744 
vt 0.7278409600257874 0.003886887803673744 
vt 0.6627472639083862 0.003886887803673744 
vt 0.5976536273956299 0.003886887803673744 
vt 0.5325599312782288 0.003886887803673744 
vt 0.4674662947654724 0.003886887803673744 
vt 0.4023726284503937 0.003886887803673744 
vt 0.33727896213531494 0.0037950000260025263 
vt 0.2721853256225586 0.0037950000260025263 
vt 0.40273359417915344 0.3319263458251953 
vt 0.3371586501598358 0.33165067434310913 
vt 0.40273359417915344 0.3372558355331421 
vt 0.3371586501598358 0.3370720446109772 
vt 0.4684288501739502 0.33734771609306335 
vt 0.4684288501739502 0.3320182263851166 
vt 0.5340037941932678 0.33734771609306335 
vt 0.5340037941932678 0.3320182263851166 
vt 0.599699079990387 0.3372558355331421 
vt 0.5995787382125854 0.3319263458251953 
vt 0.6652740240097046 0.3369801640510559 
vt 0.6652740240097046 0.33165067434310913 
vt 0.7309693098068237 0.33661261200904846 
vt 0.7308489680290222 0.3312831223011017 
vt 0.7965442538261414 0.33615317940711975 
vt 0.7965442538261414 0.330823689699173 
vt 0.8622394800186157 0.3355099558830261 
vt 0.862119197845459 0.33018046617507935 
vt 0.9278144240379333 0.33477485179901123 
vt 0.9278144240379333 0.3295372426509857 
vt 0.9941112995147705 0.3335803151130676 
vt 0.9939910173416138 0.3281589448451996 
vt 0.9937503337860107 0.3355099558830261 
vt 0.9278144240379333 0.336796373128891 
vt 0.8622394800186157 0.3375314772129059 
vt 0.7965442538261414 0.33808282017707825 
vt 0.7309693098068237 0.33854225277900696 
vt 0.6652740240097046 0.3389098048210144 
vt 0.5995787382125854 0.3391854763031006 
vt 0.5340037941932678 0.33927735686302185 
vt 0.46830853819847107 0.33927735686302185 
vt 0.40273359417915344 0.3391854763031006 
vt 0.3371586501598358 0.3389098048210144 
vt 0.2715837061405182 0.3367044925689697 
vt 0.2715837061405182 0.3386341333389282 
vt 0.20588843524456024 0.336245059967041 
vt 0.20588843524456024 0.3381747007369995 
vt 0.14031349122524261 0.33569374680519104 
vt 0.14031349122524261 0.33762338757514954 
vt 0.2715837061405182 0.33137500286102295 
vt 0.20600876212120056 0.33091557025909424 
vt 0.14043381810188293 0.3303642272949219 
vt 0.07473854720592499 0.32972103357315063 
vt 0.07473854720592499 0.3350505232810974 
vt 0.008682320825755596 0.3284345865249634 
vt 0.008561999537050724 0.33376407623291016 
vt 0.07473854720592499 0.3369801640510559 
vt 0.00892296340316534 0.3357856273651123 
vt 0.9378010630607605 0.5120264291763306 
vt 0.9410497546195984 0.5149668455123901 
vt 0.9433358311653137 0.49943777918815613 
vt 0.9477877020835876 0.5004485845565796 
vt 0.9486299753189087 0.4828979969024658 
vt 0.9489909410476685 0.5009080171585083 
vt 0.9421326518058777 0.5161613821983337 
vt 0.9210764765739441 0.5282905697822571 
vt 0.9210764765739441 0.526912271976471 
vt 0.8914775252342224 0.5267284512519836 
vt 0.89280104637146 0.5225016474723816 
vt 0.8718651533126831 0.5141398310661316 
vt 0.8752341866493225 0.5112913250923157 
vt 0.8658491373062134 0.49943777918815613 
vt 0.870060384273529 0.4985189139842987 
vt 0.8695790767669678 0.48308175802230835 
vt 0.8651272058486938 0.4822547733783722 
vt 0.8699400424957275 0.4678283929824829 
vt 0.8735496401786804 0.47012558579444885 
vt 0.8828144073486328 0.4546884298324585 
vt 0.8851004838943481 0.45836395025253296 
vt 0.8990577459335327 0.4542289972305298 
vt 0.8983358144760132 0.44981837272644043 
vt 0.9148197770118713 0.45432087779045105 
vt 0.9154213666915894 0.4499102830886841 
vt 0.9288973212242126 0.45863962173461914 
vt 0.9311834573745728 0.45478031039237976 
vt 0.9439374804496765 0.4682878255844116 
vt 0.9404481649398804 0.4704931378364563 
vt 0.9442984461784363 0.48354119062423706 
vt 0.9198732376098633 0.5226854085922241 
vt 0.9499534964561462 0.48262232542037964 
vt 0.9451406598091125 0.46755272150039673 
vt 0.9319053292274475 0.45358577370643616 
vt 0.9156619906425476 0.44853195548057556 
vt 0.8982154726982117 0.4484400749206543 
vt 0.8820924758911133 0.45358577370643616 
vt 0.8687368035316467 0.467093288898468 
vt 0.8638036847114563 0.48207101225852966 
vt 0.8645256161689758 0.4998972415924072 
vt 0.8707823157310486 0.5153343677520752 
vt 0.8913571834564209 0.5281068086624146 
vt 0.9209561347961426 0.5348145961761475 
vt 0.9500738382339478 0.5219503045082092 
vt 0.9552476406097412 0.5041240453720093 
vt 0.9565711617469788 0.4831736385822296 
vt 0.9512770175933838 0.4647960960865021 
vt 0.9361165761947632 0.4493589401245117 
vt 0.9168652296066284 0.442283570766449 
vt 0.8970122933387756 0.442283570766449 
vt 0.8778812289237976 0.44926705956459045 
vt 0.862720787525177 0.46433666348457336 
vt 0.8772796392440796 0.44853195548057556 
vt 0.8967716097831726 0.44136470556259155 
vt 0.9169855713844299 0.44136470556259155 
vt 0.9365978837013245 0.4486238360404968 
vt 0.9521192908287048 0.46433666348457336 
vt 0.9575337171554565 0.48308175802230835 
vt 0.9560898542404175 0.5041240453720093 
vt 0.9510363936424255 0.5221340656280518 
vt 0.9612636566162109 0.5047672986984253 
vt 0.9628278613090515 0.4822547733783722 
vt 0.9563305377960205 0.4616719186306 
vt 0.9394855499267578 0.4441213309764862 
vt 0.9178277850151062 0.4362189769744873 
vt 0.8958090543746948 0.4362189769744873 
vt 0.8746325373649597 0.44421321153640747 
vt 0.861878514289856 0.463785320520401 
vt 0.8570656776428223 0.48234665393829346 
vt 0.856223464012146 0.4822547733783722 
vt 0.8575469851493835 0.46102869510650635 
vt 0.8510496616363525 0.48133590817451477 
vt 0.8573063611984253 0.5029295086860657 
vt 0.8520122170448303 0.503480851650238 
vt 0.8564640879631042 0.5219503045082092 
vt 0.8617582321166992 0.5209395289421082 
vt 0.8617582321166992 0.5466681122779846 
vt 0.8669320344924927 0.545473575592041 
vt 0.8724668025970459 0.5689968466758728 
vt 0.8676539659500122 0.571018397808075 
vt 0.8793250918388367 0.5804828405380249 
vt 0.8755951523780823 0.5840664505958557 
vt 0.8905149102210999 0.587466299533844 
vt 0.8882288336753845 0.5924282670021057 
vt 0.8973731994628906 0.595184862613678 
vt 0.8982154726982117 0.5899472832679749 
vt 0.9127743244171143 0.5952767729759216 
vt 0.9121727347373962 0.590222954750061 
vt 0.9198732376098633 0.5880176424980164 
vt 0.9220390319824219 0.5929795503616333 
vt 0.9349133968353271 0.5850772261619568 
vt 0.931424081325531 0.5814017057418823 
vt 0.943215548992157 0.5723048448562622 
vt 0.9386433362960815 0.5700995326042175 
vt 0.945020318031311 0.5466681122779846 
vt 0.9501941204071045 0.5480464100837708 
vt 0.956210196018219 0.5232367515563965 
vt 0.9440577626228333 0.5463924407958984 
vt 0.9378010630607605 0.5696401000022888 
vt 0.9174668192863464 0.5501598715782166 
vt 0.8913571834564209 0.5346308350563049 
vt 0.894244909286499 0.5498842000961304 
vt 0.862720787525177 0.5208476781845093 
vt 0.9156619906425476 0.5688130855560303 
vt 0.9307021498680115 0.5806666016578674 
vt 0.919632613658905 0.5870987772941589 
vt 0.9121727347373962 0.5893040895462036 
vt 0.9139775037765503 0.5806666016578674 
vt 0.8954480886459351 0.5685374140739441 
vt 0.8967716097831726 0.5803909301757812 
vt 0.8982154726982117 0.5890284180641174 
vt 0.8908758759498596 0.5866393446922302 
vt 0.8799266815185547 0.5798396468162537 
vt 0.8733090162277222 0.5686293244361877 
vt 0.8678945899009705 0.5452898144721985 
vt 0.8581485748291016 0.5030214190483093 
vt 0.7490174174308777 0.4825304448604584 
vt 0.7514238357543945 0.4987945854663849 
vt 0.750100314617157 0.4992540180683136 
vt 0.7570789456367493 0.5119345188140869 
vt 0.7504612803459167 0.4827142059803009 
vt 0.7532286643981934 0.4685634970664978 
vt 0.7544319033622742 0.4692986011505127 
vt 0.7657420635223389 0.4558829665184021 
vt 0.7665842771530151 0.45698562264442444 
vt 0.781022846698761 0.4513804614543915 
vt 0.7812634706497192 0.4527587890625 
vt 0.7976270914077759 0.4513804614543915 
vt 0.7975068092346191 0.4527587890625 
vt 0.812907874584198 0.4558829665184021 
vt 0.8121859431266785 0.4570775032043457 
vt 0.825541615486145 0.46865537762641907 
vt 0.8242180347442627 0.46939048171043396 
vt 0.8296325206756592 0.4827142059803009 
vt 0.8281886577606201 0.4828979969024658 
vt 0.8284292817115784 0.49943777918815613 
vt 0.8271057605743408 0.4989783465862274 
vt 0.8225335478782654 0.5133128762245178 
vt 0.8214506506919861 0.5121182799339294 
vt 0.8030415773391724 0.5248907208442688 
vt 0.8030415773391724 0.523420512676239 
vt 0.7754880785942078 0.523420512676239 
vt 0.7753677368164062 0.5247988104820251 
vt 0.8030415773391724 0.5315066576004028 
vt 0.8303544521331787 0.5191936492919922 
vt 0.8348063230514526 0.5026538372039795 
vt 0.8363704681396484 0.48335742950439453 
vt 0.831798255443573 0.4659906327724457 
vt 0.8171191215515137 0.45147237181663513 
vt 0.7987099885940552 0.4451321065425873 
vt 0.7799399495124817 0.4451321065425873 
vt 0.7615308165550232 0.45147237181663513 
vt 0.7469719648361206 0.46580687165260315 
vt 0.7422794699668884 0.4831736385822296 
vt 0.7437233328819275 0.502470076084137 
vt 0.75599604845047 0.5132209658622742 
vt 0.7752473950386047 0.5314147472381592 
vt 0.8002741932868958 0.5470356941223145 
vt 0.8257822394371033 0.5426250696182251 
vt 0.826744794845581 0.5429007411003113 
vt 0.831196665763855 0.5193774700164795 
vt 0.8357688784599304 0.5027457475662231 
vt 0.8373330235481262 0.48326554894447327 
vt 0.8325201869010925 0.4654393196105957 
vt 0.8177207112312317 0.45073726773262024 
vt 0.7989506721496582 0.44421321153640747 
vt 0.7796992659568787 0.44421321153640747 
vt 0.7610495090484619 0.45073726773262024 
vt 0.7461297512054443 0.46534740924835205 
vt 0.7413169145584106 0.48308175802230835 
vt 0.7428810596466064 0.5025619864463806 
vt 0.7481752038002014 0.518917977809906 
vt 0.7778944969177246 0.5470356941223145 
vt 0.7990709543228149 0.5658726692199707 
vt 0.8212100267410278 0.5659645795822144 
vt 0.8220522999763489 0.5662402510643005 
vt 0.8154346346855164 0.5780937671661377 
vt 0.8148330450057983 0.5774505138397217 
vt 0.8037635087966919 0.5848934650421143 
vt 0.8034025430679321 0.5839745402336121 
vt 0.7959426045417786 0.5872825384140015 
vt 0.7959426045417786 0.5862717628479004 
vt 0.7819854021072388 0.5862717628479004 
vt 0.7819854021072388 0.5871906280517578 
vt 0.7740442156791687 0.584709644317627 
vt 0.7744051814079285 0.5838826894760132 
vt 0.762493371963501 0.5779099464416504 
vt 0.7632153034210205 0.5772667527198792 
vt 0.75599604845047 0.5659645795822144 
vt 0.756838321685791 0.5656889081001282 
vt 0.751544177532196 0.5426250696182251 
vt 0.7525067329406738 0.5424413084983826 
vt 0.7472126483917236 0.5191017985343933 
vt 0.7789773344993591 0.565780758857727 
vt 0.7976270914077759 0.577634334564209 
vt 0.7803009152412415 0.5775424242019653 
s on 
f 1/1/1 2/2/2 3/3/3 
f 2/2/2 2/2/2 3/3/3 
f 3/3/3 2/2/2 4/4/4 
f 2/2/2 5/5/5 4/4/4 
f 4/4/4 5/5/5 6/6/6 
f 5/5/5 7/7/7 6/6/6 
f 6/6/6 7/7/7 6/6/6 
f 7/7/7 8/8/8 6/6/6 
f 6/6/6 8/8/8 9/9/9 
f 8/8/8 10/10/10 9/9/9 
f 9/9/9 10/10/10 11/11/11 
f 10/10/10 12/12/12 11/11/11 
f 11/11/11 12/12/12 13/13/13 
f 12/12/12 14/14/14 13/13/13 
f 13/13/13 14/14/14 13/13/13 
f 14/14/14 15/15/15 13/13/13 
f 13/13/13 15/15/15 13/13/13 
f 15/15/15 4/4/4 13/13/13 
f 13/13/13 4/4/4 11/11/11 
f 4/4/4 4/4/4 11/11/11 
f 11/11/11 4/4/4 9/9/9 
f 4/4/4 6/6/6 9/9/9 
f 9/9/9 6/6/6 6/6/6 
f 6/6/6 7/7/7 6/6/6 
f 6/6/6 7/7/7 7/7/7 
f 7/7/7 5/5/5 7/7/7 
f 7/7/7 5/5/5 16/16/16 
f 5/5/5 2/2/2 16/16/16 
f 16/16/16 2/2/2 1/1/1 
f 2/2/2 1/1/1 1/1/1 
f 1/1/1 1/1/1 14/14/14 
f 1/1/1 14/14/14 14/14/14 
f 14/14/14 14/14/14 15/15/15 
f 14/14/14 17/17/17 15/15/15 
f 15/15/15 17/17/17 18/18/18 
f 17/17/17 19/19/19 18/18/18 
f 18/18/18 19/19/19 20/20/20 
f 19/19/19 21/21/21 20/20/20 
f 20/20/20 21/21/21 22/22/22 
f 21/21/21 23/23/23 22/22/22 
f 22/22/22 23/23/23 24/24/24 
f 23/23/23 25/25/25 24/24/24 
f 24/24/24 25/25/25 26/26/26 
f 25/25/25 27/27/27 26/26/26 
f 26/26/26 27/27/27 28/28/28 
f 27/27/27 29/29/29 28/28/28 
f 28/28/28 29/29/29 28/28/28 
f 29/29/29 30/30/30 28/28/28 
f 28/28/28 30/30/30 28/28/28 
f 30/30/30 4/4/4 28/28/28 
f 28/28/28 4/4/4 26/26/26 
f 4/4/4 4/4/4 26/26/26 
f 26/26/26 4/4/4 24/24/24 
f 4/4/4 4/4/4 24/24/24 
f 24/24/24 4/4/4 22/22/22 
f 4/4/4 4/4/4 22/22/22 
f 22/22/22 4/4/4 20/20/20 
f 4/4/4 4/4/4 20/20/20 
f 20/20/20 4/4/4 18/18/18 
f 4/4/4 15/15/15 18/18/18 
f 18/18/18 15/15/15 15/15/15 
f 15/15/15 29/29/29 15/15/15 
f 15/15/15 29/29/29 29/29/29 
f 29/29/29 31/31/31 29/29/29 
f 29/29/29 31/31/31 30/30/30 
f 31/31/31 3/3/3 30/30/30 
f 30/30/30 3/3/3 4/4/4 
f 3/3/3 4/4/4 4/4/4 
f 4/4/4 4/4/4 31/31/31 
f 4/4/4 31/31/31 31/31/31 
f 31/31/31 31/31/31 3/3/3 
f 31/31/31 1/1/1 3/3/3 
f 3/3/3 1/1/1 1/1/1 
f 1/1/1 32/32/32 1/1/1 
f 1/1/1 32/32/32 32/32/32 
f 32/32/32 33/33/33 32/32/32 
f 32/32/32 33/33/33 34/34/34 
f 33/33/33 35/35/35 34/34/34 
f 34/34/34 35/35/35 36/36/36 
f 35/35/35 37/37/37 36/36/36 
f 36/36/36 37/37/37 38/38/38 
f 37/37/37 37/37/37 38/38/38 
f 38/38/38 37/37/37 39/39/39 
f 37/37/37 40/40/40 39/39/39 
f 39/39/39 40/40/40 41/41/41 
f 40/40/40 42/42/42 41/41/41 
f 41/41/41 42/42/42 43/43/43 
f 42/42/42 44/44/44 43/43/43 
f 43/43/43 44/44/44 45/45/45 
f 44/44/44 44/44/44 45/45/45 
f 45/45/45 44/44/44 46/46/46 
f 44/44/44 44/44/44 46/46/46 
f 46/46/46 44/44/44 35/35/35 
f 44/44/44 42/42/42 35/35/35 
f 35/35/35 42/42/42 35/35/35 
f 42/42/42 40/40/40 35/35/35 
f 35/35/35 40/40/40 37/37/37 
f 40/40/40 37/37/37 37/37/37 
f 37/37/37 37/37/37 38/38/38 
f 37/37/37 38/38/38 38/38/38 
f 38/38/38 38/38/38 36/36/36 
f 38/38/38 47/47/47 36/36/36 
f 36/36/36 47/47/47 34/34/34 
f 47/47/47 32/32/32 34/34/34 
f 34/34/34 32/32/32 32/32/32 
f 32/32/32 45/45/45 32/32/32 
f 32/32/32 45/45/45 45/45/45 
f 45/45/45 46/46/46 45/45/45 
f 45/45/45 46/46/46 48/48/48 
f 46/46/46 49/49/49 48/48/48 
f 48/48/48 49/49/49 50/50/50 
f 49/49/49 51/51/51 50/50/50 
f 50/50/50 51/51/51 52/52/52 
f 51/51/51 53/53/53 52/52/52 
f 52/52/52 53/53/53 54/54/54 
f 53/53/53 55/55/55 54/54/54 
f 54/54/54 55/55/55 56/56/56 
f 55/55/55 57/57/57 56/56/56 
f 56/56/56 57/57/57 58/58/58 
f 57/57/57 59/59/59 58/58/58 
f 58/58/58 59/59/59 60/60/60 
f 59/59/59 60/60/60 60/60/60 
f 60/60/60 60/60/60 46/46/46 
f 60/60/60 46/46/46 46/46/46 
f 46/46/46 46/46/46 49/49/49 
f 46/46/46 35/35/35 49/49/49 
f 49/49/49 35/35/35 51/51/51 
f 35/35/35 35/35/35 51/51/51 
f 51/51/51 35/35/35 53/53/53 
f 35/35/35 35/35/35 53/53/53 
f 53/53/53 35/35/35 55/55/55 
f 35/35/35 35/35/35 55/55/55 
f 55/55/55 35/35/35 57/57/57 
f 35/35/35 35/35/35 57/57/57 
f 57/57/57 35/35/35 59/59/59 
f 35/35/35 61/61/61 59/59/59 
f 59/59/59 61/61/61 60/60/60 
f 61/61/61 61/61/61 60/60/60 
f 60/60/60 61/61/61 62/62/62 
f 61/61/61 33/33/33 62/62/62 
f 62/62/62 33/33/33 32/32/32 
f 33/33/33 32/32/32 32/32/32 
f 32/32/32 32/32/32 35/35/35 
f 32/32/32 35/35/35 35/35/35 
f 35/35/35 35/35/35 61/61/61 
f 35/35/35 33/33/33 61/61/61 
f 61/61/61 33/33/33 33/33/33 
f 33/33/33 63/63/63 33/33/33 
f 33/33/33 63/63/63 63/63/63 
f 63/63/63 64/64/64 63/63/63 
f 63/63/63 64/64/64 65/65/65 
f 64/64/64 64/64/64 65/65/65 
f 65/65/65 64/64/64 66/66/66 
f 64/64/64 67/67/67 66/66/66 
f 66/66/66 67/67/67 68/68/68 
f 67/67/67 68/68/68 68/68/68 
f 68/68/68 68/68/68 63/63/63 
f 68/68/68 63/63/63 63/63/63 
f 63/63/63 63/63/63 64/64/64 
f 63/63/63 69/69/69 64/64/64 
f 64/64/64 69/69/69 70/70/70 
f 69/69/69 71/71/71 70/70/70 
f 70/70/70 71/71/71 72/72/72 
f 71/71/71 73/73/73 72/72/72 
f 72/72/72 73/73/73 73/73/73 
f 73/73/73 64/64/64 73/73/73 
f 73/73/73 64/64/64 64/64/64 
f 64/64/64 70/70/70 64/64/64 
f 64/64/64 70/70/70 67/67/67 
f 70/70/70 74/74/74 67/67/67 
f 67/67/67 74/74/74 75/75/75 
f 74/74/74 74/74/74 75/75/75 
f 75/75/75 74/74/74 76/76/76 
f 74/74/74 74/74/74 76/76/76 
f 76/76/76 74/74/74 77/77/77 
f 74/74/74 72/72/72 77/77/77 
f 77/77/77 72/72/72 78/78/78 
f 72/72/72 73/73/73 78/78/78 
f 78/78/78 73/73/73 78/78/78 
f 73/73/73 79/79/79 78/78/78 
f 78/78/78 79/79/79 80/80/80 
f 79/79/79 81/81/81 80/80/80 
f 80/80/80 81/81/81 81/81/81 
f 81/81/81 74/74/74 81/81/81 
f 81/81/81 74/74/74 74/74/74 
f 74/74/74 70/70/70 74/74/74 
f 74/74/74 70/70/70 72/72/72 
f 70/70/70 72/72/72 72/72/72 
f 72/72/72 72/72/72 67/67/67 
f 72/72/72 67/67/67 67/67/67 
f 67/67/67 67/67/67 68/68/68 
f 67/67/67 75/75/75 68/68/68 
f 68/68/68 75/75/75 75/75/75 
f 75/75/75 80/80/80 75/75/75 
f 75/75/75 80/80/80 80/80/80 
f 80/80/80 82/82/82 80/80/80 
f 80/80/80 82/82/82 78/78/78 
f 82/82/82 82/82/82 78/78/78 
f 78/78/78 82/82/82 77/77/77 
f 82/82/82 83/83/83 77/77/77 
f 77/77/77 83/83/83 76/76/76 
f 83/83/83 76/76/76 76/76/76 
f 76/76/76 76/76/76 84/84/84 
f 76/76/76 84/84/84 84/84/84 
f 84/84/84 84/84/84 85/85/85 
f 84/84/84 86/86/86 85/85/85 
f 85/85/85 86/86/86 87/87/87 
f 86/86/86 88/88/88 87/87/87 
f 87/87/87 88/88/88 89/89/89 
f 88/88/88 90/90/90 89/89/89 
f 89/89/89 90/90/90 91/91/91 
f 90/90/90 90/90/90 91/91/91 
f 91/91/91 90/90/90 92/92/92 
f 90/90/90 93/93/93 92/92/92 
f 92/92/92 93/93/93 92/92/92 
f 93/93/93 94/94/94 92/92/92 
f 92/92/92 94/94/94 92/92/92 
f 94/94/94 95/95/95 92/92/92 
f 92/92/92 95/95/95 92/92/92 
f 95/95/95 96/96/96 92/92/92 
f 92/92/92 96/96/96 91/91/91 
f 96/96/96 83/83/83 91/91/91 
f 91/91/91 83/83/83 91/91/91 
f 83/83/83 82/82/82 91/91/91 
f 91/91/91 82/82/82 89/89/89 
f 82/82/82 80/80/80 89/89/89 
f 89/89/89 80/80/80 87/87/87 
f 80/80/80 81/81/81 87/87/87 
f 87/87/87 81/81/81 85/85/85 
f 81/81/81 85/85/85 85/85/85 
f 85/85/85 85/85/85 95/95/95 
f 85/85/85 95/95/95 95/95/95 
f 95/95/95 95/95/95 96/96/96 
f 95/95/95 97/97/97 96/96/96 
f 96/96/96 97/97/97 98/98/98 
f 97/97/97 99/99/99 98/98/98 
f 98/98/98 99/99/99 98/98/98 
f 99/99/99 100/100/100 98/98/98 
f 98/98/98 100/100/100 76/76/76 
f 100/100/100 100/100/100 76/76/76 
f 76/76/76 100/100/100 75/75/75 
f 100/100/100 101/101/101 75/75/75 
f 75/75/75 101/101/101 68/68/68 
f 101/101/101 101/101/101 68/68/68 
f 68/68/68 101/101/101 102/102/102 
f 101/101/101 103/103/103 102/102/102 
f 102/102/102 103/103/103 102/102/102 
f 103/103/103 104/104/104 102/102/102 
f 102/102/102 104/104/104 105/105/105 
f 104/104/104 106/106/106 105/105/105 
f 105/105/105 106/106/106 107/107/107 
f 106/106/106 108/108/108 107/107/107 
f 107/107/107 108/108/108 109/109/109 
f 108/108/108 110/110/110 109/109/109 
f 109/109/109 110/110/110 111/111/111 
f 110/110/110 112/112/112 111/111/111 
f 111/111/111 112/112/112 113/113/113 
f 112/112/112 114/114/114 113/113/113 
f 113/113/113 114/114/114 115/115/115 
f 114/114/114 116/116/116 115/115/115 
f 115/115/115 116/116/116 117/117/117 
f 116/116/116 118/118/118 117/117/117 
f 117/117/117 118/118/118 119/119/119 
f 118/118/118 120/120/120 119/119/119 
f 119/119/119 120/120/120 121/121/121 
f 120/120/120 122/122/122 121/121/121 
f 121/121/121 122/122/122 122/122/122 
f 122/122/122 96/96/96 122/122/122 
f 122/122/122 96/96/96 96/96/96 
f 96/96/96 98/98/98 96/96/96 
f 96/96/96 98/98/98 83/83/83 
f 98/98/98 76/76/76 83/83/83 
f 83/83/83 76/76/76 76/76/76 
f 76/76/76 99/99/99 76/76/76 
f 76/76/76 99/99/99 99/99/99 
f 99/99/99 123/123/123 99/99/99 
f 99/99/99 123/123/123 100/100/100 
f 123/123/123 123/123/123 100/100/100 
f 100/100/100 123/123/123 101/101/101 
f 123/123/123 103/103/103 101/101/101 
f 101/101/101 103/103/103 103/103/103 
f 103/103/103 119/119/119 103/103/103 
f 103/103/103 119/119/119 119/119/119 
f 119/119/119 121/121/121 119/119/119 
f 119/119/119 121/121/121 124/124/124 
f 121/121/121 125/125/125 124/124/124 
f 124/124/124 125/125/125 124/124/124 
f 125/125/125 126/126/126 124/124/124 
f 124/124/124 126/126/126 127/127/127 
f 126/126/126 128/128/128 127/127/127 
f 127/127/127 128/128/128 128/128/128 
f 128/128/128 127/127/127 128/128/128 
f 128/128/128 127/127/127 127/127/127 
f 127/127/127 129/129/129 127/127/127 
f 127/127/127 129/129/129 124/124/124 
f 129/129/129 129/129/129 124/124/124 
f 124/124/124 129/129/129 119/119/119 
f 129/129/129 129/129/129 119/119/119 
f 119/119/119 129/129/129 117/117/117 
f 129/129/129 130/130/130 117/117/117 
f 117/117/117 130/130/130 115/115/115 
f 130/130/130 115/115/115 115/115/115 
f 115/115/115 115/115/115 130/130/130 
f 115/115/115 130/130/130 130/130/130 
f 130/130/130 130/130/130 131/131/131 
f 130/130/130 129/129/129 131/131/131 
f 131/131/131 129/129/129 131/131/131 
f 129/129/129 127/127/127 131/131/131 
f 131/131/131 127/127/127 132/132/132 
f 127/127/127 128/128/128 132/132/132 
f 132/132/132 128/128/128 132/132/132 
f 128/128/128 133/133/133 132/132/132 
f 132/132/132 133/133/133 132/132/132 
f 133/133/133 134/134/134 132/132/132 
f 132/132/132 134/134/134 135/135/135 
f 134/134/134 136/136/136 135/135/135 
f 135/135/135 136/136/136 137/137/137 
f 136/136/136 138/138/138 137/137/137 
f 137/137/137 138/138/138 139/139/139 
f 138/138/138 140/140/140 139/139/139 
f 139/139/139 140/140/140 140/140/140 
f 140/140/140 132/132/132 140/140/140 
f 140/140/140 132/132/132 132/132/132 
f 132/132/132 135/135/135 132/132/132 
f 132/132/132 135/135/135 131/131/131 
f 135/135/135 141/141/141 131/131/131 
f 131/131/131 141/141/141 130/130/130 
f 141/141/141 142/142/142 130/130/130 
f 130/130/130 142/142/142 115/115/115 
f 142/142/142 142/142/142 115/115/115 
f 115/115/115 142/142/142 113/113/113 
f 142/142/142 143/143/143 113/113/113 
f 113/113/113 143/143/143 111/111/111 
f 143/143/143 111/111/111 111/111/111 
f 111/111/111 111/111/111 135/135/135 
f 111/111/111 135/135/135 135/135/135 
f 135/135/135 135/135/135 141/141/141 
f 135/135/135 137/137/137 141/141/141 
f 141/141/141 137/137/137 144/144/144 
f 137/137/137 139/139/139 144/144/144 
f 144/144/144 139/139/139 144/144/144 
f 139/139/139 145/145/145 144/144/144 
f 144/144/144 145/145/145 143/143/143 
f 145/145/145 146/146/146 143/143/143 
f 143/143/143 146/146/146 111/111/111 
f 146/146/146 146/146/146 111/111/111 
f 111/111/111 146/146/146 109/109/109 
f 146/146/146 147/147/147 109/109/109 
f 109/109/109 147/147/147 107/107/107 
f 147/147/147 107/107/107 107/107/107 
f 107/107/107 107/107/107 141/141/141 
f 107/107/107 141/141/141 141/141/141 
f 141/141/141 141/141/141 142/142/142 
f 141/141/141 144/144/144 142/142/142 
f 142/142/142 144/144/144 143/143/143 
f 144/144/144 143/143/143 143/143/143 
f 143/143/143 143/143/143 147/147/147 
f 143/143/143 147/147/147 147/147/147 
f 147/147/147 147/147/147 148/148/148 
f 147/147/147 146/146/146 148/148/148 
f 148/148/148 146/146/146 148/148/148 
f 146/146/146 145/145/145 148/148/148 
f 148/148/148 145/145/145 149/149/149 
f 145/145/145 139/139/139 149/149/149 
f 149/149/149 139/139/139 149/149/149 
f 139/139/139 140/140/140 149/149/149 
f 149/149/149 140/140/140 149/149/149 
f 140/140/140 150/150/150 149/149/149 
f 149/149/149 150/150/150 151/151/151 
f 150/150/150 152/152/152 151/151/151 
f 151/151/151 152/152/152 153/153/153 
f 152/152/152 154/154/154 153/153/153 
f 153/153/153 154/154/154 65/65/65 
f 154/154/154 63/63/63 65/65/65 
f 65/65/65 63/63/63 63/63/63 
f 63/63/63 149/149/149 63/63/63 
f 63/63/63 149/149/149 149/149/149 
f 149/149/149 151/151/151 149/149/149 
f 149/149/149 151/151/151 148/148/148 
f 151/151/151 155/155/155 148/148/148 
f 148/148/148 155/155/155 147/147/147 
f 155/155/155 156/156/156 147/147/147 
f 147/147/147 156/156/156 107/107/107 
f 156/156/156 156/156/156 107/107/107 
f 107/107/107 156/156/156 105/105/105 
f 156/156/156 156/156/156 105/105/105 
f 105/105/105 156/156/156 157/157/157 
f 156/156/156 158/158/158 157/157/157 
f 157/157/157 158/158/158 66/66/66 
f 158/158/158 158/158/158 66/66/66 
f 66/66/66 158/158/158 65/65/65 
f 158/158/158 158/158/158 65/65/65 
f 65/65/65 158/158/158 153/153/153 
f 158/158/158 155/155/155 153/153/153 
f 153/153/153 155/155/155 151/151/151 
f 155/155/155 151/151/151 151/151/151 
f 151/151/151 151/151/151 155/155/155 
f 151/151/151 155/155/155 155/155/155 
f 155/155/155 155/155/155 156/156/156 
f 155/155/155 158/158/158 156/156/156 
f 156/156/156 158/158/158 158/158/158 
f 158/158/158 66/66/66 158/158/158 
f 158/158/158 66/66/66 66/66/66 
f 66/66/66 68/68/68 66/66/66 
f 66/66/66 68/68/68 157/157/157 
f 68/68/68 102/102/102 157/157/157 
f 157/157/157 102/102/102 105/105/105 
f 102/102/102 105/105/105 105/105/105 
f 105/105/105 105/105/105 159/159/159 
f 105/105/105 159/159/159 159/159/159 
f 159/159/159 159/159/159 160/160/160 
f 159/159/159 161/161/161 160/160/160 
f 160/160/160 161/161/161 160/160/160 
f 161/161/161 162/162/162 160/160/160 
f 160/160/160 162/162/162 163/163/163 
f 162/162/162 164/164/164 163/163/163 
f 163/163/163 164/164/164 165/165/165 
f 164/164/164 166/166/166 165/165/165 
f 165/165/165 166/166/166 167/167/167 
f 166/166/166 168/168/168 167/167/167 
f 167/167/167 168/168/168 169/169/169 
f 168/168/168 170/170/170 169/169/169 
f 169/169/169 170/170/170 171/171/171 
f 170/170/170 172/172/172 171/171/171 
f 171/171/171 172/172/172 173/173/173 
f 172/172/172 174/174/174 173/173/173 
f 173/173/173 174/174/174 175/175/175 
f 174/174/174 176/176/176 175/175/175 
f 175/175/175 176/176/176 177/177/177 
f 176/176/176 178/178/178 177/177/177 
f 177/177/177 178/178/178 179/179/179 
f 178/178/178 178/178/178 179/179/179 
f 179/179/179 178/178/178 180/180/180 
f 178/178/178 181/181/181 180/180/180 
f 180/180/180 181/181/181 182/182/182 
f 181/181/181 182/182/182 182/182/182 
f 182/182/182 182/182/182 181/181/181 
f 182/182/182 181/181/181 181/181/181 
f 181/181/181 181/181/181 183/183/183 
f 181/181/181 178/178/178 183/183/183 
f 183/183/183 178/178/178 183/183/183 
f 178/178/178 176/176/176 183/183/183 
f 183/183/183 176/176/176 184/184/184 
f 176/176/176 174/174/174 184/184/184 
f 184/184/184 174/174/174 185/185/185 
f 174/174/174 172/172/172 185/185/185 
f 185/185/185 172/172/172 186/186/186 
f 172/172/172 170/170/170 186/186/186 
f 186/186/186 170/170/170 187/187/187 
f 170/170/170 168/168/168 187/187/187 
f 187/187/187 168/168/168 188/188/188 
f 168/168/168 166/166/166 188/188/188 
f 188/188/188 166/166/166 189/189/189 
f 166/166/166 164/164/164 189/189/189 
f 189/189/189 164/164/164 190/190/190 
f 164/164/164 162/162/162 190/190/190 
f 190/190/190 162/162/162 191/191/191 
f 162/162/162 161/161/161 191/191/191 
f 191/191/191 161/161/161 192/192/192 
f 161/161/161 161/161/161 192/192/192 
f 192/192/192 161/161/161 193/193/193 
f 161/161/161 159/159/159 193/193/193 
f 193/193/193 159/159/159 193/193/193 
f 159/159/159 194/194/194 193/193/193 
f 193/193/193 194/194/194 195/195/195 
f 194/194/194 196/196/196 195/195/195 
f 195/195/195 196/196/196 197/197/197 
f 196/196/196 198/198/198 197/197/197 
f 197/197/197 198/198/198 199/199/199 
f 198/198/198 200/200/200 199/199/199 
f 199/199/199 200/200/200 201/201/201 
f 200/200/200 202/202/202 201/201/201 
f 201/201/201 202/202/202 202/202/202 
f 202/202/202 201/201/201 202/202/202 
f 202/202/202 201/201/201 201/201/201 
f 201/201/201 203/203/203 201/201/201 
f 201/201/201 203/203/203 199/199/199 
f 203/203/203 204/204/204 199/199/199 
f 199/199/199 204/204/204 197/197/197 
f 204/204/204 205/205/205 197/197/197 
f 197/197/197 205/205/205 195/195/195 
f 205/205/205 206/206/206 195/195/195 
f 195/195/195 206/206/206 193/193/193 
f 206/206/206 206/206/206 193/193/193 
f 193/193/193 206/206/206 192/192/192 
f 206/206/206 206/206/206 192/192/192 
f 192/192/192 206/206/206 207/207/207 
f 206/206/206 206/206/206 207/207/207 
f 207/207/207 206/206/206 208/208/208 
f 206/206/206 205/205/205 208/208/208 
f 208/208/208 205/205/205 209/209/209 
f 205/205/205 204/204/204 209/209/209 
f 209/209/209 204/204/204 210/210/210 
f 204/204/204 203/203/203 210/210/210 
f 210/210/210 203/203/203 203/203/203 
f 203/203/203 210/210/210 203/203/203 
f 203/203/203 210/210/210 210/210/210 
f 210/210/210 211/211/211 210/210/210 
f 210/210/210 211/211/211 209/209/209 
f 211/211/211 212/212/212 209/209/209 
f 209/209/209 212/212/212 208/208/208 
f 212/212/212 213/213/213 208/208/208 
f 208/208/208 213/213/213 207/207/207 
f 213/213/213 207/207/207 207/207/207 
f 207/207/207 207/207/207 211/211/211 
f 207/207/207 211/211/211 211/211/211 
f 211/211/211 211/211/211 212/212/212 
f 211/211/211 214/214/214 212/212/212 
f 212/212/212 214/214/214 215/215/215 
f 214/214/214 216/216/216 215/215/215 
f 215/215/215 216/216/216 215/215/215 
f 216/216/216 217/217/217 215/215/215 
f 215/215/215 217/217/217 218/218/218 
f 217/217/217 219/219/219 218/218/218 
f 218/218/218 219/219/219 219/219/219 
f 219/219/219 212/212/212 219/219/219 
f 219/219/219 212/212/212 212/212/212 
f 212/212/212 215/215/215 212/212/212 
f 212/212/212 215/215/215 213/213/213 
f 215/215/215 218/218/218 213/213/213 
f 213/213/213 218/218/218 213/213/213 
f 218/218/218 220/220/220 213/213/213 
f 213/213/213 220/220/220 207/207/207 
f 220/220/220 221/221/221 207/207/207 
f 207/207/207 221/221/221 192/192/192 
f 221/221/221 221/221/221 192/192/192 
f 192/192/192 221/221/221 191/191/191 
f 221/221/221 222/222/222 191/191/191 
f 191/191/191 222/222/222 190/190/190 
f 222/222/222 223/223/223 190/190/190 
f 190/190/190 223/223/223 189/189/189 
f 223/223/223 224/224/224 189/189/189 
f 189/189/189 224/224/224 188/188/188 
f 224/224/224 225/225/225 188/188/188 
f 188/188/188 225/225/225 187/187/187 
f 225/225/225 226/226/226 187/187/187 
f 187/187/187 226/226/226 186/186/186 
f 226/226/226 227/227/227 186/186/186 
f 186/186/186 227/227/227 185/185/185 
f 227/227/227 228/228/228 185/185/185 
f 185/185/185 228/228/228 184/184/184 
f 228/228/228 229/229/229 184/184/184 
f 184/184/184 229/229/229 183/183/183 
f 229/229/229 230/230/230 183/183/183 
f 183/183/183 230/230/230 181/181/181 
f 230/230/230 231/231/231 181/181/181 
f 181/181/181 231/231/231 182/182/182 
f 231/231/231 231/231/231 182/182/182 
f 182/182/182 231/231/231 232/232/232 
f 231/231/231 233/233/233 232/232/232 
f 232/232/232 233/233/233 234/234/234 
f 233/233/233 234/234/234 234/234/234 
f 234/234/234 234/234/234 233/233/233 
f 234/234/234 233/233/233 233/233/233 
f 233/233/233 233/233/233 235/235/235 
f 233/233/233 231/231/231 235/235/235 
f 235/235/235 231/231/231 235/235/235 
f 231/231/231 230/230/230 235/235/235 
f 235/235/235 230/230/230 236/236/236 
f 230/230/230 229/229/229 236/236/236 
f 236/236/236 229/229/229 237/237/237 
f 229/229/229 228/228/228 237/237/237 
f 237/237/237 228/228/228 238/238/238 
f 228/228/228 227/227/227 238/238/238 
f 238/238/238 227/227/227 239/239/239 
f 227/227/227 226/226/226 239/239/239 
f 239/239/239 226/226/226 240/240/240 
f 226/226/226 225/225/225 240/240/240 
f 240/240/240 225/225/225 241/241/241 
f 225/225/225 224/224/224 241/241/241 
f 241/241/241 224/224/224 242/242/242 
f 224/224/224 223/223/223 242/242/242 
f 242/242/242 223/223/223 243/243/243 
f 223/223/223 222/222/222 243/243/243 
f 243/243/243 222/222/222 244/244/244 
f 222/222/222 221/221/221 244/244/244 
f 244/244/244 221/221/221 244/244/244 
f 221/221/221 220/220/220 244/244/244 
f 244/244/244 220/220/220 245/245/245 
f 220/220/220 218/218/218 245/245/245 
f 245/245/245 218/218/218 245/245/245 
f 218/218/218 219/219/219 245/245/245 
f 245/245/245 219/219/219 245/245/245 
f 219/219/219 246/246/246 245/245/245 
f 245/245/245 246/246/246 245/245/245 
f 246/246/246 247/247/247 245/245/245 
f 245/245/245 247/247/247 244/244/244 
f 247/247/247 247/247/247 244/244/244 
f 244/244/244 247/247/247 243/243/243 
f 247/247/247 248/248/248 243/243/243 
f 243/243/243 248/248/248 242/242/242 
f 248/248/248 249/249/249 242/242/242 
f 242/242/242 249/249/249 241/241/241 
f 249/249/249 250/250/250 241/241/241 
f 241/241/241 250/250/250 240/240/240 
f 250/250/250 251/251/251 240/240/240 
f 240/240/240 251/251/251 239/239/239 
f 251/251/251 252/252/252 239/239/239 
f 239/239/239 252/252/252 238/238/238 
f 252/252/252 253/253/253 238/238/238 
f 238/238/238 253/253/253 237/237/237 
f 253/253/253 254/254/254 237/237/237 
f 237/237/237 254/254/254 236/236/236 
f 254/254/254 255/255/255 236/236/236 
f 236/236/236 255/255/255 235/235/235 
f 255/255/255 256/256/256 235/235/235 
f 235/235/235 256/256/256 233/233/233 
f 256/256/256 257/257/257 233/233/233 
f 233/233/233 257/257/257 234/234/234 
f 257/257/257 257/257/257 234/234/234 
f 234/234/234 257/257/257 258/258/258 
f 257/257/257 259/259/259 258/258/258 
f 258/258/258 259/259/259 260/260/260 
f 259/259/259 260/260/260 260/260/260 
f 260/260/260 260/260/260 259/259/259 
f 260/260/260 259/259/259 259/259/259 
f 259/259/259 259/259/259 261/261/261 
f 259/259/259 257/257/257 261/261/261 
f 261/261/261 257/257/257 261/261/261 
f 257/257/257 256/256/256 261/261/261 
f 261/261/261 256/256/256 262/262/262 
f 256/256/256 255/255/255 262/262/262 
f 262/262/262 255/255/255 263/263/263 
f 255/255/255 254/254/254 263/263/263 
f 263/263/263 254/254/254 264/264/264 
f 254/254/254 253/253/253 264/264/264 
f 264/264/264 253/253/253 265/265/265 
f 253/253/253 252/252/252 265/265/265 
f 265/265/265 252/252/252 266/266/266 
f 252/252/252 251/251/251 266/266/266 
f 266/266/266 251/251/251 267/267/267 
f 251/251/251 250/250/250 267/267/267 
f 267/267/267 250/250/250 268/268/268 
f 250/250/250 249/249/249 268/268/268 
f 268/268/268 249/249/249 269/269/269 
f 249/249/249 248/248/248 269/269/269 
f 269/269/269 248/248/248 270/270/270 
f 248/248/248 247/247/247 270/270/270 
f 270/270/270 247/247/247 246/246/246 
f 247/247/247 246/246/246 246/246/246 
f 246/246/246 246/246/246 271/271/271 
f 246/246/246 271/271/271 271/271/271 
f 271/271/271 271/271/271 272/272/272 
f 271/271/271 273/273/273 272/272/272 
f 272/272/272 273/273/273 274/274/274 
f 273/273/273 274/274/274 274/274/274 
f 274/274/274 274/274/274 273/273/273 
f 274/274/274 273/273/273 273/273/273 
f 273/273/273 273/273/273 275/275/275 
f 273/273/273 271/271/271 275/275/275 
f 275/275/275 271/271/271 275/275/275 
f 271/271/271 276/276/276 275/275/275 
f 275/275/275 276/276/276 277/277/277 
f 276/276/276 278/278/278 277/277/277 
f 277/277/277 278/278/278 279/279/279 
f 278/278/278 280/280/280 279/279/279 
f 279/279/279 280/280/280 281/281/281 
f 280/280/280 282/282/282 281/281/281 
f 281/281/281 282/282/282 283/283/283 
f 282/282/282 284/284/284 283/283/283 
f 283/283/283 284/284/284 285/285/285 
f 284/284/284 286/286/286 285/285/285 
f 285/285/285 286/286/286 287/287/287 
f 286/286/286 288/288/288 287/287/287 
f 287/287/287 288/288/288 289/289/289 
f 288/288/288 290/290/290 289/289/289 
f 289/289/289 290/290/290 291/291/291 
f 290/290/290 292/292/292 291/291/291 
f 291/291/291 292/292/292 292/292/292 
f 292/292/292 291/291/291 292/292/292 
f 292/292/292 291/291/291 291/291/291 
f 291/291/291 293/293/293 291/291/291 
f 291/291/291 293/293/293 289/289/289 
f 293/293/293 294/294/294 289/289/289 
f 289/289/289 294/294/294 287/287/287 
f 294/294/294 295/295/295 287/287/287 
f 287/287/287 295/295/295 285/285/285 
f 295/295/295 296/296/296 285/285/285 
f 285/285/285 296/296/296 283/283/283 
f 296/296/296 297/297/297 283/283/283 
f 283/283/283 297/297/297 281/281/281 
f 297/297/297 298/298/298 281/281/281 
f 281/281/281 298/298/298 279/279/279 
f 298/298/298 299/299/299 279/279/279 
f 279/279/279 299/299/299 277/277/277 
f 299/299/299 300/300/300 277/277/277 
f 277/277/277 300/300/300 275/275/275 
f 300/300/300 301/301/301 275/275/275 
f 275/275/275 301/301/301 273/273/273 
f 301/301/301 302/302/302 273/273/273 
f 273/273/273 302/302/302 274/274/274 
f 302/302/302 303/303/303 274/274/274 
f 274/274/274 303/303/303 304/304/304 
f 303/303/303 305/305/305 304/304/304 
f 304/304/304 305/305/305 306/306/306 
f 305/305/305 307/307/307 306/306/306 
f 306/306/306 307/307/307 308/308/308 
f 307/307/307 309/309/309 308/308/308 
f 308/308/308 309/309/309 309/309/309 
f 309/309/309 274/274/274 309/309/309 
f 309/309/309 274/274/274 274/274/274 
f 274/274/274 304/304/304 274/274/274 
f 274/274/274 304/304/304 272/272/272 
f 304/304/304 304/304/304 272/272/272 
f 272/272/272 304/304/304 310/310/310 
f 304/304/304 304/304/304 310/310/310 
f 310/310/310 304/304/304 311/311/311 
f 304/304/304 306/306/306 311/311/311 
f 311/311/311 306/306/306 312/312/312 
f 306/306/306 308/308/308 312/312/312 
f 312/312/312 308/308/308 313/313/313 
f 308/308/308 314/314/314 313/313/313 
f 313/313/313 314/314/314 315/315/315 
f 314/314/314 314/314/314 315/315/315 
f 315/315/315 314/314/314 316/316/316 
f 314/314/314 317/317/317 316/316/316 
f 316/316/316 317/317/317 318/318/318 
f 317/317/317 318/318/318 318/318/318 
f 318/318/318 318/318/318 308/308/308 
f 318/318/318 308/308/308 308/308/308 
f 308/308/308 308/308/308 314/314/314 
f 308/308/308 309/309/309 314/314/314 
f 314/314/314 309/309/309 317/317/317 
f 309/309/309 317/317/317 317/317/317 
f 317/317/317 317/317/317 319/319/319 
f 317/317/317 319/319/319 319/319/319 
f 319/319/319 319/319/319 320/320/320 
f 319/319/319 321/321/321 320/320/320 
f 320/320/320 321/321/321 322/322/322 
f 321/321/321 323/323/323 322/322/322 
f 322/322/322 323/323/323 322/322/322 
f 323/323/323 324/324/324 322/322/322 
f 322/322/322 324/324/324 322/322/322 
f 324/324/324 325/325/325 322/322/322 
f 322/322/322 325/325/325 320/320/320 
f 325/325/325 326/326/326 320/320/320 
f 320/320/320 326/326/326 327/327/327 
f 326/326/326 328/328/328 327/327/327 
f 327/327/327 328/328/328 329/329/329 
f 328/328/328 330/330/330 329/329/329 
f 329/329/329 330/330/330 331/331/331 
f 330/330/330 332/332/332 331/331/331 
f 331/331/331 332/332/332 333/333/333 
f 332/332/332 332/332/332 333/333/333 
f 333/333/333 332/332/332 334/334/334 
f 332/332/332 335/335/335 334/334/334 
f 334/334/334 335/335/335 334/334/334 
f 335/335/335 336/336/336 334/334/334 
f 334/334/334 336/336/336 337/337/337 
f 336/336/336 338/338/338 337/337/337 
f 337/337/337 338/338/338 339/339/339 
f 338/338/338 338/338/338 339/339/339 
f 339/339/339 338/338/338 340/340/340 
f 338/338/338 341/341/341 340/340/340 
f 340/340/340 341/341/341 342/342/342 
f 341/341/341 343/343/343 342/342/342 
f 342/342/342 343/343/343 344/344/344 
f 343/343/343 345/345/345 344/344/344 
f 344/344/344 345/345/345 344/344/344 
f 345/345/345 346/346/346 344/344/344 
f 344/344/344 346/346/346 347/347/347 
f 346/346/346 346/346/346 347/347/347 
f 347/347/347 346/346/346 348/348/348 
f 346/346/346 323/323/323 348/348/348 
f 348/348/348 323/323/323 321/321/321 
f 323/323/323 321/321/321 321/321/321 
f 321/321/321 321/321/321 319/319/319 
f 321/321/321 319/319/319 319/319/319 
f 319/319/319 319/319/319 349/349/349 
f 319/319/319 320/320/320 349/349/349 
f 349/349/349 320/320/320 349/349/349 
f 320/320/320 327/327/327 349/349/349 
f 349/349/349 327/327/327 329/329/329 
f 327/327/327 329/329/329 329/329/329 
f 329/329/329 329/329/329 346/346/346 
f 329/329/329 346/346/346 346/346/346 
f 346/346/346 346/346/346 323/323/323 
f 346/346/346 350/350/350 323/323/323 
f 323/323/323 350/350/350 324/324/324 
f 350/350/350 324/324/324 324/324/324 
f 324/324/324 324/324/324 350/350/350 
f 324/324/324 350/350/350 350/350/350 
f 350/350/350 350/350/350 351/351/351 
f 350/350/350 346/346/346 351/351/351 
f 351/351/351 346/346/346 351/351/351 
f 346/346/346 345/345/345 351/351/351 
f 351/351/351 345/345/345 352/352/352 
f 345/345/345 343/343/343 352/352/352 
f 352/352/352 343/343/343 353/353/353 
f 343/343/343 341/341/341 353/353/353 
f 353/353/353 341/341/341 354/354/354 
f 341/341/341 338/338/338 354/354/354 
f 354/354/354 338/338/338 355/355/355 
f 338/338/338 336/336/336 355/355/355 
f 355/355/355 336/336/336 356/356/356 
f 336/336/336 335/335/335 356/356/356 
f 356/356/356 335/335/335 357/357/357 
f 335/335/335 332/332/332 357/357/357 
f 357/357/357 332/332/332 358/358/358 
f 332/332/332 330/330/330 358/358/358 
f 358/358/358 330/330/330 359/359/359 
f 330/330/330 328/328/328 359/359/359 
f 359/359/359 328/328/328 360/360/360 
f 328/328/328 326/326/326 360/360/360 
f 360/360/360 326/326/326 361/361/361 
f 326/326/326 326/326/326 361/361/361 
f 361/361/361 326/326/326 362/362/362 
f 326/326/326 325/325/325 362/362/362 
f 362/362/362 325/325/325 362/362/362 
f 325/325/325 324/324/324 362/362/362 
f 362/362/362 324/324/324 363/363/363 
f 324/324/324 324/324/324 363/363/363 
f 363/363/363 324/324/324 364/364/364 
f 324/324/324 350/350/350 364/364/364 
f 364/364/364 350/350/350 365/365/365 
f 350/350/350 351/351/351 365/365/365 
f 365/365/365 351/351/351 365/365/365 
f 351/351/351 352/352/352 365/365/365 
f 365/365/365 352/352/352 366/366/366 
f 352/352/352 352/352/352 366/366/366 
f 366/366/366 352/352/352 367/367/367 
f 352/352/352 353/353/353 367/367/367 
f 367/367/367 353/353/353 368/368/368 
f 353/353/353 354/354/354 368/368/368 
f 368/368/368 354/354/354 369/369/369 
f 354/354/354 355/355/355 369/369/369 
f 369/369/369 355/355/355 369/369/369 
f 355/355/355 356/356/356 369/369/369 
f 369/369/369 356/356/356 370/370/370 
f 356/356/356 357/357/357 370/370/370 
f 370/370/370 357/357/357 357/357/357 
f 357/357/357 370/370/370 357/357/357 
f 357/357/357 370/370/370 370/370/370 
f 370/370/370 371/371/371 370/370/370 
f 370/370/370 371/371/371 369/369/369 
f 371/371/371 372/372/372 369/369/369 
f 369/369/369 372/372/372 368/368/368 
f 372/372/372 373/373/373 368/368/368 
f 368/368/368 373/373/373 367/367/367 
f 373/373/373 374/374/374 367/367/367 
f 367/367/367 374/374/374 366/366/366 
f 374/374/374 375/375/375 366/366/366 
f 366/366/366 375/375/375 365/365/365 
f 375/375/375 376/376/376 365/365/365 
f 365/365/365 376/376/376 364/364/364 
f 376/376/376 377/377/377 364/364/364 
f 364/364/364 377/377/377 363/363/363 
f 377/377/377 378/378/378 363/363/363 
f 363/363/363 378/378/378 362/362/362 
f 378/378/378 362/362/362 362/362/362 
f 362/362/362 362/362/362 378/378/378 
f 362/362/362 378/378/378 378/378/378 
f 378/378/378 378/378/378 379/379/379 
f 378/378/378 377/377/377 379/379/379 
f 379/379/379 377/377/377 379/379/379 
f 377/377/377 376/376/376 379/379/379 
f 379/379/379 376/376/376 380/380/380 
f 376/376/376 376/376/376 380/380/380 
f 380/380/380 376/376/376 381/381/381 
f 376/376/376 375/375/375 381/381/381 
f 381/381/381 375/375/375 381/381/381 
f 375/375/375 374/374/374 381/381/381 
f 381/381/381 374/374/374 382/382/382 
f 374/374/374 374/374/374 382/382/382 
f 382/382/382 374/374/374 383/383/383 
f 374/374/374 373/373/373 383/383/383 
f 383/383/383 373/373/373 384/384/384 
f 373/373/373 372/372/372 384/384/384 
f 384/384/384 372/372/372 385/385/385 
f 372/372/372 371/371/371 385/385/385 
f 385/385/385 371/371/371 386/386/386 
f 371/371/371 370/370/370 386/386/386 
f 386/386/386 370/370/370 386/386/386 
f 370/370/370 387/387/387 386/386/386 
f 386/386/386 387/387/387 386/386/386 
f 387/387/387 388/388/388 386/386/386 
f 386/386/386 388/388/388 389/389/389 
f 388/388/388 388/388/388 389/389/389 
f 389/389/389 388/388/388 390/390/390 
f 388/388/388 391/391/391 390/390/390 
f 390/390/390 391/391/391 392/392/392 
f 391/391/391 391/391/391 392/392/392 
f 392/392/392 391/391/391 393/393/393 
f 391/391/391 394/394/394 393/393/393 
f 393/393/393 394/394/394 395/395/395 
f 394/394/394 396/396/396 395/395/395 
f 395/395/395 396/396/396 395/395/395 
f 396/396/396 397/397/397 395/395/395 
f 395/395/395 397/397/397 398/398/398 
f 397/397/397 399/399/399 398/398/398 
f 398/398/398 399/399/399 400/400/400 
f 399/399/399 401/401/401 400/400/400 
f 400/400/400 401/401/401 402/402/402 
f 401/401/401 401/401/401 402/402/402 
f 402/402/402 401/401/401 403/403/403 
f 401/401/401 404/404/404 403/403/403 
f 403/403/403 404/404/404 405/405/405 
f 404/404/404 406/406/406 405/405/405 
f 405/405/405 406/406/406 405/405/405 
f 406/406/406 407/407/407 405/405/405 
f 405/405/405 407/407/407 408/408/408 
f 407/407/407 407/407/407 408/408/408 
f 408/408/408 407/407/407 409/409/409 
f 407/407/407 410/410/410 409/409/409 
f 409/409/409 410/410/410 411/411/411 
f 410/410/410 412/412/412 411/411/411 
f 411/411/411 412/412/412 411/411/411 
f 412/412/412 413/413/413 411/411/411 
f 411/411/411 413/413/413 414/414/414 
f 413/413/413 378/378/378 414/414/414 
f 414/414/414 378/378/378 415/415/415 
f 378/378/378 379/379/379 415/415/415 
f 415/415/415 379/379/379 379/379/379 
f 379/379/379 385/385/385 379/379/379 
f 379/379/379 385/385/385 385/385/385 
f 385/385/385 386/386/386 385/385/385 
f 385/385/385 386/386/386 389/389/389 
f 386/386/386 389/389/389 389/389/389 
f 389/389/389 389/389/389 378/378/378 
f 389/389/389 378/378/378 378/378/378 
f 378/378/378 378/378/378 362/362/362 
f 378/378/378 413/413/413 362/362/362 
f 362/362/362 413/413/413 416/416/416 
f 413/413/413 412/412/412 416/416/416 
f 416/416/416 412/412/412 417/417/417 
f 412/412/412 410/410/410 417/417/417 
f 417/417/417 410/410/410 410/410/410 
f 410/410/410 362/362/362 410/410/410 
f 410/410/410 362/362/362 362/362/362 
f 362/362/362 416/416/416 362/362/362 
f 362/362/362 416/416/416 361/361/361 
f 416/416/416 418/418/418 361/361/361 
f 361/361/361 418/418/418 419/419/419 
f 418/418/418 420/420/420 419/419/419 
f 419/419/419 420/420/420 419/419/419 
f 420/420/420 421/421/421 419/419/419 
f 419/419/419 421/421/421 360/360/360 
f 421/421/421 359/359/359 360/360/360 
f 360/360/360 359/359/359 359/359/359 
f 359/359/359 416/416/416 359/359/359 
f 359/359/359 416/416/416 416/416/416 
f 416/416/416 417/417/417 416/416/416 
f 416/416/416 417/417/417 418/418/418 
f 417/417/417 422/422/422 418/418/418 
f 418/418/418 422/422/422 420/420/420 
f 422/422/422 420/420/420 420/420/420 
f 420/420/420 420/420/420 361/361/361 
f 420/420/420 361/361/361 361/361/361 
f 361/361/361 361/361/361 360/360/360 
f 361/361/361 419/419/419 360/360/360 
f 360/360/360 419/419/419 419/419/419 
f 419/419/419 422/422/422 419/419/419 
f 419/419/419 422/422/422 422/422/422 
f 422/422/422 417/417/417 422/422/422 
f 422/422/422 417/417/417 423/423/423 
f 417/417/417 410/410/410 423/423/423 
f 423/423/423 410/410/410 423/423/423 
f 410/410/410 407/407/407 423/423/423 
f 423/423/423 407/407/407 424/424/424 
f 407/407/407 406/406/406 424/424/424 
f 424/424/424 406/406/406 424/424/424 
f 406/406/406 425/425/425 424/424/424 
f 424/424/424 425/425/425 423/423/423 
f 425/425/425 426/426/426 423/423/423 
f 423/423/423 426/426/426 422/422/422 
f 426/426/426 427/427/427 422/422/422 
f 422/422/422 427/427/427 420/420/420 
f 427/427/427 420/420/420 420/420/420 
f 420/420/420 420/420/420 427/427/427 
f 420/420/420 427/427/427 427/427/427 
f 427/427/427 427/427/427 428/428/428 
f 427/427/427 426/426/426 428/428/428 
f 428/428/428 426/426/426 428/428/428 
f 426/426/426 425/425/425 428/428/428 
f 428/428/428 425/425/425 429/429/429 
f 425/425/425 406/406/406 429/429/429 
f 429/429/429 406/406/406 429/429/429 
f 406/406/406 404/404/404 429/429/429 
f 429/429/429 404/404/404 429/429/429 
f 404/404/404 401/401/401 429/429/429 
f 429/429/429 401/401/401 430/430/430 
f 401/401/401 399/399/399 430/430/430 
f 430/430/430 399/399/399 430/430/430 
f 399/399/399 431/431/431 430/430/430 
f 430/430/430 431/431/431 429/429/429 
f 431/431/431 431/431/431 429/429/429 
f 429/429/429 431/431/431 428/428/428 
f 431/431/431 431/431/431 428/428/428 
f 428/428/428 431/431/431 427/427/427 
f 431/431/431 432/432/432 427/427/427 
f 427/427/427 432/432/432 420/420/420 
f 432/432/432 433/433/433 420/420/420 
f 420/420/420 433/433/433 421/421/421 
f 433/433/433 394/394/394 421/421/421 
f 421/421/421 394/394/394 421/421/421 
f 394/394/394 391/391/391 421/421/421 
f 421/421/421 391/391/391 434/434/434 
f 391/391/391 388/388/388 434/434/434 
f 434/434/434 388/388/388 434/434/434 
f 388/388/388 387/387/387 434/434/434 
f 434/434/434 387/387/387 357/357/357 
f 387/387/387 370/370/370 357/357/357 
f 357/357/357 370/370/370 370/370/370 
f 370/370/370 394/394/394 370/370/370 
f 370/370/370 394/394/394 394/394/394 
f 394/394/394 433/433/433 394/394/394 
f 394/394/394 433/433/433 396/396/396 
f 433/433/433 432/432/432 396/396/396 
f 396/396/396 432/432/432 397/397/397 
f 432/432/432 431/431/431 397/397/397 
f 397/397/397 431/431/431 399/399/399 
f 431/431/431 399/399/399 399/399/399 
f 399/399/399 399/399/399 421/421/421 
f 399/399/399 421/421/421 421/421/421 
f 421/421/421 421/421/421 359/359/359 
f 421/421/421 434/434/434 359/359/359 
f 359/359/359 434/434/434 358/358/358 
f 434/434/434 357/357/357 358/358/358 
f 358/358/358 357/357/357 357/357/357 
f 357/357/357 435/435/435 357/357/357 
f 357/357/357 435/435/435 435/435/435 
f 435/435/435 436/436/436 435/435/435 
f 435/435/435 436/436/436 437/437/437 
f 436/436/436 438/438/438 437/437/437 
f 437/437/437 438/438/438 438/438/438 
f 438/438/438 436/436/436 438/438/438 
f 438/438/438 436/436/436 436/436/436 
f 436/436/436 435/435/435 436/436/436 
f 436/436/436 435/435/435 439/439/439 
f 435/435/435 440/440/440 439/439/439 
f 439/439/439 440/440/440 441/441/441 
f 440/440/440 442/442/442 441/441/441 
f 441/441/441 442/442/442 443/443/443 
f 442/442/442 444/444/444 443/443/443 
f 443/443/443 444/444/444 445/445/445 
f 444/444/444 446/446/446 445/445/445 
f 445/445/445 446/446/446 447/447/447 
f 446/446/446 448/448/448 447/447/447 
f 447/447/447 448/448/448 449/449/449 
f 448/448/448 450/450/450 449/449/449 
f 449/449/449 450/450/450 451/451/451 
f 450/450/450 452/452/452 451/451/451 
f 451/451/451 452/452/452 453/453/453 
f 452/452/452 454/454/454 453/453/453 
f 453/453/453 454/454/454 455/455/455 
f 454/454/454 456/456/456 455/455/455 
f 455/455/455 456/456/456 457/457/457 
f 456/456/456 458/458/458 457/457/457 
f 457/457/457 458/458/458 459/459/459 
f 458/458/458 458/458/458 459/459/459 
f 459/459/459 458/458/458 460/460/460 
f 458/458/458 458/458/458 460/460/460 
f 460/460/460 458/458/458 461/461/461 
f 458/458/458 458/458/458 461/461/461 
f 461/461/461 458/458/458 462/462/462 
f 458/458/458 456/456/456 462/462/462 
f 462/462/462 456/456/456 463/463/463 
f 456/456/456 454/454/454 463/463/463 
f 463/463/463 454/454/454 464/464/464 
f 454/454/454 454/454/454 464/464/464 
f 464/464/464 454/454/454 465/465/465 
f 454/454/454 452/452/452 465/465/465 
f 465/465/465 452/452/452 465/465/465 
f 452/452/452 450/450/450 465/465/465 
f 465/465/465 450/450/450 466/466/466 
f 450/450/450 448/448/448 466/466/466 
f 466/466/466 448/448/448 467/467/467 
f 448/448/448 448/448/448 467/467/467 
f 467/467/467 448/448/448 468/468/468 
f 448/448/448 446/446/446 468/468/468 
f 468/468/468 446/446/446 469/469/469 
f 446/446/446 444/444/444 469/469/469 
f 469/469/469 444/444/444 470/470/470 
f 444/444/444 442/442/442 470/470/470 
f 470/470/470 442/442/442 471/471/471 
f 442/442/442 440/440/440 471/471/471 
f 471/471/471 440/440/440 471/471/471 
f 440/440/440 435/435/435 471/471/471 
f 471/471/471 435/435/435 472/472/472 
f 435/435/435 435/435/435 472/472/472 
f 472/472/472 435/435/435 473/473/473 
f 435/435/435 437/437/437 473/473/473 
f 473/473/473 437/437/437 474/474/474 
f 437/437/437 438/438/438 474/474/474 
f 474/474/474 438/438/438 474/474/474 
f 438/438/438 460/460/460 474/474/474 
f 474/474/474 460/460/460 474/474/474 
f 460/460/460 461/461/461 474/474/474 
f 474/474/474 461/461/461 475/475/475 
f 461/461/461 462/462/462 475/475/475 
f 475/475/475 462/462/462 476/476/476 
f 462/462/462 463/463/463 476/476/476 
f 476/476/476 463/463/463 477/477/477 
f 463/463/463 463/463/463 477/477/477 
f 477/477/477 463/463/463 478/478/478 
f 463/463/463 463/463/463 478/478/478 
f 478/478/478 463/463/463 479/479/479 
f 463/463/463 464/464/464 479/479/479 
f 479/479/479 464/464/464 480/480/480 
f 464/464/464 465/465/465 480/480/480 
f 480/480/480 465/465/465 481/481/481 
f 465/465/465 466/466/466 481/481/481 
f 481/481/481 466/466/466 482/482/482 
f 466/466/466 467/467/467 482/482/482 
f 482/482/482 467/467/467 483/483/483 
f 467/467/467 468/468/468 483/483/483 
f 483/483/483 468/468/468 484/484/484 
f 468/468/468 469/469/469 484/484/484 
f 484/484/484 469/469/469 485/485/485 
f 469/469/469 470/470/470 485/485/485 
f 485/485/485 470/470/470 486/486/486 
f 470/470/470 471/471/471 486/486/486 
f 486/486/486 471/471/471 487/487/487 
f 471/471/471 472/472/472 487/487/487 
f 487/487/487 472/472/472 488/488/488 
f 472/472/472 473/473/473 488/488/488 
f 488/488/488 473/473/473 489/489/489 
f 473/473/473 473/473/473 489/489/489 
f 489/489/489 473/473/473 490/490/490 
f 473/473/473 474/474/474 490/490/490 
f 490/490/490 474/474/474 490/490/490 
f 474/474/474 475/475/475 490/490/490 
f 490/490/490 475/475/475 491/491/491 
f 475/475/475 476/476/476 491/491/491 
f 491/491/491 476/476/476 492/492/492 
f 476/476/476 476/476/476 492/492/492 
f 492/492/492 476/476/476 493/493/493 
f 476/476/476 477/477/477 493/493/493 
f 493/493/493 477/477/477 494/494/494 
f 477/477/477 478/478/478 494/494/494 
f 494/494/494 478/478/478 478/478/478 
f 478/478/478 494/494/494 478/478/478 
f 478/478/478 494/494/494 494/494/494 
f 494/494/494 495/495/495 494/494/494 
f 494/494/494 495/495/495 493/493/493 
f 495/495/495 495/495/495 493/493/493 
f 493/493/493 495/495/495 496/496/496 
f 495/495/495 497/497/497 496/496/496 
f 496/496/496 497/497/497 498/498/498 
f 497/497/497 499/499/499 498/498/498 
f 498/498/498 499/499/499 500/500/500 
f 499/499/499 499/499/499 500/500/500 
f 500/500/500 499/499/499 501/501/501 
f 499/499/499 502/502/502 501/501/501 
f 501/501/501 502/502/502 501/501/501 
f 502/502/502 503/503/503 501/501/501 
f 501/501/501 503/503/503 504/504/504 
f 503/503/503 505/505/505 504/504/504 
f 504/504/504 505/505/505 506/506/506 
f 505/505/505 507/507/507 506/506/506 
f 506/506/506 507/507/507 508/508/508 
f 507/507/507 509/509/509 508/508/508 
f 508/508/508 509/509/509 510/510/510 
f 509/509/509 511/511/511 510/510/510 
f 510/510/510 511/511/511 490/490/490 
f 511/511/511 489/489/489 490/490/490 
f 490/490/490 489/489/489 489/489/489 
f 489/489/489 496/496/496 489/489/489 
f 489/489/489 496/496/496 496/496/496 
f 496/496/496 498/498/498 496/496/496 
f 496/496/496 498/498/498 500/500/500 
f 498/498/498 500/500/500 500/500/500 
f 500/500/500 500/500/500 506/506/506 
f 500/500/500 506/506/506 506/506/506 
f 506/506/506 506/506/506 504/504/504 
f 506/506/506 501/501/501 504/504/504 
f 504/504/504 501/501/501 501/501/501 
f 501/501/501 490/490/490 501/501/501 
f 501/501/501 490/490/490 490/490/490 
f 490/490/490 491/491/491 490/490/490 
f 490/490/490 491/491/491 510/510/510 
f 491/491/491 512/512/512 510/510/510 
f 510/510/510 512/512/512 508/508/508 
f 512/512/512 508/508/508 508/508/508 
f 508/508/508 508/508/508 491/491/491 
f 508/508/508 491/491/491 491/491/491 
f 491/491/491 491/491/491 512/512/512 
f 491/491/491 492/492/492 512/512/512 
f 512/512/512 492/492/492 513/513/513 
f 492/492/492 493/493/493 513/513/513 
f 513/513/513 493/493/493 513/513/513 
f 493/493/493 496/496/496 513/513/513 
f 513/513/513 496/496/496 513/513/513 
f 496/496/496 500/500/500 513/513/513 
f 513/513/513 500/500/500 514/514/514 
f 500/500/500 501/501/501 514/514/514 
f 514/514/514 501/501/501 514/514/514 
f 501/501/501 506/506/506 514/514/514 
f 514/514/514 506/506/506 514/514/514 
f 506/506/506 508/508/508 514/514/514 
f 514/514/514 508/508/508 514/514/514 
f 508/508/508 512/512/512 514/514/514 
f 514/514/514 512/512/512 513/513/513 

