# Blender 4.5.10 LTS
# www.blender.org
mtllib miku1.mtl
o miku1
v 0.571368 -0.332467 19.535431
v 0.569181 -0.334530 19.540102
v 0.569728 -0.331976 19.530283
v 0.563166 -0.337674 19.542582
v 0.563712 -0.334235 19.528187
v 0.556056 -0.340261 19.540293
v 0.556603 -0.337706 19.529902
v 0.553322 -0.340392 19.534763
v 0.626054 -0.312787 19.528187
v 0.635350 -0.310756 19.540960
v 0.610195 -0.318681 19.524181
v 0.589414 -0.328472 19.529902
v 0.635350 -0.313311 19.558311
v 0.575196 -0.337674 19.550970
v 0.626600 -0.319074 19.571276
v 0.573009 -0.341079 19.566891
v 0.609101 -0.328112 19.581667
v 0.578477 -0.340752 19.580429
v 0.593242 -0.335414 19.585863
v -0.460541 -0.356273 19.529234
v -0.463276 -0.356372 19.535431
v -0.462182 -0.355095 19.522562
v -0.470932 -0.356372 19.538578
v -0.470385 -0.353654 19.519796
v -0.480228 -0.354374 19.535717
v -0.479134 -0.352344 19.522085
v -0.484056 -0.352344 19.528473
v -0.407497 -0.373465 19.517984
v -0.399841 -0.377788 19.531809
v -0.423902 -0.369175 19.513599
v -0.445776 -0.365311 19.519796
v -0.458354 -0.364787 19.535717
v -0.401481 -0.377067 19.550398
v -0.410231 -0.375037 19.564604
v -0.463822 -0.364165 19.556690
v -0.426637 -0.371566 19.575949
v -0.459448 -0.365082 19.572039
v -0.443042 -0.368258 19.579380
v -0.287591 -0.583794 19.855499
v -0.342081 -0.580649 19.892263
v -0.344676 -0.578553 19.883436
v -0.404357 -0.569501 19.906425
v -0.400897 -0.572646 19.921268
v -0.457983 -0.558544 19.921656
v -0.455388 -0.561402 19.938826
v -0.519393 -0.542537 19.933199
v -0.519393 -0.545300 19.952309
v -0.589453 -0.526148 19.959972
v -0.590317 -0.522146 19.941929
v -0.661242 -0.500899 19.958323
v -0.660377 -0.499088 19.942997
v -0.731302 -0.471933 19.951145
v -0.730437 -0.471171 19.938728
v -0.803091 -0.436393 19.938244
v -0.801361 -0.435250 19.928251
v -0.885260 -0.388752 19.913120
v 0.287591 -0.583794 19.855499
v 0.344676 -0.578553 19.883436
v 0.342081 -0.580649 19.892263
v 0.404357 -0.569501 19.906425
v 0.400897 -0.572646 19.921268
v 0.457983 -0.558544 19.921656
v 0.455388 -0.561402 19.938826
v 0.519393 -0.542537 19.933199
v 0.519393 -0.545300 19.952309
v 0.589452 -0.526148 19.959972
v 0.590317 -0.522146 19.941929
v 0.661242 -0.500899 19.958323
v 0.660377 -0.499088 19.942997
v 0.731302 -0.471933 19.951145
v 0.730437 -0.471171 19.938728
v 0.803091 -0.436393 19.938244
v 0.801361 -0.435250 19.928251
v 0.885260 -0.388752 19.913120
v -2.883418 4.848896 7.184559
v -2.792861 5.089318 7.348635
v -2.739350 5.237814 7.334368
v -2.829907 5.459380 7.569780
v -2.825790 5.237814 7.591181
v -3.134508 5.527735 7.947867
v -3.118043 5.256671 7.926466
v -3.550247 5.068105 8.340222
v -3.274460 5.020963 8.361624
v -3.513201 4.841825 8.796781
v -3.788988 4.832397 8.761112
v -3.863081 4.485906 9.196269
v -3.533782 4.551904 9.203403
v -3.574944 5.362740 8.368757
v -3.830151 5.079890 8.825315
v -3.788988 4.832397 8.761112
v -3.916591 4.747541 9.289007
v -3.863081 4.485906 9.196269
v -2.891650 5.152959 7.962135
v -2.681722 5.176530 7.619716
v -2.825790 5.237814 7.591181
v -2.792861 5.089318 7.348635
v -2.677606 5.094032 7.370036
v -2.883418 4.848896 7.184559
v -3.863081 4.485906 9.196269
v -3.533782 4.551904 9.203403
v -3.801337 4.165343 9.581490
v -3.434993 4.200699 9.567223
v -3.225065 3.854208 10.009513
v -2.718769 3.851851 9.838304
v -2.998672 4.372766 9.281874
v -2.422400 4.551904 9.310409
v -2.175426 4.101702 9.802635
v -2.027242 4.632045 9.923908
v -1.854360 4.351552 10.152187
v -2.027242 3.891922 10.102251
v -1.920220 3.693927 10.530274
v -1.697943 4.120559 10.587344
v -1.706176 4.007419 11.172309
v -1.953150 3.533646 11.100972
v -1.874941 4.042775 11.921350
v -3.611990 3.882493 10.087984
v -2.171310 4.957322 9.403147
v -2.270099 3.446434 10.451803
v -2.883418 3.472362 10.458938
v -3.459690 3.620858 10.544542
v -3.719012 4.089917 10.608746
v -3.805453 4.306768 10.059449
v -3.801337 4.165343 9.581490
v -3.867197 4.500049 9.674228
v -3.863081 4.485906 9.196269
v -3.916591 4.747541 9.289007
v -3.533782 4.551904 9.203403
v -3.616107 5.098747 9.417415
v -3.768407 4.936109 10.030914
v -3.402063 5.416953 10.066583
v -3.562596 5.049248 10.630147
v -3.204484 5.464095 10.658682
v -3.085113 5.787014 10.066583
v -2.883418 5.973223 9.431682
v -3.204484 5.603162 9.424548
v -3.834267 4.667401 10.615879
v -3.838383 4.271412 11.215112
v -3.690199 3.908422 11.165175
v -3.632571 3.762283 11.928484
v -3.443225 3.455862 11.158042
v -3.566712 4.688615 11.250780
v -3.599642 4.490621 11.864280
v -3.579061 4.382195 12.563385
v -3.105694 4.745185 11.871414
v -3.188019 4.624974 12.627588
v -3.377365 4.283197 13.205420
v -3.698431 3.988562 12.613320
v -3.542015 3.865994 13.077013
v -3.455574 3.679785 13.526437
v -3.389714 3.470005 13.412297
v -3.303273 3.590216 12.948606
v -3.698431 3.988562 12.613320
v -3.348552 3.797639 12.577652
v -3.179786 5.013892 11.243647
v -3.303273 3.590216 12.948606
v -3.064532 3.279081 12.877269
v -3.150973 3.491219 12.520582
v -2.809325 3.269653 12.534850
v -3.311506 3.479433 11.907083
v -3.031602 3.147085 13.205420
v -2.727001 2.939662 13.105548
v -2.599398 2.692168 13.583507
v -2.274216 2.904305 13.034210
v -2.056056 2.442318 13.554972
v -1.990196 3.088158 13.091280
v -1.780268 2.741667 13.604908
v -1.953150 3.451148 13.134083
v -2.249518 3.470005 12.577652
v -2.496492 3.267296 12.541984
v -2.796977 3.352151 11.864280
v -2.936929 3.361579 11.129507
v -2.611747 3.165941 11.150908
v -2.591165 3.217797 10.480338
v -2.451214 3.260225 11.871414
v -2.270099 3.371007 11.136641
v -2.130148 3.531289 11.864280
v -1.981963 3.783496 12.606187
v -2.591165 3.217797 10.480338
v -1.870825 4.221913 12.613320
v -1.743222 3.901350 13.226821
v -1.817314 3.217797 13.690513
v -1.726757 2.541315 14.147071
v -1.928452 2.310321 14.082867
v -2.570584 2.432889 14.075733
v -1.660897 3.708070 13.747582
v -1.689711 3.465291 14.268344
v -1.788501 2.934947 14.197006
v -1.846128 2.760524 14.817640
v -1.862593 3.236654 14.888977
v -2.002544 2.897234 15.516745
v -2.039591 2.619099 15.509611
v -1.907871 2.654455 16.123112
v -2.109566 2.442318 16.123112
v -1.730873 2.487103 16.672407
v -1.776152 2.437604 14.824774
v -1.940801 2.220752 14.831907
v -2.163077 2.185396 15.531013
v -1.981963 2.381034 15.523878
v -2.097218 2.218395 16.123112
v -2.035474 2.126469 16.665274
v -1.903755 1.900190 17.157501
v -1.619735 2.251395 17.171768
v -1.578573 2.145326 17.678263
v -1.759687 1.817692 17.699663
v -2.027242 1.617340 17.150366
v -2.208356 1.836549 16.665274
v -2.331843 2.039258 16.123112
v -2.500608 1.638554 16.679541
v -2.265983 1.579627 17.157501
v -2.500608 1.459416 17.171768
v -2.183659 1.433488 17.685396
v -2.426516 1.440559 17.706797
v -2.006661 1.603198 18.170488
v -1.883174 1.577270 17.642593
v -1.726757 1.845977 18.177622
v -1.615619 2.159469 18.170488
v -1.512713 1.942617 18.591377
v -1.438621 2.204253 18.612780
v -1.335715 2.171254 19.012268
v -1.422156 1.888405 18.948065
v -1.360413 1.636197 19.283348
v -1.319250 1.999187 19.390354
v -1.261623 1.845977 19.704239
v -1.335715 1.353347 19.604366
v -1.294553 1.214280 19.953918
v -1.203996 1.619698 20.053791
v -1.084625 1.442917 20.310604
v -1.241042 1.148282 20.253534
v -1.154601 1.178924 20.460413
v -0.932325 1.416989 20.453279
v -1.026998 1.270850 20.653023
v -1.282204 1.263778 20.688692
v -1.035230 1.313277 20.795698
v -1.294553 1.329777 20.838499
v -1.669130 1.409917 20.788565
v -1.438621 1.261421 20.531750
v -1.241042 1.148282 20.253534
v -1.455086 1.209566 20.289204
v -1.537410 1.242565 19.953918
v -1.656781 1.320348 20.346273
v -1.784384 1.421703 20.396210
v -1.944917 1.534843 20.603086
v -1.957266 1.523057 20.125128
v -2.150729 1.669196 20.332006
v -1.903755 1.416989 20.046658
v -1.718525 1.360419 19.989588
v -2.101334 1.709267 19.804111
v -2.002544 1.508915 19.732773
v -2.191891 1.923761 19.468826
v -2.294797 1.923761 19.918249
v -2.315378 2.117041 19.547297
v -2.245402 2.300894 19.147808
v -2.253634 2.036901 19.126408
v -2.072520 1.775265 18.998001
v -2.056056 1.626769 19.319017
v -1.751454 1.395775 19.647169
v -1.545643 1.254350 19.590099
v -1.512713 1.374561 19.219145
v -1.759687 1.466487 19.247681
v -1.829663 1.624412 18.933796
v -1.557992 1.645625 18.919529
v -1.640316 1.775265 18.598513
v -1.804965 1.624412 18.584244
v -2.282448 1.605555 18.199024
v -2.072520 1.617340 18.598513
v -2.311262 1.827120 18.627047
v -2.537654 2.164183 18.641314
v -2.368889 2.442318 18.555710
v -2.492376 2.430533 18.177622
v -2.607630 2.091113 18.191891
v -2.484143 1.798836 18.199024
v -2.537654 1.709266 17.706797
v -2.500608 1.459416 17.171768
v -2.632328 1.742265 17.207436
v -2.673490 1.817692 16.693810
v -2.665257 2.128826 16.123112
v -2.591165 2.300893 15.559547
v -2.323611 2.208967 14.831907
v -2.224821 2.157111 14.082867
v -2.570584 2.371606 14.824774
v -2.920464 2.576671 14.118536
v -3.027486 2.840664 13.640576
v -3.303273 3.590216 12.948606
v -3.496736 4.127630 13.804652
v -3.278576 3.594930 14.204141
v -3.332087 3.260225 13.818919
v -3.146857 2.894877 14.189873
v -2.846372 2.472960 14.831907
v -2.969859 2.397534 15.559547
v -2.969859 2.183039 16.123112
v -2.949277 2.095827 16.715210
v -3.068648 2.675669 14.881844
v -3.196251 2.602600 15.566681
v -3.155089 2.430533 16.180182
v -3.093345 3.128228 14.888977
v -3.142740 3.026874 15.687954
v -3.043951 2.774666 16.215849
v -2.805209 2.543673 16.736610
v -2.710536 2.982090 16.201582
v -2.554119 3.154156 16.715210
v -2.698187 2.826522 17.200302
v -2.484143 3.194227 17.200302
v -2.430632 3.029231 17.692530
v -2.570584 2.597886 17.699663
v -2.401819 2.727525 18.177622
v -2.484143 2.166540 17.663994
v -2.698187 2.069900 17.186035
v -2.636444 2.366892 17.207436
v -2.401819 2.727525 18.177622
v -2.109566 2.418748 18.619913
v -2.084869 2.553101 18.177622
v -2.060172 2.923163 17.692530
v -2.430632 3.029231 17.692530
v -2.023126 3.043374 17.193169
v -2.484143 3.194227 17.200302
v -2.130148 3.081087 16.665274
v -2.554119 3.154156 16.715210
v -2.373005 3.038659 16.165913
v -2.710536 2.982090 16.201582
v -2.397702 3.198941 15.609483
v -2.731117 3.484148 15.773559
v -2.010777 2.850093 16.137379
v -1.879058 2.706311 16.658140
v -1.903755 2.652098 17.207436
v -1.957266 2.609671 17.685396
v -1.739106 2.472960 18.177622
v -1.623851 2.515388 17.692530
v -1.706176 2.609671 17.178902
v -1.730873 2.487103 16.672407
v -1.907871 2.654455 16.123112
v -2.002544 2.897234 15.516745
v -2.084869 3.526575 14.917512
v -2.323611 3.700999 15.231396
v -2.183659 3.851852 14.739169
v -2.632328 3.802353 15.295600
v -2.566468 3.875423 14.610763
v -2.982207 3.554860 15.295600
v -1.862593 3.236654 14.888977
v -2.903999 3.526575 14.696367
v -2.916348 3.847137 14.175606
v -3.278576 3.594930 14.204141
v -3.097462 4.287911 13.704780
v -3.496736 4.127630 13.804652
v -2.768163 4.780541 12.627588
v -2.615863 4.681544 13.219687
v -2.500608 4.445836 13.740449
v -2.492376 4.716900 11.957019
v -2.866953 4.980893 11.207978
v -2.447097 4.969108 11.236513
v -2.866953 5.157674 10.630147
v -2.447097 5.028035 10.644414
v -2.846372 5.391025 10.045181
v -3.204484 5.464095 10.658682
v -3.085113 5.787014 10.066583
v -2.883418 5.973223 9.431682
v -2.669374 5.553663 9.474484
v -2.356540 5.079890 10.002379
v -2.171310 4.957322 9.403147
v -2.027242 4.632045 9.923908
v -2.064288 4.636759 10.615879
v -1.854360 4.351552 10.152187
v -1.697943 4.120559 10.587344
v -2.158961 4.535405 11.207978
v -1.706176 4.007419 11.172309
v -2.158961 4.417551 11.914216
v -2.216588 4.676830 12.620455
v -2.084869 4.523620 13.219687
v -2.010777 4.337410 13.761849
v -1.730873 4.327982 13.262489
v -1.870825 4.221913 12.613320
v -1.743222 3.901350 13.226821
v -1.660897 3.708070 13.747582
v -1.673246 4.195985 13.776117
v -1.739106 3.887208 14.261210
v -1.689711 3.465291 14.268344
v -2.014893 4.014490 14.239809
v -1.874941 4.042775 11.921350
v -1.673246 4.195985 13.776117
v -2.459446 4.092274 14.161338
v -1.619735 2.251395 17.171768
v -1.578573 2.145326 17.678263
v -1.615619 2.159469 18.170488
v -1.677362 2.331536 18.619913
v -1.677362 2.315036 19.076471
v -1.335715 2.171254 19.012268
v -1.508597 2.263180 19.504494
v -1.319250 1.999187 19.390354
v -1.422156 2.197182 19.846912
v -1.261623 1.845977 19.704239
v -1.265739 2.055757 20.225000
v -1.203996 1.619698 20.053791
v -1.125787 1.883690 20.424744
v -1.084625 1.442917 20.310604
v -1.010533 1.723409 20.531750
v -0.932325 1.416989 20.453279
v -0.895279 1.551342 20.595953
v -1.438621 2.204253 18.612780
v -1.335715 1.956760 20.574553
v -1.010533 1.723409 20.531750
v -1.142252 1.718695 20.702959
v -0.895279 1.551342 20.595953
v -0.940557 1.468844 20.795698
v -1.311018 1.671553 20.809965
v -1.278088 1.445274 20.867035
v -1.525062 1.539557 20.831366
v -1.294553 1.329777 20.838499
v -1.669130 1.409917 20.788565
v -1.813198 1.718695 20.695826
v -1.944917 1.534843 20.603086
v -2.035474 1.919047 20.410477
v -2.150729 1.669196 20.332006
v -2.142496 2.145326 19.968185
v -2.294797 1.923761 19.918249
v -2.191891 2.296179 19.590099
v -2.315378 2.117041 19.547297
v -2.010777 2.458818 19.112141
v -1.689711 2.442318 19.547297
v -1.632084 2.362178 19.946785
v -1.512713 2.180682 20.353407
v -1.035230 1.313277 20.795698
v -1.916104 2.303251 19.968185
v -1.998428 2.409319 19.604366
v -1.804965 2.091113 20.396210
v -1.586805 1.876619 20.674425
v -2.591165 3.217797 10.480338
v -2.270099 3.446434 10.451803
v -2.508841 3.467648 9.831170
v -2.241286 3.599644 9.888240
v -2.060172 4.063988 9.467350
v -2.261867 3.898993 9.360345
v -1.932569 4.476478 9.053595
v -1.854360 4.551904 9.203403
v -1.636200 5.028034 8.975123
v -1.636200 5.075176 9.103531
v -1.397459 5.680945 9.067862
v -1.710292 5.145888 8.875252
v -2.080753 4.599046 8.996525
v -2.471795 4.063988 9.374612
v -2.508841 3.467648 9.831170
v -2.702304 3.672713 9.802635
v -2.591165 3.217797 10.480338
v -2.883418 3.472362 10.458938
v -2.171310 4.957322 9.403147
v -2.043707 4.966750 8.775379
v -2.422400 4.551904 9.310409
v -2.451214 4.624973 8.732577
v -1.924336 4.650901 8.283153
v -2.364773 4.337409 8.240351
v -1.895522 4.153557 7.805193
v -2.389470 4.139415 7.805193
v -1.981963 3.986205 7.405704
v -2.475911 4.080488 7.412838
v -2.105450 3.946134 7.070420
v -2.582933 4.113487 7.120356
v -2.591165 4.104059 6.799338
v -2.714652 4.335052 6.813606
v -2.665257 4.207770 6.592461
v -2.862837 4.547190 6.635263
v -2.805209 4.474120 6.378449
v -2.994556 4.728685 6.563926
v -2.941045 4.735756 6.378449
v -3.105694 4.938465 6.435519
v -3.113927 4.910180 6.556792
v -3.253878 5.141174 6.635263
v -2.340075 4.066346 6.735135
v -2.587049 4.297339 6.456920
v -2.768163 4.495334 6.321379
v -2.854604 4.636759 6.264309
v -2.587049 4.297339 6.456920
v -2.768163 4.495334 6.321379
v -2.718769 4.530690 6.364182
v -2.854604 4.636759 6.264309
v -2.669374 5.553663 9.474484
v -2.718769 5.617304 8.803914
v -2.883418 5.973223 9.431682
v -2.920464 5.822370 8.782514
v -3.039834 5.398096 8.261751
v -3.533782 4.551904 9.203403
v -3.315622 4.789969 8.732577
v -2.998672 4.372766 9.281874
v -2.998672 4.650901 8.725444
v -2.422400 4.551904 9.310409
v -2.451214 4.624973 8.732577
v -2.965742 4.705114 8.204681
v -2.364773 4.337409 8.240351
v -2.714652 4.577832 7.790926
v -2.389470 4.139415 7.805193
v -2.500608 4.467049 7.405704
v -2.475911 4.080488 7.412838
v -2.405935 4.396337 7.070420
v -2.582933 4.113487 7.120356
v -2.430632 4.396337 6.770803
v -2.714652 4.335052 6.813606
v -2.628211 4.566047 6.513990
v -2.862837 4.547190 6.635263
v -2.858720 4.773469 6.449786
v -2.994556 4.728685 6.563926
v -3.035718 4.947894 6.492589
v -3.113927 4.910180 6.556792
v -3.253878 5.141174 6.635263
v -2.883418 5.973223 9.431682
v -3.204484 5.603162 9.424548
v -2.920464 5.822370 8.782514
v -3.039834 5.610233 8.782514
v -3.039834 5.398096 8.261751
v -3.533782 4.551904 9.203403
v -3.616107 5.098747 9.417415
v -3.315622 4.789969 8.732577
v -3.360900 5.207172 8.746844
v -2.965742 4.705114 8.204681
v -2.965742 5.127031 8.211816
v -2.714652 4.577832 7.790926
v -2.467679 4.822968 7.790926
v -2.500608 4.467049 7.405704
v -3.204484 5.603162 9.424548
v -2.932812 5.541878 8.768246
v -2.669374 5.553663 9.474484
v -2.356540 5.426381 8.725444
v -2.171310 4.957322 9.403147
v -2.043707 4.966750 8.775379
v -2.163077 5.202458 8.226083
v -2.615863 5.306170 8.254618
v -1.924336 4.650901 8.283153
v -1.977847 4.761684 7.805193
v -1.895522 4.153557 7.805193
v -1.936685 4.349195 7.398571
v -1.981963 3.986205 7.405704
v -2.031358 4.233698 7.063286
v -2.105450 3.946134 7.070420
v -2.340075 4.066346 6.735135
v -2.274216 4.287911 6.749403
v -2.492376 4.401051 6.513990
v -2.587049 4.297339 6.456920
v -2.718769 4.530690 6.364182
v -2.628211 4.566047 6.513990
v -2.430632 4.396337 6.770803
v -2.274216 4.287911 6.749403
v -2.228937 4.375123 7.091821
v -2.031358 4.233698 7.063286
v -2.200124 4.525976 7.384304
v -2.405935 4.396337 7.070420
v -2.858720 4.773469 6.449786
v -2.941045 4.735756 6.378449
v -2.805209 4.474120 6.378449
v -3.035718 4.947894 6.492589
v -3.105694 4.938465 6.435519
v -3.253878 5.141174 6.635263
v -3.579061 4.382195 12.563385
v -3.698431 3.988562 12.613320
v -3.891894 4.261984 11.899949
v -4.019497 3.939064 11.921350
v -4.155333 4.063989 11.379188
v -4.212960 3.745783 11.400588
v -4.155333 3.830638 10.915496
v -4.171798 3.606715 10.951164
v -3.982451 3.592573 10.615879
v -3.961870 3.755211 10.601612
v -3.677850 3.785853 10.273460
v -3.677850 3.785853 10.273460
v -3.982451 3.592573 10.615879
v -3.850732 3.561931 10.665815
v -4.171798 3.606715 10.951164
v -3.970103 3.493575 11.015368
v -4.212960 3.745783 11.400588
v -3.920708 3.602001 11.400588
v -3.632571 3.762283 11.928484
v -4.019497 3.939064 11.921350
v -3.348552 3.797639 12.577652
v -3.698431 3.988562 12.613320
v -2.224821 2.157111 14.082867
v -1.928452 2.310321 14.082867
v -2.311262 2.244323 13.497902
v -2.056056 2.442318 13.554972
v -2.422400 2.616742 13.005675
v -2.591165 2.496531 13.005675
v -3.188019 3.128228 12.577652
v -2.224821 2.157111 14.082867
v -2.311262 2.244323 13.497902
v -2.570584 2.432889 14.075733
v -2.545887 2.534244 13.547838
v -2.591165 2.496531 13.005675
v -2.768163 2.755810 13.091280
v -3.188019 3.128228 12.577652
v -3.455574 3.679785 13.526437
v -3.743710 4.302054 13.162618
v -3.496736 4.127630 13.804652
v -3.706664 4.707472 13.369495
v -3.871313 4.811183 12.727460
v -3.776640 5.181245 12.813065
v -3.854848 5.193030 12.156763
v -3.649036 5.487665 12.185298
v -3.566712 5.282599 11.593199
v -3.323854 5.560735 11.586065
v -3.068648 5.188316 11.079571
v -2.936929 5.416953 11.072437
v -2.488260 5.042177 10.658682
v -2.488260 5.042177 10.658682
v -2.784628 5.386311 11.222245
v -2.936929 5.416953 11.072437
v -3.068648 5.558378 11.678803
v -3.270343 5.518307 12.228100
v -3.373249 5.226029 12.820199
v -3.311506 4.832397 13.319559
v -3.706664 4.707472 13.369495
v -3.097462 4.287911 13.704780
v -3.496736 4.127630 13.804652
v -2.854604 4.636759 6.264309
v -2.805209 4.474120 6.378449
v -2.718769 4.530690 6.364182
v -3.455574 3.679785 13.526437
v -3.377365 4.283197 13.205420
v -3.743710 4.302054 13.162618
v -3.871313 4.811183 12.727460
v -3.311506 4.832397 13.319559
v -3.373249 5.226029 12.820199
v -3.854848 5.193030 12.156763
v -3.270343 5.518307 12.228100
v -3.566712 5.282599 11.593199
v -3.068648 5.558378 11.678803
v -3.068648 5.188316 11.079571
v -2.784628 5.386311 11.222245
v -2.488260 5.042177 10.658682
v -3.097462 4.287911 13.704780
v -2.570584 2.432889 14.075733
v -2.545887 2.534244 13.547838
v -2.056056 2.442318 13.554972
v -2.422400 2.616742 13.005675
v -2.768163 2.755810 13.091280
v -3.188019 3.128228 12.577652
v -3.579061 4.382195 12.563385
v -3.632571 3.762283 11.928484
v -3.891894 4.261984 11.899949
v -4.155333 4.063989 11.379188
v -3.920708 3.602001 11.400588
v -4.155333 3.830638 10.915496
v -3.970103 3.493575 11.015368
v -3.961870 3.755211 10.601612
v -3.850732 3.561931 10.665815
v -3.677850 3.785853 10.273460
v -1.397459 5.680945 9.067862
v -1.636200 5.075176 9.103531
v -1.710292 5.145888 8.875252
v -2.080753 4.599046 8.996525
v -1.854360 4.551904 9.203403
v -2.060172 4.063988 9.467350
v -2.471795 4.063988 9.374612
v -2.241286 3.599644 9.888240
v -2.702304 3.672713 9.802635
v -2.270099 3.446434 10.451803
v -2.883418 3.472362 10.458938
v -3.867197 4.500049 9.674228
v -3.533782 4.551904 9.203403
v -3.916591 4.747541 9.289007
v -3.513201 4.841825 8.796781
v -3.830151 5.079890 8.825315
v -3.574944 5.362740 8.368757
v -3.274460 5.020963 8.361624
v -3.134508 5.527735 7.947867
v -2.891650 5.152959 7.962135
v -2.829907 5.459380 7.569780
v -2.681722 5.176530 7.619716
v -2.739350 5.237814 7.334368
v -2.677606 5.094032 7.370036
v -2.883418 4.848896 7.184559
v -3.039834 5.398096 8.261751
v -3.039834 5.610233 8.782514
v -2.718769 5.617304 8.803914
v -2.669374 5.553663 9.474484
v -3.204484 5.603162 9.424548
v 2.883420 4.848896 7.184559
v 2.792863 5.089318 7.348635
v 2.739352 5.237814 7.334368
v 2.829910 5.459380 7.569780
v 2.825793 5.237814 7.591181
v 3.134511 5.527735 7.947867
v 3.118046 5.256671 7.926466
v 3.550250 5.068105 8.340222
v 3.274462 5.020963 8.361624
v 3.513204 4.841825 8.796781
v 3.788991 4.832397 8.761112
v 3.863083 4.485906 9.196269
v 3.533785 4.551904 9.203403
v 3.574947 5.362740 8.368757
v 3.830153 5.079890 8.825315
v 3.788991 4.832397 8.761112
v 3.916594 4.747541 9.289007
v 3.863083 4.485906 9.196269
v 2.891653 5.152959 7.962135
v 2.681725 5.176530 7.619716
v 2.825793 5.237814 7.591181
v 2.792863 5.089318 7.348635
v 2.677609 5.094032 7.370036
v 2.883420 4.848896 7.184559
v 3.863083 4.485906 9.196269
v 3.533785 4.551904 9.203403
v 3.801340 4.165343 9.581490
v 3.434995 4.200699 9.567223
v 3.225068 3.854208 10.009513
v 2.718771 3.851851 9.838304
v 2.998675 4.372766 9.281874
v 2.422403 4.551904 9.310409
v 2.175429 4.101702 9.802635
v 2.027245 4.632045 9.923908
v 1.854363 4.351552 10.152187
v 2.027245 3.891922 10.102251
v 1.920223 3.693927 10.530274
v 1.697946 4.120559 10.587344
v 1.706179 4.007419 11.172309
v 1.953153 3.533646 11.100972
v 1.874944 4.042775 11.921350
v 3.611993 3.882493 10.087984
v 2.171313 4.957322 9.403147
v 2.270102 3.446434 10.451803
v 2.883420 3.472362 10.458938
v 3.459693 3.620858 10.544542
v 3.719015 4.089917 10.608746
v 3.805456 4.306768 10.059449
v 3.801340 4.165343 9.581490
v 3.867199 4.500049 9.674228
v 3.863083 4.485906 9.196269
v 3.916594 4.747541 9.289007
v 3.533785 4.551904 9.203403
v 3.616109 5.098747 9.417415
v 3.768410 4.936109 10.030914
v 3.402066 5.416953 10.066583
v 3.562598 5.049248 10.630147
v 3.204486 5.464095 10.658682
v 3.085116 5.787014 10.066583
v 2.883420 5.973223 9.431682
v 3.204486 5.603162 9.424548
v 3.834270 4.667401 10.615879
v 3.838386 4.271412 11.215112
v 3.690202 3.908422 11.165175
v 3.632574 3.762283 11.928484
v 3.443228 3.455862 11.158042
v 3.566715 4.688615 11.250780
v 3.599644 4.490621 11.864280
v 3.579063 4.382195 12.563385
v 3.105697 4.745185 11.871414
v 3.188021 4.624974 12.627588
v 3.377368 4.283197 13.205420
v 3.698434 3.988562 12.613320
v 3.542017 3.865994 13.077013
v 3.455576 3.679785 13.526437
v 3.389717 3.470005 13.412297
v 3.303276 3.590216 12.948606
v 3.698434 3.988562 12.613320
v 3.348555 3.797639 12.577652
v 3.179789 5.013892 11.243647
v 3.303276 3.590216 12.948606
v 3.064535 3.279081 12.877269
v 3.150975 3.491219 12.520582
v 2.809328 3.269653 12.534850
v 3.311508 3.479433 11.907083
v 3.031605 3.147085 13.205420
v 2.727004 2.939662 13.105548
v 2.599401 2.692168 13.583507
v 2.274219 2.904305 13.034210
v 2.056058 2.442318 13.554972
v 1.990199 3.088158 13.091280
v 1.780271 2.741667 13.604908
v 1.953153 3.451148 13.134083
v 2.249521 3.470005 12.577652
v 2.496495 3.267296 12.541984
v 2.796980 3.352151 11.864280
v 2.936932 3.361579 11.129507
v 2.611749 3.165941 11.150908
v 2.591168 3.217797 10.480338
v 2.451216 3.260225 11.871414
v 2.270102 3.371007 11.136641
v 2.130150 3.531289 11.864280
v 1.981966 3.783496 12.606187
v 2.591168 3.217797 10.480338
v 1.870828 4.221913 12.613320
v 1.743225 3.901350 13.226821
v 1.817317 3.217797 13.690513
v 1.726760 2.541315 14.147071
v 1.928455 2.310321 14.082867
v 2.570587 2.432889 14.075733
v 1.660900 3.708070 13.747582
v 1.689714 3.465291 14.268344
v 1.788503 2.934947 14.197006
v 1.846131 2.760524 14.817640
v 1.862595 3.236654 14.888977
v 2.002547 2.897234 15.516745
v 2.039593 2.619099 15.509611
v 1.907874 2.654455 16.123112
v 2.109569 2.442318 16.123112
v 1.730876 2.487103 16.672407
v 1.776155 2.437604 14.824774
v 1.940804 2.220752 14.831907
v 2.163080 2.185396 15.531013
v 1.981966 2.381034 15.523878
v 2.097221 2.218395 16.123112
v 2.035477 2.126469 16.665274
v 1.903758 1.900190 17.157501
v 1.619738 2.251395 17.171768
v 1.578576 2.145326 17.678263
v 1.759690 1.817692 17.699663
v 2.027245 1.617340 17.150366
v 2.208359 1.836549 16.665274
v 2.331846 2.039258 16.123112
v 2.500611 1.638554 16.679541
v 2.265986 1.579627 17.157501
v 2.500611 1.459416 17.171768
v 2.183661 1.433488 17.685396
v 2.426519 1.440559 17.706797
v 2.006664 1.603198 18.170488
v 1.883177 1.577270 17.642593
v 1.726760 1.845977 18.177622
v 1.615622 2.159469 18.170488
v 1.512716 1.942617 18.591377
v 1.438624 2.204253 18.612780
v 1.335718 2.171254 19.012268
v 1.422159 1.888405 18.948065
v 1.360415 1.636197 19.283348
v 1.319253 1.999187 19.390354
v 1.261626 1.845977 19.704239
v 1.335718 1.353347 19.604366
v 1.294556 1.214280 19.953918
v 1.203999 1.619698 20.053791
v 1.084628 1.442917 20.310604
v 1.241045 1.148282 20.253534
v 1.154604 1.178924 20.460413
v 0.932328 1.416989 20.453279
v 1.027001 1.270850 20.653023
v 1.282207 1.263778 20.688692
v 1.035233 1.313277 20.795698
v 1.294556 1.329777 20.838499
v 1.669133 1.409917 20.788565
v 1.438624 1.261421 20.531750
v 1.241045 1.148282 20.253534
v 1.455089 1.209566 20.289204
v 1.537413 1.242565 19.953918
v 1.656784 1.320348 20.346273
v 1.784387 1.421703 20.396210
v 1.944920 1.534843 20.603086
v 1.957269 1.523057 20.125128
v 2.150732 1.669196 20.332006
v 1.903758 1.416989 20.046658
v 1.718527 1.360419 19.989588
v 2.101337 1.709267 19.804111
v 2.002547 1.508915 19.732773
v 2.191894 1.923761 19.468826
v 2.294800 1.923761 19.918249
v 2.315381 2.117041 19.547297
v 2.245405 2.300894 19.147808
v 2.253637 2.036901 19.126408
v 2.072523 1.775265 18.998001
v 2.056058 1.626769 19.319017
v 1.751457 1.395775 19.647169
v 1.545646 1.254350 19.590099
v 1.512716 1.374561 19.219145
v 1.759690 1.466487 19.247681
v 1.829666 1.624412 18.933796
v 1.557994 1.645625 18.919529
v 1.640319 1.775265 18.598513
v 1.804968 1.624412 18.584244
v 2.282451 1.605555 18.199024
v 2.072523 1.617340 18.598513
v 2.311265 1.827120 18.627047
v 2.537657 2.164183 18.641314
v 2.368892 2.442318 18.555710
v 2.492379 2.430533 18.177622
v 2.607633 2.091113 18.191891
v 2.484146 1.798836 18.199024
v 2.537657 1.709266 17.706797
v 2.500611 1.459416 17.171768
v 2.632330 1.742265 17.207436
v 2.673493 1.817692 16.693810
v 2.665260 2.128826 16.123112
v 2.591168 2.300893 15.559547
v 2.323613 2.208967 14.831907
v 2.224824 2.157111 14.082867
v 2.570587 2.371606 14.824774
v 2.920467 2.576671 14.118536
v 3.027488 2.840664 13.640576
v 3.303276 3.590216 12.948606
v 3.496739 4.127630 13.804652
v 3.278579 3.594930 14.204141
v 3.332090 3.260225 13.818919
v 3.146859 2.894877 14.189873
v 2.846375 2.472960 14.831907
v 2.969861 2.397534 15.559547
v 2.969861 2.183039 16.123112
v 2.949280 2.095827 16.715210
v 3.068651 2.675669 14.881844
v 3.196254 2.602600 15.566681
v 3.155092 2.430533 16.180182
v 3.093348 3.128228 14.888977
v 3.142743 3.026874 15.687954
v 3.043953 2.774666 16.215849
v 2.805212 2.543673 16.736610
v 2.710539 2.982090 16.201582
v 2.554122 3.154156 16.715210
v 2.698190 2.826522 17.200302
v 2.484146 3.194227 17.200302
v 2.430635 3.029231 17.692530
v 2.570587 2.597886 17.699663
v 2.401822 2.727525 18.177622
v 2.484146 2.166540 17.663994
v 2.698190 2.069900 17.186035
v 2.636447 2.366892 17.207436
v 2.401822 2.727525 18.177622
v 2.109569 2.418748 18.619913
v 2.084872 2.553101 18.177622
v 2.060174 2.923163 17.692530
v 2.430635 3.029231 17.692530
v 2.023129 3.043374 17.193169
v 2.484146 3.194227 17.200302
v 2.130150 3.081087 16.665274
v 2.554122 3.154156 16.715210
v 2.373008 3.038659 16.165913
v 2.710539 2.982090 16.201582
v 2.397705 3.198941 15.609483
v 2.731120 3.484148 15.773559
v 2.010780 2.850093 16.137379
v 1.879060 2.706311 16.658140
v 1.903758 2.652098 17.207436
v 1.957269 2.609671 17.685396
v 1.739109 2.472960 18.177622
v 1.623854 2.515388 17.692530
v 1.706179 2.609671 17.178902
v 1.730876 2.487103 16.672407
v 1.907874 2.654455 16.123112
v 2.002547 2.897234 15.516745
v 2.084872 3.526575 14.917512
v 2.323613 3.700999 15.231396
v 2.183661 3.851852 14.739169
v 2.632330 3.802353 15.295600
v 2.566471 3.875423 14.610763
v 2.982210 3.554860 15.295600
v 1.862595 3.236654 14.888977
v 2.904002 3.526575 14.696367
v 2.916350 3.847137 14.175606
v 3.278579 3.594930 14.204141
v 3.097465 4.287911 13.704780
v 3.496739 4.127630 13.804652
v 2.768166 4.780541 12.627588
v 2.615865 4.681544 13.219687
v 2.500611 4.445836 13.740449
v 2.492379 4.716900 11.957019
v 2.866956 4.980893 11.207978
v 2.866956 5.157674 10.630147
v 3.204486 5.464095 10.658682
v 2.846375 5.391025 10.045181
v 3.085116 5.787014 10.066583
v 2.883420 5.973223 9.431682
v 2.669377 5.553663 9.474484
v 2.356543 5.079890 10.002379
v 2.171313 4.957322 9.403147
v 2.027245 4.632045 9.923908
v 2.064291 4.636759 10.615879
v 1.854363 4.351552 10.152187
v 1.697946 4.120559 10.587344
v 2.158964 4.535405 11.207978
v 1.706179 4.007419 11.172309
v 2.158964 4.417551 11.914216
v 1.874944 4.042775 11.921350
v 1.870828 4.221913 12.613320
v 2.216591 4.676830 12.620455
v 2.447100 4.969108 11.236513
v 2.447100 5.028035 10.644414
v 2.084872 4.523620 13.219687
v 1.730876 4.327982 13.262489
v 1.743225 3.901350 13.226821
v 1.660900 3.708070 13.747582
v 1.673249 4.195985 13.776117
v 1.739109 3.887208 14.261210
v 1.689714 3.465291 14.268344
v 2.014896 4.014490 14.239809
v 2.010780 4.337410 13.761849
v 1.673249 4.195985 13.776117
v 2.459449 4.092274 14.161338
v 1.619738 2.251395 17.171768
v 1.578576 2.145326 17.678263
v 1.615622 2.159469 18.170488
v 1.677365 2.331536 18.619913
v 1.438624 2.204253 18.612780
v 1.335718 2.171254 19.012268
v 1.677365 2.315036 19.076471
v 1.508600 2.263180 19.504494
v 1.319253 1.999187 19.390354
v 1.422159 2.197182 19.846912
v 1.261626 1.845977 19.704239
v 1.265742 2.055757 20.225000
v 1.203999 1.619698 20.053791
v 1.125790 1.883690 20.424744
v 1.084628 1.442917 20.310604
v 1.010536 1.723409 20.531750
v 0.932328 1.416989 20.453279
v 0.895281 1.551342 20.595953
v 1.335718 1.956760 20.574553
v 1.010536 1.723409 20.531750
v 1.142255 1.718695 20.702959
v 0.895281 1.551342 20.595953
v 0.940560 1.468844 20.795698
v 1.311021 1.671553 20.809965
v 1.278091 1.445274 20.867035
v 1.525065 1.539557 20.831366
v 1.294556 1.329777 20.838499
v 1.669133 1.409917 20.788565
v 1.813201 1.718695 20.695826
v 1.944920 1.534843 20.603086
v 2.035477 1.919047 20.410477
v 2.150732 1.669196 20.332006
v 2.142499 2.145326 19.968185
v 2.294800 1.923761 19.918249
v 2.191894 2.296179 19.590099
v 2.315381 2.117041 19.547297
v 2.010780 2.458818 19.112141
v 1.035233 1.313277 20.795698
v 1.689714 2.442318 19.547297
v 1.632087 2.362178 19.946785
v 1.512716 2.180682 20.353407
v 1.916106 2.303251 19.968185
v 1.998431 2.409319 19.604366
v 1.804968 2.091113 20.396210
v 1.586808 1.876619 20.674425
v 2.591168 3.217797 10.480338
v 2.270102 3.446434 10.451803
v 2.508844 3.467648 9.831170
v 2.241289 3.599644 9.888240
v 2.060174 4.063988 9.467350
v 2.261870 3.898993 9.360345
v 1.932571 4.476478 9.053595
v 1.854363 4.551904 9.203403
v 1.636203 5.028034 8.975123
v 1.636203 5.075176 9.103531
v 1.397462 5.680945 9.067862
v 1.710295 5.145888 8.875252
v 2.080756 4.599046 8.996525
v 2.471797 4.063988 9.374612
v 2.508844 3.467648 9.831170
v 2.702307 3.672713 9.802635
v 2.591168 3.217797 10.480338
v 2.883420 3.472362 10.458938
v 2.171313 4.957322 9.403147
v 2.043710 4.966750 8.775379
v 2.422403 4.551904 9.310409
v 2.451216 4.624973 8.732577
v 1.924339 4.650901 8.283153
v 2.364776 4.337409 8.240351
v 1.895525 4.153557 7.805193
v 2.389473 4.139415 7.805193
v 1.981966 3.986205 7.405704
v 2.475914 4.080488 7.412838
v 2.105453 3.946134 7.070420
v 2.582936 4.113487 7.120356
v 2.591168 4.104059 6.799338
v 2.714655 4.335052 6.813606
v 2.665260 4.207770 6.592461
v 2.340078 4.066346 6.735135
v 2.587052 4.297339 6.456920
v 2.805212 4.474120 6.378449
v 2.768166 4.495334 6.321379
v 2.854607 4.636759 6.264309
v 2.862839 4.547190 6.635263
v 2.994559 4.728685 6.563926
v 2.941048 4.735756 6.378449
v 3.105697 4.938465 6.435519
v 3.113930 4.910180 6.556792
v 3.253881 5.141174 6.635263
v 2.587052 4.297339 6.456920
v 2.718771 4.530690 6.364182
v 2.768166 4.495334 6.321379
v 2.854607 4.636759 6.264309
v 2.669377 5.553663 9.474484
v 2.883420 5.973223 9.431682
v 2.718771 5.617304 8.803914
v 2.920467 5.822370 8.782514
v 3.039837 5.398096 8.261751
v 3.533785 4.551904 9.203403
v 3.315625 4.789969 8.732577
v 2.998675 4.372766 9.281874
v 2.998675 4.650901 8.725444
v 2.422403 4.551904 9.310409
v 2.451216 4.624973 8.732577
v 2.965745 4.705114 8.204681
v 2.364776 4.337409 8.240351
v 2.714655 4.577832 7.790926
v 2.389473 4.139415 7.805193
v 2.500611 4.467049 7.405704
v 2.475914 4.080488 7.412838
v 2.405938 4.396337 7.070420
v 2.582936 4.113487 7.120356
v 2.430635 4.396337 6.770803
v 2.714655 4.335052 6.813606
v 2.628214 4.566047 6.513990
v 2.862839 4.547190 6.635263
v 2.858723 4.773469 6.449786
v 2.994559 4.728685 6.563926
v 3.035721 4.947894 6.492589
v 3.113930 4.910180 6.556792
v 3.253881 5.141174 6.635263
v 2.883420 5.973223 9.431682
v 3.204486 5.603162 9.424548
v 2.920467 5.822370 8.782514
v 3.039837 5.610233 8.782514
v 3.039837 5.398096 8.261751
v 3.533785 4.551904 9.203403
v 3.616109 5.098747 9.417415
v 3.315625 4.789969 8.732577
v 3.360903 5.207172 8.746844
v 2.965745 4.705114 8.204681
v 2.965745 5.127031 8.211816
v 2.714655 4.577832 7.790926
v 2.467681 4.822968 7.790926
v 2.500611 4.467049 7.405704
v 3.204486 5.603162 9.424548
v 2.932815 5.541878 8.768246
v 2.669377 5.553663 9.474484
v 2.356543 5.426381 8.725444
v 2.171313 4.957322 9.403147
v 2.043710 4.966750 8.775379
v 2.163080 5.202458 8.226083
v 2.615865 5.306170 8.254618
v 1.924339 4.650901 8.283153
v 1.977850 4.761684 7.805193
v 1.895525 4.153557 7.805193
v 1.936688 4.349195 7.398571
v 1.981966 3.986205 7.405704
v 2.031361 4.233698 7.063286
v 2.105453 3.946134 7.070420
v 2.340078 4.066346 6.735135
v 2.274219 4.287911 6.749403
v 2.492379 4.401051 6.513990
v 2.587052 4.297339 6.456920
v 2.718771 4.530690 6.364182
v 2.628214 4.566047 6.513990
v 2.430635 4.396337 6.770803
v 2.274219 4.287911 6.749403
v 2.228940 4.375123 7.091821
v 2.031361 4.233698 7.063286
v 2.200126 4.525976 7.384304
v 2.405938 4.396337 7.070420
v 2.858723 4.773469 6.449786
v 2.941048 4.735756 6.378449
v 2.805212 4.474120 6.378449
v 3.035721 4.947894 6.492589
v 3.105697 4.938465 6.435519
v 3.253881 5.141174 6.635263
v 3.579063 4.382195 12.563385
v 3.698434 3.988562 12.613320
v 3.891897 4.261984 11.899949
v 4.019500 3.939064 11.921350
v 4.155335 4.063989 11.379188
v 4.212963 3.745783 11.400588
v 4.155335 3.830638 10.915496
v 4.171801 3.606715 10.951164
v 3.982454 3.592573 10.615879
v 3.961873 3.755211 10.601612
v 3.677853 3.785853 10.273460
v 3.677853 3.785853 10.273460
v 3.982454 3.592573 10.615879
v 3.850734 3.561931 10.665815
v 4.171801 3.606715 10.951164
v 3.970105 3.493575 11.015368
v 4.212963 3.745783 11.400588
v 3.920711 3.602001 11.400588
v 3.632574 3.762283 11.928484
v 4.019500 3.939064 11.921350
v 3.348555 3.797639 12.577652
v 3.698434 3.988562 12.613320
v 2.224824 2.157111 14.082867
v 1.928455 2.310321 14.082867
v 2.311265 2.244323 13.497902
v 2.056058 2.442318 13.554972
v 2.422403 2.616742 13.005675
v 2.591168 2.496531 13.005675
v 3.188021 3.128228 12.577652
v 2.224824 2.157111 14.082867
v 2.311265 2.244323 13.497902
v 2.570587 2.432889 14.075733
v 2.545890 2.534244 13.547838
v 2.591168 2.496531 13.005675
v 2.768166 2.755810 13.091280
v 3.188021 3.128228 12.577652
v 3.455576 3.679785 13.526437
v 3.743713 4.302054 13.162618
v 3.496739 4.127630 13.804652
v 3.706666 4.707472 13.369495
v 3.871316 4.811183 12.727460
v 3.776642 5.181245 12.813065
v 3.854851 5.193030 12.156763
v 3.649039 5.487665 12.185298
v 3.566715 5.282599 11.593199
v 3.323857 5.560735 11.586065
v 3.068651 5.188316 11.079571
v 2.936932 5.416953 11.072437
v 2.488262 5.042177 10.658682
v 2.488262 5.042177 10.658682
v 2.784631 5.386311 11.222245
v 2.936932 5.416953 11.072437
v 3.068651 5.558378 11.678803
v 3.270346 5.518307 12.228100
v 3.373252 5.226029 12.820199
v 3.311508 4.832397 13.319559
v 3.706666 4.707472 13.369495
v 3.097465 4.287911 13.704780
v 3.496739 4.127630 13.804652
v 2.805212 4.474120 6.378449
v 2.718771 4.530690 6.364182
v 2.854607 4.636759 6.264309
v 3.455576 3.679785 13.526437
v 3.377368 4.283197 13.205420
v 3.743713 4.302054 13.162618
v 3.871316 4.811183 12.727460
v 3.311508 4.832397 13.319559
v 3.373252 5.226029 12.820199
v 3.854851 5.193030 12.156763
v 3.270346 5.518307 12.228100
v 3.566715 5.282599 11.593199
v 3.068651 5.558378 11.678803
v 3.068651 5.188316 11.079571
v 2.784631 5.386311 11.222245
v 2.488262 5.042177 10.658682
v 3.097465 4.287911 13.704780
v 2.570587 2.432889 14.075733
v 2.545890 2.534244 13.547838
v 2.056058 2.442318 13.554972
v 2.422403 2.616742 13.005675
v 2.768166 2.755810 13.091280
v 3.188021 3.128228 12.577652
v 3.579063 4.382195 12.563385
v 3.632574 3.762283 11.928484
v 3.891897 4.261984 11.899949
v 4.155335 4.063989 11.379188
v 3.920711 3.602001 11.400588
v 4.155335 3.830638 10.915496
v 3.970105 3.493575 11.015368
v 3.961873 3.755211 10.601612
v 3.850734 3.561931 10.665815
v 3.677853 3.785853 10.273460
v 1.397462 5.680945 9.067862
v 1.636203 5.075176 9.103531
v 1.710295 5.145888 8.875252
v 2.080756 4.599046 8.996525
v 1.854363 4.551904 9.203403
v 2.060174 4.063988 9.467350
v 2.471797 4.063988 9.374612
v 2.241289 3.599644 9.888240
v 2.702307 3.672713 9.802635
v 2.270102 3.446434 10.451803
v 2.883420 3.472362 10.458938
v 3.867199 4.500049 9.674228
v 3.533785 4.551904 9.203403
v 3.916594 4.747541 9.289007
v 3.513204 4.841825 8.796781
v 3.830153 5.079890 8.825315
v 3.574947 5.362740 8.368757
v 3.274462 5.020963 8.361624
v 3.134511 5.527735 7.947867
v 2.891653 5.152959 7.962135
v 2.829910 5.459380 7.569780
v 2.681725 5.176530 7.619716
v 2.739352 5.237814 7.334368
v 2.677609 5.094032 7.370036
v 2.883420 4.848896 7.184559
v 3.039837 5.398096 8.261751
v 3.039837 5.610233 8.782514
v 2.718771 5.617304 8.803914
v 2.669377 5.553663 9.474484
v 3.204486 5.603162 9.424548
v -1.567970 0.499474 19.976410
v -1.518376 0.482658 20.189919
v -1.464407 0.526991 20.177076
v -1.353550 0.504060 20.393793
v -1.439610 0.433738 20.405031
v -1.204769 0.445968 20.653856
v -1.295204 0.351185 20.687567
v -1.200393 0.230414 20.663486
v -1.295204 0.351185 20.687567
v -1.355009 0.358829 20.393793
v -1.439610 0.433738 20.405031
v -1.474617 0.445968 20.177076
v -1.518376 0.482658 20.189919
v -1.567970 0.499474 19.976410
v -1.204769 0.445968 20.653856
v -1.023897 0.335898 20.971708
v -1.295204 0.351185 20.687567
v -1.088077 0.224299 20.984550
v -0.834274 0.259460 21.212507
v -0.821146 0.045435 21.194849
v -1.018063 0.121873 20.966892
v -0.974304 -0.138015 20.947630
v -1.131837 -0.092152 20.658672
v -0.879492 -0.381086 20.905891
v -0.775928 -0.182349 21.133846
v -0.685493 -0.358155 21.098530
v -0.580471 -0.503386 21.068027
v -0.738004 -0.524789 20.872179
v -1.026815 -0.382615 20.642618
v -0.859071 -0.529375 20.613722
v -0.918875 -0.507972 20.372925
v -1.108498 -0.356626 20.339212
v -0.930544 -0.468225 20.157812
v -1.123085 -0.304649 19.995674
v -0.926168 -0.437650 19.981226
v -0.915958 -0.402489 19.806246
v -1.096829 -0.254200 19.734007
v -0.898454 -0.362741 19.632872
v -1.295204 0.351185 20.687567
v -1.200393 0.230414 20.663486
v -1.220814 -0.053934 20.345634
v -1.242693 -0.020301 20.014938
v -1.239776 0.155505 20.337608
v -1.251445 0.300736 20.339212
v -1.204769 0.445968 20.653856
v -1.217896 0.458198 20.340818
v -1.263114 0.325196 20.016544
v -1.196017 0.458198 20.018148
v -1.187265 0.452082 19.746849
v -1.283535 0.334369 19.746849
v -1.235400 0.459726 19.520500
v -1.330212 0.386346 19.534948
v -1.417730 0.455140 19.303782
v -1.235400 0.172321 20.016544
v -1.231024 -0.005014 19.740429
v -1.417730 0.455140 19.303782
v -1.330212 0.386346 19.534948
v -1.242693 0.311437 19.510868
v -1.190182 0.209011 19.711533
v -1.191641 -0.018773 19.459497
v -1.044318 -0.228211 19.462708
v -0.879492 -0.330638 19.457891
v -0.972845 -0.243499 19.270069
v -0.829898 -0.324523 19.271675
v -0.829898 -0.352040 19.114353
v -0.770094 -0.367328 19.123985
v -0.641734 -0.451409 18.926531
v -0.876575 -0.281718 19.106327
v -1.045777 -0.148716 19.071011
v -1.121626 -0.076865 19.249201
v -0.985973 0.037791 19.042114
v -1.060363 0.143275 19.217094
v -1.121626 0.192195 19.464314
v -0.870740 -0.066164 18.889608
v -0.943672 -0.202223 18.905663
v -0.752590 -0.116613 18.749947
v -0.794891 -0.223625 18.764395
v -0.634440 -0.134958 18.621521
v -0.654861 -0.211395 18.616705
v -0.595057 -0.122728 18.507544
v -0.595057 -0.173176 18.504332
v -0.599433 -0.104383 18.369486
v -0.943672 -0.202223 18.905663
v -0.755508 -0.309235 18.934557
v -0.794891 -0.223625 18.764395
v -0.619854 -0.307706 18.751551
v -0.654861 -0.211395 18.616705
v -0.549839 -0.252671 18.631153
v -0.545463 -0.196108 18.502728
v -0.595057 -0.173176 18.504332
v -0.599433 -0.104383 18.369486
v -0.517749 -0.361213 18.717840
v -1.567970 0.499474 19.976410
v -1.464407 0.526991 20.177076
v -1.474617 0.445968 20.177076
v -1.355009 0.358829 20.393793
v -1.353550 0.504060 20.393793
v -1.200393 0.230414 20.663486
v -1.204769 0.445968 20.653856
v -0.641734 -0.451409 18.926531
v -0.876575 -0.281718 19.106327
v -0.770094 -0.367328 19.123985
v -0.829898 -0.324523 19.271675
v -1.060363 0.143275 19.217094
v -1.121626 0.192195 19.464314
v -0.879492 -0.330638 19.457891
v -1.190182 0.209011 19.711533
v -0.898454 -0.362741 19.632872
v -1.077867 0.100470 19.955542
v -1.196017 0.458198 20.018148
v -1.187265 0.452082 19.746849
v -1.235400 0.459726 19.520500
v -1.242693 0.311437 19.510868
v -1.417730 0.455140 19.303782
v -0.985973 0.037791 19.042114
v -0.755508 -0.309235 18.934557
v -0.870740 -0.066164 18.889608
v -0.663613 -0.290890 18.828608
v -0.752590 -0.116613 18.749947
v -0.619854 -0.307706 18.751551
v -0.549839 -0.252671 18.631153
v -0.634440 -0.134958 18.621521
v -0.545463 -0.196108 18.502728
v -0.595057 -0.122728 18.507544
v -0.599433 -0.104383 18.369486
v -0.517749 -0.361213 18.717840
v -1.048694 -0.055462 20.178680
v -0.810936 -0.480455 19.795010
v -0.721959 -0.569122 19.958752
v -0.621313 -0.639445 20.135338
v -0.506080 -0.700595 20.339212
v -0.904289 -0.292419 20.470848
v -0.647568 -0.457524 20.671515
v -0.358757 -0.537019 20.730911
v -0.393765 -0.732699 20.571983
v 0.000068 -0.602755 20.751780
v 0.084669 -0.839711 20.547905
v 0.261165 -0.813722 20.565563
v 0.093421 -0.850412 20.310316
v -0.382096 -0.795377 20.336002
v -0.325209 -0.827481 20.066309
v 0.115301 -0.847355 20.082361
v -0.081616 -0.868757 19.852800
v 0.150308 -0.815251 19.902565
v 0.029241 -0.812194 19.722771
v 0.188233 -0.775504 19.791800
v 0.145932 -0.744929 19.642504
v 0.240744 -0.720469 19.701900
v 0.338472 -0.607341 19.597555
v -0.230397 -0.810665 19.852800
v -0.138503 -0.777032 19.725981
v -0.033481 -0.816780 19.775745
v -0.040774 -0.728113 19.640898
v 0.026324 -0.754101 19.690664
v 0.143015 -0.645560 19.579897
v 0.140097 -0.861114 20.310316
v 0.315134 -0.804550 20.361687
v 0.223240 -0.859585 20.098415
v 0.390984 -0.783147 20.159416
v 0.332638 -0.822895 19.929855
v 0.466833 -0.758687 20.000490
v 0.446412 -0.766331 19.803036
v 0.545599 -0.718940 19.889723
v 0.579148 -0.694480 19.748455
v 0.625825 -0.679192 19.809458
v 0.736681 -0.618043 19.737217
v 0.358893 -0.537019 20.730911
v 0.364728 -0.813722 20.327976
v 0.500382 -0.770918 20.104836
v 0.647704 -0.457524 20.671515
v 0.633118 -0.682250 19.925039
v 0.762937 -0.563008 19.777351
v 1.047372 -0.055462 20.178680
v 0.898590 -0.362741 19.632872
v 1.078003 0.100470 19.955542
v 1.188860 0.299207 19.746849
v 1.196153 0.458198 20.018148
v 1.187401 0.452082 19.746849
v 1.242829 0.345070 19.510868
v 1.235536 0.445967 19.520500
v 1.417866 0.455140 19.303782
v 0.879628 -0.330638 19.457891
v 1.121762 0.231942 19.464314
v 0.830034 -0.324523 19.271675
v 1.060499 0.143275 19.217094
v 0.876711 -0.281718 19.106327
v 0.986109 0.037791 19.042114
v 0.755644 -0.309235 18.934557
v 0.870876 -0.066164 18.889608
v 0.663749 -0.290890 18.828608
v 0.751268 -0.116613 18.749947
v 0.619990 -0.307706 18.751551
v 0.549975 -0.252671 18.631153
v 0.634576 -0.134958 18.621521
v 0.545599 -0.196108 18.502728
v 0.595193 -0.122728 18.507544
v 0.599569 -0.104383 18.369486
v 0.770230 -0.367328 19.123985
v 0.641870 -0.451409 18.926531
v 0.517885 -0.361213 18.717840
v 0.517885 -0.361213 18.717840
v 0.755644 -0.309235 18.934557
v 0.619990 -0.307706 18.751551
v 0.795027 -0.223625 18.764395
v 0.943808 -0.202223 18.905663
v 0.876711 -0.281718 19.106327
v 1.045913 -0.148716 19.071011
v 0.972981 -0.243499 19.270069
v 0.830034 -0.352040 19.114353
v 0.830034 -0.324523 19.271675
v 0.770230 -0.367328 19.123985
v 0.641870 -0.451409 18.926531
v 0.879628 -0.330638 19.457891
v 1.044454 -0.228211 19.462708
v 1.121762 -0.076865 19.249201
v 0.986109 0.037791 19.042114
v 0.870876 -0.066164 18.889608
v 0.943808 -0.202223 18.905663
v 0.751268 -0.116613 18.749947
v 0.795027 -0.223625 18.764395
v 0.634576 -0.134958 18.621521
v 0.654997 -0.211395 18.616705
v 0.595193 -0.122728 18.507544
v 0.595193 -0.173176 18.504332
v 0.599569 -0.104383 18.369486
v 0.898590 -0.362741 19.632872
v 1.096965 -0.254200 19.734007
v 1.191777 -0.018773 19.459497
v 1.060499 0.143275 19.217094
v 1.121762 0.231942 19.464314
v 1.188860 0.299207 19.746849
v 0.916094 -0.402489 19.806246
v 1.121762 -0.304649 19.995674
v 0.926304 -0.437650 19.981226
v 0.930680 -0.468225 20.157812
v 1.108634 -0.356626 20.339212
v 0.917553 -0.507972 20.372925
v 1.242829 -0.020301 20.014938
v 1.231160 -0.005014 19.740429
v 1.215115 0.280863 20.016544
v 1.220950 -0.053934 20.345634
v 1.131973 -0.092152 20.658672
v 1.026951 -0.382615 20.642618
v 0.879628 -0.381086 20.905891
v 0.738140 -0.524789 20.872179
v 0.580607 -0.503386 21.068027
v 0.684170 -0.358155 21.098530
v 0.776064 -0.182349 21.133846
v 0.974440 -0.138015 20.947630
v 0.821282 0.045435 21.194849
v 1.018199 0.121873 20.966892
v 0.834410 0.259460 21.212507
v 1.024033 0.335898 20.971708
v 1.155311 0.207483 20.663486
v 0.859207 -0.529375 20.613722
v 1.178649 0.412335 20.645828
v 1.231160 0.357300 20.339212
v 1.216574 0.458198 20.340818
v 1.263250 0.361886 20.016544
v 1.196153 0.458198 20.018148
v 1.203446 0.268633 20.337608
v 1.283671 0.360357 19.746849
v 1.330348 0.386346 19.534948
v 1.242829 0.345070 19.510868
v 1.417866 0.455140 19.303782
v 1.187401 0.452082 19.746849
v 1.283671 0.360357 19.746849
v 1.235536 0.445967 19.520500
v 1.330348 0.386346 19.534948
v 1.417866 0.455140 19.303782
v 0.654997 -0.211395 18.616705
v 0.549975 -0.252671 18.631153
v 0.545599 -0.196108 18.502728
v 0.595193 -0.173176 18.504332
v 0.599569 -0.104383 18.369486
v 0.143015 -0.645560 19.579897
v 0.026324 -0.754101 19.690664
v 0.000068 -0.790791 19.668188
v -0.081616 -0.847355 19.751665
v -0.033481 -0.816780 19.775745
v -0.148713 -0.888631 19.856012
v -0.081616 -0.868757 19.852800
v -0.186638 -0.911563 20.069519
v -0.249359 -0.908505 20.075941
v -0.325209 -0.827481 20.066309
v -0.382096 -0.795377 20.336002
v -0.285825 -0.905447 20.315132
v -0.230397 -0.810665 19.852800
v -0.081616 -0.847355 19.751665
v -0.138503 -0.777032 19.725981
v 0.000068 -0.790791 19.668188
v -0.040774 -0.728113 19.640898
v 0.143015 -0.645560 19.579897
v -0.393765 -0.732699 20.571983
v -0.294577 -0.876401 20.571983
v -0.366051 -0.714354 20.828835
v -0.660696 -0.668491 20.596064
v -0.506080 -0.700595 20.339212
v -0.738004 -0.647089 20.360083
v -0.805101 -0.595111 20.148180
v -0.621313 -0.639445 20.135338
v -0.721959 -0.569122 19.958752
v -0.845943 -0.532432 19.973200
v -0.810936 -0.480455 19.795010
v -0.875116 -0.455995 19.796614
v -0.898454 -0.362741 19.632872
v -0.915958 -0.402489 19.806246
v -0.926168 -0.437650 19.981226
v -0.930544 -0.468225 20.157812
v -0.918875 -0.507972 20.372925
v -0.859071 -0.529375 20.613722
v -0.546922 -0.656261 20.835257
v -0.738004 -0.524789 20.872179
v -0.580471 -0.503386 21.068027
v -0.358757 -0.624157 21.061607
v -0.271239 -0.804550 20.835257
v -0.080157 -0.841240 20.827230
v -0.139961 -0.694480 21.050369
v -0.255194 -0.526317 21.218927
v -0.457945 -0.455995 21.188427
v -0.685493 -0.358155 21.098530
v -0.545463 -0.246556 21.268694
v -0.775928 -0.182349 21.133846
v -0.641734 -0.012657 21.326485
v -0.821146 0.045435 21.194849
v -0.834274 0.259460 21.212507
v -0.651944 0.199839 21.353775
v -0.425855 0.141746 21.469358
v -0.421479 -0.081451 21.421198
v -0.189555 0.112700 21.520729
v -0.214352 -0.124256 21.470963
v -0.001391 0.100470 21.541597
v 0.001527 -0.142601 21.495043
v 0.185315 0.112700 21.520729
v 0.214488 -0.124256 21.470963
v 0.421615 0.141746 21.469358
v 0.421615 -0.081451 21.421198
v 0.647704 0.199839 21.353775
v 0.641870 -0.012657 21.326485
v 0.834410 0.259460 21.212507
v 0.821282 0.045435 21.194849
v 0.776064 -0.182349 21.133846
v 0.545599 -0.246556 21.268694
v 0.684170 -0.358155 21.098530
v 0.458081 -0.455995 21.188427
v 0.580607 -0.503386 21.068027
v 0.250954 -0.316879 21.334511
v 0.000068 -0.356626 21.353775
v -0.255194 -0.333695 21.339327
v 0.000068 -0.569122 21.225349
v 0.255330 -0.526317 21.218927
v 0.347224 -0.619571 21.060001
v 0.579148 -0.653204 20.857731
v 0.738140 -0.524789 20.872179
v 0.859207 -0.529375 20.613722
v 0.697298 -0.682250 20.605696
v 0.376397 -0.752572 20.836863
v 0.087586 -0.700595 21.063211
v 0.081752 -0.813722 20.836863
v 0.185315 -0.790791 20.827230
v 0.456622 -0.786205 20.580011
v 0.764395 -0.666962 20.377741
v 0.917553 -0.507972 20.372925
v 0.822741 -0.639445 20.148180
v 0.930680 -0.468225 20.157812
v 0.848996 -0.592054 19.971594
v 0.926304 -0.437650 19.981226
v 0.865041 -0.517145 19.798220
v 0.916094 -0.402489 19.806246
v 0.898590 -0.362741 19.632872
v 0.762937 -0.563008 19.777351
v 0.714802 -0.668491 19.937883
v 0.637494 -0.749515 20.119284
v 0.542682 -0.789262 20.348845
v 0.364728 -0.813722 20.327976
v 0.261165 -0.813722 20.565563
v 0.191150 -0.854999 20.559141
v 0.500382 -0.770918 20.104836
v 0.633118 -0.682250 19.925039
v 0.315134 -0.804550 20.361687
v 0.249495 -0.879459 20.342422
v 0.390984 -0.783147 20.159416
v 0.084669 -0.839711 20.547905
v -0.075781 -0.919206 20.554325
v -0.069947 -0.936022 20.308712
v -0.033481 -0.948252 20.079151
v 0.048203 -0.911563 19.884907
v 0.150308 -0.815251 19.902565
v 0.188233 -0.775504 19.791800
v 0.116759 -0.858056 19.759693
v 0.240744 -0.720469 19.701900
v 0.195526 -0.789263 19.674610
v 0.338472 -0.607341 19.597555
v 0.115301 -0.847355 20.082361
v 0.093421 -0.850412 20.310316
v -0.081616 -0.868757 19.852800
v 0.116759 -0.858056 19.759693
v 0.029241 -0.812194 19.722771
v 0.195526 -0.789263 19.674610
v 0.145932 -0.744929 19.642504
v 0.338472 -0.607341 19.597555
v 0.140097 -0.861114 20.310316
v 0.329721 -0.871815 20.128916
v 0.223240 -0.859585 20.098415
v 0.423074 -0.829010 19.958752
v 0.332638 -0.822895 19.929855
v 0.506216 -0.783148 19.846380
v 0.446412 -0.766331 19.803036
v 0.606862 -0.712825 19.778955
v 0.579148 -0.694480 19.748455
v 0.736681 -0.618043 19.737217
v 0.466833 -0.758687 20.000490
v 0.545599 -0.718940 19.889723
v 0.625825 -0.679192 19.809458
v 0.606862 -0.712825 19.778955
v 0.736681 -0.618043 19.737217
v -0.450652 1.256205 18.343800
v -0.420020 1.294424 18.404802
v -0.443359 1.268435 18.420855
v -0.418562 1.269964 18.478647
v -0.329585 1.297481 18.504332
v -0.379178 1.254676 18.528412
v -0.266863 1.201170 18.635969
v -0.234773 1.225630 18.616705
v -0.100578 1.088042 18.727472
v -0.119540 1.088042 18.737103
v -0.450652 1.256205 18.343800
v -0.428772 1.256205 18.403196
v -0.443359 1.268435 18.420855
v -0.418562 1.269964 18.478647
v -0.357299 1.228687 18.502728
v -0.379178 1.254676 18.528412
v -0.261029 1.166009 18.613493
v -0.266863 1.201170 18.635969
v -0.119540 1.088042 18.737103
v -0.116623 1.071226 18.732288
v -0.450652 1.256205 18.343800
v -0.420020 1.294424 18.404802
v -0.428772 1.256205 18.403196
v -0.329585 1.297481 18.504332
v -0.357299 1.228687 18.502728
v -0.234773 1.225630 18.616705
v -0.261029 1.166009 18.613493
v -0.116623 1.071226 18.732288
v -0.100578 1.088042 18.727472
v 0.450788 1.256205 18.343800
v 0.420156 1.294424 18.404802
v 0.443495 1.268435 18.420855
v 0.418698 1.269964 18.478647
v 0.329721 1.297481 18.504332
v 0.379314 1.254676 18.528412
v 0.266999 1.201170 18.635969
v 0.234909 1.225630 18.616705
v 0.100714 1.088042 18.727472
v 0.119676 1.088042 18.737103
v 0.450788 1.256205 18.343800
v 0.428908 1.256205 18.403196
v 0.443495 1.268435 18.420855
v 0.418698 1.269964 18.478647
v 0.357435 1.228687 18.502728
v 0.379314 1.254676 18.528412
v 0.261165 1.166009 18.613493
v 0.266999 1.201170 18.635969
v 0.119676 1.088042 18.737103
v 0.115301 1.071226 18.732288
v 0.450788 1.256205 18.343800
v 0.420156 1.294424 18.404802
v 0.428908 1.256205 18.403196
v 0.329721 1.297481 18.504332
v 0.357435 1.228687 18.502728
v 0.234909 1.225630 18.616705
v 0.261165 1.166009 18.613493
v 0.115301 1.071226 18.732288
v 0.100714 1.088042 18.727472
v -0.962634 0.452082 19.433813
v -1.029732 0.502531 19.621635
v -1.038484 0.300736 19.663374
v -1.093912 0.473485 19.740429
v -1.077867 0.100470 19.955542
v -1.196017 0.458198 20.018148
v -1.107040 0.620245 19.724375
v -1.239776 0.681395 20.008516
v -1.263114 0.693625 20.318344
v -1.217896 0.458198 20.340818
v -1.216438 0.684453 20.641012
v -1.204769 0.445968 20.653856
v -1.023897 0.335898 20.971708
v -1.069115 0.669165 20.965288
v -0.834274 0.259460 21.212507
v -1.073491 0.556037 19.697084
v -1.216438 1.036065 20.629776
v -1.284994 1.051353 20.300686
v -1.263114 1.063583 19.989252
v -1.181430 1.066640 19.681032
v -1.063281 0.731844 19.578291
v -1.045777 1.066640 19.385653
v -0.987431 0.751718 19.406523
v -0.843026 1.046766 19.135223
v -0.832815 0.701269 19.201040
v -0.673824 1.046766 19.001982
v -0.625689 0.770062 19.021246
v -0.479825 1.057467 18.888004
v -0.368968 0.895420 18.825396
v -0.279991 1.123204 18.801315
v -0.173510 1.023835 18.709812
v -0.554215 1.254676 18.961847
v -0.767177 1.300539 19.103117
v -0.991807 1.340286 19.367994
v -1.123085 1.383091 19.661768
v -1.198934 1.392264 19.979622
v -1.217896 1.392264 20.299080
v -1.070574 1.675083 19.958752
v -0.997642 1.624634 19.642504
v -0.876575 1.551254 19.347124
v -0.638816 1.454942 19.087063
v -0.371885 1.352516 18.916899
v -0.450652 1.572656 19.061378
v -0.720500 1.679669 19.311808
v -0.809477 1.820314 19.623240
v -0.864906 1.910510 19.952332
v -0.876575 1.942614 20.291054
v -1.079326 1.693428 20.297474
v -1.166844 1.373919 20.629776
v -1.069115 1.026893 20.954050
v -0.888244 0.627889 21.218927
v -0.667989 0.601900 21.401934
v -0.651944 0.199839 21.353775
v -0.425855 0.141746 21.469358
v -0.449193 0.577440 21.535175
v -0.189555 0.112700 21.520729
v -0.196848 0.551451 21.613836
v -0.001391 0.100470 21.541597
v 0.000068 0.551451 21.629890
v 0.000068 1.026893 21.613836
v -0.188097 1.023835 21.596178
v -0.471073 1.025364 21.523939
v -0.695703 1.022306 21.395514
v -0.910123 1.019249 21.212507
v -1.038484 1.338758 20.963682
v -0.899913 1.324999 21.162743
v -0.705914 1.341815 21.336117
v -0.484200 1.363218 21.446884
v -0.196848 1.381563 21.506281
v 0.000068 1.387678 21.517517
v 0.000068 1.720945 21.295984
v -0.214352 1.714830 21.305614
v 0.000068 1.985419 20.979736
v -0.476907 1.676611 21.281536
v -0.681117 1.609346 21.228559
v -0.879492 1.500805 21.108162
v -0.926168 1.609346 20.963682
v -1.032649 1.673554 20.631380
v -0.850319 1.910510 20.642618
v -0.773011 1.798911 20.971708
v -0.517749 1.931913 20.979736
v -0.552757 2.063385 20.647434
v -0.573178 2.103132 20.289448
v -0.564426 2.051155 19.936277
v -0.545463 1.934970 19.589529
v -0.510456 1.771394 19.274885
v -0.250818 1.817256 19.260437
v -0.227480 1.633806 19.045324
v 0.000068 1.809612 19.266859
v 0.000068 1.641450 19.053352
v -0.261029 1.993062 19.568659
v -0.262487 2.121477 19.925039
v -0.259570 2.181099 20.284632
v -0.253735 2.138294 20.650644
v -0.234773 1.991534 20.979736
v 0.000068 2.123006 20.652250
v 0.000068 2.155110 20.278210
v 0.000068 2.097018 19.926645
v 0.000068 1.968602 19.562239
v -0.129751 1.211871 18.790079
v 0.000068 1.074284 18.711418
v 0.000068 1.222572 18.790079
v 0.000068 1.430482 18.899240
v -0.182262 1.407551 18.897635
v 0.962770 0.452082 19.433813
v 1.038620 0.300736 19.663374
v 1.029868 0.502531 19.621635
v 1.094048 0.473485 19.740429
v 1.073627 0.556037 19.697084
v 1.107176 0.620245 19.724375
v 1.196153 0.458198 20.018148
v 1.239912 0.681395 20.008516
v 1.263250 0.693625 20.318344
v 1.216574 0.458198 20.340818
v 1.216574 0.684453 20.641012
v 1.178649 0.412335 20.645828
v 1.024033 0.335898 20.971708
v 1.069251 0.669165 20.965288
v 0.834410 0.259460 21.212507
v 1.078003 0.100470 19.955542
v 1.216574 1.036065 20.629776
v 1.285130 1.051353 20.300686
v 1.263250 1.063583 19.989252
v 1.180108 1.066640 19.681032
v 1.063417 0.731844 19.578291
v 1.045913 1.066640 19.385653
v 0.987567 0.751718 19.406523
v 0.843162 1.046766 19.135223
v 0.832951 0.701269 19.201040
v 0.672501 1.046766 19.001982
v 0.625825 0.770062 19.021246
v 0.479961 1.057467 18.888004
v 0.369104 0.895420 18.825396
v 0.280127 1.123204 18.801315
v 0.173646 1.023835 18.709812
v 0.554351 1.254676 18.961847
v 0.767313 1.300539 19.103117
v 0.991943 1.340286 19.367994
v 1.123221 1.383091 19.661768
v 1.199070 1.392264 19.979622
v 1.218032 1.392264 20.299080
v 1.070710 1.675083 19.958752
v 0.997778 1.624634 19.642504
v 0.876711 1.551254 19.347124
v 0.638952 1.454942 19.087063
v 0.372021 1.352516 18.916899
v 0.182398 1.407551 18.897635
v 0.128428 1.211871 18.790079
v 0.000068 1.430482 18.899240
v 0.000068 1.222572 18.790079
v 0.000068 1.074284 18.711418
v 0.227616 1.633806 19.045324
v 0.000068 1.641450 19.053352
v 0.000068 1.809612 19.266859
v 0.250954 1.817256 19.260437
v 0.261165 1.993062 19.568659
v 0.545599 1.934970 19.589529
v 0.262623 2.121477 19.925039
v 0.000068 2.097018 19.926645
v 0.000068 2.155110 20.278210
v 0.000068 1.968602 19.562239
v 0.510592 1.771394 19.274885
v 0.450788 1.572656 19.061378
v 0.720636 1.679669 19.311808
v 0.809613 1.820314 19.623240
v 0.865041 1.910510 19.952332
v 0.564562 2.051155 19.936277
v 0.259706 2.181099 20.284632
v 0.000068 2.123006 20.652250
v 0.252413 2.138294 20.650644
v 0.000068 1.985419 20.979736
v 0.876711 1.942614 20.291054
v 1.079462 1.693428 20.297474
v 1.166980 1.373919 20.629776
v 1.069251 1.026893 20.954050
v 0.888380 0.627889 21.218927
v 0.668125 0.601900 21.401934
v 0.647704 0.199839 21.353775
v 0.421615 0.141746 21.469358
v 0.449329 0.577440 21.535175
v 0.185315 0.112700 21.520729
v 0.195526 0.551451 21.613836
v -0.001391 0.100470 21.541597
v 0.000068 0.551451 21.629890
v 0.000068 1.026893 21.613836
v 0.188233 1.023835 21.596178
v 0.471209 1.025364 21.523939
v 0.695839 1.022306 21.395514
v 0.910259 1.019249 21.212507
v 1.038620 1.338758 20.963682
v 0.571855 2.103132 20.289448
v 0.900049 1.324999 21.162743
v 0.706050 1.341815 21.336117
v 0.484336 1.363218 21.446884
v 0.196984 1.381563 21.506281
v 0.000068 1.387678 21.517517
v 0.000068 1.720945 21.295984
v 0.214488 1.714830 21.305614
v 0.477043 1.676611 21.281536
v 0.681253 1.609346 21.228559
v 0.879628 1.500805 21.108162
v 0.926304 1.609346 20.963682
v 1.032785 1.673554 20.631380
v 0.848996 1.910510 20.642618
v 0.773147 1.798911 20.971708
v 0.517885 1.931913 20.979736
v 0.234909 1.991534 20.979736
v 0.552893 2.063385 20.647434
v -4.531358 3.850914 8.905833
v -4.540230 5.289294 7.252293
v -4.469254 3.785955 8.933165
v -1.066858 1.292764 20.829086
v -1.195501 1.401029 20.801756
v -1.293093 1.311324 20.870085
v -1.262041 1.329884 20.863251
v -1.426172 1.113353 20.753925
v -1.097910 1.342257 20.835920
v -1.213245 1.122633 20.685598
v -1.288657 0.946316 20.193636
v -1.594739 0.921570 20.234632
v -1.630227 0.930849 20.009150
v -1.306401 0.937036 19.981819
v -1.616919 1.014368 19.954487
v -1.297529 1.014368 19.933989
v -1.262041 1.329884 20.863251
v -1.426172 1.113353 20.753925
v -1.372940 1.178313 20.712929
v -1.594739 0.921570 20.234632
v -1.545943 1.014368 20.166304
v -1.630227 0.930849 20.009150
v -1.616919 1.014368 19.954487
v -1.594739 1.104074 20.179970
v -1.372940 1.178313 20.712929
v -1.430608 1.237085 20.726595
v -1.262041 1.329884 20.863251
v -1.097910 1.342257 20.835920
v -1.213245 1.233992 20.658266
v -1.262041 1.329884 20.863251
v -1.430608 1.237085 20.726595
v -1.581431 1.147380 20.166304
v -1.310837 1.165939 20.118475
v -1.825410 1.178313 19.196045
v -1.594739 1.308231 19.141382
v -1.736691 1.824810 17.494677
v -1.896386 1.503108 17.549337
v -2.064953 1.660866 16.257936
v -2.038337 2.019687 16.210108
v -2.419832 1.707265 15.308177
v -2.641631 2.019687 15.226183
v -2.810198 1.926888 14.310586
v -2.477499 1.778410 14.372082
v -2.433140 2.211471 13.190005
v -1.097910 1.342257 20.835920
v -1.213245 1.122633 20.685598
v -1.262041 1.175219 20.692430
v -1.319708 1.026741 20.173138
v -1.288657 0.946316 20.193636
v -1.306401 0.937036 19.981819
v -1.297529 1.014368 19.933989
v -1.288657 1.110260 20.159472
v -1.262041 1.175219 20.692430
v -1.213245 1.233992 20.658266
v -1.097910 1.342257 20.835920
v -2.810198 1.926888 14.310586
v -2.805762 1.985661 14.303754
v -2.641631 2.019687 15.226183
v -2.579527 2.044433 15.246681
v -2.038337 2.019687 16.210108
v -1.985106 2.038247 16.216940
v -1.736691 1.824810 17.494677
v -1.701203 1.787691 17.494677
v -1.568123 1.258738 19.168715
v -1.594739 1.308231 19.141382
v -1.310837 1.165939 20.118475
v -1.288657 1.110260 20.159472
v -1.213245 1.233992 20.658266
v -2.805762 1.985661 14.303754
v -2.752530 1.994941 13.217337
v -2.810198 1.926888 14.310586
v -2.708170 1.960914 13.231003
v -3.027561 2.152698 12.288074
v -2.938841 2.143419 12.247078
v -3.342515 2.390882 11.331481
v -3.267104 2.415628 11.310983
v -3.741754 2.932207 10.245065
v -3.732882 3.031193 10.217733
v -2.805762 1.985661 14.303754
v -2.752530 1.994941 13.217337
v -2.477499 2.245497 13.176340
v -3.027561 2.152698 12.288074
v -2.850122 2.526986 12.212914
v -3.462287 2.731144 11.365645
v -3.342515 2.390882 11.331481
v -4.065580 3.111618 10.272396
v -3.741754 2.932207 10.245065
v -4.469254 3.785955 8.933165
v -2.433140 2.211471 13.190005
v -2.473063 1.840276 14.372082
v -2.477499 1.778410 14.372082
v -2.362164 1.725825 15.328675
v -2.419832 1.707265 15.308177
v -2.064953 1.660866 16.257936
v -2.007285 1.679425 16.285269
v -1.896386 1.503108 17.549337
v -1.865334 1.465988 17.563004
v -1.825410 1.178313 19.196045
v -1.816538 1.138100 19.209711
v -1.581431 1.147380 20.166304
v -1.594739 1.104074 20.179970
v -1.430608 1.237085 20.726595
v -4.411587 5.635743 7.238627
v -4.540230 5.289294 7.252293
v -4.189787 4.036511 8.953663
v -4.469254 3.785955 8.933165
v -3.741754 2.932207 10.245065
v -4.411587 5.635743 7.238627
v -4.540230 5.289294 7.252293
v -4.247455 4.101470 8.926332
v -4.531358 3.850914 8.905833
v -3.732882 3.031193 10.217733
v -4.411587 5.635743 7.238627
v -4.189787 4.036511 8.953663
v -4.247455 4.101470 8.926332
v -3.741754 2.932207 10.245065
v -3.732882 3.031193 10.217733
v -4.469254 3.785955 8.933165
v -4.065580 3.111618 10.272396
v -4.531358 3.850914 8.905833
v -4.056708 3.207510 10.245065
v -3.462287 2.731144 11.365645
v -3.409055 2.786823 11.338314
v -2.850122 2.526986 12.212914
v -2.765838 2.514613 12.171917
v -2.433140 2.211471 13.190005
v -2.477499 2.245497 13.176340
v -2.473063 1.840276 14.372082
v -1.616919 1.014368 19.954487
v -1.297529 1.014368 19.933989
v -1.594739 1.104074 20.179970
v -1.288657 1.110260 20.159472
v -2.477499 2.245497 13.176340
v -2.473063 1.840276 14.372082
v -2.805762 1.985661 14.303754
v -2.362164 1.725825 15.328675
v -2.579527 2.044433 15.246681
v -1.985106 2.038247 16.216940
v -2.007285 1.679425 16.285269
v -1.701203 1.787691 17.494677
v -1.865334 1.465988 17.563004
v -1.816538 1.138100 19.209711
v -1.568123 1.258738 19.168715
v -1.288657 1.110260 20.159472
v -1.594739 1.104074 20.179970
v -2.810198 1.926888 14.310586
v -2.433140 2.211471 13.190005
v -2.708170 1.960914 13.231003
v -2.938841 2.143419 12.247078
v -2.765838 2.514613 12.171917
v -3.409055 2.786823 11.338314
v -3.267104 2.415628 11.310983
v -4.056708 3.207510 10.245065
v -3.732882 3.031193 10.217733
v -4.531358 3.850914 8.905833
v -1.293093 1.311324 20.870085
v -1.195501 1.401029 20.801756
v -1.301965 1.484548 20.870085
v -1.080166 1.521668 20.829086
v -1.066858 1.292764 20.829086
v -1.293093 1.311324 20.870085
v -1.275349 1.323697 20.904247
v -1.066858 1.292764 20.829086
v -1.075730 1.308231 20.870085
v -1.168885 1.404123 20.938412
v -1.084602 1.509295 20.870085
v -1.279785 1.475268 20.904247
v -1.301965 1.484548 20.870085
v -1.080166 1.521668 20.829086
v -1.293093 1.311324 20.870085
v -1.301965 1.484548 20.870085
v -1.080166 1.521668 20.829086
v -1.066858 1.292764 20.829086
v -1.262041 1.472175 20.863251
v -1.097910 1.462895 20.835920
v -1.195501 1.803157 20.870085
v -1.022498 1.704172 20.767591
v -0.951522 2.075366 20.391787
v -1.186629 2.245497 20.494280
v -1.204373 2.347576 20.289295
v -0.942650 2.174352 20.207302
v -1.239861 2.301177 20.207302
v -0.978138 2.131046 20.132141
v -1.262041 1.472175 20.863251
v -1.195501 1.803157 20.870085
v -1.186629 1.741291 20.801756
v -1.186629 2.245497 20.494280
v -1.195501 2.177445 20.384954
v -1.204373 2.347576 20.289295
v -1.239861 2.301177 20.207302
v -1.288657 2.127953 20.384954
v -1.186629 1.741291 20.801756
v -1.266477 1.728918 20.801756
v -1.262041 1.472175 20.863251
v -1.097910 1.462895 20.835920
v -1.084602 1.636119 20.706097
v -1.262041 1.472175 20.863251
v -1.266477 1.728918 20.801756
v -1.306401 2.097020 20.350790
v -1.089038 1.954728 20.248299
v -1.097910 2.069180 19.127718
v -1.306401 2.270244 19.182381
v -1.390684 2.254777 17.494677
v -1.550380 2.576480 17.549337
v -1.452788 2.975514 16.257936
v -1.461660 2.588852 16.210108
v -1.510456 3.238443 15.308177
v -1.732255 2.932208 15.226183
v -1.736691 3.501373 14.283256
v -1.399556 3.591079 14.351583
v -1.128961 4.110751 13.094346
v -1.097910 1.462895 20.835920
v -1.022498 1.704172 20.767591
v -1.093474 1.691799 20.767591
v -1.022498 2.038247 20.357624
v -0.951522 2.075366 20.391787
v -0.942650 2.174352 20.207302
v -0.978138 2.131046 20.132141
v -1.040242 1.967102 20.302961
v -1.093474 1.691799 20.767591
v -1.084602 1.636119 20.706097
v -1.097910 1.462895 20.835920
v -1.426172 4.423173 13.142176
v -1.461660 4.395334 13.121677
v -1.736691 3.501373 14.283256
v -1.727819 3.439507 14.283256
v -1.732255 2.932208 15.226183
v -1.665715 2.895088 15.246681
v -1.461660 2.588852 16.210108
v -1.408428 2.570293 16.216940
v -1.390684 2.254777 17.494677
v -1.355196 2.291897 17.494677
v -1.097910 2.069180 19.127718
v -1.057986 2.106299 19.155048
v -1.089038 1.954728 20.248299
v -1.040242 1.967102 20.302961
v -1.084602 1.636119 20.706097
v -1.727819 3.439507 14.283256
v -1.173321 4.079818 13.080681
v -1.461660 4.395334 13.121677
v -1.479404 5.100604 12.096756
v -1.306401 4.723222 12.001097
v -1.883078 5.382093 11.024005
v -1.758870 5.728542 11.010339
v -2.047209 6.127576 9.759935
v -1.723383 6.272961 9.746269
v -1.745563 6.857592 8.427536
v -1.466096 6.616315 8.441201
v -0.991446 7.253533 6.965315
v -0.862803 6.913271 6.951650
v -1.395120 3.526119 14.351583
v -1.173321 4.079818 13.080681
v -1.128961 4.110751 13.094346
v -1.306401 4.723222 12.001097
v -1.222117 4.729409 11.960100
v -1.829846 5.329507 10.989841
v -1.883078 5.382093 11.024005
v -2.038337 6.040964 9.718938
v -2.047209 6.127576 9.759935
v -1.807666 6.795726 8.393372
v -1.745563 6.857592 8.427536
v -0.991446 7.253533 6.965315
v -1.461660 4.395334 13.121677
v -1.479404 5.100604 12.096756
v -1.426172 4.423173 13.142176
v -1.399556 5.106791 12.055759
v -1.758870 5.728542 11.010339
v -1.687895 5.703795 10.983007
v -1.723383 6.272961 9.746269
v -1.714511 6.186348 9.705273
v -1.523764 6.554450 8.407038
v -1.466096 6.616315 8.441201
v -0.862803 6.913271 6.951650
v -0.862803 6.913271 6.951650
v -1.523764 6.554450 8.407038
v -0.991446 7.253533 6.965315
v -1.807666 6.795726 8.393372
v -1.714511 6.186348 9.705273
v -2.038337 6.040964 9.718938
v -1.687895 5.703795 10.983007
v -1.829846 5.329507 10.989841
v -1.399556 5.106791 12.055759
v -1.222117 4.729409 11.960100
v -1.128961 4.110751 13.094346
v -1.426172 4.423173 13.142176
v -1.736691 3.501373 14.283256
v -1.040242 1.967102 20.302961
v -0.978138 2.131046 20.132141
v -1.288657 2.127953 20.384954
v -1.239861 2.301177 20.207302
v -1.266477 1.728918 20.801756
v -1.306401 2.097020 20.350790
v -1.288657 2.127953 20.384954
v -1.306401 2.270244 19.182381
v -1.288657 2.310457 19.196045
v -1.514892 2.613599 17.563004
v -1.550380 2.576480 17.549337
v -1.412864 2.953861 16.285269
v -1.452788 2.975514 16.257936
v -1.448352 3.210604 15.328675
v -1.510456 3.238443 15.308177
v -1.399556 3.591079 14.351583
v -1.395120 3.526119 14.351583
v -1.128961 4.110751 13.094346
v -1.173321 4.079818 13.080681
v -1.727819 3.439507 14.283256
v -1.395120 3.526119 14.351583
v -1.448352 3.210604 15.328675
v -1.665715 2.895088 15.246681
v -1.408428 2.570293 16.216940
v -1.412864 2.953861 16.285269
v -1.355196 2.291897 17.494677
v -1.514892 2.613599 17.563004
v -1.288657 2.310457 19.196045
v -1.057986 2.106299 19.155048
v -1.040242 1.967102 20.302961
v -1.288657 2.127953 20.384954
v 4.540221 5.289294 7.252293
v 4.531349 3.850914 8.905833
v 4.469245 3.785955 8.933165
v 1.293084 1.311324 20.870085
v 1.195492 1.401029 20.801756
v 1.066849 1.292764 20.829086
v 1.262032 1.329884 20.863251
v 1.097901 1.342257 20.835920
v 1.426163 1.113353 20.753925
v 1.213236 1.122633 20.685598
v 1.288648 0.946316 20.193636
v 1.594730 0.921570 20.234632
v 1.630218 0.930849 20.009150
v 1.306392 0.937036 19.981819
v 1.616910 1.014368 19.954487
v 1.297520 1.014368 19.933989
v 1.262032 1.329884 20.863251
v 1.426163 1.113353 20.753925
v 1.372931 1.178313 20.712929
v 1.594730 0.921570 20.234632
v 1.545935 1.014368 20.166304
v 1.630218 0.930849 20.009150
v 1.616910 1.014368 19.954487
v 1.594730 1.104074 20.179970
v 1.372931 1.178313 20.712929
v 1.430599 1.237085 20.726595
v 1.262032 1.329884 20.863251
v 1.097901 1.342257 20.835920
v 1.213236 1.233992 20.658266
v 1.262032 1.329884 20.863251
v 1.430599 1.237085 20.726595
v 1.581422 1.147380 20.166304
v 1.310828 1.165939 20.118475
v 1.825401 1.178313 19.196045
v 1.594730 1.308231 19.141382
v 1.736682 1.824810 17.494677
v 1.896377 1.503108 17.549337
v 2.064944 1.660866 16.257936
v 2.038328 2.019687 16.210108
v 2.419823 1.707265 15.308177
v 2.641622 2.019687 15.226183
v 2.810189 1.926888 14.310586
v 2.477490 1.778410 14.372082
v 2.433131 2.211471 13.190005
v 1.097901 1.342257 20.835920
v 1.213236 1.122633 20.685598
v 1.262032 1.175219 20.692430
v 1.319700 1.026741 20.173138
v 1.288648 0.946316 20.193636
v 1.306392 0.937036 19.981819
v 1.297520 1.014368 19.933989
v 1.288648 1.110260 20.159472
v 1.262032 1.175219 20.692430
v 1.213236 1.233992 20.658266
v 1.097901 1.342257 20.835920
v 2.810189 1.926888 14.310586
v 2.805753 1.985661 14.303754
v 2.641622 2.019687 15.226183
v 2.579518 2.044433 15.246681
v 2.038328 2.019687 16.210108
v 1.985097 2.038247 16.216940
v 1.736682 1.824810 17.494677
v 1.701194 1.787691 17.494677
v 1.568115 1.258738 19.168715
v 1.594730 1.308231 19.141382
v 1.310828 1.165939 20.118475
v 1.288648 1.110260 20.159472
v 1.213236 1.233992 20.658266
v 2.805753 1.985661 14.303754
v 2.752521 1.994941 13.217337
v 2.810189 1.926888 14.310586
v 2.708161 1.960914 13.231003
v 3.027552 2.152698 12.288074
v 2.938832 2.143419 12.247078
v 3.342506 2.390882 11.331481
v 3.267095 2.415628 11.310983
v 3.741745 2.932207 10.245065
v 3.732873 3.031193 10.217733
v 2.805753 1.985661 14.303754
v 2.752521 1.994941 13.217337
v 2.477490 2.245497 13.176340
v 3.027552 2.152698 12.288074
v 2.850113 2.526986 12.212914
v 3.462278 2.731144 11.365645
v 3.342506 2.390882 11.331481
v 4.065571 3.111618 10.272396
v 3.741745 2.932207 10.245065
v 4.469245 3.785955 8.933165
v 2.433131 2.211471 13.190005
v 2.473054 1.840276 14.372082
v 2.477490 1.778410 14.372082
v 2.362155 1.725825 15.328675
v 2.419823 1.707265 15.308177
v 2.064944 1.660866 16.257936
v 2.007277 1.679425 16.285269
v 1.896377 1.503108 17.549337
v 1.865325 1.465988 17.563004
v 1.825401 1.178313 19.196045
v 1.816529 1.138100 19.209711
v 1.581422 1.147380 20.166304
v 1.594730 1.104074 20.179970
v 1.430599 1.237085 20.726595
v 4.411578 5.635743 7.238627
v 4.540221 5.289294 7.252293
v 4.189779 4.036511 8.953663
v 4.469245 3.785955 8.933165
v 3.741745 2.932207 10.245065
v 4.411578 5.635743 7.238627
v 4.540221 5.289294 7.252293
v 4.247447 4.101470 8.926332
v 4.531349 3.850914 8.905833
v 3.732873 3.031193 10.217733
v 4.411578 5.635743 7.238627
v 4.189779 4.036511 8.953663
v 4.247447 4.101470 8.926332
v 3.741745 2.932207 10.245065
v 3.732873 3.031193 10.217733
v 4.469245 3.785955 8.933165
v 4.065571 3.111618 10.272396
v 4.531349 3.850914 8.905833
v 4.056699 3.207510 10.245065
v 3.462278 2.731144 11.365645
v 3.409046 2.786823 11.338314
v 2.850113 2.526986 12.212914
v 2.765829 2.514613 12.171917
v 2.433131 2.211471 13.190005
v 2.477490 2.245497 13.176340
v 2.473054 1.840276 14.372082
v 1.616910 1.014368 19.954487
v 1.297520 1.014368 19.933989
v 1.594730 1.104074 20.179970
v 1.288648 1.110260 20.159472
v 2.477490 2.245497 13.176340
v 2.473054 1.840276 14.372082
v 2.805753 1.985661 14.303754
v 2.362155 1.725825 15.328675
v 2.579518 2.044433 15.246681
v 1.985097 2.038247 16.216940
v 2.007277 1.679425 16.285269
v 1.701194 1.787691 17.494677
v 1.865325 1.465988 17.563004
v 1.816529 1.138100 19.209711
v 1.568115 1.258738 19.168715
v 1.288648 1.110260 20.159472
v 1.594730 1.104074 20.179970
v 2.810189 1.926888 14.310586
v 2.433131 2.211471 13.190005
v 2.708161 1.960914 13.231003
v 2.938832 2.143419 12.247078
v 2.765829 2.514613 12.171917
v 3.409046 2.786823 11.338314
v 3.267095 2.415628 11.310983
v 4.056699 3.207510 10.245065
v 3.732873 3.031193 10.217733
v 4.531349 3.850914 8.905833
v 1.293084 1.311324 20.870085
v 1.195492 1.401029 20.801756
v 1.301956 1.484548 20.870085
v 1.080157 1.521668 20.829086
v 1.066849 1.292764 20.829086
v 1.293084 1.311324 20.870085
v 1.275340 1.323697 20.904247
v 1.066849 1.292764 20.829086
v 1.075721 1.308231 20.870085
v 1.168876 1.404123 20.938412
v 1.084593 1.509295 20.870085
v 1.279776 1.475268 20.904247
v 1.301956 1.484548 20.870085
v 1.080157 1.521668 20.829086
v 1.293084 1.311324 20.870085
v 1.301956 1.484548 20.870085
v 1.080157 1.521668 20.829086
v 1.066849 1.292764 20.829086
v 1.262032 1.472175 20.863251
v 1.097901 1.462895 20.835920
v 1.195492 1.803157 20.870085
v 1.022489 1.704172 20.767591
v 0.951513 2.075366 20.391787
v 1.186620 2.245497 20.494280
v 1.204364 2.347576 20.289295
v 0.942641 2.174352 20.207302
v 1.239852 2.301177 20.207302
v 0.978129 2.131046 20.132141
v 1.262032 1.472175 20.863251
v 1.195492 1.803157 20.870085
v 1.186620 1.741291 20.801756
v 1.186620 2.245497 20.494280
v 1.195492 2.177445 20.384954
v 1.204364 2.347576 20.289295
v 1.239852 2.301177 20.207302
v 1.288648 2.127953 20.384954
v 1.186620 1.741291 20.801756
v 1.266468 1.728918 20.801756
v 1.262032 1.472175 20.863251
v 1.097901 1.462895 20.835920
v 1.084593 1.636119 20.706097
v 1.262032 1.472175 20.863251
v 1.266468 1.728918 20.801756
v 1.306392 2.097020 20.350790
v 1.089029 1.954728 20.248299
v 1.097901 2.069180 19.127718
v 1.306392 2.270244 19.182381
v 1.390675 2.254777 17.494677
v 1.550371 2.576480 17.549337
v 1.452779 2.975514 16.257936
v 1.461651 2.588852 16.210108
v 1.510447 3.238443 15.308177
v 1.732246 2.932208 15.226183
v 1.736682 3.501373 14.283256
v 1.399547 3.591079 14.351583
v 1.128952 4.110751 13.094346
v 1.097901 1.462895 20.835920
v 1.022489 1.704172 20.767591
v 1.093465 1.691799 20.767591
v 1.022489 2.038247 20.357624
v 0.951513 2.075366 20.391787
v 0.942641 2.174352 20.207302
v 0.978129 2.131046 20.132141
v 1.040233 1.967102 20.302961
v 1.093465 1.691799 20.767591
v 1.084593 1.636119 20.706097
v 1.097901 1.462895 20.835920
v 1.426163 4.423173 13.142176
v 1.461651 4.395334 13.121677
v 1.736682 3.501373 14.283256
v 1.727810 3.439507 14.283256
v 1.732246 2.932208 15.226183
v 1.665706 2.895088 15.246681
v 1.461651 2.588852 16.210108
v 1.408419 2.570293 16.216940
v 1.390675 2.254777 17.494677
v 1.355187 2.291897 17.494677
v 1.097901 2.069180 19.127718
v 1.057977 2.106299 19.155048
v 1.089029 1.954728 20.248299
v 1.040233 1.967102 20.302961
v 1.084593 1.636119 20.706097
v 1.727810 3.439507 14.283256
v 1.173312 4.079818 13.080681
v 1.461651 4.395334 13.121677
v 1.479395 5.100604 12.096756
v 1.306392 4.723222 12.001097
v 1.883069 5.382093 11.024005
v 1.758862 5.728542 11.010339
v 2.047200 6.127576 9.759935
v 1.723374 6.272961 9.746269
v 1.745554 6.857592 8.427536
v 1.466087 6.616315 8.441201
v 0.991437 7.253533 6.965315
v 0.862794 6.913271 6.951650
v 1.395111 3.526119 14.351583
v 1.173312 4.079818 13.080681
v 1.128952 4.110751 13.094346
v 1.306392 4.723222 12.001097
v 1.222108 4.729409 11.960100
v 1.829837 5.329507 10.989841
v 1.883069 5.382093 11.024005
v 2.038328 6.040964 9.718938
v 2.047200 6.127576 9.759935
v 1.807657 6.795726 8.393372
v 1.745554 6.857592 8.427536
v 0.991437 7.253533 6.965315
v 1.461651 4.395334 13.121677
v 1.479395 5.100604 12.096756
v 1.426163 4.423173 13.142176
v 1.399547 5.106791 12.055759
v 1.758862 5.728542 11.010339
v 1.687886 5.703795 10.983007
v 1.723374 6.272961 9.746269
v 1.714502 6.186348 9.705273
v 1.523755 6.554450 8.407038
v 1.466087 6.616315 8.441201
v 0.862794 6.913271 6.951650
v 0.862794 6.913271 6.951650
v 1.523755 6.554450 8.407038
v 0.991437 7.253533 6.965315
v 1.807657 6.795726 8.393372
v 1.714502 6.186348 9.705273
v 2.038328 6.040964 9.718938
v 1.687886 5.703795 10.983007
v 1.829837 5.329507 10.989841
v 1.399547 5.106791 12.055759
v 1.222108 4.729409 11.960100
v 1.128952 4.110751 13.094346
v 1.426163 4.423173 13.142176
v 1.736682 3.501373 14.283256
v 1.040233 1.967102 20.302961
v 0.978129 2.131046 20.132141
v 1.288648 2.127953 20.384954
v 1.239852 2.301177 20.207302
v 1.266468 1.728918 20.801756
v 1.306392 2.097020 20.350790
v 1.288648 2.127953 20.384954
v 1.306392 2.270244 19.182381
v 1.288648 2.310457 19.196045
v 1.514883 2.613599 17.563004
v 1.550371 2.576480 17.549337
v 1.412855 2.953861 16.285269
v 1.452779 2.975514 16.257936
v 1.448343 3.210604 15.328675
v 1.510447 3.238443 15.308177
v 1.399547 3.591079 14.351583
v 1.395111 3.526119 14.351583
v 1.128952 4.110751 13.094346
v 1.173312 4.079818 13.080681
v 1.727810 3.439507 14.283256
v 1.395111 3.526119 14.351583
v 1.448343 3.210604 15.328675
v 1.665706 2.895088 15.246681
v 1.408419 2.570293 16.216940
v 1.412855 2.953861 16.285269
v 1.355187 2.291897 17.494677
v 1.514883 2.613599 17.563004
v 1.288648 2.310457 19.196045
v 1.057977 2.106299 19.155048
v 1.040233 1.967102 20.302961
v 1.288648 2.127953 20.384954
v 1.188220 -0.176497 21.155375
v 1.220172 -0.145746 21.168871
v 1.250672 -0.171372 21.191364
v -1.238690 -0.145746 21.168871
v -1.269190 -0.171372 21.191364
v -1.206738 -0.176497 21.155375
v -0.965645 0.504581 19.029701
v -0.922074 0.504581 19.029701
v -0.943859 0.542166 19.029701
v -0.965645 0.504581 18.851999
v -0.922074 0.504581 18.851999
v -0.943859 0.542166 18.851999
v 0.922436 0.504581 19.029701
v 0.966007 0.504581 19.029701
v 0.944222 0.542166 19.029701
v 0.944222 0.542166 18.851999
v 0.922436 0.504581 18.851999
v 0.966007 0.504581 18.851999
v 0.283393 -0.198707 21.481535
v 0.321155 -0.118982 21.600754
v 0.425726 -0.216929 21.607502
v 0.389416 -0.128662 21.787453
v 0.409749 -0.157705 21.782953
v 0.450416 -0.102467 21.978651
v 0.462035 -0.136635 21.935913
v 0.283393 -0.198707 21.481535
v 0.321155 -0.118982 21.600754
v 0.251441 -0.208387 21.665985
v 0.369083 -0.155427 21.800949
v 0.389416 -0.128662 21.787453
v 0.418464 -0.133788 21.958406
v 0.450416 -0.102467 21.978651
v 0.591296 -0.222055 21.312832
v 0.745247 -0.246542 21.380314
v 0.665367 -0.145746 21.418552
v 0.745247 -0.163969 21.531023
v 0.762675 -0.193581 21.519775
v 0.848365 -0.143468 21.679482
v 0.842556 -0.177636 21.636744
v 0.591296 -0.222055 21.312832
v 0.665367 -0.145746 21.418552
v 0.602915 -0.232874 21.483786
v 0.727818 -0.189595 21.549017
v 0.745247 -0.163969 21.531023
v 0.810604 -0.173081 21.670485
v 0.848365 -0.143468 21.679482
v 0.450416 -0.102467 21.978651
v 0.462035 -0.136635 21.935913
v 0.810604 -0.248250 21.123882
v 0.947126 -0.179345 21.177868
v 0.976174 -0.281848 21.121634
v 1.035721 -0.136635 21.238602
v 1.048792 -0.166817 21.222857
v 1.138839 -0.127524 21.303833
v 1.121411 -0.160552 21.267843
v 1.220172 -0.145746 21.168871
v 1.188220 -0.176497 21.155375
v 0.810604 -0.248250 21.123882
v 0.947126 -0.179345 21.177868
v 0.906460 -0.262487 21.258846
v 1.022650 -0.161691 21.263346
v 1.035721 -0.136635 21.238602
v 1.095268 -0.155427 21.308332
v 1.138839 -0.127524 21.303833
v 0.848365 -0.143468 21.679482
v 0.842556 -0.177636 21.636744
v -0.301912 -0.198707 21.481535
v -0.444244 -0.216929 21.607502
v -0.339673 -0.118982 21.600754
v -0.407935 -0.128662 21.787453
v -0.428268 -0.157705 21.782953
v -0.468934 -0.102467 21.978651
v -0.480553 -0.136635 21.935913
v -0.301912 -0.198707 21.481535
v -0.339673 -0.118982 21.600754
v -0.269960 -0.208387 21.665985
v -0.387602 -0.155427 21.800949
v -0.407935 -0.128662 21.787453
v -0.436982 -0.133788 21.958406
v -0.468934 -0.102467 21.978651
v -0.609814 -0.222055 21.312832
v -0.762313 -0.246542 21.382563
v -0.683885 -0.145746 21.418552
v -0.763766 -0.163969 21.531023
v -0.781194 -0.193581 21.519775
v -0.866884 -0.143468 21.679482
v -0.861074 -0.177636 21.636744
v -0.609814 -0.222055 21.312832
v -0.683885 -0.145746 21.418552
v -0.619981 -0.232305 21.483786
v -0.746337 -0.189595 21.549017
v -0.763766 -0.163969 21.531023
v -0.829122 -0.173081 21.670485
v -0.866884 -0.143468 21.679482
v -0.468934 -0.102467 21.978651
v -0.480553 -0.136635 21.935913
v -0.829122 -0.248250 21.123882
v -0.965645 -0.179345 21.177868
v -0.994692 -0.281848 21.121634
v -1.054240 -0.136635 21.238602
v -1.067311 -0.166817 21.222857
v -1.157358 -0.127524 21.303833
v -1.139929 -0.160552 21.267843
v -1.238690 -0.145746 21.168871
v -1.206738 -0.176497 21.155375
v -0.829122 -0.248250 21.123882
v -0.965645 -0.179345 21.177868
v -0.924979 -0.262487 21.258846
v -1.041168 -0.161691 21.263346
v -1.054240 -0.136635 21.238602
v -1.113787 -0.155427 21.308332
v -1.157358 -0.127524 21.303833
v -0.866884 -0.143468 21.679482
v -0.861074 -0.177636 21.636744
v -0.009985 -0.190165 21.546768
v -0.009985 -0.105884 21.695229
v -0.100032 -0.203262 21.706474
v -0.009985 -0.119551 21.854935
v -0.034676 -0.147455 21.857183
v -0.009985 -0.088230 22.082123
v -0.034676 -0.121259 22.048382
v -0.009985 -0.190165 21.546768
v -0.009985 -0.105884 21.695229
v 0.081514 -0.203262 21.706474
v -0.009985 -0.119551 21.854935
v 0.016157 -0.147455 21.857183
v -0.009985 -0.088230 22.082123
v 0.016157 -0.121259 22.048382
v -0.009985 -0.088230 22.082123
v 0.016157 -0.121259 22.048382
v 0.450416 -0.102467 21.978651
v 0.418464 -0.133788 21.958406
v 0.848365 -0.143468 21.679482
v 0.854175 -0.165108 21.728968
v 0.450416 -0.102467 21.978651
v 0.488177 -0.127523 22.003393
v 0.613081 -0.038118 22.446524
v 0.633414 -0.067160 22.439775
v 0.675533 -0.063174 22.471268
v 0.633414 -0.011353 22.484764
v 0.653748 -0.041534 22.529751
v 1.250672 -0.171372 21.191364
v 1.188220 -0.176497 21.155375
v 1.182410 -0.155427 21.306084
v 1.121411 -0.160552 21.267843
v 1.095268 -0.155427 21.308332
v 1.022650 -0.161691 21.263346
v 1.048792 -0.166817 21.222857
v 0.906460 -0.262487 21.258846
v 0.976174 -0.281848 21.121634
v 0.810604 -0.248250 21.123882
v 1.156268 -0.150302 21.346573
v 0.842556 -0.177636 21.636744
v 0.886127 -0.169664 21.695229
v 0.810604 -0.173081 21.670485
v 0.854175 -0.165108 21.728968
v 0.462035 -0.136635 21.935913
v 0.488177 -0.127523 22.003393
v 0.418464 -0.133788 21.958406
v 0.369083 -0.155427 21.800949
v 0.409749 -0.157705 21.782953
v 0.251441 -0.208387 21.665985
v 0.425726 -0.216929 21.607502
v 0.283393 -0.198707 21.481535
v 0.727818 -0.189595 21.549017
v 0.762675 -0.193581 21.519775
v 0.602915 -0.232874 21.483786
v 0.745247 -0.246542 21.380314
v 0.591296 -0.222055 21.312832
v 1.103982 -0.126385 22.012392
v 1.070578 -0.121829 22.043882
v 1.117054 -0.146316 22.068626
v 1.082197 -0.113856 22.100119
v 1.150458 -0.101328 22.095619
v 1.151911 -0.124107 22.028137
v 0.443154 -0.124107 22.025888
v 0.633414 -0.067160 22.439775
v 0.016157 -0.111578 22.118113
v 0.016157 -0.121259 22.048382
v -0.034676 -0.121259 22.048382
v -0.034676 -0.147455 21.857183
v -0.034676 -0.111578 22.118113
v -0.034676 -0.042104 22.624226
v 0.016157 -0.042104 22.624226
v -0.009985 -0.063174 22.673712
v 0.035038 -0.038118 22.669214
v -0.009985 -0.015908 22.714201
v -0.053557 -0.038118 22.669214
v 0.592748 -0.064882 22.460020
v 0.633414 -0.087661 22.493761
v 0.675533 -0.063174 22.471268
v 0.653748 -0.041534 22.529751
v 0.589843 -0.057479 22.511757
v 1.411885 -0.203262 21.450045
v 1.385742 -0.197568 21.490534
v 1.438027 -0.224332 21.499531
v 1.408980 -0.190734 21.540020
v 1.477241 -0.177067 21.517527
v 1.467075 -0.203262 21.450045
v 0.016157 -0.147455 21.857183
v -0.100032 -0.203262 21.706474
v 0.081514 -0.203262 21.706474
v -0.009985 -0.190165 21.546768
v 1.220172 -0.145746 21.168871
v 1.138839 -0.127524 21.303833
v 1.250672 -0.171372 21.191364
v 1.182410 -0.155427 21.306084
v 1.398813 -0.172511 21.465790
v 1.411885 -0.203262 21.450045
v 1.467075 -0.203262 21.450045
v 1.438027 -0.138913 21.488283
v 1.477241 -0.177067 21.517527
v 0.854175 -0.165108 21.728968
v 0.848365 -0.143468 21.679482
v 1.070578 -0.121829 22.043882
v 1.086554 -0.096203 22.023638
v 1.117054 -0.070008 22.057379
v 1.082197 -0.113856 22.100119
v 1.150458 -0.101328 22.095619
v 0.653748 -0.041534 22.529751
v 0.589843 -0.057479 22.511757
v 0.633414 -0.011353 22.484764
v 0.592748 -0.064882 22.460020
v 0.613081 -0.038118 22.446524
v 0.450416 -0.102467 21.978651
v 0.443154 -0.124107 22.025888
v 0.016157 -0.111578 22.118113
v -0.009985 -0.088230 22.082123
v -0.009985 -0.014200 22.621977
v 0.016157 -0.042104 22.624226
v -0.009985 0.013704 22.664715
v 0.035038 -0.038118 22.669214
v -0.009985 -0.015908 22.714201
v 1.150458 -0.101328 22.095619
v 1.151911 -0.124107 22.028137
v 1.117054 -0.070008 22.057379
v 1.086554 -0.096203 22.023638
v 1.103982 -0.126385 22.012392
v 0.886127 -0.169664 21.695229
v 0.848365 -0.143468 21.679482
v 1.156268 -0.150302 21.346573
v 1.138839 -0.127524 21.303833
v 1.385742 -0.197568 21.490534
v 1.398813 -0.172511 21.465790
v 1.438027 -0.138913 21.488283
v 1.408980 -0.190734 21.540020
v 1.477241 -0.177067 21.517527
v -0.866884 -0.143468 21.679482
v -0.468934 -0.102467 21.978651
v -0.872693 -0.165108 21.728968
v -0.506696 -0.127523 22.003393
v -0.631600 -0.038118 22.446524
v -0.651933 -0.067160 22.439775
v -0.694052 -0.063174 22.471268
v -0.651933 -0.011353 22.484764
v -0.672266 -0.041534 22.529751
v -1.269190 -0.171372 21.191364
v -1.206738 -0.176497 21.155375
v -1.200929 -0.155427 21.306084
v -1.139929 -0.160552 21.267843
v -1.113787 -0.155427 21.308332
v -1.041168 -0.161691 21.263346
v -1.067311 -0.166817 21.222857
v -1.174786 -0.150302 21.346573
v -0.861074 -0.177636 21.636744
v -1.430403 -0.203262 21.450045
v -1.404261 -0.197568 21.490534
v -1.456546 -0.224332 21.499531
v -1.427499 -0.190734 21.540020
v -1.495760 -0.177067 21.517527
v -1.485593 -0.203262 21.450045
v -0.904645 -0.169664 21.695229
v -0.829122 -0.173081 21.670485
v -0.746337 -0.189595 21.549017
v -0.781194 -0.193581 21.519775
v -0.872693 -0.165108 21.728968
v -0.480553 -0.136635 21.935913
v -1.122501 -0.126385 22.012392
v -1.089096 -0.121829 22.043882
v -1.135572 -0.146316 22.068626
v -1.100715 -0.113856 22.100119
v -1.168977 -0.101328 22.095619
v -1.170429 -0.124107 22.028137
v -0.506696 -0.127523 22.003393
v -0.436982 -0.133788 21.958406
v -0.387602 -0.155427 21.800949
v -0.428268 -0.157705 21.782953
v -0.034676 -0.121259 22.048382
v -0.034676 -0.111578 22.118113
v -0.461673 -0.124107 22.025888
v -0.651933 -0.067160 22.439775
v -0.611267 -0.064882 22.460020
v -0.651933 -0.087661 22.493761
v -0.608362 -0.057479 22.511757
v -0.672266 -0.041534 22.529751
v -0.694052 -0.063174 22.471268
v -1.238690 -0.145746 21.168871
v -1.157358 -0.127524 21.303833
v -1.269190 -0.171372 21.191364
v -1.200929 -0.155427 21.306084
v -1.417332 -0.172511 21.465790
v -1.430403 -0.203262 21.450045
v -1.485593 -0.203262 21.450045
v -1.456546 -0.138913 21.488283
v -1.495760 -0.177067 21.517527
v -0.872693 -0.165108 21.728968
v -0.866884 -0.143468 21.679482
v -1.089096 -0.121829 22.043882
v -1.105072 -0.096203 22.023638
v -1.135572 -0.070008 22.057379
v -1.100715 -0.113856 22.100119
v -1.168977 -0.101328 22.095619
v -0.387602 -0.155427 21.800949
v -0.428268 -0.157705 21.782953
v -0.269960 -0.208387 21.665985
v -0.444244 -0.216929 21.607502
v -0.301912 -0.198707 21.481535
v -0.746337 -0.189595 21.549017
v -0.619981 -0.232305 21.483786
v -0.781194 -0.193581 21.519775
v -0.762313 -0.246542 21.382563
v -0.609814 -0.222055 21.312832
v -1.041168 -0.161691 21.263346
v -0.924979 -0.262487 21.258846
v -1.067311 -0.166817 21.222857
v -0.994692 -0.281848 21.121634
v -0.829122 -0.248250 21.123882
v -0.672266 -0.041534 22.529751
v -0.651933 -0.011353 22.484764
v -0.608362 -0.057479 22.511757
v -0.611267 -0.064882 22.460020
v -0.631600 -0.038118 22.446524
v -0.468934 -0.102467 21.978651
v -0.461673 -0.124107 22.025888
v -0.034676 -0.111578 22.118113
v -0.009985 -0.088230 22.082123
v -0.009985 -0.014200 22.621977
v -0.034676 -0.042104 22.624226
v -0.053557 -0.038118 22.669214
v -0.009985 0.013704 22.664715
v -0.009985 -0.015908 22.714201
v -1.168977 -0.101328 22.095619
v -1.135572 -0.070008 22.057379
v -1.170429 -0.124107 22.028137
v -1.105072 -0.096203 22.023638
v -1.122501 -0.126385 22.012392
v -0.904645 -0.169664 21.695229
v -0.866884 -0.143468 21.679482
v -1.174786 -0.150302 21.346573
v -1.157358 -0.127524 21.303833
v -1.404261 -0.197568 21.490534
v -1.417332 -0.172511 21.465790
v -1.456546 -0.138913 21.488283
v -1.427499 -0.190734 21.540020
v -1.495760 -0.177067 21.517527
v -0.436982 -0.133788 21.958406
v -0.468934 -0.102467 21.978651
v -0.034676 -0.121259 22.048382
v -0.009985 -0.088230 22.082123
v 0.268870 -0.205540 21.436548
v -0.009985 -0.190165 21.546768
v -0.009985 -0.196429 21.499531
v -0.287388 -0.205540 21.436548
v -0.301912 -0.198707 21.481535
v -0.609814 -0.222055 21.312832
v -0.585124 -0.227180 21.276840
v -0.829122 -0.248250 21.123882
v -0.792813 -0.252806 21.090141
v -0.853812 -0.264764 21.002415
v -0.897384 -0.261348 21.029408
v -0.894479 -0.288112 20.982170
v -0.938050 -0.264764 21.004665
v -0.917717 -0.263056 20.943932
v -0.852360 -0.271598 20.955179
v 0.283393 -0.198707 21.481535
v 0.591296 -0.222055 21.312832
v 0.566605 -0.227180 21.276840
v 0.774294 -0.252806 21.090141
v 0.810604 -0.248250 21.123882
v 0.835294 -0.264764 21.002415
v 0.878865 -0.261348 21.029408
v 0.875960 -0.288112 20.982170
v 0.919531 -0.264764 21.004665
v 0.899198 -0.263056 20.943932
v 0.833842 -0.271598 20.955179
v 0.899198 -0.263056 20.943932
v 0.833842 -0.271598 20.955179
v 0.875960 -0.222055 20.973173
v 0.857079 -0.235152 21.011414
v 0.835294 -0.264764 21.002415
v 0.774294 -0.252806 21.090141
v 0.797532 -0.223194 21.099140
v 0.581129 -0.196998 21.290337
v 0.566605 -0.227180 21.276840
v 0.263060 -0.173081 21.463541
v 0.268870 -0.205540 21.436548
v -0.009985 -0.196429 21.499531
v -0.009985 -0.165108 21.519775
v 0.899198 -0.263056 20.943932
v 0.919531 -0.264764 21.004665
v 0.875960 -0.222055 20.973173
v 0.878865 -0.261348 21.029408
v 0.857079 -0.235152 21.011414
v 0.797532 -0.223194 21.099140
v 0.810604 -0.248250 21.123882
v 0.581129 -0.196998 21.290337
v 0.591296 -0.222055 21.312832
v 0.263060 -0.173081 21.463541
v 0.283393 -0.198707 21.481535
v -0.009985 -0.190165 21.546768
v -0.009985 -0.165108 21.519775
v -0.009985 -0.165108 21.519775
v -0.281579 -0.173081 21.463541
v -0.009985 -0.190165 21.546768
v -0.301912 -0.198707 21.481535
v -0.609814 -0.222055 21.312832
v -0.599648 -0.196998 21.290337
v -0.816051 -0.223194 21.099140
v -0.829122 -0.248250 21.123882
v -0.897384 -0.261348 21.029408
v -0.875598 -0.235152 21.011414
v -0.894479 -0.222055 20.973173
v -0.938050 -0.264764 21.004665
v -0.917717 -0.263056 20.943932
v -0.917717 -0.263056 20.943932
v -0.894479 -0.222055 20.973173
v -0.852360 -0.271598 20.955179
v -0.875598 -0.235152 21.011414
v -0.853812 -0.264764 21.002415
v -0.792813 -0.252806 21.090141
v -0.816051 -0.223194 21.099140
v -0.585124 -0.227180 21.276840
v -0.599648 -0.196998 21.290337
v -0.281579 -0.173081 21.463541
v -0.287388 -0.205540 21.436548
v -0.009985 -0.196429 21.499531
v -0.009985 -0.165108 21.519775
v -0.922074 0.504581 19.029701
v -0.965645 0.504581 19.029701
v -0.922074 0.504581 18.851999
v -0.965645 0.504581 18.851999
v -0.965645 0.504581 19.029701
v -0.943859 0.542166 19.029701
v -0.965645 0.504581 18.851999
v -0.943859 0.542166 18.851999
v -0.922074 0.504581 19.029701
v -0.922074 0.504581 18.851999
v -0.943859 0.542166 19.029701
v -0.943859 0.542166 18.851999
v -0.890122 0.508568 19.058943
v -0.940955 0.511415 19.011705
v -0.932240 0.520526 19.121925
v -0.984526 0.536471 19.058943
v -0.932240 0.520526 19.121925
v -0.951121 0.483511 19.058943
v -0.890122 0.508568 19.058943
v -0.940955 0.511415 19.011705
v -0.932240 0.520526 19.121925
v -0.984526 0.536471 19.058943
v -0.951121 0.483511 19.058943
v -0.940955 0.511415 19.011705
v 0.966007 0.504581 18.851999
v 0.966007 0.504581 19.029701
v 0.922436 0.504581 18.851999
v 0.922436 0.504581 19.029701
v 0.944222 0.542166 18.851999
v 0.944222 0.542166 19.029701
v 0.966007 0.504581 18.851999
v 0.966007 0.504581 19.029701
v 0.944222 0.542166 18.851999
v 0.922436 0.504581 18.851999
v 0.944222 0.542166 19.029701
v 0.922436 0.504581 19.029701
v 0.889032 0.508568 19.058943
v 0.931150 0.520526 19.121925
v 0.941317 0.511415 19.011705
v 0.984888 0.536471 19.058943
v 0.931150 0.520526 19.121925
v 0.889032 0.508568 19.058943
v 0.951483 0.483511 19.058943
v 0.941317 0.511415 19.011705
v 0.931150 0.520526 19.121925
v 0.951483 0.483511 19.058943
v 0.984888 0.536471 19.058943
v 0.941317 0.511415 19.011705
v -0.943859 0.523374 18.798014
v -1.061501 0.739200 18.730532
v -1.020835 0.728381 18.705788
v -1.096358 0.833162 18.487598
v -0.977264 0.511415 18.831755
v -0.868336 0.318367 18.705788
v -0.891574 0.283060 18.730532
v -0.836384 0.232947 18.487598
v -0.856717 0.189098 18.487598
v -0.868336 0.318367 18.269407
v -0.891574 0.283060 18.244663
v -0.943859 0.523374 18.179432
v -0.977264 0.511415 18.143440
v -1.020835 0.728381 18.269407
v -1.061501 0.739200 18.244663
v -1.052787 0.813231 18.487598
v -0.977264 0.511415 18.831755
v -1.038263 0.773938 18.755276
v -1.061501 0.739200 18.730532
v -1.076025 0.877580 18.487598
v -0.943859 0.523374 18.865496
v -0.891574 0.283060 18.730532
v -0.850908 0.272240 18.755276
v -0.856717 0.189098 18.487598
v -0.813146 0.168598 18.487598
v -0.891574 0.283060 18.244663
v -0.850908 0.272240 18.219919
v -0.977264 0.511415 18.143440
v -0.943859 0.523374 18.109699
v -1.061501 0.739200 18.244663
v -1.038263 0.773938 18.219919
v -1.096358 0.833162 18.487598
v 0.944222 0.523374 18.798014
v 1.021197 0.728381 18.705788
v 1.061864 0.739200 18.730532
v 1.096720 0.833162 18.487598
v 0.976174 0.511415 18.831755
v 0.868698 0.318367 18.705788
v 0.891936 0.283060 18.730532
v 0.836746 0.232947 18.487598
v 0.857079 0.189098 18.487598
v 0.868698 0.318367 18.269407
v 0.891936 0.283060 18.244663
v 0.944222 0.523374 18.179432
v 0.976174 0.511415 18.143440
v 1.021197 0.728381 18.269407
v 1.061864 0.739200 18.244663
v 1.051697 0.813231 18.487598
v 1.037173 0.773938 18.755276
v 0.976174 0.511415 18.831755
v 0.944222 0.523374 18.865496
v 0.891936 0.283060 18.730532
v 1.061864 0.739200 18.730532
v 1.076387 0.877580 18.487598
v 1.096720 0.833162 18.487598
v 1.037173 0.773938 18.219919
v 1.061864 0.739200 18.244663
v 0.944222 0.523374 18.109699
v 0.976174 0.511415 18.143440
v 0.851270 0.272240 18.219919
v 0.891936 0.283060 18.244663
v 0.812056 0.168598 18.487598
v 0.857079 0.189098 18.487598
v 0.851270 0.272240 18.755276
v -0.943859 0.523374 18.865496
v -1.038263 0.773938 18.755276
v -1.020835 0.728381 18.705788
v -1.052787 0.813231 18.487598
v -0.943859 0.523374 18.798014
v -0.850908 0.272240 18.755276
v -0.868336 0.318367 18.705788
v -0.813146 0.168598 18.487598
v -0.836384 0.232947 18.487598
v -0.850908 0.272240 18.219919
v -0.868336 0.318367 18.269407
v -0.943859 0.523374 18.109699
v -0.943859 0.523374 18.179432
v -1.038263 0.773938 18.219919
v -1.020835 0.728381 18.269407
v -1.076025 0.877580 18.487598
v 1.021197 0.728381 18.705788
v 0.944222 0.523374 18.798014
v 0.944222 0.523374 18.865496
v 0.851270 0.272240 18.755276
v 1.037173 0.773938 18.755276
v 1.051697 0.813231 18.487598
v 1.076387 0.877580 18.487598
v 1.021197 0.728381 18.269407
v 1.037173 0.773938 18.219919
v 0.944222 0.523374 18.179432
v 0.944222 0.523374 18.109699
v 0.868698 0.318367 18.269407
v 0.851270 0.272240 18.219919
v 0.836746 0.232947 18.487598
v 0.812056 0.168598 18.487598
v 0.868698 0.318367 18.705788
v 0.333723 -0.395490 19.548803
v 0.299809 -0.401533 19.529007
v 0.309153 -0.394380 19.519905
v 0.215717 -0.418797 19.468025
v 0.282852 -0.390804 19.478720
v 0.303616 -0.371197 19.409775
v 0.295310 -0.377609 19.463020
v 0.355525 -0.361085 19.310795
v 0.323341 -0.367621 19.356758
v 0.232674 -0.417194 19.352434
v 0.303616 -0.371197 19.409775
v 0.109131 -0.473056 19.462564
v 0.220216 -0.430512 19.539701
v 0.315382 -0.403752 19.549030
v 0.234404 -0.440624 19.601820
v 0.323341 -0.411644 19.571558
v 0.349295 -0.424346 19.617748
v 0.365214 -0.409548 19.600227
v 0.407433 -0.413001 19.635952
v 0.398090 -0.429649 19.657341
v 0.452767 -0.432485 19.691471
v 0.357255 -0.481565 19.739939
v 0.301539 -0.471329 19.694658
v 0.129549 -0.542483 19.719233
v 0.114668 -0.497966 19.596132
v 0.000123 -0.560117 19.560408
v 0.000123 -0.588356 19.673952
v 0.000123 -0.633490 19.789770
v 0.152042 -0.602044 19.833004
v 0.283544 -0.577874 19.869865
v 0.429581 -0.483784 19.777710
v 0.523017 -0.429895 19.723783
v 0.458650 -0.414604 19.669172
v 0.523363 -0.410288 19.696934
v 0.587729 -0.391544 19.703077
v 0.592228 -0.416577 19.738573
v 0.653480 -0.367497 19.698298
v 0.330954 -0.405602 19.566324
v 0.515057 -0.471576 19.805016
v 0.396013 -0.559870 19.907637
v 0.371097 -0.608703 20.005253
v 0.189763 -0.644095 19.957014
v 0.000123 -0.668265 19.906954
v -0.152143 -0.602044 19.833004
v -0.129649 -0.542483 19.719233
v -0.114422 -0.497966 19.596132
v 0.000123 -0.560117 19.560408
v -0.108885 -0.473056 19.462564
v 0.000123 -0.549265 19.455965
v 0.501907 -0.531878 19.926977
v -0.220316 -0.430512 19.539701
v -0.234504 -0.440624 19.601820
v -0.301640 -0.471329 19.694658
v -0.357355 -0.481565 19.739939
v -0.349396 -0.424346 19.617748
v -0.397844 -0.429649 19.657341
v -0.407533 -0.413001 19.635952
v -0.452867 -0.432485 19.691471
v -0.458750 -0.414604 19.669172
v -0.523117 -0.429895 19.723783
v -0.523463 -0.410288 19.696934
v -0.587484 -0.391544 19.703077
v -0.591982 -0.416577 19.738573
v -0.653581 -0.367497 19.698298
v -0.660848 -0.392037 19.734022
v -0.710334 -0.340984 19.682371
v -0.725215 -0.366387 19.724920
v -0.758782 -0.312622 19.662119
v -0.778854 -0.330133 19.700573
v -0.796503 -0.281176 19.635952
v -0.824187 -0.292275 19.672813
v -0.804808 -0.348630 19.757687
v -0.741825 -0.389078 19.789314
v -0.669499 -0.423729 19.808884
v -0.593020 -0.451599 19.815027
v -0.515157 -0.471576 19.805016
v -0.429681 -0.483784 19.777710
v -0.283645 -0.577874 19.869865
v -0.189863 -0.644095 19.957014
v 0.000123 -0.685406 20.067144
v 0.376980 -0.611786 20.248949
v 0.528207 -0.560487 20.023457
v 0.591190 -0.504378 19.931757
v 0.593266 -0.451599 19.815027
v -0.396113 -0.559870 19.907637
v -0.502007 -0.531878 19.926977
v -0.371197 -0.608703 20.005253
v 0.679781 -0.472069 19.924021
v 0.669399 -0.423729 19.808884
v 0.660748 -0.392037 19.734022
v 0.725114 -0.366387 19.724920
v 0.710234 -0.340984 19.682371
v 0.778753 -0.330133 19.700573
v 0.758682 -0.312622 19.662119
v 0.824087 -0.292275 19.672813
v 0.796402 -0.281176 19.635952
v 0.853502 -0.255033 19.636406
v 0.826856 -0.249854 19.607737
v 0.859039 -0.217545 19.572012
v 0.798825 -0.227287 19.558132
v 0.854886 -0.306333 19.723101
v 0.897105 -0.264775 19.689878
v 0.929289 -0.226794 19.662802
v 0.804708 -0.348630 19.757687
v 0.741725 -0.389078 19.789314
v 0.769756 -0.430758 19.904678
v 0.680127 -0.499075 20.016857
v 0.666977 -0.518313 20.242579
v 0.780484 -0.447653 20.001156
v 0.850041 -0.382172 19.865086
v 0.907141 -0.331119 19.819578
v 0.936210 -0.275997 19.753363
v 0.932403 -0.329269 19.920151
v 0.968393 -0.255403 19.852345
v 0.990887 -0.140226 19.704441
v 0.871151 -0.389448 19.963158
v 0.855578 -0.404245 20.216412
v 0.960088 -0.280190 20.190472
v 1.002307 -0.162053 19.869637
v 1.041065 0.020948 19.903086
v 1.026185 -0.037997 20.147694
v 0.884993 -0.269584 20.433941
v 0.784983 -0.412261 20.402540
v 0.653134 -0.495869 20.424612
v 0.634447 -0.431128 20.629627
v 0.351372 -0.509187 20.687878
v 0.371443 -0.579847 20.473534
v 0.000123 -0.670361 20.249178
v -0.376734 -0.611786 20.248949
v -0.528308 -0.560487 20.023457
v -0.591290 -0.504378 19.931757
v -0.679535 -0.472069 19.924021
v -0.769856 -0.430758 19.904678
v -0.850142 -0.382172 19.865086
v -0.680227 -0.499075 20.016857
v -0.667077 -0.518313 20.242579
v -0.371197 -0.579847 20.473534
v 0.000123 -0.631887 20.495832
v 0.000123 -0.573065 20.708130
v -0.780584 -0.447653 20.001156
v -0.351126 -0.509187 20.687878
v -0.652888 -0.495869 20.424612
v -0.634547 -0.431128 20.629627
v -0.784737 -0.412261 20.402540
v -0.885093 -0.269584 20.433941
v -0.855332 -0.404245 20.216412
v -0.871251 -0.389448 19.963158
v -0.932503 -0.329269 19.920151
v -0.959842 -0.280190 20.190472
v -1.025939 -0.037997 20.147694
v -1.002061 -0.162053 19.869637
v -1.041166 0.020948 19.903086
v -0.990641 -0.140226 19.704441
v -1.018672 0.057450 19.707628
v -1.055700 0.114915 19.929026
v -1.016942 0.311111 19.642323
v -0.991679 0.084456 19.558815
v -0.942539 0.459583 19.419104
v -0.968493 -0.255403 19.852345
v -0.972300 -0.109520 19.582253
v -0.944615 -0.081281 19.457560
v -0.943923 0.109366 19.375189
v -0.901012 0.113065 19.246628
v -0.889938 0.433070 19.273705
v -0.851526 0.405077 19.132401
v -0.842182 0.464516 19.128532
v -0.691993 0.385593 18.845016
v -0.764665 0.503360 19.029552
v -0.913470 -0.079061 19.355619
v -0.879903 -0.092133 19.237526
v -0.858447 0.107393 19.133312
v -0.794080 0.091978 18.994738
v -0.883017 -0.137883 19.351297
v -0.853256 -0.148488 19.236387
v -0.844259 -0.117536 19.137863
v -0.784737 -0.158353 19.002247
v -0.714833 0.059916 18.848429
v -0.597173 0.015029 18.698706
v -0.581947 0.318140 18.697796
v -0.467055 0.180766 18.594265
v -0.466363 -0.224697 18.594719
v -0.325864 0.027607 18.505295
v -0.589906 -0.198924 18.705305
v -0.709642 -0.178577 18.860262
v -0.731098 -0.286109 19.030689
v -0.651850 -0.321377 18.899853
v -0.530038 -0.343574 18.759914
v -0.419991 -0.340615 18.660252
v -0.323095 -0.265268 18.505068
v -0.171868 -0.158107 18.422470
v -0.169445 -0.322117 18.424290
v -0.035175 -0.305223 18.353069
v -0.036213 -0.376006 18.355118
v 0.000123 -0.314595 18.340099
v 0.000123 -0.381432 18.340328
v 0.036113 -0.376006 18.355118
v 0.035075 -0.305223 18.353069
v 0.169345 -0.322117 18.424290
v 0.171768 -0.158107 18.422470
v 0.323341 -0.265268 18.505068
v 0.325764 0.027607 18.505295
v 0.466609 -0.224697 18.594719
v 0.466955 0.180766 18.594265
v 0.597073 0.015029 18.698706
v 0.581846 0.318140 18.697796
v 0.691893 0.385593 18.845016
v 0.715079 0.059916 18.848429
v 0.589806 -0.198924 18.705305
v 0.419891 -0.340738 18.660252
v 0.293234 -0.341848 18.560589
v 0.157233 -0.367744 18.481403
v 0.036113 -0.409671 18.428387
v 0.000123 -0.381432 18.340328
v 0.000123 -0.415467 18.418375
v -0.036213 -0.409671 18.428387
v -0.157333 -0.367744 18.481403
v -0.292988 -0.341848 18.560589
v -0.374312 -0.400793 18.731699
v -0.466709 -0.404369 18.820896
v -0.575025 -0.386611 18.946499
v -0.651504 -0.349987 19.069372
v -0.783006 -0.245415 19.150604
v -0.810691 -0.217298 19.235933
v -0.693723 -0.308059 19.172449
v -0.527615 -0.396970 19.122162
v -0.481936 -0.437294 18.998379
v -0.404419 -0.450859 18.875734
v -0.322749 -0.466890 18.840919
v -0.317558 -0.495499 18.942404
v -0.362892 -0.472316 19.063002
v -0.385040 -0.426566 19.172449
v -0.543880 -0.344561 19.214771
v -0.718293 -0.274517 19.242304
v -0.761897 -0.241468 19.275070
v -0.826264 -0.189552 19.356529
v -0.731098 -0.249731 19.287813
v -0.755668 -0.217792 19.352890
v -0.705489 -0.241222 19.295776
v -0.622781 -0.279943 19.259142
v -0.854986 -0.176851 19.446865
v -0.792350 -0.205953 19.440722
v -0.800309 -0.206447 19.475990
v -0.801001 -0.212859 19.509438
v -0.863638 -0.187456 19.511486
v -0.799963 -0.222848 19.543570
v -0.858793 -0.217545 19.572012
v -0.921430 -0.176974 19.574970
v -0.904473 -0.135787 19.453463
v -0.929389 -0.226794 19.662802
v -0.785083 -0.206447 19.404314
v -0.935964 -0.275997 19.753363
v -0.907241 -0.331119 19.819578
v -0.854986 -0.306333 19.723101
v -0.853602 -0.255033 19.636406
v -0.826956 -0.249854 19.607737
v -0.897205 -0.264775 19.689878
v -0.826956 -0.249854 19.607737
v -0.798579 -0.227287 19.558132
v -0.798579 -0.227287 19.558132
v -0.799963 -0.222848 19.543570
v 0.395667 -0.352576 19.281670
v 0.393245 -0.380199 19.250269
v 0.247208 -0.424593 19.297142
v 0.110515 -0.501912 19.337189
v 0.467647 -0.331612 19.262783
v 0.544126 -0.344561 19.214771
v 0.545856 -0.307442 19.254591
v 0.622681 -0.279943 19.259142
v 0.718193 -0.274517 19.242304
v 0.730997 -0.249731 19.287813
v 0.705389 -0.241222 19.295776
v 0.755568 -0.217792 19.352890
v 0.826163 -0.189552 19.356529
v 0.784983 -0.206447 19.404314
v 0.792250 -0.205953 19.440722
v 0.855232 -0.176851 19.446865
v 0.800209 -0.206447 19.475990
v 0.801247 -0.212859 19.509438
v 0.863538 -0.187456 19.511486
v 0.799863 -0.222848 19.543570
v 0.921329 -0.176974 19.574970
v 0.972200 -0.109520 19.582253
v 1.018572 0.057450 19.707628
v 1.055600 0.114915 19.929026
v 1.017187 0.311111 19.642323
v 0.991925 0.084456 19.558815
v 0.944515 -0.081281 19.457560
v 0.942785 0.459583 19.419104
v 0.944169 0.109366 19.375189
v 0.901258 0.113065 19.246628
v 0.889838 0.433070 19.273705
v 0.851426 0.405077 19.132401
v 0.842428 0.464516 19.128532
v 0.764911 0.503360 19.029552
v 0.793980 0.091978 18.994738
v 0.858693 0.107393 19.133312
v 0.880148 -0.092133 19.237526
v 0.913716 -0.079061 19.355619
v 0.904719 -0.135787 19.453463
v 0.882917 -0.137883 19.351297
v 0.853156 -0.148488 19.236387
v 0.844158 -0.117536 19.137863
v 0.784636 -0.158353 19.002247
v 0.709542 -0.178577 18.860262
v 0.730997 -0.286109 19.030689
v 0.782906 -0.245415 19.150604
v 0.810937 -0.217298 19.235933
v 0.762143 -0.241468 19.275070
v 0.693969 -0.308059 19.172449
v 0.651404 -0.349987 19.069372
v 0.527515 -0.396970 19.122162
v 0.385286 -0.426566 19.172449
v 0.363138 -0.472316 19.063002
v 0.248939 -0.467383 19.211359
v 0.481836 -0.437294 18.998379
v 0.575271 -0.386611 18.946499
v 0.651750 -0.321377 18.899853
v 0.529938 -0.343574 18.759914
v 0.466609 -0.404369 18.820896
v 0.404665 -0.450859 18.875734
v 0.317458 -0.495499 18.942404
v 0.374212 -0.400793 18.731699
v 0.322649 -0.466890 18.840919
v 0.262435 -0.436061 18.719641
v 0.197030 -0.441117 18.665939
v 0.121589 -0.454559 18.615425
v 0.034383 -0.464547 18.590851
v 0.000123 -0.468000 18.586756
v -0.034137 -0.464547 18.590851
v -0.121689 -0.454559 18.615425
v -0.196784 -0.441117 18.665939
v -0.262535 -0.436061 18.719641
v -0.269456 -0.458751 18.816572
v -0.267034 -0.496116 18.863218
v -0.241426 -0.487854 18.825674
v -0.236581 -0.460231 18.793819
v -0.217201 -0.453695 18.754227
v -0.185364 -0.461341 18.722143
v -0.136570 -0.483661 18.690287
v -0.084661 -0.513997 18.668444
v -0.036559 -0.533357 18.660934
v -0.080855 -0.520656 18.703485
v -0.132417 -0.492910 18.718729
v -0.180519 -0.467383 18.746035
v -0.207858 -0.453942 18.769699
v -0.202667 -0.450119 18.784718
v -0.152489 -0.481811 18.758778
v -0.092275 -0.511530 18.740574
v -0.035867 -0.532987 18.734430
v -0.035867 -0.535824 18.697796
v 0.000123 -0.537180 18.733521
v 0.000123 -0.541620 18.696203
v 0.035767 -0.535824 18.697796
v 0.035767 -0.532987 18.734430
v 0.080754 -0.520656 18.703485
v 0.092174 -0.511530 18.740574
v 0.132317 -0.492910 18.718729
v 0.152388 -0.481811 18.758778
v 0.180419 -0.467383 18.746035
v 0.202913 -0.450119 18.784718
v 0.207758 -0.453942 18.769699
v 0.217101 -0.453695 18.754227
v 0.185264 -0.461341 18.722143
v 0.136470 -0.483661 18.690287
v 0.084561 -0.513997 18.668444
v 0.236481 -0.460231 18.793819
v 0.269356 -0.458751 18.816572
v 0.267280 -0.496116 18.863218
v 0.241325 -0.487854 18.825674
v 0.212257 -0.484278 18.796549
v 0.220216 -0.456408 18.788586
v 0.206027 -0.452092 18.784718
v 0.192877 -0.459738 18.775616
v 0.153773 -0.484524 18.755136
v 0.164154 -0.515353 18.774933
v 0.094251 -0.513873 18.738071
v 0.221600 -0.502775 18.827267
v 0.174882 -0.534097 18.797688
v 0.197030 -0.545689 18.891207
v 0.222984 -0.540386 18.996559
v 0.243056 -0.511654 19.111923
v 0.116398 -0.544949 19.250496
v 0.000123 -0.589959 19.279165
v 0.000123 -0.560487 19.354254
v -0.110616 -0.501912 19.337189
v -0.116499 -0.544949 19.250496
v 0.000123 -0.666169 19.177454
v 0.053070 -0.680473 19.136951
v 0.125742 -0.601305 19.110785
v 0.053416 -0.723264 19.075743
v 0.125396 -0.621898 19.034103
v 0.000123 -0.783566 19.082342
v -0.052824 -0.680473 19.136951
v -0.125842 -0.601305 19.110785
v -0.243156 -0.511654 19.111923
v -0.125496 -0.621898 19.034103
v -0.053170 -0.723264 19.075743
v -0.054208 -0.714385 19.012714
v 0.000123 -0.738679 19.005432
v 0.054454 -0.714385 19.012714
v 0.049955 -0.647055 18.926022
v 0.117437 -0.611170 18.915781
v 0.107055 -0.596619 18.779484
v 0.099788 -0.548895 18.756502
v 0.037497 -0.536564 18.731018
v 0.043034 -0.570599 18.747627
v 0.000123 -0.541250 18.730335
v 0.046841 -0.623008 18.770382
v 0.000123 -0.665429 18.925566
v -0.050055 -0.647055 18.926022
v -0.117537 -0.611170 18.915781
v -0.223084 -0.540386 18.996559
v -0.249039 -0.467383 19.211359
v -0.246962 -0.424593 19.297142
v -0.232774 -0.417194 19.352434
v -0.215817 -0.418797 19.468025
v -0.303716 -0.371197 19.409775
v -0.323095 -0.367621 19.356758
v -0.355625 -0.361085 19.310795
v -0.393345 -0.380199 19.250269
v -0.467747 -0.331612 19.262783
v -0.545957 -0.307442 19.254591
v -0.395767 -0.352576 19.281670
v -0.303716 -0.371197 19.409775
v -0.295411 -0.377609 19.463020
v -0.333823 -0.395490 19.548803
v -0.309253 -0.394380 19.519905
v -0.299563 -0.401533 19.529007
v -0.315136 -0.403752 19.549030
v -0.323441 -0.411644 19.571558
v -0.365314 -0.409548 19.600227
v -0.282606 -0.390804 19.478720
v -0.330709 -0.405602 19.566324
v -0.215817 -0.418797 19.468025
v -0.295411 -0.377609 19.463020
v -0.306484 -0.386488 19.503294
v -0.321711 -0.384145 19.520132
v -0.197130 -0.545689 18.891207
v -0.221700 -0.502775 18.827267
v -0.212011 -0.484278 18.796549
v -0.220316 -0.456408 18.788586
v -0.205782 -0.452092 18.784718
v -0.192977 -0.459614 18.775843
v -0.153873 -0.484524 18.755136
v -0.164255 -0.515353 18.774933
v -0.094351 -0.513873 18.738071
v -0.099888 -0.548895 18.756502
v -0.037251 -0.536564 18.731018
v -0.042788 -0.570599 18.747627
v 0.000123 -0.580957 18.743532
v 0.000123 -0.629421 18.768333
v -0.046941 -0.623008 18.770382
v -0.107155 -0.596619 18.779484
v -0.174636 -0.534097 18.797688
v -0.220316 -0.456408 18.788586
v -0.205782 -0.452092 18.784718
v -0.205782 -0.452092 18.784718
v -0.202667 -0.450119 18.784718
v 0.000123 -0.541250 18.658886
v 0.036459 -0.533357 18.660934
v 0.220216 -0.456408 18.788586
v 0.206027 -0.452092 18.784718
v 0.202913 -0.450119 18.784718
v 0.798825 -0.227287 19.558132
v 0.799863 -0.222848 19.543570
v 0.215717 -0.418797 19.468025
v 0.295310 -0.377609 19.463020
v 0.306730 -0.386488 19.503294
v 0.321611 -0.384145 19.520132
v 0.452767 -0.440747 19.691471
v 0.357255 -0.489703 19.739939
v 0.398090 -0.437911 19.657341
v 0.349295 -0.432485 19.617748
v 0.301539 -0.479592 19.694658
v 0.234404 -0.448886 19.601820
v 0.323341 -0.419907 19.571558
v -0.452867 -0.440747 19.691471
v -0.357355 -0.489703 19.739939
v -0.397844 -0.437911 19.657341
v -0.349396 -0.432485 19.617748
v -0.301640 -0.479592 19.694658
v -0.234504 -0.448886 19.601820
v -0.323441 -0.419907 19.571558
v 0.839661 -0.209531 19.528952
v 0.789136 -0.208174 19.512796
v 0.843121 -0.225315 19.572868
v 0.783945 -0.211750 19.539419
v 0.783945 -0.211750 19.539419
v 0.826856 -0.249855 19.607681
v 0.826856 -0.249855 19.607681
v 0.769757 -0.259227 19.562857
v 0.783945 -0.244059 19.539419
v 0.749339 -0.276121 19.581970
v 0.796403 -0.281177 19.635897
v 0.719232 -0.296592 19.601538
v 0.758683 -0.312623 19.662064
v 0.680128 -0.319775 19.620197
v 0.710235 -0.340986 19.682316
v 0.632718 -0.342589 19.633621
v 0.653481 -0.367498 19.698244
v 0.580117 -0.363182 19.641586
v 0.587730 -0.391545 19.703022
v 0.527862 -0.376377 19.638855
v 0.523364 -0.410289 19.696878
v 0.474223 -0.381187 19.621107
v 0.458651 -0.414605 19.669119
v 0.425775 -0.384269 19.601084
v 0.407434 -0.413002 19.635897
v 0.384248 -0.385503 19.575598
v 0.365215 -0.409549 19.600172
v 0.330955 -0.405603 19.566269
v 0.349988 -0.385009 19.547155
v 0.333724 -0.395491 19.548748
v 0.321612 -0.384146 19.520079
v 0.309154 -0.394381 19.519850
v 0.306731 -0.386489 19.503241
v 0.282853 -0.390805 19.478666
v 0.315383 -0.403753 19.548977
v 0.299810 -0.401534 19.528952
v 0.349988 -0.376624 19.547155
v 0.384248 -0.297578 19.575598
v 0.425775 -0.292646 19.601084
v 0.474223 -0.284014 19.621107
v 0.527862 -0.271065 19.638855
v 0.580117 -0.253554 19.641586
v 0.632718 -0.342589 19.633621
v 0.632718 -0.232098 19.633621
v 0.680128 -0.209654 19.620197
v 0.719232 -0.188690 19.601538
v 0.749339 -0.276121 19.581970
v 0.749339 -0.168960 19.581970
v 0.769757 -0.223959 19.562857
v 0.769757 -0.154655 19.562857
v 0.783945 -0.211750 19.539419
v 0.349988 -0.300908 19.547155
v 0.843121 -0.225315 19.572868
v 0.789136 -0.232714 19.512796
v 0.839661 -0.209531 19.528952
v 0.828587 -0.202995 19.484810
v 0.790866 -0.224329 19.479120
v 0.812322 -0.203612 19.446354
v 0.786714 -0.219396 19.444078
v 0.786714 -0.205091 19.444078
v 0.775986 -0.209284 19.404942
v 0.775986 -0.217300 19.404942
v 0.755222 -0.219519 19.354200
v 0.790866 -0.205215 19.479120
v 0.789136 -0.232714 19.512796
v 0.789136 -0.208174 19.512796
v 0.783945 -0.211750 19.539419
v 0.783945 -0.244059 19.539419
v 0.789136 -0.232714 19.512796
v 0.789136 -0.207804 19.402439
v 0.786714 -0.205091 19.444078
v 0.828587 -0.202995 19.484810
v 0.790866 -0.205215 19.479120
v 0.755222 -0.219519 19.354200
v 0.775986 -0.209284 19.404942
v -0.783697 -0.211750 19.539419
v -0.843219 -0.225315 19.572868
v -0.789234 -0.208174 19.512796
v -0.839413 -0.209531 19.528952
v -0.828685 -0.202995 19.484810
v -0.790619 -0.205215 19.479120
v -0.786466 -0.205091 19.444078
v -0.812420 -0.203612 19.446354
v -0.789234 -0.207804 19.402439
v -0.786466 -0.219396 19.444078
v -0.775738 -0.217300 19.404942
v -0.775738 -0.209284 19.404942
v -0.755321 -0.219519 19.354200
v -0.826955 -0.249855 19.607681
v -0.783697 -0.211750 19.539419
v -0.775738 -0.209284 19.404942
v -0.755321 -0.219519 19.354200
v -0.755321 -0.219519 19.354200
v -0.786466 -0.205091 19.444078
v -0.790619 -0.224329 19.479120
v -0.828685 -0.202995 19.484810
v -0.789234 -0.232714 19.512796
v -0.789234 -0.232714 19.512796
v -0.783697 -0.244059 19.539419
v -0.790619 -0.205215 19.479120
v -0.789234 -0.208174 19.512796
v 0.523364 -0.410289 19.696878
v 0.587730 -0.391545 19.703022
v 0.589807 -0.403383 19.711441
v 0.656250 -0.374897 19.702112
v 0.659018 -0.384886 19.711441
v 0.718194 -0.360963 19.703022
v 0.716810 -0.355660 19.696423
v 0.776332 -0.332107 19.687550
v -0.776430 -0.332107 19.687550
v -0.718293 -0.360963 19.703022
v -0.716908 -0.355660 19.696423
v -0.656002 -0.374897 19.702112
v -0.659117 -0.384886 19.711441
v -0.587483 -0.391545 19.703022
v -0.589559 -0.403383 19.711441
v -0.523462 -0.410289 19.696878
v -0.971607 0.570196 20.146955
v -0.919006 0.564277 20.146955
v -0.919006 0.576116 20.153328
v -0.878517 0.559715 20.146955
v -0.878517 0.580555 20.158333
v -0.919006 0.576116 20.140585
v -0.878517 0.580555 20.135580
v -0.971607 0.570196 20.146955
v -0.919006 0.564277 20.146955
v -0.878517 0.580555 20.135580
v 0.971509 0.570196 20.146955
v 0.918908 0.564277 20.146955
v 0.918908 0.576116 20.140585
v 0.878419 0.580555 20.135580
v 0.878419 0.559715 20.146955
v 0.878419 0.580555 20.158333
v 0.918908 0.576116 20.153328
v 0.971509 0.570196 20.146955
v 0.971509 0.570196 20.146955
v 0.878419 0.580555 20.135580
v 0.878419 0.580555 20.158333
v -0.789234 -0.232714 19.512796
v -0.783697 -0.244059 19.539419
v -0.789234 -0.208174 19.512796
v -0.783697 -0.211750 19.539419
v -0.769509 -0.259227 19.562857
v -0.826955 -0.249855 19.607681
v -0.749092 -0.276121 19.581970
v -0.796502 -0.281177 19.635897
v -0.719331 -0.296592 19.601538
v -0.758781 -0.312623 19.662064
v -0.680226 -0.319775 19.620197
v -0.710333 -0.340986 19.682316
v -0.632816 -0.342589 19.633621
v -0.653580 -0.367498 19.698244
v -0.580215 -0.363182 19.641586
v -0.587483 -0.391545 19.703022
v -0.527615 -0.376377 19.638855
v -0.523462 -0.410289 19.696878
v -0.474322 -0.381187 19.621107
v -0.458749 -0.414605 19.669119
v -0.425874 -0.384269 19.601084
v -0.407532 -0.413002 19.635897
v -0.384347 -0.385503 19.575598
v -0.365313 -0.409549 19.600172
v -0.330708 -0.405603 19.566269
v -0.350087 -0.385009 19.547155
v -0.333822 -0.395491 19.548748
v -0.321710 -0.384146 19.520079
v -0.309252 -0.394381 19.519850
v -0.306484 -0.386489 19.503241
v -0.282606 -0.390805 19.478666
v -0.315135 -0.403753 19.548977
v -0.299562 -0.401534 19.528952
v -0.350087 -0.376624 19.547155
v -0.350087 -0.300908 19.547155
v -0.384347 -0.297578 19.575598
v -0.384347 -0.385503 19.575598
v -0.425874 -0.292646 19.601084
v -0.474322 -0.284014 19.621107
v -0.527615 -0.271065 19.638855
v -0.580215 -0.253554 19.641586
v -0.632816 -0.342589 19.633621
v -0.632816 -0.232098 19.633621
v -0.680226 -0.319775 19.620197
v -0.680226 -0.209654 19.620197
v -0.719331 -0.188690 19.601538
v -0.749092 -0.276121 19.581970
v -0.749092 -0.168960 19.581970
v -0.769509 -0.223959 19.562857
v -0.769509 -0.154655 19.562857
v -0.783697 -0.211750 19.539419
v 0.764912 0.503359 19.029552
v 0.691894 0.385592 18.845016
v 0.628565 0.449963 18.862082
v 0.581847 0.318138 18.697796
v 0.515750 0.401993 18.727377
v 0.466956 0.180764 18.594265
v 0.400167 0.253644 18.611103
v 0.325764 0.027606 18.505295
v 0.180074 0.046226 18.480721
v 0.171768 -0.158108 18.422470
v 0.000124 -0.036025 18.408363
v 0.035075 -0.305224 18.353069
v 0.000124 -0.314596 18.340099
v -0.035174 -0.305224 18.353069
v -0.171867 -0.158108 18.422470
v -0.180173 0.046226 18.480721
v -0.325863 0.027606 18.505295
v 0.378365 0.356613 18.610647
v 0.197031 0.332813 18.489140
v 0.000124 0.247601 18.428841
v -0.197129 0.332813 18.489140
v -0.400265 0.253644 18.611103
v -0.378464 0.356613 18.610647
v -0.515849 0.401993 18.727377
v -0.467055 0.180764 18.594265
v -0.581946 0.318138 18.697796
v -0.628318 0.449963 18.862082
v -0.691992 0.385592 18.845016
v -0.764665 0.503359 19.029552
v 1.083977 0.623345 19.702848
v 1.040720 0.732357 19.560181
v 1.143499 0.702514 19.667580
v 1.165993 0.795864 19.541521
v 0.967356 0.751964 19.391117
v 1.149382 0.810909 19.395212
v 0.816128 0.702514 19.190880
v 1.073249 0.767255 19.236160
v 0.988119 0.707200 19.094173
v 0.931366 0.661450 19.045481
v 0.702621 0.622482 19.022726
v 1.073249 0.767255 19.236160
v 1.092629 0.715462 19.312387
v 1.167031 0.731370 19.501701
v 0.972547 0.643816 19.100090
v 0.931366 0.661450 19.045481
v 0.864923 0.579568 19.030918
v 0.702621 0.622482 19.022726
v 0.764912 0.503359 19.029552
v 0.923752 0.528639 19.113060
v 0.842429 0.464514 19.128532
v 0.889839 0.433069 19.273705
v 0.942786 0.459582 19.419104
v 1.020649 0.590420 19.378147
v 1.143153 0.636293 19.634359
v 1.083977 0.623345 19.702848
v 1.088130 0.566250 19.631174
v 1.050756 0.560084 19.676228
v 1.007845 0.507922 19.602730
v 0.197031 0.332813 18.489140
v 0.312268 0.521610 18.574469
v 0.378365 0.356613 18.610647
v 0.515750 0.401993 18.727377
v 0.408472 0.677481 18.721233
v 0.347912 0.762322 18.638180
v 0.361754 0.893161 18.822035
v 0.226100 0.935088 18.654108
v 0.169346 1.019066 18.709400
v 0.000124 1.042126 18.639545
v 0.000124 1.068639 18.709629
v 0.628565 0.449963 18.862082
v 0.546549 0.654051 18.870274
v 0.612992 0.770461 19.014080
v 0.702621 0.622482 19.022726
v 0.816128 0.702514 19.190880
v 0.764912 0.503359 19.029552
v -1.084076 0.623345 19.702848
v -1.040819 0.732357 19.560181
v -1.143598 0.702514 19.667580
v -1.166092 0.795864 19.541521
v -0.967108 0.751964 19.391117
v -1.149481 0.810909 19.395212
v -0.815881 0.702514 19.190880
v -1.073002 0.767255 19.236160
v -0.988218 0.707200 19.094173
v -0.931118 0.661450 19.045481
v -0.702720 0.622482 19.022726
v -1.143252 0.636293 19.634359
v -1.167130 0.731370 19.501701
v -1.084076 0.623345 19.702848
v -1.087883 0.566250 19.631174
v -1.050855 0.560084 19.676228
v -1.007943 0.507922 19.602730
v -1.020401 0.590420 19.378147
v -0.942538 0.459582 19.419104
v -0.923505 0.528639 19.113060
v -0.889938 0.433069 19.273705
v -0.842182 0.464514 19.128532
v -0.764665 0.503359 19.029552
v -0.864675 0.579568 19.030918
v -0.702720 0.622482 19.022726
v -0.931118 0.661450 19.045481
v -0.972645 0.643816 19.100090
v -1.092728 0.715462 19.312387
v -1.073002 0.767255 19.236160
v -0.197129 0.332813 18.489140
v -0.312367 0.521610 18.574469
v -0.378464 0.356613 18.610647
v -0.515849 0.401993 18.727377
v -0.408571 0.677481 18.721233
v -0.628318 0.449963 18.862082
v -0.546302 0.654051 18.870274
v -0.702720 0.622482 19.022726
v -0.613091 0.770461 19.014080
v -0.815881 0.702514 19.190880
v -0.347665 0.762322 18.638180
v -0.361507 0.893161 18.822035
v -0.226198 0.935088 18.654108
v -0.169445 1.019066 18.709400
v 0.000124 1.042126 18.639545
v 0.000124 1.068639 18.709629
v -0.764665 0.503359 19.029552
v 0.295311 -0.300415 19.463005
v 0.295311 -0.377610 19.463005
v 0.303616 -0.371198 19.409760
v 0.295311 -0.377610 19.463005
v 0.321611 -0.302758 19.520117
v 0.321611 -0.384146 19.520117
v 0.349988 -0.300908 19.547195
v 0.323342 -0.367622 19.356743
v 0.303616 -0.291536 19.409760
v 0.323342 -0.277971 19.356743
v 0.355525 -0.361086 19.310780
v 0.355525 -0.267613 19.310780
v 0.395668 -0.352577 19.281654
v 0.395668 -0.259227 19.281654
v 0.467648 -0.331614 19.262768
v 0.467648 -0.243566 19.262768
v 0.545857 -0.307444 19.254576
v 0.545857 -0.222849 19.254576
v 0.622682 -0.279944 19.259127
v 0.622682 -0.201022 19.258900
v 0.705390 -0.241223 19.295761
v 0.705390 -0.169453 19.297581
v 0.755568 -0.149353 19.352875
v 0.755568 -0.217793 19.352875
v 0.784983 -0.206448 19.404299
v 0.792250 -0.133568 19.440706
v 0.792250 -0.205955 19.440706
v 0.800210 -0.131718 19.475975
v 0.800210 -0.206448 19.475975
v 0.801248 -0.132335 19.509424
v 0.801248 -0.212860 19.509424
v 0.799864 -0.222849 19.543554
v 0.798825 -0.138747 19.558117
v 0.798825 -0.227288 19.558117
v 0.303616 -0.291536 19.409760
v 0.295311 -0.300415 19.463005
v 0.303616 -0.371198 19.409760
v -0.303715 -0.371198 19.409760
v -0.295410 -0.300415 19.463005
v -0.295410 -0.377610 19.463005
v -0.295410 -0.300415 19.463005
v -0.303715 -0.291536 19.409760
v -0.321710 -0.302758 19.520117
v -0.295410 -0.377610 19.463005
v -0.321710 -0.384146 19.520117
v -0.350087 -0.300908 19.547195
v -0.303715 -0.371198 19.409760
v -0.323095 -0.367622 19.356743
v -0.303715 -0.291536 19.409760
v -0.323095 -0.277971 19.356743
v -0.355624 -0.361086 19.310780
v -0.355624 -0.267613 19.310780
v -0.395767 -0.352577 19.281654
v -0.395767 -0.259227 19.281654
v -0.467747 -0.331614 19.262768
v -0.467747 -0.243566 19.262768
v -0.545956 -0.307444 19.254576
v -0.545956 -0.222849 19.254576
v -0.622781 -0.279944 19.259127
v -0.622781 -0.201022 19.258900
v -0.705489 -0.241223 19.295761
v -0.705489 -0.169453 19.297581
v -0.755667 -0.149353 19.352875
v -0.755667 -0.217793 19.352875
v -0.785082 -0.206448 19.404299
v -0.792349 -0.133568 19.440706
v -0.792349 -0.205955 19.440706
v -0.800309 -0.131718 19.475975
v -0.800309 -0.206448 19.475975
v -0.801001 -0.132335 19.509424
v -0.801001 -0.212860 19.509424
v -0.799963 -0.222849 19.543554
v -0.798578 -0.138747 19.558117
v -0.798578 -0.227288 19.558117
v 0.255860 -0.357263 19.496908
v 0.518172 -0.271682 19.446850
v 0.284929 -0.326064 19.335808
v 0.404319 -0.281177 19.242062
v 0.309845 -0.360716 19.584057
v 0.405704 -0.346042 19.660284
v 0.481490 -0.325324 19.683949
v 0.581155 -0.294619 19.686907
v 0.681512 -0.261077 19.666201
v 0.786367 -0.219273 19.615685
v 0.832393 -0.181045 19.498274
v 0.820973 -0.169206 19.409533
v 0.771833 -0.174509 19.320564
v 0.676667 -0.197322 19.244110
v 0.550010 -0.234071 19.221128
v -0.255959 -0.357263 19.496908
v -0.518271 -0.271682 19.446850
v -0.285028 -0.326064 19.335808
v -0.404418 -0.281177 19.242062
v -0.550109 -0.234071 19.221128
v -0.676420 -0.197322 19.244110
v -0.771586 -0.174509 19.320564
v -0.821072 -0.169206 19.409533
v -0.832492 -0.181045 19.498274
v -0.786466 -0.219273 19.615685
v -0.681611 -0.261077 19.666201
v -0.581254 -0.294619 19.686907
v -0.481589 -0.325324 19.683949
v -0.405802 -0.346042 19.660284
v -0.309598 -0.360716 19.584057
v -0.403172 -0.335051 19.298504
v -0.514119 -0.311616 19.313858
v -0.447419 -0.318463 19.256330
v -0.506855 -0.302153 19.242001
v -0.576196 -0.278161 19.258583
v -0.615820 -0.267195 19.288677
v -0.657425 -0.259736 19.358490
v -0.521383 -0.326646 19.431576
v -0.675916 -0.263855 19.442427
v -0.673935 -0.276491 19.521656
v -0.526006 -0.342956 19.558302
v -0.654123 -0.294861 19.589624
v -0.619782 -0.316014 19.635279
v -0.529308 -0.354145 19.661074
v -0.453363 -0.369008 19.643877
v -0.391285 -0.373684 19.596380
v -0.363549 -0.369230 19.528208
v -0.358266 -0.362328 19.449183
v -0.374115 -0.349302 19.358284
v 0.403171 -0.335051 19.298300
v 0.514118 -0.311616 19.313858
v 0.447418 -0.318463 19.256330
v 0.506853 -0.302153 19.242001
v 0.576195 -0.278161 19.258583
v 0.615819 -0.267195 19.288677
v 0.657423 -0.259736 19.358490
v 0.521382 -0.326646 19.431576
v 0.675915 -0.263855 19.442427
v 0.673933 -0.276491 19.521656
v 0.526005 -0.342956 19.558302
v 0.654122 -0.294861 19.589624
v 0.619781 -0.316014 19.635279
v 0.529307 -0.354145 19.661074
v 0.453361 -0.369008 19.643877
v 0.391284 -0.373684 19.596380
v 0.363547 -0.369230 19.528208
v 0.358264 -0.362328 19.449183
v 0.374114 -0.349302 19.358284
vn 0.3960 -0.8968 -0.1975
vn -0.1951 -0.9808 0.0066
vn -0.1951 -0.9806 0.0196
vn -0.1951 -0.9808 0.0065
vn -0.2025 -0.9793 -0.0065
vn -0.2025 -0.9793 -0.0066
vn -0.2098 -0.9772 -0.0328
vn 0.3895 -0.9108 -0.1372
vn 0.3895 -0.9107 -0.1372
vn -0.2099 -0.9777 -0.0022
vn -0.2191 -0.9744 -0.0502
vn -0.2191 -0.9647 -0.1459
vn -0.2173 -0.9616 -0.1674
vn -0.1969 -0.9741 -0.1112
vn -0.0961 -0.9870 -0.1285
vn -0.1429 -0.9796 -0.1415
vn -0.1355 -0.9806 -0.1415
vn -0.1746 -0.9731 -0.1502
vn -0.2060 -0.9656 -0.1588
vn -0.1803 -0.9645 -0.1932
vn -0.1987 -0.9625 -0.1846
vn -0.2006 -0.9613 -0.1889
vn 0.0998 -0.9667 0.2358
vn 0.1092 -0.9667 0.2316
vn 0.1485 -0.9624 0.2274
vn -0.2209 -0.9630 -0.1545
vn -0.2263 -0.9624 -0.1502
vn -0.2594 -0.9572 -0.1285
vn -0.2574 -0.9583 -0.1242
vn -0.2738 -0.9526 -0.1329
vn -0.2739 -0.9531 -0.1286
vn 0.1466 -0.9617 0.2316
vn -0.3046 -0.9327 -0.1932
vn -0.3118 -0.9303 -0.1932
vn -0.3402 -0.9297 -0.1415
vn -0.3384 -0.9316 -0.1329
vn -0.3945 -0.9141 -0.0938
vn -0.4015 -0.9115 -0.0895
vn -0.4405 -0.8836 -0.1588
vn -0.4424 -0.8819 -0.1631
vn -0.4558 -0.8750 -0.1631
vn 0.0961 -0.9649 0.2443
vn 0.0923 -0.9674 0.2358
vn 0.1391 -0.9628 0.2316
vn 0.0885 -0.9698 0.2273
vn 0.1803 -0.9645 -0.1932
vn 0.1969 -0.9621 -0.1889
vn 0.1987 -0.9625 -0.1846
vn 0.2209 -0.9630 -0.1545
vn 0.2226 -0.9633 -0.1502
vn 0.2558 -0.9582 -0.1285
vn 0.2574 -0.9583 -0.1242
vn 0.2702 -0.9536 -0.1329
vn 0.2703 -0.9541 -0.1286
vn 0.0942 -0.9682 0.2316
vn 0.3046 -0.9327 -0.1932
vn 0.3118 -0.9303 -0.1932
vn 0.3402 -0.9297 -0.1415
vn 0.3419 -0.9303 -0.1329
vn 0.3979 -0.9126 -0.0938
vn 0.3981 -0.9130 -0.0894
vn 0.4405 -0.8836 -0.1588
vn 0.4457 -0.8802 -0.1631
vn 0.4591 -0.8733 -0.1631
vn 0.1429 -0.9602 0.2401
vn 0.1820 -0.9546 0.2359
vn 0.1912 -0.9538 0.2316
vn -0.9377 0.3475 -0.0022
vn -0.9556 0.1877 -0.2274
vn -0.9073 0.3079 -0.2865
vn -0.8987 0.0377 -0.4370
vn -0.8784 -0.0453 -0.4758
vn -0.7349 -0.0189 -0.6780
vn -0.4932 -0.6581 -0.5689
vn -0.5713 -0.4673 -0.6747
vn -0.1744 -0.8512 -0.4949
vn 0.0679 -0.8530 -0.5176
vn 0.1130 -0.8436 -0.5250
vn 0.1464 -0.7964 -0.5867
vn 0.1688 -0.8024 -0.5725
vn 0.1819 -0.9546 0.2359
vn 0.1800 -0.9580 0.2231
vn 0.1428 -0.9643 0.2231
vn 0.1129 -0.9682 0.2231
vn -0.7861 -0.0000 -0.6181
vn -0.9056 -0.0490 -0.4212
vn -0.9387 -0.0754 -0.3363
vn -0.9643 -0.1017 -0.2443
vn -0.9635 -0.1092 -0.2444
vn -0.1036 -0.9662 0.2359
vn -0.1447 -0.9630 0.2273
vn -0.1092 -0.9667 0.2316
vn -0.1466 -0.9617 0.2316
vn -0.0999 -0.9645 0.2443
vn -0.0961 -0.9670 0.2359
vn -0.3320 -0.8460 -0.4172
vn -0.1391 -0.9628 0.2316
vn -0.3063 -0.9501 0.0590
vn -0.4101 -0.9063 0.1025
vn -0.0923 -0.9694 0.2274
vn -0.1851 -0.8063 0.5617
vn -0.0565 -0.7921 0.6077
vn -0.1030 -0.5429 0.8334
vn -0.0942 -0.9682 0.2316
vn -0.1429 -0.9602 0.2401
vn -0.1857 -0.9539 0.2359
vn -0.1912 -0.9538 0.2316
vn 0.1594 -0.7443 -0.6485
vn 0.0208 -0.7348 -0.6780
vn 0.0189 -0.7912 -0.6112
vn -0.0716 -0.7635 -0.6419
vn -0.1540 -0.8394 -0.5213
vn 0.0661 -0.7611 -0.6452
vn -0.0057 -0.7231 -0.6907
vn 0.5744 -0.4863 -0.6585
vn 0.6349 -0.3877 -0.6683
vn 0.8116 -0.1946 -0.5508
vn 0.8241 -0.2384 -0.5138
vn 0.6051 -0.5570 -0.5689
vn 0.8052 -0.5216 -0.2823
vn 0.8630 -0.4162 -0.2865
vn 0.8853 -0.4646 0.0197
vn 0.7227 -0.6906 0.0284
vn 0.9047 -0.4100 0.1155
vn -0.1800 -0.9580 0.2231
vn -0.1428 -0.9643 0.2231
vn -0.1129 -0.9682 0.2231
vn -0.1447 -0.9630 0.2274
vn -0.1355 -0.9663 0.2188
vn -0.1372 -0.9689 0.2061
vn -0.1485 -0.9653 0.2146
vn -0.1485 -0.9654 0.2146
vn -0.6900 -0.7021 -0.1760
vn -0.1410 -0.9665 0.2146
vn -0.1411 -0.9665 0.2146
vn -0.1466 -0.9666 0.2103
vn 0.7968 -0.3867 -0.4642
vn -0.1522 -0.9618 0.2274
vn -0.1504 -0.9590 0.2401
vn 0.4447 -0.8382 -0.3157
vn -0.1354 -0.9612 0.2401
vn -0.1410 -0.9615 0.2359
vn 0.1410 -0.9636 0.2273
vn 0.1354 -0.9612 0.2401
vn -0.3165 -0.8885 -0.3322
vn -0.6179 -0.7445 -0.2528
vn -0.9315 -0.3613 -0.0415
vn 0.1504 -0.9590 0.2401
vn -0.9814 -0.1839 0.0546
vn -0.9625 -0.2647 0.0589
vn -0.9966 -0.0189 -0.0807
vn -0.9822 -0.1877 -0.0022
vn -0.9808 -0.1951 0.0022
vn 0.1484 -0.9624 0.2273
vn 0.1466 -0.9666 0.2103
vn -0.8224 0.0905 -0.5617
vn -0.8754 0.4372 -0.2061
vn -0.9213 0.3862 0.0459
vn -0.7737 0.6312 0.0546
vn -0.7745 0.5870 0.2359
vn 0.1448 -0.9659 0.2146
vn -0.7019 0.6365 0.3198
vn -0.7551 0.6511 0.0764
vn 0.1523 -0.9648 0.2146
vn -0.7546 0.6545 -0.0459
vn -0.7643 0.6430 -0.0502
vn 0.1409 -0.9683 0.2060
vn 0.1355 -0.9663 0.2188
vn 0.1373 -0.9620 0.2359
vn -0.9653 0.2319 0.1199
vn -0.9943 0.0302 0.1025
vn -0.8987 -0.4340 -0.0633
vn -0.8892 -0.4306 0.1545
vn 0.4520 -0.8709 0.1932
vn 0.6576 -0.6590 0.3650
vn 0.0641 -0.9956 0.0677
vn -0.5060 -0.8613 -0.0459
vn 0.6515 -0.6582 0.3771
vn 0.3418 -0.9149 0.2146
vn 0.0716 -0.9702 0.2317
vn 0.6271 -0.6311 0.4565
vn -0.6935 0.6415 0.3281
vn -0.8213 0.5352 0.1975
vn 0.0320 -0.9469 0.3198
vn -0.7530 0.6291 0.1932
vn -0.2863 0.9348 0.2103
vn 0.5602 -0.6283 0.5398
vn -0.4432 0.8682 0.2231
vn 0.0941 -0.9146 0.3932
vn -0.6869 0.6442 0.3363
vn -0.8976 0.2750 0.3445
vn 0.4612 -0.5836 0.6683
vn -0.9669 -0.2317 0.1069
vn -0.9769 -0.1429 0.1588
vn 0.2587 -0.7278 0.6351
vn -0.8488 -0.4937 -0.1889
vn 0.2497 -0.5931 0.7654
vn -0.6920 -0.6906 -0.2103
vn -0.6273 -0.7606 -0.1674
vn -0.7574 -0.6455 -0.0982
vn 0.3305 -0.5523 0.7654
vn 0.1795 -0.5379 0.8236
vn 0.0376 -0.6656 0.7454
vn -0.0131 -0.0000 0.9999
vn -0.0658 -0.6502 0.7569
vn -0.0880 -0.5307 0.8430
vn -0.1329 -0.6599 0.7395
vn -0.2009 -0.5380 0.8187
vn -0.2328 -0.6385 0.7336
vn -0.0566 0.8839 0.4643
vn -0.3943 -0.5575 0.7306
vn -0.2965 -0.7590 0.5797
vn -0.5081 -0.5854 0.6317
vn -0.3844 -0.7864 0.4835
vn -0.5887 -0.6114 0.5287
vn -0.7986 -0.5728 -0.1846
vn -0.7575 -0.6454 -0.0981
vn -0.6942 -0.6755 -0.2486
vn -0.6868 -0.7254 0.0458
vn -0.2953 -0.9114 -0.2865
vn -0.3946 -0.8342 0.3852
vn -0.4760 -0.8749 0.0894
vn -0.8370 -0.0000 -0.5472
vn -0.6044 -0.7958 0.0371
vn -0.6634 -0.0000 -0.7483
vn -0.5060 -0.8260 0.2485
vn -0.9899 -0.0000 -0.1416
vn -0.9899 -0.0000 -0.1415
vn -0.5059 -0.8260 0.2486
vn 0.5914 -0.6088 0.5287
vn 0.9899 -0.0000 -0.1415
vn 0.3946 -0.8342 0.3852
vn -0.4487 -0.8725 0.1933
vn -0.0641 -0.9956 0.0677
vn -0.6550 -0.6617 0.3650
vn -0.6542 -0.6556 0.3771
vn -0.6499 -0.6913 -0.3157
vn -0.4153 -0.8350 -0.3609
vn -0.3788 -0.8220 -0.4252
vn 0.1352 -0.7716 -0.6215
vn 0.2507 -0.7618 -0.5973
vn 0.7243 -0.3506 -0.5938
vn 0.9007 -0.2751 -0.3363
vn -0.3453 -0.9136 0.2146
vn 0.9087 -0.2096 -0.3609
vn -0.0716 -0.9701 0.2317
vn 0.6512 -0.6939 -0.3074
vn 0.3158 -0.8253 -0.4681
vn -0.1505 -0.9885 0.0153
vn -0.6244 -0.6338 0.4565
vn -0.3561 -0.9326 -0.0590
vn -0.0528 -0.9984 -0.0197
vn -0.6483 -0.7576 -0.0764
vn -0.0283 -0.9470 0.3198
vn -0.5630 -0.6258 0.5398
vn -0.0941 -0.9146 0.3933
vn -0.4613 -0.5837 0.6683
vn -0.2586 -0.7278 0.6351
vn -0.2498 -0.5931 0.7654
vn -0.3304 -0.5522 0.7654
vn -0.1760 -0.5391 0.8236
vn -0.0377 -0.6656 0.7453
vn 0.2917 -0.9466 0.1372
vn 0.5173 -0.8557 -0.0109
vn 0.0131 -0.0000 0.9999
vn 0.0696 -0.6498 0.7569
vn 0.7302 -0.6794 0.0720
vn 0.0917 -0.5301 0.8430
vn 0.8892 -0.4306 -0.1545
vn 0.1366 -0.6591 0.7395
vn 0.2044 -0.5367 0.8187
vn 0.2328 -0.6385 0.7336
vn 0.3911 -0.5596 0.7306
vn 0.2930 -0.7604 0.5797
vn 0.5081 -0.5854 0.6317
vn 0.3878 -0.7847 0.4836
vn 0.5914 -0.6088 0.5288
vn 0.5727 -0.8185 -0.0459
vn 0.8370 -0.0000 -0.5472
vn 0.6634 -0.0000 -0.7483
vn 0.6044 -0.7958 0.0372
vn 0.5060 -0.8260 0.2486
vn 0.9899 -0.0000 -0.1416
vn 0.9605 -0.2466 -0.1285
vn 0.5059 -0.8260 0.2487
vn 0.9068 -0.2970 -0.2990
vn 0.9817 -0.1054 -0.1588
vn 0.9635 -0.2611 -0.0590
vn -0.6455 0.3981 -0.6519
vn -0.6545 0.1829 -0.7336
vn -0.5566 0.4473 -0.7001
vn 0.5843 -0.7983 -0.1458
vn -0.6977 0.3564 -0.6215
vn -0.6753 0.3862 -0.6284
vn -0.7242 0.4683 -0.5063
vn -0.7499 0.2845 -0.5973
vn -0.4735 0.7044 -0.5287
vn 0.0037 0.9357 -0.3527
vn 0.0037 0.8774 -0.4797
vn -0.6419 0.6246 -0.4448
vn -0.4788 -0.8544 -0.2018
vn -0.8311 0.3284 -0.4487
vn -0.6579 0.1424 -0.7395
vn 0.9444 -0.2830 -0.1674
vn 0.9848 -0.1728 0.0196
vn 0.9989 0.0302 0.0371
vn 0.0226 0.9226 -0.3852
vn 0.9747 0.0453 0.2189
vn 0.9697 -0.0076 0.2444
vn 0.9919 -0.0905 0.0894
vn 0.9912 -0.0979 0.0895
vn 0.8227 -0.5092 -0.2528
vn 0.9460 -0.2975 -0.1285
vn 0.6869 -0.5895 -0.4251
vn -0.6103 0.3131 -0.7277
vn 0.9572 -0.2392 0.1631
vn 0.5301 -0.8478 -0.0109
vn -0.5892 0.0866 -0.8033
vn 0.3827 -0.9239 -0.0022
vn 0.9729 -0.1131 0.2018
vn 0.8689 -0.4842 -0.1025
vn 0.8333 -0.4223 -0.3568
vn 0.7938 -0.5012 -0.3445
vn 0.7465 -0.5880 -0.3115
vn -0.4506 0.0113 -0.8927
vn 0.8678 -0.4843 -0.1112
vn -0.8228 -0.4859 -0.2949
vn -0.1112 0.9275 -0.3568
vn -0.1762 0.8207 -0.5435
vn 0.8793 -0.4372 -0.1889
vn -0.1950 0.9705 -0.1415
vn 0.6371 -0.6745 -0.3731
vn 0.5750 -0.7175 -0.3933
vn 0.1746 -0.9079 -0.3812
vn -0.9168 -0.3542 -0.1846
vn -0.8638 -0.5009 -0.0546
vn -0.7598 -0.5353 -0.3690
vn -0.7947 -0.5662 -0.2189
vn -0.8384 -0.4085 -0.3609
vn -0.3087 -0.2131 -0.9270
vn -0.7179 -0.6872 -0.1112
vn -0.0114 0.7380 -0.6747
vn -0.0378 -0.8889 -0.4565
vn 0.3343 -0.8773 -0.3445
vn 0.2738 -0.9355 -0.2231
vn 0.2447 -0.9678 -0.0590
vn -0.4227 -0.8678 0.2613
vn 0.3133 -0.9397 0.1372
vn 0.6959 -0.7172 -0.0372
vn 0.8141 -0.5672 -0.1242
vn -0.7902 -0.3099 -0.5287
vn -0.9427 -0.1392 -0.3032
vn 0.9271 -0.3044 -0.2188
vn 0.8672 -0.3817 -0.3198
vn 0.9257 -0.2318 -0.2990
vn -0.9382 -0.2319 -0.2571
vn 0.9545 -0.1877 -0.2316
vn 0.8879 -0.3182 -0.3322
vn 0.9225 -0.2390 -0.3032
vn 0.9863 -0.0679 -0.1502
vn -0.7016 -0.6883 -0.1846
vn 0.9737 -0.1055 -0.2018
vn 0.8061 -0.5082 -0.3032
vn 0.7003 -0.6403 -0.3156
vn 0.9248 -0.1205 -0.3609
vn -0.5865 -0.7103 0.3892
vn 0.8193 -0.3664 -0.4409
vn 0.8702 -0.4095 -0.2739
vn -0.1986 0.1313 0.9713
vn 0.3667 -0.9285 -0.0589
vn 0.6539 -0.6231 -0.4291
vn 0.3135 -0.9306 0.1889
vn -0.1036 -0.9375 0.3322
vn 0.0378 -0.9365 0.3486
vn -0.1752 0.6364 0.7512
vn -0.1166 -0.9120 0.3933
vn -0.1166 0.9315 0.3446
vn -0.3682 -0.9036 0.2189
vn -0.3362 -0.9128 0.2316
vn -0.2190 -0.9739 0.0590
vn -0.3560 -0.9273 0.1156
vn -0.3894 -0.9203 -0.0371
vn 0.0227 0.9226 -0.3852
vn -0.5565 0.4472 -0.7002
vn -0.0113 0.7380 -0.6747
vn -0.4750 -0.8712 0.1239
vn -0.5561 -0.8123 0.1760
vn -0.5313 -0.8448 0.0633
vn -0.7024 -0.7090 0.0633
vn -0.6767 -0.7327 -0.0720
vn -0.1112 0.9276 -0.3568
vn 0.3243 0.9444 0.0546
vn 0.3943 0.8287 0.3973
vn -0.1985 0.1312 0.9713
vn 0.5566 0.4473 -0.7001
vn 0.6555 0.1792 -0.7336
vn 0.6435 0.4013 -0.6518
vn 0.6977 0.3563 -0.6215
vn 0.6772 0.3829 -0.6283
vn -0.0227 0.9225 -0.3853
vn 0.7262 0.4651 -0.5063
vn 0.7512 0.2810 -0.5973
vn -0.6556 -0.7503 0.0851
vn -0.4323 -0.8995 -0.0633
vn 0.6103 0.3131 -0.7277
vn 0.4735 0.7044 -0.5287
vn 0.0038 0.8774 -0.4797
vn 0.0038 0.9357 -0.3527
vn 0.6446 0.6218 -0.4448
vn -0.8224 -0.5677 -0.0371
vn -0.6919 -0.7199 -0.0546
vn 0.8297 0.3319 -0.4487
vn -0.9061 -0.4136 -0.0894
vn -0.8020 -0.5734 -0.1674
vn -0.8595 -0.4367 -0.2655
vn 0.6579 0.1424 -0.7395
vn -0.8390 0.5164 0.1718
vn -0.8847 -0.3710 0.2823
vn 0.5897 0.0829 -0.8033
vn -0.7383 -0.6743 0.0153
vn 0.4505 0.0151 -0.8927
vn -0.6747 -0.7146 -0.1846
vn -0.5151 -0.8520 -0.0938
vn 0.7946 -0.5663 -0.2190
vn 0.8657 -0.4976 -0.0546
vn 0.7205 -0.6845 -0.1112
vn -0.1412 -0.9674 -0.2103
vn 0.7576 -0.5383 -0.3690
vn 0.3087 -0.2131 -0.9270
vn 0.8384 -0.4085 -0.3609
vn 0.3400 -0.7973 -0.4987
vn 0.7016 -0.6883 -0.1846
vn 0.9382 -0.2319 -0.2571
vn 0.5894 -0.7079 0.3892
vn 0.2006 0.1281 0.9713
vn 0.1752 0.6364 0.7512
vn 0.1166 0.9315 0.3445
vn 0.9168 -0.3542 -0.1846
vn 0.8247 -0.4826 -0.2949
vn -0.3881 -0.8581 -0.3363
vn -0.3082 -0.9486 -0.0720
vn 0.9421 -0.1429 -0.3032
vn 0.7902 -0.3099 -0.5287
vn 0.6555 0.1793 -0.7336
vn 0.5188 -0.7301 -0.4448
vn 0.0113 0.7379 -0.6748
vn 0.1763 0.8207 -0.5434
vn 0.6972 -0.6331 -0.3363
vn 0.3206 -0.9378 -0.1329
vn -0.4350 -0.8642 0.2528
vn 0.1074 0.9280 -0.3568
vn 0.1950 0.9705 -0.1415
vn -0.3007 -0.9302 0.2103
vn -0.6916 -0.6476 0.3198
vn -0.0227 0.9226 -0.3852
vn 0.0113 0.7380 -0.6747
vn 0.1762 0.8207 -0.5435
vn -0.3207 0.9456 0.0546
vn -0.9470 0.0603 0.3157
vn -0.3943 0.8287 0.3973
vn -0.5812 0.7211 0.3771
vn -0.9546 0.2646 0.1372
vn 0.2006 0.1282 0.9712
vn -0.9912 -0.1018 0.0851
vn -0.7930 -0.5463 0.2697
vn -0.9395 -0.3080 0.1502
vn -0.4249 0.2011 -0.8826
vn -0.4516 0.0790 -0.8887
vn -0.5193 0.1088 -0.8476
vn -0.8747 -0.4846 0.0066
vn -0.9291 -0.3042 0.2103
vn -0.3231 0.1364 -0.9365
vn -0.6812 -0.7012 -0.2103
vn -0.2928 -0.8623 -0.4133
vn -0.3080 -0.9333 -0.1846
vn -0.2245 -0.9739 -0.0328
vn -0.6454 0.3981 -0.6519
vn -0.8000 0.1798 -0.5725
vn -0.6525 0.2009 -0.7306
vn -0.0998 -0.9933 0.0590
vn -0.4034 -0.9097 -0.0982
vn -0.5420 -0.8179 -0.1932
vn -0.6814 -0.6681 -0.2991
vn -0.7263 -0.6209 -0.2949
vn -0.4505 0.0113 -0.8927
vn 0.0019 0.0349 -0.9994
vn -0.0000 0.1739 -0.9848
vn 0.3216 0.1399 -0.9365
vn 0.4504 0.0151 -0.8927
vn 0.4265 0.1977 -0.8826
vn -0.3954 0.0790 -0.9151
vn -0.9487 -0.2243 0.2231
vn -0.9580 -0.1800 0.2231
vn -0.9350 -0.3510 0.0502
vn -0.9054 -0.4241 0.0197
vn -0.5948 -0.7942 -0.1242
vn -0.4422 -0.8665 -0.2316
vn -0.3832 0.0789 -0.9203
vn -0.5839 -0.7755 -0.2401
vn -0.9371 -0.1802 0.2990
vn -0.0000 0.1350 -0.9908
vn 0.3839 0.0752 -0.9203
vn 0.3947 0.0826 -0.9151
vn 0.4509 0.0827 -0.8887
vn 0.5200 0.1051 -0.8477
vn -0.8641 -0.4843 -0.1372
vn -0.9322 -0.3366 -0.1329
vn -0.9797 -0.1280 0.1545
vn 0.6525 0.2009 -0.7306
vn 0.6434 0.4013 -0.6519
vn 0.8000 0.1798 -0.5725
vn -0.9669 0.2317 0.1068
vn -0.4541 -0.7059 -0.5435
vn -0.5275 -0.3627 -0.7682
vn -0.6601 0.0038 -0.7512
vn 0.7468 -0.0000 -0.6650
vn 0.0698 -0.5985 -0.7981
vn -0.3032 -0.8257 -0.4758
vn -0.2622 -0.8682 -0.4212
vn 0.7595 0.6329 -0.1501
vn -0.8757 0.3918 0.2823
vn -0.7380 0.4784 0.4758
vn 0.7380 -0.0000 -0.6748
vn -0.8830 0.3357 0.3281
vn -0.6425 0.6212 0.4487
vn 0.5991 -0.0000 -0.8007
vn -0.9060 0.4171 0.0720
vn -0.9470 0.2501 0.2018
vn -0.8535 0.4935 0.1674
vn -0.8877 0.3606 0.2865
vn -0.9709 0.0603 0.2316
vn -0.9231 0.2861 0.2571
vn 0.5006 -0.0000 -0.8657
vn 0.1198 -0.5055 -0.8545
vn 0.3710 -0.0000 -0.9286
vn 0.0510 -0.4827 -0.8743
vn 0.2253 -0.0000 -0.9743
vn -0.0246 -0.4655 -0.8847
vn 0.0742 -0.0000 -0.9972
vn -0.1252 -0.4611 -0.8785
vn -0.9897 0.0226 0.1415
vn -0.1652 0.0038 -0.9862
vn -0.2625 -0.4395 -0.8590
vn -0.3425 0.0038 -0.9395
vn -0.8995 0.0038 0.4370
vn -0.9428 0.0264 0.3322
vn -0.3584 -0.3811 -0.8522
vn -0.4429 -0.0000 -0.8966
vn -0.4439 -0.3412 -0.8286
vn -0.5563 -0.0000 -0.8310
vn 0.2672 0.8222 0.5025
vn 0.1130 0.9692 0.2189
vn -0.8321 -0.0905 -0.5471
vn -0.2626 -0.9132 -0.3115
vn -0.4363 -0.7909 -0.4291
vn -0.3276 -0.9080 -0.2613
vn -0.3698 -0.8114 -0.4526
vn 0.4799 0.8086 0.3404
vn 0.6965 0.6272 0.3486
vn 0.2661 0.9018 0.3404
vn 0.6717 0.7317 0.1155
vn 0.2593 0.9640 0.0590
vn 0.4794 0.8681 -0.1285
vn 0.0434 0.9834 -0.1760
vn 0.1578 0.9866 -0.0415
vn 0.1502 0.9631 0.2231
vn 0.5870 0.6790 0.4409
vn -0.0377 0.7282 0.6844
vn -0.4289 -0.8334 -0.3486
vn -0.5134 -0.7785 -0.3609
vn -0.4207 -0.8392 -0.3446
vn 0.7381 0.6741 -0.0284
vn 0.7911 0.6102 -0.0415
vn 0.6849 0.7156 0.1372
vn 0.5927 0.7830 0.1889
vn 0.5012 0.8404 0.2061
vn -0.3439 -0.8117 -0.4720
vn -0.3014 -0.8127 -0.4987
vn 0.7778 0.6221 0.0895
vn -0.2766 -0.8145 -0.5100
vn 0.7380 0.6740 -0.0328
vn 0.8817 0.4575 -0.1155
vn 0.8841 0.4647 -0.0502
vn 0.7371 0.6120 0.2865
vn 0.6968 0.5081 0.5063
vn 0.6418 0.5659 0.5175
vn 0.4356 0.8299 0.3486
vn -0.0811 0.9397 0.3322
vn -0.3504 0.9075 0.2316
vn -0.2729 -0.8227 -0.4987
vn -0.7854 0.6098 0.1069
vn -0.2711 -0.8345 -0.4797
vn -0.2641 -0.8323 -0.4873
vn 0.8035 0.3726 0.4643
vn -0.2713 -0.8300 -0.4873
vn -0.3159 -0.8231 -0.4720
vn 0.1198 -0.5054 -0.8545
vn -0.3629 -0.8145 -0.4526
vn -0.4011 -0.8155 -0.4172
vn -0.7924 0.5944 0.1372
vn -0.4676 0.6943 0.5471
vn -0.3032 -0.8256 -0.4758
vn -0.7357 -0.6650 -0.1285
vn -0.2623 -0.8682 -0.4211
vn -0.2623 -0.8682 -0.4212
vn 0.4661 0.8802 0.0895
vn 0.7595 0.6330 -0.1502
vn -0.1428 -0.9263 -0.3486
vn -0.2906 0.6387 0.7125
vn -0.2804 0.7458 0.6043
vn -0.0414 0.5906 0.8059
vn 0.1610 0.4661 0.8700
vn 0.1579 0.4909 -0.8568
vn 0.1593 0.4905 0.8568
vn 0.1595 0.4666 -0.8700
vn 0.9808 -0.1950 -0.0021
vn 0.1130 -0.9936 0.0022
vn 0.9808 -0.1951 -0.0022
vn -0.0622 0.9867 0.1502
vn -0.1278 0.9470 0.2948
vn -0.0283 0.8413 0.5398
vn 0.1593 0.4904 0.8568
vn 0.1596 0.4665 -0.8700
vn 0.2810 0.9527 0.1155
vn 0.0603 0.9442 0.3239
vn 0.5174 0.8284 0.2146
vn 0.3430 0.8847 0.3157
vn 0.5163 0.8390 0.1717
vn 0.9808 -0.1950 0.0022
vn 0.6475 0.6755 0.3527
vn 0.6951 0.6018 0.3933
vn -0.1595 0.4665 -0.8700
vn -0.1615 0.4897 -0.8568
vn -0.1131 -0.9936 0.0022
vn 0.7973 0.4545 0.3973
vn -0.1130 -0.9936 0.0022
vn 0.8050 0.4546 0.3812
vn -0.9808 -0.1951 -0.0022
vn 0.7194 0.6289 0.2949
vn 0.7063 0.6889 0.1631
vn 0.7924 0.5981 0.1199
vn -0.1574 0.4673 0.8700
vn 0.8203 0.5680 0.0677
vn 0.7937 0.5981 0.1112
vn 0.8270 0.5617 0.0240
vn -0.1594 0.4904 0.8568
vn -0.1614 0.4897 -0.8568
vn 0.7965 0.5917 0.1242
vn 0.7957 0.5856 0.1545
vn -0.1714 -0.5813 -0.7955
vn -0.2350 -0.5279 -0.8161
vn -0.1517 -0.6357 -0.7569
vn -0.1535 -0.6386 -0.7541
vn -0.1739 -0.6988 -0.6938
vn -0.1721 -0.7055 -0.6875
vn -0.1979 -0.7409 -0.6418
vn 0.1702 -0.6997 -0.6939
vn 0.1721 -0.7055 -0.6875
vn 0.1979 -0.7409 -0.6418
vn 0.1535 -0.6386 -0.7540
vn 0.7677 0.6278 0.1285
vn 0.7632 0.6459 0.0153
vn 0.1554 -0.6348 -0.7569
vn 0.5540 0.8312 -0.0459
vn 0.3977 0.9072 0.1372
vn 0.1714 -0.5813 -0.7955
vn 0.3001 0.8796 0.3690
vn 0.2350 -0.5279 -0.8161
vn 0.8500 0.5234 -0.0590
vn 0.8150 0.5548 -0.1674
vn 0.4409 0.8943 0.0764
vn -0.1429 -0.9263 -0.3486
vn 0.9827 -0.0151 -0.1846
vn -0.1112 -0.9664 -0.2317
vn 0.9993 0.0378 -0.0022
vn 0.9994 0.0302 0.0196
vn 0.5645 0.8219 0.0764
vn 0.7937 0.4271 0.4330
vn 0.9702 0.1204 0.2104
vn -0.8426 -0.4799 -0.2443
vn 0.2472 0.8144 0.5250
vn -0.9607 0.0453 -0.2740
vn -0.8426 -0.4799 -0.2444
vn -0.9206 0.0303 -0.3893
vn 0.0359 -0.9927 -0.1155
vn 0.7964 0.6048 -0.0022
vn 0.7345 0.6679 0.1199
vn -0.6671 -0.4679 -0.5796
vn 0.2937 -0.9528 0.0764
vn -0.8554 -0.0226 -0.5176
vn 0.7346 0.6678 0.1199
vn -0.6671 -0.4680 -0.5796
vn 0.3317 0.8402 0.4291
vn -0.4011 -0.8155 -0.4173
vn -0.1852 0.8307 0.5250
vn -0.9607 0.0453 -0.2739
vn 0.4408 0.8943 0.0764
vn 0.9752 0.2024 -0.0895
vn 0.8553 -0.0226 -0.5176
vn -0.7346 0.6678 0.1199
vn -0.5645 0.8219 0.0764
vn 0.9927 0.1205 0.0066
vn 0.6672 -0.4679 -0.5796
vn 0.8889 0.4580 0.0109
vn 0.4714 0.8819 0.0022
vn -0.2937 -0.9528 0.0764
vn 0.4050 0.9099 -0.0895
vn 0.5425 0.8392 0.0371
vn 0.6961 0.7174 -0.0284
vn 0.8582 0.5108 0.0502
vn 0.7726 0.6341 -0.0328
vn 0.9323 0.3545 -0.0720
vn 0.7717 0.6344 0.0459
vn 0.9434 0.2098 -0.2570
vn 0.8569 0.5042 -0.1068
vn 0.8196 0.2457 -0.5175
vn 0.7595 0.2952 -0.5796
vn 0.7307 0.3369 -0.5938
vn 0.7837 0.3379 -0.5213
vn 0.9607 0.0453 -0.2739
vn -0.4694 0.8785 0.0894
vn 0.8407 -0.4832 -0.2444
vn -0.4408 0.8943 0.0764
vn 0.9206 0.0302 -0.3893
vn 0.4676 0.8703 -0.1545
vn -0.0321 -0.9928 -0.1155
vn 0.2587 -0.8693 -0.4212
vn -0.4694 0.8784 0.0894
vn 0.1428 -0.9263 -0.3486
vn 0.3243 0.7448 0.5832
vn -0.7619 0.6301 -0.1501
vn 0.5750 0.6709 0.4681
vn 0.4896 0.6449 0.5868
vn 0.6169 0.6355 0.4643
vn -0.4409 0.8943 0.0764
vn 0.1429 -0.9263 -0.3486
vn 0.3672 0.3778 0.8499
vn 0.0751 0.4640 0.8826
vn 0.0519 -0.0073 0.9986
vn -0.2014 0.0910 0.9753
vn -0.0818 -0.1915 0.9781
vn 0.1149 -0.9660 -0.2316
vn -0.3707 -0.0150 0.9286
vn -0.4029 0.3337 0.8522
vn -0.6778 0.1051 0.7277
vn -0.6832 0.3996 0.6112
vn -0.8093 0.2847 0.5138
vn -0.6902 0.5797 0.4330
vn -0.8032 0.4644 0.3731
vn -0.6689 0.7049 0.2359
vn -0.8296 0.5189 0.2061
vn -0.1802 0.9836 -0.0109
vn -0.7345 0.6679 0.1199
vn 0.3188 0.9471 0.0371
vn 0.3221 0.9230 0.2103
vn 0.1408 0.8661 0.4797
vn 0.9607 0.0453 -0.2738
vn 0.7382 -0.6622 -0.1286
vn 0.1728 -0.1874 0.9670
vn 0.6601 -0.0000 -0.7512
vn 0.5563 -0.0000 -0.8310
vn 0.8321 -0.0905 -0.5471
vn -0.7468 0.0038 -0.6650
vn 0.3032 -0.8257 -0.4758
vn -0.0660 -0.5990 -0.7981
vn -0.7380 -0.0000 -0.6748
vn -0.5991 -0.0000 -0.8007
vn -0.3071 0.8720 0.3812
vn -0.5006 -0.0000 -0.8657
vn -0.2953 0.9310 0.2146
vn -0.1198 -0.5054 -0.8545
vn -0.2942 0.7202 0.6283
vn -0.3710 -0.0000 -0.9286
vn -0.1050 0.6143 0.7820
vn -0.0472 -0.4832 -0.8743
vn -0.2252 0.0038 -0.9743
vn 0.0208 -0.4658 -0.8847
vn -0.0741 0.0038 -0.9972
vn 0.1288 -0.4601 -0.8785
vn 0.5487 -0.8021 -0.2359
vn 0.5520 -0.7701 -0.3198
vn 0.5080 -0.8320 -0.2231
vn 0.4779 -0.7875 -0.3892
vn 0.1653 -0.0000 -0.9862
vn 0.6975 -0.6214 -0.3568
vn 0.1368 -0.6357 -0.7597
vn 0.2625 -0.4395 -0.8590
vn 0.5682 -0.5108 -0.6452
vn 0.8911 -0.4441 -0.0938
vn 0.8656 -0.3887 -0.3157
vn 0.9229 -0.3613 0.1329
vn 0.3425 -0.0000 -0.9395
vn 0.9050 -0.2897 -0.3115
vn 0.3556 -0.3837 -0.8522
vn 0.4594 -0.2870 -0.8406
vn -0.0861 -0.3775 -0.9220
vn -0.4225 -0.4719 -0.7738
vn -0.5370 -0.5851 -0.6077
vn -0.5752 -0.6513 -0.4949
vn -0.6220 -0.6927 -0.3650
vn -0.5902 -0.7116 -0.3812
vn 0.4429 -0.0000 -0.8966
vn 0.4416 -0.3442 -0.8286
vn 0.5275 -0.3628 -0.7682
vn 0.8253 -0.5418 0.1588
vn 0.7484 -0.6630 0.0153
vn 0.6966 -0.6873 0.2061
vn 0.5677 -0.7551 0.3280
vn 0.4533 -0.6772 0.5796
vn 0.2971 -0.7825 0.5471
vn 0.1539 -0.8485 0.5063
vn -0.0434 -0.9422 0.3322
vn -0.1112 -0.9611 0.2528
vn -0.2301 -0.9646 0.1286
vn -0.2612 -0.9652 0.0065
vn -0.5427 -0.8394 0.0284
vn -0.5533 -0.8277 -0.0938
vn -0.8716 -0.4843 0.0764
vn -0.6111 -0.7378 -0.2865
vn -0.8478 -0.5302 0.0109
vn -0.6780 -0.6286 -0.3812
vn -0.8197 -0.5451 -0.1760
vn -0.8233 -0.5123 -0.2444
vn 0.4541 -0.7060 -0.5435
vn -0.8254 -0.5289 -0.1975
vn -0.8409 -0.5102 -0.1803
vn -0.8690 -0.4640 -0.1717
vn 0.2662 -0.9122 -0.3115
vn 0.3240 -0.9092 -0.2613
vn 0.4330 -0.7927 -0.4291
vn 0.3698 -0.8114 -0.4526
vn 0.4289 -0.8334 -0.3487
vn 0.4173 -0.8409 -0.3445
vn 0.5134 -0.7785 -0.3609
vn -0.1672 -0.9023 -0.3973
vn -0.0434 -0.6488 -0.7598
vn -0.4777 -0.6664 -0.5725
vn -0.5557 -0.5784 -0.5973
vn -0.0434 -0.6487 -0.7598
vn 0.6152 0.0378 -0.7874
vn 0.6113 0.0453 -0.7901
vn 0.3404 -0.8132 -0.4720
vn 0.3049 -0.8114 -0.4987
vn 0.2730 -0.8157 -0.5101
vn 0.8887 0.4579 -0.0240
vn 0.7631 0.5834 -0.2781
vn 0.8071 0.5798 -0.1112
vn 0.6719 0.6251 -0.3972
vn 0.6030 0.5443 -0.5832
vn 0.2693 -0.8239 -0.4987
vn 0.2711 -0.8345 -0.4797
vn -0.2019 -0.8315 -0.5176
vn -0.3307 -0.8737 -0.3568
vn -0.0979 -0.8741 -0.4759
vn -0.1242 -0.9606 -0.2486
vn 0.1243 -0.9512 -0.2823
vn 0.2641 -0.8323 -0.4873
vn -0.2117 -0.9760 0.0502
vn -0.3826 -0.9236 0.0240
vn -0.6171 -0.7583 0.2103
vn -0.7177 -0.6963 -0.0022
vn -0.8993 -0.4271 0.0938
vn -0.9603 -0.2576 -0.1069
vn -0.9829 0.1467 0.1112
vn -0.9292 0.3650 0.0590
vn -0.6214 0.6867 0.3771
vn -0.3797 0.7934 0.4759
vn 0.0320 0.7827 0.6215
vn 0.1718 0.7238 0.6683
vn 0.3366 0.6332 0.6970
vn 0.4240 0.5144 0.7454
vn 0.4801 0.4335 0.7626
vn 0.5511 0.2761 0.7874
vn 0.5624 0.2350 0.7928
vn 0.6143 0.1049 0.7820
vn 0.0208 -0.4657 -0.8847
vn 0.2713 -0.8300 -0.4873
vn 0.3194 -0.8217 -0.4720
vn 0.3629 -0.8145 -0.4526
vn -0.0660 -0.5989 -0.7981
vn 0.4011 -0.8155 -0.4172
vn -0.7488 0.6541 -0.1068
vn -0.8228 0.5418 -0.1717
vn -0.8052 0.5701 -0.1631
vn -0.8535 0.4804 -0.2018
vn -0.8572 0.4774 -0.1932
vn 0.7382 -0.6622 -0.1285
vn -0.7619 0.6301 -0.1502
vn -0.9085 0.0227 -0.4172
vn -0.9168 0.1949 -0.3486
vn -0.8943 -0.0491 -0.4448
vn -0.8146 0.3528 -0.4604
vn -0.8321 -0.0151 -0.5544
vn -0.5760 0.4614 -0.6747
vn -0.6711 0.3592 -0.6485
vn -0.1648 0.6979 -0.6970
vn -0.3572 0.7897 -0.4987
vn -0.4694 0.8784 0.0895
vn -0.7619 0.6300 -0.1502
vn 0.7383 -0.6622 -0.1286
vn 0.8407 -0.4832 -0.2443
vn -0.0509 -0.9418 0.3322
vn -0.0414 -0.9378 0.3446
vn -0.0434 -0.9422 0.3323
vn -0.0471 -0.9435 0.3281
vn -0.4522 0.8688 -0.2018
vn -0.1764 0.9280 -0.3281
vn 0.3756 0.9265 0.0241
vn 0.5410 0.8390 -0.0590
vn 0.7880 0.5846 0.1932
vn -0.0546 -0.9431 0.3281
vn 0.8570 0.5108 0.0677
vn -0.0621 -0.9426 0.3281
vn 0.5989 0.7268 -0.3363
vn -0.0151 0.8321 -0.5544
vn -0.0528 -0.9446 0.3240
vn 0.0472 -0.9420 0.3322
vn 0.0471 -0.9420 0.3322
vn 0.0414 -0.9378 0.3446
vn 0.0433 -0.9436 0.3281
vn 0.0509 -0.9433 0.3281
vn 0.0584 -0.9428 0.3281
vn 0.0528 -0.9446 0.3240
vn 0.6043 -0.7959 0.0371
vn 0.2776 -0.9521 0.1285
vn 0.2189 -0.9667 0.1329
vn 0.2242 -0.9340 0.2782
vn 0.9493 0.3116 -0.0415
vn 0.7205 0.5739 -0.3892
vn 0.9950 0.0453 -0.0894
vn 0.8497 0.3882 -0.3568
vn 0.9573 -0.1728 -0.2316
vn 0.8702 -0.1947 -0.4526
vn 0.8549 -0.2314 -0.4643
vn -0.0642 -0.9956 0.0676
vn -0.4487 -0.8726 0.1932
vn 0.2262 -0.9695 0.0937
vn 0.7170 -0.1869 -0.6715
vn 0.7314 -0.1647 -0.6617
vn -0.6542 0.4640 -0.5973
vn -0.6916 0.6717 0.2655
vn 0.0434 -0.9393 0.3404
vn 0.7401 0.3091 -0.5973
vn 0.5837 -0.1349 -0.8007
vn 0.0321 -0.9955 -0.0895
vn -0.6541 0.4641 -0.5973
vn 0.4717 0.3399 -0.8136
vn 0.1410 -0.9832 0.1156
vn 0.6981 0.5902 -0.4053
vn 0.1653 -0.9857 0.0328
vn -0.0000 -0.9947 0.1025
vn 0.1579 -0.9821 0.1025
vn 0.5088 0.8484 -0.1459
vn 0.5335 0.8158 -0.2231
vn 0.4023 0.8578 -0.3198
vn 0.5109 0.7893 -0.3404
vn -0.0000 -0.9997 0.0240
vn 0.1540 0.8394 -0.5213
vn 0.2283 -0.9712 0.0677
vn 0.2023 -0.9735 0.1069
vn 0.2058 -0.9357 0.2865
vn 0.1204 -0.9479 0.2948
vn 0.0245 0.9672 -0.2528
vn 0.0019 -0.9529 0.3031
vn -0.1653 -0.9857 0.0327
vn 0.4832 0.5540 -0.6780
vn 0.3079 0.4276 -0.8499
vn -0.1373 -0.0661 -0.9883
vn -0.0397 -0.9394 0.3404
vn 0.6891 0.6743 0.2654
vn 0.6563 0.4610 -0.5973
vn -0.0358 -0.9953 -0.0895
vn -0.0396 -0.9395 0.3404
vn 0.6563 0.4609 -0.5973
vn -0.1448 -0.9827 0.1156
vn -0.0037 -0.9738 -0.2274
vn -0.1671 -0.9791 0.1156
vn -0.1636 -0.9638 -0.2103
vn 0.4061 0.6404 -0.6519
vn 0.4146 0.6804 -0.6043
vn 0.3413 0.7771 -0.5287
vn -0.0001 -0.9952 0.0982
vn -0.2916 -0.9291 0.2274
vn -0.2755 -0.9308 0.2402
vn -0.2591 -0.9170 0.3032
vn -0.2919 -0.9494 0.1156
vn -0.3718 -0.9248 0.0808
vn -0.8806 0.3071 0.3609
vn -0.8726 0.3461 0.3445
vn -0.8684 0.3357 0.3650
vn -0.8962 0.3075 0.3198
vn -0.9537 0.2500 0.1674
vn -0.9893 0.1429 0.0284
vn -0.9475 0.0716 -0.3115
vn -0.9527 0.0189 -0.3032
vn -0.3080 -0.9432 0.1243
vn -0.8268 0.0302 -0.5617
vn -0.8005 0.0489 -0.5973
vn -0.7517 0.0378 -0.6585
vn -0.3705 -0.9277 -0.0458
vn -0.3419 -0.9326 -0.1155
vn -0.2846 -0.9468 -0.1502
vn -0.0019 -0.8689 -0.4949
vn -0.2060 -0.9317 -0.2990
vn -0.1055 -0.9510 -0.2907
vn -0.3842 -0.9214 -0.0589
vn -0.4613 -0.8846 0.0676
vn -0.4303 -0.8309 0.3527
vn -0.4031 -0.8339 0.3771
vn -0.3963 -0.8371 0.3771
vn -0.4125 -0.8545 0.3157
vn -0.4266 -0.8696 0.2486
vn -0.4395 -0.8568 0.2697
vn -0.2538 -0.9519 0.1718
vn -0.0000 -0.9952 0.0982
vn 0.4556 -0.8670 -0.2018
vn 0.5450 -0.7179 -0.4331
vn 0.5439 -0.7961 -0.2655
vn 0.6046 -0.6527 -0.4565
vn 0.4539 -0.5432 -0.7063
vn 0.3872 -0.5098 -0.7682
vn 0.2736 -0.3483 -0.8966
vn 0.1708 -0.9785 0.1156
vn 0.1673 -0.9632 -0.2103
vn -0.0001 0.6300 -0.7766
vn -0.6224 -0.7822 -0.0284
vn -0.7100 -0.6980 -0.0938
vn -0.7279 -0.6852 -0.0240
vn -0.7870 -0.6166 0.0197
vn -0.7833 -0.6064 0.1372
vn -0.7912 -0.5917 0.1545
vn -0.7777 -0.5968 0.1975
vn 0.1052 0.6550 -0.7483
vn 0.1607 0.6266 -0.7626
vn -0.9242 -0.2571 0.2823
vn -0.9337 -0.1764 0.3115
vn -0.9487 -0.1241 0.2907
vn -0.0715 0.4489 -0.8907
vn -0.9578 0.0226 0.2865
vn -0.9688 0.1242 0.2146
vn -0.6067 0.6666 0.4330
vn -0.8817 0.4713 -0.0240
vn -0.5007 0.8622 0.0764
vn -0.7013 0.5693 -0.4291
vn -0.3902 0.8619 -0.3239
vn -0.5990 0.3829 -0.7032
vn -0.6105 0.3263 -0.7216
vn -0.5237 0.2762 -0.8059
vn -0.2051 0.4358 -0.8764
vn 0.6564 0.4610 -0.5972
vn -0.0359 -0.9953 -0.0895
vn 0.4466 0.8490 -0.2823
vn 0.2918 0.9321 -0.2146
vn 0.3907 0.8952 -0.2146
vn 0.1355 0.9859 -0.0981
vn -0.0811 0.9786 0.1890
vn -0.1110 0.8640 0.4912
vn -0.1089 0.6994 0.7063
vn -0.0902 0.6372 0.7654
vn -0.0564 0.5751 0.8162
vn -0.2902 -0.9564 0.0328
vn -0.2225 -0.9652 0.1372
vn -0.1900 0.5189 0.8334
vn -0.1874 -0.9469 0.2613
vn -0.1706 -0.9120 0.3731
vn 0.0884 -0.4773 -0.8743
vn 0.0754 -0.5584 -0.8261
vn 0.5009 -0.3088 -0.8085
vn -0.2740 -0.9531 0.1285
vn -0.6043 -0.7959 0.0371
vn 0.5522 -0.5028 -0.6650
vn 0.7727 -0.1944 -0.6043
vn -0.2227 -0.9658 0.1329
vn 0.5746 -0.6945 -0.4331
vn 0.5476 -0.8076 -0.2189
vn 0.4843 -0.8741 -0.0372
vn 0.4367 -0.8670 0.2401
vn 0.3892 -0.8422 0.3731
vn 0.3078 -0.7910 0.5287
vn 0.2829 -0.7878 0.5471
vn 0.2415 -0.7675 0.5938
vn -0.2242 -0.9340 0.2781
vn -0.1986 -0.9767 0.0807
vn -0.1073 -0.9875 0.1155
vn -0.1840 -0.9806 0.0677
vn -0.1373 -0.9791 0.1502
vn -0.2226 -0.9658 0.1329
vn 0.8732 -0.0076 -0.4873
vn -0.1186 -0.9885 0.0938
vn -0.1672 -0.9844 0.0546
vn -0.1671 -0.9791 0.1155
vn 0.1745 0.9655 0.1932
vn 0.2590 0.9436 0.2061
vn -0.2043 -0.9579 0.2018
vn 0.3328 0.9119 0.2401
vn 0.4091 0.8743 0.2613
vn 0.4105 0.8643 0.2907
vn -0.1653 -0.9712 0.1717
vn -0.2373 -0.9673 0.0894
vn 0.8054 0.3873 -0.4487
vn 0.7801 0.3727 -0.5025
vn 0.7863 0.3798 -0.4873
vn -0.2243 -0.9340 0.2781
vn 0.8126 0.3943 -0.4291
vn 0.8516 0.4089 -0.3281
vn 0.8777 0.4777 -0.0371
vn 0.8320 0.5290 0.1674
vn 0.7116 0.5533 0.4330
vn 0.6754 0.5634 0.4758
vn 0.5965 0.5552 0.5796
vn -0.1687 -0.8457 0.5063
vn -0.2329 -0.6384 0.7336
vn -0.1330 -0.6599 0.7395
vn -0.2966 -0.7590 0.5796
vn -0.1427 -0.8527 0.5025
vn -0.0659 -0.6502 0.7569
vn -0.8516 0.3599 0.3812
vn -0.7880 0.4738 0.3932
vn -0.7317 0.4479 0.5138
vn -0.5042 0.5588 0.6585
vn -0.5352 0.4726 0.7001
vn -0.1558 -0.8760 0.4565
vn -0.2768 0.6448 0.7125
vn -0.1163 0.6982 0.7063
vn -0.0245 0.8245 0.5653
vn 0.0415 0.9042 0.4252
vn 0.0716 0.9554 0.2865
vn 0.0396 0.9521 0.3032
vn -0.2258 -0.8585 0.4604
vn -0.2424 -0.8973 0.3690
vn 0.4891 0.7616 0.4251
vn 0.4826 0.7328 0.4797
vn 0.4989 0.7034 0.5063
vn 0.5288 0.6233 0.5761
vn 0.5051 0.6196 0.6008
vn 0.5540 0.5261 0.6452
vn 0.5869 0.4618 0.6650
vn 0.6212 0.4448 0.6452
vn 0.6904 0.4559 0.5617
vn 0.8111 0.4951 0.3115
vn 0.8900 0.4442 0.1025
vn 0.8816 0.3182 -0.3486
vn 0.8483 0.2241 -0.4797
vn 0.6264 0.0679 -0.7766
vn -0.2511 -0.8385 0.4835
vn -0.2221 -0.8615 0.4565
vn -0.2424 -0.8778 0.4132
vn -0.2573 -0.9189 0.2990
vn -0.0019 -0.9262 0.3771
vn 0.0076 -0.9893 0.1458
vn -0.0208 -0.9962 0.0851
vn -0.2459 -0.8691 0.4291
vn -0.0321 -0.9975 -0.0633
vn -0.0904 -0.9954 -0.0328
vn 0.9377 0.3475 -0.0022
vn 0.9085 0.3043 -0.2865
vn 0.9556 0.1877 -0.2274
vn 0.8987 0.0377 -0.4370
vn 0.8784 -0.0453 -0.4758
vn 0.7349 -0.0151 -0.6780
vn 0.4932 -0.6581 -0.5689
vn 0.5713 -0.4673 -0.6747
vn 0.1707 -0.8520 -0.4949
vn -0.0679 -0.8530 -0.5176
vn -0.1130 -0.8436 -0.5250
vn -0.1464 -0.7964 -0.5867
vn -0.1688 -0.8024 -0.5725
vn -0.3604 -0.8850 0.2948
vn -0.3806 -0.9152 0.1329
vn 0.7861 -0.0000 -0.6181
vn -0.0000 -0.9999 0.0153
vn 0.9058 -0.0453 -0.4212
vn 0.9387 -0.0754 -0.3363
vn 0.9639 -0.1055 -0.2444
vn 0.2538 -0.9519 0.1717
vn 0.2755 -0.9308 0.2402
vn 0.3320 -0.8460 -0.4172
vn 0.2882 -0.9506 0.1156
vn 0.3027 -0.9512 0.0590
vn 0.4101 -0.9063 0.1025
vn 0.1815 -0.8072 0.5617
vn 0.0565 -0.7921 0.6077
vn 0.1067 -0.5422 0.8334
vn 0.2810 -0.9479 -0.1502
vn 0.3975 -0.8291 0.3932
vn 0.3771 -0.9166 0.1329
vn 0.3604 -0.8850 0.2948
vn 0.0038 -0.9106 0.4132
vn -0.2794 -0.7890 0.5472
vn -0.3975 -0.8291 0.3932
vn -0.1557 -0.7451 -0.6485
vn -0.0189 -0.7912 -0.6112
vn -0.0170 -0.7349 -0.6779
vn 0.0716 -0.7635 -0.6419
vn 0.1540 -0.8394 -0.5213
vn -0.3368 -0.8340 0.4370
vn -0.0698 -0.7608 -0.6452
vn 0.0094 -0.7231 -0.6907
vn -0.1053 0.6549 -0.7483
vn -0.5744 -0.4863 -0.6585
vn -0.6369 -0.3845 -0.6683
vn -0.8116 -0.1946 -0.5508
vn -0.8241 -0.2384 -0.5138
vn -0.6051 -0.5570 -0.5689
vn -0.1607 0.6266 -0.7626
vn -0.8052 -0.5216 -0.2823
vn -0.8646 -0.4128 -0.2865
vn 0.3383 -0.9339 -0.1155
vn -0.8853 -0.4646 0.0197
vn -0.7227 -0.6906 0.0284
vn -0.9032 -0.4134 0.1155
vn 0.3718 -0.9248 0.0808
vn 0.2880 -0.9303 0.2274
vn 0.2628 -0.9160 0.3032
vn 0.6873 -0.7047 -0.1761
vn -0.7984 -0.3833 -0.4643
vn -0.4480 -0.8364 -0.3157
vn 0.0038 -0.8046 0.5938
vn 0.2758 -0.7903 0.5471
vn 0.3129 -0.8898 -0.3322
vn 0.6150 -0.7469 -0.2528
vn 0.9315 -0.3613 -0.0415
vn 0.9807 -0.1876 0.0546
vn 0.9615 -0.2684 0.0589
vn 0.9966 -0.0151 -0.0808
vn 0.9822 -0.1877 -0.0022
vn 0.9808 -0.1951 0.0022
vn 0.2424 -0.8778 0.4133
vn 0.2547 -0.8375 0.4835
vn 0.3333 -0.8354 0.4370
vn 0.8224 0.0905 -0.5617
vn 0.8754 0.4372 -0.2061
vn 0.9227 0.3827 0.0458
vn 0.7713 0.6341 0.0546
vn 0.7722 0.5900 0.2359
vn 0.6993 0.6393 0.3198
vn 0.7551 0.6511 0.0764
vn 0.7571 0.6517 -0.0459
vn -0.0019 -0.8534 0.5213
vn 0.7618 0.6458 -0.0502
vn 0.2460 -0.8691 0.4291
vn 0.2573 -0.9189 0.2990
vn -0.0000 -0.9177 0.3972
vn -0.0000 -0.9568 0.2906
vn -0.0000 -0.9803 0.1975
vn 0.9653 0.2319 0.1199
vn 0.9943 0.0302 0.1025
vn 0.9003 -0.4306 -0.0633
vn 0.8892 -0.4306 0.1545
vn 0.5093 -0.8594 -0.0459
vn 0.6909 0.6442 0.3281
vn 0.8213 0.5352 0.1975
vn 0.7505 0.6319 0.1932
vn 0.2863 0.9348 0.2103
vn 0.2295 -0.8575 0.4604
vn 0.4432 0.8682 0.2231
vn 0.2258 -0.8606 0.4565
vn 0.6869 0.6442 0.3363
vn 0.8976 0.2750 0.3445
vn 0.9669 -0.2317 0.1069
vn 0.9769 -0.1429 0.1588
vn 0.1669 -0.9127 0.3730
vn 0.8508 -0.4904 -0.1889
vn 0.6893 -0.6933 -0.2103
vn 0.6273 -0.7606 -0.1674
vn 0.7574 -0.6455 -0.0982
vn 0.1874 -0.9469 0.2612
vn 0.2188 -0.9661 0.1372
vn 0.3080 -0.9432 0.1242
vn 0.3740 -0.9263 -0.0458
vn 0.2902 -0.9564 0.0328
vn 0.0566 0.8839 0.4643
vn 0.0715 0.4489 -0.8907
vn 0.2051 0.4358 -0.8764
vn 0.7986 -0.5728 -0.1846
vn 0.6942 -0.6755 -0.2486
vn 0.7575 -0.6455 -0.0981
vn 0.6895 -0.7229 0.0459
vn 0.2989 -0.9102 -0.2865
vn 0.4793 -0.8731 0.0894
vn 0.0641 -0.9907 0.1199
vn 0.1522 -0.9788 0.1372
vn 0.1709 -0.9790 0.1112
vn -0.1204 -0.9479 0.2948
vn 0.6472 -0.6939 -0.3157
vn 0.4153 -0.8350 -0.3609
vn 0.3754 -0.8236 -0.4251
vn -0.1352 -0.7716 -0.6215
vn -0.2471 -0.7630 -0.5973
vn -0.7226 -0.3540 -0.5938
vn -0.9007 -0.2751 -0.3363
vn -0.2058 -0.9357 0.2865
vn -0.9087 -0.2096 -0.3609
vn 0.1185 -0.9666 0.2274
vn -0.6512 -0.6939 -0.3074
vn -0.3123 -0.8266 -0.4681
vn 0.1505 -0.9885 0.0153
vn 0.3597 -0.9312 -0.0590
vn 0.0528 -0.9984 -0.0197
vn 0.6483 -0.7576 -0.0764
vn 0.2097 -0.9626 0.1717
vn 0.2153 -0.9697 0.1155
vn 0.2592 -0.9541 0.1502
vn 0.2389 -0.9352 0.2612
vn 0.2260 -0.9298 0.2906
vn -0.2881 -0.9477 0.1372
vn -0.5173 -0.8557 -0.0109
vn -0.7302 -0.6794 0.0720
vn -0.6917 0.6717 0.2655
vn -0.8892 -0.4306 -0.1545
vn -0.5453 0.7486 0.3771
vn -0.3552 0.7306 0.5832
vn -0.2137 0.7186 0.6617
vn -0.0018 0.7047 0.7095
vn -0.5758 -0.8163 -0.0459
vn 0.2173 0.7175 0.6617
vn 0.3585 0.7289 0.5832
vn -0.9615 -0.2430 -0.1285
vn -0.2389 -0.9352 0.2612
vn -0.9068 -0.2970 -0.2990
vn -0.9817 -0.1054 -0.1588
vn -0.9625 -0.2647 -0.0589
vn 0.5484 0.7464 0.3771
vn -0.5873 -0.7961 -0.1458
vn -0.2297 -0.9288 0.2907
vn 0.6891 0.6743 0.2655
vn -0.1148 -0.9670 0.2274
vn 0.4821 -0.8526 -0.2018
vn -0.2098 -0.9625 0.1718
vn -0.2628 -0.9531 0.1502
vn -0.9444 -0.2830 -0.1674
vn -0.9848 -0.1728 0.0196
vn -0.9989 0.0302 0.0371
vn -0.9747 0.0453 0.2189
vn -0.9697 -0.0038 0.2443
vn -0.2283 -0.9712 0.0677
vn -0.9922 -0.0867 0.0895
vn -0.9908 -0.1017 0.0895
vn -0.8247 -0.5059 -0.2528
vn -0.9472 -0.2939 -0.1285
vn -0.6893 -0.5866 -0.4252
vn -0.1484 -0.9794 0.1372
vn 0.2974 -0.9545 0.0197
vn 0.1893 -0.9774 0.0938
vn 0.2611 -0.9646 0.0371
vn 0.2263 -0.9649 0.1329
vn -0.9581 -0.2355 0.1631
vn -0.5301 -0.8478 -0.0109
vn 0.1839 -0.9655 0.1846
vn -0.3827 -0.9239 -0.0022
vn -0.9733 -0.1093 0.2018
vn -0.8689 -0.4842 -0.1025
vn -0.8350 -0.4189 -0.3568
vn -0.7958 -0.4980 -0.3445
vn -0.7441 -0.5910 -0.3115
vn -0.1578 -0.9821 0.1025
vn -0.8659 -0.4876 -0.1112
vn -0.8776 -0.4406 -0.1889
vn -0.2023 -0.9735 0.1069
vn -0.6371 -0.6745 -0.3731
vn -0.5779 -0.7151 -0.3933
vn -0.1709 -0.9086 -0.3812
vn -0.2190 -0.9689 0.1155
vn -0.1672 -0.9796 0.1112
vn -0.0641 -0.9907 0.1199
vn -0.1856 -0.9781 0.0938
vn 0.0378 -0.8889 -0.4565
vn -0.3307 -0.8786 -0.3445
vn -0.2775 -0.9345 -0.2231
vn -0.2410 -0.9687 -0.0589
vn 0.4227 -0.8678 0.2613
vn -0.2611 -0.9646 0.0371
vn -0.3097 -0.9409 0.1372
vn -0.6959 -0.7172 -0.0372
vn -0.8141 -0.5672 -0.1242
vn -0.2374 -0.9677 0.0851
vn -0.9271 -0.3044 -0.2188
vn -0.8672 -0.3817 -0.3198
vn -0.9257 -0.2318 -0.2990
vn -0.9552 -0.1840 -0.2317
vn -0.8866 -0.3218 -0.3322
vn -0.9234 -0.2354 -0.3032
vn -0.9866 -0.0641 -0.1502
vn -0.1894 -0.9751 0.1155
vn -0.9733 -0.1092 -0.2018
vn -0.8041 -0.5114 -0.3032
vn -0.6977 -0.6431 -0.3156
vn -0.9248 -0.1205 -0.3609
vn 0.0010 -0.9917 0.1285
vn -0.8209 -0.3630 -0.4409
vn -0.8702 -0.4095 -0.2739
vn 0.1931 -0.9744 0.1155
vn -0.3702 -0.9271 -0.0590
vn -0.6513 -0.6259 -0.4291
vn -0.3171 -0.9294 0.1889
vn 0.0998 -0.9379 0.3322
vn -0.0378 -0.9365 0.3486
vn 0.2338 -0.9685 0.0851
vn 0.1166 -0.9120 0.3933
vn 0.3682 -0.9036 0.2189
vn 0.3362 -0.9128 0.2316
vn 0.2153 -0.9748 0.0590
vn 0.3595 -0.9259 0.1155
vn 0.3894 -0.9203 -0.0371
vn 0.4742 -0.8716 0.1242
vn 0.5592 -0.8101 0.1760
vn 0.5345 -0.8428 0.0633
vn 0.7050 -0.7063 0.0633
vn 0.6767 -0.7327 -0.0720
vn 0.3927 -0.9112 0.1242
vn 0.5043 -0.8634 -0.0152
vn 0.5662 -0.8225 0.0545
vn 0.4266 -0.8797 0.2103
vn 0.2718 -0.9147 0.2990
vn 0.1912 -0.9349 0.2990
vn 0.1689 -0.8948 0.4132
vn 0.2573 -0.9432 0.2103
vn 0.3384 -0.9391 0.0589
vn 0.6527 -0.7528 0.0851
vn 0.4357 -0.8979 -0.0633
vn 0.8224 -0.5677 -0.0371
vn 0.6946 -0.7173 -0.0546
vn 0.9045 -0.4170 -0.0895
vn 0.8020 -0.5734 -0.1674
vn 0.2497 -0.8953 0.3690
vn 0.8596 -0.4367 -0.2655
vn 0.1595 -0.8753 0.4565
vn 0.1427 -0.8527 0.5025
vn 0.1688 -0.8457 0.5063
vn 0.8390 0.5164 0.1718
vn 0.8832 -0.3745 0.2823
vn 0.7383 -0.6743 0.0153
vn 0.6747 -0.7146 -0.1846
vn 0.5183 -0.8500 -0.0938
vn 0.1449 -0.9668 -0.2103
vn -0.3434 -0.7958 -0.4988
vn 0.2094 -0.8881 0.4093
vn 0.4210 -0.8674 0.2655
vn 0.3463 -0.8804 0.3239
vn 0.2278 -0.8960 0.3811
vn 0.0830 -0.8756 0.4758
vn 0.2842 -0.9039 0.3197
vn 0.4551 -0.8562 0.2444
vn 0.4978 -0.8346 0.2359
vn 0.3881 -0.8581 -0.3363
vn 0.3082 -0.9486 -0.0720
vn 0.6163 -0.7695 0.1674
vn 0.5932 -0.7940 0.1329
vn -0.5157 -0.7323 -0.4448
vn 0.6397 -0.7677 0.0371
vn 0.6609 -0.7422 0.1112
vn -0.6972 -0.6331 -0.3363
vn -0.3170 -0.9391 -0.1329
vn 0.4384 -0.8625 0.2528
vn 0.6589 -0.7362 0.1545
vn 0.6204 -0.7590 0.1975
vn 0.5993 -0.7724 0.2104
vn 0.3007 -0.9302 0.2103
vn 0.6942 -0.6448 0.3198
vn 0.4250 -0.8843 0.1932
vn 0.2682 -0.9330 0.2401
vn 0.2428 -0.9570 0.1588
vn 0.3908 -0.9102 0.1372
vn 0.5706 -0.7950 0.2061
vn 0.9470 0.0603 0.3157
vn 0.5783 0.7234 0.3771
vn 0.6704 -0.7077 0.2231
vn 0.9535 0.2682 0.1372
vn 0.6660 -0.7193 0.1975
vn 0.9915 -0.0980 0.0851
vn 0.7930 -0.5463 0.2697
vn 0.9406 -0.3044 0.1502
vn 0.8747 -0.4846 0.0066
vn 0.9291 -0.3042 0.2103
vn 0.6839 -0.6986 -0.2103
vn 0.2928 -0.8622 -0.4133
vn 0.3080 -0.9333 -0.1846
vn 0.2245 -0.9739 -0.0328
vn 0.9086 0.0604 -0.4132
vn 0.0961 -0.9936 0.0590
vn 0.4034 -0.9097 -0.0982
vn 0.5420 -0.8179 -0.1932
vn 0.6814 -0.6681 -0.2991
vn 0.7287 -0.6181 -0.2948
vn 0.6632 -0.7074 0.2443
vn 0.5158 -0.8555 0.0459
vn 0.6263 -0.7541 0.1975
vn 0.5919 -0.7769 0.2146
vn 0.6716 -0.7023 0.2359
vn 0.5723 -0.7903 0.2189
vn 0.6433 -0.7100 0.2865
vn 0.9486 -0.2243 0.2231
vn 0.9580 -0.1800 0.2231
vn 0.9363 -0.3475 0.0503
vn 0.9054 -0.4241 0.0197
vn 0.5948 -0.7942 -0.1242
vn 0.4388 -0.8682 -0.2316
vn 0.6390 -0.6977 0.3240
vn 0.5839 -0.7755 -0.2401
vn 0.9371 -0.1802 0.2990
vn 0.6029 -0.7215 0.3404
vn 0.5623 -0.7208 0.4053
vn 0.5875 -0.7644 0.2655
vn 0.4237 -0.8947 0.1416
vn 0.2262 -0.9695 0.0938
vn 0.8641 -0.4843 -0.1372
vn 0.9309 -0.3401 -0.1329
vn 0.9797 -0.1280 0.1545
vn -0.4486 -0.8726 0.1932
vn -0.0716 -0.9702 0.2317
vn 0.9669 0.2317 0.1068
vn -0.0283 -0.9471 0.3198
vn -0.2587 -0.7278 0.6352
vn 0.8741 0.3952 0.2823
vn 0.7380 0.4784 0.4758
vn 0.8817 0.3392 0.3281
vn 0.6425 0.6212 0.4488
vn -0.2497 -0.5931 0.7654
vn 0.9060 0.4171 0.0720
vn 0.9479 0.2465 0.2018
vn 0.8554 0.4902 0.1674
vn -0.0376 -0.6656 0.7454
vn 0.8877 0.3605 0.2865
vn 0.9709 0.0603 0.2316
vn 0.9242 0.2824 0.2571
vn 0.2329 -0.6385 0.7336
vn 0.2424 -0.8973 0.3690
vn 0.9897 0.0226 0.1415
vn 0.2931 -0.7604 0.5796
vn 0.8995 -0.0000 0.4370
vn 0.9429 0.0226 0.3322
vn -0.2226 -0.9704 0.0938
vn 0.4520 -0.8708 0.1932
vn 0.0642 -0.9956 0.0677
vn -0.2172 -0.9712 0.0982
vn -0.2500 -0.9649 0.0807
vn -0.2209 -0.9726 0.0721
vn -0.2227 -0.9712 0.0851
vn -0.4390 -0.8811 0.1761
vn -0.3080 -0.9380 0.1589
vn -0.4237 -0.8947 0.1415
vn -0.2672 0.8222 0.5025
vn -0.1130 0.9692 0.2189
vn -0.2225 -0.9704 0.0938
vn -0.1986 -0.9767 0.0808
vn -0.2062 -0.9762 0.0677
vn -0.4767 0.8105 0.3404
vn -0.6965 0.6272 0.3486
vn -0.2697 0.9008 0.3404
vn -0.6690 0.7343 0.1155
vn -0.2629 0.9630 0.0589
vn -0.4827 0.8663 -0.1285
vn -0.0396 0.9836 -0.1760
vn -0.1578 0.9866 -0.0415
vn -0.1502 0.9632 0.2231
vn -0.5841 0.6814 0.4409
vn 0.0377 0.7282 0.6844
vn -0.1950 -0.9759 0.0981
vn -0.2374 -0.9576 0.1632
vn -0.7381 0.6741 -0.0284
vn -0.4345 -0.8481 0.3032
vn -0.7911 0.6102 -0.0415
vn -0.6822 0.7182 0.1372
vn -0.5957 0.7807 0.1889
vn -0.5045 0.8385 0.2061
vn -0.5194 -0.7989 0.3032
vn -0.5845 -0.7668 0.2655
vn -0.7755 0.6250 0.0895
vn -0.5723 -0.7903 0.2189
vn -0.7380 0.6740 -0.0328
vn -0.8834 0.4541 -0.1155
vn -0.8858 0.4613 -0.0502
vn -0.2807 -0.9049 0.3199
vn 0.0941 -0.9146 0.3933
vn 0.0321 -0.9469 0.3198
vn -0.7371 0.6120 0.2865
vn -0.6968 0.5081 0.5063
vn -0.6393 0.5687 0.5175
vn -0.4356 0.8299 0.3486
vn 0.0848 0.9394 0.3322
vn 0.3504 0.9075 0.2316
vn 0.7854 0.6097 0.1069
vn -0.0829 -0.8756 0.4758
vn -0.2278 -0.8960 0.3811
vn -0.2093 -0.8881 0.4093
vn -0.3942 -0.9087 0.1372
vn -0.4215 -0.8860 0.1932
vn -0.8035 0.3726 0.4643
vn -0.5736 -0.7928 0.2061
vn -0.4518 -0.8580 0.2444
vn -0.2682 -0.9329 0.2401
vn -0.2427 -0.9570 0.1588
vn 0.7947 0.5913 0.1372
vn 0.4707 0.6922 0.5472
vn 0.0717 -0.9702 0.2316
vn 0.2871 0.6403 0.7125
vn 0.2804 0.7458 0.6043
vn 0.0414 0.5906 0.8059
vn -0.3463 -0.8804 0.3239
vn 0.0585 0.9869 0.1502
vn 0.1278 0.9470 0.2948
vn 0.0321 0.8412 0.5398
vn -0.2774 0.9538 0.1155
vn -0.0603 0.9442 0.3239
vn -0.3430 0.8847 0.3157
vn -0.6951 0.6018 0.3933
vn -0.6502 0.6729 0.3527
vn -0.7973 0.4545 0.3973
vn -0.2497 -0.8953 0.3690
vn -0.8050 0.4546 0.3811
vn -0.7194 0.6289 0.2949
vn -0.7036 0.6916 0.1631
vn -0.7924 0.5981 0.1199
vn -0.1689 -0.8948 0.4132
vn -0.8203 0.5680 0.0677
vn -0.7914 0.6011 0.1112
vn -0.8270 0.5617 0.0240
vn -0.7965 0.5917 0.1242
vn -0.7957 0.5856 0.1545
vn -0.7653 0.6307 0.1285
vn -0.7633 0.6459 0.0153
vn -0.7964 0.6048 -0.0022
vn -0.8150 0.5548 -0.1674
vn -0.1913 -0.9349 0.2990
vn -0.5571 0.8292 -0.0459
vn -0.5206 0.8264 0.2146
vn -0.1839 -0.9654 0.1846
vn -0.5163 0.8390 0.1717
vn -0.2573 -0.9432 0.2103
vn -0.2718 -0.9147 0.2990
vn -0.4012 0.9057 0.1372
vn -0.8520 0.5202 -0.0590
vn -0.9827 -0.0151 -0.1846
vn -0.9993 0.0378 -0.0022
vn -0.9994 0.0302 0.0196
vn -0.7955 0.4238 0.4330
vn -0.9702 0.1204 0.2104
vn -0.4176 -0.8690 0.2655
vn -0.2508 0.8133 0.5250
vn -0.4946 -0.8365 0.2360
vn -0.6134 -0.7718 0.1675
vn -0.4266 -0.8796 0.2104
vn -0.3001 0.8796 0.3690
vn -0.3317 0.8402 0.4291
vn -0.3927 -0.9112 0.1242
vn -0.3420 -0.9378 0.0590
vn -0.2975 -0.9545 0.0197
vn -0.4048 -0.8973 -0.1761
vn 0.1815 0.8315 0.5250
vn -0.3720 -0.9153 -0.1544
vn -0.3350 -0.9357 -0.1112
vn -0.0000 -0.9905 -0.1373
vn -0.9760 0.1987 -0.0895
vn -0.9927 0.1205 0.0066
vn -0.8889 0.4580 0.0109
vn -0.4714 0.8819 0.0022
vn -0.4676 0.8703 -0.1545
vn 0.3313 -0.9369 -0.1112
vn -0.5426 0.8392 0.0371
vn -0.4015 0.9115 -0.0895
vn -0.6961 0.7174 -0.0284
vn -0.8563 0.5140 0.0502
vn -0.7726 0.6341 -0.0328
vn -0.9323 0.3545 -0.0720
vn -0.7693 0.6373 0.0459
vn -0.9434 0.2098 -0.2570
vn -0.8589 0.5010 -0.1068
vn -0.8196 0.2457 -0.5175
vn -0.7595 0.2952 -0.5796
vn -0.7291 0.3403 -0.5938
vn -0.7836 0.3379 -0.5213
vn 0.3720 -0.9153 -0.1544
vn 0.4082 -0.8957 -0.1761
vn -0.3278 0.7433 0.5832
vn 0.4372 -0.8882 -0.1415
vn -0.5750 0.6709 0.4681
vn -0.4926 0.6427 0.5867
vn -0.6169 0.6355 0.4643
vn -0.3672 0.3778 0.8499
vn -0.0751 0.4640 0.8826
vn -0.0513 -0.0109 0.9986
vn 0.2029 0.0876 0.9753
vn 0.0852 -0.1900 0.9781
vn 0.5834 -0.8093 -0.0677
vn 0.3707 -0.0150 0.9286
vn 0.4029 0.3337 0.8522
vn 0.6778 0.1051 0.7277
vn 0.6851 0.3963 0.6112
vn 0.8080 0.2883 0.5138
vn 0.6878 0.5826 0.4330
vn 0.8051 0.4612 0.3731
vn 0.6716 0.7023 0.2359
vn 0.8276 0.5221 0.2061
vn 0.1802 0.9836 -0.0109
vn 0.5201 0.1051 -0.8476
vn 0.4510 0.0827 -0.8887
vn 0.3840 0.0752 -0.9203
vn -0.1756 -0.1848 0.9670
vn -0.0000 -0.9905 -0.1372
vn -0.3832 0.0788 -0.9203
vn -0.3955 0.0789 -0.9151
vn -0.3188 0.9471 0.0371
vn -0.3221 0.9230 0.2103
vn -0.1445 0.8654 0.4797
vn -0.4373 -0.8881 -0.1415
vn -0.5043 -0.8634 -0.0152
vn 0.3071 0.8720 0.3812
vn 0.2918 0.9321 0.2146
vn -0.5631 -0.8246 0.0546
vn 0.2942 0.7202 0.6283
vn 0.1050 0.6143 0.7820
vn -0.5962 -0.7918 0.1329
vn -0.6398 -0.7677 0.0371
vn -0.5834 -0.8094 -0.0677
vn -0.5518 -0.7999 -0.2359
vn -0.5112 -0.8300 -0.2231
vn -0.5520 -0.7701 -0.3198
vn -0.4779 -0.7875 -0.3892
vn -0.6950 -0.6243 -0.3568
vn -0.1331 -0.6364 -0.7598
vn -0.5707 -0.5079 -0.6452
vn -0.8894 -0.4475 -0.0938
vn -0.8671 -0.3852 -0.3157
vn -0.9243 -0.3578 0.1328
vn -0.9038 -0.2933 -0.3115
vn -0.4594 -0.2870 -0.8406
vn 0.0861 -0.3775 -0.9220
vn 0.4253 -0.4694 -0.7738
vn 0.5370 -0.5851 -0.6077
vn 0.5780 -0.6488 -0.4950
vn 0.6248 -0.6902 -0.3650
vn 0.5932 -0.7091 -0.3812
vn -0.6581 -0.7447 0.1112
vn -0.8253 -0.5419 0.1588
vn -0.6939 -0.6899 0.2061
vn -0.7484 -0.6630 0.0153
vn -0.5707 -0.7528 0.3281
vn -0.4502 -0.6792 0.5796
vn -0.3006 -0.7812 0.5471
vn -0.1539 -0.8485 0.5063
vn 0.0396 -0.9424 0.3322
vn 0.1149 -0.9607 0.2528
vn 0.2338 -0.9637 0.1285
vn 0.2612 -0.9652 0.0065
vn 0.5427 -0.8394 0.0284
vn 0.5565 -0.8256 -0.0938
vn 0.8715 -0.4843 0.0764
vn -0.6588 -0.7363 0.1545
vn 0.6140 -0.7354 -0.2865
vn 0.1709 -0.9017 -0.3972
vn -0.6204 -0.7590 0.1975
vn 0.0472 -0.6485 -0.7598
vn 0.6754 -0.6313 -0.3812
vn 0.4777 -0.6664 -0.5725
vn 0.5584 -0.5757 -0.5973
vn -0.5993 -0.7724 0.2104
vn -0.6704 -0.7077 0.2232
vn -0.9086 0.0603 -0.4132
vn -0.6660 -0.7194 0.1974
vn 0.8478 -0.5302 0.0109
vn 0.8217 -0.5420 -0.1761
vn 0.8253 -0.5092 -0.2444
vn 0.8254 -0.5289 -0.1975
vn 0.8409 -0.5102 -0.1803
vn 0.8690 -0.4640 -0.1717
vn -0.5190 -0.8536 0.0458
vn -0.6152 0.0378 -0.7874
vn -0.6113 0.0453 -0.7901
vn -0.6263 -0.7542 0.1975
vn -0.5890 -0.7791 0.2146
vn -0.8887 0.4579 -0.0240
vn -0.8093 0.5768 -0.1112
vn -0.7608 0.5864 -0.2781
vn -0.6693 0.6279 -0.3973
vn -0.6030 0.5443 -0.5832
vn -0.6605 -0.7099 0.2444
vn -0.6433 -0.7100 0.2865
vn 0.2019 -0.8315 -0.5176
vn 0.0979 -0.8741 -0.4758
vn 0.3343 -0.8723 -0.3568
vn 0.1242 -0.9606 -0.2486
vn -0.1243 -0.9512 -0.2823
vn 0.2080 -0.9768 0.0502
vn 0.3826 -0.9236 0.0240
vn 0.6171 -0.7583 0.2103
vn 0.7177 -0.6963 -0.0022
vn 0.8977 -0.4305 0.0938
vn 0.9613 -0.2540 -0.1069
vn 0.9835 0.1430 0.1112
vn 0.9305 0.3614 0.0590
vn 0.6242 0.6842 0.3771
vn 0.3797 0.7934 0.4759
vn -0.0283 0.7829 0.6215
vn -0.1718 0.7238 0.6683
vn -0.3366 0.6332 0.6970
vn -0.4240 0.5144 0.7454
vn -0.4826 0.4307 0.7626
vn -0.5511 0.2761 0.7874
vn -0.5624 0.2350 0.7928
vn -0.6143 0.1049 0.7820
vn -0.5705 -0.7474 0.3404
vn -0.4972 -0.7607 0.4172
vn -0.6058 -0.7191 0.3404
vn -0.5653 -0.7184 0.4053
vn -0.6390 -0.6977 0.3240
vn -0.6744 -0.6997 0.2359
vn 0.7513 0.6512 -0.1068
vn 0.8074 0.5670 -0.1631
vn 0.8228 0.5418 -0.1717
vn 0.8543 0.4772 -0.2061
vn 0.8572 0.4774 -0.1932
vn 0.9085 0.0227 -0.4172
vn 0.8945 -0.0453 -0.4448
vn 0.9168 0.1949 -0.3486
vn 0.8146 0.3528 -0.4604
vn 0.8321 -0.0151 -0.5544
vn 0.5760 0.4614 -0.6747
vn 0.6693 0.3625 -0.6485
vn 0.1648 0.6979 -0.6970
vn 0.3538 0.7913 -0.4987
vn -0.4212 -0.7697 0.4797
vn -0.3356 -0.8718 0.3568
vn -0.3111 -0.9088 0.2781
vn -0.2498 -0.9300 0.2697
vn 0.4555 0.8671 -0.2018
vn 0.1764 0.9280 -0.3281
vn -0.3756 0.9265 0.0241
vn -0.5378 0.8410 -0.0590
vn -0.7857 0.5876 0.1932
vn -0.8570 0.5108 0.0677
vn -0.5989 0.7268 -0.3363
vn 0.0151 0.8321 -0.5544
vn -0.1818 -0.9270 0.3281
vn -0.1763 -0.9076 0.3811
vn -0.1017 -0.9189 0.3812
vn -0.3316 -0.8299 0.4487
vn -0.1966 -0.8758 0.4409
vn -0.0998 -0.9015 0.4212
vn -0.9493 0.3116 -0.0415
vn -0.7205 0.5739 -0.3892
vn -0.9951 0.0415 -0.0895
vn -0.8481 0.3916 -0.3568
vn -0.9580 -0.1691 -0.2316
vn -0.8702 -0.1947 -0.4526
vn -0.8539 -0.2350 -0.4643
vn -0.7170 -0.1869 -0.6715
vn -0.7314 -0.1647 -0.6617
vn 0.0019 -0.9088 0.4172
vn -0.7415 0.3056 -0.5973
vn -0.5837 -0.1349 -0.8007
vn -0.0000 -0.9229 0.3852
vn -0.4739 0.3368 -0.8136
vn -0.1968 -0.9495 0.2444
vn -0.6957 0.5931 -0.4053
vn -0.1894 -0.9704 0.1502
vn -0.5055 0.8504 -0.1459
vn -0.5366 0.8138 -0.2231
vn -0.4023 0.8578 -0.3198
vn -0.5109 0.7893 -0.3404
vn -0.1540 0.8394 -0.5213
vn -0.1633 -0.9770 0.1372
vn 0.1017 -0.9189 0.3811
vn 0.0961 -0.9019 0.4212
vn 0.0038 -0.9388 0.3445
vn -0.0283 0.9671 -0.2528
vn -0.1055 -0.9358 0.3363
vn -0.1560 -0.9549 0.2528
vn -0.4860 0.5515 -0.6780
vn -0.3079 0.4276 -0.8499
vn 0.1373 -0.0661 -0.9883
vn -0.1541 -0.9802 0.1242
vn 0.3356 -0.8718 0.3568
vn 0.1762 -0.9076 0.3812
vn 0.1855 -0.9263 0.3281
vn -0.4029 0.6425 -0.6519
vn -0.4114 0.6824 -0.6043
vn -0.3413 0.7771 -0.5287
vn 0.3315 -0.8299 0.4487
vn 0.4245 -0.7679 0.4797
vn 0.1929 -0.8766 0.4409
vn -0.1726 -0.9792 0.1068
vn -0.1578 -0.9817 0.1069
vn 0.8793 0.3107 0.3609
vn 0.8698 0.3322 0.3649
vn 0.8726 0.3461 0.3445
vn 0.8950 0.3110 0.3198
vn 0.9527 0.2536 0.1674
vn 0.9893 0.1429 0.0284
vn 0.9478 0.0679 -0.3115
vn 0.9528 0.0151 -0.3032
vn 0.8268 0.0302 -0.5617
vn 0.8003 0.0528 -0.5973
vn 0.7517 0.0378 -0.6585
vn -0.1503 -0.9829 0.1068
vn -0.1504 -0.9833 0.1025
vn -0.1523 -0.9821 0.1112
vn 0.1055 -0.9510 -0.2907
vn 0.2060 -0.9317 -0.2990
vn 0.3877 -0.9199 -0.0589
vn 0.4613 -0.8846 0.0676
vn 0.4337 -0.8292 0.3527
vn 0.3997 -0.8355 0.3771
vn 0.3928 -0.8387 0.3771
vn 0.4122 -0.8547 0.3157
vn 0.4266 -0.8696 0.2486
vn 0.4395 -0.8568 0.2697
vn -0.1204 -0.9632 0.2401
vn -0.1017 -0.9675 0.2316
vn 0.0019 -0.9568 0.2906
vn -0.4522 -0.8688 -0.2018
vn -0.5439 -0.7961 -0.2655
vn -0.5450 -0.7179 -0.4331
vn -0.6046 -0.6527 -0.4565
vn -0.4568 -0.5408 -0.7063
vn -0.3872 -0.5098 -0.7682
vn -0.2736 -0.3483 -0.8966
vn 0.1055 -0.9358 0.3363
vn 0.6224 -0.7822 -0.0284
vn 0.7279 -0.6852 -0.0240
vn 0.7073 -0.7007 -0.0938
vn 0.7870 -0.6166 0.0197
vn 0.7810 -0.6093 0.1372
vn 0.7912 -0.5917 0.1545
vn 0.7777 -0.5968 0.1975
vn 0.9232 -0.2607 0.2823
vn 0.9482 -0.1279 0.2907
vn 0.9344 -0.1726 0.3115
vn 0.4941 -0.7628 0.4173
vn 0.9578 0.0226 0.2865
vn 0.9692 0.1205 0.2146
vn 0.6095 0.6641 0.4330
vn 0.8817 0.4713 -0.0240
vn 0.5007 0.8622 0.0764
vn 0.7037 0.5663 -0.4291
vn 0.3936 0.8603 -0.3239
vn 0.6011 0.3797 -0.7032
vn 0.6105 0.3263 -0.7216
vn 0.5237 0.2762 -0.8059
vn 0.5735 -0.7451 0.3405
vn -0.4467 0.8490 -0.2823
vn -0.3941 0.8937 -0.2146
vn -0.2954 0.9310 -0.2146
vn -0.1355 0.9859 -0.0981
vn 0.0773 0.9789 0.1889
vn 0.1148 0.8635 0.4912
vn 0.1089 0.6994 0.7063
vn 0.0902 0.6372 0.7654
vn 0.0564 0.5751 0.8161
vn 0.5225 -0.7969 0.3032
vn 0.4311 -0.8498 0.3032
vn 0.1865 0.5202 0.8334
vn 0.3112 -0.9088 0.2781
vn 0.2498 -0.9300 0.2697
vn 0.2410 -0.9567 0.1631
vn -0.0847 -0.4780 -0.8743
vn -0.5029 -0.3056 -0.8085
vn -0.0754 -0.5584 -0.8261
vn -0.5497 -0.5056 -0.6650
vn -0.7736 -0.1907 -0.6043
vn 0.3080 -0.9381 0.1588
vn -0.5746 -0.6945 -0.4331
vn -0.5476 -0.8076 -0.2189
vn -0.4843 -0.8741 -0.0372
vn -0.4367 -0.8670 0.2401
vn -0.3857 -0.8438 0.3731
vn -0.3042 -0.7924 0.5287
vn -0.2865 -0.7865 0.5471
vn -0.2415 -0.7675 0.5938
vn 0.4356 -0.8827 0.1761
vn 0.2191 -0.9720 0.0851
vn 0.2501 -0.9649 0.0808
vn -0.8732 -0.0076 -0.4873
vn -0.1782 0.9649 0.1931
vn -0.2554 0.9446 0.2061
vn -0.1782 0.9648 0.1932
vn 0.1951 -0.9759 0.0982
vn -0.3328 0.9119 0.2401
vn -0.4091 0.8743 0.2613
vn -0.4139 0.8627 0.2907
vn 0.1727 -0.9792 0.1069
vn 0.1931 -0.9696 0.1502
vn 0.1931 -0.9503 0.2443
vn -0.8038 0.3907 -0.4487
vn -0.7862 0.3798 -0.4874
vn -0.7817 0.3693 -0.5025
vn -0.8143 0.3909 -0.4291
vn -0.8516 0.4089 -0.3281
vn -0.8777 0.4777 -0.0371
vn -0.8340 0.5258 0.1674
vn -0.7092 0.5563 0.4331
vn -0.6754 0.5634 0.4758
vn -0.5991 0.5524 0.5796
vn 0.1598 -0.9542 0.2528
vn 0.1542 -0.9802 0.1242
vn 0.1671 -0.9764 0.1372
vn 0.8516 0.3599 0.3812
vn 0.7337 0.4446 0.5138
vn 0.7880 0.4738 0.3933
vn 0.5014 0.5613 0.6585
vn 0.5327 0.4754 0.7001
vn 0.1578 -0.9817 0.1069
vn 0.2733 0.6463 0.7125
vn 0.1163 0.6982 0.7063
vn 0.0207 0.8246 0.5653
vn -0.0415 0.9042 0.4252
vn -0.0716 0.9554 0.2865
vn -0.0435 0.9520 0.3031
vn 0.1466 -0.9862 0.0764
vn 0.1615 -0.9839 0.0764
vn -0.4891 0.7616 0.4251
vn -0.4989 0.7034 0.5063
vn -0.4857 0.7307 0.4797
vn -0.5316 0.6209 0.5761
vn -0.5051 0.6196 0.6008
vn 0.1839 -0.9803 0.0721
vn -0.5514 0.5288 0.6452
vn -0.5869 0.4618 0.6650
vn -0.6190 0.4479 0.6452
vn -0.6883 0.4591 0.5617
vn -0.8130 0.4919 0.3115
vn -0.8900 0.4442 0.1025
vn -0.8816 0.3182 -0.3486
vn -0.8483 0.2241 -0.4797
vn -0.6264 0.0679 -0.7766
vn 0.1988 -0.9777 0.0677
vn 0.2209 -0.9726 0.0721
vn 0.0056 -0.9261 0.3771
vn 0.0245 -0.9961 0.0851
vn -0.0075 -0.9893 0.1458
vn 0.0283 -0.9976 -0.0633
vn 0.0904 -0.9954 -0.0328
vn 0.2172 -0.9712 0.0982
vn -0.0642 -0.9956 0.0677
vn 0.1986 -0.9767 0.0808
vn -0.5983 0.7754 0.2018
vn -0.5716 0.7591 0.3115
vn -0.5721 0.7701 0.2823
vn -0.5442 0.7368 0.4013
vn -0.5490 0.7101 0.4409
vn -0.5369 0.6992 0.4720
vn -0.5407 0.6910 0.4797
vn 0.1691 -0.9833 0.0677
vn 0.1485 -0.9869 0.0634
vn -0.7706 -0.6214 0.1415
vn -0.7099 -0.6925 0.1285
vn -0.6950 -0.7110 0.1068
vn -0.6480 -0.7573 0.0807
vn -0.6427 -0.7627 0.0720
vn -0.6367 -0.7673 0.0764
vn -0.6383 -0.7650 0.0851
vn 0.1410 -0.9880 0.0634
vn 0.1467 -0.9862 0.0764
vn -0.5175 0.6757 0.5250
vn -0.5877 0.5571 0.5867
vn -0.6044 0.5192 0.6043
vn 0.1503 -0.9828 0.1068
vn -0.7763 -0.0829 0.6249
vn -0.6758 0.1642 0.7186
vn -0.7230 -0.2944 0.6250
vn -0.8150 -0.3937 0.4251
vn -0.7769 -0.2917 0.5580
vn -0.9054 -0.2644 0.3322
vn -0.6804 -0.5037 0.5324
vn -0.6592 -0.3748 0.6519
vn -0.1411 -0.9859 0.0895
vn -0.5804 -0.4925 0.6485
vn -0.1430 -0.9848 0.0982
vn -0.5574 -0.6013 0.5725
vn -0.5923 -0.7055 0.3893
vn -0.7313 -0.6300 0.2613
vn -0.6305 -0.7517 0.1932
vn -0.6341 -0.7727 0.0284
vn -0.8237 -0.5648 0.0502
vn -0.5890 -0.7992 -0.1198
vn -0.7121 -0.6867 -0.1458
vn -0.5606 -0.8101 -0.1717
vn -0.1411 -0.9863 0.0851
vn -0.5646 -0.7970 -0.2146
vn -0.7552 -0.6326 -0.1717
vn -0.5402 -0.8148 -0.2103
vn 0.1504 -0.9833 0.1025
vn 0.1486 -0.9826 0.1112
vn -0.7600 -0.5951 0.2613
vn -0.9446 -0.2281 0.2359
vn 0.1205 -0.9632 0.2401
vn 0.1017 -0.9675 0.2316
vn 0.0019 -0.9812 0.1932
vn -0.1411 -0.9855 0.0938
vn -0.1318 -0.9887 0.0720
vn -0.9793 -0.1691 0.1112
vn -0.9648 -0.2611 -0.0328
vn -0.1318 -0.9890 0.0677
vn -0.1373 -0.9885 0.0633
vn -0.1392 -0.9873 0.0764
vn -0.1392 -0.9876 0.0720
vn -0.9887 -0.1167 0.0938
vn -0.9952 0.0491 0.0851
vn -0.9903 0.0980 0.0982
vn -0.9568 0.2902 0.0153
vn -0.9951 0.0980 -0.0109
vn -0.8927 0.4479 -0.0502
vn -0.1467 -0.9862 0.0764
vn -0.8154 0.5738 0.0764
vn -0.9625 0.2133 0.1674
vn -0.6117 0.7290 0.3074
vn -0.5272 0.7674 0.3650
vn -0.5098 0.7524 0.4172
vn -0.1466 -0.9862 0.0764
vn -0.1615 -0.9839 0.0764
vn -0.9982 -0.0340 -0.0502
vn -0.9878 -0.1205 -0.0982
vn -0.1840 -0.9803 0.0721
vn -0.6516 -0.7583 0.0197
vn -0.6671 -0.7405 -0.0808
vn -0.7137 -0.6990 -0.0459
vn -0.1691 -0.9833 0.0677
vn -0.9651 -0.2283 -0.1285
vn -0.1447 -0.9874 0.0633
vn -0.9682 -0.0943 -0.2316
vn -0.6641 -0.7255 -0.1803
vn -0.5103 -0.8435 -0.1675
vn -0.6321 -0.7641 -0.1285
vn -0.4189 -0.9064 0.0546
vn -0.5507 -0.8332 -0.0502
vn -0.2610 -0.9449 0.1975
vn -0.5535 -0.8229 -0.1285
vn -0.1447 -0.9874 0.0634
vn -0.6465 -0.7198 -0.2528
vn -0.8590 -0.3180 -0.4013
vn -0.9192 -0.2463 -0.3073
vn -0.8311 0.1725 -0.5287
vn -0.8984 0.2316 -0.3731
vn -0.9098 0.3079 -0.2781
vn -0.1448 -0.9880 0.0546
vn -0.1523 -0.9871 0.0503
vn -0.7296 0.2450 -0.6385
vn -0.7037 0.2588 -0.6617
vn -0.6882 0.2121 -0.6939
vn -0.6977 0.2013 -0.6875
vn -0.7995 0.2312 -0.5544
vn -0.8588 0.1800 -0.4797
vn -0.9643 0.1017 -0.2443
vn -0.9746 0.0189 -0.2231
vn -0.9995 -0.0000 0.0328
vn -0.1784 -0.9799 0.0895
vn -0.2411 -0.9544 0.1760
vn -0.5018 -0.8390 -0.2103
vn -0.4626 -0.8316 -0.3073
vn -0.4235 -0.8291 -0.3649
vn -0.4060 -0.8089 -0.4251
vn -0.3354 -0.8219 -0.4604
vn -0.2677 -0.8485 -0.4565
vn 0.1430 -0.9848 0.0982
vn -0.3581 -0.8313 -0.4251
vn -0.3887 -0.8090 -0.4409
vn -0.3925 -0.8256 -0.4053
vn 0.0019 -0.9911 0.1329
vn -0.5297 -0.7515 -0.3933
vn 0.0037 -0.9928 0.1199
vn 0.8904 -0.1129 -0.4409
vn 0.8784 -0.0755 -0.4720
vn 0.8701 -0.1129 -0.4797
vn 0.1373 -0.9861 0.0938
vn 0.8703 -0.0377 -0.4911
vn 0.8753 -0.0000 -0.4835
vn 0.8667 -0.0075 -0.4987
vn 0.8667 -0.0076 -0.4987
vn 0.1448 -0.9854 0.0894
vn 0.6195 0.7821 0.0677
vn 0.8089 0.5737 0.1285
vn 0.6211 0.7824 0.0459
vn 0.1373 -0.9869 0.0851
vn 0.8452 0.5301 0.0677
vn 0.9103 0.4103 0.0546
vn 0.8842 0.4234 0.1975
vn 0.8835 0.4165 0.2146
vn 0.9680 0.2392 -0.0764
vn 0.8991 0.4378 0.0022
vn 0.1392 -0.9876 0.0721
vn 0.9190 0.3756 -0.1199
vn 0.9782 0.1727 -0.1155
vn 0.1335 -0.9890 0.0633
vn 0.1635 -0.9850 0.0546
vn 0.1486 -0.9876 0.0503
vn 0.9960 0.0076 -0.0895
vn 0.1840 -0.9806 0.0677
vn 0.1111 -0.9871 0.1155
vn 0.9245 -0.0000 -0.3812
vn 0.8835 -0.0151 -0.4681
vn 0.7668 0.0075 -0.6419
vn 0.1335 -0.9796 0.1502
vn 0.1485 -0.9874 0.0546
vn 0.8549 0.3950 0.3363
vn 0.7422 0.4118 0.5287
vn 0.7435 0.4851 0.4604
vn 0.6901 0.5769 0.4370
vn 0.7131 0.5218 0.4681
vn 0.6707 0.6547 0.3486
vn 0.7061 0.5279 0.4720
vn 0.7501 0.5375 0.3852
vn 0.8076 0.5476 0.2189
vn 0.8272 0.5292 0.1889
vn 0.8349 0.5488 0.0415
vn 0.1317 -0.9887 0.0720
vn 0.6271 0.6724 0.3932
vn 0.1318 -0.9890 0.0677
vn 0.1820 -0.9792 0.0895
vn 0.8327 0.5490 -0.0720
vn 0.2374 -0.9553 0.1761
vn 0.8255 0.5550 -0.1025
vn 0.7976 0.5795 -0.1674
vn 0.7768 0.5839 -0.2359
vn 0.2006 -0.9587 0.2018
vn 0.7258 0.6364 -0.2613
vn 0.7119 0.7013 -0.0371
vn 0.1634 -0.9798 0.1155
vn 0.4989 0.7861 -0.3649
vn 0.5101 0.5981 -0.6181
vn 0.3414 0.7870 -0.5138
vn 0.0265 0.6227 -0.7820
vn 0.0415 0.8907 -0.4526
vn -0.3173 0.8203 -0.4758
vn 0.1148 -0.9890 0.0938
vn 0.1392 -0.9873 0.0764
vn 0.1149 0.9893 -0.0894
vn 0.1055 0.9795 -0.1717
vn 0.1430 0.9897 0.0022
vn -0.0528 0.9986 0.0022
vn 0.0472 0.9664 0.2528
vn -0.2719 0.9444 0.1846
vn -0.3024 0.9235 0.2359
vn -0.3484 0.8990 0.2655
vn -0.4017 0.8566 0.3239
vn -0.4370 0.8274 0.3527
vn -0.4640 0.7835 0.4133
vn 0.3445 0.8749 0.3404
vn 0.1445 0.8340 0.5324
vn 0.0095 0.8273 0.5617
vn -0.0547 0.8131 0.5796
vn -0.1054 0.8003 0.5902
vn -0.1369 0.7741 0.6181
vn 0.1653 -0.9712 0.1717
vn 0.2242 -0.9340 0.2781
vn -0.2374 0.9673 -0.0895
vn -0.3277 0.9427 -0.0633
vn -0.3580 0.9309 -0.0720
vn -0.4051 0.9127 -0.0546
vn -0.4170 0.9081 -0.0371
vn -0.4309 0.9023 -0.0153
vn -0.4445 0.8956 0.0197
vn -0.4306 0.9016 0.0415
vn -0.4273 0.9009 0.0764
vn -0.4084 0.9084 0.0894
vn -0.4236 0.8995 0.1068
vn 0.3878 -0.7848 0.4835
vn -0.5520 0.6508 -0.5213
vn -0.7868 0.5007 -0.3609
vn 0.5059 -0.8260 0.2486
vn 0.2243 -0.9340 0.2781
vn -0.6253 0.7080 -0.3281
vn -0.6647 0.7075 -0.2401
vn -0.7382 0.6501 -0.1803
vn 0.2263 -0.9650 0.1329
vn 0.2190 -0.9666 0.1329
vn -0.8032 0.5798 -0.1372
vn -0.8751 0.4813 -0.0502
vn -0.9116 0.4103 0.0240
vn -0.9346 0.3509 -0.0589
vn -0.9668 0.2539 -0.0284
vn -0.9836 0.1653 -0.0720
vn -0.9908 -0.0264 -0.1329
vn -0.9308 -0.0189 -0.3650
vn -0.8992 -0.0227 -0.4369
vn -0.7668 0.0076 -0.6418
vn 0.2337 -0.9682 0.0894
vn -0.9377 0.3475 0.0022
vn -0.9377 0.3476 0.0022
vn -0.9049 0.3855 0.1803
vn -0.9005 0.4097 0.1458
vn -0.8484 0.5269 0.0502
vn -0.9114 0.4102 0.0328
vn -0.8111 0.5706 0.1286
vn -0.8549 0.3950 0.3363
vn -0.7440 0.4085 0.5287
vn -0.7455 0.4820 0.4604
vn -0.6925 0.5740 0.4370
vn -0.7131 0.5218 0.4681
vn -0.6707 0.6547 0.3486
vn -0.7061 0.5279 0.4720
vn -0.7501 0.5375 0.3852
vn -0.8076 0.5476 0.2189
vn -0.8252 0.5323 0.1889
vn -0.8349 0.5488 0.0415
vn -0.9377 0.3475 0.0021
vn -0.6182 0.7847 0.0459
vn -0.6195 0.7821 0.0677
vn -0.6271 0.6724 0.3932
vn 0.9377 0.3475 0.0022
vn 0.9377 0.3476 0.0022
vn 0.5266 -0.7537 -0.3933
vn 0.4094 -0.8072 -0.4251
vn 0.4627 -0.8316 -0.3073
vn 0.4269 -0.8274 -0.3649
vn 0.4986 -0.8409 -0.2103
vn 0.6437 -0.7223 -0.2528
vn 0.8590 -0.3180 -0.4013
vn 0.6292 -0.7665 -0.1285
vn 0.5476 -0.8352 -0.0503
vn 0.4223 -0.9048 0.0546
vn 0.2610 -0.9449 0.1975
vn 0.5566 -0.8207 -0.1285
vn 0.9376 0.3476 0.0022
vn 0.5103 -0.8435 -0.1675
vn 0.6641 -0.7256 -0.1802
vn 0.9192 -0.2463 -0.3073
vn 0.8311 0.1725 -0.5287
vn 0.7296 0.2450 -0.6385
vn 0.7037 0.2588 -0.6617
vn 0.6871 0.2157 -0.6938
vn 0.6977 0.2013 -0.6876
vn 0.7995 0.2312 -0.5544
vn 0.8588 0.1800 -0.4797
vn 0.9639 0.1055 -0.2443
vn 0.9747 0.0151 -0.2231
vn 0.9995 -0.0000 0.0328
vn 0.5433 -0.8127 -0.2103
vn 0.7552 -0.6326 -0.1717
vn 0.4603 -0.7771 0.4291
vn 0.5092 -0.6489 0.5653
vn 0.6243 -0.3401 0.7032
vn 0.9652 -0.1130 -0.2359
vn 0.8970 0.2169 -0.3852
vn 0.4172 -0.9035 0.0981
vn 0.4172 -0.9035 -0.0981
vn 0.4593 -0.7778 -0.4291
vn 0.5084 -0.6496 -0.5653
vn 0.9165 0.2609 -0.3032
vn 0.8961 -0.4309 -0.1068
vn 0.6276 -0.3340 -0.7032
vn 0.6933 -0.1575 -0.7032
vn 0.8097 0.1577 -0.5653
vn 0.8580 0.2823 -0.4291
vn 0.5615 -0.7992 -0.2146
vn 0.7147 -0.6840 -0.1458
vn 0.5606 -0.8101 -0.1718
vn 0.9035 0.4171 -0.0981
vn 0.5890 -0.7992 -0.1198
vn 0.8258 -0.5617 0.0502
vn 0.6341 -0.7727 0.0284
vn 0.9035 0.4171 0.0981
vn 0.8581 0.2820 0.4291
vn 0.8097 0.1575 0.5653
vn 0.6934 -0.1572 0.7032
vn 0.9704 -0.2391 -0.0328
vn 0.9887 -0.1205 -0.0895
vn 0.9934 -0.1130 -0.0197
vn 0.9868 -0.0980 0.1285
vn 0.9237 -0.2169 0.3157
vn 0.7313 -0.6300 0.2613
vn 0.6826 -0.5006 0.5324
vn 0.5951 -0.7031 0.3893
vn 0.4603 -0.7772 0.4291
vn 0.5546 -0.6039 0.5725
vn 0.5092 -0.6490 0.5653
vn 0.5804 -0.4925 0.6485
vn 0.6592 -0.3748 0.6518
vn 0.8103 -0.2526 0.5287
vn 0.7448 -0.1940 0.6385
vn 0.8422 -0.1053 0.5287
vn 0.7804 -0.0678 0.6215
vn 0.8763 -0.0452 0.4797
vn 0.9479 -0.1203 0.2949
vn 0.9035 0.4172 0.0981
vn 0.6334 -0.7493 0.1932
vn 0.6933 -0.1574 -0.7032
vn 0.9675 -0.0076 0.2529
vn 0.9881 -0.0904 0.1242
vn 0.9549 0.2900 0.0633
vn 0.9995 -0.0302 0.0109
vn 0.8217 0.5681 -0.0459
vn -0.9035 0.4172 -0.0981
vn -0.8581 0.2820 0.4291
vn -0.9035 0.4172 0.0981
vn -0.8568 0.2859 -0.4291
vn -0.8097 0.1577 -0.5653
vn 0.9764 -0.1875 0.1068
vn -0.6941 -0.1538 -0.7032
vn -0.6258 -0.3373 -0.7032
vn -0.5084 -0.6496 -0.5653
vn -0.4625 -0.7759 -0.4291
vn 0.5490 -0.8352 0.0328
vn -0.4172 -0.9035 -0.0981
vn 0.4829 -0.8742 -0.0502
vn 0.4461 -0.8909 -0.0851
vn 0.4511 -0.8871 -0.0981
vn -0.4172 -0.9035 0.0981
vn -0.4603 -0.7772 0.4291
vn -0.5122 -0.6466 0.5653
vn -0.6243 -0.3401 0.7032
vn 0.7370 0.6743 0.0459
vn -0.6934 -0.1572 0.7032
vn 0.6230 0.7708 0.1329
vn 0.5486 0.7969 0.2529
vn 0.4740 0.8236 0.3115
vn 0.4428 0.7998 0.4053
vn -0.8104 0.1538 0.5653
vn -0.4171 -0.9035 0.0981
vn -0.4171 -0.9035 -0.0981
vn 0.3354 -0.8219 -0.4604
vn 0.2677 -0.8485 -0.4565
vn 0.3546 -0.8328 -0.4251
vn 0.3921 -0.8074 -0.4409
vn 0.3959 -0.8240 -0.4052
vn 0.7498 -0.6445 0.1502
vn 0.6932 -0.7172 0.0721
vn 0.7307 -0.6547 0.1932
vn 0.6166 -0.7870 0.0197
vn 0.4591 -0.8631 -0.2103
vn -0.1486 -0.9372 -0.3157
vn 0.2556 -0.9331 -0.2529
vn -0.0924 -0.9900 -0.1068
vn -0.4906 -0.8598 -0.1415
vn -0.6819 -0.6832 -0.2612
vn -0.7434 -0.6687 -0.0153
vn -0.6941 -0.1537 -0.7032
vn -0.4375 -0.8986 0.0328
vn -0.5809 -0.6462 -0.4949
vn 0.8474 -0.5299 0.0328
vn 0.7564 -0.4796 -0.4448
vn -0.4871 -0.6030 -0.6318
vn -0.4244 -0.5892 -0.6875
vn -0.2846 -0.5231 -0.8033
vn -0.2361 -0.4996 -0.8334
vn -0.1066 -0.4379 -0.8927
vn 0.7332 -0.4582 0.5025
vn -0.3756 -0.9266 -0.0196
vn -0.3338 -0.8393 -0.4291
vn -0.3756 -0.9266 -0.0197
vn -0.3493 -0.8505 0.3933
vn -0.2756 0.9558 -0.1025
vn -0.3981 0.9106 -0.1112
vn -0.6010 -0.7952 0.0807
vn -0.1485 0.9845 -0.0938
vn -0.5083 -0.8402 0.1889
vn -0.8673 0.4978 0.0022
vn -0.5171 -0.8252 0.2274
vn -0.3892 -0.9149 0.1068
vn -0.2375 -0.9677 -0.0851
vn -0.4911 -0.8708 -0.0240
vn 0.8673 0.4978 0.0022
vn -0.4256 -0.8931 -0.1458
vn -0.2447 -0.9510 -0.1889
vn -0.2900 -0.9170 -0.2739
vn -0.5538 -0.8034 -0.2189
vn -0.6277 -0.7318 -0.2655
vn -0.5860 -0.7391 -0.3322
vn -0.0000 -1.0000 0.0022
vn -0.7864 -0.5881 -0.1889
vn -0.7720 -0.6187 -0.1459
vn -0.7042 -0.7068 -0.0677
vn -0.8474 -0.5299 0.0328
vn -0.7544 -0.4828 -0.4448
vn -0.5986 -0.8007 0.0240
vn -0.5427 -0.8143 0.2060
vn -0.4154 -0.8452 0.3363
vn -0.4895 -0.7975 0.3527
vn -0.7332 -0.4581 0.5025
vn -0.4349 -0.6980 0.5689
vn 0.3756 -0.9266 -0.0196
vn 0.3374 -0.8379 -0.4291
vn 0.3756 -0.9266 -0.0197
vn -0.3632 -0.7747 0.5176
vn 0.3492 -0.8505 0.3933
vn -0.0415 -0.9185 0.3932
vn 0.2757 0.9558 -0.1025
vn 0.3946 0.9121 -0.1112
vn 0.2756 0.9558 -0.1025
vn -0.1406 -0.8001 0.5832
vn -0.1985 -0.6330 0.7483
vn 0.1448 0.9850 -0.0938
vn -0.3881 -0.5617 0.7306
vn -0.5100 -0.4727 0.7186
vn -0.4549 -0.4456 0.7710
vn -0.5722 -0.3840 0.7246
vn -0.5496 -0.2384 0.8007
vn -0.6242 -0.2147 0.7512
vn -0.6220 -0.1199 0.7738
vn -0.5592 -0.1307 0.8187
vn -0.3880 -0.1785 0.9042
vn -0.3450 -0.3250 0.8806
vn -0.2047 -0.1914 0.9599
vn -0.1879 -0.3105 0.9318
vn -0.0446 -0.1858 0.9816
vn 0.0038 -0.3710 0.9286
vn 0.1566 -0.1792 0.9713
vn 0.2040 -0.3708 0.9060
vn 0.3299 -0.1869 0.9253
vn 0.3804 -0.3312 0.8635
vn 0.5153 -0.1413 0.8453
vn 0.5564 -0.2488 0.7928
vn 0.6199 -0.1125 0.7766
vn 0.6242 -0.2147 0.7512
vn 0.5722 -0.3840 0.7246
vn 0.4435 -0.4475 0.7765
vn 0.5100 -0.4727 0.7186
vn 0.3803 -0.5632 0.7336
vn 0.4290 -0.6777 0.5973
vn 0.2653 0.5677 -0.7793
vn 0.1550 0.5603 -0.8136
vn 0.1550 0.5894 -0.7928
vn 0.2606 0.5921 -0.7626
vn 0.4436 0.5476 -0.7094
vn 0.4509 0.5377 -0.7125
vn 0.5480 0.5748 -0.6077
vn 0.5827 0.5907 -0.5581
vn 0.7041 0.6401 -0.3074
vn 0.7303 0.6182 -0.2907
vn 0.6418 0.6631 -0.3852
vn 0.5153 0.6566 -0.5508
vn 0.1955 0.4893 -0.8499
vn -0.5947 0.7543 0.2781
vn -0.7673 0.5929 -0.2444
vn -0.6360 0.7560 0.1545
vn 0.2299 -0.4985 0.8358
vn 0.0244 -0.5374 0.8430
vn -0.2317 -0.5017 0.8334
vn -0.5265 0.7362 0.4251
vn -0.5544 0.7246 0.4093
vn -0.5664 0.7154 0.4093
vn -0.5491 0.7353 0.3973
vn 0.0151 -0.6434 0.7654
vn 0.2310 -0.6425 0.7306
vn 0.3108 -0.7614 0.5689
vn 0.4783 -0.7706 0.4212
vn 0.5552 -0.7307 0.3972
vn -0.4425 0.7161 0.5398
vn 0.6565 -0.7179 0.2316
vn -0.4606 0.6873 0.5617
vn 0.5026 -0.8353 0.2231
vn -0.2764 0.7092 0.6486
vn 0.2911 -0.8860 0.3609
vn 0.1371 -0.8353 0.5324
vn -0.2797 0.7049 0.6519
vn -0.1735 0.7020 0.6907
vn -0.1609 0.7293 0.6650
vn 0.2764 0.7092 0.6485
vn 0.1609 0.7293 0.6650
vn 0.1698 0.7029 0.6907
vn 0.2797 0.7049 0.6519
vn 0.4253 0.7039 0.5689
vn 0.4682 0.7080 0.5287
vn 0.5429 0.7171 0.4370
vn 0.5751 0.7281 0.3731
vn 0.5265 0.7362 0.4251
vn 0.1781 -0.9475 0.2655
vn 0.5544 0.7246 0.4093
vn 0.2425 -0.9319 0.2697
vn 0.2558 -0.9582 0.1286
vn 0.5677 -0.8174 0.0982
vn 0.5947 0.7543 0.2781
vn 0.7665 -0.6399 0.0546
vn 0.6793 -0.7327 -0.0415
vn 0.8619 -0.5042 -0.0546
vn 0.7610 -0.6331 -0.1415
vn 0.8956 -0.4307 -0.1112
vn 0.7238 -0.6238 -0.2949
vn 0.9050 -0.3963 -0.1545
vn 0.6360 0.7560 0.1545
vn 0.7068 -0.5854 -0.3973
vn 0.7650 0.5959 -0.2444
vn 0.3696 -0.7911 -0.4873
vn -0.2619 0.5693 -0.7793
vn -0.1587 0.5884 -0.7928
vn -0.1587 0.5593 -0.8136
vn 0.4158 -0.8559 -0.3074
vn -0.2606 0.5921 -0.7626
vn 0.3543 -0.9244 -0.1415
vn 0.2830 -0.9589 0.0197
vn 0.1430 -0.9897 0.0109
vn -0.4199 0.5464 -0.7246
vn 0.3208 -0.9384 0.1285
vn 0.2828 -0.9437 0.1717
vn -0.4669 0.5482 -0.6939
vn -0.5632 0.5819 -0.5867
vn -0.5609 0.5876 -0.5832
vn -0.7041 0.6401 -0.3074
vn 0.1709 -0.9694 -0.1760
vn -0.7303 0.6182 -0.2907
vn 0.2077 -0.9026 -0.3771
vn -0.6418 0.6631 -0.3852
vn -0.5153 0.6566 -0.5508
vn -0.1955 0.4893 -0.8499
vn 0.0321 -0.9955 0.0894
vn -0.1708 -0.9566 0.2359
vn -0.2318 -0.9478 -0.2189
vn 0.6353 -0.7499 0.1846
vn 0.3188 -0.9372 0.1415
vn 0.7341 -0.6367 0.2359
vn 0.3004 -0.8708 -0.3892
vn 0.4135 -0.8973 0.1545
vn -0.0000 -0.9228 0.3852
vn 0.0867 -0.9936 0.0720
vn 0.0019 -0.9905 0.1372
vn 0.1709 -0.9840 0.0502
vn 0.2975 -0.9547 -0.0022
vn 0.2864 -0.9449 -0.1588
vn 0.6401 -0.7681 0.0197
vn 0.7225 -0.6904 0.0371
vn 0.7492 -0.6506 0.1242
vn 0.7772 -0.6160 0.1285
vn 0.7880 -0.5912 0.1718
vn 0.8014 -0.5860 0.1199
vn -0.0283 -0.9956 0.0894
vn 0.2318 -0.9478 -0.2189
vn 0.1745 -0.9560 0.2359
vn 0.5286 -0.8476 0.0459
vn 0.4562 -0.8882 0.0546
vn -0.3004 -0.8708 -0.3892
vn -0.4135 -0.8973 0.1545
vn -0.1985 -0.8793 -0.4330
vn -0.1540 -0.8154 -0.5581
vn -0.1371 -0.7459 -0.6518
vn -0.0283 -0.6362 -0.7710
vn 0.0076 -0.5778 -0.8161
vn 0.1379 -0.4734 -0.8700
vn -0.1355 -0.9904 -0.0284
vn 0.3791 -0.9226 0.0720
vn -0.0449 -0.9842 -0.1715
vn 0.4241 -0.9056 0.0065
vn 0.0283 -0.9498 -0.3115
vn 0.4545 -0.8878 -0.0720
vn 0.1316 -0.8385 -0.5287
vn 0.2200 -0.7603 -0.6112
vn 0.2324 -0.7395 -0.6317
vn 0.2874 -0.6987 -0.6552
vn 0.7416 -0.6124 0.2739
vn 0.7092 -0.6345 0.3073
vn 0.6588 -0.6709 0.3404
vn 0.6535 -0.6761 0.3404
vn 0.6212 -0.6891 0.3731
vn 0.1535 0.6386 -0.7541
vn 0.1481 0.6365 -0.7569
vn 0.1535 0.6386 -0.7540
vn 0.1516 0.6424 -0.7512
vn 0.4909 0.7347 0.4682
vn -0.1089 0.6804 0.7247
vn 0.3493 0.7581 0.5508
vn 0.4810 0.7601 0.4370
vn -0.7479 0.6626 -0.0415
vn -0.6953 0.7113 0.1025
vn -0.5955 0.7857 0.1674
vn 0.5096 0.7168 0.4758
vn -0.4663 0.8077 0.3609
vn -0.3007 0.7913 0.5324
vn -0.3366 0.7337 0.5903
vn 0.0151 0.8644 0.5025
vn -0.0433 0.7485 0.6618
vn -0.0753 0.7069 0.7032
vn -0.2166 0.8863 0.4093
vn 0.1406 0.7394 0.6585
vn 0.2580 0.8086 0.5287
vn -0.5185 0.8527 0.0633
vn -0.6281 0.7374 -0.2486
vn -0.4751 0.5724 -0.6683
vn -0.4654 0.5455 -0.6970
vn -0.5019 -0.8441 0.1889
vn -0.5270 -0.8223 0.2146
vn -0.4849 -0.8499 0.2061
vn -0.4812 0.6077 -0.6317
vn -0.5642 -0.7912 0.2359
vn -0.6244 -0.7510 0.2146
vn -0.6759 -0.6640 0.3198
vn -0.7224 -0.5193 0.4565
vn -0.7170 -0.4669 0.5176
vn -0.5806 0.6406 -0.5025
vn -0.7206 -0.4211 0.5508
vn -0.7247 -0.3669 0.5832
vn -0.7738 0.6033 -0.1932
vn -0.7507 0.6480 -0.1285
vn -0.6804 0.6284 0.3771
vn -0.7535 0.6575 -0.0022
vn -0.7373 0.6346 -0.2316
vn -0.7312 0.6431 -0.2274
vn 0.9208 -0.2171 -0.3239
vn 0.8446 -0.1947 -0.4988
vn 0.8115 -0.2239 -0.5398
vn 0.7135 -0.2302 -0.6617
vn 0.6876 -0.2516 -0.6811
vn 0.5400 -0.2900 -0.7901
vn 0.6040 -0.2221 -0.7654
vn -0.4818 0.8547 0.1932
vn 0.4024 -0.3344 -0.8522
vn 0.2465 -0.4572 -0.8545
vn -0.4853 0.8507 0.2018
vn 0.3496 0.8712 0.3445
vn 0.3585 0.8692 0.3404
vn 0.7667 0.6400 0.0502
vn 0.7479 0.6626 -0.0415
vn 0.5925 0.7880 0.1674
vn 0.6953 0.7113 0.1025
vn 0.7697 0.6338 0.0764
vn 0.4630 0.8095 0.3609
vn 0.3043 0.7899 0.5324
vn 0.3366 0.7337 0.5903
vn 0.6885 0.7046 0.1718
vn 0.0471 0.7482 0.6618
vn 0.0753 0.7070 0.7032
vn 0.6212 0.7358 0.2697
vn -0.1369 0.7401 0.6584
vn -0.2616 0.8075 0.5287
vn 0.3579 0.7029 0.6147
vn -0.3549 -0.8754 0.3281
vn -0.2170 -0.9462 0.2401
vn 0.1950 -0.9803 0.0328
vn -0.5802 -0.6947 0.4251
vn -0.5772 -0.6745 0.4604
vn 0.5051 -0.8421 0.1889
vn 0.4882 -0.8481 0.2061
vn 0.5238 -0.8243 0.2146
vn -0.0546 -0.9770 0.2060
vn -0.0075 -0.9893 0.1459
vn 0.1337 -0.9898 -0.0502
vn 0.5611 -0.7934 0.2359
vn 0.6273 -0.7486 0.2146
vn 0.6786 -0.6613 0.3198
vn 0.7202 -0.5224 0.4565
vn 0.7150 -0.4701 0.5176
vn -0.1521 -0.9323 0.3281
vn 0.7225 -0.4178 0.5508
vn 0.7230 -0.3703 0.5832
vn -0.1540 -0.9363 0.3157
vn -0.0283 -0.9807 0.1932
vn 0.0660 -0.9958 -0.0633
vn -0.0716 -0.9462 0.3156
vn -0.0754 -0.9486 0.3074
vn -0.9200 -0.2208 -0.3239
vn -0.8115 -0.2239 -0.5398
vn -0.8437 -0.1984 -0.4987
vn -0.7135 -0.2302 -0.6617
vn -0.6863 -0.2551 -0.6811
vn -0.5400 -0.2900 -0.7901
vn -0.6053 -0.2185 -0.7654
vn 0.5836 0.7353 0.3445
vn 0.0902 0.7236 0.6843
vn 0.4750 0.7748 0.4172
vn -0.4047 -0.3315 -0.8522
vn -0.2465 -0.4572 -0.8545
vn 0.7060 0.6647 0.2444
vn 0.7032 0.6578 0.2697
vn 0.6512 0.6698 0.3568
vn 0.6601 0.6588 0.3609
vn -0.9444 -0.0227 -0.3281
vn -0.9282 -0.0905 -0.3609
vn -0.9006 -0.0377 -0.4330
vn -0.8936 -0.1318 -0.4291
vn -0.9287 -0.2134 -0.3032
vn -0.2925 0.5619 -0.7738
vn -0.7793 0.5364 -0.3239
vn -0.4501 0.5886 -0.6715
vn -0.9506 -0.1913 -0.2444
vn -0.8861 -0.1652 -0.4330
vn -0.2624 0.5802 -0.7710
vn -0.9691 -0.1355 -0.2061
vn -0.2680 0.5397 -0.7981
vn -0.9921 -0.1168 0.0459
vn -0.9890 -0.1429 0.0371
vn -0.9591 -0.0528 0.2781
vn -0.9625 -0.0302 0.2697
vn -0.5457 0.7543 -0.3649
vn -0.8635 -0.0753 0.4988
vn -0.8656 -0.0453 0.4987
vn -0.7270 -0.1089 0.6780
vn -0.5443 0.8371 -0.0546
vn -0.5242 0.8274 0.2018
vn -0.5237 0.8266 0.2061
vn -0.0245 -0.9833 0.1803
vn -0.5200 -0.8503 0.0807
vn -0.0226 -0.9945 -0.1025
vn -0.8248 -0.0905 -0.5581
vn -0.2860 -0.6609 0.6939
vn 0.3551 -0.7907 0.4987
vn 0.2683 -0.9625 -0.0415
vn -0.9519 0.0415 0.3034
vn -0.9958 0.0792 0.0459
vn -0.9850 0.0566 -0.1631
vn 0.0018 -0.9905 0.1372
vn -0.9400 -0.0226 -0.3404
vn -0.8922 -0.1912 -0.4093
vn -0.8707 -0.0264 -0.4912
vn -0.8263 -0.1726 -0.5361
vn -0.7317 -0.0264 -0.6812
vn -0.6847 -0.1538 -0.7125
vn -0.5668 -0.0189 -0.8237
vn -0.5681 -0.1238 -0.8136
vn -0.4921 0.0302 -0.8700
vn -0.5249 0.0453 -0.8499
vn -0.3781 0.2728 -0.8847
vn -0.3479 0.3385 -0.8743
vn -0.4560 0.2328 -0.8590
vn -0.6171 0.2434 -0.7483
vn -0.8029 0.2529 -0.5398
vn -0.9010 0.2789 -0.3322
vn -0.9546 0.2574 -0.1502
vn -0.0358 -0.9852 0.1674
vn -0.4813 -0.8739 -0.0677
vn 0.0472 -0.9953 -0.0851
vn -0.9448 0.3260 0.0328
vn -0.4701 -0.6837 0.5581
vn -0.8455 0.5136 -0.1458
vn -0.7740 0.5231 -0.3568
vn -0.6700 0.4812 -0.5653
vn -0.4743 0.4249 -0.7710
vn -0.2986 0.4065 -0.8635
vn 0.2107 -0.7950 0.5689
vn 0.3173 -0.9472 0.0459
vn -0.3343 0.5538 -0.7626
vn -0.4935 0.6188 -0.6112
vn -0.5330 0.7471 -0.3973
vn -0.6186 0.7558 -0.2146
vn -0.6518 0.7584 -0.0022
vn -0.0321 -0.9933 0.1112
vn -0.8606 0.5041 0.0720
vn -0.9224 0.2680 0.2781
vn -0.8804 0.0453 0.4720
vn -0.7450 -0.0528 0.6650
vn -0.5647 -0.0826 0.8212
vn -0.5535 -0.1233 0.8236
vn -0.4133 -0.1478 0.8985
vn -0.3585 -0.0783 0.9302
vn -0.2229 -0.1898 0.9562
vn -0.1673 -0.0830 0.9824
vn -0.0994 -0.2021 0.9743
vn -0.0434 -0.9950 0.0894
vn -0.0802 -0.0802 0.9936
vn -0.0805 0.1444 0.9862
vn -0.1985 0.1313 0.9713
vn -0.4143 0.0860 0.9060
vn -0.6034 0.0565 0.7955
vn -0.7734 0.0527 0.6317
vn -0.8487 0.2056 0.4873
vn 0.0377 -0.9986 0.0371
vn -0.0509 -0.9846 0.1675
vn -0.4100 -0.9010 -0.1415
vn 0.2173 -0.9664 -0.1372
vn -0.5836 -0.6662 0.4643
vn 0.0603 -0.7998 0.5973
vn -0.7183 0.1938 0.6682
vn 0.3806 -0.9226 0.0633
vn -0.5617 0.2454 0.7901
vn -0.3261 0.3168 0.8907
vn -0.1132 0.3995 0.9097
vn -0.0692 0.4094 0.9097
vn -0.0132 0.6197 0.7847
vn -0.0584 0.6706 0.7395
vn 0.0245 0.8507 0.5250
vn 0.0434 -0.9929 0.1112
vn -0.0227 -0.9945 0.1025
vn -0.2479 0.6047 0.7569
vn -0.4779 0.5138 0.7125
vn -0.6950 0.3730 0.6147
vn -0.7832 0.4537 0.4252
vn -0.8234 0.5218 0.2231
vn -0.6223 0.7423 0.2486
vn -0.5557 0.6623 0.5025
vn -0.6271 0.6137 -0.4796
vn -0.7750 0.6284 0.0677
vn -0.6832 0.6565 -0.3198
vn -0.3112 0.7796 0.5435
vn -0.6098 0.5937 -0.5250
vn -0.6281 0.5533 -0.5471
vn -0.6354 0.7648 -0.1068
vn -0.4956 0.8583 0.1329
vn -0.3379 0.8910 0.3032
vn -0.3464 0.8709 0.3486
vn -0.3544 0.9345 0.0328
vn -0.3452 0.9136 -0.2146
vn -0.3496 0.8712 0.3445
vn -0.2787 0.8725 -0.4013
vn -0.3057 0.7554 -0.5796
vn -0.0942 0.8244 -0.5581
vn -0.1073 0.6447 -0.7569
vn 0.0378 0.8265 -0.5617
vn 0.0038 0.6954 -0.7186
vn -0.4909 0.7347 0.4682
vn -0.3527 0.7565 0.5508
vn 0.1089 0.6805 0.7246
vn -0.4841 0.7581 0.4370
vn -0.5096 0.7168 0.4758
vn -0.0150 0.8644 0.5025
vn 0.2166 0.8863 0.4093
vn 0.5217 0.8508 0.0633
vn 0.6281 0.7374 -0.2486
vn 0.4722 0.5748 -0.6683
vn -0.0264 0.9102 -0.4132
vn 0.4654 0.5455 -0.6970
vn -0.0642 0.9665 -0.2486
vn -0.0754 0.9967 -0.0284
vn -0.0923 0.9597 0.2655
vn -0.1221 0.8400 0.5287
vn 0.4842 0.6054 -0.6317
vn 0.5777 0.6432 -0.5025
vn 0.7738 0.6033 -0.1932
vn 0.0754 0.9774 0.1975
vn 0.0924 0.9924 -0.0808
vn 0.0886 0.9565 -0.2781
vn 0.0792 0.9125 -0.4013
vn 0.7478 0.6505 -0.1328
vn 0.6778 0.6311 0.3771
vn 0.7535 0.6574 0.0065
vn 0.7284 0.6243 -0.2823
vn 0.7352 0.6498 -0.1932
vn 0.4786 0.8565 0.1932
vn -0.1503 0.4454 -0.8826
vn -0.0770 0.4441 -0.8927
vn 0.4820 0.8526 0.2018
vn -0.0396 0.4684 -0.8826
vn -0.0377 0.5181 -0.8545
vn -0.1718 0.4581 -0.8721
vn -0.3551 0.8707 0.3404
vn -0.7643 0.6429 0.0502
vn -0.7697 0.6338 0.0764
vn -0.6885 0.7046 0.1718
vn -0.6212 0.7358 0.2697
vn -0.3613 0.7012 0.6147
vn -0.5836 0.7353 0.3445
vn -0.4717 0.7768 0.4172
vn -0.0902 0.7236 0.6843
vn -0.7086 0.6619 0.2444
vn -0.7032 0.6579 0.2697
vn -0.6512 0.6698 0.3568
vn 0.9444 -0.0227 -0.3281
vn 0.9006 -0.0377 -0.4330
vn 0.9282 -0.0905 -0.3609
vn 0.8930 -0.1355 -0.4291
vn 0.8248 -0.0905 -0.5581
vn -0.6574 0.6615 0.3609
vn 0.8861 -0.1652 -0.4330
vn 0.9499 -0.1950 -0.2444
vn 0.9691 -0.1355 -0.2061
vn 0.2958 0.5602 -0.7738
vn 0.4501 0.5886 -0.6715
vn 0.7815 0.5332 -0.3239
vn 0.9925 -0.1131 0.0459
vn 0.9832 -0.1727 0.0590
vn 0.9587 -0.0904 0.2697
vn 0.9579 -0.1279 0.2571
vn 0.2589 0.5818 -0.7710
vn 0.8743 -0.1129 0.4720
vn 0.8656 -0.0452 0.4987
vn 0.7264 -0.1126 0.6780
vn 0.2713 0.5380 -0.7981
vn 0.5488 0.7521 -0.3649
vn 0.5411 0.8392 -0.0546
vn 0.5210 0.8294 0.2018
vn 0.9296 -0.2097 -0.3032
vn 0.5269 0.8246 0.2061
vn 0.0038 -0.9776 0.2103
vn 0.0019 -0.9967 -0.0808
vn -0.0000 -0.9605 0.2781
vn -0.0019 -0.9785 0.2061
vn 0.9519 0.0453 0.3032
vn 0.9961 0.0755 0.0459
vn 0.9848 0.0604 -0.1631
vn 0.0471 -0.9848 0.1674
vn -0.2173 -0.9664 -0.1372
vn 0.4100 -0.9010 -0.1415
vn 0.9400 -0.0227 -0.3404
vn 0.5836 -0.6662 0.4642
vn 0.8930 -0.1875 -0.4092
vn 0.8705 -0.0302 -0.4912
vn 0.8263 -0.1726 -0.5361
vn 0.7318 -0.0227 -0.6812
vn 0.6855 -0.1501 -0.7125
vn 0.5669 -0.0151 -0.8237
vn 0.5672 -0.1275 -0.8136
vn 0.4921 0.0302 -0.8700
vn 0.5249 0.0453 -0.8499
vn 0.3803 0.2697 -0.8847
vn 0.3453 0.3412 -0.8743
vn -0.0603 -0.7998 0.5973
vn -0.3771 -0.9240 0.0633
vn -0.0377 -0.9986 0.0371
vn 0.4560 0.2327 -0.8590
vn -0.0396 -0.9930 0.1112
vn 0.6172 0.2434 -0.7483
vn 0.8029 0.2529 -0.5398
vn 0.8999 0.2825 -0.3322
vn 0.9555 0.2538 -0.1502
vn 0.0208 -0.9834 0.1804
vn -0.3551 -0.7907 0.4987
vn -0.2683 -0.9625 -0.0415
vn 0.2860 -0.6609 0.6939
vn 0.9448 0.3260 0.0328
vn 0.5200 -0.8503 0.0807
vn 0.8436 0.5168 -0.1459
vn 0.7761 0.5200 -0.3568
vn 0.6700 0.4812 -0.5653
vn 0.4769 0.4221 -0.7710
vn 0.2956 0.4087 -0.8635
vn 0.1683 0.4594 -0.8721
vn 0.1467 0.4466 -0.8826
vn 0.0378 0.5181 -0.8545
vn 0.0226 -0.9945 -0.1025
vn 0.0434 0.4681 -0.8826
vn 0.0807 0.4434 -0.8927
vn 0.0019 -0.9820 0.1889
vn -0.4723 -0.8230 0.3157
vn -0.1223 -0.9905 -0.0633
vn -0.0019 -0.6568 0.7541
vn 0.4722 -0.8230 0.3157
vn 0.1654 -0.9766 -0.1372
vn 0.1110 0.6440 -0.7569
vn 0.0037 0.6954 -0.7186
vn -0.0378 0.8265 -0.5617
vn 0.0942 0.8244 -0.5581
vn 0.0264 0.9102 -0.4132
vn 0.2787 0.8725 -0.4013
vn 0.0642 0.9665 -0.2486
vn -0.0849 0.9568 -0.2781
vn -0.0962 0.9921 -0.0807
vn 0.0022 -0.9905 0.1376
vn -0.0792 0.9125 -0.4013
vn 0.0321 -0.9854 0.1674
vn -0.0510 -0.9951 -0.0851
vn 0.4813 -0.8739 -0.0677
vn 0.4671 -0.6859 0.5581
vn -0.2144 -0.7940 0.5689
vn 0.3057 0.7554 -0.5796
vn 0.3343 0.5538 -0.7626
vn -0.3137 -0.9484 0.0459
vn 0.4935 0.6188 -0.6112
vn 0.5299 0.7493 -0.3973
vn 0.6215 0.7534 -0.2146
vn 0.0283 -0.9934 0.1112
vn 0.0584 -0.9768 0.2061
vn -0.1374 -0.9892 -0.0502
vn 0.0075 -0.9893 0.1458
vn 0.3488 0.9123 -0.2146
vn 0.0754 0.9967 -0.0284
vn 0.1037 -0.9586 0.2654
vn -0.0754 0.9774 0.1975
vn 0.0960 0.9593 0.2655
vn -0.0283 0.8506 0.5250
vn 0.0528 -0.9789 0.1975
vn 0.0396 -0.9952 0.0895
vn 0.0245 -0.9809 0.1932
vn -0.0698 -0.9956 -0.0633
vn 0.6517 0.7585 -0.0022
vn 0.8606 0.5041 0.0720
vn 0.9224 0.2680 0.2781
vn 0.0471 -0.9652 0.2571
vn 0.8804 0.0453 0.4720
vn 0.7450 -0.0528 0.6650
vn 0.5647 -0.0826 0.8212
vn 0.5527 -0.1270 0.8237
vn 0.0245 -0.9808 0.1932
vn 0.4133 -0.1478 0.8985
vn 0.3577 -0.0819 0.9302
vn 0.2204 -0.1926 0.9562
vn 0.1657 -0.0863 0.9824
vn 0.1027 -0.2004 0.9743
vn 0.0802 -0.0801 0.9936
vn 0.0837 0.1425 0.9862
vn 0.4135 0.0897 0.9061
vn 0.6037 0.0527 0.7955
vn 0.7734 0.0527 0.6317
vn 0.8478 0.2093 0.4873
vn 0.3544 0.9345 0.0327
vn 0.0227 -0.9945 0.1025
vn 0.3514 -0.8769 0.3281
vn -0.1950 -0.9803 0.0328
vn 0.2170 -0.9462 0.2401
vn 0.4086 -0.8435 0.3486
vn 0.7183 0.1938 0.6682
vn 0.2022 -0.9438 0.2613
vn 0.5602 0.2488 0.7901
vn 0.3235 0.3194 0.8907
vn 0.1096 0.4005 0.9097
vn 0.0655 0.4100 0.9097
vn 0.0094 0.6197 0.7847
vn 0.0546 0.6709 0.7395
vn 0.6271 0.6137 -0.4796
vn 0.6832 0.6565 -0.3198
vn 0.7750 0.6284 0.0677
vn 0.2444 0.6061 0.7569
vn 0.6098 0.5937 -0.5250
vn 0.4806 0.5112 0.7125
vn 0.6932 0.3763 0.6147
vn 0.6281 0.5533 -0.5471
vn 0.7832 0.4537 0.4252
vn 0.8234 0.5218 0.2232
vn 0.6383 0.7623 -0.1068
vn 0.6223 0.7423 0.2486
vn 0.4923 0.8602 0.1328
vn 0.3464 0.8709 0.3487
vn 0.3497 0.8712 0.3445
vn -0.1535 0.6386 -0.7541
vn -0.1479 0.6433 -0.7512
vn 0.5557 0.6623 0.5025
vn -0.1517 0.6356 -0.7569
vn 0.3144 0.7782 0.5437
vn 0.1184 0.8405 0.5287
vn 0.7430 0.6683 -0.0371
vn 0.7438 0.6624 -0.0895
vn 0.7383 0.6743 0.0153
vn 0.3344 0.8923 0.3032
vn 0.7353 0.6739 -0.0721
vn 0.7297 0.6670 -0.1502
vn 0.7016 0.6215 -0.3486
vn -0.7430 0.6683 -0.0371
vn -0.7463 0.6596 -0.0895
vn -0.7383 0.6743 0.0153
vn -0.7353 0.6739 -0.0721
vn -0.7272 0.6698 -0.1502
vn -0.4518 -0.6720 -0.5867
vn -0.7016 0.6215 -0.3486
vn 0.5643 0.8216 0.0808
vn 0.5831 0.7018 -0.4093
vn 0.6313 0.6380 -0.4409
vn 0.5248 0.8461 0.0938
vn 0.4741 0.7256 0.4987
vn -0.1865 -0.4687 -0.8635
vn 0.5470 0.7067 0.4487
vn 0.5850 0.6955 0.4172
vn 0.5716 0.6994 0.4291
vn 0.5360 0.7101 0.4565
vn 0.1832 -0.5443 0.8187
vn 0.1814 -0.8022 0.5689
vn 0.2179 -0.5876 0.7793
vn 0.2472 0.7657 -0.5938
vn 0.5305 0.7379 -0.4172
vn 0.5285 0.7371 -0.4212
vn 0.2072 -0.8134 0.5435
vn -0.1091 0.6963 -0.7094
vn 0.0942 -0.9828 0.1588
vn 0.0998 -0.9861 0.1329
vn -0.3622 0.5518 -0.7512
vn 0.0132 -0.9501 -0.3115
vn -0.0264 -0.7857 -0.6181
vn -0.0548 -0.5352 -0.8430
vn -0.0491 -0.5246 -0.8499
vn -0.3237 0.5405 -0.7765
vn -0.2209 0.5184 -0.8261
vn -0.1977 0.5082 -0.8382
vn -0.0828 0.4937 -0.8657
vn -0.7914 0.6104 -0.0328
vn -0.8051 0.5924 0.0284
vn -0.7872 0.6167 -0.0066
vn -0.8163 0.5707 0.0895
vn -0.9547 0.0941 0.2823
vn -0.8693 0.4366 0.2316
vn 0.5990 0.7840 -0.1631
vn 0.4044 0.6677 -0.6250
vn 0.4121 0.6533 -0.6351
vn -0.9392 -0.1016 0.3281
vn 0.5882 0.7929 -0.1588
vn -0.7514 -0.5627 0.3445
vn -0.6175 -0.5789 0.5324
vn -0.5175 -0.6161 0.5938
vn -0.3672 -0.4908 0.7901
vn 0.5990 0.6975 0.3933
vn 0.5579 0.7031 0.4409
vn 0.6162 0.7001 0.3609
vn 0.6528 0.6995 0.2907
vn -0.1318 0.8779 -0.4604
vn -0.0942 0.9496 -0.2990
vn 0.7734 0.6282 0.0851
vn -0.0754 0.9486 -0.3073
vn -0.6922 0.5589 -0.4565
vn -0.6647 0.5315 -0.5250
vn -0.6504 0.5490 -0.5250
vn -0.0566 0.9958 -0.0720
vn -0.1967 0.9784 0.0633
vn -0.4770 0.8564 0.1975
vn -0.4226 0.8626 0.2781
vn -0.8391 0.4961 0.2231
vn -0.8747 0.4607 0.1502
vn -0.6346 0.6119 -0.4720
vn -0.9389 0.2242 0.2613
vn -0.9264 -0.0753 0.3690
vn -0.8229 -0.4954 0.2781
vn -0.8095 -0.4783 0.3404
vn -0.5533 0.6281 -0.5472
vn -0.5566 -0.8284 -0.0633
vn -0.3685 -0.9093 -0.1932
vn -0.3323 -0.8812 -0.3363
vn -0.4127 0.5789 -0.7032
vn 0.7212 0.6665 0.1889
vn 0.7210 0.6783 0.1415
vn 0.7313 0.6672 0.1415
vn 0.6931 0.6811 0.2359
vn 0.7337 0.6617 0.1545
vn 0.3173 0.4065 -0.8568
vn 0.6990 0.5088 -0.5025
vn 0.5370 0.5851 -0.6078
vn 0.7540 0.6513 0.0851
vn 0.9918 0.1055 -0.0720
vn 0.9279 0.3332 -0.1674
vn 0.8197 0.5610 -0.1155
vn 0.9874 0.1579 0.0109
vn -0.7525 0.6046 -0.2613
vn -0.6996 0.6369 -0.3239
vn -0.7196 0.6142 -0.3239
vn 0.9730 -0.2024 0.1112
vn -0.7448 0.6288 -0.2231
vn 0.8874 -0.4578 0.0546
vn 0.8186 -0.5743 -0.0022
vn 0.7485 -0.6631 -0.0065
vn 0.7314 -0.6794 -0.0590
vn -0.7000 0.6426 -0.3115
vn -0.6383 0.6570 -0.4013
vn -0.5811 0.5784 -0.5725
vn -0.5643 0.8216 0.0808
vn -0.6286 0.6406 -0.4409
vn -0.5802 0.7042 -0.4093
vn -0.9790 0.1167 0.1674
vn -0.6721 0.7202 0.1717
vn -0.7864 0.6068 0.1155
vn -0.3822 0.9080 0.1717
vn -0.3714 0.8991 0.2316
vn 0.0094 0.9866 0.1631
vn 0.5567 0.8207 0.1285
vn 0.7200 0.6906 0.0677
vn -0.5280 0.8441 0.0938
vn 0.8771 0.4781 -0.0459
vn 0.8767 0.4779 -0.0546
vn -0.4741 0.7256 0.4987
vn 0.9313 0.2974 -0.2103
vn 0.9470 0.2391 -0.2146
vn 0.9460 0.2538 -0.2018
vn -0.5470 0.7067 0.4487
vn -0.5879 0.6931 0.4172
vn -0.5716 0.6994 0.4291
vn -0.5390 0.7079 0.4565
vn -0.9921 0.1168 -0.0459
vn -0.8225 -0.5678 -0.0328
vn -0.9122 -0.4034 -0.0720
vn -0.2436 0.7669 -0.5938
vn -0.5316 0.7349 -0.4212
vn -0.5305 0.7379 -0.4172
vn -0.4593 -0.8860 -0.0633
vn -0.3332 -0.9377 -0.0982
vn -0.0679 -0.9734 -0.2189
vn 0.0246 -0.9429 -0.3322
vn 0.4234 -0.7637 -0.4873
vn 0.5445 -0.6326 -0.5508
vn 0.8459 -0.2169 -0.4873
vn 0.1091 0.6963 -0.7094
vn 0.3590 0.5539 -0.7512
vn 0.3237 0.5405 -0.7765
vn 0.2209 0.5184 -0.8261
vn -0.6741 0.7381 -0.0284
vn -0.7137 0.6564 0.2444
vn -0.6560 0.7414 0.1415
vn -0.8316 0.3526 0.4291
vn -0.7291 0.4478 0.5176
vn 0.2012 0.5068 -0.8382
vn -0.8987 -0.0904 0.4291
vn -0.8231 -0.5551 0.1199
vn -0.6696 -0.7404 -0.0590
vn -0.4783 -0.8384 -0.2613
vn -0.4765 -0.8354 -0.2739
vn 0.0828 0.4937 -0.8657
vn -0.6020 0.7817 -0.1631
vn -0.4121 0.6533 -0.6351
vn -0.4012 0.6697 -0.6250
vn -0.5882 0.7929 -0.1588
vn -0.5990 0.6975 0.3933
vn 0.9936 -0.1130 -0.0022
vn 0.9916 -0.1129 -0.0633
vn 0.8849 -0.4578 -0.0851
vn 0.5575 -0.8149 -0.1588
vn 0.3137 -0.9408 -0.1285
vn -0.5609 0.7007 0.4409
vn 0.3542 -0.9192 -0.1717
vn 0.0132 -0.9892 -0.1459
vn -0.4117 -0.9040 -0.1155
vn -0.8363 -0.5460 -0.0502
vn -0.9404 -0.3369 0.0459
vn -0.9879 0.0151 0.1545
vn -0.9603 0.1615 0.2274
vn -0.9360 0.2756 0.2189
vn -0.9381 0.2719 0.2146
vn -0.6190 0.6976 0.3609
vn -0.6622 0.6889 0.2949
vn -0.7802 0.6191 0.0895
vn 0.6970 0.5530 -0.4565
vn 0.6503 0.5490 -0.5250
vn 0.6647 0.5315 -0.5250
vn 0.8487 -0.3250 -0.4172
vn 0.6652 -0.5001 -0.5544
vn 0.7273 -0.4715 -0.4987
vn 0.5574 -0.5694 -0.6043
vn 0.5336 -0.5428 -0.6486
vn 0.6951 0.5964 -0.4013
vn 0.6295 0.6201 -0.4682
vn 0.5450 0.6384 -0.5435
vn 0.4034 0.5854 -0.7032
vn -0.8610 0.3321 0.3852
vn -0.7405 0.4783 0.4720
vn -0.6748 0.5033 0.5398
vn -0.5590 0.5751 0.5973
vn -0.5295 0.5389 0.6552
vn -0.7186 0.6692 0.1890
vn -0.7313 0.6672 0.1415
vn -0.7210 0.6783 0.1415
vn -0.6958 0.6784 0.2359
vn -0.7337 0.6617 0.1545
vn -0.7516 0.6542 0.0851
vn 0.4600 0.6787 0.5725
vn 0.8324 0.5162 0.2018
vn 0.5227 0.6969 0.4911
vn 0.9423 0.3260 -0.0764
vn 0.8258 -0.2239 -0.5176
vn -0.8218 0.5579 -0.1155
vn 0.7501 0.6075 -0.2612
vn 0.7220 0.6114 -0.3239
vn 0.7022 0.6341 -0.3239
vn 0.7424 0.6317 -0.2231
vn 0.7025 0.6398 -0.3115
vn -0.7000 -0.7000 -0.1415
vn -0.9448 -0.1017 0.3115
vn -0.9415 -0.2972 0.1588
vn 0.6383 0.6570 -0.4013
vn -0.7589 0.3953 0.5175
vn -0.6152 0.5605 0.5544
vn -0.2695 0.8561 0.4409
vn 0.1541 0.9563 0.2486
vn 0.2225 0.9581 0.1803
vn 0.5811 0.5784 -0.5725
vn 0.4521 0.8761 0.1674
vn 0.5547 0.8199 0.1415
vn 0.5100 0.8154 0.2739
vn -0.0000 -0.0000 -1.0000
vn -0.0000 -0.0000 1.0000
vn -0.0170 0.9309 -0.3650
vn -0.0283 0.9241 -0.3812
vn -0.0472 0.9165 -0.3973
vn -0.4977 -0.1197 -0.8590
vn 0.4978 -0.1197 -0.8590
vn 0.4977 -0.1197 -0.8590
vn -0.7067 0.7067 0.0328
vn -0.6160 0.7811 0.1025
vn -0.5704 0.8120 0.1242
vn -0.6573 0.7533 0.0240
vn 0.3362 0.8931 0.2990
vn 0.5603 0.8270 0.0459
vn 0.3647 0.9126 0.1846
vn 0.8289 0.4829 -0.2823
vn 0.8156 0.4556 -0.3568
vn -0.9022 0.4309 0.0196
vn 0.9291 0.0603 -0.3649
vn 0.9363 -0.2391 -0.2571
vn 0.8270 -0.5160 -0.2231
vn 0.8700 -0.4710 -0.1459
vn -0.8996 0.4307 0.0720
vn 0.4456 -0.8750 -0.1889
vn 0.3820 -0.8827 -0.2739
vn -0.9879 0.1503 0.0371
vn 0.2080 -0.9672 -0.1458
vn 0.0151 -0.9992 -0.0371
vn -0.9765 -0.1504 -0.1545
vn -0.8127 -0.5121 -0.2781
vn -0.8152 -0.4656 -0.3445
vn -0.4982 -0.8026 -0.3281
vn 0.6793 -0.7327 0.0415
vn 0.6594 -0.7421 -0.1199
vn 0.7187 -0.6600 -0.2188
vn -0.3041 -0.9017 -0.3074
vn 0.8314 -0.3531 -0.4291
vn 0.7242 -0.4515 -0.5213
vn -0.3039 -0.8914 -0.3363
vn 0.8874 0.1056 -0.4487
vn 0.8158 0.5675 -0.1112
vn 0.6615 0.7483 0.0503
vn 0.4783 0.8410 0.2529
vn 0.4782 0.8460 0.2359
vn -0.8714 0.4125 0.2655
vn -0.9691 0.0716 0.2359
vn -0.9834 0.0792 0.1631
vn -0.5634 0.7852 0.2571
vn -0.2934 0.9080 0.2990
vn -0.3663 0.8955 0.2528
vn -0.5593 -0.0265 -0.8286
vn -0.4102 0.2215 -0.8847
vn -0.1974 0.1546 -0.9681
vn -0.0133 0.9663 0.2571
vn 0.0095 0.2421 -0.9702
vn 0.2506 0.0076 -0.9681
vn 0.4446 0.8580 0.2571
vn 0.8127 0.5541 0.1803
vn 0.8822 0.4505 0.1372
vn 0.9178 0.3756 0.1285
vn -0.0207 -0.9473 0.3198
vn -0.2746 -0.6110 0.7425
vn 0.9283 0.3472 0.1329
vn 0.7013 -0.3491 0.6216
vn 0.1349 0.0074 0.9908
vn 0.3767 0.6549 0.6551
vn -0.5194 0.3383 0.7847
vn 0.9330 0.3186 0.1674
vn -0.1110 0.9410 0.3198
vn 0.9359 0.2316 0.2655
vn 0.5323 -0.5069 -0.6780
vn 0.5227 -0.5294 -0.6683
vn 0.5323 -0.5070 -0.6779
vn 0.5420 -0.4833 -0.6875
vn -0.7695 0.5125 0.3812
vn -0.6306 0.5122 0.5832
vn -0.6676 0.5596 0.4912
vn -0.9471 0.3188 -0.0371
vn -0.8637 -0.0377 0.5025
vn -0.8989 0.4341 -0.0589
vn -0.9296 -0.0755 -0.3609
vn -0.7457 -0.5436 -0.3852
vn -0.5737 -0.7229 -0.3852
vn 0.9826 0.0453 0.1803
vn -0.0434 -0.9184 -0.3933
vn 0.3001 -0.8354 -0.4604
vn 0.6896 -0.5776 -0.4370
vn 0.7121 -0.4903 -0.5025
vn 0.1748 -0.0658 0.9824
vn 0.3628 -0.0075 0.9318
vn 0.5271 0.2616 0.8085
vn 0.6061 0.2776 0.7454
vn 0.8389 -0.2964 -0.4565
vn 0.6302 0.6075 0.4835
vn 0.6402 0.6149 0.4604
vn -0.8647 -0.4942 0.0894
vn -0.7135 -0.6988 0.0502
vn -0.6826 -0.7186 0.1329
vn 0.5848 0.8094 0.0546
vn 0.4665 0.8383 -0.2823
vn 0.3163 0.7537 -0.5761
vn 0.3125 0.7471 -0.5867
vn -0.9838 0.0829 0.1588
vn -0.9953 0.0528 0.0807
vn -0.6856 0.6710 0.2823
vn -0.3194 0.8585 0.4013
vn -0.9377 0.2024 -0.2823
vn -0.9812 0.0792 -0.1760
vn -0.9924 0.0679 -0.1025
vn -0.9998 -0.0076 0.0197
vn -0.8500 0.3460 0.3973
vn -0.9753 0.0683 0.2101
vn -0.2547 0.8546 0.4526
vn -0.7240 0.4644 0.5100
vn 0.1146 0.8479 0.5176
vn -0.3060 0.6907 0.6552
vn -0.1993 0.5500 0.8111
vn -0.1009 0.4904 0.8657
vn -0.0594 0.2217 0.9733
vn 0.2688 0.8027 0.5324
vn 0.6699 0.6059 0.4291
vn 0.8765 0.4778 -0.0589
vn 0.6755 0.7210 -0.1545
vn 0.7333 0.6799 0.0066
vn 0.9834 0.1802 0.0197
vn -0.3643 -0.4057 -0.8382
vn -0.5036 -0.5476 -0.6683
vn 0.9608 -0.2538 -0.1112
vn -0.5839 -0.4466 -0.6779
vn 0.8731 -0.4845 -0.0546
vn -0.6329 -0.7209 -0.2823
vn -0.6162 -0.7415 -0.2655
vn 0.5960 -0.7663 -0.2401
vn -0.6531 -0.7558 -0.0459
vn -0.7682 -0.6402 -0.0066
vn -0.9118 -0.4104 -0.0109
vn -0.8993 -0.4307 -0.0764
vn 0.1261 -0.9037 -0.4093
vn -0.9915 -0.1280 -0.0240
vn -0.9684 0.1765 0.1760
vn -0.8006 0.5239 0.2907
vn -0.8021 0.4878 0.3445
vn 0.1504 -0.8769 -0.4565
vn -0.4932 0.8090 0.3198
vn -0.3022 0.9037 0.3033
vn -0.3041 0.9017 0.3073
vn -0.3875 -0.8220 -0.4172
vn -0.6148 -0.7095 -0.3445
vn -0.6055 -0.7627 -0.2274
vn -0.7011 0.5839 0.4093
vn -0.7336 0.5069 0.4526
vn -0.8605 0.3034 0.4093
vn 0.1071 -0.2859 -0.9523
vn 0.1532 -0.5497 -0.8212
vn 0.3056 -0.5998 -0.7395
vn -0.3016 0.8474 0.4370
vn 0.7524 -0.5952 -0.2823
vn 0.5726 -0.6886 -0.4448
vn 0.0453 0.9166 0.3973
vn 0.7174 -0.6600 -0.2231
vn 0.5809 0.7234 0.3731
vn 0.9024 -0.4310 -0.0022
vn 0.7524 0.5373 0.3812
vn 0.9834 -0.1728 0.0546
vn 0.9945 -0.0604 0.0851
vn 0.9895 0.0302 0.1415
vn 0.9884 0.0226 0.1501
vn 0.9408 0.0679 0.3322
vn 0.9473 -0.3190 0.0284
vn 0.9016 -0.4306 0.0415
vn 0.7730 -0.5131 -0.3731
vn -0.9423 0.3332 0.0327
vn -0.9836 0.1802 0.0022
vn -0.8717 -0.3850 -0.3032
vn -0.6765 -0.6885 -0.2613
vn -0.3732 -0.8824 -0.2865
vn -0.3667 -0.9063 -0.2103
vn 0.0226 -0.9705 -0.2401
vn 0.4253 -0.8749 -0.2316
vn 0.7251 -0.6610 -0.1932
vn 0.7219 -0.6725 -0.1631
vn 0.6218 -0.7710 -0.1372
vn 0.5890 -0.7767 -0.2231
vn 0.5196 -0.8019 -0.2949
vn 0.6393 -0.6273 -0.4448
vn 0.6796 -0.5517 -0.4835
vn 0.6443 -0.5111 -0.5689
vn -0.5920 -0.7744 -0.2231
vn -0.6419 -0.6246 -0.4448
vn -0.5165 -0.8039 -0.2949
vn -0.6218 -0.7710 -0.1372
vn -0.6444 -0.5110 -0.5689
vn -0.6796 -0.5517 -0.4835
vn -0.7730 -0.5131 -0.3731
vn -0.7244 -0.6698 -0.1631
vn -0.9473 -0.3190 0.0284
vn -0.9016 -0.4306 0.0415
vn -0.7251 -0.6610 -0.1932
vn -0.9405 0.0717 0.3322
vn -0.7524 0.5373 0.3812
vn -0.5780 0.7258 0.3731
vn -0.0453 0.9166 0.3973
vn 0.3051 0.8461 0.4370
vn 0.7011 0.5839 0.4093
vn 0.7358 0.5038 0.4526
vn 0.8605 0.3034 0.4093
vn -0.4219 -0.8766 -0.2316
vn -0.0226 -0.9705 -0.2401
vn 0.3702 -0.9048 -0.2103
vn 0.3697 -0.8839 -0.2865
vn 0.6055 -0.7627 -0.2274
vn 0.6176 -0.7070 -0.3445
vn 0.3875 -0.8220 -0.4172
vn -0.1224 -0.9042 -0.4093
vn -0.1504 -0.8769 -0.4565
vn 0.6738 -0.6912 -0.2613
vn -0.5959 -0.7663 -0.2401
vn -0.8749 -0.4812 -0.0546
vn -0.9618 -0.2502 -0.1112
vn -0.9834 0.1802 0.0196
vn -0.8747 0.4811 -0.0589
vn -0.7333 0.6799 0.0066
vn -0.6755 0.7210 -0.1545
vn 0.8702 -0.3885 -0.3032
vn 0.9836 0.1802 0.0021
vn 0.9423 0.3332 0.0328
vn -0.6699 0.6059 0.4291
vn -0.2652 0.8039 0.5324
vn -0.1183 0.8474 0.5176
vn -0.9943 -0.0641 0.0851
vn -0.9895 0.0302 0.1415
vn -0.9885 0.0189 0.1502
vn 0.2510 0.8556 0.4526
vn 0.3229 0.8571 0.4013
vn 0.6830 0.6737 0.2823
vn 0.9838 0.0829 0.1588
vn 0.9953 0.0528 0.0807
vn -0.9841 -0.1691 0.0546
vn 0.8666 -0.4909 0.0894
vn 0.7109 -0.7015 0.0502
vn 0.6853 -0.7160 0.1329
vn -0.7524 -0.5952 -0.2823
vn -0.9024 -0.4310 -0.0022
vn -0.7148 -0.6627 -0.2231
vn -0.5755 -0.6862 -0.4448
vn -0.8389 -0.2964 -0.4565
vn -0.6896 -0.5775 -0.4370
vn -0.7100 -0.4934 -0.5025
vn -0.3056 -0.5998 -0.7395
vn -0.3001 -0.8354 -0.4604
vn 0.0472 -0.9182 -0.3933
vn 0.5737 -0.7229 -0.3852
vn 0.7457 -0.5436 -0.3852
vn 0.9295 -0.0755 -0.3609
vn 0.9471 0.3188 -0.0371
vn 0.9006 0.4307 -0.0590
vn -0.1532 -0.5497 -0.8212
vn 0.7695 0.5125 0.3812
vn 0.6700 0.5567 0.4912
vn 0.6329 0.5092 0.5832
vn -0.1071 -0.2858 -0.9523
vn 0.4964 0.8070 0.3198
vn 0.3041 0.9017 0.3074
vn 0.2987 0.9049 0.3032
vn 0.8027 0.5208 0.2907
vn 0.8021 0.4878 0.3445
vn -0.5420 -0.4833 -0.6875
vn -0.5348 -0.5043 -0.6780
vn -0.5349 -0.5042 -0.6780
vn -0.5254 -0.5267 -0.6682
vn 0.9691 0.1728 0.1760
vn 0.9915 -0.1280 -0.0240
vn 0.9118 -0.4104 -0.0109
vn 0.8993 -0.4307 -0.0764
vn -0.9350 0.2352 0.2655
vn -0.9270 0.3508 0.1329
vn -0.9318 0.3222 0.1674
vn -0.8839 0.4472 0.1372
vn -0.9164 0.3791 0.1285
vn 0.7682 -0.6402 -0.0066
vn -0.8106 0.5572 0.1803
vn -0.4480 0.8563 0.2571
vn 0.0095 0.9663 0.2571
vn 0.3628 0.8969 0.2528
vn 0.5603 0.7874 0.2571
vn 0.2934 0.9080 0.2990
vn 0.6560 -0.7534 -0.0459
vn 0.8731 0.4090 0.2655
vn 0.9837 0.0754 0.1631
vn 0.9689 0.0754 0.2359
vn 0.6329 -0.7209 -0.2823
vn 0.6162 -0.7415 -0.2655
vn 0.5063 -0.5450 -0.6683
vn 0.5862 -0.4436 -0.6780
vn 0.3039 -0.8914 -0.3363
vn 0.3041 -0.9017 -0.3074
vn 0.4982 -0.8026 -0.3281
vn 0.3671 -0.4032 -0.8382
vn 0.8147 -0.5089 -0.2781
vn 0.8133 -0.4688 -0.3445
vn 0.9765 -0.1504 -0.1545
vn 0.9879 0.1503 0.0371
vn 0.9022 0.4309 0.0196
vn 0.8996 0.4308 0.0720
vn 0.1993 0.5500 0.8111
vn 0.0594 0.2217 0.9733
vn 0.1009 0.4904 0.8657
vn 0.7067 0.7067 0.0328
vn 0.6573 0.7533 0.0240
vn 0.3026 0.6923 0.6552
vn 0.6160 0.7811 0.1025
vn 0.5704 0.8120 0.1242
vn 0.8500 0.3460 0.3973
vn 0.7240 0.4644 0.5100
vn 0.9753 0.0679 0.2104
vn 0.9998 -0.0076 0.0197
vn 0.4518 -0.6720 -0.5867
vn 0.9924 0.0679 -0.1025
vn 0.9809 0.0830 -0.1760
vn 0.9377 0.2024 -0.2823
vn -0.4665 0.8383 -0.2823
vn -0.3163 0.7537 -0.5761
vn -0.3125 0.7471 -0.5867
vn 0.1900 -0.4673 -0.8635
vn -0.5817 0.8116 0.0546
vn -0.6328 0.6048 0.4835
vn -0.6429 0.6122 0.4604
vn -0.5255 0.2650 0.8085
vn -0.1796 -0.5455 0.8187
vn -0.2179 -0.5876 0.7793
vn -0.1851 -0.8013 0.5689
vn -0.2109 -0.8125 0.5435
vn -0.6061 0.2776 0.7454
vn -0.0942 -0.9828 0.1588
vn -0.1036 -0.9857 0.1329
vn -0.3629 -0.0038 0.9318
vn -0.0170 -0.9501 -0.3116
vn 0.0264 -0.7857 -0.6181
vn 0.0510 -0.5355 -0.8430
vn 0.0491 -0.5246 -0.8499
vn -0.1761 -0.0623 0.9824
vn -0.6996 -0.3525 0.6215
vn -0.9827 0.0415 0.1803
vn -0.3799 0.6530 0.6552
vn 0.5173 0.3414 0.7847
vn 0.8637 -0.0377 0.5025
vn 0.7914 0.6104 -0.0328
vn 0.7872 0.6167 -0.0066
vn 0.8051 0.5924 0.0284
vn 0.8141 0.5738 0.0895
vn 0.9551 0.0904 0.2823
vn 0.8693 0.4366 0.2316
vn 0.2746 -0.6110 0.7425
vn 0.9388 -0.1053 0.3281
vn -0.1349 0.0074 0.9908
vn 0.7514 -0.5627 0.3445
vn 0.6150 -0.5817 0.5324
vn 0.5175 -0.6161 0.5938
vn 0.3642 -0.4930 0.7901
vn 0.1073 0.9414 0.3198
vn 0.1318 0.8779 -0.4604
vn 0.0942 0.9496 -0.2991
vn 0.0754 0.9486 -0.3073
vn 0.0245 -0.9472 0.3198
vn 0.0566 0.9958 -0.0720
vn 0.1930 0.9791 0.0633
vn 0.4770 0.8564 0.1975
vn 0.4226 0.8626 0.2781
vn 0.8391 0.4961 0.2231
vn 0.8765 0.4574 0.1502
vn 0.1974 0.1546 -0.9681
vn -0.2506 0.0076 -0.9681
vn -0.0132 0.2419 -0.9702
vn 0.9389 0.2242 0.2613
vn 0.9264 -0.0753 0.3690
vn 0.8229 -0.4954 0.2781
vn 0.8076 -0.4815 0.3404
vn 0.4120 0.2182 -0.8847
vn 0.5534 -0.8305 -0.0634
vn 0.3685 -0.9093 -0.1932
vn 0.3323 -0.8812 -0.3363
vn 0.5591 -0.0302 -0.8286
vn -0.6643 0.7458 0.0503
vn -0.4816 0.8441 0.2359
vn -0.4816 0.8391 0.2528
vn -0.8137 0.5706 -0.1112
vn -0.8870 0.1093 -0.4487
vn -0.3203 0.4042 -0.8568
vn -0.5370 0.5851 -0.6078
vn -0.7012 0.5057 -0.5025
vn -0.8329 -0.3496 -0.4291
vn -0.9918 0.1055 -0.0720
vn -0.9279 0.3332 -0.1674
vn -0.7242 -0.4515 -0.5213
vn -0.9874 0.1579 0.0109
vn -0.7187 -0.6600 -0.2188
vn -0.9737 -0.1987 0.1112
vn -0.6594 -0.7421 -0.1199
vn -0.8856 -0.4612 0.0546
vn -0.8186 -0.5743 -0.0022
vn -0.7485 -0.6631 -0.0066
vn -0.7288 -0.6821 -0.0590
vn -0.6793 -0.7327 0.0415
vn -0.4490 -0.8733 -0.1889
vn -0.0151 -0.9992 -0.0371
vn -0.2043 -0.9680 -0.1458
vn -0.3820 -0.8827 -0.2739
vn -0.8290 -0.5128 -0.2231
vn 0.9794 0.1129 0.1674
vn 0.7887 0.6038 0.1155
vn 0.6721 0.7202 0.1717
vn 0.3822 0.9080 0.1717
vn 0.3714 0.8991 0.2316
vn -0.0056 0.9866 0.1631
vn -0.5598 0.8186 0.1285
vn -0.7200 0.6907 0.0677
vn -0.8718 -0.4677 -0.1459
vn -0.8753 0.4814 -0.0459
vn -0.8785 0.4745 -0.0546
vn -0.9363 -0.2391 -0.2571
vn -0.9324 0.2938 -0.2103
vn -0.9461 0.2427 -0.2146
vn -0.9470 0.2501 -0.2018
vn -0.9288 0.0641 -0.3649
vn -0.8289 0.4829 -0.2823
vn -0.8137 0.4589 -0.3568
vn -0.5571 0.8292 0.0459
vn 0.9925 0.1130 -0.0459
vn 0.9122 -0.4034 -0.0720
vn 0.8225 -0.5678 -0.0328
vn -0.3647 0.9126 0.1846
vn 0.4626 -0.8843 -0.0633
vn 0.3332 -0.9377 -0.0982
vn 0.0679 -0.9734 -0.2188
vn -0.0284 -0.9428 -0.3322
vn -0.4234 -0.7637 -0.4873
vn -0.5445 -0.6326 -0.5508
vn -0.8459 -0.2169 -0.4873
vn -0.3362 0.8931 0.2990
vn 0.0321 0.9239 -0.3812
vn 0.0510 0.9163 -0.3973
vn 0.0321 0.9240 -0.3812
vn 0.0132 0.9309 -0.3650
vn -0.4555 0.8744 0.1674
vn -0.5132 0.8134 0.2739
vn -0.5547 0.8199 0.1415
vn 0.6741 0.7381 -0.0284
vn 0.6560 0.7414 0.1415
vn 0.7112 0.6592 0.2444
vn 0.8316 0.3526 0.4291
vn 0.7311 0.4446 0.5176
vn -0.1541 0.9563 0.2486
vn 0.8987 -0.0904 0.4291
vn 0.8231 -0.5551 0.1199
vn 0.6668 -0.7429 -0.0590
vn 0.4815 -0.8366 -0.2613
vn 0.4765 -0.8354 -0.2739
vn -0.2189 0.9589 0.1803
vn 0.2731 0.8550 0.4409
vn 0.6126 0.5633 0.5544
vn 0.7606 0.3920 0.5175
vn -0.9936 -0.1130 -0.0022
vn -0.8867 -0.4545 -0.0851
vn -0.9920 -0.1092 -0.0633
vn -0.5575 -0.8149 -0.1588
vn -0.3172 -0.9396 -0.1285
vn 0.9444 -0.1054 0.3116
vn -0.3542 -0.9192 -0.1717
vn -0.0095 -0.9893 -0.1459
vn 0.4083 -0.9055 -0.1155
vn 0.8383 -0.5429 -0.0502
vn 0.9417 -0.3333 0.0459
vn 0.9879 0.0150 0.1545
vn 0.9609 0.1578 0.2274
vn 0.9360 0.2756 0.2189
vn 0.9370 0.2755 0.2146
vn 0.9415 -0.2972 0.1588
vn 0.7000 -0.7000 -0.1415
vn -0.8344 0.5130 0.2018
vn -0.9423 0.3260 -0.0764
vn -0.8258 -0.2239 -0.5176
vn -0.5257 0.6946 0.4911
vn -0.8487 -0.3250 -0.4172
vn -0.7252 -0.4746 -0.4987
vn -0.6652 -0.5001 -0.5544
vn -0.5547 -0.5720 -0.6043
vn -0.5362 -0.5402 -0.6485
vn -0.4631 0.6766 0.5725
vn 0.6725 0.5063 0.5398
vn 0.5322 0.5362 0.6552
vn 0.5590 0.5751 0.5973
vn 0.7406 0.4783 0.4720
vn 0.8610 0.3321 0.3852
vt 0.014084 0.385595
vt 0.013864 0.386500
vt 0.013937 0.384690
vt 0.013202 0.387147
vt 0.013276 0.384302
vt 0.012541 0.386759
vt 0.012615 0.384820
vt 0.012247 0.385725
vt 0.008354 0.399947
vt 0.007252 0.400594
vt 0.006297 0.399947
vt 0.005856 0.398137
vt 0.009529 0.398525
vt 0.006003 0.395939
vt 0.014525 0.392707
vt 0.015186 0.394388
vt 0.013423 0.392319
vt 0.010190 0.396844
vt 0.011954 0.393224
vt 0.015186 0.396586
vt 0.010999 0.396069
vt 0.014525 0.398396
vt 0.010852 0.398137
vt 0.013276 0.399818
vt 0.011219 0.399818
vt 0.012247 0.400465
vt 0.010117 0.394388
vt 0.006885 0.392965
vt 0.008354 0.392060
vt 0.009456 0.392707
vt 0.008868 0.385466
vt 0.008648 0.386371
vt 0.008721 0.384561
vt 0.008133 0.386888
vt 0.008133 0.384173
vt 0.007472 0.386500
vt 0.007472 0.384561
vt 0.007178 0.385466
vt 0.097279 0.491892
vt 0.106311 0.496094
vt 0.106311 0.487691
vt 0.053816 0.926919
vt 0.056783 0.915140
vt 0.067463 0.917846
vt 0.114323 0.487691
vt 0.114323 0.496094
vt 0.122336 0.487691
vt 0.122336 0.496094
vt 0.130494 0.487691
vt 0.130494 0.496094
vt 0.067908 0.940927
vt 0.138506 0.496094
vt 0.138506 0.487691
vt 0.146664 0.496094
vt 0.146664 0.487691
vt 0.154677 0.496094
vt 0.154677 0.487691
vt 0.162689 0.496094
vt 0.162689 0.487691
vt 0.171721 0.491892
vt 0.052185 0.944429
vt 0.052630 0.959869
vt 0.068205 0.965122
vt 0.055300 0.972922
vt 0.097279 0.473458
vt 0.106311 0.469256
vt 0.106311 0.477659
vt 0.114323 0.469256
vt 0.114323 0.477659
vt 0.122336 0.469256
vt 0.122336 0.477659
vt 0.130494 0.469256
vt 0.130494 0.477659
vt 0.061233 0.981836
vt 0.138506 0.477659
vt 0.138506 0.469256
vt 0.146664 0.477659
vt 0.146664 0.469256
vt 0.154677 0.477659
vt 0.154677 0.469256
vt 0.162689 0.477659
vt 0.162689 0.469256
vt 0.171721 0.473458
vt 0.068650 0.984860
vt 0.077550 0.979448
vt 0.081110 0.970375
vt 0.083186 0.957004
vt 0.471118 0.712106
vt 0.473388 0.720609
vt 0.476000 0.721567
vt 0.083631 0.941564
vt 0.480938 0.729472
vt 0.475659 0.732706
vt 0.487807 0.751988
vt 0.480030 0.756778
vt 0.483947 0.794385
vt 0.475773 0.788277
vt 0.081851 0.925646
vt 0.476170 0.823248
vt 0.485196 0.827320
vt 0.483152 0.863489
vt 0.472196 0.856543
vt 0.077846 0.912116
vt 0.073990 0.906385
vt 0.067166 0.903520
vt 0.061233 0.906704
vt 0.492235 0.788037
vt 0.493086 0.823128
vt 0.491383 0.860734
vt 0.037648 0.926919
vt 0.024001 0.917846
vt 0.034681 0.915140
vt 0.023556 0.940927
vt 0.039280 0.944429
vt 0.038835 0.959869
vt 0.472821 0.752946
vt 0.023260 0.965122
vt 0.471856 0.732346
vt 0.036165 0.972922
vt 0.471742 0.722765
vt 0.030231 0.981836
vt 0.022815 0.984860
vt 0.013915 0.979448
vt 0.010355 0.970375
vt 0.369846 0.214602
vt 0.358890 0.215680
vt 0.369903 0.245621
vt 0.358777 0.247657
vt 0.356279 0.282509
vt 0.008130 0.957004
vt 0.341122 0.281551
vt 0.343336 0.234124
vt 0.324944 0.238555
vt 0.324320 0.283946
vt 0.308822 0.272688
vt 0.007833 0.941723
vt 0.308993 0.293048
vt 0.323752 0.300833
vt 0.009613 0.925646
vt 0.323071 0.326103
vt 0.309220 0.317600
vt 0.308482 0.357242
vt 0.324433 0.356045
vt 0.310809 0.404669
vt 0.013618 0.912116
vt 0.017475 0.906385
vt 0.024298 0.903520
vt 0.030231 0.906704
vt 0.183892 0.965403
vt 0.199291 0.970947
vt 0.196597 0.981242
vt 0.191109 0.989764
vt 0.186687 0.992234
vt 0.367746 0.281192
vt 0.180894 0.992488
vt 0.175101 0.990207
vt 0.168901 0.984632
vt 0.165852 0.971517
vt 0.310696 0.231369
vt 0.166156 0.961602
vt 0.168647 0.951592
vt 0.173627 0.942374
vt 0.180792 0.939269
vt 0.333913 0.325505
vt 0.189533 0.941455
vt 0.197309 0.952669
vt 0.226123 0.965403
vt 0.220482 0.941455
vt 0.229172 0.939269
vt 0.350205 0.317720
vt 0.365873 0.312330
vt 0.380575 0.302989
vt 0.236389 0.942374
vt 0.379724 0.267179
vt 0.378929 0.239034
vt 0.377680 0.208374
vt 0.241318 0.951592
vt 0.243808 0.961602
vt 0.244164 0.971517
vt 0.241115 0.984632
vt 0.378929 0.202027
vt 0.398173 0.210291
vt 0.397662 0.251131
vt 0.416679 0.241430
vt 0.409753 0.282030
vt 0.234915 0.990207
vt 0.424569 0.274964
vt 0.229071 0.992488
vt 0.430189 0.233046
vt 0.223328 0.992234
vt 0.434503 0.193404
vt 0.218907 0.989764
vt 0.419233 0.198913
vt 0.213418 0.981242
vt 0.210674 0.970947
vt 0.212707 0.952669
vt 0.396583 0.289815
vt 0.393404 0.330295
vt 0.382278 0.336403
vt 0.386252 0.381914
vt 0.140137 0.994072
vt 0.145676 0.993787
vt 0.140137 0.995117
vt 0.368484 0.345984
vt 0.145371 0.990809
vt 0.140137 0.991664
vt 0.140137 0.989320
vt 0.145066 0.988908
vt 0.408504 0.323948
vt 0.406574 0.365267
vt 0.140137 0.986849
vt 0.406858 0.409220
vt 0.427124 0.365506
vt 0.144863 0.986881
vt 0.420993 0.412694
vt 0.140137 0.984315
vt 0.411740 0.450779
vt 0.395107 0.418682
vt 0.144507 0.981116
vt 0.396413 0.450899
vt 0.396527 0.482397
vt 0.140137 0.980197
vt 0.389488 0.482516
vt 0.140137 0.974748
vt 0.383811 0.454132
vt 0.383527 0.428263
vt 0.144762 0.976459
vt 0.145270 0.970092
vt 0.140137 0.968033
vt 0.145981 0.964453
vt 0.140137 0.962457
vt 0.146388 0.958593
vt 0.140137 0.956851
vt 0.146794 0.953018
vt 0.140137 0.951592
vt 0.424342 0.315325
vt 0.146896 0.949248
vt 0.140137 0.948139
vt 0.146693 0.945066
vt 0.140137 0.944274
vt 0.146032 0.941012
vt 0.372003 0.461438
vt 0.372571 0.433054
vt 0.359628 0.444671
vt 0.140137 0.940410
vt 0.369733 0.389699
vt 0.145981 0.932934
vt 0.140137 0.932395
vt 0.146388 0.930273
vt 0.140137 0.936704
vt 0.145676 0.937242
vt 0.152842 0.941075
vt 0.153147 0.937305
vt 0.158686 0.940505
vt 0.158686 0.994072
vt 0.158686 0.995117
vt 0.153147 0.993787
vt 0.153452 0.990809
vt 0.373990 0.485391
vt 0.362864 0.491140
vt 0.364226 0.526111
vt 0.349637 0.502278
vt 0.352362 0.541082
vt 0.339874 0.509224
vt 0.342996 0.541321
vt 0.158686 0.991664
vt 0.329712 0.501320
vt 0.158686 0.989320
vt 0.336581 0.454252
vt 0.348672 0.451857
vt 0.355144 0.395567
vt 0.153757 0.988908
vt 0.354917 0.351973
vt 0.345380 0.357242
vt 0.342144 0.325026
vt 0.158686 0.986849
vt 0.153960 0.986881
vt 0.158686 0.984315
vt 0.154316 0.981147
vt 0.158686 0.980197
vt 0.158686 0.974780
vt 0.154112 0.976491
vt 0.153553 0.970123
vt 0.158686 0.968064
vt 0.345664 0.396885
vt 0.335276 0.358919
vt 0.152893 0.964516
vt 0.158686 0.962489
vt 0.333118 0.401316
vt 0.152435 0.958624
vt 0.322560 0.456288
vt 0.158686 0.956882
vt 0.152080 0.953081
vt 0.158686 0.951624
vt 0.151927 0.949311
vt 0.158686 0.948203
vt 0.152181 0.945161
vt 0.158686 0.944338
vt 0.152842 0.933029
vt 0.152435 0.930368
vt 0.158686 0.932490
vt 0.158686 0.936799
vt 0.307006 0.455330
vt 0.309901 0.498685
vt 0.331188 0.537010
vt 0.345323 0.569226
vt 0.027109 0.007484
vt 0.032927 0.007723
vt 0.033162 0.016207
vt 0.351738 0.565993
vt 0.027520 0.020270
vt 0.030047 0.031144
vt 0.022378 0.040345
vt 0.019117 0.024452
vt 0.018323 0.048590
vt 0.013916 0.063407
vt 0.011800 0.060539
vt 0.015620 0.046319
vt 0.367122 0.556531
vt 0.015796 0.032458
vt 0.011242 0.017043
vt 0.313818 0.535932
vt 0.319722 0.571023
vt 0.335503 0.569945
vt 0.042300 0.021584
vt 0.340271 0.603838
vt 0.326533 0.609467
vt 0.339192 0.645996
vt 0.347651 0.643840
vt 0.348105 0.681087
vt 0.356109 0.678332
vt 0.351113 0.712705
vt 0.019469 0.008201
vt 0.349127 0.601443
vt 0.355711 0.600485
vt 0.011330 0.007364
vt 0.363205 0.639648
vt 0.355201 0.640726
vt 0.362864 0.677973
vt 0.363716 0.710429
vt 0.367008 0.739293
vt 0.355144 0.740131
vt 0.004660 0.007484
vt 0.357358 0.768276
vt 0.118814 0.935116
vt 0.121282 0.924600
vt 0.113584 0.910978
vt 0.367632 0.768036
vt 0.127247 0.946946
vt 0.374388 0.740251
vt 0.372798 0.711986
vt 0.371776 0.677733
vt 0.123310 0.959732
vt 0.120430 0.977775
vt 0.102213 0.915041
vt 0.111498 0.946707
vt 0.108736 0.912173
vt 0.102712 0.899268
vt 0.116522 0.977297
vt 0.108765 0.901657
vt 0.105592 0.888274
vt 0.099186 0.897356
vt 0.381597 0.712705
vt 0.379497 0.737137
vt 0.385003 0.735460
vt 0.382165 0.760731
vt 0.387274 0.757617
vt 0.381767 0.788756
vt 0.374444 0.766120
vt 0.369563 0.796540
vt 0.097129 0.909903
vt 0.097599 0.932845
vt 0.358607 0.797019
vt 0.364624 0.826242
vt 0.355428 0.826362
vt 0.104945 0.955310
vt 0.353895 0.854746
vt 0.364510 0.852950
vt 0.370017 0.880615
vt 0.356904 0.883370
vt 0.111145 0.974668
vt 0.360082 0.907323
vt 0.377283 0.904808
vt 0.380916 0.928641
vt 0.366327 0.934510
vt 0.114113 0.978970
vt 0.371606 0.956187
vt 0.382959 0.949360
vt 0.117110 0.983391
vt 0.382392 0.963852
vt 0.370982 0.972475
vt 0.380348 0.981937
vt 0.389885 0.977146
vt 0.383016 0.992356
vt 0.124103 0.976819
vt 0.393064 0.987685
vt 0.128129 0.962838
vt 0.405780 0.973313
vt 0.393177 0.961936
vt 0.390225 0.946366
vt 0.388579 0.923012
vt 0.123927 0.910978
vt 0.398286 0.944211
vt 0.404417 0.943851
vt 0.413954 0.951995
vt 0.407085 0.919898
vt 0.418211 0.925407
vt 0.132977 0.947543
vt 0.130332 0.976700
vt 0.216837 0.016207
vt 0.217072 0.007723
vt 0.222890 0.007484
vt 0.222478 0.020270
vt 0.219951 0.031144
vt 0.207699 0.021584
vt 0.227620 0.040345
vt 0.230882 0.024452
vt 0.402374 0.917742
vt 0.395732 0.919539
vt 0.230529 0.008201
vt 0.231675 0.048590
vt 0.238198 0.060539
vt 0.236083 0.063407
vt 0.234379 0.046319
vt 0.409356 0.893550
vt 0.401692 0.895346
vt 0.234202 0.032458
vt 0.411626 0.866004
vt 0.419006 0.892951
vt 0.419347 0.866723
vt 0.238757 0.017043
vt 0.422185 0.835823
vt 0.411797 0.838458
vt 0.238669 0.007364
vt 0.398173 0.839776
vt 0.245339 0.007484
vt 0.399251 0.866004
vt 0.392383 0.897502
vt 0.384662 0.901095
vt 0.379894 0.878819
vt 0.387614 0.871513
vt 0.386138 0.844806
vt 0.375126 0.851992
vt 0.372287 0.825044
vt 0.380235 0.819535
vt 0.390055 0.784205
vt 0.389090 0.813307
vt 0.399762 0.807798
vt 0.412194 0.798576
vt 0.422696 0.789953
vt 0.416111 0.767437
vt 0.406517 0.774743
vt 0.397889 0.779773
vt 0.393859 0.754862
vt 0.071742 0.044169
vt 0.091928 0.058747
vt 0.074034 0.060539
vt 0.391418 0.731149
vt 0.097482 0.034251
vt 0.386649 0.706836
vt 0.381086 0.672104
vt 0.375864 0.636654
vt 0.364454 0.597730
vt 0.025845 0.061256
vt 0.029401 0.094356
vt 0.008450 0.099614
vt 0.050674 0.065677
vt 0.358209 0.562759
vt 0.043035 0.039747
vt 0.371663 0.594018
vt 0.375353 0.551501
vt 0.375864 0.518686
vt 0.068157 0.018836
vt 0.091370 0.004616
vt 0.124808 0.004616
vt 0.124808 0.032817
vt 0.152135 0.034251
vt 0.158247 0.004616
vt 0.178198 0.044169
vt 0.181783 0.018836
vt 0.206964 0.039747
vt 0.108912 0.059703
vt 0.409810 0.478444
vt 0.405666 0.519045
vt 0.390907 0.510422
vt 0.385798 0.543237
vt 0.379213 0.590664
vt 0.386649 0.632822
vt 0.121135 0.059822
vt 0.389317 0.668272
vt 0.395051 0.698453
vt 0.124838 0.058030
vt 0.128863 0.059822
vt 0.141087 0.059703
vt 0.158070 0.058747
vt 0.175965 0.060539
vt 0.388239 0.587550
vt 0.395051 0.627911
vt 0.397832 0.664320
vt 0.199324 0.065677
vt 0.224153 0.061256
vt 0.220598 0.094356
vt 0.241166 0.099614
vt 0.401919 0.575933
vt 0.185138 0.482304
vt 0.189105 0.486300
vt 0.185138 0.488180
vt 0.229068 0.488180
vt 0.226092 0.483401
vt 0.229068 0.483557
vt 0.231760 0.482304
vt 0.231760 0.488180
vt 0.407766 0.624558
vt 0.407823 0.659409
vt 0.229068 0.496094
vt 0.407028 0.693782
vt 0.419801 0.657972
vt 0.226092 0.496094
vt 0.423320 0.689950
vt 0.415316 0.714861
vt 0.423604 0.711627
vt 0.424399 0.732346
vt 0.414919 0.740490
vt 0.424229 0.760252
vt 0.222266 0.496094
vt 0.222266 0.483401
vt 0.217873 0.496094
vt 0.217873 0.483401
vt 0.213054 0.496094
vt 0.213054 0.483322
vt 0.207953 0.496094
vt 0.207953 0.483087
vt 0.404587 0.746958
vt 0.203276 0.496094
vt 0.203276 0.483714
vt 0.198175 0.496094
vt 0.398570 0.724562
vt 0.405609 0.722046
vt 0.198175 0.484811
vt 0.193498 0.496094
vt 0.193498 0.485359
vt 0.189105 0.496094
vt 0.185138 0.496094
vt 0.431722 0.797978
vt 0.181737 0.488180
vt 0.180603 0.477054
vt 0.182445 0.480580
vt 0.178336 0.477054
vt 0.182587 0.477054
vt 0.434447 0.766360
vt 0.432857 0.734023
vt 0.433368 0.712106
vt 0.433198 0.688752
vt 0.430473 0.659888
vt 0.435809 0.624797
vt 0.423945 0.617132
vt 0.180461 0.482852
vt 0.179611 0.488180
vt 0.176635 0.488180
vt 0.441486 0.665038
vt 0.443700 0.690309
vt 0.442564 0.715220
vt 0.440350 0.739412
vt 0.445913 0.769833
vt 0.189105 0.477054
vt 0.193498 0.477054
vt 0.449546 0.741329
vt 0.198175 0.477054
vt 0.447673 0.714262
vt 0.449603 0.691027
vt 0.446595 0.668512
vt 0.449717 0.633899
vt 0.447787 0.579287
vt 0.435923 0.587311
vt 0.440861 0.557370
vt 0.427862 0.587071
vt 0.429167 0.546950
vt 0.203276 0.477054
vt 0.417587 0.591503
vt 0.207953 0.477054
vt 0.213054 0.477054
vt 0.458459 0.590185
vt 0.217873 0.477054
vt 0.222266 0.477054
vt 0.226092 0.477054
vt 0.229068 0.477054
vt 0.414408 0.555932
vt 0.418893 0.517248
vt 0.231760 0.477054
vt 0.234594 0.488180
vt 0.234594 0.482304
vt 0.420879 0.479163
vt 0.234878 0.473763
vt 0.232752 0.471099
vt 0.232752 0.474468
vt 0.234878 0.471883
vt 0.237429 0.472823
vt 0.234878 0.472823
vt 0.436547 0.414490
vt 0.437909 0.449701
vt 0.437909 0.482636
vt 0.232752 0.472823
vt 0.448809 0.374728
vt 0.434560 0.322271
vt 0.450057 0.328858
vt 0.440123 0.286102
vt 0.453747 0.291611
vt 0.444892 0.245142
vt 0.234878 0.477446
vt 0.232752 0.476741
vt 0.232752 0.478386
vt 0.234878 0.478386
vt 0.237429 0.478386
vt 0.448979 0.207776
vt 0.457891 0.251131
vt 0.471175 0.216998
vt 0.234878 0.479326
vt 0.477759 0.258556
vt 0.471175 0.297360
vt 0.484061 0.276880
vt 0.232752 0.480110
vt 0.491781 0.299037
vt 0.468847 0.335924
vt 0.207811 0.481363
vt 0.203276 0.481363
vt 0.207811 0.479640
vt 0.212913 0.479640
vt 0.212913 0.481363
vt 0.217589 0.479640
vt 0.217589 0.481363
vt 0.222266 0.481363
vt 0.217589 0.473528
vt 0.217589 0.471804
vt 0.222266 0.471804
vt 0.212913 0.471804
vt 0.492859 0.340715
vt 0.467939 0.382153
vt 0.212913 0.473528
vt 0.451647 0.419640
vt 0.451874 0.457965
vt 0.207811 0.473528
vt 0.207811 0.471804
vt 0.450228 0.491140
vt 0.203276 0.471804
vt 0.462262 0.468983
vt 0.469188 0.429940
vt 0.237712 0.488180
vt 0.472480 0.474732
vt 0.237712 0.482304
vt 0.472480 0.512338
vt 0.459764 0.498086
vt 0.240830 0.488180
vt 0.457607 0.530902
vt 0.467939 0.549106
vt 0.234594 0.477054
vt 0.448127 0.525273
vt 0.237712 0.477054
vt 0.240830 0.477054
vt 0.240830 0.482304
vt 0.484061 0.386705
vt 0.244372 0.488180
vt 0.248765 0.482304
vt 0.244372 0.482304
vt 0.244372 0.478856
vt 0.249049 0.473841
vt 0.240830 0.473841
vt 0.231760 0.473841
vt 0.434390 0.518326
vt 0.237712 0.473841
vt 0.234594 0.473841
vt 0.457721 0.713783
vt 0.244372 0.473136
vt 0.249049 0.478229
vt 0.240830 0.478229
vt 0.460048 0.743604
vt 0.248765 0.469689
vt 0.456642 0.772947
vt 0.447957 0.801690
vt 0.244372 0.469689
vt 0.445800 0.834147
vt 0.459083 0.834865
vt 0.449546 0.865046
vt 0.460957 0.864088
vt 0.449717 0.887801
vt 0.462489 0.887562
vt 0.450966 0.913551
vt 0.464987 0.913191
vt 0.453861 0.929360
vt 0.467428 0.933192
vt 0.456983 0.940977
vt 0.466690 0.946366
vt 0.460900 0.951995
vt 0.237712 0.475017
vt 0.234594 0.478229
vt 0.234594 0.475017
vt 0.237712 0.478229
vt 0.240830 0.475017
vt 0.457778 0.804924
vt 0.240830 0.469689
vt 0.231760 0.469689
vt 0.234594 0.463890
vt 0.234594 0.469689
vt 0.446424 0.931755
vt 0.231760 0.463890
vt 0.451363 0.947324
vt 0.237712 0.463890
vt 0.457040 0.964451
vt 0.445857 0.951995
vt 0.446197 0.965888
vt 0.439045 0.957984
vt 0.445289 0.973313
vt 0.237712 0.469689
vt 0.433425 0.963612
vt 0.431892 0.942175
vt 0.424740 0.947205
vt 0.426953 0.920737
vt 0.425761 0.890676
vt 0.425705 0.866004
vt 0.240830 0.463890
vt 0.432857 0.834266
vt 0.244372 0.463890
vt 0.441599 0.865166
vt 0.441599 0.888879
vt 0.442791 0.914389
vt 0.231760 0.475017
vt 0.454031 0.974751
vt 0.185138 0.463890
vt 0.185138 0.456055
vt 0.189105 0.456055
vt 0.181737 0.463890
vt 0.229068 0.463890
vt 0.229068 0.468513
vt 0.226092 0.468670
vt 0.229068 0.456055
vt 0.226092 0.456055
vt 0.433482 0.888759
vt 0.222266 0.456055
vt 0.432346 0.866124
vt 0.222266 0.468592
vt 0.434787 0.916784
vt 0.217873 0.456055
vt 0.439158 0.936665
vt 0.217873 0.468670
vt 0.213054 0.456055
vt 0.213054 0.468748
vt 0.207953 0.456055
vt 0.207953 0.468905
vt 0.466804 0.685518
vt 0.475262 0.648750
vt 0.458459 0.668272
vt 0.468166 0.638211
vt 0.203276 0.456055
vt 0.474581 0.599766
vt 0.480541 0.611623
vt 0.203276 0.468278
vt 0.484571 0.569346
vt 0.479576 0.564196
vt 0.485820 0.530782
vt 0.481733 0.527907
vt 0.198175 0.456055
vt 0.484401 0.487068
vt 0.198175 0.467260
vt 0.490645 0.526231
vt 0.490702 0.567909
vt 0.488375 0.613899
vt 0.483493 0.649708
vt 0.478157 0.690668
vt 0.193498 0.456055
vt 0.193498 0.466711
vt 0.189105 0.465771
vt 0.342882 0.183823
vt 0.350319 0.205261
vt 0.357642 0.166576
vt 0.364454 0.191727
vt 0.372685 0.159151
vt 0.379951 0.183942
vt 0.389431 0.156277
vt 0.393234 0.180230
vt 0.399024 0.151366
vt 0.405382 0.176038
vt 0.407199 0.146097
vt 0.416111 0.172804
vt 0.425705 0.157115
vt 0.433027 0.174840
vt 0.435412 0.153881
vt 0.448298 0.176517
vt 0.451420 0.153043
vt 0.459083 0.181667
vt 0.461978 0.165738
vt 0.185138 0.469689
vt 0.470947 0.178792
vt 0.468507 0.188613
vt 0.479576 0.199751
vt 0.180603 0.475017
vt 0.178336 0.475017
vt 0.182445 0.471412
vt 0.182587 0.475017
vt 0.180461 0.469218
vt 0.176635 0.463890
vt 0.179611 0.463890
vt 0.420766 0.137953
vt 0.439669 0.141186
vt 0.452612 0.147534
vt 0.460332 0.149330
vt 0.452498 0.141306
vt 0.189105 0.475017
vt 0.193498 0.475017
vt 0.198175 0.475017
vt 0.484628 0.114359
vt 0.481903 0.070285
vt 0.469585 0.105736
vt 0.473332 0.071004
vt 0.474410 0.031841
vt 0.203276 0.475017
vt 0.207953 0.475017
vt 0.324547 0.064537
vt 0.339363 0.077232
vt 0.332040 0.036392
vt 0.345550 0.061183
vt 0.344642 0.011361
vt 0.213054 0.475017
vt 0.356620 0.036631
vt 0.358266 0.081663
vt 0.372628 0.050045
vt 0.373763 0.087891
vt 0.384889 0.062980
vt 0.389147 0.096155
vt 0.394824 0.073639
vt 0.403168 0.100945
vt 0.403395 0.076633
vt 0.416792 0.101305
vt 0.417076 0.076393
vt 0.432517 0.086214
vt 0.429621 0.063099
vt 0.442337 0.065255
vt 0.438023 0.051722
vt 0.447787 0.045734
vt 0.444721 0.038428
vt 0.451987 0.018667
vt 0.217873 0.475017
vt 0.222266 0.475017
vt 0.226092 0.475017
vt 0.229068 0.475017
vt 0.454996 0.102143
vt 0.466349 0.063698
vt 0.231760 0.478229
vt 0.318700 0.094478
vt 0.337149 0.098670
vt 0.353725 0.102742
vt 0.373763 0.111724
vt 0.189399 0.884700
vt 0.196707 0.878958
vt 0.203090 0.904223
vt 0.186894 0.913202
vt 0.323468 0.128970
vt 0.340612 0.123222
vt 0.330621 0.155558
vt 0.349581 0.143941
vt 0.176693 0.913097
vt 0.177260 0.882821
vt 0.362637 0.137953
vt 0.355484 0.121545
vt 0.171384 0.881464
vt 0.222209 0.884700
vt 0.208519 0.904223
vt 0.214931 0.878958
vt 0.224745 0.913202
vt 0.234916 0.913097
vt 0.231068 0.884178
vt 0.240225 0.881464
vt 0.149849 0.246184
vt 0.152086 0.255893
vt 0.150803 0.253074
vt 0.148745 0.248794
vt 0.143764 0.247019
vt 0.378361 0.136276
vt 0.393802 0.135797
vt 0.403849 0.131006
vt 0.192830 0.262366
vt 0.192919 0.259860
vt 0.198616 0.265915
vt 0.416508 0.119509
vt 0.140602 0.122051
vt 0.140513 0.121946
vt 0.143078 0.118710
vt 0.428940 0.104299
vt 0.434503 0.112083
vt 0.142810 0.121842
vt 0.440464 0.090526
vt 0.144569 0.121320
vt 0.128135 0.108270
vt 0.124794 0.101066
vt 0.128105 0.100649
vt 0.402430 0.115437
vt 0.124794 0.108165
vt 0.390793 0.117473
vt 0.132102 0.109001
vt 0.135741 0.102737
vt 0.131774 0.115160
vt 0.128135 0.114952
vt 0.124794 0.114847
vt 0.121483 0.108270
vt 0.447276 0.068130
vt 0.444721 0.093041
vt 0.106540 0.118710
vt 0.109105 0.121946
vt 0.109015 0.122051
vt 0.106808 0.121842
vt 0.105048 0.121320
vt 0.124794 0.127793
vt 0.121066 0.139903
vt 0.121513 0.127688
vt 0.451647 0.046692
vt 0.124794 0.140634
vt 0.109612 0.148255
vt 0.116174 0.153580
vt 0.107912 0.167883
vt 0.117069 0.137815
vt 0.111014 0.133431
vt 0.318019 0.205261
vt 0.316883 0.159750
vt 0.304281 0.206099
vt 0.305473 0.157115
vt 0.310809 0.123102
vt 0.301443 0.124539
vt 0.303940 0.098071
vt 0.297696 0.102143
vt 0.106599 0.129046
vt 0.293722 0.084537
vt 0.297526 0.079867
vt 0.290657 0.060824
vt 0.107226 0.125392
vt 0.110835 0.128106
vt 0.116741 0.128628
vt 0.289919 0.085376
vt 0.291679 0.105975
vt 0.292928 0.129210
vt 0.293495 0.166696
vt 0.291111 0.211488
vt 0.120916 0.156399
vt 0.124794 0.157234
vt 0.270732 0.144300
vt 0.267610 0.110886
vt 0.261990 0.149211
vt 0.258698 0.116634
vt 0.262387 0.073998
vt 0.268745 0.074717
vt 0.277998 0.015912
vt 0.128552 0.139903
vt 0.128105 0.127688
vt 0.124794 0.122051
vt 0.280098 0.134719
vt 0.277544 0.103341
vt 0.277885 0.065375
vt 0.119336 0.122051
vt 0.114593 0.122051
vt 0.258754 0.439162
vt 0.279758 0.426586
vt 0.264317 0.386345
vt 0.111581 0.122051
vt 0.278112 0.375566
vt 0.264715 0.343589
vt 0.277544 0.333289
vt 0.266304 0.303109
vt 0.277771 0.296042
vt 0.266588 0.268976
vt 0.277033 0.260113
vt 0.267156 0.228255
vt 0.274422 0.225261
vt 0.268916 0.186577
vt 0.109642 0.122051
vt 0.280893 0.221908
vt 0.286229 0.253047
vt 0.290487 0.287060
vt 0.292871 0.326822
vt 0.293382 0.367901
vt 0.296277 0.418203
vt 0.105496 0.125914
vt 0.102931 0.140112
vt 0.223162 0.513296
vt 0.222083 0.526710
vt 0.225489 0.525632
vt 0.100157 0.157443
vt 0.097472 0.179158
vt 0.055246 0.608150
vt 0.056268 0.588748
vt 0.051840 0.592461
vt 0.099769 0.246184
vt 0.098815 0.253074
vt 0.097532 0.255893
vt 0.056325 0.572101
vt 0.045766 0.581323
vt 0.100873 0.248794
vt 0.045766 0.564316
vt 0.057404 0.554376
vt 0.046788 0.547429
vt 0.056438 0.538806
vt 0.048094 0.533057
vt 0.055076 0.521201
vt 0.050081 0.519883
vt 0.053770 0.504194
vt 0.105854 0.247019
vt 0.096757 0.263827
vt 0.097383 0.264871
vt 0.093774 0.269465
vt 0.098099 0.260800
vt 0.098606 0.255893
vt 0.045085 0.601563
vt 0.095205 0.273015
vt 0.090195 0.275625
vt 0.104213 0.269674
vt 0.079656 0.580245
vt 0.093450 0.574376
vt 0.085673 0.561442
vt 0.105406 0.259129
vt 0.094131 0.545872
vt 0.087206 0.538087
vt 0.086468 0.506709
vt 0.099411 0.257459
vt 0.096488 0.260800
vt 0.030212 0.612342
vt 0.040260 0.582401
vt 0.028112 0.581083
vt 0.099083 0.236996
vt 0.029645 0.554855
vt 0.040544 0.555932
vt 0.033278 0.534375
vt 0.041566 0.538806
vt 0.037592 0.520003
vt 0.042417 0.522877
vt 0.041793 0.503356
vt 0.092849 0.210061
vt 0.091209 0.218413
vt 0.085064 0.215490
vt 0.094639 0.223320
vt 0.080560 0.203379
vt 0.078383 0.214132
vt 0.071821 0.214550
vt 0.101568 0.506230
vt 0.102930 0.518686
vt 0.106052 0.518326
vt 0.102249 0.536051
vt 0.107188 0.536291
vt 0.096041 0.198264
vt 0.107926 0.557609
vt 0.100660 0.561681
vt 0.109572 0.581921
vt 0.100716 0.584556
vt 0.112978 0.603120
vt 0.102079 0.611264
vt 0.104541 0.218622
vt 0.105048 0.227809
vt 0.097413 0.230106
vt 0.120471 0.587071
vt 0.122742 0.571861
vt 0.117179 0.576173
vt 0.120017 0.559046
vt 0.114454 0.560484
vt 0.114397 0.544076
vt 0.120585 0.544555
vt 0.116781 0.527907
vt 0.122969 0.529943
vt 0.120982 0.517847
vt 0.124672 0.520362
vt 0.124615 0.514015
vt 0.125637 0.515572
vt 0.127680 0.513536
vt 0.116323 0.207555
vt 0.106689 0.204006
vt 0.107107 0.186571
vt 0.114444 0.246288
vt 0.074377 0.512817
vt 0.067735 0.538567
vt 0.075682 0.537608
vt 0.115458 0.224259
vt 0.066827 0.568268
vt 0.079429 0.566352
vt 0.116681 0.175817
vt 0.121543 0.178323
vt 0.124794 0.180933
vt 0.128701 0.156399
vt 0.133444 0.153580
vt 0.132549 0.137815
vt 0.132877 0.128628
vt 0.127807 0.186779
vt 0.128075 0.178323
vt 0.132937 0.175817
vt 0.124794 0.186675
vt 0.121692 0.196384
vt 0.121811 0.186779
vt 0.116413 0.187719
vt 0.130282 0.122051
vt 0.135025 0.122051
vt 0.138783 0.128106
vt 0.138604 0.133431
vt 0.140006 0.148255
vt 0.141706 0.167883
vt 0.124794 0.205050
vt 0.127926 0.196384
vt 0.142511 0.186571
vt 0.133295 0.207555
vt 0.133205 0.187719
vt 0.124794 0.213610
vt 0.134160 0.224259
vt 0.135174 0.246288
vt 0.124794 0.227287
vt 0.124794 0.245557
vt 0.124794 0.264036
vt 0.145076 0.218622
vt 0.142929 0.204006
vt 0.152145 0.179158
vt 0.149461 0.157443
vt 0.146687 0.140112
vt 0.143018 0.129046
vt 0.142422 0.125392
vt 0.144122 0.125914
vt 0.138037 0.122051
vt 0.139976 0.122051
vt 0.146747 0.123617
vt 0.151758 0.130298
vt 0.145136 0.112655
vt 0.121483 0.114952
vt 0.117844 0.115160
vt 0.142541 0.115891
vt 0.140185 0.112864
vt 0.140304 0.108061
vt 0.135591 0.110567
vt 0.138127 0.116413
vt 0.140990 0.117353
vt 0.137649 0.121946
vt 0.134667 0.121946
vt 0.129715 0.121946
vt 0.124794 0.121946
vt 0.119902 0.121946
vt 0.114951 0.121946
vt 0.111491 0.116413
vt 0.111968 0.121946
vt 0.108628 0.117353
vt 0.107077 0.115891
vt 0.109433 0.112864
vt 0.114026 0.110567
vt 0.117516 0.109001
vt 0.097860 0.130298
vt 0.160408 0.107017
vt 0.156679 0.117562
vt 0.149282 0.091461
vt 0.164434 0.133535
vt 0.156798 0.145750
vt 0.121513 0.100649
vt 0.113877 0.102737
vt 0.109314 0.108061
vt 0.104482 0.112655
vt 0.102871 0.123617
vt 0.092939 0.117562
vt 0.100336 0.091461
vt 0.111282 0.083840
vt 0.121602 0.080917
vt 0.124794 0.080395
vt 0.128015 0.080917
vt 0.138335 0.083840
vt 0.177498 0.148360
vt 0.175232 0.112446
vt 0.185492 0.138129
vt 0.183553 0.172059
vt 0.176395 0.177175
vt 0.161780 0.167987
vt 0.164941 0.190851
vt 0.171473 0.154728
vt 0.169087 0.124870
vt 0.178960 0.192208
vt 0.153577 0.198264
vt 0.169057 0.203379
vt 0.156769 0.210061
vt 0.183613 0.205676
vt 0.187908 0.192104
vt 0.192442 0.205676
vt 0.188475 0.213193
vt 0.186118 0.216534
vt 0.195812 0.226974
vt 0.203090 0.225095
vt 0.199511 0.205154
vt 0.199660 0.189076
vt 0.193307 0.164124
vt 0.201778 0.117353
vt 0.212426 0.143035
vt 0.220867 0.172268
vt 0.205238 0.203901
vt 0.209503 0.224051
vt 0.205625 0.243678
vt 0.199213 0.243052
vt 0.199809 0.254849
vt 0.205417 0.267377
vt 0.212187 0.243260
vt 0.227548 0.217369
vt 0.225192 0.195236
vt 0.236646 0.147003
vt 0.220599 0.094385
vt 0.230412 0.255893
vt 0.242551 0.124870
vt 0.241179 0.099709
vt 0.246817 0.163916
vt 0.246966 0.204945
vt 0.243625 0.265289
vt 0.213142 0.267690
vt 0.231426 0.286691
vt 0.234856 0.328138
vt 0.228175 0.324798
vt 0.223074 0.374284
vt 0.213291 0.291076
vt 0.203955 0.284812
vt 0.193038 0.254118
vt 0.192949 0.248376
vt 0.192293 0.242321
vt 0.191666 0.236161
vt 0.189131 0.228435
vt 0.184866 0.220814
vt 0.177797 0.214550
vt 0.171235 0.214132
vt 0.164553 0.215490
vt 0.158409 0.218413
vt 0.144569 0.227809
vt 0.154979 0.223320
vt 0.051002 0.265915
vt 0.056699 0.259860
vt 0.056788 0.262366
vt 0.054402 0.270822
vt 0.049391 0.289510
vt 0.052344 0.277713
vt 0.053656 0.295148
vt 0.047214 0.302351
vt 0.051032 0.314462
vt 0.045663 0.284812
vt 0.056967 0.275729
vt 0.055386 0.284290
vt 0.058399 0.301203
vt 0.056460 0.322396
vt 0.048973 0.332001
vt 0.043664 0.319473
vt 0.036327 0.291076
vt 0.036476 0.267690
vt 0.053805 0.226974
vt 0.057951 0.236161
vt 0.057325 0.242321
vt 0.060487 0.228435
vt 0.063499 0.216534
vt 0.061143 0.213193
vt 0.066005 0.205676
vt 0.044201 0.267377
vt 0.043992 0.243678
vt 0.037430 0.243260
vt 0.046528 0.225095
vt 0.050405 0.243052
vt 0.049809 0.254849
vt 0.056579 0.254118
vt 0.056669 0.248376
vt 0.057176 0.205676
vt 0.064752 0.220814
vt 0.070658 0.192208
vt 0.084677 0.190851
vt 0.087838 0.167987
vt 0.092819 0.145750
vt 0.085184 0.133535
vt 0.078144 0.154728
vt 0.073223 0.177175
vt 0.061710 0.192104
vt 0.050107 0.205154
vt 0.049958 0.189076
vt 0.066064 0.172059
vt 0.072119 0.148360
vt 0.080531 0.124870
vt 0.089210 0.107017
vt 0.097950 0.078620
vt 0.110358 0.071103
vt 0.121453 0.069537
vt 0.124794 0.069120
vt 0.128164 0.069537
vt 0.139260 0.071103
vt 0.151668 0.078620
vt 0.164732 0.094176
vt 0.186506 0.093132
vt 0.199302 0.065674
vt 0.175977 0.060454
vt 0.158081 0.058784
vt 0.141080 0.059723
vt 0.128850 0.059828
vt 0.124824 0.058053
vt 0.121125 0.059828
vt 0.108926 0.059723
vt 0.091925 0.058784
vt 0.084885 0.094176
vt 0.074386 0.112446
vt 0.064126 0.138129
vt 0.056311 0.164124
vt 0.047840 0.117353
vt 0.063112 0.093132
vt 0.074028 0.060454
vt 0.050703 0.065674
vt 0.029407 0.094385
vt 0.037192 0.143035
vt 0.028751 0.172268
vt 0.044380 0.203901
vt 0.040115 0.224051
vt 0.022069 0.217369
vt 0.012972 0.147003
vt 0.024426 0.195236
vt 0.007066 0.124870
vt 0.008438 0.099709
vt 0.002801 0.163916
vt 0.002652 0.204945
vt 0.019206 0.255893
vt 0.018192 0.286691
vt 0.036148 0.321457
vt 0.042203 0.379504
vt 0.021443 0.324798
vt 0.026544 0.374284
vt 0.014762 0.328138
vt 0.005993 0.265289
vt 0.049272 0.421368
vt 0.055506 0.383680
vt 0.055118 0.339622
vt 0.063052 0.346304
vt 0.073074 0.387751
vt 0.073253 0.415313
vt 0.096249 0.421682
vt 0.060845 0.412808
vt 0.073790 0.447886
vt 0.097174 0.456656
vt 0.124824 0.461145
vt 0.124794 0.419176
vt 0.071642 0.348914
vt 0.063380 0.329078
vt 0.070896 0.332210
vt 0.153368 0.421682
vt 0.152444 0.456656
vt 0.124794 0.390048
vt 0.096309 0.388482
vt 0.084110 0.350063
vt 0.078115 0.333254
vt 0.194112 0.383680
vt 0.176365 0.415313
vt 0.176544 0.387751
vt 0.188773 0.412808
vt 0.200346 0.421368
vt 0.175828 0.447886
vt 0.063977 0.306632
vt 0.070121 0.309868
vt 0.076474 0.310703
vt 0.082827 0.308720
vt 0.085333 0.332210
vt 0.096578 0.346931
vt 0.110447 0.338578
vt 0.124794 0.357788
vt 0.153309 0.388482
vt 0.207415 0.379504
vt 0.213470 0.321457
vt 0.205954 0.319473
vt 0.200644 0.332001
vt 0.194500 0.339622
vt 0.186566 0.346304
vt 0.193158 0.322396
vt 0.198586 0.314462
vt 0.202404 0.302351
vt 0.195961 0.295148
vt 0.200227 0.289510
vt 0.191219 0.301203
vt 0.185641 0.306632
vt 0.186238 0.329078
vt 0.177976 0.348914
vt 0.165508 0.350063
vt 0.171503 0.333254
vt 0.178721 0.332210
vt 0.179497 0.309868
vt 0.180034 0.294730
vt 0.185343 0.293686
vt 0.190115 0.289197
vt 0.194231 0.284290
vt 0.197274 0.277713
vt 0.195216 0.270822
vt 0.192651 0.275729
vt 0.008426 0.688690
vt 0.012075 0.717513
vt 0.008882 0.720519
vt 0.011950 0.749211
vt 0.016760 0.743590
vt 0.019870 0.791497
vt 0.025219 0.778687
vt 0.189399 0.280114
vt 0.185283 0.283664
vt 0.033719 0.777184
vt 0.022938 0.744571
vt 0.016346 0.718167
vt 0.180422 0.286378
vt 0.174247 0.295356
vt 0.138996 0.774897
vt 0.146377 0.771694
vt 0.145382 0.815679
vt 0.173144 0.310703
vt 0.152223 0.812085
vt 0.150979 0.849273
vt 0.163087 0.847770
vt 0.159272 0.814830
vt 0.173162 0.817248
vt 0.172375 0.783001
vt 0.186597 0.820124
vt 0.176023 0.845678
vt 0.102483 0.321979
vt 0.186638 0.848489
vt 0.093774 0.328765
vt 0.196092 0.852475
vt 0.196755 0.826006
vt 0.187716 0.790059
vt 0.198746 0.796464
vt 0.200612 0.770910
vt 0.189665 0.758949
vt 0.202685 0.748688
vt 0.192982 0.725029
vt 0.204800 0.730780
vt 0.089658 0.303500
vt 0.206914 0.713069
vt 0.196507 0.698559
vt 0.209319 0.695488
vt 0.166791 0.308720
vt 0.164285 0.332210
vt 0.155001 0.775158
vt 0.153040 0.346931
vt 0.139171 0.338578
vt 0.124794 0.329391
vt 0.112803 0.315401
vt 0.095235 0.296087
vt 0.174033 0.749342
vt 0.177724 0.715487
vt 0.099411 0.287318
vt 0.086735 0.286378
vt 0.091238 0.280114
vt 0.081008 0.292329
vt 0.163377 0.742545
vt 0.155748 0.738297
vt 0.143474 0.768099
vt 0.147040 0.733983
vt 0.159479 0.703200
vt 0.151269 0.699148
vt 0.075370 0.295356
vt 0.155001 0.669998
vt 0.163501 0.673201
vt 0.157945 0.645685
vt 0.164621 0.647319
vt 0.165657 0.619151
vt 0.069584 0.294730
vt 0.064275 0.293686
vt 0.167814 0.708428
vt 0.182575 0.688298
vt 0.059502 0.289197
vt 0.170965 0.650587
vt 0.060218 0.280114
vt 0.172541 0.675096
vt 0.064334 0.283664
vt 0.189748 0.662090
vt 0.202353 0.672155
vt 0.069196 0.286378
vt 0.212180 0.677972
vt 0.209070 0.654443
vt 0.217612 0.660391
vt 0.221219 0.644444
vt 0.224246 0.647777
vt 0.235649 0.631503
vt 0.074834 0.287213
vt 0.216990 0.639999
vt 0.206251 0.630523
vt 0.198041 0.644444
vt 0.199036 0.614837
vt 0.188670 0.627778
vt 0.179382 0.649999
vt 0.080322 0.286065
vt 0.085810 0.281158
vt 0.209692 0.602877
vt 0.214005 0.616994
vt 0.218773 0.590524
vt 0.221966 0.602092
vt 0.226236 0.577126
vt 0.229388 0.583858
vt 0.230051 0.566211
vt 0.232580 0.569414
vt 0.233119 0.552029
vt 0.113639 0.292538
vt 0.114295 0.269674
vt 0.225200 0.622876
vt 0.233036 0.602158
vt 0.235898 0.586014
vt 0.155844 0.328765
vt 0.235649 0.570394
vt 0.124794 0.285334
vt 0.239878 0.599609
vt 0.124794 0.307989
vt 0.181953 0.503272
vt 0.186265 0.515625
vt 0.184524 0.518239
vt 0.136814 0.315401
vt 0.186224 0.533075
vt 0.189499 0.528762
vt 0.188546 0.553401
vt 0.193770 0.549349
vt 0.147134 0.321979
vt 0.199658 0.527977
vt 0.204509 0.536212
vt 0.201938 0.536147
vt 0.159960 0.303500
vt 0.202975 0.541898
vt 0.212885 0.542552
vt 0.213548 0.552552
vt 0.202768 0.548892
vt 0.213590 0.562486
vt 0.201814 0.555101
vt 0.168610 0.292329
vt 0.209900 0.571048
vt 0.216866 0.576342
vt 0.162883 0.286378
vt 0.159423 0.275625
vt 0.163808 0.281158
vt 0.217985 0.566081
vt 0.152861 0.263827
vt 0.155844 0.269465
vt 0.152235 0.264871
vt 0.219188 0.557519
vt 0.216451 0.555689
vt 0.220473 0.546931
vt 0.151519 0.260800
vt 0.174784 0.287213
vt 0.169296 0.286065
vt 0.210936 0.535167
vt 0.203473 0.529350
vt 0.208407 0.528239
vt 0.202809 0.524579
vt 0.206582 0.522030
vt 0.202229 0.521572
vt 0.202478 0.516017
vt 0.205214 0.516148
vt 0.203514 0.511246
vt 0.205173 0.511703
vt 0.205712 0.506671
vt 0.154382 0.296087
vt 0.200238 0.519742
vt 0.150207 0.287318
vt 0.135979 0.292538
vt 0.205919 0.578433
vt 0.135323 0.269674
vt 0.198456 0.559676
vt 0.195429 0.564577
vt 0.192402 0.570067
vt 0.144211 0.259129
vt 0.189085 0.576342
vt 0.199202 0.587191
vt 0.145405 0.269674
vt 0.192236 0.592289
vt 0.185809 0.593008
vt 0.185270 0.582812
vt 0.177931 0.594249
vt 0.175567 0.581832
vt 0.172333 0.583400
vt 0.154412 0.273015
vt 0.158379 0.280114
vt 0.175319 0.572616
vt 0.184731 0.573204
vt 0.183404 0.562747
vt 0.174780 0.563858
vt 0.178428 0.554643
vt 0.173826 0.556931
vt 0.175941 0.549611
vt 0.172789 0.552682
vt 0.173204 0.546408
vt 0.171255 0.549022
vt 0.168353 0.544317
vt 0.181621 0.554316
vt 0.180046 0.548696
vt 0.177724 0.550722
vt 0.178263 0.544186
vt 0.176770 0.546147
vt 0.174614 0.539219
vt 0.150207 0.257459
vt 0.173660 0.573139
vt 0.170509 0.576799
vt 0.170965 0.566015
vt 0.167897 0.570525
vt 0.167689 0.560917
vt 0.165284 0.565558
vt 0.164372 0.557649
vt 0.162755 0.562486
vt 0.160972 0.557388
vt 0.160392 0.560460
vt 0.157365 0.559218
vt 0.150535 0.236996
vt 0.152205 0.230106
vt 0.169804 0.596406
vt 0.168643 0.575819
vt 0.163957 0.569675
vt 0.163128 0.598040
vt 0.159313 0.565427
vt 0.151012 0.255893
vt 0.154545 0.562943
vt 0.147206 0.589805
vt 0.148574 0.561898
vt 0.141816 0.584119
vt 0.135099 0.580002
vt 0.134725 0.594315
vt 0.131989 0.583139
vt 0.131698 0.570852
vt 0.129708 0.573531
vt 0.126557 0.561702
vt 0.153130 0.260800
vt 0.538257 0.647755
vt 0.539462 0.650097
vt 0.532939 0.652166
vt 0.542164 0.637191
vt 0.540490 0.637191
vt 0.146584 0.555166
vt 0.539462 0.624232
vt 0.134145 0.566799
vt 0.145216 0.546996
vt 0.133896 0.554512
vt 0.142521 0.541245
vt 0.134767 0.544643
vt 0.142521 0.531311
vt 0.136135 0.534644
vt 0.141940 0.524448
vt 0.136716 0.525298
vt 0.141816 0.520004
vt 0.538257 0.626573
vt 0.139991 0.513533
vt 0.136716 0.516605
vt 0.137462 0.508762
vt 0.135555 0.510985
vt 0.133606 0.505233
vt 0.532939 0.618841
vt 0.532939 0.622162
vt 0.526417 0.624232
vt 0.527593 0.626573
vt 0.145506 0.539676
vt 0.146916 0.529023
vt 0.523715 0.637191
vt 0.525389 0.637191
vt 0.526417 0.650097
vt 0.527593 0.647755
vt 0.143682 0.515298
vt 0.532939 0.655487
vt 0.274459 0.467195
vt 0.278108 0.479744
vt 0.275122 0.506410
vt 0.285779 0.497260
vt 0.285281 0.520200
vt 0.273879 0.531441
vt 0.285198 0.541833
vt 0.273713 0.554186
vt 0.269193 0.527912
vt 0.265295 0.545036
vt 0.265710 0.525428
vt 0.264383 0.495822
vt 0.262144 0.566342
vt 0.271557 0.577257
vt 0.285406 0.564316
vt 0.296435 0.542421
vt 0.293906 0.517324
vt 0.292662 0.494318
vt 0.292869 0.473143
vt 0.287976 0.472816
vt 0.294611 0.459418
vt 0.291542 0.457653
vt 0.298135 0.444451
vt 0.257500 0.583792
vt 0.265793 0.604968
vt 0.515253 0.669700
vt 0.517398 0.665779
vt 0.531617 0.685164
vt 0.284245 0.589152
vt 0.298384 0.567453
vt 0.512198 0.635939
vt 0.509290 0.635830
vt 0.518279 0.606807
vt 0.516223 0.602668
vt 0.297803 0.598302
vt 0.294652 0.631046
vt 0.532763 0.594010
vt 0.532793 0.588238
vt 0.547100 0.607569
vt 0.549245 0.603648
vt 0.252773 0.600720
vt 0.258827 0.629281
vt 0.248046 0.617190
vt 0.552124 0.637300
vt 0.243485 0.633725
vt 0.249746 0.658757
vt 0.237556 0.653528
vt 0.555032 0.637573
vt 0.546072 0.667086
vt 0.548217 0.670952
vt 0.531676 0.679392
vt 0.273049 0.643398
vt 0.279393 0.617778
vt 0.549215 0.637300
vt 0.544133 0.662784
vt 0.287603 0.657254
vt 0.264217 0.672155
vt 0.254681 0.698298
vt 0.241163 0.684442
vt 0.232705 0.708690
vt 0.223085 0.700912
vt 0.215622 0.722349
vt 0.544955 0.611435
vt 0.224163 0.730454
vt 0.233161 0.740845
vt 0.243776 0.722676
vt 0.242449 0.757185
vt 0.254805 0.737251
vt 0.251281 0.770779
vt 0.532704 0.599728
vt 0.263844 0.749734
vt 0.267742 0.713592
vt 0.520307 0.610836
vt 0.515106 0.636102
vt 0.519543 0.661913
vt 0.230756 0.675554
vt 0.531706 0.673675
vt 0.277486 0.722872
vt 0.283457 0.691762
vt 0.288018 0.697710
vt 0.292206 0.661829
vt 0.297472 0.669083
vt 0.279062 0.687122
vt 0.300208 0.636470
vt 0.307381 0.616536
vt 0.302779 0.610916
vt 0.316089 0.595034
vt 0.305972 0.645228
vt 0.312233 0.624118
vt 0.282544 0.464058
vt 0.288971 0.453470
vt 0.068798 0.580655
vt 0.068963 0.599805
vt 0.066724 0.601896
vt 0.065854 0.614379
vt 0.068922 0.612549
vt 0.065232 0.627516
vt 0.068507 0.624118
vt 0.067429 0.651894
vt 0.063946 0.653202
vt 0.057851 0.653202
vt 0.055612 0.682743
vt 0.063241 0.678756
vt 0.059344 0.628497
vt 0.569105 0.601906
vt 0.568723 0.587149
vt 0.577008 0.600817
vt 0.061127 0.611831
vt 0.063283 0.598367
vt 0.567783 0.620257
vt 0.560409 0.601361
vt 0.532734 0.644052
vt 0.529443 0.636483
vt 0.532381 0.630820
vt 0.054907 0.709605
vt 0.535407 0.636592
vt 0.063822 0.705422
vt 0.533938 0.624831
vt 0.533938 0.649280
vt 0.532234 0.649661
vt 0.058556 0.736336
vt 0.532234 0.624504
vt 0.040934 0.718559
vt 0.045453 0.688037
vt 0.033595 0.697514
vt 0.530501 0.645033
vt 0.530501 0.629078
vt 0.025965 0.678952
vt 0.035378 0.670652
vt 0.025509 0.656992
vt 0.019414 0.663528
vt 0.016802 0.645228
vt 0.013692 0.647385
vt 0.009048 0.632287
vt 0.541283 0.558997
vt 0.535025 0.558997
vt 0.535025 0.507485
vt 0.010416 0.649149
vt 0.541283 0.507485
vt 0.013111 0.667449
vt 0.017092 0.685619
vt 0.022358 0.706075
vt 0.029324 0.727709
vt 0.049019 0.740323
vt 0.038156 0.750584
vt 0.048149 0.768949
vt 0.060007 0.762021
vt 0.065273 0.733787
vt 0.074229 0.732545
vt 0.071327 0.758230
vt 0.065480 0.780779
vt 0.054617 0.782478
vt 0.040975 0.781236
vt 0.047775 0.803915
vt 0.033097 0.796334
vt 0.038819 0.827248
vt 0.025468 0.819731
vt 0.017631 0.842476
vt 0.033180 0.851691
vt 0.050222 0.856985
vt 0.053456 0.829927
vt 0.065729 0.859142
vt 0.065771 0.830515
vt 0.077505 0.859142
vt 0.077671 0.830842
vt 0.089115 0.858684
vt 0.089322 0.830842
vt 0.103876 0.856135
vt 0.101140 0.830515
vt 0.119467 0.851103
vt 0.114740 0.828555
vt 0.133399 0.843129
vt 0.126889 0.822607
vt 0.120711 0.800647
vt 0.106862 0.806268
vt 0.113910 0.785680
vt 0.100974 0.785158
vt 0.108354 0.773263
vt 0.651983 0.912504
vt 0.628832 0.883100
vt 0.630242 0.880323
vt 0.652512 0.908801
vt 0.686621 0.927805
vt 0.686826 0.931508
vt 0.715882 0.933686
vt 0.714707 0.929766
vt 0.726370 0.929548
vt 0.725342 0.925573
vt 0.728720 0.918276
vt 0.730601 0.926390
vt 0.734097 0.925736
vt 0.731071 0.937389
vt 0.090939 0.805941
vt 0.077837 0.803850
vt 0.064485 0.803719
vt 0.726517 0.935265
vt 0.713767 0.940112
vt 0.078168 0.779275
vt 0.090566 0.782282
vt 0.096122 0.765224
vt 0.109764 0.745943
vt 0.119715 0.754048
vt 0.684241 0.936300
vt 0.128547 0.729669
vt 0.117642 0.721957
vt 0.098569 0.738362
vt 0.083144 0.760583
vt 0.648428 0.916479
vt 0.626717 0.887347
vt 0.083020 0.734702
vt 0.088452 0.735029
vt 0.104664 0.713069
vt 0.124028 0.700978
vt 0.135223 0.707121
vt 0.130247 0.679998
vt 0.140364 0.686468
vt 0.135140 0.663920
vt 0.143847 0.668757
vt 0.140613 0.647908
vt 0.147082 0.650783
vt 0.149860 0.632483
vt 0.135555 0.641633
vt 0.128008 0.656012
vt 0.119964 0.671240
vt 0.111630 0.691305
vt 0.102508 0.684573
vt 0.094256 0.707579
vt 0.089861 0.705357
vt 0.113206 0.665162
vt 0.124235 0.651372
vt 0.583912 0.631637
vt 0.580386 0.635122
vt 0.580210 0.626410
vt 0.098776 0.686272
vt 0.093717 0.682547
vt 0.103918 0.665619
vt 0.585880 0.624395
vt 0.587643 0.635394
vt 0.584147 0.639696
vt 0.084056 0.703527
vt 0.577772 0.658428
vt 0.074105 0.702742
vt 0.575098 0.650859
vt 0.558205 0.692515
vt 0.074644 0.676599
vt 0.075805 0.652352
vt 0.079537 0.631699
vt 0.087000 0.631634
vt 0.557030 0.684293
vt 0.088783 0.618628
vt 0.082854 0.617974
vt 0.090981 0.606602
vt 0.086669 0.607386
vt 0.095293 0.590720
vt 0.529913 0.714569
vt 0.529796 0.724370
vt 0.507174 0.733028
vt 0.085425 0.651764
vt 0.084554 0.676926
vt 0.072529 0.627647
vt 0.078210 0.612288
vt 0.084512 0.601700
vt 0.087954 0.678299
vt 0.098569 0.660718
vt 0.093178 0.656666
vt 0.104249 0.643986
vt 0.099771 0.639999
vt 0.109101 0.633072
vt 0.106530 0.627647
vt 0.114906 0.626274
vt 0.114076 0.622222
vt 0.122411 0.621242
vt 0.507174 0.724316
vt 0.108230 0.649149
vt 0.112666 0.637712
vt 0.116771 0.629150
vt 0.687649 0.745225
vt 0.663352 0.823202
vt 0.662882 0.815361
vt 0.684065 0.747186
vt 0.720201 0.539285
vt 0.725313 0.538741
vt 0.722375 0.551537
vt 0.717175 0.547562
vt 0.215331 0.758753
vt 0.216948 0.769276
vt 0.218317 0.767642
vt 0.716205 0.542062
vt 0.217612 0.777838
vt 0.221717 0.787445
vt 0.218234 0.786334
vt 0.686415 0.554314
vt 0.219022 0.810974
vt 0.222753 0.810059
vt 0.690910 0.558344
vt 0.223624 0.840254
vt 0.219270 0.835090
vt 0.693525 0.647973
vt 0.697461 0.645414
vt 0.734890 0.664635
vt 0.735243 0.660933
vt 0.215331 0.768034
vt 0.739855 0.656631
vt 0.215331 0.785746
vt 0.215331 0.810778
vt 0.739238 0.665071
vt 0.215331 0.840711
vt 0.744468 0.666215
vt 0.709095 0.901723
vt 0.709095 0.914029
vt 0.705306 0.906514
vt 0.702368 0.900634
vt 0.704424 0.897856
vt 0.249954 0.506344
vt 0.247259 0.515233
vt 0.249954 0.515233
vt 0.244688 0.532748
vt 0.249954 0.532356
vt 0.245103 0.555820
vt 0.249954 0.556408
vt 0.667965 0.825434
vt 0.249954 0.585034
vt 0.246222 0.584773
vt 0.690675 0.753393
vt 0.730895 0.797990
vt 0.731188 0.792926
vt 0.735213 0.795431
vt 0.734479 0.805777
vt 0.740149 0.799678
vt 0.596721 0.668611
vt 0.590992 0.692406
vt 0.582325 0.670081
vt 0.601275 0.694040
vt 0.603508 0.687016
vt 0.575803 0.714024
vt 0.564140 0.734172
vt 0.561496 0.704549
vt 0.575656 0.745334
vt 0.578653 0.739944
vt 0.547570 0.753012
vt 0.533057 0.765536
vt 0.534526 0.733464
vt 0.543957 0.789114
vt 0.547805 0.785575
vt 0.740149 0.676452
vt 0.735360 0.670026
vt 0.697608 0.654562
vt 0.336945 0.904761
vt 0.341423 0.887768
vt 0.334748 0.891886
vt 0.335328 0.882801
vt 0.348058 0.866200
vt 0.719848 0.530627
vt 0.336531 0.862018
vt 0.329979 0.885546
vt 0.328196 0.863259
vt 0.716058 0.538251
vt 0.327450 0.841234
vt 0.337899 0.837313
vt 0.326330 0.817836
vt 0.336448 0.812215
vt 0.689764 0.549032
vt 0.334996 0.787053
vt 0.323677 0.793327
vt 0.332965 0.762871
vt 0.686209 0.523113
vt 0.682331 0.524039
vt 0.565991 0.911905
vt 0.569722 0.909400
vt 0.566226 0.903846
vt 0.332592 0.886984
vt 0.567900 0.919638
vt 0.562612 0.915935
vt 0.562583 0.907113
vt 0.315384 0.822869
vt 0.550772 0.829573
vt 0.316130 0.844371
vt 0.315674 0.864566
vt 0.554709 0.825870
vt 0.314513 0.885611
vt 0.548569 0.817920
vt 0.324879 0.897637
vt 0.311611 0.906460
vt 0.321769 0.912473
vt 0.307879 0.927048
vt 0.319323 0.932276
vt 0.304272 0.940185
vt 0.312399 0.949073
vt 0.299752 0.952929
vt 0.302115 0.965478
vt 0.293325 0.962798
vt 0.293532 0.974105
vt 0.514019 0.846943
vt 0.513961 0.834637
vt 0.552447 0.813836
vt 0.295730 0.940838
vt 0.298881 0.925479
vt 0.302406 0.904500
vt 0.303816 0.884827
vt 0.304977 0.864893
vt 0.586850 0.776590
vt 0.609883 0.835617
vt 0.613026 0.830335
vt 0.608855 0.827122
vt 0.305184 0.845547
vt 0.613173 0.841607
vt 0.295067 0.865874
vt 0.294942 0.885350
vt 0.294445 0.904892
vt 0.292081 0.926721
vt 0.289054 0.946786
vt 0.607356 0.841933
vt 0.605975 0.832894
vt 0.284866 0.930773
vt 0.287893 0.907964
vt 0.286110 0.886853
vt 0.285115 0.866266
vt 0.284576 0.846070
vt 0.589700 0.770764
vt 0.294735 0.845940
vt 0.304686 0.825287
vt 0.582972 0.766462
vt 0.313145 0.800320
vt 0.320194 0.772936
vt 0.316586 0.755878
vt 0.331099 0.743264
vt 0.329689 0.726924
vt 0.312938 0.740127
vt 0.327491 0.710324
vt 0.308833 0.723003
vt 0.326413 0.701174
vt 0.585792 0.760636
vt 0.306345 0.712546
vt 0.294237 0.723264
vt 0.297554 0.733852
vt 0.302364 0.750322
vt 0.306345 0.765158
vt 0.309994 0.780975
vt 0.303359 0.803719
vt 0.612938 0.708524
vt 0.637617 0.733300
vt 0.639967 0.726113
vt 0.635354 0.726330
vt 0.641876 0.737439
vt 0.636001 0.741414
vt 0.301286 0.789471
vt 0.633210 0.733464
vt 0.297389 0.775289
vt 0.292745 0.762544
vt 0.286484 0.747969
vt 0.282171 0.738362
vt 0.270976 0.760126
vt 0.276740 0.768034
vt 0.262020 0.787380
vt 0.615171 0.701391
vt 0.607503 0.701990
vt 0.609765 0.694857
vt 0.283871 0.777576
vt 0.289676 0.785223
vt 0.296145 0.794700
vt 0.294113 0.805092
vt 0.294403 0.826006
vt 0.615524 0.674982
vt 0.621047 0.681080
vt 0.284949 0.825156
vt 0.286442 0.804176
vt 0.737446 0.788025
vt 0.277569 0.800190
vt 0.732305 0.789550
vt 0.692085 0.744953
vt 0.274500 0.822346
vt 0.273671 0.845482
vt 0.274459 0.868292
vt 0.277030 0.891298
vt 0.280927 0.913061
vt 0.273049 0.919597
vt 0.277901 0.936982
vt 0.265669 0.926786
vt 0.271515 0.944302
vt 0.267949 0.896591
vt 0.264300 0.870579
vt 0.263430 0.844763
vt 0.264964 0.818816
vt 0.268861 0.794308
vt 0.257044 0.814176
vt 0.254639 0.844436
vt 0.255800 0.873259
vt 0.259988 0.903062
vt 0.287354 0.966327
vt 0.287935 0.979791
vt 0.283871 0.971556
vt 0.277818 0.959530
vt 0.283125 0.953060
vt 0.689764 0.548978
vt 0.503825 0.773432
vt 0.511816 0.745607
vt 0.519778 0.773486
vt 0.513990 0.801257
vt 0.509583 0.801257
vt 0.513755 0.834637
vt 0.511816 0.944413
vt 0.507938 0.945121
vt 0.509583 0.936953
vt 0.511816 0.953507
vt 0.515694 0.945121
vt 0.514049 0.936953
vt 0.513843 0.846889
vt 0.509554 0.846943
vt 0.509583 0.834637
vt 0.649104 0.787971
vt 0.647047 0.790802
vt 0.643022 0.757750
vt 0.635325 0.767551
vt 0.624984 0.746968
vt 0.635354 0.767551
vt 0.586053 0.840166
vt 0.583999 0.826717
vt 0.585636 0.840402
vt 0.683918 0.561339
vt 0.690293 0.643072
vt 0.674751 0.559215
vt 0.502631 0.507542
vt 0.506382 0.553256
vt 0.514629 0.529190
vt 0.675750 0.564715
vt 0.663911 0.562101
vt 0.667230 0.580561
vt 0.651278 0.575823
vt 0.608293 0.653002
vt 0.610020 0.620088
vt 0.599778 0.654359
vt 0.682801 0.551973
vt 0.679335 0.526598
vt 0.598826 0.622329
vt 0.596265 0.566882
vt 0.611777 0.565938
vt 0.674605 0.555349
vt 0.612640 0.545411
vt 0.595819 0.543051
vt 0.612372 0.535383
vt 0.595402 0.532906
vt 0.663441 0.549359
vt 0.533416 0.931949
vt 0.536512 0.914076
vt 0.539549 0.913132
vt 0.537911 0.874378
vt 0.533684 0.874024
vt 0.534309 0.860929
vt 0.690469 0.652220
vt 0.685445 0.738746
vt 0.530915 0.860044
vt 0.530438 0.876855
vt 0.533803 0.915079
vt 0.675662 0.640840
vt 0.675927 0.646122
vt 0.661913 0.635285
vt 0.662001 0.657067
vt 0.504388 0.978548
vt 0.507156 0.978548
vt 0.503286 0.988989
vt 0.649368 0.633870
vt 0.506144 0.988989
vt 0.676279 0.637191
vt 0.515106 0.988989
vt 0.516029 0.978548
vt 0.531510 0.988989
vt 0.532403 0.978548
vt 0.560062 0.976719
vt 0.559228 0.988694
vt 0.664674 0.619276
vt 0.580932 0.988399
vt 0.581677 0.976542
vt 0.597188 0.988989
vt 0.598617 0.978548
vt 0.613146 0.978548
vt 0.612819 0.988989
vt 0.633808 0.988989
vt 0.669698 0.726929
vt 0.669434 0.731993
vt 0.651395 0.708688
vt 0.534666 0.929058
vt 0.539162 0.911363
vt 0.536542 0.911952
vt 0.650455 0.726330
vt 0.536691 0.872431
vt 0.639497 0.704277
vt 0.533684 0.858452
vt 0.670815 0.723499
vt 0.530438 0.857685
vt 0.530349 0.875322
vt 0.533594 0.913191
vt 0.655273 0.696872
vt 0.587512 0.882695
vt 0.586738 0.889420
vt 0.587214 0.882813
vt 0.586381 0.889656
vt 0.585220 0.896616
vt 0.584833 0.896734
vt 0.584922 0.905877
vt 0.584714 0.905877
vt 0.585369 0.917910
vt 0.585636 0.917674
vt 0.674751 0.559161
vt 0.586053 0.924634
vt 0.585785 0.924988
vt 0.586679 0.928528
vt 0.589596 0.873434
vt 0.589894 0.873434
vt 0.589685 0.865530
vt 0.590073 0.865176
vt 0.587393 0.858511
vt 0.587750 0.858216
vt 0.585756 0.849958
vt 0.586083 0.849486
vt 0.606775 0.960026
vt 0.629193 0.970526
vt 0.629342 0.960026
vt 0.647563 0.960026
vt 0.648069 0.970526
vt 0.666439 0.970526
vt 0.665992 0.960026
vt 0.688560 0.970526
vt 0.687666 0.960026
vt 0.711336 0.970526
vt 0.589388 0.873788
vt 0.586917 0.882990
vt 0.587244 0.882990
vt 0.586143 0.889773
vt 0.586470 0.889656
vt 0.585577 0.896380
vt 0.585249 0.896557
vt 0.586024 0.905582
vt 0.586053 0.905700
vt 0.587631 0.917379
vt 0.587393 0.917497
vt 0.588554 0.924340
vt 0.588316 0.924457
vt 0.589328 0.928410
vt 0.746229 0.960026
vt 0.711484 0.960026
vt 0.746169 0.970526
vt 0.745723 0.978548
vt 0.745752 0.988989
vt 0.712943 0.978548
vt 0.712735 0.988989
vt 0.690525 0.978548
vt 0.582927 0.827307
vt 0.585994 0.840107
vt 0.585607 0.840461
vt 0.585964 0.849722
vt 0.586411 0.849368
vt 0.587393 0.858688
vt 0.587750 0.858393
vt 0.589953 0.865707
vt 0.590400 0.865471
vt 0.589120 0.873729
vt 0.612580 0.508780
vt 0.596384 0.507365
vt 0.521685 0.970526
vt 0.504685 0.960026
vt 0.504239 0.970526
vt 0.522400 0.960026
vt 0.606864 0.970526
vt 0.590430 0.970526
vt 0.591263 0.960026
vt 0.551666 0.960026
vt 0.573787 0.957844
vt 0.573192 0.969641
vt 0.551339 0.958316
vt 0.550445 0.970290
vt 0.550565 0.970526
vt 0.521328 0.970526
vt 0.521894 0.960026
vt 0.573311 0.970526
vt 0.504447 0.960026
vt 0.504090 0.970526
vt 0.574085 0.960026
vt 0.590311 0.970526
vt 0.591472 0.960026
vt 0.607221 0.960026
vt 0.633778 0.978548
vt 0.606894 0.970526
vt 0.651701 0.978548
vt 0.652535 0.988989
vt 0.669714 0.988989
vt 0.669505 0.978548
vt 0.690793 0.988989
vt 0.587393 0.882990
vt 0.589418 0.873788
vt 0.587095 0.882990
vt 0.586291 0.889832
vt 0.586619 0.889656
vt 0.585517 0.896380
vt 0.523650 0.552076
vt 0.525734 0.505831
vt 0.585309 0.905582
vt 0.585041 0.905700
vt 0.586053 0.917320
vt 0.585815 0.917379
vt 0.579295 0.569595
vt 0.583076 0.506303
vt 0.576526 0.560865
vt 0.586262 0.924457
vt 0.579176 0.513381
vt 0.566910 0.537330
vt 0.554941 0.512968
vt 0.558335 0.561514
vt 0.586500 0.924398
vt 0.555001 0.569241
vt 0.551130 0.505831
vt 0.587095 0.928410
vt 0.595372 0.532906
vt 0.612342 0.535324
vt 0.612551 0.508780
vt 0.596355 0.507365
vt 0.613325 0.978548
vt 0.633838 0.978548
vt 0.651820 0.978548
vt 0.652565 0.988989
vt 0.669743 0.988989
vt 0.669624 0.978548
vt 0.690852 0.988989
vt 0.690554 0.978548
vt 0.712794 0.988989
vt 0.713062 0.978548
vt 0.745812 0.988989
vt 0.608263 0.652943
vt 0.599749 0.654418
vt 0.610050 0.620088
vt 0.598855 0.622329
vt 0.745752 0.978548
vt 0.611747 0.565879
vt 0.586887 0.839458
vt 0.586500 0.839812
vt 0.583136 0.827248
vt 0.612640 0.545352
vt 0.586351 0.849545
vt 0.586708 0.849132
vt 0.587899 0.857862
vt 0.587542 0.858157
vt 0.532939 0.938909
vt 0.539936 0.917792
vt 0.536512 0.918854
vt 0.538388 0.874673
vt 0.534428 0.859396
vt 0.589983 0.864940
vt 0.530647 0.858393
vt 0.589566 0.865294
vt 0.530051 0.877091
vt 0.533475 0.919857
vt 0.589656 0.873257
vt 0.589388 0.873257
vt 0.586351 0.840048
vt 0.583612 0.826835
vt 0.585934 0.840343
vt 0.586291 0.849722
vt 0.504417 0.978548
vt 0.507276 0.978548
vt 0.586708 0.849368
vt 0.506263 0.988989
vt 0.587601 0.858629
vt 0.515165 0.988989
vt 0.516118 0.978548
vt 0.587988 0.858393
vt 0.532731 0.978548
vt 0.531808 0.988989
vt 0.560181 0.978548
vt 0.559288 0.988989
vt 0.590043 0.865648
vt 0.580903 0.988989
vt 0.581587 0.978548
vt 0.597248 0.988989
vt 0.598736 0.978548
vt 0.590489 0.865412
vt 0.711812 0.960026
vt 0.746288 0.970526
vt 0.746497 0.960026
vt 0.534874 0.926463
vt 0.536512 0.910183
vt 0.538864 0.908944
vt 0.711455 0.970526
vt 0.536512 0.872431
vt 0.687875 0.960026
vt 0.533624 0.859336
vt 0.688589 0.970526
vt 0.530528 0.858688
vt 0.666349 0.960026
vt 0.530558 0.875440
vt 0.533743 0.911363
vt 0.666588 0.970526
vt 0.647891 0.960026
vt 0.648188 0.970526
vt 0.587274 0.882695
vt 0.586976 0.882754
vt 0.586530 0.889597
vt 0.586202 0.889773
vt 0.585130 0.896793
vt 0.584862 0.896970
vt 0.585369 0.906054
vt 0.585101 0.906113
vt 0.586708 0.917615
vt 0.586440 0.917851
vt 0.587512 0.924634
vt 0.587274 0.924988
vt 0.588286 0.928469
vt 0.629610 0.960026
s 1
f 1/1/1 2/2/1 3/3/1
f 2/2/1 4/4/1 3/3/1
f 3/3/1 4/4/1 5/5/1
f 4/4/1 6/6/1 5/5/1
f 5/5/1 6/6/1 7/7/1
f 6/6/1 8/8/1 7/7/1
f 36/9/2 38/10/3 37/11/4
f 35/12/5 36/9/2 37/11/4
f 34/13/6 36/9/2 35/12/5
f 32/14/7 34/13/6 35/12/5
f 9/15/8 10/16/8 11/17/9
f 33/18/10 34/13/6 32/14/7
f 11/17/9 10/16/8 12/19/8
f 10/16/8 13/20/8 12/19/8
f 12/19/8 13/20/8 14/21/8
f 13/20/8 15/22/9 14/21/8
f 14/21/8 15/22/9 16/23/8
f 15/22/9 17/24/8 16/23/8
f 16/23/8 17/24/8 18/25/9
f 17/24/8 19/26/8 18/25/9
f 29/27/11 33/18/10 32/14/7
f 31/28/12 29/27/11 32/14/7
f 30/29/13 29/27/11 31/28/12
f 28/30/13 29/27/11 30/29/13
f 20/31/14 21/32/15 22/33/15
f 21/32/15 23/34/16 22/33/15
f 22/33/15 23/34/16 24/35/17
f 23/34/16 25/36/18 24/35/17
f 24/35/17 25/36/18 26/37/18
f 25/36/18 27/38/19 26/37/18
f 39/39/20 40/40/21 41/41/22
f 4096/42/23 4078/43/24 4079/44/25
f 41/41/22 40/40/21 42/45/26
f 40/40/21 43/46/27 42/45/26
f 42/45/26 43/46/27 44/47/28
f 43/46/27 45/48/29 44/47/28
f 44/47/28 45/48/29 46/49/30
f 45/48/29 47/50/31 46/49/30
f 4085/51/32 4096/42/23 4079/44/25
f 47/50/31 48/52/33 46/49/30
f 46/49/30 48/52/33 49/53/34
f 48/52/33 50/54/35 49/53/34
f 49/53/34 50/54/35 51/55/36
f 50/54/35 52/56/37 51/55/36
f 51/55/36 52/56/37 53/57/38
f 52/56/37 54/58/39 53/57/38
f 53/57/38 54/58/39 55/59/40
f 54/58/39 56/60/41 55/59/40
f 4095/61/42 4096/42/23 4085/51/32
f 4094/62/43 4095/61/42 4085/51/32
f 4088/63/44 4094/62/43 4085/51/32
f 4093/64/45 4094/62/43 4088/63/44
f 57/65/46 58/66/47 59/67/48
f 58/66/47 60/68/49 59/67/48
f 59/67/48 60/68/49 61/69/50
f 60/68/49 62/70/51 61/69/50
f 61/69/50 62/70/51 63/71/52
f 62/70/51 64/72/53 63/71/52
f 63/71/52 64/72/53 65/73/54
f 4092/74/55 4093/64/45 4088/63/44
f 65/73/54 64/72/53 66/75/56
f 64/72/53 67/76/57 66/75/56
f 66/75/56 67/76/57 68/77/58
f 67/76/57 69/78/59 68/77/58
f 68/77/58 69/78/59 70/79/60
f 69/78/59 71/80/61 70/79/60
f 70/79/60 71/80/61 72/81/62
f 71/80/61 73/82/63 72/81/62
f 72/81/62 73/82/63 74/83/64
f 4091/84/65 4092/74/55 4088/63/44
f 4090/85/66 4091/84/65 4088/63/44
f 4089/86/67 4090/85/66 4088/63/44
f 4087/87/67 4089/86/67 4088/63/44
f 4085/51/32 4087/87/67 4088/63/44
f 75/88/68 76/89/69 77/90/70
f 4086/91/67 4087/87/67 4085/51/32
f 77/90/70 76/89/69 78/92/71
f 76/89/69 79/93/72 78/92/71
f 78/92/71 79/93/72 80/94/73
f 79/93/72 81/95/74 80/94/73
f 80/94/73 81/95/74 82/96/75
f 81/95/74 83/97/76 82/96/75
f 4084/98/67 4086/91/67 4085/51/32
f 83/97/76 84/99/77 82/96/75
f 82/96/75 84/99/77 85/100/78
f 4079/44/25 4084/98/67 4085/51/32
f 85/100/78 84/99/77 86/101/79
f 84/99/77 87/102/80 86/101/79
f 4083/103/81 4084/98/67 4079/44/25
f 4082/104/82 4083/103/81 4079/44/25
f 4081/105/83 4082/104/82 4079/44/25
f 4080/106/84 4081/105/83 4079/44/25
f 80/94/73 82/96/75 88/107/85
f 4078/43/24 4080/106/84 4079/44/25
f 88/107/85 82/96/75 89/108/86
f 82/96/75 90/100/87 89/108/86
f 89/108/86 90/100/87 91/109/88
f 90/100/87 92/101/89 91/109/88
f 4077/110/90 4060/111/91 4059/112/92
f 4066/113/93 4060/111/91 4077/110/90
f 4076/114/94 4066/113/93 4077/110/90
f 4075/115/95 4066/113/93 4076/114/94
f 83/97/76 81/95/74 93/116/96
f 4069/117/97 4066/113/93 4075/115/95
f 93/116/96 81/95/74 94/118/98
f 81/95/74 95/93/99 94/118/98
f 4074/119/100 4069/117/97 4075/115/95
f 95/93/99 96/89/101 94/118/98
f 94/118/98 96/89/101 97/120/102
f 96/89/101 98/88/103 97/120/102
f 4073/121/104 4069/117/97 4074/119/100
f 4072/122/105 4069/117/97 4073/121/104
f 4071/123/106 4069/117/97 4072/122/105
f 4070/124/107 4069/117/97 4071/123/106
f 99/125/108 100/126/109 101/127/110
f 100/126/109 102/128/111 101/127/110
f 101/127/110 102/128/111 103/129/112
f 4068/130/107 4069/117/97 4070/124/107
f 103/129/112 102/128/111 104/131/113
f 102/128/111 105/132/114 104/131/113
f 4066/113/93 4069/117/97 4068/130/107
f 105/132/114 106/133/115 104/131/113
f 104/131/113 106/133/115 107/134/116
f 106/133/115 108/135/117 107/134/116
f 4067/136/107 4066/113/93 4068/130/107
f 108/135/117 109/137/118 107/134/116
f 107/134/116 109/137/118 110/138/119
f 4065/139/107 4066/113/93 4067/136/107
f 110/138/119 109/137/118 111/140/120
f 109/137/118 112/141/121 111/140/120
f 4060/111/91 4066/113/93 4065/139/107
f 112/141/121 113/142/122 111/140/120
f 111/140/120 113/142/122 114/143/123
f 113/142/122 115/144/124 114/143/123
f 4064/145/106 4060/111/91 4065/139/107
f 4063/146/125 4060/111/91 4064/145/106
f 4062/147/126 4060/111/91 4063/146/125
f 4061/148/127 4060/111/91 4062/147/126
f 105/132/114 102/128/111 100/126/109
f 4059/112/92 4060/111/91 4061/148/127
f 4045/149/128 4044/150/129 4058/151/130
f 4057/152/131 4045/149/128 4058/151/130
f 4056/153/132 4045/149/128 4057/152/131
f 103/129/112 116/154/133 101/127/110
f 4055/155/134 4045/149/128 4056/153/132
f 4054/156/135 4045/149/128 4055/155/134
f 4053/157/136 4045/149/128 4054/156/135
f 4052/158/136 4045/149/128 4053/157/136
f 106/133/115 117/159/137 108/135/117
f 4051/160/138 4045/149/128 4052/158/136
f 4050/161/139 4045/149/128 4051/160/138
f 4049/162/139 4045/149/128 4050/161/139
f 4048/163/105 4045/149/128 4049/162/139
f 107/134/116 110/138/119 104/131/113
f 104/131/113 110/138/119 118/164/140
f 110/138/119 111/140/120 118/164/140
f 118/164/140 111/140/120 114/143/123
f 4047/165/141 4045/149/128 4048/163/105
f 4046/166/142 4045/149/128 4047/165/141
f 4044/150/129 4045/149/128 4046/166/142
f 4030/167/143 4032/168/144 4043/169/65
f 118/164/140 119/170/145 104/131/113
f 104/131/113 119/170/145 103/129/112
f 119/170/145 120/171/146 103/129/112
f 103/129/112 120/171/146 116/154/133
f 120/171/146 121/172/147 116/154/133
f 4042/173/148 4030/167/143 4043/169/65
f 121/172/147 122/174/149 116/154/133
f 116/154/133 122/174/149 123/127/150
f 122/174/149 124/175/151 123/127/150
f 123/127/150 124/175/151 125/125/152
f 124/175/151 126/176/153 125/125/152
f 4041/177/148 4030/167/143 4042/173/148
f 4040/178/154 4030/167/143 4041/177/148
f 4039/179/155 4030/167/143 4040/178/154
f 4038/180/155 4030/167/143 4039/179/155
f 127/181/156 124/175/151 128/182/157
f 124/175/151 129/183/158 128/182/157
f 128/182/157 129/183/158 130/184/159
f 129/183/158 131/185/160 130/184/159
f 4037/186/161 4030/167/143 4038/180/155
f 131/185/160 132/187/162 130/184/159
f 4036/188/161 4030/167/143 4037/186/161
f 132/187/162 133/189/163 130/184/159
f 4035/190/164 4030/167/143 4036/188/161
f 133/189/163 134/191/165 130/184/159
f 4034/192/161 4030/167/143 4035/190/164
f 134/191/165 135/193/166 130/184/159
f 130/184/159 135/193/166 128/182/157
f 4033/194/167 4030/167/143 4034/192/161
f 4029/195/168 4030/167/143 4033/194/167
f 4030/167/143 4031/196/169 4032/168/144
f 4029/195/168 4031/196/169 4030/167/143
f 124/175/151 122/174/149 129/183/158
f 129/183/158 122/174/149 136/197/170
f 122/174/149 121/172/147 136/197/170
f 136/197/170 121/172/147 137/198/171
f 121/172/147 138/199/172 137/198/171
f 137/198/171 138/199/172 139/200/173
f 4026/201/174 4027/202/175 4028/203/176
f 139/200/173 138/199/172 140/204/177
f 138/199/172 120/171/146 140/204/177
f 140/204/177 120/171/146 119/170/145
f 4024/205/178 4027/202/175 4026/201/174
f 4025/206/179 4024/205/178 4026/201/174
f 4023/207/180 4024/205/178 4025/206/179
f 4022/208/181 4024/205/178 4023/207/180
f 129/183/158 136/197/170 131/185/160
f 131/185/160 136/197/170 141/209/182
f 136/197/170 137/198/171 141/209/182
f 141/209/182 137/198/171 142/210/183
f 137/198/171 139/200/173 142/210/183
f 4021/211/184 4022/208/181 4023/207/180
f 139/200/173 143/212/185 142/210/183
f 142/210/183 143/212/185 144/213/186
f 4020/214/187 4022/208/181 4021/211/184
f 144/213/186 143/212/185 145/215/188
f 4019/216/189 4020/214/187 4021/211/184
f 145/215/188 143/212/185 146/217/190
f 143/212/185 147/218/191 146/217/190
f 4017/219/192 4020/214/187 4019/216/189
f 147/218/191 148/220/193 146/217/190
f 146/217/190 148/220/193 149/221/194
f 4018/222/195 4017/219/192 4019/216/189
f 149/221/194 148/220/193 150/223/196
f 4015/224/197 4017/219/192 4018/222/195
f 150/223/196 148/220/193 151/225/198
f 148/220/193 152/218/199 151/225/198
f 151/225/198 152/218/199 153/226/200
f 4016/227/201 4017/219/192 4015/224/197
f 4014/228/202 4016/227/201 4015/224/197
f 4013/229/203 4014/228/202 4015/224/197
f 4012/230/204 4014/228/202 4013/229/203
f 121/172/147 120/171/146 138/199/172
f 4011/231/205 4012/230/204 4013/229/203
f 4010/232/206 4012/230/204 4011/231/205
f 4009/233/207 4010/232/206 4011/231/205
f 4008/234/208 4010/232/206 4009/233/207
f 131/185/160 141/209/182 132/187/162
f 4007/235/209 4008/234/208 4009/233/207
f 132/187/162 141/209/182 154/236/210
f 4006/237/211 4008/234/208 4007/235/209
f 154/236/210 141/209/182 144/213/186
f 141/209/182 142/210/183 144/213/186
f 4005/238/212 4006/237/211 4007/235/209
f 4004/239/213 4006/237/211 4005/238/212
f 4002/240/214 4004/239/213 4005/238/212
f 4003/241/215 4004/239/213 4002/240/214
f 155/225/216 153/226/217 156/242/218
f 153/226/217 157/243/219 156/242/218
f 156/242/218 157/243/219 158/244/220
f 4001/245/221 4003/241/215 4002/240/214
f 158/244/220 157/243/219 159/246/222
f 157/243/219 139/200/173 159/246/222
f 159/246/222 139/200/173 140/204/177
f 3997/247/223 3999/248/224 4000/249/225
f 3998/250/226 3999/248/224 3997/247/223
f 3995/251/227 3998/250/226 3997/247/223
f 3992/245/221 3995/251/228 3996/241/215
f 157/243/219 153/226/217 139/200/173
f 3992/245/221 3994/250/229 3993/251/228
f 3989/252/230 3990/253/231 3991/254/232
f 3986/255/233 3988/256/234 3987/257/235
f 3984/258/236 3986/255/233 3987/257/235
f 155/225/216 156/242/218 160/259/237
f 156/242/218 161/260/238 160/259/237
f 160/259/237 161/260/238 162/261/239
f 161/260/238 163/262/240 162/261/239
f 162/261/239 163/262/240 164/263/241
f 163/262/240 165/264/242 164/263/241
f 164/263/241 165/264/242 166/265/243
f 3985/266/244 3986/255/233 3984/258/236
f 166/265/243 165/264/242 167/267/245
f 3983/268/246 3985/266/244 3984/258/236
f 167/267/245 165/264/242 168/269/247
f 165/264/242 163/262/240 168/269/247
f 168/269/247 163/262/240 169/270/248
f 163/262/240 158/244/220 169/270/248
f 169/270/248 158/244/220 170/271/249
f 158/244/220 159/246/222 170/271/249
f 3982/272/250 3983/268/246 3984/258/236
f 159/246/222 140/204/177 170/271/249
f 170/271/249 140/204/177 171/273/251
f 140/204/177 119/170/145 171/273/251
f 171/273/251 119/170/145 172/274/252
f 119/170/145 173/275/253 172/274/252
f 3981/276/254 3983/268/246 3982/272/250
f 3980/277/255 3981/276/254 3982/272/250
f 3979/278/256 3981/276/254 3980/277/255
f 3977/279/257 3979/278/256 3980/277/255
f 156/242/218 158/244/220 161/260/238
f 158/244/220 163/262/240 161/260/238
f 3978/280/258 3979/278/256 3977/279/257
f 3975/281/259 3978/280/258 3977/279/257
f 3976/282/260 3975/281/259 3977/279/257
f 3974/283/261 3975/281/259 3976/282/260
f 169/270/248 170/271/249 168/269/247
f 3973/284/262 3975/281/259 3974/283/261
f 168/269/247 170/271/249 174/285/263
f 170/271/249 172/274/252 174/285/263
f 174/285/263 172/274/252 175/286/264
f 172/274/252 118/164/140 175/286/264
f 3972/287/265 3973/284/262 3974/283/261
f 118/164/140 114/143/123 175/286/264
f 3971/288/266 3973/284/262 3972/287/265
f 114/143/123 176/289/267 175/286/264
f 175/286/264 176/289/267 174/285/263
f 3970/290/268 3971/288/266 3972/287/265
f 174/285/263 176/289/267 168/269/247
f 176/289/267 177/291/269 168/269/247
f 168/269/247 177/291/269 167/267/245
f 3969/292/270 3971/288/266 3970/290/268
f 3968/293/271 3969/292/270 3970/290/268
f 3967/294/272 3969/292/270 3968/293/271
f 3966/295/273 3967/294/272 3968/293/271
f 170/271/249 171/273/251 172/274/252
f 3965/296/274 3967/294/272 3966/295/273
f 3964/297/275 3965/296/274 3966/295/273
f 3962/298/276 3965/296/274 3964/297/275
f 3963/252/277 3962/298/276 3964/297/275
f 172/274/252 178/275/278 118/164/140
f 3957/254/232 3962/298/276 3963/252/277
f 3959/299/279 3961/300/280 3960/301/281
f 3958/302/282 3959/299/279 3960/301/281
f 3955/253/283 3959/299/279 3958/302/282
f 114/143/123 115/144/124 176/289/267
f 176/289/267 115/144/124 177/291/269
f 115/144/124 179/303/284 177/291/269
f 3955/253/231 3956/302/285 3957/254/232
f 179/303/284 180/304/286 177/291/269
f 177/291/269 180/304/286 167/267/245
f 180/304/286 181/305/287 167/267/245
f 167/267/245 181/305/287 166/265/243
f 181/305/287 182/306/288 166/265/243
f 3943/307/289 3954/308/290 3945/309/291
f 182/306/288 183/310/292 166/265/243
f 166/265/243 183/310/292 164/263/241
f 3944/311/293 3946/312/294 3949/313/295
f 3942/314/296 3944/311/293 3949/313/295
f 3951/315/297 3953/316/298 3952/317/299
f 3950/318/300 3951/315/297 3952/317/299
f 162/261/239 164/263/241 184/319/301
f 3949/313/295 3951/315/297 3950/318/300
f 3948/320/302 3949/313/295 3950/318/300
f 3942/314/296 3949/313/295 3948/320/302
f 3939/321/303 3942/314/296 3948/320/302
f 180/304/286 185/322/304 181/305/287
f 185/322/304 186/323/305 181/305/287
f 181/305/287 186/323/305 187/324/306
f 3945/309/291 3947/325/307 3946/312/294
f 187/324/306 186/323/305 188/326/308
f 186/323/305 189/327/309 188/326/308
f 3944/311/293 3945/309/291 3946/312/294
f 189/327/309 190/328/310 188/326/308
f 188/326/308 190/328/310 191/329/311
f 190/328/310 192/330/312 191/329/311
f 191/329/311 192/330/312 193/331/313
f 192/330/312 194/332/314 193/331/313
f 3943/307/289 3945/309/291 3944/311/293
f 3942/314/296 3943/307/289 3944/311/293
f 3941/333/315 3943/307/289 3942/314/296
f 3939/321/303 3941/333/315 3942/314/296
f 181/305/287 187/324/306 182/306/288
f 187/324/306 195/334/316 182/306/288
f 182/306/288 195/334/316 196/335/317
f 3940/336/318 3941/333/315 3939/321/303
f 196/335/317 195/334/316 197/337/319
f 195/334/316 198/338/320 197/337/319
f 197/337/319 198/338/320 199/339/321
f 198/338/320 193/331/313 199/339/321
f 199/339/321 193/331/313 200/340/322
f 193/331/313 194/332/314 200/340/322
f 200/340/322 194/332/314 201/341/323
f 194/332/314 202/342/324 201/341/323
f 3938/343/325 3940/336/318 3939/321/303
f 202/342/324 203/344/326 201/341/323
f 3936/345/327 3937/346/328 3917/347/329
f 203/344/326 204/348/330 201/341/323
f 3914/349/331 3937/346/328 3936/345/327
f 204/348/330 205/350/332 201/341/323
f 201/341/323 205/350/332 200/340/322
f 205/350/332 206/351/333 200/340/322
f 200/340/322 206/351/333 199/339/321
f 206/351/333 207/352/334 199/339/321
f 199/339/321 207/352/334 197/337/319
f 3921/353/335 3914/349/331 3936/345/327
f 3920/354/336 3921/353/335 3936/345/327
f 3928/355/337 3926/356/338 3935/357/339
f 3932/358/340 3928/355/337 3935/357/339
f 193/331/313 198/338/320 191/329/311
f 191/329/311 198/338/320 188/326/308
f 198/338/320 195/334/316 188/326/308
f 188/326/308 195/334/316 187/324/306
f 3926/356/338 3923/359/341 3920/354/336
f 3936/345/327 3926/356/338 3920/354/336
f 3935/357/339 3926/356/338 3936/345/327
f 3917/347/329 3935/357/339 3936/345/327
f 183/310/292 182/306/288 196/335/317
f 3934/360/342 3935/357/339 3917/347/329
f 3932/358/340 3935/357/339 3934/360/342
f 3933/361/291 3932/358/340 3934/360/342
f 3931/362/290 3932/358/340 3933/361/291
f 207/352/334 206/351/333 208/363/343
f 206/351/333 209/364/344 208/363/343
f 208/363/343 209/364/344 210/365/345
f 209/364/344 211/366/346 210/365/345
f 210/365/345 211/366/346 212/367/347
f 3928/355/337 3932/358/340 3931/362/290
f 212/367/347 211/366/346 213/368/348
f 211/366/346 214/369/349 213/368/348
f 213/368/348 214/369/349 215/370/350
f 214/369/349 204/348/330 215/370/350
f 3930/371/351 3928/355/337 3931/362/290
f 204/348/330 203/344/326 215/370/350
f 3929/372/352 3928/355/337 3930/371/351
f 203/344/326 216/373/353 215/370/350
f 215/370/350 216/373/353 217/374/354
f 216/373/353 218/375/355 217/374/354
f 3927/376/356 3928/355/337 3929/372/352
f 218/375/355 219/377/357 217/374/354
f 217/374/354 219/377/357 220/378/358
f 3926/356/338 3928/355/337 3927/376/356
f 220/378/358 219/377/357 221/379/359
f 219/377/357 222/380/360 221/379/359
f 3925/381/361 3926/356/338 3927/376/356
f 222/380/360 223/382/362 221/379/359
f 221/379/359 223/382/362 224/383/363
f 3923/359/341 3926/356/338 3925/381/361
f 224/383/363 223/382/362 225/384/364
f 223/382/362 226/385/365 225/384/364
f 3924/386/366 3923/359/341 3925/381/361
f 226/385/365 227/387/367 225/384/364
f 225/384/364 227/387/367 228/388/368
f 3922/389/369 3923/359/341 3924/386/366
f 228/388/368 227/387/367 229/390/370
f 227/387/367 230/391/371 229/390/370
f 3920/354/336 3923/359/341 3922/389/369
f 230/391/371 231/392/372 229/390/370
f 229/390/370 231/392/372 232/393/373
f 231/392/372 233/394/374 232/393/373
f 3911/395/375 3920/354/336 3922/389/369
f 233/394/374 234/396/376 232/393/373
f 3912/397/377 3914/349/331 3921/353/335
f 234/396/376 235/398/378 232/393/373
f 3920/354/336 3912/397/377 3921/353/335
f 235/398/378 236/399/379 232/393/373
f 232/393/373 236/399/379 229/390/370
f 3911/395/375 3912/397/377 3920/354/336
f 229/390/370 236/399/379 237/388/380
f 236/399/379 238/400/381 237/388/380
f 237/388/380 238/400/381 239/401/382
f 3915/402/383 3919/361/384 3918/360/385
f 239/401/382 238/400/381 240/403/386
f 238/400/381 236/399/379 240/403/386
f 240/403/386 236/399/379 241/404/387
f 236/399/379 235/398/378 241/404/387
f 3917/347/329 3915/402/383 3918/360/385
f 235/398/378 242/405/388 241/404/387
f 241/404/387 242/405/388 243/406/389
f 242/405/388 244/407/390 243/406/389
f 3916/346/391 3915/402/383 3917/347/329
f 3914/349/331 3915/402/383 3916/346/391
f 3913/408/392 3915/402/383 3914/349/331
f 3912/397/377 3913/408/392 3914/349/331
f 206/351/333 205/350/332 209/364/344
f 3910/409/393 3913/408/392 3912/397/377
f 209/364/344 205/350/332 211/366/346
f 3911/395/375 3910/409/393 3912/397/377
f 211/366/346 205/350/332 214/369/349
f 205/350/332 204/348/330 214/369/349
f 3909/389/394 3910/409/393 3911/395/375
f 3906/410/395 3908/411/396 3903/412/397
f 3904/413/398 3906/410/395 3903/412/397
f 3905/414/399 3907/415/400 3906/410/395
f 237/388/380 239/401/382 225/384/364
f 3904/413/398 3905/414/399 3906/410/395
f 3898/416/401 3905/414/399 3904/413/398
f 3896/417/402 3898/416/401 3904/413/398
f 3903/412/397 3896/417/402 3904/413/398
f 243/406/389 245/418/403 241/404/387
f 241/404/387 245/418/403 240/403/386
f 245/418/403 246/419/404 240/403/386
f 240/403/386 246/419/404 239/401/382
f 3895/420/405 3896/417/402 3903/412/397
f 3900/421/406 3901/422/407 3902/423/408
f 3899/424/409 3901/422/407 3900/421/406
f 3898/416/401 3899/424/409 3900/421/406
f 243/406/389 247/425/410 245/418/403
f 245/418/403 247/425/410 248/426/411
f 3897/427/412 3899/424/409 3898/416/401
f 248/426/411 247/425/410 249/428/413
f 247/425/410 250/429/414 249/428/413
f 3896/417/402 3897/427/412 3898/416/401
f 250/429/414 251/430/415 249/428/413
f 3893/431/416 3897/427/412 3896/417/402
f 251/430/415 252/432/417 249/428/413
f 3895/420/405 3893/431/416 3896/417/402
f 252/432/417 253/433/418 249/428/413
f 3894/434/419 3893/431/416 3895/420/405
f 253/433/418 254/435/420 249/428/413
f 3892/436/421 3893/431/416 3894/434/419
f 254/435/420 255/437/422 249/428/413
f 249/428/413 255/437/422 248/426/411
f 255/437/422 256/438/423 248/426/411
f 248/426/411 256/438/423 246/419/404
f 3886/356/424 3887/354/425 3889/359/426
f 246/419/404 256/438/423 239/401/382
f 256/438/423 257/439/427 239/401/382
f 239/401/382 257/439/427 225/384/364
f 3882/355/428 3879/358/429 3877/357/430
f 225/384/364 257/439/427 224/383/363
f 257/439/427 258/440/431 224/383/363
f 224/383/363 258/440/431 221/379/359
f 3891/381/432 3885/376/433 3886/356/424
f 3889/359/426 3891/381/432 3886/356/424
f 3890/386/434 3891/381/432 3889/359/426
f 3888/389/435 3890/386/434 3889/359/426
f 245/418/403 248/426/411 246/419/404
f 3887/354/425 3888/389/435 3889/359/426
f 3865/395/436 3888/389/435 3887/354/425
f 3866/397/437 3865/395/436 3887/354/425
f 3876/353/438 3866/397/437 3887/354/425
f 243/406/389 244/407/390 247/425/410
f 244/407/390 250/429/414 247/425/410
f 3875/345/439 3876/353/438 3887/354/425
f 3886/356/424 3875/345/439 3887/354/425
f 3877/357/430 3875/345/439 3886/356/424
f 3882/355/428 3877/357/430 3886/356/424
f 258/440/431 257/439/427 259/441/440
f 257/439/427 256/438/423 259/441/440
f 3885/376/433 3882/355/428 3886/356/424
f 256/438/423 255/437/422 259/441/440
f 259/441/440 255/437/422 260/442/441
f 255/437/422 254/435/420 260/442/441
f 3884/372/442 3882/355/428 3885/376/433
f 3883/371/443 3882/355/428 3884/372/442
f 3881/362/444 3882/355/428 3883/371/443
f 3879/358/429 3882/355/428 3881/362/444
f 260/442/441 261/443/445 259/441/440
f 3880/361/395 3879/358/429 3881/362/444
f 259/441/440 261/443/445 258/440/431
f 3878/360/446 3879/358/429 3880/361/395
f 258/440/431 261/443/445 221/379/359
f 3877/357/430 3879/358/429 3878/360/446
f 221/379/359 261/443/445 220/378/358
f 3871/347/447 3877/357/430 3878/360/446
f 220/378/358 261/443/445 217/374/354
f 261/443/445 262/444/448 217/374/354
f 217/374/354 262/444/448 215/370/350
f 262/444/448 263/445/449 215/370/350
f 215/370/350 263/445/449 213/368/348
f 263/445/449 264/446/450 213/368/348
f 213/368/348 264/446/450 212/367/347
f 3875/345/439 3877/357/430 3871/347/447
f 3874/346/451 3875/345/439 3871/347/447
f 3868/349/452 3866/397/437 3876/353/438
f 3875/345/439 3868/349/452 3876/353/438
f 262/444/448 261/443/445 263/445/449
f 3874/346/451 3868/349/452 3875/345/439
f 261/443/445 260/442/441 263/445/449
f 263/445/449 260/442/441 265/447/453
f 260/442/441 266/448/454 265/447/453
f 3869/402/455 3872/360/456 3873/361/395
f 266/448/454 264/446/450 265/447/453
f 265/447/453 264/446/450 263/445/449
f 3871/347/457 3872/360/456 3869/402/455
f 3870/346/451 3871/347/457 3869/402/455
f 3868/349/452 3870/346/451 3869/402/455
f 3867/408/458 3868/349/452 3869/402/455
f 260/442/441 254/435/420 266/448/454
f 3866/397/437 3868/349/452 3867/408/458
f 254/435/420 253/433/418 266/448/454
f 266/448/454 253/433/418 267/449/459
f 253/433/418 252/432/417 267/449/459
f 3864/409/460 3866/397/437 3867/408/458
f 252/432/417 268/450/461 267/449/459
f 3865/395/436 3866/397/437 3864/409/460
f 268/450/461 269/451/462 267/449/459
f 3863/389/463 3865/395/436 3864/409/460
f 269/451/462 270/452/464 267/449/459
f 267/449/459 270/452/464 266/448/454
f 270/452/464 271/453/465 266/448/454
f 266/448/454 271/453/465 264/446/450
f 271/453/465 272/454/466 264/446/450
f 264/446/450 272/454/466 212/367/347
f 3855/455/467 3850/456/468 3858/457/469
f 212/367/347 272/454/466 273/365/470
f 272/454/466 274/458/471 273/365/470
f 3849/459/472 3850/456/468 3855/455/467
f 274/458/471 275/460/473 273/365/470
f 273/365/470 275/460/473 208/363/343
f 275/460/473 276/461/474 208/363/343
f 208/363/343 276/461/474 207/352/334
f 276/461/474 277/462/475 207/352/334
f 207/352/334 277/462/475 197/337/319
f 277/462/475 278/463/476 197/337/319
f 197/337/319 278/463/476 196/335/317
f 3860/464/477 3861/465/478 3862/466/290
f 196/335/317 278/463/476 183/310/292
f 3859/467/479 3861/465/478 3860/464/477
f 183/310/292 278/463/476 279/468/480
f 3857/469/315 3859/467/479 3860/464/477
f 279/468/480 278/463/476 184/319/301
f 278/463/476 280/470/481 184/319/301
f 3858/457/469 3859/467/479 3857/469/315
f 280/470/481 281/471/482 184/319/301
f 184/319/301 281/471/482 162/261/239
f 281/471/482 282/472/483 162/261/239
f 162/261/239 282/472/483 160/259/237
f 282/472/483 150/223/196 160/259/237
f 160/259/237 150/223/196 283/225/484
f 3855/455/467 3858/457/469 3857/469/315
f 3856/473/318 3855/455/467 3857/469/315
f 3854/474/485 3855/455/467 3856/473/318
f 3849/459/472 3855/455/467 3854/474/485
f 271/453/465 270/452/464 272/454/466
f 3853/475/486 3849/459/472 3854/474/485
f 3844/476/487 3849/459/472 3853/475/486
f 3842/477/488 3844/476/487 3853/475/486
f 3852/478/489 3842/477/488 3853/475/486
f 280/470/481 278/463/476 277/462/475
f 3840/479/490 3842/477/488 3852/478/489
f 3851/480/419 3840/479/490 3852/478/489
f 3838/481/405 3840/479/490 3851/480/419
f 3848/482/491 3850/456/468 3849/459/472
f 284/483/492 149/221/194 285/484/493
f 285/484/493 149/221/194 286/485/494
f 149/221/194 150/223/196 286/485/494
f 3844/476/487 3848/482/491 3849/459/472
f 150/223/196 282/472/483 286/485/494
f 286/485/494 282/472/483 287/486/495
f 282/472/483 281/471/482 287/486/495
f 287/486/495 281/471/482 288/487/496
f 281/471/482 280/470/481 288/487/496
f 288/487/496 280/470/481 289/488/497
f 280/470/481 277/462/475 289/488/497
f 3847/489/498 3848/482/491 3844/476/487
f 277/462/475 276/461/474 289/488/497
f 289/488/497 276/461/474 290/490/499
f 276/461/474 275/460/473 290/490/499
f 290/490/499 275/460/473 291/491/500
f 275/460/473 274/458/471 291/491/500
f 3846/492/501 3847/489/498 3844/476/487
f 3845/493/502 3846/492/501 3844/476/487
f 3843/494/503 3845/493/502 3844/476/487
f 3842/477/488 3843/494/503 3844/476/487
f 287/486/495 285/484/493 286/485/494
f 3841/495/504 3843/494/503 3842/477/488
f 3840/479/490 3841/495/504 3842/477/488
f 3839/496/505 3841/495/504 3840/479/490
f 3838/481/405 3839/496/505 3840/479/490
f 288/487/496 289/488/497 292/497/506
f 292/497/506 289/488/497 293/498/507
f 289/488/497 290/490/499 293/498/507
f 293/498/507 290/490/499 294/499/508
f 290/490/499 291/491/500 294/499/508
f 3837/500/509 3839/496/505 3838/481/405
f 3836/501/510 3837/500/509 3838/481/405
f 3835/502/511 3837/500/509 3836/501/510
f 3834/503/396 3835/502/511 3836/501/510
f 288/487/496 292/497/506 287/486/495
f 292/497/506 295/504/512 287/486/495
f 287/486/495 295/504/512 285/484/493
f 3808/505/513 3819/506/514 3816/507/515
f 3831/508/516 3829/509/517 3787/510/518
f 3743/511/519 3831/508/516 3787/510/518
f 3833/512/520 3831/508/516 3743/511/519
f 292/497/506 293/498/507 295/504/512
f 295/504/512 293/498/507 296/513/521
f 293/498/507 294/499/508 296/513/521
f 296/513/521 294/499/508 297/514/522
f 294/499/508 291/491/500 297/514/522
f 3832/515/523 3831/508/516 3833/512/520
f 291/491/500 298/516/524 297/514/522
f 297/514/522 298/516/524 299/517/525
f 3830/518/526 3831/508/516 3832/515/523
f 299/517/525 298/516/524 300/519/527
f 298/516/524 301/520/528 300/519/527
f 300/519/527 301/520/528 302/521/529
f 3829/509/517 3831/508/516 3830/518/526
f 302/521/529 301/520/528 303/522/530
f 301/520/528 304/523/531 303/522/530
f 303/522/530 304/523/531 305/524/532
f 304/523/531 269/451/462 305/524/532
f 305/524/532 269/451/462 268/450/461
f 3828/525/533 3829/509/517 3830/518/526
f 3791/526/534 3829/509/517 3828/525/533
f 3827/527/535 3791/526/534 3828/525/533
f 3826/528/536 3791/526/534 3827/527/535
f 296/513/521 297/514/522 299/517/525
f 3825/529/537 3826/528/536 3827/527/535
f 3824/530/538 3826/528/536 3825/529/537
f 3823/531/539 3824/530/538 3825/529/537
f 3797/532/540 3824/530/538 3823/531/539
f 304/523/531 306/533/541 269/451/462
f 3822/534/542 3797/532/540 3823/531/539
f 269/451/462 306/533/541 270/452/464
f 3799/535/543 3797/532/540 3822/534/542
f 270/452/464 306/533/541 272/454/466
f 3821/536/544 3799/535/543 3822/534/542
f 272/454/466 306/533/541 274/458/471
f 306/533/541 307/537/545 274/458/471
f 274/458/471 307/537/545 291/491/500
f 307/537/545 308/538/546 291/491/500
f 291/491/500 308/538/546 298/516/524
f 3801/539/547 3799/535/543 3821/536/544
f 298/516/524 308/538/546 301/520/528
f 3820/540/548 3801/539/547 3821/536/544
f 301/520/528 308/538/546 304/523/531
f 3803/541/549 3801/539/547 3820/540/548
f 304/523/531 308/538/546 306/533/541
f 308/538/546 307/537/545 306/533/541
f 3818/542/550 3803/541/549 3820/540/548
f 3819/506/514 3803/541/549 3818/542/550
f 3816/507/515 3819/506/514 3818/542/550
f 3817/543/225 3816/507/515 3818/542/550
f 309/524/551 268/450/461 310/544/552
f 268/450/461 252/432/417 310/544/552
f 3810/545/553 3816/507/515 3817/543/225
f 3808/505/513 3816/507/515 3810/545/553
f 3814/546/554 3809/547/555 3815/548/556
f 3807/549/557 3809/547/555 3814/546/554
f 310/544/552 311/550/558 309/524/551
f 311/550/558 312/551/559 309/524/551
f 309/524/551 312/551/559 313/522/560
f 312/551/559 314/552/561 313/522/560
f 313/522/560 314/552/561 315/521/562
f 314/552/561 316/553/563 315/521/562
f 315/521/562 316/553/563 317/519/564
f 316/553/563 318/554/565 317/519/564
f 317/519/564 318/554/565 319/517/566
f 318/554/565 320/555/567 319/517/566
f 319/517/566 320/555/567 321/556/568
f 3811/557/569 3812/558/570 3813/559/571
f 3810/545/553 3812/558/570 3811/557/569
f 3809/547/555 3810/545/553 3811/557/569
f 3808/505/513 3810/545/553 3809/547/555
f 320/555/567 318/554/565 322/560/572
f 3807/549/557 3808/505/513 3809/547/555
f 318/554/565 316/553/563 322/560/572
f 322/560/572 316/553/563 323/561/573
f 316/553/563 314/552/561 323/561/573
f 323/561/573 314/552/561 324/562/574
f 314/552/561 312/551/559 324/562/574
f 324/562/574 312/551/559 325/563/575
f 312/551/559 311/550/558 325/563/575
f 325/563/575 311/550/558 326/564/576
f 311/550/558 310/544/552 326/564/576
f 3805/506/514 3808/505/513 3807/549/557
f 3806/565/577 3805/506/514 3807/549/557
f 3804/566/578 3805/506/514 3806/565/577
f 3803/541/549 3805/506/514 3804/566/578
f 326/564/576 327/567/579 325/563/575
f 3802/568/580 3803/541/549 3804/566/578
f 325/563/575 327/567/579 324/562/574
f 327/567/579 328/569/581 324/562/574
f 324/562/574 328/569/581 323/561/573
f 328/569/581 329/570/582 323/561/573
f 323/561/573 329/570/582 322/560/572
f 329/570/582 330/571/583 322/560/572
f 3801/539/547 3803/541/549 3802/568/580
f 330/571/583 331/572/584 322/560/572
f 322/560/572 331/572/584 320/555/567
f 331/572/584 332/573/585 320/555/567
f 320/555/567 332/573/585 333/574/586
f 332/573/585 334/575/587 333/574/586
f 333/574/586 334/575/587 335/576/588
f 334/575/587 336/577/589 335/576/588
f 3800/578/590 3801/539/547 3802/568/580
f 336/577/589 337/579/591 335/576/588
f 335/576/588 337/579/591 321/556/568
f 337/579/591 296/513/521 321/556/568
f 321/556/568 296/513/521 299/517/525
f 3799/535/543 3801/539/547 3800/578/590
f 3798/580/592 3799/535/543 3800/578/590
f 3797/532/540 3799/535/543 3798/580/592
f 3796/581/593 3797/532/540 3798/580/592
f 338/582/594 332/573/585 331/572/584
f 3795/530/538 3797/532/540 3796/581/593
f 3794/583/595 3795/530/538 3796/581/593
f 3793/528/536 3795/530/538 3794/583/595
f 3792/584/596 3793/528/536 3794/583/595
f 320/555/567 333/574/586 321/556/568
f 333/574/586 335/576/588 321/556/568
f 3791/526/597 3793/528/536 3792/584/596
f 3790/585/598 3791/526/597 3792/584/596
f 3789/509/517 3791/526/597 3790/585/598
f 3788/586/599 3789/509/517 3790/585/598
f 296/513/521 337/579/591 295/504/512
f 337/579/591 339/587/600 295/504/512
f 295/504/512 339/587/600 340/588/601
f 3787/510/602 3789/509/517 3788/586/599
f 340/588/601 339/587/600 336/577/589
f 339/587/600 337/579/591 336/577/589
f 3721/589/603 3787/510/602 3788/586/599
f 3784/511/604 3787/510/602 3721/589/603
f 3784/511/605 3785/590/606 3786/512/607
f 3783/591/608 3785/590/606 3784/511/605
f 295/504/512 340/588/601 341/484/609
f 340/588/601 342/592/610 341/484/609
f 341/484/609 342/592/610 343/483/611
f 3778/593/612 3781/594/613 3782/595/614
f 3774/596/615 3781/594/613 3778/593/612
f 3780/597/616 3774/596/615 3778/593/612
f 3773/598/617 3779/597/618 3778/593/612
f 145/215/188 146/217/190 344/599/619
f 344/599/619 146/217/190 345/600/620
f 146/217/190 342/592/610 345/600/620
f 345/600/620 342/592/610 346/601/621
f 342/592/610 340/588/601 346/601/621
f 3777/595/622 3773/598/617 3778/593/612
f 3776/602/617 3773/598/617 3777/595/622
f 3775/594/613 3773/598/617 3776/602/617
f 3774/596/623 3773/598/617 3775/594/613
f 145/215/188 344/599/619 144/213/186
f 344/599/619 347/603/624 144/213/186
f 144/213/186 347/603/624 348/604/625
f 347/603/624 349/605/626 348/604/625
f 348/604/625 349/605/626 350/606/627
f 349/605/626 351/607/628 350/606/627
f 3772/597/629 3773/598/617 3774/596/623
f 351/607/628 352/608/630 350/606/627
f 350/606/627 352/608/630 353/187/631
f 3767/609/632 3771/610/633 3765/611/634
f 353/187/631 352/608/630 354/189/635
f 3770/612/636 3767/609/632 3765/611/634
f 354/189/635 352/608/630 355/191/637
f 3769/613/638 3767/609/632 3770/612/636
f 355/191/637 352/608/630 356/614/639
f 352/608/630 357/615/640 356/614/639
f 356/614/639 357/615/640 358/616/641
f 3764/617/642 3767/609/632 3769/613/638
f 358/616/641 357/615/640 359/618/643
f 357/615/640 360/619/644 359/618/643
f 359/618/643 360/619/644 361/620/645
f 3766/621/646 3768/610/647 3767/609/632
f 361/620/645 360/619/644 362/622/648
f 3764/617/642 3766/621/646 3767/609/632
f 362/622/648 360/619/644 363/623/649
f 3765/611/634 3766/621/646 3764/617/642
f 363/623/649 360/619/644 349/605/626
f 3763/612/636 3765/611/634 3764/617/642
f 349/605/626 360/619/644 351/607/628
f 360/619/644 357/615/640 351/607/628
f 351/607/628 357/615/640 352/608/630
f 3762/613/638 3763/612/636 3764/617/642
f 3759/624/650 3761/625/651 3760/626/650
f 3758/627/652 3759/624/650 3760/626/650
f 3757/628/653 3759/624/650 3758/627/652
f 144/213/186 348/604/625 154/236/210
f 3755/629/654 3757/628/653 3758/627/652
f 348/604/625 350/606/627 154/236/210
f 154/236/210 350/606/627 353/187/631
f 3756/630/655 3757/628/653 3755/629/654
f 3754/631/656 3756/630/655 3755/629/654
f 3751/632/657 3752/633/658 3753/634/659
f 3749/635/660 3752/633/658 3751/632/657
f 362/622/648 363/623/649 364/636/661
f 364/636/661 363/623/649 365/637/662
f 363/623/649 349/605/626 365/637/662
f 3750/638/663 3749/635/660 3751/632/657
f 349/605/626 347/603/624 365/637/662
f 365/637/662 347/603/624 366/639/664
f 347/603/624 344/599/619 366/639/664
f 366/639/664 344/599/619 367/640/665
f 344/599/619 345/600/620 367/640/665
f 3748/641/666 3749/635/660 3750/638/663
f 345/600/620 346/601/621 367/640/665
f 3747/642/666 3749/635/660 3748/641/666
f 346/601/621 368/643/667 367/640/665
f 3746/644/668 3747/642/666 3748/641/666
f 368/643/667 369/645/669 367/640/665
f 367/640/665 369/645/669 370/646/670
f 3744/647/671 3745/590/606 3741/591/672
f 370/646/670 369/645/669 371/648/673
f 3739/649/674 3744/647/671 3741/591/672
f 371/648/673 369/645/669 372/650/675
f 369/645/669 373/651/676 372/650/675
f 3738/652/677 3744/647/671 3739/649/674
f 373/651/676 374/653/678 372/650/675
f 372/650/675 374/653/678 375/654/679
f 3721/589/603 3742/591/672 3743/511/605
f 375/654/679 374/653/678 338/582/594
f 3723/655/680 3742/591/672 3721/589/603
f 338/582/594 374/653/678 332/573/585
f 374/653/678 376/656/681 332/573/585
f 332/573/585 376/656/681 334/575/587
f 3740/657/682 3741/591/672 3723/655/683
f 3739/649/674 3741/591/672 3740/657/682
f 3727/658/684 3739/649/674 3740/657/682
f 3729/659/685 3739/649/674 3727/658/684
f 364/636/661 365/637/662 377/660/686
f 377/660/686 365/637/662 370/646/670
f 365/637/662 366/639/664 370/646/670
f 370/646/670 366/639/664 367/640/665
f 3738/652/677 3739/649/674 3729/659/685
f 3731/661/687 3738/652/677 3729/659/685
f 3737/662/688 3730/663/689 3728/664/690
f 3728/664/690 3735/665/691 3736/662/692
f 374/653/678 378/651/693 376/656/681
f 376/656/681 378/651/693 368/643/667
f 378/651/693 369/645/669 368/643/667
f 3726/666/677 3735/665/691 3728/664/690
f 3721/589/603 3733/586/694 3734/667/607
f 3730/663/689 3732/662/692 3731/661/687
f 3729/659/685 3730/663/689 3731/661/687
f 368/643/667 346/601/621 376/656/681
f 346/601/621 379/668/695 376/656/681
f 376/656/681 379/668/695 336/577/589
f 3728/664/690 3730/663/689 3729/659/685
f 336/577/589 379/668/695 340/588/601
f 379/668/695 346/601/621 340/588/601
f 3727/658/684 3728/664/690 3729/659/685
f 3726/666/677 3728/664/690 3727/658/684
f 3724/657/696 3726/666/677 3727/658/684
f 3725/669/697 3726/666/677 3724/657/696
f 334/575/587 376/656/681 336/577/589
f 3722/670/606 3725/669/697 3724/657/696
f 3723/655/680 3722/670/606 3724/657/696
f 3721/589/603 3722/670/606 3723/655/680
f 3720/667/520 3722/670/606 3721/589/603
f 329/570/582 328/569/581 380/671/698
f 3714/672/699 3719/673/700 3715/674/701
f 328/569/581 327/567/579 380/671/698
f 380/671/698 327/567/579 381/675/702
f 3718/676/703 3719/673/700 3714/672/699
f 381/675/702 327/567/579 382/677/704
f 327/567/579 326/564/576 382/677/704
f 382/677/704 326/564/576 383/678/705
f 326/564/576 310/544/552 383/678/705
f 3706/679/706 3718/676/703 3714/672/699
f 310/544/552 384/680/707 383/678/705
f 383/678/705 384/680/707 385/681/708
f 384/680/707 386/682/709 385/681/708
f 385/681/708 386/682/709 387/683/710
f 386/682/709 388/684/711 387/683/710
f 387/683/710 388/684/711 389/685/712
f 388/684/711 390/686/713 389/685/712
f 389/685/712 390/686/713 391/687/714
f 390/686/713 392/688/715 391/687/714
f 391/687/714 392/688/715 393/689/716
f 392/688/715 394/690/717 393/689/716
f 393/689/716 394/690/717 395/691/718
f 394/690/717 396/692/719 395/691/718
f 3716/693/720 3646/694/721 3699/695/722
f 3717/696/723 3646/694/721 3716/693/720
f 3715/674/701 3717/696/723 3716/693/720
f 3702/697/724 3715/674/701 3716/693/720
f 382/677/704 383/678/705 397/698/725
f 383/678/705 385/681/708 397/698/725
f 3714/672/699 3715/674/701 3702/697/724
f 3703/699/726 3714/672/699 3702/697/724
f 3706/679/706 3714/672/699 3703/699/726
f 3712/700/727 3710/701/728 3713/702/729
f 390/686/713 398/703/730 392/688/715
f 3711/704/731 3710/701/728 3712/700/727
f 392/688/715 398/703/730 399/690/732
f 398/703/730 400/705/733 399/690/732
f 399/690/732 400/705/733 401/692/734
f 3708/706/735 3709/702/736 3710/701/728
f 401/692/734 400/705/733 402/707/737
f 400/705/733 403/708/738 402/707/737
f 402/707/737 403/708/738 404/709/739
f 403/708/738 405/710/740 404/709/739
f 404/709/739 405/710/740 406/711/741
f 3701/712/742 3709/702/736 3708/706/735
f 406/711/741 405/710/740 407/713/743
f 405/710/740 408/714/744 407/713/743
f 407/713/743 408/714/744 409/715/745
f 408/714/744 410/716/746 409/715/745
f 409/715/745 410/716/746 411/407/747
f 410/716/746 412/717/748 411/407/747
f 411/407/747 412/717/748 413/429/749
f 412/717/748 414/718/750 413/429/749
f 413/429/749 414/718/750 415/430/751
f 3704/719/701 3701/712/742 3708/706/735
f 415/430/751 414/718/750 252/432/417
f 414/718/750 416/720/752 252/432/417
f 252/432/417 416/720/752 310/544/552
f 3705/721/753 3707/676/703 3706/679/706
f 310/544/552 416/720/752 384/680/707
f 416/720/752 417/722/754 384/680/707
f 384/680/707 417/722/754 386/682/709
f 3703/699/726 3705/721/753 3706/679/706
f 386/682/709 417/722/754 388/684/711
f 417/722/754 418/723/755 388/684/711
f 388/684/711 418/723/755 390/686/713
f 418/723/755 419/724/756 390/686/713
f 390/686/713 419/724/756 398/703/730
f 3704/719/701 3705/721/753 3703/699/726
f 3701/712/742 3704/719/701 3703/699/726
f 3702/697/724 3701/712/742 3703/699/726
f 3700/693/757 3701/712/742 3702/697/724
f 403/708/738 400/705/733 398/703/730
f 3698/702/736 3701/712/742 3700/693/757
f 3699/695/722 3698/702/736 3700/693/757
f 3697/725/758 3698/702/736 3699/695/722
f 3653/700/727 3698/702/736 3697/725/758
f 402/707/737 404/709/739 420/726/759
f 404/709/739 406/711/741 420/726/759
f 3681/727/760 3696/728/280 3682/729/761
f 3675/730/762 3696/728/280 3681/727/760
f 3693/731/763 3652/732/764 3691/733/765
f 3653/700/727 3652/732/764 3693/731/763
f 408/714/744 405/710/740 403/708/738
f 3695/704/731 3653/700/727 3693/731/763
f 3694/734/766 3695/704/731 3693/731/763
f 3692/735/767 3694/734/766 3693/731/763
f 3691/733/765 3692/735/767 3693/731/763
f 419/724/756 418/723/755 421/736/768
f 3690/737/769 3692/735/767 3691/733/765
f 418/723/755 417/722/754 421/736/768
f 421/736/768 417/722/754 422/738/770
f 417/722/754 416/720/752 422/738/770
f 3656/739/771 3690/737/769 3691/733/765
f 416/720/752 414/718/750 422/738/770
f 422/738/770 414/718/750 421/736/768
f 414/718/750 412/717/748 421/736/768
f 421/736/768 412/717/748 423/740/772
f 412/717/748 410/716/746 423/740/772
f 3689/741/773 3690/737/769 3656/739/771
f 410/716/746 408/714/744 423/740/772
f 423/740/772 408/714/744 424/742/774
f 408/714/744 403/708/738 424/742/774
f 3658/743/775 3689/741/773 3656/739/771
f 403/708/738 398/703/730 424/742/774
f 424/742/774 398/703/730 423/740/772
f 398/703/730 419/724/756 423/740/772
f 423/740/772 419/724/756 421/736/768
f 3688/744/776 3689/741/773 3658/743/775
f 3687/745/777 3688/744/776 3658/743/775
f 3686/746/778 3688/744/776 3687/745/777
f 3662/747/779 3686/746/778 3687/745/777
f 425/748/780 427/749/781 426/750/782
f 426/750/782 427/749/781 428/751/783
f 3685/752/784 3686/746/778 3662/747/779
f 428/751/783 427/749/781 429/753/785
f 427/749/781 430/754/786 429/753/785
f 3664/755/787 3685/752/784 3662/747/779
f 430/754/786 431/756/788 429/753/785
f 429/753/785 431/756/788 432/757/789
f 431/756/788 433/758/790 432/757/789
f 432/757/789 433/758/790 434/759/791
f 3684/760/792 3685/752/784 3664/755/787
f 434/759/791 433/758/790 435/761/793
f 3666/762/794 3684/760/792 3664/755/787
f 435/761/793 433/758/790 436/763/795
f 433/758/790 431/756/788 436/763/795
f 436/763/795 431/756/788 437/764/796
f 431/756/788 430/754/786 437/764/796
f 437/764/796 430/754/786 438/765/797
f 430/754/786 439/749/798 438/765/797
f 438/765/797 439/749/798 440/766/799
f 439/749/798 441/748/800 440/766/799
f 440/766/799 441/748/800 442/767/801
f 3683/768/802 3684/760/792 3666/762/794
f 3668/769/803 3683/768/802 3666/762/794
f 3682/729/761 3683/768/802 3668/769/803
f 3670/770/804 3682/729/761 3668/769/803
f 443/771/805 445/772/806 444/773/807
f 3681/727/760 3682/729/761 3670/770/804
f 445/772/806 446/774/808 444/773/807
f 444/773/807 446/774/808 447/775/809
f 446/774/808 448/776/810 447/775/809
f 447/775/809 448/776/810 449/777/811
f 448/776/810 450/778/812 449/777/811
f 449/777/811 450/778/812 451/779/813
f 450/778/812 452/780/814 451/779/813
f 451/779/813 452/780/814 453/781/815
f 452/780/814 454/782/816 453/781/815
f 453/781/815 454/782/816 455/783/817
f 454/782/816 456/784/818 455/783/817
f 455/783/817 456/784/818 457/785/819
f 456/784/818 458/786/820 457/785/819
f 457/785/819 458/786/820 459/787/821
f 458/786/820 460/788/822 459/787/821
f 459/787/821 460/788/822 461/789/823
f 3673/790/824 3681/727/760 3670/770/804
f 461/789/823 460/788/822 462/791/825
f 460/788/822 463/792/826 462/791/825
f 462/791/825 463/792/826 464/793/827
f 3675/730/762 3681/727/760 3673/790/824
f 3679/794/828 3680/795/829 3674/796/830
f 3672/797/831 3679/794/828 3674/796/830
f 3676/798/832 3678/799/833 3677/800/834
f 453/781/815 455/783/817 465/801/835
f 3675/730/762 3676/798/832 3677/800/834
f 455/783/817 457/785/819 465/801/835
f 465/801/835 457/785/819 466/802/836
f 457/785/819 459/787/821 466/802/836
f 466/802/836 459/787/821 467/803/837
f 459/787/821 468/804/838 467/803/837
f 3674/796/830 3676/798/832 3675/730/762
f 3673/790/824 3674/796/830 3675/730/762
f 3672/797/831 3674/796/830 3673/790/824
f 3670/770/804 3672/797/831 3673/790/824
f 469/802/839 470/803/840 471/805/840
f 470/803/840 472/804/841 471/805/840
f 3671/806/842 3672/797/831 3670/770/804
f 3669/807/843 3671/806/842 3670/770/804
f 3668/769/803 3669/807/843 3670/770/804
f 3667/808/844 3669/807/843 3668/769/803
f 473/809/845 474/810/846 475/811/847
f 3666/762/794 3667/808/844 3668/769/803
f 475/811/847 474/810/846 476/812/848
f 474/810/846 477/813/849 476/812/848
f 3665/814/850 3667/808/844 3666/762/794
f 3664/755/787 3665/814/850 3666/762/794
f 3663/815/851 3665/814/850 3664/755/787
f 3662/747/779 3663/815/851 3664/755/787
f 478/816/852 479/817/853 480/818/854
f 479/817/853 481/819/855 480/818/854
f 480/818/854 481/819/855 482/820/856
f 3661/821/857 3663/815/851 3662/747/779
f 482/820/856 481/819/855 483/822/858
f 481/819/855 484/823/859 483/822/858
f 483/822/858 484/823/859 485/824/860
f 484/823/859 486/825/861 485/824/860
f 485/824/860 486/825/861 487/826/862
f 486/825/861 488/827/863 487/826/862
f 487/826/862 488/827/863 489/828/864
f 488/827/863 490/829/865 489/828/864
f 489/828/864 490/829/865 491/830/866
f 490/829/865 492/831/867 491/830/866
f 491/830/866 492/831/867 493/832/868
f 492/831/867 494/833/869 493/832/868
f 493/832/868 494/833/869 495/834/870
f 494/833/869 496/835/871 495/834/870
f 495/834/870 496/835/871 497/836/872
f 496/835/871 498/837/873 497/836/872
f 497/836/872 498/837/873 499/838/874
f 498/837/873 500/839/875 499/838/874
f 3660/745/876 3661/821/857 3662/747/779
f 3659/840/877 3661/821/857 3660/745/876
f 3658/743/775 3659/840/877 3660/745/876
f 3657/841/878 3659/840/877 3658/743/775
f 484/823/859 481/819/855 479/817/853
f 3656/739/771 3657/841/878 3658/743/775
f 3655/842/879 3657/841/878 3656/739/771
f 3654/733/880 3655/842/879 3656/739/771
f 3651/843/881 3655/842/879 3654/733/880
f 501/811/882 503/812/883 502/844/884
f 502/844/884 503/812/883 504/845/885
f 503/812/883 505/813/886 504/845/885
f 3652/732/764 3651/843/881 3654/733/880
f 3647/725/887 3652/732/764 3653/700/727
f 3651/843/881 3652/732/764 3647/725/887
f 3649/846/888 3650/843/881 3647/725/887
f 506/816/889 507/847/890 508/817/891
f 507/847/890 509/848/892 508/817/891
f 508/817/891 509/848/892 510/823/893
f 509/848/892 511/849/894 510/823/893
f 510/823/893 511/849/894 512/825/895
f 511/849/894 513/850/896 512/825/895
f 512/825/895 513/850/896 514/827/897
f 3646/694/898 3648/846/899 3647/725/900
f 3645/695/901 3646/694/898 3647/725/900
f 3641/851/902 3644/852/903 3643/853/904
f 3642/854/905 3641/851/902 3643/853/904
f 507/847/890 515/855/906 509/848/892
f 509/848/892 515/855/906 516/856/907
f 515/855/906 517/857/908 516/856/907
f 516/856/907 517/857/908 518/858/909
f 517/857/908 519/771/910 518/858/909
f 3639/859/911 3641/851/902 3642/854/905
f 519/771/910 520/773/912 518/858/909
f 3640/860/913 3641/851/902 3639/859/911
f 520/773/912 521/861/914 518/858/909
f 518/858/909 521/861/914 522/862/915
f 521/861/914 513/850/896 522/862/915
f 3638/863/916 3640/860/913 3639/859/911
f 513/850/896 511/849/894 522/862/915
f 522/862/915 511/849/894 516/856/907
f 511/849/894 509/848/892 516/856/907
f 3634/864/917 3636/865/918 3637/866/919
f 3635/867/920 3636/865/918 3634/864/917
f 3632/868/921 3635/867/920 3634/864/917
f 3633/869/922 3632/868/921 3634/864/917
f 516/856/907 518/858/909 522/862/915
f 3631/870/923 3632/868/921 3633/869/922
f 3628/871/282 3630/872/924 3629/873/925
f 3166/874/926 3628/871/282 3629/873/925
f 3627/875/927 3628/871/282 3166/874/926
f 520/773/912 523/775/928 521/861/914
f 521/861/914 523/775/928 524/876/929
f 523/775/928 525/777/930 524/876/929
f 524/876/929 525/777/930 526/877/931
f 525/777/930 527/779/932 526/877/931
f 526/877/931 527/779/932 528/878/933
f 527/779/932 529/781/934 528/878/933
f 3625/879/935 3626/880/936 3260/881/937
f 529/781/934 530/801/938 528/878/933
f 528/878/933 530/801/938 531/882/939
f 3623/883/940 3624/884/941 3522/885/942
f 531/882/939 530/801/938 532/886/943
f 530/801/938 533/887/944 532/886/943
f 3522/885/942 3622/888/945 3533/883/946
f 533/887/944 534/889/947 532/886/943
f 3527/890/948 3622/888/945 3522/885/942
f 534/889/947 535/833/949 532/886/943
f 3621/891/950 3489/892/951 3488/893/952
f 535/833/949 536/831/953 532/886/943
f 532/886/943 536/831/953 537/882/954
f 536/831/953 538/894/955 537/882/954
f 537/882/954 538/894/955 539/878/956
f 3620/895/957 3489/892/951 3621/891/950
f 539/878/956 538/894/955 526/877/931
f 538/894/955 540/896/958 526/877/931
f 526/877/931 540/896/958 524/876/929
f 540/896/958 513/850/896 524/876/929
f 524/876/929 513/850/896 521/861/914
f 3526/897/959 3488/893/952 3487/898/960
f 3621/891/950 3488/893/952 3526/897/959
f 3516/899/961 3621/891/950 3526/897/959
f 3514/900/962 3621/891/950 3516/899/961
f 513/850/896 540/896/958 514/827/897
f 514/827/897 540/896/958 541/829/963
f 540/896/958 538/894/955 541/829/963
f 541/829/963 538/894/955 536/831/953
f 3513/901/964 3621/891/950 3514/900/962
f 3620/895/957 3621/891/950 3513/901/964
f 3502/902/965 3620/895/957 3513/901/964
f 3489/892/951 3620/895/957 3502/902/965
f 535/833/949 534/889/947 542/835/966
f 542/835/966 534/889/947 543/903/967
f 534/889/947 544/904/968 543/903/967
f 3506/905/969 3619/906/970 3618/907/971
f 3616/908/972 3506/905/973 3617/907/974
f 3497/909/975 3506/905/973 3616/908/972
f 3611/910/976 3613/911/977 3610/912/978
f 542/835/966 543/903/967 545/837/979
f 543/903/967 546/913/980 545/837/979
f 545/837/979 546/913/980 547/839/981
f 3612/914/982 3613/911/977 3611/910/976
f 3599/915/983 3572/916/984 3573/917/985
f 3614/918/986 3572/916/984 3599/915/983
f 3615/919/987 3614/918/986 3599/915/983
f 548/920/988 550/921/989 549/922/990
f 549/922/990 550/921/989 551/923/991
f 550/921/989 552/924/992 551/923/991
f 551/923/991 552/924/992 553/925/993
f 552/924/992 554/926/994 553/925/993
f 553/925/993 554/926/994 555/927/995
f 3600/928/996 3615/919/987 3599/915/983
f 555/927/995 554/926/994 556/929/997
f 554/926/994 557/930/998 556/929/997
f 556/929/997 557/930/998 558/931/999
f 3601/932/1000 3615/919/987 3600/928/996
f 3606/933/1001 3615/919/987 3601/932/1000
f 3614/918/986 3615/919/987 3606/933/1001
f 3608/934/1002 3614/918/986 3606/933/1001
f 559/931/1003 561/935/1004 560/929/1005
f 560/929/1005 561/935/1004 562/927/1006
f 561/935/1004 563/936/1007 562/927/1006
f 562/927/1006 563/936/1007 564/925/1008
f 563/936/1007 565/937/1009 564/925/1008
f 3610/912/978 3614/918/986 3608/934/1002
f 565/937/1009 566/938/1010 564/925/1008
f 564/925/1008 566/938/1010 567/923/1011
f 566/938/1010 568/939/1012 567/923/1011
f 567/923/1011 568/939/1012 569/922/1013
f 3613/911/977 3614/918/986 3610/912/978
f 3572/916/984 3614/918/986 3613/911/977
f 3571/940/1014 3572/916/984 3613/911/977
f 3570/941/1015 3571/940/1014 3613/911/977
f 570/942/1016 572/943/1017 571/944/1018
f 571/944/1018 572/943/1017 573/945/1019
f 3612/914/982 3570/941/1015 3613/911/977
f 573/945/1019 572/943/1017 574/946/1020
f 572/943/1017 575/947/1021 574/946/1020
f 574/946/1020 575/947/1021 576/948/1022
f 3569/949/1023 3570/941/1015 3612/914/982
f 3611/910/976 3569/949/1023 3612/914/982
f 3567/950/1024 3569/949/1023 3611/910/976
f 3568/951/1025 3567/950/1024 3611/910/976
f 577/942/1026 579/952/1027 578/943/1028
f 3610/912/978 3568/951/1025 3611/910/976
f 579/952/1027 580/953/1029 578/943/1028
f 578/943/1028 580/953/1029 581/947/1030
f 580/953/1029 582/954/1031 581/947/1030
f 581/947/1030 582/954/1031 583/948/1032
f 3609/955/1033 3568/951/1025 3610/912/978
f 3608/934/1002 3609/955/1033 3610/912/978
f 3607/956/1034 3609/955/1033 3608/934/1002
f 3606/933/1001 3607/956/1034 3608/934/1002
f 584/957/1035 586/958/1036 585/959/1037
f 3605/960/1038 3607/956/1034 3606/933/1001
f 586/958/1036 587/961/1039 585/959/1037
f 585/959/1037 587/961/1039 588/962/1040
f 587/961/1039 589/963/1041 588/962/1040
f 588/962/1040 589/963/1041 590/964/1042
f 589/963/1041 591/965/1043 590/964/1042
f 590/964/1042 591/965/1043 592/966/1044
f 591/965/1043 593/967/1045 592/966/1044
f 592/966/1044 593/967/1045 594/968/1046
f 593/967/1045 595/969/1047 594/968/1046
f 594/968/1046 595/969/1047 596/970/1048
f 3601/932/1000 3605/960/1038 3606/933/1001
f 3604/971/1049 3605/960/1038 3601/932/1000
f 3603/907/1050 3604/971/1049 3601/932/1000
f 3602/908/1051 3603/907/1050 3601/932/1000
f 597/970/1052 599/969/1053 598/972/1054
f 598/972/1054 599/969/1053 600/973/1055
f 599/969/1053 593/967/1045 600/973/1055
f 600/973/1055 593/967/1045 601/974/1056
f 593/967/1045 591/965/1043 601/974/1056
f 601/974/1056 591/965/1043 602/975/1057
f 591/965/1043 589/963/1041 602/975/1057
f 602/975/1057 589/963/1041 603/976/1058
f 589/963/1041 604/961/1059 603/976/1058
f 603/976/1058 604/961/1059 605/977/1060
f 604/961/1059 606/958/611 605/977/1060
f 3497/909/975 3602/908/1051 3601/932/1000
f 3496/978/1061 3497/909/975 3601/932/1000
f 3600/928/996 3496/978/1061 3601/932/1000
f 3495/979/1062 3496/978/1061 3600/928/996
f 607/980/1063 608/981/1063 609/982/1063
f 3599/915/983 3495/979/1062 3600/928/996
f 3390/983/1064 3495/979/1062 3599/915/983
f 3573/917/985 3390/983/1064 3599/915/983
f 3391/984/1065 3390/983/1064 3573/917/985
f 610/985/1066 612/986/1067 611/987/1068
f 3596/988/229 3597/989/1069 3598/990/1070
f 612/986/1067 613/991/1071 611/987/1068
f 611/987/1068 613/991/1071 614/992/1072
f 3593/993/1073 3597/989/1069 3596/988/229
f 614/992/1072 613/991/1071 615/994/1074
f 613/991/1071 616/995/1075 615/994/1074
f 615/994/1074 616/995/1075 617/996/1076
f 616/995/1075 618/997/1077 617/996/1076
f 617/996/1076 618/997/1077 619/998/1078
f 618/997/1077 620/999/1079 619/998/1078
f 619/998/1078 620/999/1079 621/1000/1080
f 620/999/1079 622/1001/1081 621/1000/1080
f 3595/1002/1082 3593/993/1073 3596/988/229
f 3594/1003/1083 3591/1004/1084 3592/1005/1085
f 3590/1006/1086 3591/1004/1084 3594/1003/1083
f 3593/993/1087 3577/1002/1082 3588/1007/1087
f 623/1008/1088 611/987/1068 614/992/1072
f 3216/1009/1089 3218/1010/1090 3592/1005/1085
f 3591/1004/1084 3216/1009/1089 3592/1005/1085
f 3213/1011/1091 3216/1009/1089 3591/1004/1084
f 3590/1006/1086 3213/1011/1091 3591/1004/1084
f 624/1012/1092 626/1013/1092 625/1014/1093
f 3212/1015/1094 3213/1011/1091 3590/1006/1086
f 626/1013/1092 627/1016/1095 625/1014/1093
f 625/1014/1093 627/1016/1095 628/1017/1096
f 627/1016/1095 629/1018/1097 628/1017/1096
f 3589/1019/1098 3212/1015/1094 3590/1006/1086
f 3577/1002/1082 3212/1015/1094 3589/1019/1098
f 3588/1007/1087 3577/1002/1082 3589/1019/1098
f 3587/1020/1099 3588/1007/1087 3589/1019/1098
f 630/1021/1100 631/1022/1101 632/1023/1102
f 3577/1002/1103 3586/988/229 3585/1024/221
f 632/1023/1102 631/1022/1101 633/1025/1104
f 631/1022/1101 634/1026/1105 633/1025/1104
f 633/1025/1104 634/1026/1105 635/1027/1106
f 634/1026/1105 636/1028/1107 635/1027/1106
f 635/1027/1106 636/1028/1107 637/1029/1108
f 636/1028/1107 638/1030/1109 637/1029/1108
f 637/1029/1108 638/1030/1109 639/1031/1110
f 3581/1032/1111 3584/1033/1112 3582/1034/1113
f 3580/1035/1114 3584/1033/1112 3581/1032/1111
f 3393/1036/1115 3583/1037/1116 3400/1038/203
f 3582/1034/1113 3583/1037/1116 3393/1036/1115
f 640/1039/1117 642/1040/1118 641/1041/1119
f 3581/1032/1111 3582/1034/1113 3393/1036/1115
f 642/1040/1118 643/1042/1120 641/1041/1119
f 641/1041/1119 643/1042/1120 644/1043/1121
f 3392/1044/1122 3581/1032/1111 3393/1036/1115
f 644/1043/1121 643/1042/1120 645/1045/1123
f 643/1042/1120 646/1046/1124 645/1045/1123
f 645/1045/1123 646/1046/1124 647/1047/1125
f 646/1046/1124 648/1048/1126 647/1047/1125
f 647/1047/1125 648/1048/1126 649/1049/1127
f 648/1048/1126 650/1050/1128 649/1049/1127
f 3575/1051/1129 3581/1032/1111 3392/1044/1122
f 3580/1035/1114 3581/1032/1111 3575/1051/1129
f 3576/1052/1130 3580/1035/1114 3575/1051/1129
f 3579/1053/214 3580/1035/1114 3576/1052/1130
f 651/1054/1131 652/1055/1132 653/1056/1133
f 652/1055/1132 654/1057/1134 653/1056/1133
f 653/1056/1133 654/1057/1134 655/1058/1135
f 3578/1024/221 3579/1053/214 3576/1052/1130
f 655/1058/1135 654/1057/1134 656/1059/1136
f 654/1057/1134 657/1060/1137 656/1059/1136
f 656/1059/1136 657/1060/1137 658/1061/1138
f 657/1060/1137 659/1062/1139 658/1061/1138
f 658/1061/1138 659/1062/1139 660/1063/1140
f 659/1062/1139 661/1064/1141 660/1063/1140
f 660/1063/1140 661/1064/1141 662/1065/1142
f 661/1064/1141 663/1066/1143 662/1065/1142
f 662/1065/1142 663/1066/1143 664/1067/1144
f 3577/1002/1082 3578/1024/221 3576/1052/1130
f 3547/1068/1145 3574/1069/1146 3556/1070/1147
f 3209/1071/1148 3212/1015/1094 3577/1002/1082
f 3576/1052/1130 3209/1071/1148 3577/1002/1082
f 665/1072/1149 667/1073/1150 666/1074/1151
f 3546/1075/1152 3209/1071/1148 3576/1052/1130
f 667/1073/1150 668/1076/1153 666/1074/1151
f 666/1074/1151 668/1076/1153 669/1077/1154
f 3575/1051/1129 3546/1075/1152 3576/1052/1130
f 3547/1068/1145 3546/1075/1152 3575/1051/1129
f 3574/1069/1146 3547/1068/1145 3575/1051/1129
f 3392/1044/1122 3574/1069/1146 3575/1051/1129
f 670/88/1155 672/90/1156 671/89/1157
f 3391/984/1065 3574/1069/1146 3392/1044/1122
f 672/90/1156 673/92/1158 671/89/1157
f 671/89/1157 673/92/1158 674/93/1159
f 673/92/1158 675/94/1160 674/93/1159
f 674/93/1159 675/94/1160 676/95/1161
f 675/94/1160 677/96/1162 676/95/1161
f 676/95/1161 677/96/1162 678/97/1163
f 3556/1070/1147 3574/1069/1146 3391/984/1065
f 678/97/1163 677/96/1162 679/99/1164
f 677/96/1162 680/100/1165 679/99/1164
f 3573/917/985 3556/1070/1147 3391/984/1065
f 680/100/1165 681/101/1166 679/99/1164
f 679/99/1164 681/101/1166 682/102/1167
f 3557/1078/1168 3556/1070/1147 3573/917/985
f 3572/916/984 3557/1078/1168 3573/917/985
f 3571/940/1014 3557/1078/1168 3572/916/984
f 3559/1079/1169 3557/1078/1168 3571/940/1014
f 675/94/1160 683/107/1170 677/96/1162
f 3560/1080/1171 3559/1079/1169 3571/940/1014
f 683/107/1170 684/108/1172 677/96/1162
f 677/96/1162 684/108/1172 685/100/1173
f 684/108/1172 686/109/1174 685/100/1173
f 685/100/1173 686/109/1174 687/101/1174
f 3570/941/1015 3560/1080/1171 3571/940/1014
f 3562/1081/1175 3560/1080/1171 3570/941/1015
f 3569/949/1023 3562/1081/1175 3570/941/1015
f 3563/1082/1176 3562/1081/1175 3569/949/1023
f 678/97/1163 688/116/1177 676/95/1161
f 3564/1083/1178 3563/1082/1176 3569/949/1023
f 688/116/1177 689/118/1179 676/95/1161
f 676/95/1161 689/118/1179 690/93/1180
f 3567/950/1024 3564/1083/1178 3569/949/1023
f 690/93/1180 689/118/1179 691/89/1181
f 689/118/1179 692/120/1182 691/89/1181
f 691/89/1181 692/120/1182 693/88/1183
f 3565/1084/1184 3564/1083/1178 3567/950/1024
f 3551/1085/1185 3561/1086/1186 3552/1087/1187
f 3553/1088/1188 3561/1086/1186 3551/1085/1185
f 3554/1089/1189 3558/1090/1190 3553/1088/1188
f 694/125/1191 696/127/1192 695/126/1193
f 695/126/1193 696/127/1192 697/128/1194
f 696/127/1192 698/129/1195 697/128/1194
f 3555/1091/1196 3558/1090/1190 3554/1089/1189
f 698/129/1195 699/131/1197 697/128/1194
f 697/128/1194 699/131/1197 700/132/1198
f 3566/1092/1199 3567/950/1024 3568/951/1025
f 700/132/1198 699/131/1197 701/133/1200
f 699/131/1197 702/134/1201 701/133/1200
f 701/133/1200 702/134/1201 703/135/1202
f 3565/1084/1184 3567/950/1024 3566/1092/1199
f 703/135/1202 702/134/1201 704/137/1203
f 702/134/1201 705/138/1204 704/137/1203
f 3537/1093/1205 3565/1084/1184 3566/1092/1199
f 705/138/1204 706/140/1206 704/137/1203
f 704/137/1203 706/140/1206 707/141/1207
f 3536/1094/1208 3565/1084/1184 3537/1093/1205
f 707/141/1207 706/140/1206 708/142/1209
f 706/140/1206 709/143/1210 708/142/1209
f 708/142/1209 709/143/1210 710/144/1211
f 3564/1083/1178 3565/1084/1184 3536/1094/1208
f 3539/1095/1212 3564/1083/1178 3536/1094/1208
f 3540/1096/1213 3564/1083/1178 3539/1095/1212
f 3563/1082/1176 3564/1083/1178 3540/1096/1213
f 697/128/1194 700/132/1198 695/126/1193
f 3541/1097/1214 3563/1082/1176 3540/1096/1213
f 3552/1087/1187 3563/1082/1176 3541/1097/1214
f 3562/1081/1175 3563/1082/1176 3552/1087/1187
f 3561/1086/1186 3562/1081/1175 3552/1087/1187
f 711/154/1215 698/129/1195 696/127/1192
f 3560/1080/1171 3562/1081/1175 3561/1086/1186
f 3553/1088/1188 3560/1080/1171 3561/1086/1186
f 3559/1079/1169 3560/1080/1171 3553/1088/1188
f 3558/1090/1190 3559/1079/1169 3553/1088/1188
f 712/159/1216 701/133/1200 703/135/1202
f 3557/1078/1168 3559/1079/1169 3558/1090/1190
f 3555/1091/1196 3557/1078/1168 3558/1090/1190
f 3556/1070/1147 3557/1078/1168 3555/1091/1196
f 3547/1068/1145 3556/1070/1147 3555/1091/1196
f 702/134/1201 699/131/1197 705/138/1204
f 699/131/1197 713/164/1217 705/138/1204
f 705/138/1204 713/164/1217 706/140/1206
f 713/164/1217 709/143/1210 706/140/1206
f 3554/1089/1189 3547/1068/1145 3555/1091/1196
f 3548/1098/1218 3547/1068/1145 3554/1089/1189
f 3553/1088/1188 3548/1098/1218 3554/1089/1189
f 3549/1099/1219 3548/1098/1218 3553/1088/1188
f 713/164/1217 699/131/1197 714/170/1220
f 699/131/1197 698/129/1195 714/170/1220
f 714/170/1220 698/129/1195 715/171/1221
f 698/129/1195 711/154/1215 715/171/1221
f 715/171/1221 711/154/1215 716/172/1222
f 3551/1085/1185 3549/1099/1219 3553/1088/1188
f 716/172/1222 711/154/1215 717/174/1223
f 711/154/1215 718/127/1224 717/174/1223
f 717/174/1223 718/127/1224 719/175/1225
f 718/127/1224 720/125/1226 719/175/1225
f 719/175/1225 720/125/1226 721/176/1227
f 3542/1100/1228 3543/1101/1229 3550/1102/1230
f 3552/1087/1187 3541/1097/1214 3542/1100/1228
f 3550/1102/1230 3552/1087/1187 3542/1100/1228
f 3551/1085/1185 3552/1087/1187 3550/1102/1230
f 722/181/1231 723/182/1232 719/175/1225
f 719/175/1225 723/182/1232 724/183/1233
f 723/182/1232 725/184/1234 724/183/1233
f 724/183/1233 725/184/1234 726/185/1235
f 3549/1099/1219 3551/1085/1185 3550/1102/1230
f 726/185/1235 725/184/1234 727/187/1236
f 3543/1101/1229 3549/1099/1219 3550/1102/1230
f 727/187/1236 725/184/1234 728/189/1237
f 3548/1098/1218 3549/1099/1219 3543/1101/1229
f 728/189/1237 725/184/1234 729/191/1238
f 3544/1103/1239 3548/1098/1218 3543/1101/1229
f 729/191/1238 725/184/1234 730/193/1240
f 725/184/1234 723/182/1232 730/193/1240
f 3547/1068/1145 3548/1098/1218 3544/1103/1239
f 3546/1075/1152 3547/1068/1145 3544/1103/1239
f 3425/1104/1241 3173/1105/1242 3545/1106/1243
f 3210/1107/1244 3173/1105/1242 3187/1108/1245
f 719/175/1225 724/183/1233 717/174/1223
f 724/183/1233 731/197/1246 717/174/1223
f 717/174/1223 731/197/1246 716/172/1222
f 731/197/1246 732/198/1247 716/172/1222
f 716/172/1222 732/198/1247 733/199/1248
f 732/198/1247 734/200/1249 733/199/1248
f 3545/1106/1243 3173/1105/1242 3210/1107/1244
f 734/200/1249 735/204/1250 733/199/1248
f 733/199/1248 735/204/1250 715/171/1221
f 735/204/1250 714/170/1220 715/171/1221
f 3209/1071/1148 3545/1106/1243 3210/1107/1244
f 3546/1075/1152 3545/1106/1243 3209/1071/1148
f 3544/1103/1239 3545/1106/1243 3546/1075/1152
f 3425/1104/1241 3545/1106/1243 3544/1103/1239
f 724/183/1233 726/185/1235 731/197/1246
f 726/185/1235 736/209/1251 731/197/1246
f 731/197/1246 736/209/1251 732/198/1247
f 736/209/1251 737/210/1252 732/198/1247
f 732/198/1247 737/210/1252 734/200/1249
f 3543/1101/1229 3425/1104/1241 3544/1103/1239
f 734/200/1249 737/210/1252 738/212/1253
f 737/210/1252 739/213/1254 738/212/1253
f 3424/1109/1255 3425/1104/1241 3543/1101/1229
f 739/213/1254 740/215/1256 738/212/1253
f 3475/1110/1257 3424/1109/1255 3543/1101/1229
f 740/215/1256 741/217/1258 738/212/1253
f 738/212/1253 741/217/1258 742/218/1259
f 3542/1100/1228 3475/1110/1257 3543/1101/1229
f 742/218/1259 741/217/1258 743/220/1260
f 741/217/1258 744/221/1261 743/220/1260
f 3474/1111/1262 3475/1110/1257 3542/1100/1228
f 744/221/1261 745/223/1263 743/220/1260
f 3541/1097/1214 3474/1111/1262 3542/1100/1228
f 745/223/1263 746/225/1264 743/220/1260
f 743/220/1260 746/225/1264 747/218/1265
f 746/225/1264 748/226/1266 747/218/1265
f 3482/1112/1267 3474/1111/1262 3541/1097/1214
f 3540/1096/1213 3482/1112/1267 3541/1097/1214
f 3529/1113/1268 3482/1112/1267 3540/1096/1213
f 3538/1114/1269 3529/1113/1268 3540/1096/1213
f 715/171/1221 716/172/1222 733/199/1248
f 3539/1095/1212 3538/1114/1269 3540/1096/1213
f 3531/1115/1270 3539/1095/1212 3536/1094/1208
f 3538/1114/1269 3539/1095/1212 3531/1115/1270
f 3530/1116/1271 3538/1114/1269 3531/1115/1270
f 726/185/1235 727/187/1236 736/209/1251
f 3529/1113/1268 3538/1114/1269 3530/1116/1271
f 727/187/1236 749/236/1272 736/209/1251
f 3535/1117/1273 3536/1094/1208 3537/1093/1205
f 749/236/1272 739/213/1254 736/209/1251
f 736/209/1251 739/213/1254 737/210/1252
f 3531/1115/1270 3536/1094/1208 3535/1117/1273
f 3534/1118/1274 3531/1115/1270 3535/1117/1273
f 3533/883/940 3531/1115/1270 3534/1118/1274
f 3532/888/945 3531/1115/1270 3533/883/940
f 750/225/1275 751/242/1276 748/226/1277
f 748/226/1277 751/242/1276 752/243/1278
f 751/242/1276 753/244/1279 752/243/1278
f 3527/890/948 3531/1115/1270 3532/888/945
f 753/244/1279 754/246/1280 752/243/1278
f 752/243/1278 754/246/1280 734/200/1249
f 754/246/1280 735/204/1250 734/200/1249
f 3530/1116/1271 3531/1115/1270 3527/890/948
f 3528/1119/1281 3530/1116/1271 3527/890/948
f 3529/1113/1268 3530/1116/1271 3528/1119/1281
f 3484/1120/1282 3482/1112/1267 3529/1113/1268
f 748/226/1277 752/243/1278 734/200/1249
f 3528/1119/1281 3484/1120/1282 3529/1113/1268
f 3485/1121/1283 3484/1120/1282 3528/1119/1281
f 3527/890/948 3485/1121/1283 3528/1119/1281
f 3511/1122/1284 3502/902/965 3513/901/964
f 750/225/1275 755/259/1285 751/242/1276
f 751/242/1276 755/259/1285 756/260/1286
f 755/259/1285 757/261/1287 756/260/1286
f 756/260/1286 757/261/1287 758/262/1288
f 757/261/1287 759/263/1289 758/262/1288
f 758/262/1288 759/263/1289 760/264/1290
f 759/263/1289 761/265/1291 760/264/1290
f 3503/1123/1292 3502/902/965 3511/1122/1284
f 761/265/1291 762/267/1293 760/264/1290
f 3523/1124/1294 3527/890/948 3522/885/942
f 762/267/1293 763/269/1295 760/264/1290
f 760/264/1290 763/269/1295 758/262/1288
f 763/269/1295 764/270/1296 758/262/1288
f 758/262/1288 764/270/1296 753/244/1279
f 764/270/1296 765/271/1297 753/244/1279
f 753/244/1279 765/271/1297 754/246/1280
f 3485/1121/1283 3527/890/948 3523/1124/1294
f 754/246/1280 765/271/1297 735/204/1250
f 765/271/1297 766/273/1298 735/204/1250
f 735/204/1250 766/273/1298 714/170/1220
f 766/273/1298 767/274/1299 714/170/1220
f 714/170/1220 767/274/1299 768/275/1300
f 3524/1125/1301 3485/1121/1283 3523/1124/1294
f 3486/1126/1302 3485/1121/1283 3524/1125/1301
f 3487/898/960 3486/1126/1302 3524/1125/1301
f 3525/1127/1303 3487/898/960 3524/1125/1301
f 751/242/1276 756/260/1286 753/244/1279
f 753/244/1279 756/260/1286 758/262/1288
f 3526/897/959 3487/898/960 3525/1127/1303
f 3516/899/961 3526/897/959 3525/1127/1303
f 3518/1128/1304 3516/899/961 3525/1127/1303
f 3524/1125/1301 3518/1128/1304 3525/1127/1303
f 764/270/1296 763/269/1295 765/271/1297
f 3520/1129/1305 3518/1128/1304 3524/1125/1301
f 763/269/1295 769/285/1306 765/271/1297
f 765/271/1297 769/285/1306 767/274/1299
f 769/285/1306 770/286/1307 767/274/1299
f 767/274/1299 770/286/1307 713/164/1217
f 3523/1124/1294 3520/1129/1305 3524/1125/1301
f 713/164/1217 770/286/1307 709/143/1210
f 3522/885/942 3520/1129/1305 3523/1124/1294
f 709/143/1210 770/286/1307 771/289/1308
f 770/286/1307 769/285/1306 771/289/1308
f 3521/884/1309 3520/1129/1305 3522/885/942
f 769/285/1306 763/269/1295 771/289/1308
f 771/289/1308 763/269/1295 772/291/1310
f 763/269/1295 762/267/1293 772/291/1310
f 3519/1130/1311 3520/1129/1305 3521/884/1309
f 3518/1128/1304 3520/1129/1305 3519/1130/1311
f 3517/1131/1312 3518/1128/1304 3519/1130/1311
f 3516/899/961 3518/1128/1304 3517/1131/1312
f 766/273/1298 765/271/1297 767/274/1299
f 3515/1132/1313 3516/899/961 3517/1131/1312
f 3514/900/962 3516/899/961 3515/1132/1313
f 3512/1133/1314 3514/900/962 3515/1132/1313
f 3513/901/964 3514/900/962 3512/1133/1314
f 773/275/1315 767/274/1299 713/164/1217
f 3511/1122/1284 3513/901/964 3512/1133/1314
f 3510/1134/1316 3511/1122/1284 3512/1133/1314
f 3503/1123/1292 3511/1122/1284 3510/1134/1316
f 3509/1135/1317 3503/1123/1292 3510/1134/1316
f 709/143/1210 771/289/1308 710/144/1211
f 771/289/1308 772/291/1310 710/144/1211
f 710/144/1211 772/291/1310 774/303/1318
f 3504/1136/1319 3503/1123/1292 3509/1135/1317
f 774/303/1318 772/291/1310 775/304/1320
f 772/291/1310 762/267/1293 775/304/1320
f 775/304/1320 762/267/1293 776/305/1321
f 762/267/1293 761/265/1291 776/305/1321
f 776/305/1321 761/265/1291 777/306/1322
f 3508/1137/1323 3504/1136/1319 3509/1135/1317
f 777/306/1322 761/265/1291 778/310/1324
f 761/265/1291 759/263/1289 778/310/1324
f 3505/1138/1325 3504/1136/1319 3508/1137/1323
f 3507/906/1326 3505/1138/1325 3508/1137/1323
f 3506/905/973 3505/1138/1325 3507/906/1326
f 3498/1139/1327 3506/905/973 3497/909/975
f 759/263/1289 757/261/1287 779/319/1328
f 3505/1138/1325 3506/905/973 3498/1139/1327
f 3499/1140/1329 3505/1138/1325 3498/1139/1327
f 3504/1136/1319 3505/1138/1325 3499/1140/1329
f 3500/1141/1330 3504/1136/1319 3499/1140/1329
f 775/304/1320 776/305/1321 780/322/1331
f 780/322/1331 776/305/1321 781/323/1332
f 776/305/1321 782/324/1333 781/323/1332
f 3503/1123/1292 3504/1136/1319 3500/1141/1330
f 782/324/1333 783/326/1334 781/323/1332
f 781/323/1332 783/326/1334 784/327/1335
f 3501/1142/1336 3503/1123/1292 3500/1141/1330
f 784/327/1335 783/326/1334 785/328/1337
f 783/326/1334 786/329/1338 785/328/1337
f 785/328/1337 786/329/1338 787/330/1339
f 786/329/1338 788/331/1340 787/330/1339
f 787/330/1339 788/331/1340 789/332/1341
f 3502/902/965 3503/1123/1292 3501/1142/1336
f 3495/979/1062 3390/983/1064 3389/1143/1342
f 3370/1144/1343 3483/1145/1344 3371/1146/1345
f 3480/1147/1346 3483/1145/1344 3370/1144/1343
f 776/305/1321 777/306/1322 782/324/1333
f 782/324/1333 777/306/1322 790/334/1347
f 777/306/1322 791/335/1348 790/334/1347
f 3481/1148/1349 3482/1112/1267 3484/1120/1282
f 791/335/1348 792/337/1350 790/334/1347
f 790/334/1347 792/337/1350 793/338/1351
f 792/337/1350 794/339/1352 793/338/1351
f 793/338/1351 794/339/1352 788/331/1340
f 794/339/1352 795/340/1353 788/331/1340
f 788/331/1340 795/340/1353 789/332/1341
f 795/340/1353 796/341/1354 789/332/1341
f 789/332/1341 796/341/1354 797/342/1355
f 3490/1149/1356 3489/892/951 3502/902/965
f 797/342/1355 796/341/1354 798/344/1357
f 3501/1142/1336 3490/1149/1356 3502/902/965
f 798/344/1357 796/341/1354 799/348/1358
f 3491/1150/1359 3490/1149/1356 3501/1142/1336
f 799/348/1358 796/341/1354 800/350/1360
f 796/341/1354 795/340/1353 800/350/1360
f 800/350/1360 795/340/1353 801/351/1361
f 795/340/1353 794/339/1352 801/351/1361
f 801/351/1361 794/339/1352 802/352/1362
f 794/339/1352 792/337/1350 802/352/1362
f 3500/1141/1330 3491/1150/1359 3501/1142/1336
f 3499/1140/1329 3491/1150/1359 3500/1141/1330
f 3492/1151/1363 3491/1150/1359 3499/1140/1329
f 3493/1152/1364 3492/1151/1363 3499/1140/1329
f 788/331/1340 786/329/1338 793/338/1351
f 786/329/1338 783/326/1334 793/338/1351
f 793/338/1351 783/326/1334 790/334/1347
f 783/326/1334 782/324/1333 790/334/1347
f 3498/1139/1327 3493/1152/1364 3499/1140/1329
f 3497/909/975 3493/1152/1364 3498/1139/1327
f 3494/1153/1365 3493/1152/1364 3497/909/975
f 3496/978/1061 3494/1153/1365 3497/909/975
f 777/306/1322 778/310/1324 791/335/1348
f 3495/979/1062 3494/1153/1365 3496/978/1061
f 3389/1143/1342 3494/1153/1365 3495/979/1062
f 3493/1152/1364 3494/1153/1365 3389/1143/1342
f 3379/1154/1366 3493/1152/1364 3389/1143/1342
f 802/352/1362 803/363/1367 801/351/1361
f 801/351/1361 803/363/1367 804/364/1368
f 803/363/1367 805/365/1369 804/364/1368
f 804/364/1368 805/365/1369 806/366/1370
f 805/365/1369 807/367/1371 806/366/1370
f 3378/1155/1372 3493/1152/1364 3379/1154/1366
f 807/367/1371 808/368/1373 806/366/1370
f 806/366/1370 808/368/1373 809/369/1374
f 808/368/1373 810/370/1375 809/369/1374
f 809/369/1374 810/370/1375 799/348/1358
f 3492/1151/1363 3493/1152/1364 3378/1155/1372
f 799/348/1358 810/370/1375 798/344/1357
f 3377/1156/1376 3492/1151/1363 3378/1155/1372
f 798/344/1357 810/370/1375 811/373/1377
f 810/370/1375 812/374/1378 811/373/1377
f 811/373/1377 812/374/1378 813/375/1379
f 3491/1150/1359 3492/1151/1363 3377/1156/1376
f 813/375/1379 812/374/1378 814/377/1380
f 812/374/1378 815/378/1381 814/377/1380
f 3490/1149/1356 3491/1150/1359 3377/1156/1376
f 815/378/1381 816/379/1382 814/377/1380
f 814/377/1380 816/379/1382 817/380/1383
f 3376/1157/1384 3490/1149/1356 3377/1156/1376
f 817/380/1383 816/379/1382 818/382/1385
f 816/379/1382 819/383/1386 818/382/1385
f 3489/892/951 3490/1149/1356 3376/1157/1384
f 819/383/1386 820/384/1387 818/382/1385
f 818/382/1385 820/384/1387 821/385/1388
f 3375/1158/1389 3489/892/951 3376/1157/1384
f 821/385/1388 820/384/1387 822/387/1390
f 820/384/1387 823/388/1391 822/387/1390
f 3373/1159/1392 3489/892/951 3375/1158/1389
f 823/388/1391 824/390/1393 822/387/1390
f 822/387/1390 824/390/1393 825/391/1394
f 3488/893/952 3489/892/951 3373/1159/1392
f 825/391/1394 824/390/1393 826/392/1395
f 824/390/1393 827/393/1396 826/392/1395
f 826/392/1395 827/393/1396 828/394/1397
f 3372/1160/1398 3488/893/952 3373/1159/1392
f 828/394/1397 827/393/1396 829/396/1399
f 3487/898/960 3488/893/952 3372/1160/1398
f 829/396/1399 827/393/1396 830/398/1400
f 3486/1126/1302 3487/898/960 3372/1160/1398
f 830/398/1400 827/393/1396 831/399/1401
f 827/393/1396 824/390/1393 831/399/1401
f 3371/1146/1345 3486/1126/1302 3372/1160/1398
f 824/390/1393 832/388/1402 831/399/1401
f 831/399/1401 832/388/1402 833/400/1403
f 832/388/1402 834/401/1404 833/400/1403
f 3485/1121/1283 3486/1126/1302 3371/1146/1345
f 834/401/1404 835/403/1405 833/400/1403
f 833/400/1403 835/403/1405 831/399/1401
f 835/403/1405 836/404/1406 831/399/1401
f 831/399/1401 836/404/1406 830/398/1400
f 3483/1145/1344 3485/1121/1283 3371/1146/1345
f 830/398/1400 836/404/1406 837/405/1407
f 836/404/1406 838/406/1408 837/405/1407
f 837/405/1407 838/406/1408 839/407/1409
f 3484/1120/1282 3485/1121/1283 3483/1145/1344
f 3481/1148/1349 3484/1120/1282 3483/1145/1344
f 3480/1147/1346 3481/1148/1349 3483/1145/1344
f 3478/1161/1410 3369/1162/1411 3465/1163/1412
f 801/351/1361 804/364/1368 800/350/1360
f 3466/1164/1413 3478/1161/1410 3465/1163/1412
f 804/364/1368 806/366/1370 800/350/1360
f 3471/1165/1414 3478/1161/1410 3466/1164/1413
f 806/366/1370 809/369/1374 800/350/1360
f 800/350/1360 809/369/1374 799/348/1358
f 3476/1166/1415 3472/1167/1416 3474/1111/1262
f 3482/1112/1267 3476/1166/1415 3474/1111/1262
f 3481/1148/1349 3476/1166/1415 3482/1112/1267
f 3477/1168/1417 3476/1166/1415 3481/1148/1349
f 834/401/1404 832/388/1402 820/384/1387
f 3480/1147/1346 3477/1168/1417 3481/1148/1349
f 3479/1169/1418 3477/1168/1417 3480/1147/1346
f 3370/1144/1343 3479/1169/1418 3480/1147/1346
f 3369/1162/1411 3479/1169/1418 3370/1144/1343
f 838/406/1408 836/404/1406 840/418/1419
f 836/404/1406 835/403/1405 840/418/1419
f 840/418/1419 835/403/1405 841/419/1420
f 835/403/1405 834/401/1404 841/419/1420
f 3478/1161/1410 3479/1169/1418 3369/1162/1411
f 3477/1168/1417 3479/1169/1418 3478/1161/1410
f 3471/1165/1414 3477/1168/1417 3478/1161/1410
f 3476/1166/1415 3477/1168/1417 3471/1165/1414
f 838/406/1408 840/418/1419 842/425/1421
f 840/418/1419 843/426/1422 842/425/1421
f 3472/1167/1416 3476/1166/1415 3471/1165/1414
f 843/426/1422 844/428/1423 842/425/1421
f 842/425/1421 844/428/1423 845/429/1424
f 3470/1170/1425 3472/1167/1416 3471/1165/1414
f 845/429/1424 844/428/1423 846/430/1426
f 3473/1171/1427 3427/1172/1428 3423/1173/1429
f 846/430/1426 844/428/1423 847/432/1430
f 3424/1109/1255 3473/1171/1427 3423/1173/1429
f 847/432/1430 844/428/1423 848/433/1431
f 3475/1110/1257 3473/1171/1427 3424/1109/1255
f 848/433/1431 844/428/1423 849/435/1432
f 3474/1111/1262 3473/1171/1427 3475/1110/1257
f 849/435/1432 844/428/1423 850/437/1433
f 844/428/1423 843/426/1422 850/437/1433
f 850/437/1433 843/426/1422 851/438/1434
f 843/426/1422 841/419/1420 851/438/1434
f 3472/1167/1416 3473/1171/1427 3474/1111/1262
f 841/419/1420 834/401/1404 851/438/1434
f 851/438/1434 834/401/1404 852/439/1435
f 834/401/1404 820/384/1387 852/439/1435
f 3427/1172/1428 3473/1171/1427 3472/1167/1416
f 820/384/1387 819/383/1386 852/439/1435
f 852/439/1435 819/383/1386 853/440/1436
f 819/383/1386 816/379/1382 853/440/1436
f 3470/1170/1425 3427/1172/1428 3472/1167/1416
f 3430/1174/1437 3427/1172/1428 3470/1170/1425
f 3467/1175/1438 3471/1165/1414 3466/1164/1413
f 3470/1170/1425 3471/1165/1414 3467/1175/1438
f 843/426/1422 840/418/1419 841/419/1420
f 3468/1176/1439 3470/1170/1425 3467/1175/1438
f 3430/1174/1437 3470/1170/1425 3468/1176/1439
f 3469/1177/1440 3430/1174/1437 3468/1176/1439
f 3431/1178/1441 3430/1174/1437 3469/1177/1440
f 838/406/1408 842/425/1421 839/407/1409
f 839/407/1409 842/425/1421 845/429/1424
f 3434/1179/1442 3431/1178/1441 3469/1177/1440
f 3468/1176/1439 3434/1179/1442 3469/1177/1440
f 3461/1180/1443 3434/1179/1442 3468/1176/1439
f 3462/1181/1444 3461/1180/1443 3468/1176/1439
f 853/440/1436 854/441/1445 852/439/1435
f 852/439/1435 854/441/1445 851/438/1434
f 3467/1175/1438 3462/1181/1444 3468/1176/1439
f 851/438/1434 854/441/1445 850/437/1433
f 854/441/1445 855/442/1446 850/437/1433
f 850/437/1433 855/442/1446 849/435/1432
f 3463/1182/1447 3462/1181/1444 3467/1175/1438
f 3466/1164/1413 3463/1182/1447 3467/1175/1438
f 3464/1183/1448 3463/1182/1447 3466/1164/1413
f 3465/1163/1412 3464/1183/1448 3466/1164/1413
f 855/442/1446 854/441/1445 856/443/1449
f 3368/1184/1450 3465/1163/1412 3369/1162/1411
f 854/441/1445 853/440/1436 856/443/1449
f 3464/1183/1448 3465/1163/1412 3368/1184/1450
f 853/440/1436 816/379/1382 856/443/1449
f 3456/1185/1451 3464/1183/1448 3368/1184/1450
f 816/379/1382 815/378/1381 856/443/1449
f 3463/1182/1447 3464/1183/1448 3456/1185/1451
f 815/378/1381 812/374/1378 856/443/1449
f 856/443/1449 812/374/1378 857/444/1452
f 812/374/1378 810/370/1375 857/444/1452
f 857/444/1452 810/370/1375 858/445/1453
f 810/370/1375 808/368/1373 858/445/1453
f 858/445/1453 808/368/1373 859/446/1454
f 808/368/1373 807/367/1371 859/446/1454
f 3457/1186/1455 3463/1182/1447 3456/1185/1451
f 3458/1187/1456 3463/1182/1447 3457/1186/1455
f 3462/1181/1444 3463/1182/1447 3458/1187/1456
f 3459/1188/1457 3462/1181/1444 3458/1187/1456
f 857/444/1452 858/445/1453 856/443/1449
f 3461/1180/1443 3462/1181/1444 3459/1188/1457
f 856/443/1449 858/445/1453 855/442/1446
f 858/445/1453 860/447/1458 855/442/1446
f 855/442/1446 860/447/1458 861/448/1459
f 3460/1189/1460 3461/1180/1443 3459/1188/1457
f 861/448/1459 860/447/1458 859/446/1454
f 860/447/1458 858/445/1453 859/446/1454
f 3437/1190/1461 3434/1179/1442 3461/1180/1443
f 3460/1189/1460 3437/1190/1461 3461/1180/1443
f 3440/1191/1462 3437/1190/1461 3460/1189/1460
f 3442/1192/1463 3440/1191/1462 3460/1189/1460
f 855/442/1446 861/448/1459 849/435/1432
f 3448/1193/1464 3442/1192/1463 3460/1189/1460
f 849/435/1432 861/448/1459 848/433/1431
f 861/448/1459 862/449/1465 848/433/1431
f 848/433/1431 862/449/1465 847/432/1430
f 3459/1188/1457 3448/1193/1464 3460/1189/1460
f 847/432/1430 862/449/1465 863/450/1466
f 3450/1194/1467 3448/1193/1464 3459/1188/1457
f 863/450/1466 862/449/1465 864/451/1468
f 3451/1195/1469 3450/1194/1467 3459/1188/1457
f 864/451/1468 862/449/1465 865/452/1470
f 862/449/1465 861/448/1459 865/452/1470
f 865/452/1470 861/448/1459 866/453/1471
f 861/448/1459 859/446/1454 866/453/1471
f 866/453/1471 859/446/1454 867/454/1472
f 859/446/1454 807/367/1371 867/454/1472
f 3458/1187/1456 3451/1195/1469 3459/1188/1457
f 807/367/1371 868/365/1473 867/454/1472
f 867/454/1472 868/365/1473 869/458/1474
f 3457/1186/1455 3451/1195/1469 3458/1187/1456
f 869/458/1474 868/365/1473 870/460/1475
f 868/365/1473 803/363/1367 870/460/1475
f 870/460/1475 803/363/1367 871/461/1476
f 803/363/1367 802/352/1362 871/461/1476
f 871/461/1476 802/352/1362 872/462/1477
f 802/352/1362 792/337/1350 872/462/1477
f 872/462/1477 792/337/1350 873/463/1478
f 792/337/1350 791/335/1348 873/463/1478
f 3453/1196/1479 3451/1195/1469 3457/1186/1455
f 791/335/1348 778/310/1324 873/463/1478
f 3456/1185/1451 3453/1196/1479 3457/1186/1455
f 778/310/1324 874/468/1480 873/463/1478
f 3456/1185/1451 3368/1184/1450 3367/1197/511
f 874/468/1480 779/319/1328 873/463/1478
f 873/463/1478 779/319/1328 875/470/1481
f 3453/1196/1479 3456/1185/1451 3367/1197/511
f 875/470/1481 779/319/1328 876/471/1482
f 779/319/1328 757/261/1287 876/471/1482
f 876/471/1482 757/261/1287 877/472/1483
f 757/261/1287 755/259/1285 877/472/1483
f 877/472/1483 755/259/1285 745/223/1263
f 755/259/1285 878/225/1484 745/223/1263
f 3447/1198/1485 3448/1193/1464 3450/1194/1467
f 3454/1199/1486 3367/1197/511 3455/1200/396
f 3453/1196/1479 3367/1197/511 3454/1199/1486
f 3452/1201/1487 3453/1196/1479 3454/1199/1486
f 865/452/1470 866/453/1471 867/454/1472
f 3451/1195/1469 3453/1196/1479 3452/1201/1487
f 3449/1202/1488 3451/1195/1469 3452/1201/1487
f 3450/1194/1467 3451/1195/1469 3449/1202/1488
f 3447/1198/1485 3450/1194/1467 3449/1202/1488
f 873/463/1478 875/470/1481 872/462/1477
f 3446/1203/1489 3447/1198/1485 3449/1202/1488
f 3443/1204/1490 3442/1192/1463 3448/1193/1464
f 3447/1198/1485 3443/1204/1490 3448/1193/1464
f 3444/1205/1491 3443/1204/1490 3447/1198/1485
f 879/483/1492 880/484/1493 744/221/1261
f 880/484/1493 881/485/1494 744/221/1261
f 744/221/1261 881/485/1494 745/223/1263
f 3446/1203/1489 3444/1205/1491 3447/1198/1485
f 745/223/1263 881/485/1494 877/472/1483
f 881/485/1494 882/486/1495 877/472/1483
f 877/472/1483 882/486/1495 876/471/1482
f 882/486/1495 883/487/1496 876/471/1482
f 876/471/1482 883/487/1496 875/470/1481
f 883/487/1496 884/488/1497 875/470/1481
f 875/470/1481 884/488/1497 872/462/1477
f 3445/1206/1498 3444/1205/1491 3446/1203/1489
f 872/462/1477 884/488/1497 871/461/1476
f 884/488/1497 885/490/1499 871/461/1476
f 871/461/1476 885/490/1499 870/460/1475
f 885/490/1499 886/491/1500 870/460/1475
f 870/460/1475 886/491/1500 869/458/1474
f 3281/1207/1501 3445/1206/1498 3282/1208/1502
f 3444/1205/1491 3445/1206/1498 3281/1207/1501
f 3276/1209/1503 3444/1205/1491 3281/1207/1501
f 3443/1204/1490 3444/1205/1491 3276/1209/1503
f 880/484/1493 882/486/1495 881/485/1494
f 3264/1210/1504 3443/1204/1490 3276/1209/1503
f 3442/1192/1463 3443/1204/1490 3264/1210/1504
f 3260/881/1505 3442/1192/1463 3264/1210/1504
f 3440/1191/1462 3442/1192/1463 3260/881/1505
f 883/487/1496 887/497/1506 884/488/1497
f 887/497/1506 888/498/1507 884/488/1497
f 884/488/1497 888/498/1507 885/490/1499
f 888/498/1507 889/499/1508 885/490/1499
f 885/490/1499 889/499/1508 886/491/1500
f 3441/880/1509 3440/1191/1462 3260/881/1505
f 3439/1211/244 3440/1191/1462 3441/880/1509
f 3437/1190/1461 3440/1191/1462 3439/1211/244
f 3438/1212/1510 3437/1190/1461 3439/1211/244
f 883/487/1496 882/486/1495 887/497/1506
f 887/497/1506 882/486/1495 890/504/1511
f 882/486/1495 880/484/1493 890/504/1511
f 3436/1213/1512 3437/1190/1461 3438/1212/1510
f 3434/1179/1442 3437/1190/1461 3436/1213/1512
f 3435/1214/256 3434/1179/1442 3436/1213/1512
f 3433/1215/1513 3434/1179/1442 3435/1214/256
f 887/497/1506 890/504/1511 888/498/1507
f 890/504/1511 891/513/1514 888/498/1507
f 888/498/1507 891/513/1514 889/499/1508
f 891/513/1514 892/514/1515 889/499/1508
f 889/499/1508 892/514/1515 886/491/1500
f 3431/1178/1441 3434/1179/1442 3433/1215/1513
f 886/491/1500 892/514/1515 893/516/1516
f 892/514/1515 894/517/1517 893/516/1516
f 3432/1216/1518 3431/1178/1441 3433/1215/1513
f 894/517/1517 895/519/1519 893/516/1516
f 893/516/1516 895/519/1519 896/520/1520
f 895/519/1519 897/521/1521 896/520/1520
f 3429/1217/1522 3431/1178/1441 3432/1216/1518
f 897/521/1521 898/522/1523 896/520/1520
f 896/520/1520 898/522/1523 899/523/1524
f 898/522/1523 900/524/1525 899/523/1524
f 899/523/1524 900/524/1525 864/451/1468
f 900/524/1525 863/450/1466 864/451/1468
f 3430/1174/1437 3431/1178/1441 3429/1217/1522
f 3427/1172/1428 3430/1174/1437 3429/1217/1522
f 3428/1218/266 3427/1172/1428 3429/1217/1522
f 3426/1219/270 3427/1172/1428 3428/1218/266
f 892/514/1515 891/513/1514 894/517/1517
f 3423/1173/1429 3427/1172/1428 3426/1219/270
f 3422/1220/1526 3423/1173/1429 3426/1219/270
f 3171/1221/1527 3173/1105/1242 3425/1104/1241
f 3424/1109/1255 3171/1221/1527 3425/1104/1241
f 899/523/1524 864/451/1468 901/533/1528
f 3169/1222/1529 3171/1221/1527 3424/1109/1255
f 864/451/1468 865/452/1470 901/533/1528
f 3423/1173/1429 3169/1222/1529 3424/1109/1255
f 865/452/1470 867/454/1472 901/533/1528
f 3422/1220/1526 3169/1222/1529 3423/1173/1429
f 867/454/1472 869/458/1474 901/533/1528
f 901/533/1528 869/458/1474 902/537/1530
f 869/458/1474 886/491/1500 902/537/1530
f 902/537/1530 886/491/1500 903/538/1531
f 886/491/1500 893/516/1516 903/538/1531
f 3407/1223/1532 3421/1224/1533 3420/1225/1534
f 893/516/1516 896/520/1520 903/538/1531
f 3418/1226/1535 3407/1223/1532 3419/1225/176
f 896/520/1520 899/523/1524 903/538/1531
f 3417/1227/1536 3415/1228/1537 3414/1229/1538
f 899/523/1524 901/533/1528 903/538/1531
f 903/538/1531 901/533/1528 902/537/1530
f 3412/1230/1539 3414/1229/1538 3413/1231/1540
f 3417/1227/1536 3414/1229/1538 3412/1230/1539
f 3410/1232/1541 3417/1227/1536 3412/1230/1539
f 3415/1228/1537 3417/1227/1536 3410/1232/1541
f 904/524/1542 905/544/1543 863/450/1466
f 863/450/1466 905/544/1543 847/432/1430
f 3407/1223/1544 3415/1228/1537 3410/1232/1541
f 3416/1226/1535 3415/1228/1537 3407/1223/1544
f 3231/1233/1545 3415/1228/1537 3416/1226/1535
f 3232/1234/1546 3415/1228/1537 3231/1233/1545
f 905/544/1543 904/524/1542 906/550/1547
f 906/550/1547 904/524/1542 907/551/1548
f 904/524/1542 908/522/1549 907/551/1548
f 907/551/1548 908/522/1549 909/552/1550
f 908/522/1549 910/521/1551 909/552/1550
f 909/552/1550 910/521/1551 911/553/1552
f 910/521/1551 912/519/1553 911/553/1552
f 911/553/1552 912/519/1553 913/554/1554
f 912/519/1553 914/517/1555 913/554/1554
f 913/554/1554 914/517/1555 915/555/1556
f 914/517/1555 916/556/1557 915/555/1556
f 3414/1229/1538 3415/1228/1537 3232/1234/1546
f 3233/1235/1558 3414/1229/1538 3232/1234/1546
f 3295/1236/1559 3414/1229/1538 3233/1235/1558
f 3413/1231/1540 3414/1229/1538 3295/1236/1559
f 915/555/1556 917/560/1560 913/554/1554
f 3309/1237/1561 3413/1231/1540 3295/1236/1559
f 913/554/1554 917/560/1560 911/553/1552
f 917/560/1560 918/561/1562 911/553/1552
f 911/553/1552 918/561/1562 909/552/1550
f 918/561/1562 919/562/1563 909/552/1550
f 909/552/1550 919/562/1563 907/551/1548
f 919/562/1563 920/563/1564 907/551/1548
f 907/551/1548 920/563/1564 906/550/1547
f 920/563/1564 921/564/1565 906/550/1547
f 906/550/1547 921/564/1565 905/544/1543
f 3412/1230/1539 3413/1231/1540 3309/1237/1561
f 3320/1238/1566 3412/1230/1539 3309/1237/1561
f 3314/1239/1567 3412/1230/1539 3320/1238/1566
f 3410/1232/1541 3412/1230/1539 3314/1239/1567
f 921/564/1565 920/563/1564 922/567/1568
f 3321/1240/1569 3410/1232/1541 3314/1239/1567
f 920/563/1564 919/562/1563 922/567/1568
f 922/567/1568 919/562/1563 923/569/1570
f 919/562/1563 918/561/1562 923/569/1570
f 923/569/1570 918/561/1562 924/570/1571
f 918/561/1562 917/560/1560 924/570/1571
f 924/570/1571 917/560/1560 925/571/1572
f 3396/1241/1573 3411/1242/1574 3402/1243/1575
f 925/571/1572 917/560/1560 926/572/1576
f 917/560/1560 915/555/1556 926/572/1576
f 926/572/1576 915/555/1556 927/573/1577
f 915/555/1556 928/574/1578 927/573/1577
f 927/573/1577 928/574/1578 929/575/1579
f 928/574/1578 930/576/1580 929/575/1579
f 929/575/1579 930/576/1580 931/577/1581
f 3398/1244/195 3411/1242/1574 3396/1241/1573
f 931/577/1581 930/576/1580 932/579/1582
f 930/576/1580 916/556/1557 932/579/1582
f 932/579/1582 916/556/1557 891/513/1514
f 916/556/1557 894/517/1517 891/513/1514
f 3397/1245/1583 3395/1246/1584 3394/1247/1585
f 3408/1248/1586 3407/1223/1544 3410/1232/1541
f 3321/1240/1569 3408/1248/1586 3410/1232/1541
f 3409/1249/1587 3408/1248/1586 3321/1240/1569
f 927/573/1577 933/582/1588 926/572/1576
f 3322/1250/1589 3409/1249/1587 3321/1240/1569
f 3334/1251/1590 3409/1249/1587 3322/1250/1589
f 3401/1252/1591 3409/1249/1587 3334/1251/1590
f 3405/1253/1592 3409/1249/1587 3401/1252/1591
f 915/555/1556 916/556/1557 928/574/1578
f 928/574/1578 916/556/1557 930/576/1580
f 3408/1248/1586 3409/1249/1587 3405/1253/1592
f 3407/1223/1544 3408/1248/1586 3405/1253/1592
f 3406/1224/174 3407/1223/1544 3405/1253/1592
f 3404/1254/179 3406/1224/174 3405/1253/1592
f 891/513/1514 890/504/1511 932/579/1582
f 932/579/1582 890/504/1511 934/587/1593
f 890/504/1511 935/588/1594 934/587/1593
f 3401/1252/1591 3404/1254/179 3405/1253/1592
f 935/588/1594 931/577/1581 934/587/1593
f 934/587/1593 931/577/1581 932/579/1582
f 3403/1255/1595 3404/1254/179 3401/1252/1591
f 3402/1243/1575 3403/1255/1595 3401/1252/1591
f 3396/1241/1573 3402/1243/1575 3401/1252/1591
f 3334/1251/1590 3396/1241/1573 3401/1252/1591
f 890/504/1511 936/484/1596 935/588/1594
f 935/588/1594 936/484/1596 937/592/1597
f 936/484/1596 938/483/1598 937/592/1597
f 3384/1256/1599 3396/1241/1573 3334/1251/1590
f 3400/1038/203 3394/1247/1585 3393/1036/1115
f 3397/1245/1583 3394/1247/1585 3400/1038/203
f 3399/1257/197 3397/1245/1583 3400/1038/203
f 740/215/1256 939/599/1600 741/217/1258
f 939/599/1600 940/600/1601 741/217/1258
f 741/217/1258 940/600/1601 937/592/1597
f 940/600/1601 941/601/1602 937/592/1597
f 937/592/1597 941/601/1602 935/588/1594
f 3398/1244/195 3397/1245/1583 3399/1257/197
f 3396/1241/1573 3397/1245/1583 3398/1244/195
f 3395/1246/1584 3397/1245/1583 3396/1241/1573
f 3384/1256/1599 3395/1246/1584 3396/1241/1573
f 740/215/1256 739/213/1254 939/599/1600
f 939/599/1600 739/213/1254 942/603/1603
f 3394/1247/1585 3395/1246/1584 3384/1256/1599
f 942/603/1603 739/213/1254 943/604/1604
f 739/213/1254 749/236/1272 943/604/1604
f 943/604/1604 749/236/1272 944/606/1605
f 749/236/1272 945/187/1606 944/606/1605
f 944/606/1605 945/187/1606 946/608/1607
f 945/187/1606 947/189/1608 946/608/1607
f 3385/1258/1609 3394/1247/1585 3384/1256/1599
f 947/189/1608 948/191/1610 946/608/1607
f 3393/1036/1115 3394/1247/1585 3385/1258/1609
f 948/191/1610 949/614/1611 946/608/1607
f 946/608/1607 949/614/1611 950/615/1612
f 949/614/1611 951/616/1613 950/615/1612
f 3386/1259/1614 3393/1036/1115 3385/1258/1609
f 951/616/1613 952/618/1615 950/615/1612
f 950/615/1612 952/618/1615 953/619/1616
f 952/618/1615 954/620/1617 953/619/1616
f 3392/1044/1122 3393/1036/1115 3386/1259/1614
f 954/620/1617 955/622/1618 953/619/1616
f 953/619/1616 955/622/1618 956/623/1619
f 955/622/1618 957/636/1620 956/623/1619
f 956/623/1619 957/636/1620 958/637/1621
f 957/636/1620 959/660/1622 958/637/1621
f 3391/984/1065 3392/1044/1122 3386/1259/1614
f 959/660/1622 960/646/1623 958/637/1621
f 3387/1260/1624 3391/984/1065 3386/1259/1614
f 960/646/1623 961/639/1625 958/637/1621
f 3390/983/1064 3391/984/1065 3387/1260/1624
f 961/639/1625 942/603/1603 958/637/1621
f 958/637/1621 942/603/1603 962/605/1626
f 942/603/1603 943/604/1604 962/605/1626
f 3388/1261/1627 3390/983/1064 3387/1260/1624
f 943/604/1604 944/606/1605 962/605/1626
f 962/605/1626 944/606/1605 963/607/1628
f 944/606/1605 946/608/1607 963/607/1628
f 3389/1143/1342 3390/983/1064 3388/1261/1627
f 946/608/1607 950/615/1612 963/607/1628
f 3379/1154/1366 3389/1143/1342 3388/1261/1627
f 950/615/1612 953/619/1616 963/607/1628
f 963/607/1628 953/619/1616 962/605/1626
f 953/619/1616 956/623/1619 962/605/1626
f 962/605/1626 956/623/1619 958/637/1621
f 3380/1262/1073 3379/1154/1366 3388/1261/1627
f 3381/1263/1629 3380/1262/1073 3388/1261/1627
f 3387/1260/1624 3381/1263/1629 3388/1261/1627
f 3382/1264/1630 3381/1263/1629 3387/1260/1624
f 942/603/1603 961/639/1625 939/599/1600
f 939/599/1600 961/639/1625 964/640/1631
f 961/639/1625 960/646/1623 964/640/1631
f 964/640/1631 960/646/1623 965/645/1632
f 960/646/1623 966/648/1633 965/645/1632
f 3386/1259/1614 3382/1264/1630 3387/1260/1624
f 966/648/1633 967/650/1634 965/645/1632
f 965/645/1632 967/650/1634 968/651/1635
f 3385/1258/1609 3382/1264/1630 3386/1259/1614
f 968/651/1635 967/650/1634 969/653/1636
f 967/650/1634 970/654/1637 969/653/1636
f 3383/1265/1638 3382/1264/1630 3385/1258/1609
f 970/654/1637 933/582/1588 969/653/1636
f 3384/1256/1599 3383/1265/1638 3385/1258/1609
f 933/582/1588 927/573/1577 969/653/1636
f 969/653/1636 927/573/1577 971/656/1639
f 927/573/1577 929/575/1579 971/656/1639
f 3335/1266/1640 3384/1256/1599 3334/1251/1590
f 3383/1265/1638 3384/1256/1599 3335/1266/1640
f 3336/1267/1641 3383/1265/1638 3335/1266/1640
f 3346/1268/1642 3383/1265/1638 3336/1267/1641
f 939/599/1600 964/640/1631 940/600/1601
f 3382/1264/1630 3383/1265/1638 3346/1268/1642
f 940/600/1601 964/640/1631 941/601/1602
f 964/640/1631 972/643/1643 941/601/1602
f 941/601/1602 972/643/1643 971/656/1639
f 972/643/1643 973/651/1644 971/656/1639
f 971/656/1639 973/651/1644 969/653/1636
f 3347/1269/1645 3382/1264/1630 3346/1268/1642
f 3381/1263/1629 3382/1264/1630 3347/1269/1645
f 3348/1270/1646 3381/1263/1629 3347/1269/1645
f 3380/1262/1073 3381/1263/1629 3348/1270/1646
f 964/640/1631 965/645/1632 972/643/1643
f 972/643/1643 965/645/1632 973/651/1644
f 3349/1271/1647 3380/1262/1073 3348/1270/1646
f 3379/1154/1366 3380/1262/1073 3349/1271/1647
f 3378/1155/1372 3379/1154/1366 3349/1271/1647
f 3350/1272/1648 3378/1155/1372 3349/1271/1647
f 929/575/1579 931/577/1581 971/656/1639
f 971/656/1639 931/577/1581 974/668/1649
f 931/577/1581 935/588/1594 974/668/1649
f 3352/1273/1650 3378/1155/1372 3350/1272/1648
f 935/588/1594 941/601/1602 974/668/1649
f 974/668/1649 941/601/1602 971/656/1639
f 3377/1156/1376 3378/1155/1372 3352/1273/1650
f 3354/1274/1651 3377/1156/1376 3352/1273/1650
f 3376/1157/1384 3377/1156/1376 3354/1274/1651
f 3374/1275/1652 3376/1157/1384 3354/1274/1651
f 924/570/1571 975/671/1653 923/569/1570
f 923/569/1570 975/671/1653 922/567/1568
f 975/671/1653 976/675/1654 922/567/1568
f 3375/1158/1389 3376/1157/1384 3374/1275/1652
f 976/675/1654 977/677/1655 922/567/1568
f 922/567/1568 977/677/1655 921/564/1565
f 3373/1159/1392 3375/1158/1389 3374/1275/1652
f 921/564/1565 977/677/1655 978/678/1656
f 977/677/1655 979/698/1657 978/678/1656
f 3357/1276/1658 3373/1159/1392 3374/1275/1652
f 979/698/1657 980/681/1659 978/678/1656
f 978/678/1656 980/681/1659 981/680/1660
f 3372/1160/1398 3373/1159/1392 3357/1276/1658
f 981/680/1660 980/681/1659 982/682/1661
f 980/681/1659 983/683/1662 982/682/1661
f 982/682/1661 983/683/1662 984/684/1663
f 983/683/1662 985/685/1664 984/684/1663
f 984/684/1663 985/685/1664 986/686/1665
f 985/685/1664 987/687/1666 986/686/1665
f 986/686/1665 987/687/1666 988/688/1667
f 987/687/1666 989/689/1668 988/688/1667
f 988/688/1667 989/689/1668 990/690/1669
f 989/689/1668 991/691/1670 990/690/1669
f 990/690/1669 991/691/1670 992/692/1671
f 3359/1277/1672 3372/1160/1398 3357/1276/1658
f 3371/1146/1345 3372/1160/1398 3359/1277/1672
f 3361/1278/1673 3371/1146/1345 3359/1277/1672
f 3370/1144/1343 3371/1146/1345 3361/1278/1673
f 986/686/1665 988/688/1667 993/703/1674
f 3363/1279/1675 3370/1144/1343 3361/1278/1673
f 988/688/1667 994/690/1676 993/703/1674
f 993/703/1674 994/690/1676 995/705/1677
f 994/690/1676 996/692/1678 995/705/1677
f 3369/1162/1411 3370/1144/1343 3363/1279/1675
f 996/692/1678 997/707/1679 995/705/1677
f 995/705/1677 997/707/1679 998/708/1680
f 997/707/1679 999/709/1681 998/708/1680
f 998/708/1680 999/709/1681 1000/710/1682
f 999/709/1681 1001/711/1683 1000/710/1682
f 3365/1280/1684 3369/1162/1411 3363/1279/1675
f 1001/711/1683 1002/713/1685 1000/710/1682
f 1000/710/1682 1002/713/1685 1003/714/1686
f 1002/713/1685 1004/715/1687 1003/714/1686
f 1003/714/1686 1004/715/1687 1005/716/1688
f 1004/715/1687 1006/407/1689 1005/716/1688
f 1005/716/1688 1006/407/1689 1007/717/1690
f 1006/407/1689 1008/429/1691 1007/717/1690
f 1007/717/1690 1008/429/1691 1009/718/1692
f 1008/429/1691 1010/430/1693 1009/718/1692
f 3368/1184/1450 3369/1162/1411 3365/1280/1684
f 1010/430/1693 847/432/1430 1009/718/1692
f 1009/718/1692 847/432/1430 1011/720/1694
f 847/432/1430 905/544/1543 1011/720/1694
f 1011/720/1694 905/544/1543 981/680/1660
f 3367/1197/511 3368/1184/1450 3365/1280/1684
f 981/680/1660 905/544/1543 978/678/1656
f 905/544/1543 921/564/1565 978/678/1656
f 3366/1281/509 3367/1197/511 3365/1280/1684
f 3364/1282/1695 3366/1281/509 3365/1280/1684
f 3363/1279/1675 3364/1282/1695 3365/1280/1684
f 3362/1283/1696 3364/1282/1695 3363/1279/1675
f 995/705/1677 998/708/1680 993/703/1674
f 3361/1278/1673 3362/1283/1696 3363/1279/1675
f 3360/1284/503 3362/1283/1696 3361/1278/1673
f 3359/1277/1672 3360/1284/503 3361/1278/1673
f 3358/1285/1697 3360/1284/503 3359/1277/1672
f 997/707/1679 1012/726/1698 999/709/1681
f 999/709/1681 1012/726/1698 1001/711/1683
f 3357/1276/1658 3358/1285/1697 3359/1277/1672
f 3355/1286/501 3358/1285/1697 3357/1276/1658
f 3356/1275/1699 3355/1286/501 3357/1276/1658
f 3354/1274/1651 3355/1286/501 3356/1275/1699
f 1000/710/1682 1003/714/1686 998/708/1680
f 3353/1287/1700 3355/1286/501 3354/1274/1651
f 3352/1273/1650 3353/1287/1700 3354/1274/1651
f 3351/1288/1701 3353/1287/1700 3352/1273/1650
f 3350/1272/1648 3351/1288/1701 3352/1273/1650
f 1011/720/1694 981/680/1660 1013/722/1702
f 981/680/1660 982/682/1661 1013/722/1702
f 3343/1289/468 3351/1288/1701 3350/1272/1648
f 982/682/1661 984/684/1663 1013/722/1702
f 1013/722/1702 984/684/1663 1014/723/1703
f 984/684/1663 986/686/1665 1014/723/1703
f 1014/723/1703 986/686/1665 1015/724/1704
f 986/686/1665 993/703/1674 1015/724/1704
f 3342/1290/1705 3343/1289/468 3350/1272/1648
f 3349/1271/1647 3342/1290/1705 3350/1272/1648
f 3348/1270/1646 3342/1290/1705 3349/1271/1647
f 3344/1291/1706 3342/1290/1705 3348/1270/1646
f 1015/724/1704 1016/736/1707 1014/723/1703
f 3347/1269/1645 3344/1291/1706 3348/1270/1646
f 1014/723/1703 1016/736/1707 1013/722/1702
f 1016/736/1707 1017/738/1708 1013/722/1702
f 1013/722/1702 1017/738/1708 1011/720/1694
f 3345/1292/1709 3344/1291/1706 3347/1269/1645
f 1011/720/1694 1017/738/1708 1009/718/1692
f 1017/738/1708 1016/736/1707 1009/718/1692
f 1009/718/1692 1016/736/1707 1007/717/1690
f 1016/736/1707 1018/740/1710 1007/717/1690
f 1007/717/1690 1018/740/1710 1005/716/1688
f 3346/1268/1642 3345/1292/1709 3347/1269/1645
f 1005/716/1688 1018/740/1710 1003/714/1686
f 1018/740/1710 1019/742/1711 1003/714/1686
f 1003/714/1686 1019/742/1711 998/708/1680
f 3337/1293/1712 3346/1268/1642 3336/1267/1641
f 998/708/1680 1019/742/1711 993/703/1674
f 1019/742/1711 1018/740/1710 993/703/1674
f 993/703/1674 1018/740/1710 1015/724/1704
f 1018/740/1710 1016/736/1707 1015/724/1704
f 3345/1292/1709 3346/1268/1642 3337/1293/1712
f 3338/1294/1713 3345/1292/1709 3337/1293/1712
f 3344/1291/1706 3345/1292/1709 3338/1294/1713
f 3339/1295/1714 3344/1291/1706 3338/1294/1713
f 1020/748/1715 1021/750/1716 1022/749/1717
f 1021/750/1716 1023/751/1718 1022/749/1717
f 3342/1290/1705 3344/1291/1706 3339/1295/1714
f 1023/751/1718 1024/753/1719 1022/749/1717
f 1022/749/1717 1024/753/1719 1025/754/1720
f 3341/1296/469 3343/1289/468 3342/1290/1705
f 1025/754/1720 1024/753/1719 1026/756/1721
f 1024/753/1719 1027/757/1722 1026/756/1721
f 1026/756/1721 1027/757/1722 1028/758/1723
f 1027/757/1722 1029/759/1724 1028/758/1723
f 3339/1295/1714 3341/1296/469 3342/1290/1705
f 1029/759/1724 1030/761/1725 1028/758/1723
f 3340/1297/479 3341/1296/469 3339/1295/1714
f 1030/761/1725 1031/763/1726 1028/758/1723
f 1028/758/1723 1031/763/1726 1026/756/1721
f 1031/763/1726 1032/764/1727 1026/756/1721
f 1026/756/1721 1032/764/1727 1025/754/1720
f 1032/764/1727 1033/765/1728 1025/754/1720
f 1025/754/1720 1033/765/1728 1034/749/1729
f 1033/765/1728 1035/766/1730 1034/749/1729
f 1034/749/1729 1035/766/1730 1036/748/1731
f 1035/766/1730 1037/767/1732 1036/748/1731
f 3328/1298/478 3340/1297/479 3339/1295/1714
f 3338/1294/1713 3328/1298/478 3339/1295/1714
f 3333/1299/1733 3328/1298/478 3338/1294/1713
f 3337/1293/1712 3333/1299/1733 3338/1294/1713
f 1038/771/1734 1039/773/1735 1040/772/1736
f 3336/1267/1641 3333/1299/1733 3337/1293/1712
f 1040/772/1736 1039/773/1735 1041/774/1737
f 1039/773/1735 1042/775/1738 1041/774/1737
f 1041/774/1737 1042/775/1738 1043/776/1739
f 1042/775/1738 1044/777/1740 1043/776/1739
f 1043/776/1739 1044/777/1740 1045/778/1741
f 1044/777/1740 1046/779/1742 1045/778/1741
f 1045/778/1741 1046/779/1742 1047/780/1743
f 1046/779/1742 1048/781/1744 1047/780/1743
f 1047/780/1743 1048/781/1744 1049/782/1745
f 1048/781/1744 1050/783/1746 1049/782/1745
f 1049/782/1745 1050/783/1746 1051/784/1747
f 3332/1300/1748 3333/1299/1733 3336/1267/1641
f 1051/784/1747 1050/783/1746 1052/785/1749
f 1050/783/1746 1053/801/1750 1052/785/1749
f 3331/1301/1751 3332/1300/1748 3336/1267/1641
f 1053/801/1750 1054/802/1752 1052/785/1749
f 1052/785/1749 1054/802/1752 1055/787/1753
f 1054/802/1752 1056/803/1754 1055/787/1753
f 1055/787/1753 1056/803/1754 1057/804/1755
f 3335/1266/1640 3331/1301/1751 3336/1267/1641
f 3330/1302/1756 3331/1301/1751 3335/1266/1640
f 3334/1251/1590 3330/1302/1756 3335/1266/1640
f 3322/1250/1589 3330/1302/1756 3334/1251/1590
f 1048/781/1744 1053/801/1750 1050/783/1746
f 3323/1303/1757 3330/1302/1756 3322/1250/1589
f 3326/1304/1758 3328/1298/478 3333/1299/1733
f 3332/1300/1748 3326/1304/1758 3333/1299/1733
f 3324/1305/1759 3326/1304/1758 3332/1300/1748
f 1051/784/1747 1052/785/1749 1058/786/1760
f 1052/785/1749 1055/787/1753 1058/786/1760
f 1058/786/1760 1055/787/1753 1059/788/1761
f 1055/787/1753 1060/789/1762 1059/788/1761
f 3331/1301/1751 3324/1305/1759 3332/1300/1748
f 1060/789/1762 1061/791/1763 1059/788/1761
f 1059/788/1761 1061/791/1763 1062/792/1764
f 1061/791/1763 1063/793/1765 1062/792/1764
f 3330/1302/1756 3324/1305/1759 3331/1301/1751
f 3323/1303/1757 3324/1305/1759 3330/1302/1756
f 3327/1306/1766 3329/1307/290 3328/1298/478
f 3326/1304/1758 3327/1306/1766 3328/1298/478
f 1064/802/1752 1065/805/1767 1066/803/1767
f 1065/805/1767 1067/804/1768 1066/803/1767
f 3325/1308/1769 3327/1306/1766 3326/1304/1758
f 3324/1305/1759 3325/1308/1769 3326/1304/1758
f 3319/1309/1770 3325/1308/1769 3324/1305/1759
f 3323/1303/1757 3319/1309/1770 3324/1305/1759
f 1068/809/1771 1069/811/1772 1070/810/1773
f 1069/811/1772 1071/812/1774 1070/810/1773
f 1070/810/1773 1071/812/1774 1072/813/1775
f 3318/1310/1776 3319/1309/1770 3323/1303/1757
f 3322/1250/1589 3318/1310/1776 3323/1303/1757
f 3321/1240/1569 3318/1310/1776 3322/1250/1589
f 3321/1240/1569 3314/1239/1567 3315/1311/1777
f 1073/816/1778 1075/818/1779 1074/817/1780
f 1074/817/1780 1075/818/1779 1076/819/1781
f 1075/818/1779 1077/820/1782 1076/819/1781
f 3318/1310/1776 3321/1240/1569 3315/1311/1777
f 1077/820/1782 1078/822/1783 1076/819/1781
f 1076/819/1781 1078/822/1783 1079/823/1784
f 1078/822/1783 1080/824/1785 1079/823/1784
f 1079/823/1784 1080/824/1785 1081/825/1786
f 1080/824/1785 1082/826/1787 1081/825/1786
f 1081/825/1786 1082/826/1787 1083/827/1788
f 1082/826/1787 1084/828/1789 1083/827/1788
f 1083/827/1788 1084/828/1789 1085/829/1790
f 1084/828/1789 1086/830/1791 1085/829/1790
f 1085/829/1790 1086/830/1791 1087/831/1792
f 1086/830/1791 1088/832/1793 1087/831/1792
f 1087/831/1792 1088/832/1793 1089/833/1794
f 1088/832/1793 1090/834/1795 1089/833/1794
f 1089/833/1794 1090/834/1795 1091/835/1796
f 1090/834/1795 1092/836/1797 1091/835/1796
f 1091/835/1796 1092/836/1797 1093/837/1798
f 1092/836/1797 1094/838/1799 1093/837/1798
f 1093/837/1798 1094/838/1799 1095/839/1800
f 3312/1312/1801 3314/1239/1567 3320/1238/1566
f 3310/1313/1802 3320/1238/1566 3309/1237/1561
f 3312/1312/1801 3320/1238/1566 3310/1313/1802
f 3313/1314/1803 3311/1315/1804 3316/1316/1805
f 1076/819/1781 1079/823/1784 1074/817/1780
f 3317/1317/1806 3319/1309/1770 3318/1310/1776
f 3315/1311/1777 3317/1317/1806 3318/1310/1776
f 3316/1316/1805 3317/1317/1806 3315/1311/1777
f 3313/1314/1803 3316/1316/1805 3315/1311/1777
f 1096/811/1807 1097/844/1808 1098/812/1809
f 1097/844/1808 1099/845/1810 1098/812/1809
f 1098/812/1809 1099/845/1810 1100/813/1811
f 3314/1239/1567 3313/1314/1803 3315/1311/1777
f 3312/1312/1801 3313/1314/1803 3314/1239/1567
f 3311/1315/1804 3313/1314/1803 3312/1312/1801
f 3310/1313/1802 3311/1315/1804 3312/1312/1801
f 1101/816/1812 1103/817/1813 1102/847/1814
f 1102/847/1814 1103/817/1813 1104/848/1815
f 1103/817/1813 1105/823/1816 1104/848/1815
f 1104/848/1815 1105/823/1816 1106/849/1817
f 1105/823/1816 1107/825/1818 1106/849/1817
f 1106/849/1817 1107/825/1818 1108/850/1819
f 1107/825/1818 1109/827/1820 1108/850/1819
f 3306/1318/1821 3311/1315/1804 3310/1313/1802
f 3307/1319/1822 3306/1318/1821 3310/1313/1802
f 3309/1237/1561 3307/1319/1822 3310/1313/1802
f 3308/1320/1823 3295/1236/1559 3301/1321/1824
f 1102/847/1814 1104/848/1815 1110/855/1825
f 1104/848/1815 1111/856/1826 1110/855/1825
f 1110/855/1825 1111/856/1826 1112/857/1827
f 1111/856/1826 1113/858/1828 1112/857/1827
f 1112/857/1827 1113/858/1828 1114/771/1829
f 3309/1237/1561 3295/1236/1559 3308/1320/1823
f 1114/771/1829 1113/858/1828 1115/773/1830
f 3307/1319/1822 3309/1237/1561 3308/1320/1823
f 1115/773/1830 1113/858/1828 1116/861/1831
f 1113/858/1828 1117/862/1832 1116/861/1831
f 1116/861/1831 1117/862/1832 1108/850/1819
f 3301/1321/1824 3307/1319/1822 3308/1320/1823
f 1108/850/1819 1117/862/1832 1106/849/1817
f 1117/862/1832 1111/856/1826 1106/849/1817
f 1106/849/1817 1111/856/1826 1104/848/1815
f 3297/1322/1833 3307/1319/1822 3301/1321/1824
f 3303/1323/1834 3297/1322/1833 3298/1324/1835
f 3307/1319/1822 3297/1322/1833 3303/1323/1834
f 3305/1325/1836 3307/1319/1822 3303/1323/1834
f 1113/858/1828 1111/856/1826 1117/862/1832
f 3306/1318/1821 3307/1319/1822 3305/1325/1836
f 3304/1326/1837 3306/1318/1821 3305/1325/1836
f 3303/1323/1834 3304/1326/1837 3305/1325/1836
f 3302/1327/1838 3304/1326/1837 3303/1323/1834
f 1115/773/1830 1116/861/1831 1118/775/1839
f 1116/861/1831 1119/876/1840 1118/775/1839
f 1118/775/1839 1119/876/1840 1120/777/1841
f 1119/876/1840 1121/877/1842 1120/777/1841
f 1120/777/1841 1121/877/1842 1122/779/1843
f 1121/877/1842 1123/878/1844 1122/779/1843
f 1122/779/1843 1123/878/1844 1124/781/1845
f 3298/1324/1835 3302/1327/1838 3303/1323/1834
f 1124/781/1845 1123/878/1844 1125/801/1846
f 1123/878/1844 1126/882/1847 1125/801/1846
f 3300/1328/1848 3302/1327/1838 3298/1324/1835
f 1126/882/1847 1127/886/1849 1125/801/1846
f 1125/801/1846 1127/886/1849 1128/887/1850
f 3299/1329/1851 3300/1328/1848 3298/1324/1835
f 1128/887/1850 1127/886/1849 1129/889/1852
f 3301/1321/1824 3296/1330/1853 3297/1322/1833
f 1129/889/1852 1127/886/1849 1130/833/1854
f 3294/1331/1855 3301/1321/1824 3295/1236/1559
f 1130/833/1854 1127/886/1849 1131/831/1856
f 1127/886/1849 1132/882/1857 1131/831/1856
f 1131/831/1856 1132/882/1857 1133/894/1858
f 1132/882/1857 1134/878/1859 1133/894/1858
f 3296/1330/1853 3301/1321/1824 3294/1331/1855
f 1134/878/1859 1121/877/1842 1133/894/1858
f 1133/894/1858 1121/877/1842 1135/896/1860
f 1121/877/1842 1119/876/1840 1135/896/1860
f 1135/896/1860 1119/876/1840 1108/850/1819
f 1119/876/1840 1116/861/1831 1108/850/1819
f 3293/1332/1861 3296/1330/1853 3294/1331/1855
f 3288/1333/1862 3287/1334/1863 3300/1328/1848
f 3299/1329/1851 3288/1333/1862 3300/1328/1848
f 3289/1335/1864 3288/1333/1862 3299/1329/1851
f 1108/850/1819 1109/827/1820 1135/896/1860
f 1109/827/1820 1136/829/1865 1135/896/1860
f 1135/896/1860 1136/829/1865 1133/894/1858
f 1136/829/1865 1131/831/1856 1133/894/1858
f 3298/1324/1835 3289/1335/1864 3299/1329/1851
f 3290/1336/1866 3289/1335/1864 3298/1324/1835
f 3297/1322/1833 3290/1336/1866 3298/1324/1835
f 3291/1337/1867 3290/1336/1866 3297/1322/1833
f 1130/833/1854 1137/835/1868 1129/889/1852
f 1137/835/1868 1138/903/1869 1129/889/1852
f 1129/889/1852 1138/903/1869 1139/904/1870
f 3296/1330/1853 3291/1337/1867 3297/1322/1833
f 3292/1338/1871 3291/1337/1867 3296/1330/1853
f 3293/1332/1861 3292/1338/1871 3296/1330/1853
f 3278/1339/1872 3285/1340/1873 3269/1341/1874
f 1137/835/1868 1140/837/1875 1138/903/1869
f 1138/903/1869 1140/837/1875 1141/913/1876
f 1140/837/1875 1142/839/1877 1141/913/1876
f 3284/1342/1878 3283/1343/1879 3286/1344/1880
f 3234/1345/1881 3295/1236/1559 3233/1235/1558
f 3294/1331/1855 3295/1236/1559 3234/1345/1881
f 3235/1346/1882 3294/1331/1855 3234/1345/1881
f 1143/920/1883 1144/922/1884 1145/921/1885
f 1144/922/1884 1146/923/1886 1145/921/1885
f 1145/921/1885 1146/923/1886 1147/924/1887
f 1146/923/1886 1148/925/1888 1147/924/1887
f 1147/924/1887 1148/925/1888 1149/926/1889
f 1148/925/1888 1150/927/1890 1149/926/1889
f 3293/1332/1861 3294/1331/1855 3235/1346/1882
f 1150/927/1890 1151/929/1891 1149/926/1889
f 1149/926/1889 1151/929/1891 1152/930/1892
f 1151/929/1891 1153/931/1893 1152/930/1892
f 3236/1347/1894 3293/1332/1861 3235/1346/1882
f 3292/1338/1871 3293/1332/1861 3236/1347/1894
f 3237/1348/1895 3292/1338/1871 3236/1347/1894
f 3247/1349/1896 3292/1338/1871 3237/1348/1895
f 1154/931/1003 1155/929/1897 1156/935/1898
f 1155/929/1897 1157/927/1899 1156/935/1898
f 1156/935/1898 1157/927/1899 1158/936/1900
f 1157/927/1899 1159/925/1901 1158/936/1900
f 1158/936/1900 1159/925/1901 1160/937/1902
f 3291/1337/1867 3292/1338/1871 3247/1349/1896
f 1160/937/1902 1159/925/1901 1161/938/1903
f 1159/925/1901 1162/923/1904 1161/938/1903
f 1161/938/1903 1162/923/1904 1163/939/1905
f 1162/923/1904 1164/922/1906 1163/939/1905
f 3248/1350/1907 3291/1337/1867 3247/1349/1896
f 3290/1336/1866 3291/1337/1867 3248/1350/1907
f 3240/1351/1908 3290/1336/1866 3248/1350/1907
f 3241/1352/1909 3290/1336/1866 3240/1351/1908
f 1165/942/1910 1166/944/1911 1167/943/1912
f 1166/944/1911 1168/945/1913 1167/943/1912
f 3289/1335/1864 3290/1336/1866 3241/1352/1909
f 1168/945/1913 1169/946/1914 1167/943/1912
f 1167/943/1912 1169/946/1914 1170/947/1915
f 1169/946/1914 1171/948/1916 1170/947/1915
f 3242/1353/1917 3289/1335/1864 3241/1352/1909
f 3288/1333/1862 3289/1335/1864 3242/1353/1917
f 3269/1341/1874 3288/1333/1862 3242/1353/1917
f 3285/1340/1873 3288/1333/1862 3269/1341/1874
f 1172/942/1918 1173/943/1919 1174/952/1920
f 3287/1334/1863 3288/1333/1862 3285/1340/1873
f 1174/952/1920 1173/943/1919 1175/953/1921
f 1173/943/1919 1176/947/1922 1175/953/1921
f 1175/953/1921 1176/947/1922 1177/954/1923
f 1176/947/1922 1178/948/1924 1177/954/1923
f 3286/1344/1880 3287/1334/1863 3285/1340/1873
f 3284/1342/1878 3286/1344/1880 3285/1340/1873
f 3278/1339/1872 3284/1342/1878 3285/1340/1873
f 3283/1343/1879 3284/1342/1878 3278/1339/1872
f 1179/957/1925 1180/959/1926 1181/958/1927
f 3279/1354/1928 3283/1343/1879 3278/1339/1872
f 1181/958/1927 1180/959/1926 1182/961/1929
f 1180/959/1926 1183/962/1930 1182/961/1929
f 1182/961/1929 1183/962/1930 1184/963/1931
f 1183/962/1930 1185/964/1932 1184/963/1931
f 1184/963/1931 1185/964/1932 1186/965/1933
f 1185/964/1932 1187/966/1934 1186/965/1933
f 1186/965/1933 1187/966/1934 1188/967/1935
f 1187/966/1934 1189/968/1936 1188/967/1935
f 1188/967/1935 1189/968/1936 1190/969/1937
f 1189/968/1936 1191/970/1938 1190/969/1937
f 3282/1208/1502 3283/1343/1879 3279/1354/1928
f 3280/1355/1939 3282/1208/1502 3279/1354/1928
f 3281/1207/1501 3282/1208/1502 3280/1355/1939
f 3276/1209/1503 3281/1207/1501 3280/1355/1939
f 1192/970/1940 1193/972/1941 1194/969/1942
f 1193/972/1941 1195/973/1943 1194/969/1942
f 1194/969/1942 1195/973/1943 1188/967/1935
f 1195/973/1943 1196/974/1944 1188/967/1935
f 1188/967/1935 1196/974/1944 1186/965/1933
f 1196/974/1944 1197/975/1945 1186/965/1933
f 1186/965/1933 1197/975/1945 1184/963/1931
f 1197/975/1945 1198/976/1946 1184/963/1931
f 1184/963/1931 1198/976/1946 1199/961/1947
f 1198/976/1946 1200/977/1948 1199/961/1947
f 1199/961/1947 1200/977/1948 1201/958/1598
f 3275/1356/1949 3276/1209/1503 3280/1355/1939
f 3279/1354/1928 3275/1356/1949 3280/1355/1939
f 3274/1357/1950 3275/1356/1949 3279/1354/1928
f 3278/1339/1872 3274/1357/1950 3279/1354/1928
f 1202/981/1951 1204/980/1951 1203/982/1951
f 3277/1358/1952 3274/1357/1950 3278/1339/1872
f 3270/1359/1953 3278/1339/1872 3269/1341/1874
f 3277/1358/1952 3278/1339/1872 3270/1359/1953
f 3271/1360/1954 3277/1358/1952 3270/1359/1953
f 1205/985/1955 1206/987/1956 1207/986/1957
f 3274/1357/1950 3277/1358/1952 3271/1360/1954
f 1207/986/1957 1206/987/1956 1208/991/1958
f 1206/987/1956 1209/992/1959 1208/991/1958
f 3272/1361/1960 3274/1357/1950 3271/1360/1954
f 1209/992/1959 1210/994/1961 1208/991/1958
f 1208/991/1958 1210/994/1961 1211/995/1962
f 1210/994/1961 1212/996/1963 1211/995/1962
f 1211/995/1962 1212/996/1963 1213/997/1964
f 1212/996/1963 1214/998/1965 1213/997/1964
f 1213/997/1964 1214/998/1965 1215/999/1966
f 1214/998/1965 1216/1000/1967 1215/999/1966
f 1215/999/1966 1216/1000/1967 1217/1001/1968
f 3273/1362/1969 3262/1363/1970 3263/1364/1971
f 3264/1210/1504 3273/1362/1969 3263/1364/1971
f 3276/1209/1503 3273/1362/1969 3264/1210/1504
f 3275/1356/1949 3273/1362/1969 3276/1209/1503
f 1206/987/1956 1218/1008/1972 1209/992/1959
f 3274/1357/1950 3273/1362/1969 3275/1356/1949
f 3272/1361/1960 3273/1362/1969 3274/1357/1950
f 3262/1363/1970 3273/1362/1969 3272/1361/1960
f 3271/1360/1954 3262/1363/1970 3272/1361/1960
f 1219/1012/1973 1220/1014/1974 1221/1013/1975
f 3265/1365/1976 3262/1363/1970 3271/1360/1954
f 1221/1013/1975 1220/1014/1974 1222/1016/1977
f 1220/1014/1974 1223/1017/1978 1222/1016/1977
f 1222/1016/1977 1223/1017/1978 1224/1018/1979
f 3266/1366/1980 3265/1365/1976 3271/1360/1954
f 3267/1367/1981 3266/1366/1980 3271/1360/1954
f 3270/1359/1953 3267/1367/1981 3271/1360/1954
f 3268/1368/1982 3267/1367/1981 3270/1359/1953
f 1225/1021/1983 1227/1023/1984 1226/1022/1985
f 3269/1341/1874 3268/1368/1982 3270/1359/1953
f 1227/1023/1984 1228/1025/1986 1226/1022/1985
f 1226/1022/1985 1228/1025/1986 1229/1026/1987
f 1228/1025/1986 1230/1027/1988 1229/1026/1987
f 1229/1026/1987 1230/1027/1988 1231/1028/1989
f 1230/1027/1988 1232/1029/1990 1231/1028/1989
f 1231/1028/1989 1232/1029/1990 1233/1030/1991
f 1232/1029/1990 1234/1031/1992 1233/1030/1991
f 3243/1369/1993 3269/1341/1874 3242/1353/1917
f 3268/1368/1982 3269/1341/1874 3243/1369/1993
f 3244/1370/1994 3268/1368/1982 3243/1369/1993
f 3249/1371/1995 3268/1368/1982 3244/1370/1994
f 1235/1039/1996 1236/1041/1997 1237/1040/1998
f 3267/1367/1981 3268/1368/1982 3249/1371/1995
f 1237/1040/1998 1236/1041/1997 1238/1042/1999
f 1236/1041/1997 1239/1043/2000 1238/1042/1999
f 3250/1372/2001 3267/1367/1981 3249/1371/1995
f 1239/1043/2000 1240/1045/2002 1238/1042/1999
f 1238/1042/1999 1240/1045/2002 1241/1046/2003
f 1240/1045/2002 1242/1047/2004 1241/1046/2003
f 1241/1046/2003 1242/1047/2004 1243/1048/2005
f 1242/1047/2004 1244/1049/2006 1243/1048/2005
f 1243/1048/2005 1244/1049/2006 1245/1050/2007
f 3266/1366/1980 3267/1367/1981 3250/1372/2001
f 3251/1373/2008 3266/1366/1980 3250/1372/2001
f 3252/1374/2009 3266/1366/1980 3251/1373/2008
f 3265/1365/1976 3266/1366/1980 3252/1374/2009
f 1246/1054/2010 1248/1056/2011 1247/1055/2012
f 1247/1055/2012 1248/1056/2011 1249/1057/2013
f 1248/1056/2011 1250/1058/2014 1249/1057/2013
f 3254/1375/2015 3265/1365/1976 3252/1374/2009
f 1250/1058/2014 1251/1059/2016 1249/1057/2013
f 1249/1057/2013 1251/1059/2016 1252/1060/2017
f 1251/1059/2016 1253/1061/2018 1252/1060/2017
f 1252/1060/2017 1253/1061/2018 1254/1062/2019
f 1253/1061/2018 1255/1063/2020 1254/1062/2019
f 1254/1062/2019 1255/1063/2020 1256/1064/2021
f 1255/1063/2020 1257/1065/2022 1256/1064/2021
f 1256/1064/2021 1257/1065/2022 1258/1066/2023
f 1257/1065/2022 1259/1067/2024 1258/1066/2023
f 3262/1363/1970 3265/1365/1976 3254/1375/2015
f 3256/1376/2025 3262/1363/1970 3254/1375/2015
f 3258/1377/2026 3260/881/1505 3264/1210/1504
f 3263/1364/1971 3258/1377/2026 3264/1210/1504
f 1260/1072/2027 1261/1074/2028 1262/1073/2029
f 3262/1363/1970 3258/1377/2026 3263/1364/1971
f 1262/1073/2029 1261/1074/2028 1263/1076/2030
f 1261/1074/2028 1264/1077/2031 1263/1076/2030
f 3256/1376/2025 3258/1377/2026 3262/1363/1970
f 3259/1378/2032 3261/879/2033 3260/881/1505
f 3258/1377/2026 3259/1378/2032 3260/881/1505
f 3257/1379/2034 3259/1378/2032 3258/1377/2026
f 1265/1380/2035 1266/1381/2036 1267/1382/2037
f 3256/1376/2025 3257/1379/2034 3258/1377/2026
f 1267/1382/2037 1266/1381/2036 1268/1383/2038
f 1266/1381/2036 1269/1384/2039 1268/1383/2038
f 1268/1383/2038 1269/1384/2039 1270/1385/2040
f 1269/1384/2039 1271/1386/2041 1270/1385/2040
f 3255/1387/2042 3257/1379/2034 3256/1376/2025
f 3254/1375/2015 3255/1387/2042 3256/1376/2025
f 3253/1388/2043 3255/1387/2042 3254/1375/2015
f 3252/1374/2009 3253/1388/2043 3254/1375/2015
f 1272/1389/2044 1273/1386/2045 1274/1390/2046
f 1273/1386/2045 1275/1384/2047 1274/1390/2046
f 1274/1390/2046 1275/1384/2047 1276/1391/2048
f 1275/1384/2047 1277/1381/2049 1276/1391/2048
f 1276/1391/2048 1277/1381/2049 1278/1380/2050
f 3198/1392/2051 3253/1388/2043 3252/1374/2009
f 3251/1373/2008 3198/1392/2051 3252/1374/2009
f 3197/1393/2052 3198/1392/2051 3251/1373/2008
f 3250/1372/2001 3197/1393/2052 3251/1373/2008
f 1279/1394/2053 1281/1395/2054 1280/1396/2055
f 3245/1397/2056 3197/1393/2052 3250/1372/2001
f 1281/1395/2054 1282/1398/2057 1280/1396/2055
f 1280/1396/2055 1282/1398/2057 1283/1399/2058
f 3249/1371/1995 3245/1397/2056 3250/1372/2001
f 1283/1399/2058 1282/1398/2057 1284/1400/2059
f 1282/1398/2057 1285/1401/2060 1284/1400/2059
f 1284/1400/2059 1285/1401/2060 1286/1402/2061
f 1285/1401/2060 1287/1403/2062 1286/1402/2061
f 3244/1370/1994 3245/1397/2056 3249/1371/1995
f 1287/1403/2062 1288/1404/2063 1286/1402/2061
f 1286/1402/2061 1288/1404/2063 1289/1405/2064
f 3248/1350/1907 3239/1406/2065 3240/1351/1908
f 1289/1405/2064 1288/1404/2063 1290/1407/2066
f 3246/1408/2067 3239/1406/2065 3248/1350/1907
f 1290/1407/2066 1288/1404/2063 1291/1409/2068
f 3247/1349/1896 3246/1408/2067 3248/1350/1907
f 1291/1409/2068 1288/1404/2063 1292/1410/2069
f 1288/1404/2063 1293/1411/2070 1292/1410/2069
f 1292/1410/2069 1293/1411/2070 1294/1412/2071
f 3237/1348/1895 3246/1408/2067 3247/1349/1896
f 1294/1412/2071 1293/1411/2070 1295/1413/2072
f 1293/1411/2070 1296/1414/2073 1295/1413/2072
f 1295/1413/2072 1296/1414/2073 1297/1415/2074
f 1296/1414/2073 1298/1416/2075 1297/1415/2074
f 1297/1415/2074 1298/1416/2075 1299/1417/2076
f 3238/1418/2077 3246/1408/2067 3237/1348/1895
f 1299/1417/2076 1298/1416/2075 1300/1419/2078
f 1298/1416/2075 1301/1420/2079 1300/1419/2078
f 1300/1419/2078 1301/1420/2079 1302/1421/2080
f 3239/1406/2065 3246/1408/2067 3238/1418/2077
f 3200/1422/2081 3197/1393/2052 3245/1397/2056
f 3244/1370/1994 3200/1422/2081 3245/1397/2056
f 3211/1423/2082 3200/1422/2081 3244/1370/1994
f 1282/1398/2057 1303/1395/2083 1285/1401/2060
f 3243/1369/1993 3211/1423/2082 3244/1370/1994
f 1303/1395/2083 1304/1424/2084 1285/1401/2060
f 1285/1401/2060 1304/1424/2084 1287/1403/2062
f 3202/1425/2085 3211/1423/2082 3243/1369/1993
f 3242/1353/1917 3202/1425/2085 3243/1369/1993
f 3203/1426/2086 3202/1425/2085 3242/1353/1917
f 3241/1352/1909 3203/1426/2086 3242/1353/1917
f 1289/1405/2064 1284/1400/2059 1286/1402/2061
f 3204/1427/2087 3203/1426/2086 3241/1352/1909
f 3240/1351/1908 3204/1427/2087 3241/1352/1909
f 3205/1428/2088 3204/1427/2087 3240/1351/1908
f 3239/1406/2065 3205/1428/2088 3240/1351/1908
f 1288/1404/2063 1287/1403/2062 1293/1411/2070
f 3215/1429/2089 3205/1428/2088 3239/1406/2065
f 1293/1411/2070 1287/1403/2062 1296/1414/2073
f 1287/1403/2062 1305/1430/2090 1296/1414/2073
f 3238/1418/2077 3215/1429/2089 3239/1406/2065
f 1305/1430/2090 1306/1431/2091 1296/1414/2073
f 1296/1414/2073 1306/1431/2091 1298/1416/2075
f 1306/1431/2091 1301/1420/2079 1298/1416/2075
f 3216/1009/1089 3213/1011/1091 3214/1432/2092
f 3219/1433/2093 3217/1434/2094 3215/1429/2089
f 3238/1418/2077 3219/1433/2093 3215/1429/2089
f 3221/1435/2095 3219/1433/2093 3238/1418/2077
f 1305/1430/2090 1287/1403/2062 1307/1436/2096
f 1287/1403/2062 1304/1424/2084 1307/1436/2096
f 1307/1436/2096 1304/1424/2084 1308/1437/2097
f 1304/1424/2084 1309/1438/2098 1308/1437/2097
f 3237/1348/1895 3221/1435/2095 3238/1418/2077
f 1309/1438/2098 1310/1439/2099 1308/1437/2097
f 1308/1437/2097 1310/1439/2099 1311/1440/2100
f 1310/1439/2099 1312/1441/2101 1311/1440/2100
f 3224/1442/2102 3221/1435/2095 3237/1348/1895
f 1312/1441/2101 1313/1443/2103 1311/1440/2100
f 1311/1440/2100 1313/1443/2103 1314/1444/2104
f 1313/1443/2103 1315/1445/2105 1314/1444/2104
f 1314/1444/2104 1315/1445/2105 1316/1446/2106
f 1315/1445/2105 1317/1447/2107 1316/1446/2106
f 3236/1347/1894 3224/1442/2102 3237/1348/1895
f 3235/1346/1882 3224/1442/2102 3236/1347/1894
f 3226/1448/2108 3224/1442/2102 3235/1346/1882
f 3228/1449/2109 3226/1448/2108 3235/1346/1882
f 1308/1437/2097 1311/1440/2100 1307/1436/2096
f 1311/1440/2100 1318/1450/2110 1307/1436/2096
f 1307/1436/2096 1318/1450/2110 1305/1430/2090
f 3234/1345/1881 3228/1449/2109 3235/1346/1882
f 1305/1430/2090 1318/1450/2110 1306/1431/2091
f 1318/1450/2110 1319/1451/2111 1306/1431/2091
f 1306/1431/2091 1319/1451/2111 1301/1420/2079
f 3233/1235/1558 3228/1449/2109 3234/1345/1881
f 3230/1452/2112 3228/1449/2109 3233/1235/1558
f 3232/1234/1546 3230/1452/2112 3233/1235/1558
f 3231/1233/1545 3230/1452/2112 3232/1234/1546
f 1320/1447/2113 1322/1453/2114 1321/1446/2115
f 3229/1454/2116 3230/1452/2112 3231/1233/1545
f 1322/1453/2114 1323/1455/2117 1321/1446/2115
f 1321/1446/2115 1323/1455/2117 1314/1444/2104
f 3228/1449/2109 3230/1452/2112 3229/1454/2116
f 1314/1444/2104 1323/1455/2117 1311/1440/2100
f 3227/1456/2118 3228/1449/2109 3229/1454/2116
f 1311/1440/2100 1323/1455/2117 1318/1450/2110
f 3226/1448/2108 3228/1449/2109 3227/1456/2118
f 1318/1450/2110 1323/1455/2117 1319/1451/2111
f 1323/1455/2117 1324/1457/2119 1319/1451/2111
f 1319/1451/2111 1324/1457/2119 1301/1420/2079
f 1324/1457/2119 1325/1458/2120 1301/1420/2079
f 1301/1420/2079 1325/1458/2120 1302/1421/2080
f 3225/1459/2118 3226/1448/2108 3227/1456/2118
f 1302/1421/2080 1325/1458/2120 1326/1460/2121
f 1325/1458/2120 1327/1461/2122 1326/1460/2121
f 1326/1460/2121 1327/1461/2122 1328/1462/2123
f 1327/1461/2122 1329/1463/2124 1328/1462/2123
f 1328/1462/2123 1329/1463/2124 1330/1464/2125
f 3224/1442/2102 3226/1448/2108 3225/1459/2118
f 1330/1464/2125 1329/1463/2124 1331/1465/2126
f 3223/1466/2127 3224/1442/2102 3225/1459/2118
f 1331/1465/2126 1329/1463/2124 1332/1467/2128
f 1329/1463/2124 1327/1461/2122 1332/1467/2128
f 1332/1467/2128 1327/1461/2122 1333/1468/2129
f 1327/1461/2122 1334/1469/2130 1333/1468/2129
f 1333/1468/2129 1334/1469/2130 1335/1470/2131
f 3221/1435/2095 3224/1442/2102 3223/1466/2127
f 1335/1470/2131 1334/1469/2130 1336/1471/2132
f 1334/1469/2130 1324/1457/2119 1336/1471/2132
f 1336/1471/2132 1324/1457/2119 1337/1472/2133
f 1324/1457/2119 1323/1455/2117 1337/1472/2133
f 3222/1473/2134 3221/1435/2095 3223/1466/2127
f 3220/1474/2135 3221/1435/2095 3222/1473/2134
f 3219/1433/2093 3221/1435/2095 3220/1474/2135
f 3218/1010/1090 3219/1433/2093 3220/1474/2135
f 1324/1457/2119 1334/1469/2130 1325/1458/2120
f 1334/1469/2130 1327/1461/2122 1325/1458/2120
f 3217/1434/2094 3219/1433/2093 3218/1010/1090
f 3216/1009/1089 3217/1434/2094 3218/1010/1090
f 3215/1429/2089 3217/1434/2094 3216/1009/1089
f 3214/1432/2092 3215/1429/2089 3216/1009/1089
f 1335/1470/2131 1338/1475/2136 1333/1468/2129
f 3205/1428/2088 3215/1429/2089 3214/1432/2092
f 1333/1468/2129 1338/1475/2136 1339/1476/2137
f 1338/1475/2136 1340/1477/2138 1339/1476/2137
f 1339/1476/2137 1340/1477/2138 1341/1478/2139
f 1340/1477/2138 1342/1479/2140 1341/1478/2139
f 1341/1478/2139 1342/1479/2140 1343/1480/2141
f 1342/1479/2140 1344/1481/2142 1343/1480/2141
f 1343/1480/2141 1344/1481/2142 1345/1482/2143
f 1344/1481/2142 1346/1483/2144 1345/1482/2143
f 3206/1484/2145 3205/1428/2088 3214/1432/2092
f 3213/1011/1091 3206/1484/2145 3214/1432/2092
f 3207/1485/2146 3206/1484/2145 3213/1011/1091
f 3212/1015/1094 3207/1485/2146 3213/1011/1091
f 1333/1468/2129 1347/1476/2147 1332/1467/2128
f 3209/1071/1148 3207/1485/2146 3212/1015/1094
f 1332/1467/2128 1347/1476/2147 1348/1486/2148
f 1347/1476/2147 1349/1478/2149 1348/1486/2148
f 1348/1486/2148 1349/1478/2149 1350/1487/2150
f 1349/1478/2149 1351/1480/2151 1350/1487/2150
f 1350/1487/2150 1351/1480/2151 1352/1488/2152
f 3201/1489/2153 3211/1423/2082 3202/1425/2085
f 1352/1488/2152 1351/1480/2151 1353/1490/2154
f 1351/1480/2151 1354/1482/2155 1353/1490/2154
f 1353/1490/2154 1354/1482/2155 1355/1483/2156
f 3200/1422/2081 3211/1423/2082 3201/1489/2153
f 3208/1108/1245 3209/1071/1148 3210/1107/1244
f 3207/1485/2146 3209/1071/1148 3208/1108/1245
f 3188/1491/2157 3207/1485/2146 3208/1108/1245
f 1350/1487/2150 1356/1492/2158 1348/1486/2148
f 3206/1484/2145 3207/1485/2146 3188/1491/2157
f 3189/1493/2159 3206/1484/2145 3188/1491/2157
f 3205/1428/2088 3206/1484/2145 3189/1493/2159
f 3204/1427/2087 3205/1428/2088 3189/1493/2159
f 1357/1494/2160 1358/1495/2161 1359/1496/2162
f 3190/1497/2163 3204/1427/2087 3189/1493/2159
f 1359/1496/2162 1358/1495/2161 1360/1498/2164
f 1358/1495/2161 1361/1499/2165 1360/1498/2164
f 1360/1498/2164 1361/1499/2165 1362/1500/2166
f 1361/1499/2165 1363/1501/2167 1362/1500/2166
f 3203/1426/2086 3204/1427/2087 3190/1497/2163
f 3191/1502/2168 3203/1426/2086 3190/1497/2163
f 3202/1425/2085 3203/1426/2086 3191/1502/2168
f 3201/1489/2153 3202/1425/2085 3191/1502/2168
f 1364/1503/2169 1365/1504/2170 1366/1505/2171
f 3192/1506/2172 3201/1489/2153 3191/1502/2168
f 1366/1505/2171 1365/1504/2170 1367/1507/2173
f 1365/1504/2170 1368/1508/2174 1367/1507/2173
f 3200/1422/2081 3201/1489/2153 3192/1506/2172
f 1368/1508/2174 1369/1509/2175 1367/1507/2173
f 1367/1507/2173 1369/1509/2175 1370/1510/2176
f 1369/1509/2175 1371/1511/2177 1370/1510/2176
f 1370/1510/2176 1371/1511/2177 1372/1512/2178
f 3193/1513/2179 3200/1422/2081 3192/1506/2172
f 1372/1512/2178 1371/1511/2177 1373/1514/2180
f 3197/1393/2052 3200/1422/2081 3193/1513/2179
f 1373/1514/2180 1371/1511/2177 1374/1515/2181
f 3182/1516/2182 3180/1517/2183 3194/1518/2184
f 1374/1515/2181 1371/1511/2177 1375/1519/2185
f 3199/1520/2034 3179/1521/2186 3177/1522/2187
f 1375/1519/2185 1371/1511/2177 1376/1523/2188
f 1371/1511/2177 1377/1524/2189 1376/1523/2188
f 1376/1523/2188 1377/1524/2189 1378/1525/2190
f 3175/1526/2191 3199/1520/2034 3177/1522/2187
f 3196/1527/2043 3198/1392/2051 3197/1393/2052
f 3193/1513/2179 3196/1527/2043 3197/1393/2052
f 3195/1528/2192 3196/1527/2043 3193/1513/2179
f 1368/1508/2174 1365/1504/2170 1379/1529/2193
f 3194/1518/2184 3195/1528/2192 3193/1513/2179
f 1365/1504/2170 1380/1530/2194 1379/1529/2193
f 1379/1529/2193 1380/1530/2194 1381/1531/2195
f 1380/1530/2194 1382/1532/2196 1381/1531/2195
f 1381/1531/2195 1382/1532/2196 1383/1533/2197
f 1382/1532/2196 1384/1534/2198 1383/1533/2197
f 3182/1516/2182 3194/1518/2184 3193/1513/2179
f 1384/1534/2198 1385/1535/2199 1383/1533/2197
f 1383/1533/2197 1385/1535/2199 1386/1536/2200
f 1385/1535/2199 1387/1537/2201 1386/1536/2200
f 1386/1536/2200 1387/1537/2201 1388/1538/2202
f 1387/1537/2201 1389/1539/2203 1388/1538/2202
f 3192/1506/2172 3182/1516/2182 3193/1513/2179
f 3183/1540/2204 3182/1516/2182 3192/1506/2172
f 3191/1502/2168 3183/1540/2204 3192/1506/2172
f 3190/1497/2163 3183/1540/2204 3191/1502/2168
f 1380/1530/2194 1390/1541/2205 1382/1532/2196
f 1390/1541/2205 1384/1534/2198 1382/1532/2196
f 3184/1542/2206 3183/1540/2204 3190/1497/2163
f 3185/1543/2207 3184/1542/2206 3190/1497/2163
f 3189/1493/2159 3185/1543/2207 3190/1497/2163
f 3188/1491/2157 3185/1543/2207 3189/1493/2159
f 1373/1514/2180 1391/1544/2208 1372/1512/2178
f 3186/1545/2209 3185/1543/2207 3188/1491/2157
f 1372/1512/2178 1391/1544/2208 1392/1546/2210
f 3187/1108/1245 3186/1545/2209 3188/1491/2157
f 1392/1546/2210 1391/1544/2208 1393/1547/2211
f 3173/1105/1242 3186/1545/2209 3187/1108/1245
f 1393/1547/2211 1391/1544/2208 1394/1548/2212
f 3174/1549/2213 3186/1545/2209 3173/1105/1242
f 1394/1548/2212 1391/1544/2208 1395/1550/2214
f 1391/1544/2208 1396/1551/2215 1395/1550/2214
f 3176/1552/2216 3186/1545/2209 3174/1549/2213
f 1396/1551/2215 1397/1553/2217 1395/1550/2214
f 3185/1543/2207 3186/1545/2209 3176/1552/2216
f 1397/1553/2217 1398/1554/2218 1395/1550/2214
f 1395/1550/2214 1398/1554/2218 1399/1555/2219
f 1398/1554/2218 1400/1556/2220 1399/1555/2219
f 1399/1555/2219 1400/1556/2220 1401/1557/2221
f 1400/1556/2220 1402/1558/2222 1401/1557/2221
f 3184/1542/2206 3185/1543/2207 3176/1552/2216
f 3178/1559/2223 3184/1542/2206 3176/1552/2216
f 3183/1540/2204 3184/1542/2206 3178/1559/2223
f 3181/1560/2224 3183/1540/2204 3178/1559/2223
f 1401/1557/2221 1403/1561/2225 1399/1555/2219
f 3182/1516/2182 3183/1540/2204 3181/1560/2224
f 1399/1555/2219 1403/1561/2225 1404/1562/2226
f 3180/1517/2183 3182/1516/2182 3181/1560/2224
f 1404/1562/2226 1403/1561/2225 1405/1563/2227
f 1403/1561/2225 1406/1564/2228 1405/1563/2227
f 1405/1563/2227 1406/1564/2228 1407/1565/2229
f 1406/1564/2228 1408/1566/2230 1407/1565/2229
f 1407/1565/2229 1408/1566/2230 1409/1567/2231
f 1408/1566/2230 1410/1568/2232 1409/1567/2231
f 1409/1567/2231 1410/1568/2232 1411/1569/2233
f 1410/1568/2232 1412/1570/2234 1411/1569/2233
f 1411/1569/2233 1412/1570/2234 1413/1571/2235
f 3178/1559/2223 3180/1517/2183 3181/1560/2224
f 3179/1521/2186 3180/1517/2183 3178/1559/2223
f 3177/1522/2187 3179/1521/2186 3178/1559/2223
f 3176/1552/2216 3177/1522/2187 3178/1559/2223
f 1405/1563/2227 1407/1565/2229 1414/1572/2236
f 1414/1572/2236 1407/1565/2229 1415/1573/2237
f 1407/1565/2229 1416/1574/2238 1415/1573/2237
f 1415/1573/2237 1416/1574/2238 1417/1575/2239
f 1416/1574/2238 1418/1576/2240 1417/1575/2239
f 1417/1575/2239 1418/1576/2240 1419/1577/2241
f 3175/1526/2191 3177/1522/2187 3176/1552/2216
f 3174/1549/2213 3175/1526/2191 3176/1552/2216
f 3163/1578/2242 3175/1526/2191 3174/1549/2213
f 3165/875/2243 3163/1578/2242 3174/1549/2213
f 1401/1557/2221 1402/1558/2222 1420/1579/2244
f 3173/1105/1242 3165/875/2243 3174/1549/2213
f 1402/1558/2222 1421/1580/2245 1420/1579/2244
f 1420/1579/2244 1421/1580/2245 1422/1581/2246
f 1421/1580/2245 1423/1582/2247 1422/1581/2246
f 1422/1581/2246 1423/1582/2247 1424/1583/2248
f 1423/1582/2247 1425/1584/2249 1424/1583/2248
f 1424/1583/2248 1425/1584/2249 1426/1585/2250
f 1425/1584/2249 1427/1586/2251 1426/1585/2250
f 1426/1585/2250 1427/1586/2251 1428/1587/2252
f 1427/1586/2251 1429/1588/2253 1428/1587/2252
f 1428/1587/2252 1429/1588/2253 1430/1589/2254
f 3171/1221/1527 3165/875/2243 3173/1105/1242
f 3172/1590/232 3165/875/2243 3171/1221/1527
f 3170/1591/2255 3172/1590/232 3171/1221/1527
f 3169/1222/1529 3170/1591/2255 3171/1221/1527
f 1400/1556/2220 1431/1592/2256 1402/1558/2222
f 1402/1558/2222 1431/1592/2256 1432/1593/2257
f 3167/1590/232 3168/871/2258 3165/875/2259
f 1432/1593/2257 1431/1592/2256 1433/1594/2260
f 1431/1592/2256 1434/1595/2261 1433/1594/2260
f 1433/1594/2260 1434/1595/2261 1435/1596/2262
f 3164/1597/2263 3165/875/2243 3166/874/2264
f 1435/1596/2262 1434/1595/2261 1436/1598/2265
f 1434/1595/2261 1437/1599/2266 1436/1598/2265
f 1436/1598/2265 1437/1599/2266 1438/1600/2267
f 1437/1599/2266 1439/1601/2268 1438/1600/2267
f 1438/1600/2267 1439/1601/2268 1440/1602/2269
f 1439/1601/2268 1441/1603/2270 1440/1602/2269
f 3163/1578/2242 3165/875/2243 3164/1597/2263
f 1441/1603/2270 1442/1604/2271 1440/1602/2269
f 1440/1602/2269 1442/1604/2271 1443/1605/2272
f 1442/1604/2271 1444/1606/2273 1443/1605/2272
f 1443/1605/2272 1444/1606/2273 1445/1607/2274
f 3162/1608/2275 3163/1578/2242 3164/1597/2263
f 3161/1609/2276 3149/1610/2276 3147/1611/2277
f 3160/1612/2276 3149/1610/2276 3161/1609/2276
f 3159/1613/2277 3160/1612/2276 3161/1609/2276
f 1438/1600/2267 1440/1602/2269 1446/1614/2278
f 3158/1615/2276 3160/1612/2276 3159/1613/2277
f 1440/1602/2269 1447/1616/2279 1446/1614/2278
f 1446/1614/2278 1447/1616/2279 1448/1617/2280
f 1447/1616/2279 1449/1618/2281 1448/1617/2280
f 1448/1617/2280 1449/1618/2281 1450/1619/2282
f 1449/1618/2281 1451/1620/2283 1450/1619/2282
f 1450/1619/2282 1451/1620/2283 1452/1621/2284
f 1451/1620/2283 1453/1622/2285 1452/1621/2284
f 1452/1621/2284 1453/1622/2285 1454/1623/2286
f 1453/1622/2285 1455/1624/2287 1454/1623/2286
f 1454/1623/2286 1455/1624/2287 1456/1625/2288
f 3157/1626/2277 3158/1615/2276 3159/1613/2277
f 1456/1625/2288 1455/1624/2287 1457/1627/2289
f 1455/1624/2287 1458/1628/2290 1457/1627/2289
f 1457/1627/2289 1458/1628/2290 1459/1629/2291
f 1458/1628/2290 1460/1630/2292 1459/1629/2291
f 1459/1629/2291 1460/1630/2292 1461/1631/2293
f 3156/1632/2294 3158/1615/2276 3157/1626/2277
f 3155/1633/2294 3156/1632/2294 3157/1626/2277
f 3154/1634/2276 3156/1632/2294 3155/1633/2294
f 3153/1635/2276 3154/1634/2276 3155/1633/2294
f 1448/1617/2280 1450/1619/2282 1462/1636/2295
f 1462/1636/2295 1450/1619/2282 1463/1637/2296
f 3152/1638/2276 3154/1634/2276 3153/1635/2276
f 3151/1639/2276 3152/1638/2276 3153/1635/2276
f 3150/1640/2276 3152/1638/2276 3151/1639/2276
f 3146/1641/2276 3150/1640/2276 3151/1639/2276
f 1452/1621/2284 1454/1623/2286 1464/1642/2297
f 1464/1642/2297 1454/1623/2286 1456/1625/2288
f 3148/1643/2294 3150/1640/2276 3146/1641/2276
f 3147/1611/2277 3149/1610/2276 3148/1643/2294
f 3146/1641/2276 3147/1611/2277 3148/1643/2294
f 3145/1638/2298 3131/1640/2299 3133/1639/2298
f 1465/1644/2300 1467/1645/2301 1466/1646/2302
f 3144/1635/2298 3145/1638/2298 3133/1639/2298
f 1467/1645/2301 1468/1647/2303 1466/1646/2302
f 3143/1634/2298 3145/1638/2298 3144/1635/2298
f 1468/1647/2303 1469/1648/2304 1466/1646/2302
f 1466/1646/2302 1469/1648/2304 1470/1649/2305
f 1469/1648/2304 1471/1650/2306 1470/1649/2305
f 3142/1633/2298 3143/1634/2298 3144/1635/2298
f 1471/1650/2306 1472/1651/2307 1470/1649/2305
f 1470/1649/2305 1472/1651/2307 1473/1652/2308
f 1472/1651/2307 1474/1653/2309 1473/1652/2308
f 3141/1632/2299 3143/1634/2298 3142/1633/2298
f 1474/1653/2309 1475/1654/2310 1473/1652/2308
f 3140/1626/2298 3141/1632/2299 3142/1633/2298
f 1475/1654/2310 1476/1655/2311 1473/1652/2308
f 1473/1652/2308 1476/1655/2311 1470/1649/2305
f 3139/1615/2312 3141/1632/2299 3140/1626/2298
f 3138/1613/2298 3139/1615/2312 3140/1626/2298
f 3137/1612/2298 3139/1615/2312 3138/1613/2298
f 3136/1609/2298 3137/1612/2298 3138/1613/2298
f 1474/1653/2309 1472/1651/2307 1477/1656/2313
f 1477/1656/2313 1472/1651/2307 1478/1657/2314
f 3135/1610/2298 3137/1612/2298 3136/1609/2298
f 1478/1657/2314 1472/1651/2307 1479/1658/2315
f 1472/1651/2307 1471/1650/2306 1479/1658/2315
f 1479/1658/2315 1471/1650/2306 1480/1659/2316
f 3134/1611/2298 3135/1610/2298 3136/1609/2298
f 1480/1659/2316 1471/1650/2306 1481/1660/2317
f 1471/1650/2306 1482/1648/2318 1481/1660/2317
f 1481/1660/2317 1482/1648/2318 1483/1661/2319
f 1482/1648/2318 1484/1647/2320 1483/1661/2319
f 1483/1661/2319 1484/1647/2320 1485/1662/2321
f 1484/1647/2320 1486/1663/2322 1485/1662/2321
f 1485/1662/2321 1486/1663/2322 1487/1664/2323
f 1486/1663/2322 1488/1665/2324 1487/1664/2323
f 1487/1664/2323 1488/1665/2324 1489/1666/2325
f 3130/1643/2299 3135/1610/2298 3134/1611/2298
f 3132/1641/2299 3130/1643/2299 3134/1611/2298
f 3131/1640/2299 3132/1641/2299 3133/1639/2298
f 3130/1643/2299 3132/1641/2299 3131/1640/2299
f 1477/1656/2313 1478/1657/2314 1490/1667/2326
f 1490/1667/2326 1478/1657/2314 1491/1668/2327
f 3129/1669/2328 3117/1670/2329 3116/1671/2330
f 1491/1668/2327 1478/1657/2314 1492/1672/2331
f 1478/1657/2314 1479/1658/2315 1492/1672/2331
f 1492/1672/2331 1479/1658/2315 1493/1673/2332
f 1479/1658/2315 1480/1659/2316 1493/1673/2332
f 3128/1674/2333 3117/1670/2329 3129/1669/2328
f 3127/1675/2334 3128/1674/2333 3129/1669/2328
f 3126/1676/2335 3128/1674/2333 3127/1675/2334
f 3125/1677/2336 3126/1676/2335 3127/1675/2334
f 1493/1673/2332 1494/1678/2337 1492/1672/2331
f 1494/1678/2337 1495/1679/2338 1492/1672/2331
f 3124/1680/2339 3126/1676/2335 3125/1677/2336
f 3123/1681/2340 3124/1680/2339 3125/1677/2336
f 3122/1682/2341 3124/1680/2339 3123/1681/2340
f 3121/1683/2342 3122/1682/2341 3123/1681/2340
f 1490/1667/2326 1491/1668/2327 1496/1684/2343
f 1491/1668/2327 1497/1685/2344 1496/1684/2343
f 1496/1684/2343 1497/1685/2344 1498/1686/2345
f 3120/1687/2346 3122/1682/2341 3121/1683/2342
f 1498/1686/2345 1497/1685/2344 1499/1688/2347
f 1497/1685/2344 1500/1689/2348 1499/1688/2347
f 1499/1688/2347 1500/1689/2348 1501/1690/2349
f 3119/1691/2350 3120/1687/2346 3121/1683/2342
f 3118/1692/2351 3120/1687/2346 3119/1691/2350
f 3114/1693/2352 3118/1692/2351 3119/1691/2350
f 3115/1694/2353 3118/1692/2351 3114/1693/2352
f 1500/1689/2348 1497/1685/2344 1502/1695/2354
f 3115/1694/2353 3116/1671/2330 3117/1670/2329
f 1497/1685/2344 1491/1668/2327 1502/1695/2354
f 1502/1695/2354 1491/1668/2327 1503/1696/2355
f 1491/1668/2327 1492/1672/2331 1503/1696/2355
f 3114/1693/2352 3116/1671/2330 3115/1694/2353
f 1492/1672/2331 1495/1679/2338 1503/1696/2355
f 3113/1697/2333 3101/1687/2334 3099/1698/2335
f 1495/1679/2338 1504/1699/2356 1503/1696/2355
f 1503/1696/2355 1504/1699/2356 1502/1695/2354
f 1504/1699/2356 1505/1700/2357 1502/1695/2354
f 1502/1695/2354 1505/1700/2357 1500/1689/2348
f 1505/1700/2357 1506/1701/2358 1500/1689/2348
f 1500/1689/2348 1506/1701/2358 1507/1702/2359
f 1506/1701/2358 1508/1703/2360 1507/1702/2359
f 1507/1702/2359 1508/1703/2360 1509/1704/2361
f 3112/1682/2362 3101/1687/2334 3113/1697/2333
f 1509/1704/2361 1508/1703/2360 1510/1705/2363
f 3111/1706/2364 3112/1682/2362 3113/1697/2333
f 1510/1705/2363 1508/1703/2360 1511/1707/2365
f 3110/1680/2330 3112/1682/2362 3111/1706/2364
f 1511/1707/2365 1508/1703/2360 1512/1708/2366
f 1508/1703/2360 1513/1709/2367 1512/1708/2366
f 1512/1708/2366 1513/1709/2367 1514/1710/2368
f 1513/1709/2367 1515/1711/2369 1514/1710/2368
f 1514/1710/2368 1515/1711/2369 1516/1712/2370
f 3109/1713/2353 3110/1680/2330 3111/1706/2364
f 1516/1712/2370 1515/1711/2369 1517/1714/2371
f 3108/1676/2352 3110/1680/2330 3109/1713/2353
f 1517/1714/2371 1515/1711/2369 1518/1715/2372
f 1515/1711/2369 1513/1709/2367 1518/1715/2372
f 1518/1715/2372 1513/1709/2367 1506/1701/2358
f 1513/1709/2367 1508/1703/2360 1506/1701/2358
f 3107/1716/2351 3108/1676/2352 3109/1713/2353
f 3106/1674/2373 3108/1676/2352 3107/1716/2351
f 3105/1717/2346 3106/1674/2373 3107/1716/2351
f 3104/1670/2342 3106/1674/2373 3105/1717/2346
f 1500/1689/2348 1507/1702/2359 1501/1690/2349
f 3103/1718/2341 3104/1670/2342 3105/1717/2346
f 1501/1690/2349 1507/1702/2359 1519/1719/2374
f 1507/1702/2359 1509/1704/2361 1519/1719/2374
f 3102/1694/2375 3104/1670/2342 3103/1718/2341
f 3098/1720/2339 3102/1694/2375 3103/1718/2341
f 3100/1692/2336 3102/1694/2375 3098/1720/2339
f 3099/1698/2335 3101/1687/2334 3100/1692/2336
f 1517/1714/2371 1518/1715/2372 1520/1721/2376
f 1518/1715/2372 1521/1722/2377 1520/1721/2376
f 1520/1721/2376 1521/1722/2377 1522/1723/2378
f 1521/1722/2377 1523/1724/2379 1522/1723/2378
f 1522/1723/2378 1523/1724/2379 1524/1725/2380
f 3098/1720/2339 3099/1698/2335 3100/1692/2336
f 3097/1687/2381 3084/1692/2382 3085/1691/2383
f 3096/1683/2384 3097/1687/2381 3085/1691/2383
f 3095/1682/2385 3097/1687/2381 3096/1683/2384
f 1504/1699/2356 1525/1726/2386 1505/1700/2357
f 1505/1700/2357 1525/1726/2386 1506/1701/2358
f 3094/1681/2387 3095/1682/2385 3096/1683/2384
f 1506/1701/2358 1525/1726/2386 1518/1715/2372
f 3093/1680/2388 3095/1682/2385 3094/1681/2387
f 1518/1715/2372 1525/1726/2386 1521/1722/2377
f 3092/1677/2389 3093/1680/2388 3094/1681/2387
f 1521/1722/2377 1525/1726/2386 1523/1724/2379
f 1525/1726/2386 1504/1699/2356 1523/1724/2379
f 3091/1676/2390 3093/1680/2388 3092/1677/2389
f 1504/1699/2356 1495/1679/2338 1523/1724/2379
f 1523/1724/2379 1495/1679/2338 1526/1727/2391
f 3090/1675/2392 3091/1676/2390 3092/1677/2389
f 1526/1727/2391 1495/1679/2338 1527/1728/2393
f 1495/1679/2338 1528/1729/2394 1527/1728/2393
f 1527/1728/2393 1528/1729/2394 1529/1730/2395
f 3089/1674/2396 3091/1676/2390 3090/1675/2392
f 3088/1669/2397 3089/1674/2396 3090/1675/2392
f 3087/1670/2398 3089/1674/2396 3088/1669/2397
f 3086/1671/2399 3087/1670/2398 3088/1669/2397
f 1524/1725/2380 1523/1724/2379 1530/1731/2400
f 3082/1694/2401 3087/1670/2398 3086/1671/2399
f 1523/1724/2379 1531/1727/2402 1530/1731/2400
f 1530/1731/2400 1531/1727/2402 1532/1732/2403
f 1531/1727/2402 1533/1728/2404 1532/1732/2403
f 1532/1732/2403 1533/1728/2404 1534/1730/2405
f 3083/1693/2406 3082/1694/2401 3086/1671/2399
f 3083/1693/2406 3085/1691/2383 3084/1692/2382
f 3082/1694/2401 3083/1693/2406 3084/1692/2382
f 3081/1697/2407 3068/1698/2390 3069/1687/2408
f 1468/1647/2303 1467/1645/2301 1535/1663/2409
f 3080/1682/2397 3081/1697/2407 3069/1687/2408
f 1467/1645/2301 1536/1733/2410 1535/1663/2409
f 3079/1706/2398 3081/1697/2407 3080/1682/2397
f 1536/1733/2410 1537/1734/2411 1535/1663/2409
f 1535/1663/2409 1537/1734/2411 1538/1665/2412
f 1537/1734/2411 1539/1666/2413 1538/1665/2412
f 3078/1680/2399 3079/1706/2398 3080/1682/2397
f 3077/1713/2401 3079/1706/2398 3078/1680/2399
f 3076/1676/2406 3077/1713/2401 3078/1680/2399
f 3075/1716/2382 3077/1713/2401 3076/1676/2406
f 1540/1735/2414 1541/1736/2415 1542/1737/2416
f 3074/1674/2383 3075/1716/2382 3076/1676/2406
f 1542/1737/2416 1541/1736/2415 1543/1738/2417
f 1541/1736/2415 1544/1739/2418 1543/1738/2417
f 1543/1738/2417 1544/1739/2418 1545/1740/2419
f 1544/1739/2418 1546/1741/2420 1545/1740/2419
f 3073/1717/2381 3075/1716/2382 3074/1674/2383
f 1546/1741/2420 1547/1742/2421 1545/1740/2419
f 3072/1670/2384 3073/1717/2381 3074/1674/2383
f 1547/1742/2421 1548/1743/2422 1545/1740/2419
f 1545/1740/2419 1548/1743/2422 1549/1744/2423
f 3071/1718/2385 3073/1717/2381 3072/1670/2384
f 1549/1744/2423 1548/1743/2422 1550/1745/2424
f 3070/1694/2425 3071/1718/2385 3072/1670/2384
f 1550/1745/2424 1548/1743/2422 1551/1746/2426
f 1548/1743/2422 1547/1742/2421 1551/1746/2426
f 3066/1720/2388 3071/1718/2385 3070/1694/2425
f 3067/1692/2389 3066/1720/2388 3070/1694/2425
f 3067/1692/2389 3069/1687/2408 3068/1698/2390
f 3066/1720/2388 3067/1692/2389 3068/1698/2390
f 1549/1744/2423 1552/1747/2427 1545/1740/2419
f 3063/1748/2428 3065/1749/2429 3064/1750/2428
f 1545/1740/2419 1552/1747/2427 1553/1738/2430
f 1552/1747/2427 1554/1751/2431 1553/1738/2430
f 1553/1738/2430 1554/1751/2431 1555/1737/2432
f 1554/1751/2431 1556/1752/2433 1555/1737/2432
f 1555/1737/2432 1556/1752/2433 1557/1735/2434
f 3062/1753/2435 3063/1748/2428 3064/1750/2428
f 3059/1754/2436 3061/1749/2437 3060/1748/2438
f 3058/1753/2439 3059/1754/2436 3060/1748/2438
f 3055/1755/2440 3057/1756/2441 3056/1757/2440
f 1550/1745/2424 1551/1746/2426 1558/1758/2442
f 3054/1759/2443 3055/1755/2440 3056/1757/2440
f 1551/1746/2426 1559/1760/2444 1558/1758/2442
f 3051/1761/2445 3053/1762/2445 3052/1763/2445
f 1559/1760/2444 1560/1764/2446 1558/1758/2442
f 3050/1765/2445 3051/1761/2445 3052/1763/2445
f 1560/1764/2446 1561/1766/2447 1558/1758/2442
f 1558/1758/2442 1561/1766/2447 1562/1767/2448
f 1561/1766/2447 1563/1768/2449 1562/1767/2448
f 3047/1763/2450 3049/1769/2450 3048/1770/2450
f 1563/1768/2449 1564/1771/2451 1562/1767/2448
f 1562/1767/2448 1564/1771/2451 1565/1772/2452
f 3046/1765/2450 3047/1763/2450 3048/1770/2450
f 1565/1772/2452 1564/1771/2451 1566/1773/2453
f 1564/1771/2451 1567/1774/2454 1566/1773/2453
f 1566/1773/2453 1567/1774/2454 1568/1775/853
f 1567/1774/2454 1569/1776/2455 1568/1775/853
f 1568/1775/853 1569/1776/2455 1570/1777/2456
f 3043/1778/2457 3045/1779/2457 3044/1780/2457
f 1570/1777/2456 1569/1776/2455 1571/1781/2458
f 3042/1782/2457 3043/1778/2457 3044/1780/2457
f 1571/1781/2458 1569/1776/2455 1572/1783/2459
f 1569/1776/2455 1567/1774/2454 1572/1783/2459
f 1572/1783/2459 1567/1774/2454 1573/1784/2460
f 1567/1774/2454 1564/1771/2451 1573/1784/2460
f 3039/1750/2461 3041/1749/2462 3040/1748/2461
f 1564/1771/2451 1563/1768/2449 1573/1784/2460
f 1573/1784/2460 1563/1768/2449 1574/1785/2463
f 1563/1768/2449 1561/1766/2447 1574/1785/2463
f 1574/1785/2463 1561/1766/2447 1575/1786/2464
f 1561/1766/2447 1576/1787/2465 1575/1786/2464
f 1575/1786/2464 1576/1787/2465 1577/1788/2466
f 3038/1753/2467 3039/1750/2461 3040/1748/2461
f 1577/1788/2466 1576/1787/2465 1578/1789/2468
f 3035/1748/2469 3037/1749/2470 3036/1754/2471
f 1578/1789/2468 1576/1787/2465 1579/1790/2472
f 1576/1787/2465 1560/1764/2446 1579/1790/2472
f 1579/1790/2472 1560/1764/2446 1580/1791/1190
f 1560/1764/2446 1559/1760/2444 1580/1791/1190
f 3034/1753/2473 3035/1748/2469 3036/1754/2471
f 1559/1760/2444 1581/1792/2474 1580/1791/1190
f 3031/1757/2475 3033/1756/2476 3032/1755/2477
f 1581/1792/2474 1582/1793/2478 1580/1791/1190
f 1580/1791/1190 1582/1793/2478 1579/1790/2472
f 1582/1793/2478 1583/1794/2479 1579/1790/2472
f 3030/1759/2480 3031/1757/2475 3032/1755/2477
f 1583/1794/2479 1584/1795/2481 1579/1790/2472
f 1579/1790/2472 1584/1795/2481 1578/1789/2468
f 3027/1761/2450 3029/1765/2450 3028/1763/2450
f 1578/1789/2468 1584/1795/2481 1585/1796/2482
f 1584/1795/2481 1586/1797/2483 1585/1796/2482
f 1585/1796/2482 1586/1797/2483 1587/1798/2484
f 1586/1797/2483 1588/1799/2485 1587/1798/2484
f 1587/1798/2484 1588/1799/2485 1589/1800/2486
f 3026/1762/2450 3027/1761/2450 3028/1763/2450
f 1589/1800/2486 1588/1799/2485 1590/1801/2487
f 3023/1763/2445 3025/1765/2445 3024/1770/2445
f 1590/1801/2487 1588/1799/2485 1591/1802/2488
f 3022/1769/2445 3023/1763/2445 3024/1770/2445
f 1591/1802/2488 1588/1799/2485 1592/1803/2489
f 1588/1799/2485 1593/1804/2490 1592/1803/2489
f 1592/1803/2489 1593/1804/2490 1594/1805/2491
f 1593/1804/2490 1595/1806/2492 1594/1805/2491
f 1594/1805/2491 1595/1806/2492 1596/1807/2493
f 1595/1806/2492 1597/1808/2494 1596/1807/2493
f 1596/1807/2493 1597/1808/2494 1598/1809/2495
f 1597/1808/2494 1599/1810/2496 1598/1809/2495
f 1598/1809/2495 1599/1810/2496 1600/1811/2497
f 1599/1810/2496 1601/1812/2498 1600/1811/2497
f 1600/1811/2497 1601/1812/2498 1602/1813/2499
f 1601/1812/2498 1603/1814/2500 1602/1813/2499
f 1602/1813/2499 1603/1814/2500 1604/1815/2501
f 3019/1778/2457 3021/1782/2457 3020/1780/2457
f 1604/1815/2501 1603/1814/2500 1605/1816/2502
f 3018/1779/2457 3019/1778/2457 3020/1780/2457
f 1605/1816/2502 1603/1814/2500 1606/1817/2503
f 1603/1814/2500 1607/1818/2504 1606/1817/2503
f 1606/1817/2503 1607/1818/2504 1608/1819/2505
f 1607/1818/2504 1609/1820/2506 1608/1819/2505
f 1608/1819/2505 1609/1820/2506 1610/1821/2507
f 3014/1822/2508 3017/1823/2509 3016/1824/2510
f 3015/1825/2511 3014/1822/2508 3016/1824/2510
f 3012/1826/2512 3014/1822/2508 3015/1825/2511
f 3013/1827/2513 3014/1822/2508 3012/1826/2512
f 1560/1764/2446 1576/1787/2465 1561/1766/2447
f 3011/1828/2514 3013/1827/2513 3012/1826/2512
f 3010/1829/2515 3011/1828/2514 3012/1826/2512
f 3008/1830/2516 3011/1828/2514 3010/1829/2515
f 3009/1831/2517 3008/1830/2516 3010/1829/2515
f 1593/1804/2490 1588/1799/2485 1586/1797/2483
f 3007/1832/2518 3008/1830/2516 3009/1831/2517
f 3006/1833/2519 3008/1830/2516 3007/1832/2518
f 3005/1834/2520 3006/1833/2519 3007/1832/2518
f 3002/1833/2521 3004/1834/2522 3003/1835/2523
f 1603/1814/2500 1601/1812/2498 1607/1818/2504
f 1607/1818/2504 1601/1812/2498 1611/1836/2524
f 1601/1812/2498 1599/1810/2496 1611/1836/2524
f 1611/1836/2524 1599/1810/2496 1612/1837/2525
f 1599/1810/2496 1597/1808/2494 1612/1837/2525
f 1612/1837/2525 1597/1808/2494 1613/1838/2526
f 1597/1808/2494 1595/1806/2492 1613/1838/2526
f 3000/1839/2527 3002/1833/2521 3003/1835/2523
f 1595/1806/2492 1593/1804/2490 1613/1838/2526
f 3001/1830/2528 3002/1833/2521 3000/1839/2527
f 1593/1804/2490 1586/1797/2483 1613/1838/2526
f 2998/1828/2529 3001/1830/2528 3000/1839/2527
f 1586/1797/2483 1584/1795/2481 1613/1838/2526
f 2999/1840/2530 2998/1828/2529 3000/1839/2527
f 1584/1795/2481 1583/1794/2479 1613/1838/2526
f 1613/1838/2526 1583/1794/2479 1612/1837/2525
f 1583/1794/2479 1614/1841/2531 1612/1837/2525
f 1612/1837/2525 1614/1841/2531 1611/1836/2524
f 1614/1841/2531 1615/1842/2532 1611/1836/2524
f 1611/1836/2524 1615/1842/2532 1609/1820/2506
f 1615/1842/2532 1616/1843/2533 1609/1820/2506
f 1609/1820/2506 1616/1843/2533 1610/1821/2507
f 1616/1843/2533 1617/1844/2534 1610/1821/2507
f 1610/1821/2507 1617/1844/2534 1618/1845/2535
f 2996/1846/2536 2998/1828/2529 2999/1840/2530
f 1618/1845/2535 1617/1844/2534 1619/1847/2537
f 2997/1827/2538 2998/1828/2529 2996/1846/2536
f 1619/1847/2537 1617/1844/2534 1620/1848/2539
f 2993/1822/2540 2997/1827/2538 2996/1846/2536
f 1620/1848/2539 1617/1844/2534 1621/1849/2541
f 1617/1844/2534 1616/1843/2533 1621/1849/2541
f 1621/1849/2541 1616/1843/2533 1622/1850/2542
f 1616/1843/2533 1615/1842/2532 1622/1850/2542
f 2995/1851/2543 2993/1822/2540 2996/1846/2536
f 1615/1842/2532 1614/1841/2531 1622/1850/2542
f 1622/1850/2542 1614/1841/2531 1582/1793/2478
f 1614/1841/2531 1583/1794/2479 1582/1793/2478
f 2994/1852/2544 2993/1822/2540 2995/1851/2543
f 2992/1823/2545 2993/1822/2540 2994/1852/2544
f 2988/1822/2546 2991/1823/2547 2990/1852/2548
f 2989/1851/2549 2988/1822/2546 2990/1852/2548
f 1609/1820/2506 1607/1818/2504 1611/1836/2524
f 2987/1846/2550 2988/1822/2546 2989/1851/2549
f 2986/1827/2551 2988/1822/2546 2987/1846/2550
f 2985/1840/2552 2986/1827/2551 2987/1846/2550
f 2984/1828/2553 2986/1827/2551 2985/1840/2552
f 1582/1793/2478 1581/1792/2474 1622/1850/2542
f 2982/1839/2554 2984/1828/2553 2985/1840/2552
f 1581/1792/2474 1623/1853/2555 1622/1850/2542
f 2983/1830/2556 2984/1828/2553 2982/1839/2554
f 1623/1853/2555 1624/1854/2557 1622/1850/2542
f 1622/1850/2542 1624/1854/2557 1621/1849/2541
f 1624/1854/2557 1625/1855/2558 1621/1849/2541
f 1621/1849/2541 1625/1855/2558 1620/1848/2539
f 1625/1855/2558 1626/1856/2559 1620/1848/2539
f 1620/1848/2539 1626/1856/2559 1619/1847/2537
f 2981/1833/2560 2983/1830/2556 2982/1839/2554
f 1619/1847/2537 1626/1856/2559 1627/1857/2561
f 1626/1856/2559 1628/1858/2562 1627/1857/2561
f 1627/1857/2561 1628/1858/2562 1629/1859/2563
f 1628/1858/2562 1630/1860/2564 1629/1859/2563
f 1629/1859/2563 1630/1860/2564 1631/1861/2565
f 1630/1860/2564 1632/1862/2566 1631/1861/2565
f 1631/1861/2565 1632/1862/2566 1633/1863/2567
f 2980/1835/2568 2981/1833/2560 2982/1839/2554
f 1633/1863/2567 1632/1862/2566 1634/1864/2569
f 2979/1834/2570 2981/1833/2560 2980/1835/2568
f 1634/1864/2569 1632/1862/2566 1635/1865/2571
f 2975/1822/2572 2977/1824/2573 2978/1823/2574
f 1635/1865/2571 1632/1862/2566 1636/1866/2575
f 1632/1862/2566 1630/1860/2564 1636/1866/2575
f 2976/1825/2576 2977/1824/2573 2975/1822/2572
f 1630/1860/2564 1628/1858/2562 1636/1866/2575
f 1636/1866/2575 1628/1858/2562 1637/1867/2577
f 1628/1858/2562 1626/1856/2559 1637/1867/2577
f 1637/1867/2577 1626/1856/2559 1638/1868/2578
f 1626/1856/2559 1625/1855/2558 1638/1868/2578
f 1638/1868/2578 1625/1855/2558 1639/1869/2579
f 2974/1826/2580 2976/1825/2576 2975/1822/2572
f 1639/1869/2579 1625/1855/2558 1640/1870/2581
f 1625/1855/2558 1624/1854/2557 1640/1870/2581
f 1640/1870/2581 1624/1854/2557 1641/1871/2582
f 1624/1854/2557 1623/1853/2555 1641/1871/2582
f 2973/1827/2583 2974/1826/2580 2975/1822/2572
f 2971/1829/2584 2974/1826/2580 2973/1827/2583
f 2972/1828/2585 2971/1829/2584 2973/1827/2583
f 2969/1830/2586 2971/1829/2584 2972/1828/2585
f 1639/1869/2579 1642/1872/2587 1638/1868/2578
f 2970/1831/2588 2971/1829/2584 2969/1830/2586
f 1638/1868/2578 1642/1872/2587 1637/1867/2577
f 1642/1872/2587 1643/1873/2589 1637/1867/2577
f 1637/1867/2577 1643/1873/2589 1636/1866/2575
f 1643/1873/2589 1635/1865/2571 1636/1866/2575
f 2967/1832/2590 2970/1831/2588 2969/1830/2586
f 2968/1833/2591 2967/1832/2590 2969/1830/2586
f 2966/1834/2592 2967/1832/2590 2968/1833/2591
f 2962/1874/2593 2960/1875/2594 2965/1876/2595
f 1640/1870/2581 1641/1871/2582 1644/1877/2596
f 1641/1871/2582 1645/1878/2597 1644/1877/2596
f 1644/1877/2596 1645/1878/2597 1646/1879/2598
f 2964/1880/2599 2962/1874/2593 2965/1876/2595
f 2963/1881/2600 2962/1874/2593 2964/1880/2599
f 2961/1882/2601 2962/1874/2593 2963/1881/2600
f 2960/1875/2594 2962/1874/2593 2961/1882/2601
f 1645/1878/2597 1641/1871/2582 1647/1883/2602
f 2959/1884/2603 2960/1875/2594 2961/1882/2601
f 1641/1871/2582 1623/1853/2555 1647/1883/2602
f 1647/1883/2602 1623/1853/2555 1648/1885/1282
f 1623/1853/2555 1581/1792/2474 1648/1885/1282
f 2958/1886/2603 2960/1875/2594 2959/1884/2603
f 1581/1792/2474 1559/1760/2444 1648/1885/1282
f 2956/1887/2603 2958/1886/2603 2959/1884/2603
f 1559/1760/2444 1551/1746/2426 1648/1885/1282
f 1648/1885/1282 1551/1746/2426 1649/1888/2604
f 1551/1746/2426 1547/1742/2421 1649/1888/2604
f 1649/1888/2604 1547/1742/2421 1650/1889/2605
f 1547/1742/2421 1651/1890/2606 1650/1889/2605
f 1650/1889/2605 1651/1890/2606 1652/1891/2607
f 2957/1892/2603 2958/1886/2603 2956/1887/2603
f 1652/1891/2607 1651/1890/2606 1653/1893/2608
f 1651/1890/2606 1654/1894/2609 1653/1893/2608
f 1653/1893/2608 1654/1894/2609 1655/1895/2610
f 1654/1894/2609 1656/1896/2611 1655/1895/2610
f 1655/1895/2610 1656/1896/2611 1657/1897/2612
f 2940/1898/2603 2957/1892/2603 2956/1887/2603
f 2955/1899/2603 2940/1898/2603 2956/1887/2603
f 2941/1900/2603 2940/1898/2603 2955/1899/2603
f 2951/1874/2613 2954/1876/2614 2949/1875/2615
f 1652/1891/2607 1658/1901/2616 1650/1889/2605
f 1650/1889/2605 1658/1901/2616 1649/1888/2604
f 1658/1901/2616 1659/1902/2617 1649/1888/2604
f 1649/1888/2604 1659/1902/2617 1648/1885/1282
f 1659/1902/2617 1647/1883/2602 1648/1885/1282
f 2953/1880/2618 2954/1876/2614 2951/1874/2613
f 2952/1881/2619 2953/1880/2618 2951/1874/2613
f 2950/1882/2601 2952/1881/2619 2951/1874/2613
f 2949/1875/2615 2950/1882/2601 2951/1874/2613
f 1547/1742/2421 1660/1903/2620 1651/1890/2606
f 2947/1884/2603 2950/1882/2601 2949/1875/2615
f 1651/1890/2606 1660/1903/2620 1661/1894/2621
f 1660/1903/2620 1662/1904/2622 1661/1894/2621
f 1661/1894/2621 1662/1904/2622 1663/1896/2623
f 1662/1904/2622 1664/1905/2624 1663/1896/2623
f 1663/1896/2623 1664/1905/2624 1665/1897/2625
f 2948/1886/2603 2947/1884/2603 2949/1875/2615
f 2946/1892/2603 2947/1884/2603 2948/1886/2603
f 2945/1887/2603 2947/1884/2603 2946/1892/2603
f 2943/1898/2603 2945/1887/2603 2946/1892/2603
f 1647/1883/2602 1666/1906/2626 1645/1878/2597
f 1645/1878/2597 1666/1906/2626 1667/1907/2627
f 1666/1906/2626 1668/1908/2628 1667/1907/2627
f 1667/1907/2627 1668/1908/2628 1669/1909/2629
f 1668/1908/2628 1670/1910/2630 1669/1909/2629
f 1669/1909/2629 1670/1910/2630 1671/1911/2631
f 1670/1910/2630 1672/1912/2632 1671/1911/2631
f 1671/1911/2631 1672/1912/2632 1673/1913/2633
f 1672/1912/2632 1674/1914/2634 1673/1913/2633
f 1673/1913/2633 1674/1914/2634 1675/1915/2635
f 2944/1899/2603 2945/1887/2603 2943/1898/2603
f 2941/1900/2603 2944/1899/2603 2943/1898/2603
f 2942/1916/2603 2941/1900/2603 2943/1898/2603
f 2940/1898/2603 2941/1900/2603 2942/1916/2603
f 1645/1878/2597 1667/1907/2627 1646/1879/2598
f 1646/1879/2598 1667/1907/2627 1676/1917/2636
f 1667/1907/2627 1669/1909/2629 1676/1917/2636
f 1676/1917/2636 1669/1909/2629 1677/1918/2637
f 1669/1909/2629 1671/1911/2631 1677/1918/2637
f 1677/1918/2637 1671/1911/2631 1678/1919/2638
f 1671/1911/2631 1679/1913/2639 1678/1919/2638
f 1678/1919/2638 1679/1913/2639 1680/1915/2640
f 2937/1920/2641 2939/1921/2642 2938/1922/2643
f 2936/1923/2644 2937/1920/2641 2938/1922/2643
f 2933/1924/2645 2935/1925/2646 2934/1926/2647
f 2931/1927/2648 2933/1924/2645 2934/1926/2647
f 1681/1928/2649 1683/1929/2650 1682/1930/2651
f 2932/1931/2652 2933/1924/2645 2931/1927/2648
f 1683/1929/2650 1684/1932/2653 1682/1930/2651
f 1682/1930/2651 1684/1932/2653 1685/1933/2654
f 1684/1932/2653 1686/1934/2655 1685/1933/2654
f 2930/1935/2656 2932/1931/2652 2931/1927/2648
f 1686/1934/2655 1687/1936/2657 1685/1933/2654
f 1685/1933/2654 1687/1936/2657 1688/1937/2658
f 2929/1938/2659 2930/1935/2656 2931/1927/2648
f 1688/1937/2658 1687/1936/2657 1689/1939/2660
f 1687/1936/2657 1690/1940/2661 1689/1939/2660
f 2928/1941/2662 2930/1935/2656 2929/1938/2659
f 2927/1942/2663 2928/1941/2662 2929/1938/2659
f 2925/1943/2664 2928/1941/2662 2927/1942/2663
f 2926/1944/2665 2925/1943/2664 2927/1942/2663
f 1691/1928/2666 1692/1945/2667 1693/1929/2668
f 2924/1946/2669 2925/1943/2664 2926/1944/2665
f 1693/1929/2668 1692/1945/2667 1694/1932/2670
f 1692/1945/2667 1695/1947/2671 1694/1932/2670
f 1694/1932/2670 1695/1947/2671 1696/1934/2672
f 1695/1947/2671 1697/1948/2673 1696/1934/2672
f 1696/1934/2672 1697/1948/2673 1698/1936/2674
f 2923/1949/2675 2925/1943/2664 2924/1946/2669
f 1698/1936/2674 1697/1948/2673 1699/1940/2676
f 1697/1948/2673 1700/1950/2677 1699/1940/2676
f 2922/1951/2678 2923/1949/2675 2924/1946/2669
f 2919/1952/2679 2921/1953/2680 2920/1954/2681
f 2917/1955/2682 2919/1952/2679 2920/1954/2681
f 2918/1956/2683 2919/1952/2679 2917/1955/2682
f 1701/1957/2684 1702/1958/2685 1703/1959/2686
f 1702/1958/2685 1704/1960/2687 1703/1959/2686
f 1703/1959/2686 1704/1960/2687 1705/1961/2688
f 1704/1960/2687 1706/1962/2689 1705/1961/2688
f 1705/1961/2688 1706/1962/2689 1707/1963/2690
f 2915/1964/2691 2918/1956/2683 2917/1955/2682
f 1707/1963/2690 1706/1962/2689 1708/1965/2692
f 1706/1962/2689 1709/1966/2693 1708/1965/2692
f 2916/1921/2694 2915/1964/2691 2917/1955/2682
f 2913/1920/2695 2915/1964/2691 2916/1921/2694
f 2914/1967/2696 2915/1964/2691 2913/1920/2695
f 2911/1968/2697 2914/1967/2696 2913/1920/2695
f 1710/1928/2698 1711/1930/2699 1712/1929/2700
f 2912/1969/2701 2911/1968/2697 2913/1920/2695
f 1712/1929/2700 1711/1930/2699 1713/1932/2702
f 1711/1930/2699 1714/1933/2703 1713/1932/2702
f 1713/1932/2702 1714/1933/2703 1715/1934/2704
f 2909/1970/2705 2911/1968/2697 2912/1969/2701
f 1715/1934/2704 1714/1933/2703 1716/1936/2706
f 1714/1933/2703 1717/1937/2707 1716/1936/2706
f 2910/1971/2708 2911/1968/2697 2909/1970/2705
f 1717/1937/2707 1718/1939/2709 1716/1936/2706
f 1716/1936/2706 1718/1939/2709 1719/1940/2710
f 2908/1972/2711 2910/1971/2708 2909/1970/2705
f 2904/1973/2712 2906/1974/2713 2907/1975/2714
f 2905/1976/2715 2906/1974/2713 2904/1973/2712
f 2903/1977/2716 2905/1976/2715 2904/1973/2712
f 1720/1928/2717 1722/1929/2718 1721/1945/2719
f 2899/1978/2720 2901/1979/2721 2902/1980/2722
f 1722/1929/2718 1723/1932/2723 1721/1945/2719
f 1721/1945/2719 1723/1932/2723 1724/1947/2724
f 1723/1932/2723 1725/1934/2725 1724/1947/2724
f 1724/1947/2724 1725/1934/2725 1726/1948/2726
f 1725/1934/2725 1727/1936/2727 1726/1948/2726
f 2900/1981/2728 2901/1979/2721 2899/1978/2720
f 1727/1936/2727 1728/1940/2729 1726/1948/2726
f 1726/1948/2726 1728/1940/2729 1729/1950/2730
f 2898/1982/2731 2900/1981/2728 2899/1978/2720
f 2895/1983/2732 2896/1984/2157 2897/1985/2733
f 2894/1986/2734 2896/1984/2157 2895/1983/2732
f 2893/1987/2735 2894/1986/2734 2895/1983/2732
f 1730/1957/2736 1732/1959/2737 1731/1958/2738
f 1731/1958/2738 1732/1959/2737 1733/1960/2739
f 1732/1959/2737 1734/1961/2740 1733/1960/2739
f 1733/1960/2739 1734/1961/2740 1735/1962/2741
f 1734/1961/2740 1736/1963/2742 1735/1962/2741
f 2890/1949/2743 2892/1951/2744 2891/1988/2745
f 1736/1963/2742 1737/1965/2746 1735/1962/2741
f 1735/1962/2741 1737/1965/2746 1738/1966/2747
f 2888/1989/2748 2890/1949/2743 2891/1988/2745
f 2889/1943/2749 2890/1949/2743 2888/1989/2748
f 2887/1941/2750 2889/1943/2749 2888/1989/2748
f 2886/1990/2751 2887/1941/2750 2888/1989/2748
f 1739/1991/2752 1741/1992/2753 1740/1993/2754
f 1740/1993/2754 1741/1992/2753 1742/1994/2755
f 1741/1992/2753 1743/1995/2756 1742/1994/2755
f 2883/1996/2757 2885/1925/2758 2884/1924/2759
f 1743/1995/2756 1744/1997/2760 1742/1994/2755
f 1742/1994/2755 1744/1997/2760 1745/1998/2761
f 2881/1931/2762 2883/1996/2757 2884/1924/2759
f 1745/1998/2761 1744/1997/2760 1746/1999/2763
f 2882/2000/2764 2883/1996/2757 2881/1931/2762
f 1746/1999/2763 1744/1997/2760 1747/2001/2765
f 1744/1997/2760 1748/2002/2766 1747/2001/2765
f 1747/2001/2765 1748/2002/2766 1749/2003/2767
f 1748/2002/2766 1750/2004/2768 1749/2003/2767
f 2880/2005/2769 2882/2000/2764 2881/1931/2762
f 1750/2004/2768 1751/2006/2770 1749/2003/2767
f 1749/2003/2767 1751/2006/2770 1752/2007/2771
f 1751/2006/2770 1753/2008/2772 1752/2007/2771
f 2878/1935/2773 2880/2005/2769 2881/1931/2762
f 2879/2009/2774 2880/2005/2769 2878/1935/2773
f 2877/2010/2775 2879/2009/2774 2878/1935/2773
f 2873/2011/2776 2876/2012/2777 2871/2013/2778
f 1740/1993/2754 1742/1994/2755 1754/2014/2779
f 1742/1994/2755 1745/1998/2761 1754/2014/2779
f 2875/2015/2780 2876/2012/2777 2873/2011/2776
f 2874/2016/2781 2875/2015/2780 2873/2011/2776
f 2872/2017/2782 2874/2016/2781 2873/2011/2776
f 2871/2013/2778 2872/2017/2782 2873/2011/2776
f 1752/2007/2771 1755/2018/2783 1749/2003/2767
f 2870/2019/2603 2872/2017/2782 2871/2013/2778
f 1749/2003/2767 1755/2018/2783 1747/2001/2765
f 1755/2018/2783 1756/2020/2784 1747/2001/2765
f 1747/2001/2765 1756/2020/2784 1746/1999/2763
f 1756/2020/2784 1757/2021/2785 1746/1999/2763
f 2864/2022/2786 2870/2019/2603 2871/2013/2778
f 1757/2021/2785 1758/2023/2787 1746/1999/2763
f 1746/1999/2763 1758/2023/2787 1745/1998/2761
f 2865/2024/2786 2870/2019/2603 2864/2022/2786
f 1745/1998/2761 1758/2023/2787 1759/2025/2788
f 1758/2023/2787 1760/2026/2789 1759/2025/2788
f 1759/2025/2788 1760/2026/2789 1761/2027/2790
f 1760/2026/2789 1762/2028/2791 1761/2027/2790
f 1761/2027/2790 1762/2028/2791 1763/2029/2792
f 1762/2028/2791 1764/2030/2793 1763/2029/2792
f 1763/2029/2792 1764/2030/2793 1765/2031/2794
f 1764/2030/2793 1766/2032/2795 1765/2031/2794
f 1765/2031/2794 1766/2032/2795 1767/2033/2796
f 1766/2032/2795 1768/2034/2797 1767/2033/2796
f 1767/2033/2796 1768/2034/2797 1769/2035/2798
f 2869/2036/2603 2870/2019/2603 2865/2024/2786
f 2868/2037/2786 2869/2036/2603 2865/2024/2786
f 2857/2038/2603 2867/1987/2603 2866/1986/2603
f 2865/2024/2786 2857/2038/2603 2866/1986/2603
f 1768/2034/2797 1766/2032/2795 1770/2039/2799
f 2864/2022/2786 2857/2038/2603 2865/2024/2786
f 1766/2032/2795 1764/2030/2793 1770/2039/2799
f 1770/2039/2799 1764/2030/2793 1771/2040/2800
f 1764/2030/2793 1762/2028/2791 1771/2040/2800
f 1771/2040/2800 1762/2028/2791 1772/2041/2801
f 1762/2028/2791 1760/2026/2789 1772/2041/2801
f 1772/2041/2801 1760/2026/2789 1773/2042/2802
f 1760/2026/2789 1758/2023/2787 1773/2042/2802
f 1773/2042/2802 1758/2023/2787 1774/2043/2803
f 1758/2023/2787 1757/2021/2785 1774/2043/2803
f 2856/2044/2603 2857/2038/2603 2864/2022/2786
f 1757/2021/2785 1756/2020/2784 1774/2043/2803
f 2860/2045/2804 2863/2046/2805 2858/2047/2806
f 1756/2020/2784 1775/2048/2807 1774/2043/2803
f 2862/2049/2808 2863/2046/2805 2860/2045/2804
f 1775/2048/2807 1776/2050/2809 1774/2043/2803
f 1774/2043/2803 1776/2050/2809 1773/2042/2802
f 1776/2050/2809 1777/2051/2810 1773/2042/2802
f 1773/2042/2802 1777/2051/2810 1772/2041/2801
f 1777/2051/2810 1778/2052/2811 1772/2041/2801
f 1772/2041/2801 1778/2052/2811 1771/2040/2800
f 1778/2052/2811 1779/2053/2812 1771/2040/2800
f 1771/2040/2800 1779/2053/2812 1770/2039/2799
f 1779/2053/2812 1780/2054/2813 1770/2039/2799
f 1770/2039/2799 1780/2054/2813 1768/2034/2797
f 2861/2055/2814 2862/2049/2808 2860/2045/2804
f 2859/2056/2815 2861/2055/2814 2860/2045/2804
f 2858/2047/2806 2859/2056/2815 2860/2045/2804
f 2856/2044/2603 2859/2056/2815 2858/2047/2806
f 1780/2054/2813 1779/2053/2812 1781/2057/2816
f 1781/2057/2816 1779/2053/2812 1782/2058/2817
f 1779/2053/2812 1778/2052/2811 1782/2058/2817
f 1782/2058/2817 1778/2052/2811 1783/2059/2818
f 1778/2052/2811 1777/2051/2810 1783/2059/2818
f 1783/2059/2818 1777/2051/2810 1784/2060/2819
f 1777/2051/2810 1776/2050/2809 1784/2060/2819
f 1784/2060/2819 1776/2050/2809 1785/2061/2820
f 2852/2062/2821 2856/2044/2603 2858/2047/2806
f 1785/2061/2820 1776/2050/2809 1786/2063/2822
f 1776/2050/2809 1775/2048/2807 1786/2063/2822
f 1786/2063/2822 1775/2048/2807 1787/2064/2823
f 1775/2048/2807 1756/2020/2784 1787/2064/2823
f 2853/2065/2603 2857/2038/2603 2856/2044/2603
f 1756/2020/2784 1755/2018/2783 1787/2064/2823
f 1787/2064/2823 1755/2018/2783 1788/2066/2824
f 1755/2018/2783 1752/2007/2771 1788/2066/2824
f 1788/2066/2824 1752/2007/2771 1789/2067/2825
f 1752/2007/2771 1753/2008/2772 1789/2067/2825
f 1789/2067/2825 1753/2008/2772 1790/2068/2826
f 1753/2008/2772 1791/2069/2827 1790/2068/2826
f 2852/2062/2821 2853/2065/2603 2856/2044/2603
f 1791/2069/2827 1792/2070/2828 1790/2068/2826
f 1790/2068/2826 1792/2070/2828 1793/2071/2829
f 1792/2070/2828 1794/2072/2830 1793/2071/2829
f 1793/2071/2829 1794/2072/2830 1795/2073/2831
f 1794/2072/2830 1796/2074/2832 1795/2073/2831
f 2845/2075/2833 2855/1982/2603 2854/1981/2603
f 1796/2074/2832 1797/2076/2834 1795/2073/2831
f 2853/2065/2603 2845/2075/2833 2854/1981/2603
f 1797/2076/2834 1798/2077/2835 1795/2073/2831
f 2852/2062/2821 2845/2075/2833 2853/2065/2603
f 1798/2077/2835 1799/2078/2836 1795/2073/2831
f 1795/2073/2831 1799/2078/2836 1793/2071/2829
f 1799/2078/2836 1800/2079/2837 1793/2071/2829
f 1793/2071/2829 1800/2079/2837 1790/2068/2826
f 1800/2079/2837 1801/2080/2838 1790/2068/2826
f 1790/2068/2826 1801/2080/2838 1789/2067/2825
f 1801/2080/2838 1802/2081/2839 1789/2067/2825
f 1789/2067/2825 1802/2081/2839 1788/2066/2824
f 1802/2081/2839 1803/2082/2840 1788/2066/2824
f 1788/2066/2824 1803/2082/2840 1787/2064/2823
f 2844/2083/2841 2845/2075/2833 2852/2062/2821
f 2848/2084/2842 2851/2085/2843 2846/2086/2844
f 2850/2087/2845 2851/2085/2843 2848/2084/2842
f 2849/2088/2846 2850/2087/2845 2848/2084/2842
f 1803/2082/2840 1802/2081/2839 1804/2089/2847
f 2847/2090/2848 2849/2088/2846 2848/2084/2842
f 1802/2081/2839 1801/2080/2838 1804/2089/2847
f 1804/2089/2847 1801/2080/2838 1805/2091/2849
f 1801/2080/2838 1800/2079/2837 1805/2091/2849
f 1805/2091/2849 1800/2079/2837 1806/2092/2850
f 1800/2079/2837 1799/2078/2836 1806/2092/2850
f 1806/2092/2850 1799/2078/2836 1807/2093/2851
f 1799/2078/2836 1798/2077/2835 1807/2093/2851
f 2846/2086/2844 2847/2090/2848 2848/2084/2842
f 1798/2077/2835 1808/2094/2852 1807/2093/2851
f 2844/2083/2841 2847/2090/2848 2846/2086/2844
f 1808/2094/2852 1809/2095/2853 1807/2093/2851
f 1807/2093/2851 1809/2095/2853 1810/2096/2854
f 1809/2095/2853 1811/2097/2855 1810/2096/2854
f 2839/2098/2856 2844/2083/2841 2846/2086/2844
f 2841/2099/2857 2845/2075/2833 2844/2083/2841
f 2839/2098/2856 2841/2099/2857 2844/2083/2841
f 2840/2100/2603 2843/1977/2603 2842/1976/2603
f 1810/2096/2854 1812/2101/2858 1807/2093/2851
f 2841/2099/2857 2840/2100/2603 2842/1976/2603
f 1807/2093/2851 1812/2101/2858 1806/2092/2850
f 1812/2101/2858 1813/2102/2859 1806/2092/2850
f 1806/2092/2850 1813/2102/2859 1805/2091/2849
f 1813/2102/2859 1814/2103/2860 1805/2091/2849
f 1805/2091/2849 1814/2103/2860 1804/2089/2847
f 2839/2098/2856 2840/2100/2603 2841/2099/2857
f 1804/2089/2847 1814/2103/2860 1803/2082/2840
f 1814/2103/2860 1815/2104/2861 1803/2082/2840
f 1803/2082/2840 1815/2104/2861 1787/2064/2823
f 1815/2104/2861 1816/2105/2862 1787/2064/2823
f 1787/2064/2823 1816/2105/2862 1786/2063/2822
f 2838/2106/2603 2840/2100/2603 2839/2098/2856
f 1786/2063/2822 1816/2105/2862 1785/2061/2820
f 2837/2107/2603 2838/2106/2603 2839/2098/2856
f 1785/2061/2820 1816/2105/2862 1817/2108/2863
f 1816/2105/2862 1815/2104/2861 1817/2108/2863
f 1817/2108/2863 1815/2104/2861 1818/2109/2864
f 1815/2104/2861 1814/2103/2860 1818/2109/2864
f 2834/2110/2865 2836/1972/2866 2835/1970/2867
f 1814/2103/2860 1813/2102/2859 1818/2109/2864
f 1818/2109/2864 1813/2102/2859 1819/2111/2868
f 1813/2102/2859 1812/2101/2858 1819/2111/2868
f 2832/1969/2869 2834/2110/2865 2835/1970/2867
f 2833/2112/2870 2834/2110/2865 2832/1969/2869
f 2831/2113/2871 2833/2112/2870 2832/1969/2869
f 2829/1920/2872 2831/2113/2871 2832/1969/2869
f 1819/2111/2868 1820/2114/2873 1818/2109/2864
f 2830/1990/2874 2831/2113/2871 2829/1920/2872
f 1818/2109/2864 1820/2114/2873 1817/2108/2863
f 1820/2114/2873 1821/2115/2875 1817/2108/2863
f 1817/2108/2863 1821/2115/2875 1785/2061/2820
f 1821/2115/2875 1822/2116/2876 1785/2061/2820
f 1785/2061/2820 1822/2116/2876 1784/2060/2819
f 2828/1941/2877 2830/1990/2874 2829/1920/2872
f 1784/2060/2819 1822/2116/2876 1783/2059/2818
f 1822/2116/2876 1823/2117/2878 1783/2059/2818
f 1783/2059/2818 1823/2117/2878 1824/2118/2879
f 1823/2117/2878 1825/2119/2880 1824/2118/2879
f 1824/2118/2879 1825/2119/2880 1826/2120/2881
f 1825/2119/2880 1827/2121/2882 1826/2120/2881
f 1826/2120/2881 1827/2121/2882 1828/2122/2883
f 2825/1924/2884 2826/1926/2885 2827/1925/2886
f 2823/1927/2887 2826/1926/2885 2825/1924/2884
f 2824/1931/2888 2823/1927/2887 2825/1924/2884
f 2822/1935/2889 2823/1927/2887 2824/1931/2888
f 1783/2059/2818 1824/2118/2879 1782/2058/2817
f 1782/2058/2817 1824/2118/2879 1781/2057/2816
f 1824/2118/2879 1826/2120/2881 1781/2057/2816
f 1781/2057/2816 1826/2120/2881 1780/2054/2813
f 2821/1938/2890 2823/1927/2887 2822/1935/2889
f 2820/1941/2891 2821/1938/2890 2822/1935/2889
f 2819/1942/2892 2821/1938/2890 2820/1941/2891
f 2817/1943/2893 2819/1942/2892 2820/1941/2891
f 1827/2121/2882 1825/2119/2880 1829/2123/2894
f 2818/1944/2895 2819/1942/2892 2817/1943/2893
f 1825/2119/2880 1823/2117/2878 1829/2123/2894
f 1829/2123/2894 1823/2117/2878 1830/2124/2896
f 1823/2117/2878 1822/2116/2876 1830/2124/2896
f 1830/2124/2896 1822/2116/2876 1831/2125/2897
f 1822/2116/2876 1821/2115/2875 1831/2125/2897
f 1831/2125/2897 1821/2115/2875 1832/2126/2898
f 1821/2115/2875 1820/2114/2873 1832/2126/2898
f 1832/2126/2898 1820/2114/2873 1833/2127/2899
f 1820/2114/2873 1819/2111/2868 1833/2127/2899
f 2815/1946/2900 2818/1944/2895 2817/1943/2893
f 1819/2111/2868 1812/2101/2858 1833/2127/2899
f 2816/1949/2901 2815/1946/2900 2817/1943/2893
f 1812/2101/2858 1810/2096/2854 1833/2127/2899
f 2814/1951/2902 2815/1946/2900 2816/1949/2901
f 1810/2096/2854 1811/2097/2855 1833/2127/2899
f 1833/2127/2899 1811/2097/2855 1832/2126/2898
f 1811/2097/2855 1834/2128/2903 1832/2126/2898
f 1832/2126/2898 1834/2128/2903 1831/2125/2897
f 1834/2128/2903 1835/2129/2904 1831/2125/2897
f 1831/2125/2897 1835/2129/2904 1830/2124/2896
f 1835/2129/2904 1836/2130/2905 1830/2124/2896
f 1830/2124/2896 1836/2130/2905 1829/2123/2894
f 1836/2130/2905 1837/2131/2906 1829/2123/2894
f 1829/2123/2894 1837/2131/2906 1827/2121/2882
f 2811/1954/2907 2813/1953/2908 2812/1952/2909
f 2810/1956/2910 2811/1954/2907 2812/1952/2909
f 2809/1955/2911 2811/1954/2907 2810/1956/2910
f 2807/1964/2912 2809/1955/2911 2810/1956/2910
f 1768/2034/2797 1838/2132/2913 1769/2035/2798
f 1769/2035/2798 1838/2132/2913 1839/2133/2914
f 2808/1921/2915 2809/1955/2911 2807/1964/2912
f 1839/2133/2914 1838/2132/2913 1840/2134/2916
f 2805/1920/2877 2808/1921/2915 2807/1964/2912
f 1840/2134/2916 1838/2132/2913 1841/2135/2917
f 1838/2132/2913 1842/2136/2918 1841/2135/2917
f 1841/2135/2917 1842/2136/2918 1826/2120/2881
f 2806/1967/2919 2805/1920/2877 2807/1964/2912
f 1826/2120/2881 1842/2136/2918 1780/2054/2813
f 2803/1968/2920 2805/1920/2877 2806/1967/2919
f 1780/2054/2813 1842/2136/2918 1768/2034/2797
f 1842/2136/2918 1838/2132/2913 1768/2034/2797
f 2804/1969/2921 2805/1920/2877 2803/1968/2920
f 2802/1970/2922 2804/1969/2921 2803/1968/2920
f 2801/1971/2923 2802/1970/2922 2803/1968/2920
f 2800/1972/2924 2802/1970/2922 2801/1971/2923
f 1828/2122/2883 1841/2135/2917 1826/2120/2881
f 2797/1949/2925 2798/1988/2926 2799/1951/2927
f 2795/1989/2928 2798/1988/2926 2797/1949/2925
f 2796/1943/2929 2795/1989/2928 2797/1949/2925
f 2794/1941/2930 2795/1989/2928 2796/1943/2929
f 1843/1991/2931 1845/1993/2932 1844/1992/2933
f 1844/1992/2933 1845/1993/2932 1846/1994/2934
f 1845/1993/2932 1847/2014/2935 1846/1994/2934
f 2793/1990/2936 2795/1989/2928 2794/1941/2930
f 1847/2014/2935 1848/1998/2937 1846/1994/2934
f 1846/1994/2934 1848/1998/2937 1849/1997/2938
f 1848/1998/2937 1850/1999/2939 1849/1997/2938
f 2790/1996/2940 2791/1924/2941 2792/1925/2942
f 1850/1999/2939 1851/2001/2943 1849/1997/2938
f 1849/1997/2938 1851/2001/2943 1852/2002/2944
f 1851/2001/2943 1853/2003/2945 1852/2002/2944
f 1852/2002/2944 1853/2003/2945 1854/2004/2946
f 2788/1931/2947 2791/1924/2941 2790/1996/2940
f 1854/2004/2946 1853/2003/2945 1855/2006/2948
f 1853/2003/2945 1856/2007/2949 1855/2006/2948
f 1855/2006/2948 1856/2007/2949 1857/2008/2950
f 2789/2000/2951 2788/1931/2947 2790/1996/2940
f 2787/2137/2952 2788/1931/2947 2789/2000/2951
f 2785/1935/2953 2788/1931/2947 2787/2137/2952
f 2786/2009/2954 2785/1935/2953 2787/2137/2952
f 1844/1992/2933 1846/1994/2934 1858/1995/2955
f 1858/1995/2955 1846/1994/2934 1849/1997/2938
f 2784/2010/2956 2785/1935/2953 2786/2009/2954
f 2781/2138/2957 2783/2139/2958 2782/2140/2603
f 2780/2141/2959 2781/2138/2957 2782/2140/2603
f 2761/2142/2960 2781/2138/2957 2780/2141/2959
f 1856/2007/2949 1853/2003/2945 1859/2018/2961
f 2759/2143/2603 2761/2142/2960 2780/2141/2959
f 1853/2003/2945 1851/2001/2943 1859/2018/2961
f 1859/2018/2961 1851/2001/2943 1860/2020/2962
f 1851/2001/2943 1850/1999/2939 1860/2020/2962
f 1860/2020/2962 1850/1999/2939 1861/2021/2963
f 2776/2084/2964 2774/2086/2965 2779/2085/2966
f 1861/2021/2963 1850/1999/2939 1862/2023/2967
f 1850/1999/2939 1848/1998/2937 1862/2023/2967
f 2778/2087/2968 2776/2084/2964 2779/2085/2966
f 1848/1998/2937 1863/2025/2969 1862/2023/2967
f 1862/2023/2967 1863/2025/2969 1864/2026/2970
f 1863/2025/2969 1865/2027/2971 1864/2026/2970
f 1864/2026/2970 1865/2027/2971 1866/2028/2972
f 1865/2027/2971 1867/2029/2973 1866/2028/2972
f 1866/2028/2972 1867/2029/2973 1868/2030/2974
f 1867/2029/2973 1869/2031/2975 1868/2030/2974
f 1868/2030/2974 1869/2031/2975 1870/2032/2976
f 1869/2031/2975 1871/2033/2977 1870/2032/2976
f 1870/2032/2976 1871/2033/2977 1872/2034/2978
f 1871/2033/2977 1873/2035/2979 1872/2034/2978
f 2777/2088/2980 2776/2084/2964 2778/2087/2968
f 2775/2090/2981 2776/2084/2964 2777/2088/2980
f 2774/2086/2965 2776/2084/2964 2775/2090/2981
f 2732/2083/2982 2774/2086/2965 2775/2090/2981
f 1872/2034/2978 1874/2039/2983 1870/2032/2976
f 2724/2098/2984 2774/2086/2965 2732/2083/2982
f 1870/2032/2976 1874/2039/2983 1868/2030/2974
f 1874/2039/2983 1875/2040/2985 1868/2030/2974
f 1868/2030/2974 1875/2040/2985 1866/2028/2972
f 1875/2040/2985 1876/2041/2986 1866/2028/2972
f 1866/2028/2972 1876/2041/2986 1864/2026/2970
f 1876/2041/2986 1877/2042/2987 1864/2026/2970
f 1864/2026/2970 1877/2042/2987 1862/2023/2967
f 1877/2042/2987 1878/2043/2988 1862/2023/2967
f 1862/2023/2967 1878/2043/2988 1861/2021/2963
f 2770/2011/2989 2773/2016/2990 2769/2017/2991
f 1861/2021/2963 1878/2043/2988 1860/2020/2962
f 2772/2015/2992 2773/2016/2990 2770/2011/2989
f 1860/2020/2962 1878/2043/2988 1879/2048/2993
f 2771/2012/2994 2772/2015/2992 2770/2011/2989
f 1879/2048/2993 1878/2043/2988 1880/2050/2995
f 1878/2043/2988 1877/2042/2987 1880/2050/2995
f 1880/2050/2995 1877/2042/2987 1881/2051/2996
f 1877/2042/2987 1876/2041/2986 1881/2051/2996
f 1881/2051/2996 1876/2041/2986 1882/2052/2997
f 1876/2041/2986 1875/2040/2985 1882/2052/2997
f 1882/2052/2997 1875/2040/2985 1883/2053/2998
f 1875/2040/2985 1874/2039/2983 1883/2053/2998
f 1883/2053/2998 1874/2039/2983 1884/2054/2999
f 1874/2039/2983 1872/2034/2978 1884/2054/2999
f 1884/2054/2999 1872/2034/2978 1885/2136/3000
f 1872/2034/2978 1886/2132/3001 1885/2136/3000
f 1885/2136/3000 1886/2132/3001 1887/2135/3002
f 2757/2013/3003 2771/2012/2994 2770/2011/2989
f 1887/2135/3002 1886/2132/3001 1888/2134/3004
f 2769/2017/2991 2757/2013/3003 2770/2011/2989
f 1888/2134/3004 1886/2132/3001 1889/2133/3005
f 2756/2019/2603 2757/2013/3003 2769/2017/2991
f 1889/2133/3005 1886/2132/3001 1873/2035/2979
f 1886/2132/3001 1872/2034/2978 1873/2035/2979
f 2765/2144/3006 2768/2145/3007 2763/2146/3008
f 2767/2147/3009 2768/2145/3007 2765/2144/3006
f 2766/2148/3010 2767/2147/3009 2765/2144/3006
f 2764/2149/3011 2766/2148/3010 2765/2144/3006
f 1887/2135/3002 1890/2120/3012 1885/2136/3000
f 1890/2120/3012 1884/2054/2999 1885/2136/3000
f 2763/2146/3008 2764/2149/3011 2765/2144/3006
f 2758/2150/2603 2764/2149/3011 2763/2146/3008
f 2762/2151/2603 2758/2150/2603 2763/2146/3008
f 2760/2152/2603 2758/2150/2603 2762/2151/2603
f 1887/2135/3002 1891/2122/3013 1890/2120/3012
f 1891/2122/3013 1892/2121/3014 1890/2120/3012
f 1890/2120/3012 1892/2121/3014 1893/2119/3015
f 1892/2121/3014 1894/2123/3016 1893/2119/3015
f 1893/2119/3015 1894/2123/3016 1895/2117/3017
f 2759/2143/2603 2760/2152/2603 2761/2142/2960
f 1895/2117/3017 1894/2123/3016 1896/2124/3018
f 1894/2123/3016 1897/2130/3019 1896/2124/3018
f 1896/2124/3018 1897/2130/3019 1898/2129/3020
f 2758/2150/2603 2760/2152/2603 2759/2143/2603
f 2739/2024/3021 2758/2150/2603 2759/2143/2603
f 2756/2019/2603 2758/2150/2603 2739/2024/3021
f 2738/2022/2603 2757/2013/3003 2756/2019/2603
f 1892/2121/3014 1899/2131/3022 1894/2123/3016
f 1894/2123/3016 1899/2131/3022 1897/2130/3019
f 2739/2024/3021 2738/2022/2603 2756/2019/2603
f 2752/2045/3023 2750/2047/3024 2755/2046/3025
f 2754/2049/3026 2752/2045/3023 2755/2046/3025
f 2753/2055/3027 2752/2045/3023 2754/2049/3026
f 1895/2117/3017 1900/2118/3028 1893/2119/3015
f 1893/2119/3015 1900/2118/3028 1890/2120/3012
f 1900/2118/3028 1901/2057/3029 1890/2120/3012
f 1890/2120/3012 1901/2057/3029 1884/2054/2999
f 2751/2056/3030 2752/2045/3023 2753/2055/3027
f 1884/2054/2999 1901/2057/3029 1883/2053/2998
f 1901/2057/3029 1902/2058/3031 1883/2053/2998
f 1883/2053/2998 1902/2058/3031 1882/2052/2997
f 1902/2058/3031 1903/2059/3032 1882/2052/2997
f 1882/2052/2997 1903/2059/3032 1881/2051/2996
f 1903/2059/3032 1904/2060/3033 1881/2051/2996
f 1881/2051/2996 1904/2060/3033 1880/2050/2995
f 2750/2047/3024 2752/2045/3023 2751/2056/3030
f 2736/2044/2603 2750/2047/3024 2751/2056/3030
f 2734/2062/3034 2750/2047/3024 2736/2044/2603
f 2747/1979/3035 2749/1980/3036 2748/1978/3037
f 1901/2057/3029 1900/2118/3028 1902/2058/3031
f 1902/2058/3031 1900/2118/3028 1903/2059/3032
f 1900/2118/3028 1895/2117/3017 1903/2059/3032
f 1903/2059/3032 1895/2117/3017 1905/2116/3038
f 1895/2117/3017 1896/2124/3018 1905/2116/3038
f 1905/2116/3038 1896/2124/3018 1906/2125/3039
f 1896/2124/3018 1898/2129/3020 1906/2125/3039
f 2746/1982/3040 2747/1979/3035 2748/1978/3037
f 1898/2129/3020 1907/2128/3041 1906/2125/3039
f 1906/2125/3039 1907/2128/3041 1908/2126/3042
f 1907/2128/3041 1909/2097/3043 1908/2126/3042
f 2745/1981/3044 2747/1979/3035 2746/1982/3040
f 2733/2075/3045 2745/1981/3044 2746/1982/3040
f 2735/2065/2603 2745/1981/3044 2733/2075/3045
f 2742/1984/3046 2744/1985/3047 2743/1983/2157
f 1903/2059/3032 1905/2116/3038 1904/2060/3033
f 1905/2116/3038 1910/2061/3048 1904/2060/3033
f 1904/2060/3033 1910/2061/3048 1880/2050/2995
f 1910/2061/3048 1911/2063/3049 1880/2050/2995
f 1880/2050/2995 1911/2063/3049 1879/2048/2993
f 1911/2063/3049 1912/2064/3050 1879/2048/2993
f 1879/2048/2993 1912/2064/3050 1860/2020/2962
f 2741/1987/3051 2742/1984/3046 2743/1983/2157
f 1860/2020/2962 1912/2064/3050 1859/2018/2961
f 1912/2064/3050 1913/2066/3052 1859/2018/2961
f 1859/2018/2961 1913/2066/3052 1856/2007/2949
f 1913/2066/3052 1914/2067/3053 1856/2007/2949
f 1856/2007/2949 1914/2067/3053 1857/2008/2950
f 1914/2067/3053 1915/2068/3054 1857/2008/2950
f 1857/2008/2950 1915/2068/3054 1916/2069/3055
f 2740/1986/3056 2742/1984/3046 2741/1987/3051
f 1916/2069/3055 1915/2068/3054 1917/2070/3057
f 1915/2068/3054 1918/2071/3058 1917/2070/3057
f 1917/2070/3057 1918/2071/3058 1919/2072/3059
f 1918/2071/3058 1920/2073/3060 1919/2072/3059
f 1919/2072/3059 1920/2073/3060 1921/2074/3061
f 2737/2038/2603 2740/1986/3056 2741/1987/3051
f 1921/2074/3061 1920/2073/3060 1922/2076/3062
f 2739/2024/3021 2740/1986/3056 2737/2038/2603
f 1922/2076/3062 1920/2073/3060 1923/2077/3063
f 2738/2022/2603 2739/2024/3021 2737/2038/2603
f 1923/2077/3063 1920/2073/3060 1924/2078/435
f 1920/2073/3060 1918/2071/3058 1924/2078/435
f 1924/2078/435 1918/2071/3058 1925/2079/3064
f 1918/2071/3058 1915/2068/3054 1925/2079/3064
f 1925/2079/3064 1915/2068/3054 1926/2080/3065
f 1915/2068/3054 1914/2067/3053 1926/2080/3065
f 1926/2080/3065 1914/2067/3053 1927/2081/3066
f 1914/2067/3053 1913/2066/3052 1927/2081/3066
f 1927/2081/3066 1913/2066/3052 1928/2082/3067
f 1913/2066/3052 1912/2064/3050 1928/2082/3067
f 2736/2044/2603 2738/2022/2603 2737/2038/2603
f 2735/2065/2603 2736/2044/2603 2737/2038/2603
f 2734/2062/3034 2736/2044/2603 2735/2065/2603
f 2733/2075/3045 2734/2062/3034 2735/2065/2603
f 1908/2126/3042 1929/2115/3068 1906/2125/3039
f 2732/2083/2982 2734/2062/3034 2733/2075/3045
f 1906/2125/3039 1929/2115/3068 1905/2116/3038
f 1929/2115/3068 1910/2061/3048 1905/2116/3038
f 2726/2099/3069 2732/2083/2982 2733/2075/3045
f 2724/2098/2984 2732/2083/2982 2726/2099/3069
f 2729/1974/3070 2731/1975/3071 2730/1973/3072
f 2728/1977/3073 2729/1974/3070 2730/1973/3072
f 1928/2082/3067 1930/2089/3074 1927/2081/3066
f 2727/1976/3075 2729/1974/3070 2728/1977/3073
f 1927/2081/3066 1930/2089/3074 1926/2080/3065
f 1930/2089/3074 1931/2091/3076 1926/2080/3065
f 1926/2080/3065 1931/2091/3076 1925/2079/3064
f 1931/2091/3076 1932/2092/3077 1925/2079/3064
f 1925/2079/3064 1932/2092/3077 1924/2078/435
f 1932/2092/3077 1933/2093/3078 1924/2078/435
f 1924/2078/435 1933/2093/3078 1923/2077/3063
f 2725/2100/2603 2727/1976/3075 2728/1977/3073
f 1923/2077/3063 1933/2093/3078 1934/2094/3079
f 2726/2099/3069 2727/1976/3075 2725/2100/2603
f 1934/2094/3079 1933/2093/3078 1935/2095/3080
f 1933/2093/3078 1936/2096/3081 1935/2095/3080
f 1935/2095/3080 1936/2096/3081 1909/2097/3043
f 2724/2098/2984 2726/2099/3069 2725/2100/2603
f 2723/2106/2603 2724/2098/2984 2725/2100/2603
f 2722/2107/2603 2724/2098/2984 2723/2106/2603
f 2719/2110/3082 2720/1970/3083 2721/1972/3084
f 1936/2096/3081 1933/2093/3078 1937/2101/3085
f 2717/1969/3086 2720/1970/3083 2719/2110/3082
f 1933/2093/3078 1932/2092/3077 1937/2101/3085
f 1937/2101/3085 1932/2092/3077 1938/2102/3087
f 1932/2092/3077 1931/2091/3076 1938/2102/3087
f 1938/2102/3087 1931/2091/3076 1939/2103/3088
f 1931/2091/3076 1930/2089/3074 1939/2103/3088
f 2718/2112/3089 2717/1969/3086 2719/2110/3082
f 1930/2089/3074 1928/2082/3067 1939/2103/3088
f 1939/2103/3088 1928/2082/3067 1940/2104/3090
f 1928/2082/3067 1912/2064/3050 1940/2104/3090
f 1940/2104/3090 1912/2064/3050 1941/2105/3091
f 1912/2064/3050 1911/2063/3049 1941/2105/3091
f 2716/2113/3092 2717/1969/3086 2718/2112/3089
f 1911/2063/3049 1910/2061/3048 1941/2105/3091
f 1941/2105/3091 1910/2061/3048 1942/2108/3093
f 1910/2061/3048 1929/2115/3068 1942/2108/3093
f 2715/1920/3094 2717/1969/3086 2716/2113/3092
f 2714/1990/3095 2715/1920/3094 2716/2113/3092
f 2713/1941/3096 2715/1920/3094 2714/1990/3095
f 2710/1922/3097 2711/1920/3097 2712/1923/3098
f 1941/2105/3091 1942/2108/3093 1940/2104/3090
f 1942/2108/3093 1943/2109/3099 1940/2104/3090
f 1940/2104/3090 1943/2109/3099 1939/2103/3088
f 2709/1921/3100 2711/1920/3097 2710/1922/3097
f 1939/2103/3088 1943/2109/3099 1938/2102/3087
f 1943/2109/3099 1944/2111/3101 1938/2102/3087
f 1938/2102/3087 1944/2111/3101 1937/2101/3085
f 1944/2111/3101 1945/2127/3102 1937/2101/3085
f 1937/2101/3085 1945/2127/3102 1936/2096/3081
f 2706/2153/3103 2707/1921/3104 2708/1922/3104
f 1936/2096/3081 1945/2127/3102 1909/2097/3043
f 2705/2154/3105 2707/1921/3104 2706/2153/3103
f 1909/2097/3043 1945/2127/3102 1908/2126/3042
f 1945/2127/3102 1946/2114/3106 1908/2126/3042
f 1908/2126/3042 1946/2114/3106 1929/2115/3068
f 2704/2155/3107 2705/2154/3105 2706/2153/3103
f 1929/2115/3068 1946/2114/3106 1942/2108/3093
f 2703/2156/3108 2705/2154/3105 2704/2155/3107
f 1942/2108/3093 1946/2114/3106 1943/2109/3099
f 2702/2157/3109 2703/2156/3108 2704/2155/3107
f 1943/2109/3099 1946/2114/3106 1944/2111/3101
f 1946/2114/3106 1945/2127/3102 1944/2111/3101
f 2699/2153/3110 2701/1922/3111 2700/1921/3111
f 2698/2154/3112 2699/2153/3110 2700/1921/3111
f 2697/2155/3113 2699/2153/3110 2698/2154/3112
f 2696/2158/3114 2697/2155/3113 2698/2154/3112
f 1947/2159/3115 1948/2160/3115 1949/2161/3115
f 2695/2157/3116 2697/2155/3113 2696/2158/3114
f 2691/2162/3117 2693/1941/3118 2694/2163/3119
f 2692/1935/3120 2693/1941/3118 2691/2162/3117
f 2690/2164/3121 2692/1935/3120 2691/2162/3117
f 1950/2165/3122 1952/2166/3122 1951/2167/3122
f 2689/2168/3123 2690/2164/3121 2691/2162/3117
f 2687/2169/3124 2690/2164/3121 2689/2168/3123
f 2688/2170/3125 2687/2169/3124 2689/2168/3123
f 2686/2171/3126 2687/2169/3124 2688/2170/3125
f 1953/2172/3127 1954/2173/3128 1955/2174/3129
f 2683/2175/3130 2685/2176/3131 2684/2010/3132
f 1955/2174/3129 1954/2173/3128 1956/2177/3133
f 2682/1935/3134 2683/2175/3130 2684/2010/3132
f 1956/2177/3133 1954/2173/3128 1957/2178/3135
f 1954/2173/3128 1958/2179/3136 1957/2178/3135
f 2681/2180/3137 2683/2175/3130 2682/1935/3134
f 1958/2179/3136 1959/2181/3138 1957/2178/3135
f 1957/2178/3135 1959/2181/3138 1960/2182/3139
f 1959/2181/3138 1961/2183/3140 1960/2182/3139
f 1960/2182/3139 1961/2183/3140 1962/2184/3141
f 2680/2164/3142 2681/2180/3137 2682/1935/3134
f 2679/2185/3143 2681/2180/3137 2680/2164/3142
f 2678/2169/3144 2679/2185/3143 2680/2164/3142
f 2677/2171/3145 2679/2185/3143 2678/2169/3144
f 1963/2186/3146 1965/2187/3147 1964/2188/3148
f 1964/2188/3148 1965/2187/3147 1966/2189/3149
f 1965/2187/3147 1967/2190/3150 1966/2189/3149
f 1966/2189/3149 1967/2190/3150 1968/2191/3151
f 2673/2192/3152 2675/1920/3153 2676/2193/3154
f 1968/2191/3151 1967/2190/3150 1969/2194/3155
f 2674/1941/3156 2675/1920/3153 2673/2192/3152
f 1969/2194/3155 1967/2190/3150 1970/2195/3157
f 1967/2190/3150 1971/2187/3158 1970/2195/3157
f 1970/2195/3157 1971/2187/3158 1972/2196/3159
f 1971/2187/3158 1973/2186/3160 1972/2196/3159
f 2672/2197/3161 2674/1941/3156 2673/2192/3152
f 2671/2198/3162 2672/2197/3161 2673/2192/3152
f 2669/2199/3163 2672/2197/3161 2671/2198/3162
f 2670/2200/3164 2669/2199/3163 2671/2198/3162
f 1974/2201/3165 1975/2202/3166 1976/2203/3165
f 2668/2204/3167 2669/2199/3163 2670/2200/3164
f 1976/2203/3165 1975/2202/3166 1977/2205/3168
f 2665/2206/3169 2667/2163/3170 2666/1941/3171
f 1977/2205/3168 1975/2202/3166 1978/2207/3172
f 1975/2202/3166 1979/2208/3173 1978/2207/3172
f 1978/2207/3172 1979/2208/3173 1980/2209/3174
f 1979/2208/3173 1981/2210/3175 1980/2209/3174
f 2664/2197/1854 2665/2206/3169 2666/1941/3171
f 1981/2210/3175 1982/2211/3176 1980/2209/3174
f 1980/2209/3174 1982/2211/3176 1983/2212/3177
f 2662/2213/3178 2665/2206/3169 2664/2197/1854
f 1983/2212/3177 1982/2211/3176 1984/2214/3179
f 1982/2211/3176 1985/2215/3180 1984/2214/3179
f 1984/2214/3179 1985/2215/3180 1986/2216/3181
f 1985/2215/3180 1987/2217/3182 1986/2216/3181
f 2663/2199/3183 2662/2213/3178 2664/2197/1854
f 1987/2217/3182 1988/2218/3184 1986/2216/3181
f 1986/2216/3181 1988/2218/3184 1989/2219/3185
f 1988/2218/3184 1990/2220/3186 1989/2219/3185
f 2661/2204/3187 2662/2213/3178 2663/2199/3183
f 2658/2221/3188 2660/1920/3189 2659/1923/3190
f 2657/2222/3191 2658/2221/3188 2659/1923/3190
f 2655/2223/3192 2658/2221/3188 2657/2222/3191
f 1991/2224/3193 1992/2225/3194 1993/2226/3195
f 2656/2227/3196 2655/2223/3192 2657/2222/3191
f 1993/2226/3195 1992/2225/3194 1994/2190/3197
f 1992/2225/3194 1995/2228/3198 1994/2190/3197
f 2654/2229/3199 2655/2223/3192 2656/2227/3196
f 1995/2228/3198 1996/2230/3200 1994/2190/3197
f 2651/2231/3201 2653/2193/3202 2652/1920/3203
f 1996/2230/3200 1997/2232/3204 1994/2190/3197
f 2650/2221/3205 2651/2231/3201 2652/1920/3203
f 1997/2232/3204 1998/2233/3206 1994/2190/3197
f 1994/2190/3197 1998/2233/3206 1999/2226/3207
f 1998/2233/3206 2000/2234/3208 1999/2226/3207
f 1999/2226/3207 2000/2234/3208 2001/2224/3209
f 2648/2235/3210 2651/2231/3201 2650/2221/3205
f 2649/2223/3211 2648/2235/3210 2650/2221/3205
f 2647/2229/3212 2648/2235/3210 2649/2223/3211
f 2643/2162/3213 2646/2163/3214 2645/1941/3215
f 2002/2236/3216 2004/2237/3217 2003/2238/3218
f 2003/2238/3218 2004/2237/3217 2005/2239/3219
f 2004/2237/3217 2006/2240/3220 2005/2239/3219
f 2005/2239/3219 2006/2240/3220 2007/2241/3221
f 2006/2240/3220 2008/2242/3222 2007/2241/3221
f 2007/2241/3221 2008/2242/3222 2009/2243/3223
f 2644/1935/3224 2643/2162/3213 2645/1941/3215
f 2009/2243/3223 2008/2242/3222 2010/2244/3225
f 2008/2242/3222 2011/2245/3226 2010/2244/3225
f 2642/2246/3227 2643/2162/3213 2644/1935/3224
f 2011/2245/3226 2012/2247/3228 2010/2244/3225
f 2010/2244/3225 2012/2247/3228 2013/2248/3229
f 2012/2247/3228 2014/2249/3230 2013/2248/3229
f 2641/2168/3231 2643/2162/3213 2642/2246/3227
f 2639/2169/3232 2641/2168/3231 2642/2246/3227
f 2640/2170/3233 2641/2168/3231 2639/2169/3232
f 2638/2171/3234 2640/2170/3233 2639/2169/3232
f 2015/2238/3235 2016/2250/3236 2017/2236/3237
f 2635/2175/3238 2636/2010/3239 2637/2176/3240
f 2017/2236/3237 2016/2250/3236 2018/2251/3241
f 2016/2250/3236 2019/2252/3242 2018/2251/3241
f 2018/2251/3241 2019/2252/3242 2020/2253/3243
f 2019/2252/3242 2021/2254/3244 2020/2253/3243
f 2020/2253/3243 2021/2254/3244 2022/2255/3245
f 2021/2254/3244 2023/2256/3246 2022/2255/3245
f 2022/2255/3245 2023/2256/3246 2024/2257/3247
f 2634/1935/3248 2636/2010/3239 2635/2175/3238
f 2633/2180/3249 2634/1935/3248 2635/2175/3238
f 2632/2246/3250 2634/1935/3248 2633/2180/3249
f 2631/2185/3251 2632/2246/3250 2633/2180/3249
f 2025/2258/3252 2027/2259/3253 2026/2260/3254
f 2026/2260/3254 2027/2259/3253 2028/2261/3255
f 2027/2259/3253 2029/2262/3256 2028/2261/3255
f 2630/2169/3257 2632/2246/3250 2631/2185/3251
f 2029/2262/3256 2030/2263/3258 2028/2261/3255
f 2028/2261/3255 2030/2263/3258 2031/2264/3259
f 2030/2263/3258 2032/2265/3260 2031/2264/3259
f 2031/2264/3259 2032/2265/3260 2033/2266/3261
f 2032/2265/3260 2034/2267/3262 2033/2266/3261
f 2629/2171/3263 2630/2169/3257 2631/2185/3251
f 2625/2192/3264 2628/2193/3265 2627/1920/3266
f 2626/1941/3267 2625/2192/3264 2627/1920/3266
f 2624/2197/3268 2625/2192/3264 2626/1941/3267
f 2035/2268/3269 2036/2269/3270 2037/2270/3271
f 2036/2269/3270 2038/2271/3272 2037/2270/3271
f 2037/2270/3271 2038/2271/3272 2039/2272/3273
f 2623/2198/3274 2625/2192/3264 2624/2197/3268
f 2039/2272/3273 2038/2271/3272 2040/2273/3275
f 2038/2271/3272 2041/2274/3276 2040/2273/3275
f 2040/2273/3275 2041/2274/3276 2042/2275/3277
f 2041/2274/3276 2043/2276/3278 2042/2275/3277
f 2042/2275/3277 2043/2276/3278 2044/2277/3279
f 2043/2276/3278 2045/2278/3280 2044/2277/3279
f 2044/2277/3279 2045/2278/3280 2046/2279/3281
f 2045/2278/3280 2047/2280/3282 2046/2279/3281
f 2046/2279/3281 2047/2280/3282 2048/2281/3283
f 2621/2199/3284 2623/2198/3274 2624/2197/3268
f 2622/2200/3285 2623/2198/3274 2621/2199/3284
f 2620/2204/3286 2622/2200/3285 2621/2199/3284
f 2617/2206/3287 2618/1941/3288 2619/2163/3289
f 2049/2282/3290 2051/2283/3291 2050/2284/3292
f 2050/2284/3292 2051/2283/3291 2052/2267/3293
f 2051/2283/3291 2053/2266/3294 2052/2267/3293
f 2616/2197/3295 2618/1941/3288 2617/2206/3287
f 2614/2213/3296 2616/2197/3295 2617/2206/3287
f 2615/2199/3297 2616/2197/3295 2614/2213/3296
f 2613/2204/3298 2615/2199/3297 2614/2213/3296
f 2054/2285/3299 2055/2286/3300 2056/2287/3301
f 2055/2286/3300 2057/2288/3302 2056/2287/3301
f 2056/2287/3301 2057/2288/3302 2058/2289/3303
f 2610/2221/3304 2611/1923/3305 2612/1920/3306
f 2609/2222/3307 2611/1923/3305 2610/2221/3304
f 2607/2223/3308 2609/2222/3307 2610/2221/3304
f 2608/2227/3309 2609/2222/3307 2607/2223/3308
f 2059/2290/3310 2061/2291/3311 2060/2292/3312
f 2060/2292/3312 2061/2291/3311 2062/2256/3313
f 2061/2291/3311 2063/2257/3314 2062/2256/3313
f 2606/2229/3315 2608/2227/3309 2607/2223/3308
f 2603/2231/3316 2604/1920/3317 2605/2193/3318
f 2602/2221/3319 2604/1920/3317 2603/2231/3316
f 2601/2235/3320 2602/2221/3319 2603/2231/3316
f 2064/2161/3321 2065/2293/3322 2066/2159/3323
f 2600/2223/3324 2602/2221/3319 2601/2235/3320
f 2066/2159/3323 2065/2293/3322 2067/2294/3325
f 2065/2293/3322 2068/2295/3326 2067/2294/3325
f 2067/2294/3325 2068/2295/3326 2069/2296/3327
f 2068/2295/3326 2070/2297/3328 2069/2296/3327
f 2069/2296/3327 2070/2297/3328 2071/2298/3329
f 2599/2229/3330 2600/2223/3324 2601/2235/3320
f 2071/2298/3329 2070/2297/3328 2072/2268/3331
f 2070/2297/3328 2073/2299/3332 2072/2268/3331
f 2072/2268/3331 2073/2299/3332 2074/2269/3333
f 2596/1765/3334 2598/1770/3334 2597/1761/3334
f 2593/1762/3335 2594/1769/3335 2595/1763/3335
f 2590/1770/3334 2592/1765/3334 2591/1761/3334
f 2587/1769/3335 2588/1762/3335 2589/1763/3335
f 2075/2183/3336 2077/2300/3337 2076/2184/3337
f 2076/2184/3337 2077/2300/3337 2078/2301/3338
f 2584/2010/3339 2586/2176/3339 2585/2009/3339
f 2581/2176/3340 2582/2010/3341 2583/2009/3341
f 2577/2302/3342 2579/2303/3343 2580/2304/3344
f 2578/2305/3345 2579/2303/3343 2577/2302/3342
f 2079/2259/3346 2081/2258/3347 2080/2306/3348
f 2080/2306/3348 2081/2258/3347 2082/2307/3349
f 2081/2258/3347 2083/2308/3350 2082/2307/3349
f 2575/2309/3351 2578/2305/3345 2577/2302/3342
f 2083/2308/3350 2084/2310/3352 2082/2307/3349
f 2082/2307/3349 2084/2310/3352 2085/2311/3353
f 2084/2310/3352 2086/2312/3354 2085/2311/3353
f 2085/2311/3353 2086/2312/3354 2087/2313/3355
f 2576/2314/3356 2575/2309/3351 2577/2302/3342
f 2087/2313/3355 2086/2312/3354 2088/2315/3357
f 2086/2312/3354 2089/2316/3358 2088/2315/3357
f 2574/2317/3359 2575/2309/3351 2576/2314/3356
f 2089/2316/3358 2090/2318/3360 2088/2315/3357
f 2088/2315/3357 2090/2318/3360 2091/2319/3361
f 2573/2320/3362 2575/2309/3351 2574/2317/3359
f 2571/2321/3363 2573/2320/3362 2574/2317/3359
f 2572/2322/3364 2573/2320/3362 2571/2321/3363
f 2569/2323/3365 2572/2322/3364 2571/2321/3363
f 2092/2218/3366 2094/2324/3367 2093/2220/3368
f 2570/2325/3369 2569/2323/3365 2571/2321/3363
f 2094/2324/3367 2095/2326/3370 2093/2220/3368
f 2093/2220/3368 2095/2326/3370 2096/2327/3371
f 2568/2259/3372 2569/2323/3365 2570/2325/3369
f 2096/2327/3371 2095/2326/3370 2097/2328/3373
f 2095/2326/3370 2098/2329/3374 2097/2328/3373
f 2097/2328/3373 2098/2329/3374 2099/2330/3375
f 2098/2329/3374 2100/2289/3376 2099/2330/3375
f 2099/2330/3375 2100/2289/3376 2101/2288/3377
f 2565/2331/3378 2567/2332/3379 2566/2333/3380
f 2563/2334/3381 2565/2331/3378 2566/2333/3380
f 2564/2335/3382 2565/2331/3378 2563/2334/3381
f 2562/2336/3383 2564/2335/3382 2563/2334/3381
f 2102/2166/3384 2104/2337/3385 2103/2167/3386
f 2561/2274/3387 2562/2336/3383 2563/2334/3381
f 2104/2337/3385 2105/2338/3388 2103/2167/3386
f 2103/2167/3386 2105/2338/3388 2106/2165/3389
f 2560/2339/3390 2562/2336/3383 2561/2274/3387
f 2559/2340/3391 2560/2339/3390 2561/2274/3387
f 2557/2341/3392 2560/2339/3390 2559/2340/3391
f 2558/2342/3393 2557/2341/3392 2559/2340/3391
f 2107/2343/3394 2109/2344/3394 2108/2345/3395
f 2556/2346/3396 2557/2341/3392 2558/2342/3393
f 2109/2344/3394 2110/2347/3397 2108/2345/3395
f 2108/2345/3395 2110/2347/3397 2111/2348/3398
f 2110/2347/3397 2112/2349/3399 2111/2348/3398
f 2111/2348/3398 2112/2349/3399 2113/2350/3400
f 2555/2351/3401 2557/2341/3392 2556/2346/3396
f 2113/2350/3400 2112/2349/3399 2114/2352/3402
f 2112/2349/3399 2115/2353/3402 2114/2352/3402
f 2554/2354/3403 2555/2351/3401 2556/2346/3396
f 2551/2355/3404 2553/2356/3405 2552/2357/3406
f 2550/2358/3407 2551/2355/3404 2552/2357/3406
f 2547/2220/3408 2549/2359/3409 2548/2360/3410
f 2111/2348/3398 2113/2350/3400 2108/2345/3395
f 2545/2361/3411 2547/2220/3408 2548/2360/3410
f 2108/2345/3395 2113/2350/3400 2116/2343/3412
f 2113/2350/3400 2117/2352/3412 2116/2343/3412
f 2546/2362/3413 2547/2220/3408 2545/2361/3411
f 2544/2363/3414 2546/2362/3413 2545/2361/3411
f 2543/2364/3415 2544/2363/3414 2545/2361/3411
f 2542/2365/3416 2544/2363/3414 2543/2364/3415
f 2112/2349/3399 2110/2347/3397 2118/2353/3417
f 2110/2347/3397 2119/2344/3417 2118/2353/3417
f 2541/2366/3418 2542/2365/3416 2543/2364/3415
f 2540/2367/3419 2542/2365/3416 2541/2366/3418
f 2538/2368/3420 2540/2367/3419 2541/2366/3418
f 2539/2369/3421 2540/2367/3419 2538/2368/3420
f 2120/2370/3422 2121/2371/3423 2122/2372/3424
f 2121/2371/3423 2123/2373/3425 2122/2372/3424
f 2537/2374/3426 2539/2369/3421 2538/2368/3420
f 2123/2373/3425 2124/2178/3427 2122/2372/3424
f 2122/2372/3424 2124/2178/3427 2125/2375/3428
f 2534/2376/3429 2535/2377/3430 2536/2378/3431
f 2125/2375/3428 2124/2178/3427 2126/2379/3432
f 2124/2178/3427 2127/2182/3433 2126/2379/3432
f 2126/2379/3432 2127/2182/3433 2128/2356/3434
f 2127/2182/3433 2129/2355/3435 2128/2356/3434
f 2532/2380/3436 2535/2377/3430 2534/2376/3429
f 2533/2381/3437 2532/2380/3436 2534/2376/3429
f 2531/2382/3438 2532/2380/3436 2533/2381/3437
f 2530/2383/3439 2532/2380/3436 2531/2382/3438
f 2130/2384/3440 2131/2385/3441 2132/2386/3442
f 2131/2385/3441 2133/2387/3443 2132/2386/3442
f 2132/2386/3442 2133/2387/3443 2134/2190/3444
f 2133/2387/3443 2135/2388/3445 2134/2190/3444
f 2529/2389/3446 2530/2383/3439 2531/2382/3438
f 2135/2388/3445 2136/2390/3447 2134/2190/3444
f 2527/2391/3448 2530/2383/3439 2529/2389/3446
f 2136/2390/3447 2137/2392/3449 2134/2190/3444
f 2134/2190/3444 2137/2392/3449 2138/2386/3450
f 2137/2392/3449 2139/2393/3451 2138/2386/3450
f 2138/2386/3450 2139/2393/3451 2140/2384/3452
f 2528/2394/3453 2527/2391/3448 2529/2389/3446
f 2526/2395/3454 2527/2391/3448 2528/2394/3453
f 2523/2396/3455 2525/2397/3456 2524/2398/3457
f 2522/2399/3458 2523/2396/3455 2524/2398/3457
f 2141/2400/650 2143/2203/3459 2142/2401/3460
f 2521/2402/3461 2523/2396/3455 2522/2399/3458
f 2143/2203/3459 2144/2403/3462 2142/2401/3460
f 2520/2404/3463 2521/2402/3461 2522/2399/3458
f 2144/2403/3462 2145/2405/3464 2142/2401/3460
f 2142/2401/3460 2145/2405/3464 2146/2406/3465
f 2519/2407/3466 2521/2402/3461 2520/2404/3463
f 2146/2406/3465 2145/2405/3464 2147/2408/3467
f 2145/2405/3464 2148/2409/3468 2147/2408/3467
f 2147/2408/3467 2148/2409/3468 2149/2410/3469
f 2148/2409/3468 2150/2411/3470 2149/2410/3469
f 2517/2412/3471 2519/2407/3466 2520/2404/3463
f 2150/2411/3470 2151/2413/3472 2149/2410/3469
f 2149/2410/3469 2151/2413/3472 2152/2414/3473
f 2151/2413/3472 2153/2415/3474 2152/2414/3473
f 2152/2414/3473 2153/2415/3474 2154/2416/3475
f 2518/2417/3476 2519/2407/3466 2517/2412/3471
f 2154/2416/3475 2153/2415/3474 2155/2359/3477
f 2153/2415/3474 2156/2219/3478 2155/2359/3477
f 2155/2359/3477 2156/2219/3478 2157/2220/3479
f 2516/2332/3480 2518/2417/3476 2517/2412/3471
f 2515/2299/3481 2516/2332/3480 2517/2412/3471
f 2514/2333/3482 2516/2332/3480 2515/2299/3481
f 2511/2418/3483 2512/2419/3484 2513/2420/3485
f 2158/2421/3486 2160/2422/3487 2159/2423/3488
f 2510/2424/3489 2512/2419/3484 2511/2418/3483
f 2160/2422/3487 2161/2190/3490 2159/2423/3488
f 2159/2423/3488 2161/2190/3490 2162/2425/3491
f 2509/2426/3492 2510/2424/3489 2511/2418/3483
f 2162/2425/3491 2161/2190/3490 2163/2427/3493
f 2508/2428/3494 2510/2424/3489 2509/2426/3492
f 2163/2427/3493 2161/2190/3490 2164/2429/3495
f 2507/2430/3496 2508/2428/3494 2509/2426/3492
f 2164/2429/3495 2161/2190/3490 2165/2431/3497
f 2161/2190/3490 2166/2422/3498 2165/2431/3497
f 2165/2431/3497 2166/2422/3498 2167/2432/3499
f 2166/2422/3498 2168/2421/3500 2167/2432/3499
f 2506/2433/3501 2508/2428/3494 2507/2430/3496
f 2504/2434/3502 2506/2433/3501 2507/2430/3496
f 2505/2435/3503 2506/2433/3501 2504/2434/3502
f 2502/2259/3504 2505/2435/3503 2504/2434/3502
f 2169/2394/2288 2170/2395/3505 2171/2436/3506
f 2170/2395/3505 2172/2437/3507 2171/2436/3506
f 2171/2436/3506 2172/2437/3507 2173/2438/3508
f 2172/2437/3507 2174/2439/3509 2173/2438/3508
f 2173/2438/3508 2174/2439/3509 2175/2440/3510
f 2174/2439/3509 2176/2441/3511 2175/2440/3510
f 2175/2440/3510 2176/2441/3511 2177/2442/3512
f 2176/2441/3511 2178/2443/3513 2177/2442/3512
f 2177/2442/3512 2178/2443/3513 2179/2444/3514
f 2178/2443/3513 2180/2445/3515 2179/2444/3514
f 2179/2444/3514 2180/2445/3515 2181/2446/3516
f 2180/2445/3515 2182/2447/3517 2181/2446/3516
f 2181/2446/3516 2182/2447/3517 2183/2448/3518
f 2503/2449/3519 2502/2259/3504 2504/2434/3502
f 2501/2323/3520 2502/2259/3504 2503/2449/3519
f 2498/2446/3521 2500/2448/3522 2499/2447/3523
f 2497/2445/3524 2498/2446/3521 2499/2447/3523
f 2184/2323/3525 2186/2449/3526 2185/2259/3527
f 2496/2444/3528 2498/2446/3521 2497/2445/3524
f 2186/2449/3526 2187/2434/3529 2185/2259/3527
f 2185/2259/3527 2187/2434/3529 2188/2435/3530
f 2495/2443/3531 2496/2444/3528 2497/2445/3524
f 2188/2435/3530 2187/2434/3529 2189/2433/3532
f 2187/2434/3529 2190/2430/3533 2189/2433/3532
f 2189/2433/3532 2190/2430/3533 2191/2428/3534
f 2190/2430/3533 2192/2426/3535 2191/2428/3534
f 2191/2428/3534 2192/2426/3535 2193/2424/3536
f 2192/2426/3535 2194/2418/3537 2193/2424/3536
f 2193/2424/3536 2194/2418/3537 2195/2419/3538
f 2194/2418/3537 2196/2420/3539 2195/2419/3538
f 2494/2442/3540 2496/2444/3528 2495/2443/3531
f 2493/2441/3541 2494/2442/3540 2495/2443/3531
f 2492/2440/3542 2494/2442/3540 2493/2441/3541
f 2491/2439/3543 2492/2440/3542 2493/2441/3541
f 2197/2333/3544 2198/2299/3545 2199/2332/3546
f 2198/2299/3545 2200/2412/3547 2199/2332/3546
f 2199/2332/3546 2200/2412/3547 2201/2417/3548
f 2490/2438/3549 2492/2440/3542 2491/2439/3543
f 2201/2417/3548 2200/2412/3547 2202/2407/3550
f 2200/2412/3547 2203/2404/3551 2202/2407/3550
f 2202/2407/3550 2203/2404/3551 2204/2402/3552
f 2203/2404/3551 2205/2399/3553 2204/2402/3552
f 2204/2402/3552 2205/2399/3553 2206/2396/3554
f 2205/2399/3553 2207/2398/3555 2206/2396/3554
f 2206/2396/3554 2207/2398/3555 2208/2397/3556
f 2489/2437/3557 2490/2438/3549 2491/2439/3543
f 2488/2436/3558 2490/2438/3549 2489/2437/3557
f 2487/2395/3559 2488/2436/3558 2489/2437/3557
f 2486/2394/2198 2488/2436/3558 2487/2395/3559
f 2209/2395/3560 2211/2394/3561 2210/2391/3562
f 2483/2422/3563 2484/2432/3564 2485/2421/3565
f 2211/2394/3561 2212/2389/3566 2210/2391/3562
f 2210/2391/3562 2212/2389/3566 2213/2383/3567
f 2212/2389/3566 2214/2382/3568 2213/2383/3567
f 2213/2383/3567 2214/2382/3568 2215/2380/3569
f 2214/2382/3568 2216/2381/3570 2215/2380/3569
f 2482/2431/3571 2484/2432/3564 2483/2422/3563
f 2216/2381/3570 2217/2376/3572 2215/2380/3569
f 2215/2380/3569 2217/2376/3572 2218/2377/3573
f 2217/2376/3572 2219/2378/3574 2218/2377/3573
f 2478/2190/3575 2482/2431/3571 2483/2422/3563
f 2481/2429/3576 2482/2431/3571 2478/2190/3575
f 2480/2427/3577 2481/2429/3576 2478/2190/3575
f 2479/2425/3578 2480/2427/3577 2478/2190/3575
f 2220/2374/3579 2221/2368/3580 2222/2369/3581
f 2476/2423/3582 2479/2425/3578 2478/2190/3575
f 2222/2369/3581 2221/2368/3580 2223/2367/3583
f 2221/2368/3580 2224/2366/3584 2223/2367/3583
f 2223/2367/3583 2224/2366/3584 2225/2365/3585
f 2224/2366/3584 2226/2364/3586 2225/2365/3585
f 2225/2365/3585 2226/2364/3586 2227/2363/3587
f 2226/2364/3586 2228/2361/3588 2227/2363/3587
f 2227/2363/3587 2228/2361/3588 2229/2362/3589
f 2477/2422/3590 2476/2423/3582 2478/2190/3575
f 2229/2362/3589 2228/2361/3588 2230/2220/3591
f 2228/2361/3588 2231/2360/3592 2230/2220/3591
f 2230/2220/3591 2231/2360/3592 2232/2359/3593
f 2475/2421/3594 2476/2423/3582 2477/2422/3590
f 2472/2359/3595 2474/2220/3596 2473/2219/3597
f 2470/2415/3598 2472/2359/3595 2473/2219/3597
f 2471/2416/3599 2472/2359/3595 2470/2415/3598
f 2233/2358/3600 2235/2357/3601 2234/2355/3602
f 2234/2355/3602 2235/2357/3601 2236/2356/3603
f 2469/2414/3604 2471/2416/3599 2470/2415/3598
f 2468/2413/3605 2469/2414/3604 2470/2415/3598
f 2466/2410/3606 2469/2414/3604 2468/2413/3605
f 2467/2411/3607 2466/2410/3606 2468/2413/3605
f 2237/2354/3608 2239/2346/3609 2238/2351/3610
f 2238/2351/3610 2239/2346/3609 2240/2341/3611
f 2239/2346/3609 2241/2342/3612 2240/2341/3611
f 2465/2409/3613 2466/2410/3606 2467/2411/3607
f 2241/2342/3612 2242/2340/3614 2240/2341/3611
f 2240/2341/3611 2242/2340/3614 2243/2339/3615
f 2242/2340/3614 2244/2274/3616 2243/2339/3615
f 2243/2339/3615 2244/2274/3616 2245/2336/3617
f 2244/2274/3616 2246/2334/3618 2245/2336/3617
f 2245/2336/3617 2246/2334/3618 2247/2335/3619
f 2464/2408/3620 2466/2410/3606 2465/2409/3613
f 2247/2335/3619 2246/2334/3618 2248/2331/3621
f 2246/2334/3618 2249/2333/3622 2248/2331/3621
f 2248/2331/3621 2249/2333/3622 2250/2332/3623
f 2462/2405/3624 2464/2408/3620 2465/2409/3613
f 2463/2406/3625 2464/2408/3620 2462/2405/3624
f 2459/2401/3626 2463/2406/3625 2462/2405/3624
f 2461/2403/3627 2459/2401/3626 2462/2405/3624
f 2251/2259/3628 2253/2325/3629 2252/2323/3630
f 2460/2203/3631 2459/2401/3626 2461/2403/3627
f 2253/2325/3629 2254/2321/3632 2252/2323/3630
f 2252/2323/3630 2254/2321/3632 2255/2322/3633
f 2458/2400/666 2459/2401/3626 2460/2203/3631
f 2255/2322/3633 2254/2321/3632 2256/2320/3634
f 2254/2321/3632 2257/2317/3635 2256/2320/3634
f 2256/2320/3634 2257/2317/3635 2258/2309/3636
f 2257/2317/3635 2259/2314/3637 2258/2309/3636
f 2455/2386/3638 2457/2384/3639 2456/2393/3640
f 2259/2314/3637 2260/2302/3641 2258/2309/3636
f 2258/2309/3636 2260/2302/3641 2261/2305/3642
f 2454/2392/3643 2455/2386/3638 2456/2393/3640
f 2261/2305/3642 2260/2302/3641 2262/2303/3644
f 2260/2302/3641 2263/2304/3645 2262/2303/3644
f 2451/2190/3646 2455/2386/3638 2454/2392/3643
f 2453/2390/3647 2451/2190/3646 2454/2392/3643
f 2452/2388/3648 2451/2190/3646 2453/2390/3647
f 2450/2387/3649 2451/2190/3646 2452/2388/3648
f 2264/2160/3650 2265/2159/3650 2266/2161/3650
f 2449/2386/3651 2451/2190/3646 2450/2387/3649
f 2448/2385/3652 2449/2386/3651 2450/2387/3649
f 2447/2384/3653 2449/2386/3651 2448/2385/3652
f 2444/2182/3654 2445/2356/3655 2446/2355/3656
f 2267/2166/3657 2269/2165/3657 2268/2167/3657
f 2443/2379/3658 2445/2356/3655 2444/2182/3654
f 2441/2178/3659 2443/2379/3658 2444/2182/3654
f 2442/2375/3660 2443/2379/3658 2441/2178/3659
f 2439/2372/3661 2442/2375/3660 2441/2178/3659
f 2270/2172/3662 2271/2174/3663 2272/2173/3664
f 2271/2174/3663 2273/2177/3665 2272/2173/3664
f 2440/2373/3666 2439/2372/3661 2441/2178/3659
f 2273/2177/3665 2274/2178/3667 2272/2173/3664
f 2272/2173/3664 2274/2178/3667 2275/2179/3668
f 2438/2371/3669 2439/2372/3661 2440/2373/3666
f 2275/2179/3668 2274/2178/3667 2276/2181/3670
f 2274/2178/3667 2277/2182/3671 2276/2181/3670
f 2276/2181/3670 2277/2182/3671 2278/2183/3672
f 2277/2182/3671 2279/2184/3673 2278/2183/3672
f 2437/2370/3674 2439/2372/3661 2438/2371/3669
f 2427/2347/3675 2435/2353/3676 2436/2344/3676
f 2429/2349/3677 2435/2353/3676 2427/2347/3675
f 2430/2350/3678 2433/2343/3679 2434/2352/3679
f 2280/2186/3680 2281/2188/3681 2282/2187/3682
f 2281/2188/3681 2283/2189/3683 2282/2187/3682
f 2282/2187/3682 2283/2189/3683 2284/2190/3684
f 2283/2189/3683 2285/2191/3685 2284/2190/3684
f 2425/2345/3686 2433/2343/3679 2430/2350/3678
f 2285/2191/3685 2286/2194/3687 2284/2190/3684
f 2428/2348/3688 2425/2345/3686 2430/2350/3678
f 2286/2194/3687 2287/2195/3689 2284/2190/3684
f 2284/2190/3684 2287/2195/3689 2288/2187/3690
f 2287/2195/3689 2289/2196/3691 2288/2187/3690
f 2288/2187/3690 2289/2196/3691 2290/2186/3692
f 2429/2349/3677 2431/2352/3693 2432/2353/3693
f 2430/2350/3678 2431/2352/3693 2429/2349/3677
f 2428/2348/3688 2430/2350/3678 2429/2349/3677
f 2427/2347/3675 2428/2348/3688 2429/2349/3677
f 2291/2201/3694 2293/2203/3694 2292/2202/3695
f 2425/2345/3686 2428/2348/3688 2427/2347/3675
f 2293/2203/3694 2294/2205/3696 2292/2202/3695
f 2426/2344/3697 2425/2345/3686 2427/2347/3675
f 2294/2205/3696 2295/2207/3698 2292/2202/3695
f 2292/2202/3695 2295/2207/3698 2296/2208/3699
f 2295/2207/3698 2297/2209/3700 2296/2208/3699
f 2296/2208/3699 2297/2209/3700 2298/2210/3701
f 2424/2343/3697 2425/2345/3686 2426/2344/3697
f 2298/2210/3701 2297/2209/3700 2299/2211/3702
f 2297/2209/3700 2300/2212/3703 2299/2211/3702
f 2420/2167/3704 2423/2165/3705 2422/2338/3706
f 2300/2212/3703 2301/2214/3707 2299/2211/3702
f 2299/2211/3702 2301/2214/3707 2302/2215/3708
f 2301/2214/3707 2303/2216/3709 2302/2215/3708
f 2302/2215/3708 2303/2216/3709 2304/2217/3710
f 2421/2337/3711 2420/2167/3704 2422/2338/3706
f 2304/2217/3710 2303/2216/3709 2305/2218/3712
f 2303/2216/3709 2306/2219/3713 2305/2218/3712
f 2305/2218/3712 2306/2219/3713 2307/2220/3714
f 2419/2166/3715 2420/2167/3704 2421/2337/3711
f 2416/2330/3716 2418/2288/3717 2417/2289/3718
f 2415/2329/3719 2416/2330/3716 2417/2289/3718
f 2414/2328/3720 2416/2330/3716 2415/2329/3719
f 2308/2224/3721 2310/2226/3722 2309/2225/3723
f 2412/2326/3724 2414/2328/3720 2415/2329/3719
f 2310/2226/3722 2311/2190/3725 2309/2225/3723
f 2309/2225/3723 2311/2190/3725 2312/2228/3726
f 2413/2327/3727 2414/2328/3720 2412/2326/3724
f 2312/2228/3726 2311/2190/3725 2313/2230/3728
f 2410/2220/3729 2413/2327/3727 2412/2326/3724
f 2313/2230/3728 2311/2190/3725 2314/2232/3730
f 2411/2324/3731 2410/2220/3729 2412/2326/3724
f 2314/2232/3730 2311/2190/3725 2315/2233/3732
f 2311/2190/3725 2316/2226/3733 2315/2233/3732
f 2315/2233/3732 2316/2226/3733 2317/2234/3734
f 2316/2226/3733 2318/2224/3735 2317/2234/3734
f 2409/2218/3736 2410/2220/3729 2411/2324/3731
f 2405/2315/3737 2408/2319/3738 2407/2318/3739
f 2406/2316/3740 2405/2315/3737 2407/2318/3739
f 2403/2312/3741 2405/2315/3737 2406/2316/3740
f 2319/2236/3742 2320/2238/3743 2321/2237/3744
f 2320/2238/3743 2322/2239/3745 2321/2237/3744
f 2321/2237/3744 2322/2239/3745 2323/2240/3746
f 2322/2239/3745 2324/2241/3747 2323/2240/3746
f 2323/2240/3746 2324/2241/3747 2325/2242/3748
f 2324/2241/3747 2326/2243/3749 2325/2242/3748
f 2404/2313/3750 2405/2315/3737 2403/2312/3741
f 2326/2243/3749 2327/2244/3751 2325/2242/3748
f 2325/2242/3748 2327/2244/3751 2328/2245/3752
f 2402/2311/3753 2404/2313/3750 2403/2312/3741
f 2328/2245/3752 2327/2244/3751 2329/2247/3754
f 2327/2244/3751 2330/2248/3755 2329/2247/3754
f 2329/2247/3754 2330/2248/3755 2331/2249/3756
f 2401/2310/3757 2402/2311/3753 2403/2312/3741
f 2399/2307/3758 2402/2311/3753 2401/2310/3757
f 2400/2308/3759 2399/2307/3758 2401/2310/3757
f 2398/2258/3760 2399/2307/3758 2400/2308/3759
f 2332/2238/3761 2334/2236/3762 2333/2250/3763
f 2397/2306/3764 2399/2307/3758 2398/2258/3760
f 2334/2236/3762 2335/2251/3765 2333/2250/3763
f 2333/2250/3763 2335/2251/3765 2336/2252/3766
f 2335/2251/3765 2337/2253/3767 2336/2252/3766
f 2336/2252/3766 2337/2253/3767 2338/2254/3768
f 2337/2253/3767 2339/2255/3769 2338/2254/3768
f 2338/2254/3768 2339/2255/3769 2340/2256/3770
f 2339/2255/3769 2341/2257/3771 2340/2256/3770
f 2396/2259/3772 2397/2306/3764 2398/2258/3760
f 2393/2184/3773 2395/2301/3774 2394/2300/3775
f 2392/2183/3776 2393/2184/3773 2394/2300/3775
f 2389/2268/3777 2391/2269/3778 2390/2299/3779
f 2342/2258/3780 2343/2260/3781 2344/2259/3782
f 2343/2260/3781 2345/2261/3783 2344/2259/3782
f 2344/2259/3782 2345/2261/3783 2346/2262/3784
f 2387/2297/3785 2389/2268/3777 2390/2299/3779
f 2346/2262/3784 2345/2261/3783 2347/2263/3786
f 2345/2261/3783 2348/2264/3787 2347/2263/3786
f 2347/2263/3786 2348/2264/3787 2349/2265/3788
f 2348/2264/3787 2350/2266/3789 2349/2265/3788
f 2349/2265/3788 2350/2266/3789 2351/2267/3790
f 2388/2298/3791 2389/2268/3777 2387/2297/3785
f 2386/2296/3792 2388/2298/3791 2387/2297/3785
f 2385/2295/3793 2386/2296/3792 2387/2297/3785
f 2384/2294/3794 2386/2296/3792 2385/2295/3793
f 2352/2268/3795 2354/2270/3796 2353/2269/3797
f 2353/2269/3797 2354/2270/3796 2355/2271/3798
f 2354/2270/3796 2356/2272/3799 2355/2271/3798
f 2382/2293/3800 2384/2294/3794 2385/2295/3793
f 2356/2272/3799 2357/2273/3801 2355/2271/3798
f 2355/2271/3798 2357/2273/3801 2358/2274/3802
f 2357/2273/3801 2359/2275/3803 2358/2274/3802
f 2358/2274/3802 2359/2275/3803 2360/2276/3804
f 2359/2275/3803 2361/2277/3805 2360/2276/3804
f 2360/2276/3804 2361/2277/3805 2362/2278/3806
f 2361/2277/3805 2363/2279/3807 2362/2278/3806
f 2362/2278/3806 2363/2279/3807 2364/2280/3808
f 2363/2279/3807 2365/2281/3809 2364/2280/3808
f 2383/2159/3810 2384/2294/3794 2382/2293/3800
f 2381/2161/3811 2383/2159/3810 2382/2293/3800
f 2378/2291/3812 2379/2256/3813 2380/2257/3814
f 2377/2292/3815 2379/2256/3813 2378/2291/3812
f 2366/2282/3816 2367/2284/3817 2368/2283/3818
f 2367/2284/3817 2369/2267/3819 2368/2283/3818
f 2368/2283/3818 2369/2267/3819 2370/2266/3820
f 2376/2290/3821 2377/2292/3815 2378/2291/3812
f 2373/2287/3822 2375/2289/3823 2374/2288/3824
f 2372/2286/3825 2373/2287/3822 2374/2288/3824
f 2371/2285/3826 2373/2287/3822 2372/2286/3825
