# Blender 4.5.10 LTS
# www.blender.org
mtllib miku2.mtl
o miku2
v -0.597245 0.424870 17.743168
v -0.718896 0.591863 17.832893
v -0.662387 0.285209 17.652336
v -0.954350 0.313627 17.668398
v -0.831129 0.142602 17.411406
v -1.086205 0.573941 17.798555
v -0.790317 0.903702 17.906004
v -1.137220 0.886933 17.826801
v -1.358940 0.579830 17.723230
v -1.394258 0.877524 17.741507
v -1.515909 0.587575 17.601379
v -1.554759 0.871571 17.614674
v -1.666992 0.599672 17.395899
v -1.690930 0.859858 17.406975
v -1.794923 0.618490 17.217556
v -1.820430 0.854865 17.223093
v -2.008401 0.620602 16.988256
v -2.023313 0.833615 17.006535
v -1.912650 0.431655 16.905178
v -1.672486 0.427879 17.156076
v -1.748224 0.356064 16.759514
v -1.467641 0.338846 17.006535
v -1.612838 0.490477 16.638218
v -1.331862 0.485613 16.886900
v -1.540239 0.765640 16.572308
v -1.268682 0.763720 16.817114
v -1.111320 0.768969 16.938963
v -1.160765 0.476268 17.054167
v -1.283594 0.297306 17.213678
v -1.530429 0.403492 17.326666
v -1.375814 0.371297 17.528271
v -1.191374 0.342878 17.623535
v -0.988884 0.186191 17.369312
v -0.957882 0.081860 17.236940
v -1.052456 0.166157 17.123953
v -1.057558 0.059330 17.036997
v -1.101509 0.090565 16.905178
v -1.123093 0.258390 16.950594
v -1.139967 0.165260 16.737358
v -1.178424 0.370593 16.763945
v -1.177247 0.334173 16.592802
v -1.193729 0.705154 16.455444
v -1.197261 0.741766 16.717974
v -1.101509 0.454889 16.963333
v -1.120738 0.768009 16.898533
v -1.130549 0.287193 17.114538
v -1.147815 0.248021 17.338297
v 0.000025 1.382406 16.496429
v 0.000025 1.452813 16.919579
v -0.346486 1.384134 16.487015
v -0.357081 1.460494 16.906839
v -0.710263 1.435019 16.879147
v -0.729884 1.330241 16.476490
v -0.910399 1.357124 16.850901
v -1.041076 1.111467 16.472614
v -1.056773 1.243256 16.882469
v -1.126624 1.103018 16.888008
v -1.086990 1.275067 17.113983
v -0.998694 1.339010 17.140570
v -1.193729 0.705154 16.455444
v -1.197261 0.741766 16.717974
v -1.120738 0.768009 16.898533
v -1.154487 1.093289 16.983273
v -1.111320 0.768969 16.938963
v -1.123485 1.194996 17.075212
v -1.351483 1.235960 17.235832
v -1.244352 1.252729 17.363775
v -1.141537 1.269179 17.447407
v -0.862523 1.391111 17.195400
v -0.670235 1.422538 17.251341
v -0.353942 1.456398 17.302296
v 0.000025 1.450061 17.322788
v -0.157730 1.411913 17.466238
v -0.069434 1.387463 17.600273
v 0.000025 1.390727 17.599718
v 0.000025 1.349635 17.699966
v -0.347663 1.374597 17.595287
v -0.683970 1.338754 17.557072
v -0.586257 1.304446 17.649012
v -0.648652 1.169777 17.796892
v -0.720858 1.153199 17.784708
v -0.790317 0.903702 17.906004
v -1.137220 0.886933 17.826801
v -1.028911 1.130925 17.715475
v -1.394258 0.877524 17.741507
v -1.277708 1.116780 17.615780
v -1.554759 0.871571 17.614674
v -1.413094 1.107179 17.500578
v -1.530429 1.089257 17.334419
v -1.690930 0.859858 17.406975
v -1.820430 0.854865 17.223093
v -1.693285 1.053605 17.148323
v -2.023313 0.833615 17.006535
v -1.921676 1.021922 16.916256
v -1.518264 1.185331 17.039766
v -1.330293 1.074407 16.869732
v -1.268682 0.763720 16.817114
v -1.540239 0.765640 16.572308
v -1.614015 1.050597 16.637665
v -1.781973 1.139502 16.793852
v 0.597294 0.424870 17.744276
v 0.718946 0.591863 17.834002
v 0.662437 0.285209 17.652889
v 0.954400 0.313627 17.669504
v 0.830786 0.142602 17.411961
v 0.988933 0.186191 17.371529
v 0.957932 0.081860 17.237494
v 1.052506 0.166157 17.126169
v 1.057608 0.059330 17.036997
v 1.101559 0.090565 16.905178
v 1.123142 0.258390 16.951702
v 1.140017 0.165260 16.737358
v 1.178474 0.370593 16.763945
v 1.177297 0.334173 16.592802
v 1.193779 0.705154 16.455444
v 1.197310 0.741766 16.717974
v 1.101559 0.454889 16.965549
v 1.120788 0.768009 16.900747
v 1.111370 0.768969 16.940626
v 1.160815 0.476268 17.055828
v 1.130598 0.287193 17.116199
v 1.147865 0.248021 17.339958
v 1.191424 0.342878 17.625750
v 1.086254 0.573941 17.800217
v 0.790367 0.903702 17.907665
v 1.137662 0.886933 17.828463
v 1.359382 0.579830 17.724892
v 1.394307 0.877524 17.743168
v -0.911576 1.303614 17.513870
v 1.375863 0.371297 17.529932
v 1.283644 0.297306 17.215893
v 1.331912 0.485613 16.888563
v 1.268732 0.763720 16.819330
v 1.540289 0.765640 16.573971
v 1.612888 0.490477 16.640432
v 1.467691 0.338846 17.008196
v 1.748274 0.356064 16.761175
v 1.672536 0.427879 17.157738
v 1.912699 0.431655 16.907394
v 1.530478 0.403492 17.328880
v 1.515959 0.587575 17.603043
v 1.554809 0.871571 17.616335
v 1.667042 0.599672 17.397560
v 2.023363 0.833615 17.008196
v 1.820872 0.854865 17.225309
v 2.008451 0.620602 16.989920
v 1.794972 0.618490 17.219217
v 1.690980 0.859858 17.409191
v 0.000025 1.382406 16.496429
v 0.000025 1.452813 16.919579
v 0.346535 1.384134 16.487015
v 0.357131 1.460494 16.906839
v 0.710312 1.435019 16.879702
v 0.353991 1.456398 17.302849
v 0.000025 1.450061 17.322788
v 0.157779 1.411913 17.466238
v 0.069484 1.387463 17.600273
v 0.000025 1.390727 17.599718
v 0.000025 1.349635 17.699966
v 0.729933 1.330241 16.476490
v 0.347320 1.374597 17.595842
v 0.670285 1.422538 17.251894
v 0.684020 1.338754 17.558180
v 0.586306 1.304446 17.650120
v 0.648702 1.169777 17.798000
v 0.720908 1.153263 17.785816
v 0.790367 0.903702 17.907665
v 1.137662 0.886933 17.828463
v 1.028961 1.130925 17.717136
v 1.394307 0.877524 17.743168
v 1.277757 1.116780 17.617443
v 1.554809 0.871571 17.616335
v 1.413144 1.107179 17.502239
v 1.690980 0.859858 17.409191
v 0.911626 1.303614 17.516087
v 0.862573 1.391111 17.196508
v 0.910448 1.357124 16.851454
v 1.041126 1.111467 16.472614
v 1.056823 1.243256 16.882469
v 0.998744 1.339010 17.142231
v 1.141586 1.269179 17.449068
v 1.244401 1.252729 17.365437
v 1.087039 1.275067 17.116199
v 1.351533 1.235960 17.238049
v 1.530478 1.089257 17.336081
v 1.820872 0.854865 17.225309
v 1.693334 1.053605 17.150537
v 2.023363 0.833615 17.008196
v 1.921725 1.021922 16.918470
v 1.518313 1.185331 17.041428
v 1.123535 1.194996 17.077429
v 1.126674 1.103018 16.888563
v 1.197310 0.741766 16.717974
v 1.193779 0.705154 16.455444
v 1.120788 0.768009 16.900747
v 1.154536 1.093289 16.984934
v 1.330342 1.074407 16.871393
v 1.614065 1.050597 16.639326
v 1.540289 0.765640 16.573971
v 1.268732 0.763720 16.819330
v 1.111370 0.768969 16.940626
v 1.782415 1.139502 16.795513
v -4.712987 0.942490 13.837348
v -5.035560 0.918936 13.507247
v -4.832284 0.873875 13.952551
v -5.132096 0.860498 13.594203
v -4.887616 0.744966 14.006275
v -5.188998 0.722116 13.644605
v -4.867210 0.565108 13.986336
v -5.169376 0.561140 13.627435
v -4.785586 0.441576 13.907134
v -5.099525 0.454441 13.564849
v -4.675707 0.394851 13.800793
v -5.000634 0.396643 13.473462
v -4.590943 0.491949 13.719376
v -4.907238 0.484396 13.393706
v -5.128172 0.382498 13.334997
v -5.012407 0.447656 13.242502
v -5.180757 0.923416 13.356044
v -5.262381 0.862930 13.413645
v -5.283964 0.976861 13.255795
v -5.329093 0.709635 13.467369
v -5.304763 0.546354 13.456292
v -5.234127 0.422374 13.404783
v -5.361272 0.889429 13.305642
v -5.431516 0.702210 13.371552
v -5.412287 0.533553 13.360475
v -5.488025 0.915735 13.161638
v -5.572788 0.710083 13.219240
v -5.615562 0.950491 13.012650
v -5.515887 1.071847 12.985511
v -5.630475 1.053029 12.917940
v -5.572788 1.099114 12.880278
v -5.670502 1.097129 12.843169
v -5.632044 1.113451 12.811599
v -5.817661 1.165616 12.695843
v -5.766646 1.187762 12.642118
v -5.401299 1.028770 13.127853
v -5.734467 1.024802 12.862555
v -5.725834 0.950043 12.916832
v -5.731328 0.971677 12.814368
v -5.852194 1.097577 12.686427
v -5.874562 1.114923 12.648211
v -5.838852 1.182258 12.657626
v -5.906349 1.223990 12.562362
v -5.859650 1.240120 12.517499
v -5.928325 1.238199 12.527469
v -5.917729 1.279227 12.449928
v -5.971491 1.274747 12.454913
v -5.986796 1.310847 12.392880
v -6.013873 1.311039 12.383465
v -5.834143 1.052901 12.618302
v -5.939312 1.163632 12.552946
v -5.958541 1.183154 12.518607
v -6.001316 1.216565 12.444943
v -5.975808 1.167472 12.436636
v -6.028393 1.222262 12.379034
v -6.042912 1.249657 12.374049
v -5.918514 1.120172 12.495899
v -5.238051 0.328285 13.226994
v -5.343613 0.394147 13.303981
v -5.560231 0.515631 13.217578
v -5.716415 0.722692 13.060836
v -5.782343 0.852369 12.916832
v -5.820408 0.912855 12.850369
v -5.757620 0.940250 12.794983
v -6.007987 0.967900 12.607779
v -5.946768 0.990367 12.537438
v -5.063815 0.359456 13.106807
v -5.863575 0.820110 12.854800
v -5.840029 0.732101 12.921264
v -5.847093 0.760200 12.780029
v -6.041343 0.883348 12.612763
v -6.037418 0.977757 12.561255
v -6.130423 1.005344 12.438297
v -6.077838 1.023138 12.380142
v -6.071559 0.894037 12.565685
v -6.014658 0.821966 12.541315
v -6.162994 0.930393 12.440513
v -6.158678 1.013345 12.397312
v -6.157500 1.047140 12.303709
v -6.221465 1.037923 12.308694
v -6.245011 1.066918 12.234477
v -6.284253 1.062310 12.221738
v -6.135132 0.875923 12.379588
v -6.188894 0.944538 12.398973
v -6.250897 0.968348 12.309248
v -6.208123 0.911831 12.302048
v -6.285430 0.957723 12.236692
v -6.312508 0.991839 12.222292
v -5.719555 0.495533 13.061944
v -5.498228 0.362272 13.170501
v -5.388349 0.268375 13.105145
v -5.223139 0.215121 13.049759
v -5.114437 0.266582 12.968895
v -5.125032 0.352415 12.910740
v -5.180757 0.166540 12.834861
v -5.216860 0.262358 12.731289
v -5.196454 0.138698 12.788337
v -5.230987 0.109319 12.708027
v -5.252571 0.213905 12.632149
v -5.292205 0.143818 12.518053
v -5.269444 0.062402 12.602240
v -5.289066 0.037631 12.551839
v -5.318105 0.090245 12.433867
v -5.313396 0.006524 12.494791
v -5.338511 0.033983 12.364634
v -5.349107 -0.027719 12.393435
v -5.379716 -0.073164 12.295402
v -5.421313 -0.059530 12.441067
v -5.380108 -0.019974 12.539654
v -5.359310 0.010621 12.603348
v -5.342043 0.034111 12.655411
v -5.306725 0.078659 12.762859
v -5.444858 0.080964 12.621071
v -5.406401 0.147658 12.777814
v -5.415034 0.189327 12.887478
v -5.274546 0.108743 12.848707
v -5.263166 0.133513 12.890801
v -5.567295 0.260118 12.938433
v -5.664223 0.332957 13.024282
v -5.717985 0.264726 12.820460
v -5.818053 0.312731 12.902432
v -5.834535 0.255445 12.735721
v -5.863182 0.475179 12.926802
v -5.865144 0.603000 12.927910
v -5.917729 0.677695 12.845939
v -5.858866 0.710595 12.766736
v -6.107662 0.663742 12.587839
v -6.057825 0.712515 12.522484
v -5.929502 0.549235 12.857016
v -5.861612 0.492141 12.765075
v -6.114726 0.572277 12.585071
v -6.139056 0.666878 12.541869
v -6.250504 0.671103 12.403404
v -6.207338 0.706498 12.346910
v -6.147297 0.575797 12.538546
v -6.071559 0.525360 12.508637
v -6.257568 0.589175 12.401189
v -6.281114 0.670591 12.364080
v -6.291317 0.705538 12.271031
v -6.351750 0.675199 12.279894
v -6.383929 0.696193 12.206230
v -6.421601 0.679744 12.197369
v -6.215187 0.545714 12.337495
v -6.287785 0.595255 12.361311
v -6.355674 0.598135 12.277678
v -6.298773 0.558195 12.267709
v -6.386676 0.579318 12.202353
v -6.423171 0.600952 12.195706
v -5.459770 0.031103 12.528577
v -5.472328 -0.028871 12.456021
v -5.457808 -0.110223 12.346356
v -5.857688 0.453609 12.767844
v -5.921261 0.402468 12.843723
v -5.902424 0.298457 12.824338
v -6.058609 0.270871 12.639902
v -6.017405 0.227666 12.564024
v -6.100206 0.267222 12.588947
v -6.100599 0.358559 12.585071
v -6.060572 0.362592 12.636580
v -6.026823 0.409637 12.561255
v -6.214402 0.257301 12.462113
v -6.170450 0.217361 12.399528
v -6.214794 0.339486 12.458237
v -6.177121 0.374049 12.397312
v -6.246581 0.332701 12.420020
v -6.262278 0.355423 12.326971
v -6.317217 0.325788 12.339156
v -6.357636 0.334813 12.266601
v -6.387853 0.318939 12.259400
v -6.246581 0.256981 12.423343
v -6.315255 0.244436 12.341372
v -6.255214 0.214737 12.329741
v -6.350180 0.218257 12.271031
v -6.383536 0.232083 12.261063
v -6.423171 0.600952 12.195706
v -6.355674 0.598135 12.277678
v -6.429058 0.640700 12.188506
v -6.351750 0.675199 12.279894
v -6.421601 0.679744 12.197369
v -5.457808 -0.110223 12.346356
v -5.421313 -0.059530 12.441067
v -5.423275 -0.098446 12.307033
v -5.349107 -0.027719 12.393435
v -5.379716 -0.073164 12.295402
v -6.383536 0.232083 12.261063
v -6.315255 0.244436 12.341372
v -6.394917 0.274199 12.249431
v -6.317217 0.325788 12.339156
v -6.387853 0.318939 12.259400
v -6.312508 0.991839 12.222292
v -6.306229 1.030051 12.211215
v -6.250897 0.968348 12.309248
v -6.221465 1.037923 12.308694
v -6.284253 1.062310 12.221738
v -6.042912 1.249657 12.374049
v -6.035849 1.286332 12.366296
v -6.001316 1.216565 12.444943
v -5.971491 1.274747 12.454913
v -6.013873 1.311039 12.383465
v 4.713037 0.942490 13.839563
v 5.035610 0.918936 13.509462
v 4.832334 0.873875 13.954766
v 5.132146 0.860498 13.595865
v 4.887666 0.744966 14.007936
v 5.189047 0.722116 13.646266
v 4.867260 0.565108 13.987998
v 5.169426 0.561140 13.629096
v 4.785635 0.441576 13.909349
v 5.099575 0.454441 13.566510
v 4.675757 0.394851 13.803008
v 5.000684 0.396643 13.475677
v 4.590993 0.491949 13.721037
v 4.907680 0.484396 13.395368
v 5.128614 0.382498 13.336658
v 5.012456 0.447656 13.244164
v 5.180807 0.923416 13.357705
v 5.262431 0.862930 13.415306
v 5.284014 0.976861 13.257457
v 5.329143 0.709635 13.469030
v 5.304812 0.546354 13.458508
v 5.234569 0.422374 13.406999
v 5.361321 0.889429 13.307858
v 5.431565 0.702210 13.373213
v 5.412337 0.533553 13.362690
v 5.343662 0.394147 13.305642
v 5.238101 0.328285 13.229210
v 5.063864 0.359456 13.109022
v 5.223188 0.215121 13.051420
v 5.114879 0.266582 12.970557
v 5.263216 0.133513 12.892463
v 5.180807 0.166540 12.837076
v 5.196504 0.138698 12.789998
v 5.216909 0.262358 12.733504
v 5.231037 0.109319 12.710242
v 5.252620 0.213905 12.633810
v 5.292255 0.143818 12.519714
v 5.269494 0.062402 12.603902
v 5.289508 0.037631 12.553500
v 5.318155 0.090245 12.436082
v 5.313446 0.006524 12.496452
v 5.338561 0.033983 12.366850
v 5.349156 -0.027719 12.395096
v 5.379766 -0.073164 12.297063
v 5.125082 0.352415 12.912401
v 5.421362 -0.059530 12.443282
v 5.380158 -0.019974 12.541315
v 5.359359 0.010621 12.605009
v 5.342093 0.034111 12.657626
v 5.306775 0.078659 12.764521
v 5.444908 0.080964 12.622733
v 5.406450 0.147658 12.779475
v 5.415083 0.189327 12.889693
v 5.274596 0.108743 12.850369
v 5.388399 0.268375 13.106807
v 5.498278 0.362272 13.172716
v 5.560280 0.515631 13.219240
v 5.719604 0.495533 13.063605
v 5.664273 0.332957 13.025943
v 5.863232 0.475179 12.928464
v 5.818103 0.312731 12.904094
v 5.718035 0.264726 12.822677
v 5.834585 0.255445 12.737936
v 5.902474 0.298457 12.825999
v 5.921310 0.402468 12.845385
v 5.857738 0.453609 12.769506
v 6.060621 0.362592 12.638241
v 6.059052 0.270935 12.642118
v 6.017455 0.227666 12.565685
v 6.100256 0.267222 12.590609
v 6.100648 0.358559 12.587286
v 6.026873 0.409637 12.563470
v 5.567344 0.260118 12.940648
v 6.214844 0.339486 12.459898
v 6.214844 0.257301 12.463775
v 6.170892 0.217361 12.401743
v 6.246630 0.256981 12.425005
v 6.255263 0.214737 12.331403
v 6.315697 0.244436 12.343034
v 6.350230 0.218257 12.272694
v 6.383586 0.232083 12.263278
v 6.177171 0.374049 12.398973
v 6.246630 0.332701 12.422235
v 6.317659 0.325788 12.340818
v 6.262327 0.355423 12.329187
v 6.357686 0.334813 12.268262
v 6.387903 0.318939 12.261063
v 5.488074 0.915735 13.163854
v 5.401349 1.028770 13.130069
v 5.515936 1.071847 12.987726
v 5.572838 0.710083 13.220901
v 5.716465 0.722692 13.062497
v 5.865194 0.603000 12.929571
v 5.929552 0.549235 12.858677
v 5.861662 0.492141 12.766736
v 6.114776 0.572277 12.586732
v 6.071609 0.525360 12.510299
v 6.147347 0.575797 12.540762
v 6.257618 0.589175 12.402850
v 6.215236 0.545714 12.339156
v 6.287835 0.595255 12.362972
v 6.298822 0.558195 12.269370
v 6.355724 0.598135 12.279340
v 6.386725 0.579318 12.204015
v 6.423221 0.600952 12.197922
v 6.351799 0.675199 12.281555
v 6.281163 0.670591 12.365742
v 6.250554 0.671103 12.405620
v 6.139498 0.666878 12.544085
v 6.107712 0.663742 12.590055
v 5.917779 0.677695 12.848154
v 5.840079 0.732101 12.923479
v 5.858915 0.710595 12.768398
v 6.057874 0.712515 12.524699
v 6.207387 0.706498 12.348572
v 6.291367 0.705538 12.272694
v 6.384371 0.696193 12.207891
v 6.421651 0.679744 12.199584
v 5.847142 0.760200 12.782245
v 5.863624 0.820110 12.856462
v 5.782785 0.852369 12.918494
v 5.615612 0.950491 13.014866
v 5.630524 1.053029 12.920156
v 5.572838 1.099114 12.881939
v 5.670552 1.097129 12.844831
v 5.632094 1.113451 12.813261
v 5.817710 1.165616 12.697504
v 5.766695 1.187762 12.643780
v 5.734517 1.024802 12.864770
v 5.725883 0.950043 12.918494
v 5.820457 0.912855 12.852031
v 5.757670 0.940250 12.796645
v 5.731770 0.971677 12.816584
v 5.852244 1.097577 12.688643
v 5.874612 1.114923 12.649872
v 5.834192 1.052901 12.619964
v 5.939362 1.163632 12.554608
v 5.918563 1.120172 12.497561
v 5.958983 1.183154 12.520268
v 5.975857 1.167472 12.438297
v 6.001365 1.216565 12.447159
v 6.028442 1.222262 12.380696
v 6.042962 1.249657 12.375711
v 5.971541 1.274747 12.456574
v 5.928374 1.238199 12.529130
v 5.906398 1.223990 12.564024
v 5.838902 1.182258 12.659287
v 5.859700 1.240120 12.519161
v 5.918171 1.279227 12.451590
v 5.986845 1.310847 12.395096
v 6.013923 1.311039 12.385127
v 5.459820 0.031103 12.530238
v 5.472377 -0.028871 12.457683
v 5.457858 -0.110223 12.348019
v 6.008036 0.967900 12.609440
v 6.041392 0.883348 12.614979
v 6.014708 0.821966 12.542977
v 6.071609 0.894037 12.567347
v 6.037468 0.977757 12.563470
v 6.130473 1.005344 12.439959
v 5.946818 0.990367 12.539100
v 6.077888 1.023138 12.381804
v 6.312557 0.991839 12.223953
v 6.250947 0.968348 12.311463
v 6.285480 0.957723 12.238354
v 6.208172 0.911831 12.303709
v 6.188944 0.944538 12.400635
v 6.135181 0.875923 12.381804
v 6.163043 0.930393 12.442174
v 6.158727 1.013345 12.399528
v 6.157550 1.047140 12.305371
v 6.221515 1.037923 12.310909
v 6.245060 1.066918 12.236692
v 6.284303 1.062310 12.223400
v 6.423221 0.600952 12.197922
v 6.355724 0.598135 12.279340
v 6.429500 0.640700 12.190722
v 6.351799 0.675199 12.281555
v 6.421651 0.679744 12.199584
v 5.457858 -0.110223 12.348019
v 5.421362 -0.059530 12.443282
v 5.423717 -0.098446 12.309248
v 5.349156 -0.027719 12.395096
v 5.379766 -0.073164 12.297063
v 6.383586 0.232083 12.263278
v 6.315697 0.244436 12.343034
v 6.394966 0.274199 12.251093
v 6.317659 0.325788 12.340818
v 6.387903 0.318939 12.261063
v 6.312557 0.991839 12.223953
v 6.306279 1.030051 12.212876
v 6.250947 0.968348 12.311463
v 6.221515 1.037923 12.310909
v 6.284303 1.062310 12.223400
v 6.042962 1.249657 12.375711
v 6.035898 1.286332 12.367957
v 6.001365 1.216565 12.447159
v 5.971541 1.274747 12.456574
v 6.013923 1.311039 12.385127
v -4.590943 0.491949 13.719376
v -4.907238 0.484396 13.393706
v -4.551309 0.713347 13.681159
v -4.878983 0.709251 13.368228
v -4.604679 0.860626 13.732668
v -4.939023 0.848401 13.421399
v -4.712987 0.942490 13.837348
v -5.035560 0.918936 13.507247
v -5.079119 0.892437 13.279611
v -5.180757 0.923416 13.356044
v -5.191745 0.940122 13.175485
v -5.283964 0.976861 13.255795
v -5.306725 0.982366 13.039789
v -5.401299 1.028770 13.127853
v -5.434655 1.031715 12.898001
v -5.515887 1.071847 12.985511
v -5.572788 1.099114 12.880278
v -5.527659 1.049765 12.798861
v -5.632044 1.113451 12.811599
v -5.626551 1.093545 12.721320
v -5.766646 1.187762 12.642118
v -5.501760 0.909079 12.768951
v -5.275723 0.842000 12.986065
v -5.146616 0.814157 13.124530
v -5.001027 0.701634 13.223117
v -5.012407 0.447656 13.242502
v -5.069701 0.517103 13.059175
v -5.063815 0.359456 13.106807
v -5.125032 0.352415 12.910740
v -5.175263 0.483692 12.902432
v -5.216860 0.262358 12.731289
v -5.132096 0.664190 13.110129
v -5.276116 0.670335 12.982741
v -5.595157 0.698561 12.782245
v -5.379716 0.450345 12.835415
v -5.313004 0.315483 12.709689
v -5.324384 0.247764 12.633810
v -5.252571 0.213905 12.632149
v -5.292205 0.143818 12.518053
v -5.350677 0.192335 12.540208
v -5.446820 0.152139 12.600024
v -5.427591 0.207376 12.704150
v -5.448390 0.251413 12.801076
v -5.406401 0.147658 12.777814
v -5.415034 0.189327 12.887478
v -5.444858 0.080964 12.621071
v -5.458200 0.131273 12.562916
v -5.363626 0.172109 12.504761
v -5.402869 0.109895 12.403404
v -5.318105 0.090245 12.433867
v -5.338511 0.033983 12.364634
v -5.424060 0.056641 12.350234
v -5.433085 -0.014982 12.317555
v -5.379716 -0.073164 12.295402
v -5.423275 -0.098446 12.307033
v -5.476645 -0.038984 12.349126
v -5.457808 -0.110223 12.346356
v -5.472328 -0.028871 12.456021
v -5.495873 0.027326 12.407281
v -5.483708 0.076355 12.459898
v -5.459770 0.031103 12.528577
v -5.643817 0.957147 12.694180
v -5.688553 1.013601 12.675903
v -5.721125 1.142126 12.600578
v -5.758797 1.058597 12.591163
v -5.730935 0.982430 12.710242
v -5.834143 1.052901 12.618302
v -5.772140 1.066406 12.574547
v -5.734859 1.148975 12.583408
v -5.857296 1.124268 12.461559
v -5.918514 1.120172 12.495899
v -5.731328 0.971677 12.814368
v -5.757620 0.940250 12.794983
v -5.761937 0.917335 12.689196
v -5.946768 0.990367 12.537438
v -5.904779 0.932377 12.494791
v -5.833750 0.771593 12.678119
v -5.734075 0.724932 12.675903
v -5.600650 0.492461 12.767844
v -5.519419 0.290777 12.824338
v -5.567295 0.260118 12.938433
v -5.717985 0.264726 12.820460
v -5.658337 0.301082 12.747905
v -5.790584 0.285784 12.650426
v -5.745062 0.488172 12.668703
v -5.834535 0.255445 12.735721
v -5.952655 0.263382 12.515838
v -6.017405 0.227666 12.564024
v -5.975415 0.262102 12.497006
v -6.113941 0.247188 12.366850
v -5.981694 0.369121 12.499776
v -5.959326 0.376161 12.518053
v -5.833750 0.437287 12.671473
v -6.170450 0.217361 12.399528
v -6.141411 0.245204 12.346910
v -6.210085 0.236115 12.282662
v -6.255214 0.214737 12.329741
v -6.271696 0.241492 12.245554
v -6.350180 0.218257 12.271031
v -6.324673 0.279128 12.235584
v -6.383536 0.232083 12.261063
v -6.394917 0.274199 12.249431
v -6.387853 0.318939 12.259400
v -6.357636 0.334813 12.266601
v -6.277582 0.316059 12.247215
v -6.262278 0.355423 12.326971
v -6.217149 0.332765 12.283216
v -6.147689 0.343710 12.345802
v -6.121789 0.346590 12.366296
v -6.177121 0.374049 12.397312
v -6.026823 0.409637 12.561255
v -5.821193 1.203700 12.477621
v -5.874170 1.137581 12.443282
v -5.921653 1.172465 12.395096
v -5.975808 1.167472 12.436636
v -5.957364 1.215349 12.364080
v -6.028393 1.222262 12.379034
v -5.989150 1.262202 12.357987
v -6.042912 1.249657 12.374049
v -6.035849 1.286332 12.366296
v -6.013873 1.311039 12.383465
v -5.986796 1.310847 12.392880
v -5.938135 1.258937 12.374049
v -5.917729 1.279227 12.449928
v -5.887905 1.247416 12.411159
v -5.859650 1.240120 12.517499
v -5.838852 1.215605 12.459898
v 4.590993 0.491949 13.721037
v 4.551358 0.713347 13.682821
v 4.907680 0.484396 13.395368
v 4.879033 0.709251 13.370443
v 4.604728 0.860626 13.734330
v 4.939073 0.848401 13.423060
v 4.713037 0.942490 13.839563
v 5.035610 0.918936 13.509462
v 5.079169 0.892437 13.281272
v 5.180807 0.923416 13.357705
v 5.191794 0.940122 13.177700
v 5.284014 0.976861 13.257457
v 5.307167 0.982366 13.041451
v 5.401349 1.028770 13.130069
v 5.435097 1.031715 12.899663
v 5.515936 1.071847 12.987726
v 5.572838 1.099114 12.881939
v 5.527709 1.049765 12.800522
v 5.632094 1.113451 12.813261
v 5.626600 1.093545 12.722981
v 5.766695 1.187762 12.643780
v 5.501809 0.909079 12.771167
v 5.275773 0.842000 12.987726
v 5.146666 0.814157 13.126191
v 5.001076 0.701634 13.225332
v 5.012456 0.447656 13.244164
v 5.069750 0.517103 13.060836
v 5.063864 0.359456 13.109022
v 5.125082 0.352415 12.912401
v 5.175313 0.483692 12.904094
v 5.216909 0.262358 12.733504
v 5.132146 0.664190 13.111792
v 5.276165 0.670335 12.984404
v 5.595599 0.698561 12.784460
v 5.379766 0.450345 12.837076
v 5.313053 0.315483 12.711350
v 5.324434 0.247764 12.636025
v 5.252620 0.213905 12.633810
v 5.292255 0.143818 12.519714
v 5.350726 0.192335 12.542423
v 5.446870 0.152139 12.601686
v 5.427641 0.207376 12.705812
v 5.448440 0.251413 12.803291
v 5.406450 0.147658 12.779475
v 5.415083 0.189327 12.889693
v 5.444908 0.080964 12.622733
v 5.458250 0.131273 12.564577
v 5.363676 0.172109 12.506422
v 5.402918 0.109895 12.405620
v 5.318155 0.090245 12.436082
v 5.338561 0.033983 12.366850
v 5.424502 0.056641 12.352449
v 5.433527 -0.014982 12.319772
v 5.379766 -0.073164 12.297063
v 5.423717 -0.098446 12.309248
v 5.476694 -0.038984 12.351341
v 5.457858 -0.110223 12.348019
v 5.472377 -0.028871 12.457683
v 5.495923 0.027326 12.409496
v 5.483758 0.076355 12.462113
v 5.459820 0.031103 12.530238
v 5.643867 0.957147 12.696396
v 5.688603 1.013601 12.677565
v 5.721174 1.142126 12.602240
v 5.734909 1.148975 12.585071
v 5.821635 1.203700 12.479283
v 5.859700 1.240120 12.519161
v 5.838902 1.215605 12.461559
v 5.887955 1.247416 12.413374
v 5.918171 1.279227 12.451590
v 5.938185 1.258937 12.375711
v 5.986845 1.310847 12.395096
v 5.989200 1.262202 12.359650
v 6.013923 1.311039 12.385127
v 6.035898 1.286332 12.367957
v 6.042962 1.249657 12.375711
v 6.028442 1.222262 12.380696
v 5.957414 1.215349 12.366296
v 5.975857 1.167472 12.438297
v 5.921703 1.172465 12.397312
v 5.874220 1.137581 12.445498
v 5.857346 1.124268 12.463222
v 5.772190 1.066406 12.576208
v 5.758847 1.058597 12.593378
v 5.918563 1.120172 12.497561
v 5.834192 1.052901 12.619964
v 5.730985 0.982430 12.711905
v 5.761986 0.917335 12.690858
v 5.833800 0.771593 12.680334
v 5.904829 0.932377 12.497006
v 5.946818 0.990367 12.539100
v 5.757670 0.940250 12.796645
v 5.731770 0.971677 12.816584
v 5.734124 0.724932 12.677565
v 5.600700 0.492461 12.769506
v 5.519468 0.290777 12.826553
v 5.567344 0.260118 12.940648
v 5.718035 0.264726 12.822677
v 5.658387 0.301082 12.750120
v 5.790633 0.285784 12.652087
v 5.745112 0.488172 12.670918
v 5.834585 0.255445 12.737936
v 5.952704 0.263382 12.517499
v 6.017455 0.227666 12.565685
v 5.975465 0.262102 12.499222
v 6.113991 0.247188 12.368511
v 5.981744 0.369121 12.501991
v 5.959376 0.376161 12.520268
v 5.833800 0.437287 12.673134
v 6.170892 0.217361 12.401743
v 6.141460 0.245204 12.348572
v 6.210135 0.236115 12.284325
v 6.255263 0.214737 12.331403
v 6.271745 0.241492 12.247215
v 6.350230 0.218257 12.272694
v 6.324722 0.279128 12.237247
v 6.383586 0.232083 12.263278
v 6.394966 0.274199 12.251093
v 6.387903 0.318939 12.261063
v 6.357686 0.334813 12.268262
v 6.277632 0.316059 12.248878
v 6.262327 0.355423 12.329187
v 6.217198 0.332765 12.284878
v 6.148132 0.343710 12.348019
v 6.121839 0.346590 12.367957
v 6.177171 0.374049 12.398973
v 6.026873 0.409637 12.563470
v -5.857688 0.453609 12.767844
v -5.844738 0.522224 12.668703
v -5.861612 0.492141 12.765075
v -6.071559 0.525360 12.508637
v -6.003277 0.559028 12.463775
v -6.000531 0.673023 12.466544
v -5.836890 0.698497 12.667596
v -6.057825 0.712515 12.522484
v -5.858866 0.710595 12.766736
v -6.018974 0.672319 12.445498
v -6.021721 0.563764 12.441621
v -6.158678 0.577205 12.300386
v -6.215187 0.545714 12.337495
v -6.156715 0.676543 12.308694
v -6.207338 0.706498 12.346910
v -6.176729 0.678335 12.292632
v -6.179083 0.579510 12.283771
v -6.251289 0.583606 12.216200
v -6.298773 0.558195 12.267709
v -6.310153 0.606072 12.182968
v -6.386676 0.579318 12.202353
v -6.366662 0.638779 12.171890
v -6.423171 0.600952 12.195706
v -6.429058 0.640700 12.188506
v -6.421601 0.679744 12.197369
v -6.383929 0.696193 12.206230
v -6.308191 0.668670 12.184629
v -6.248935 0.678399 12.221738
v -6.291317 0.705538 12.271031
v -5.847093 0.760200 12.780029
v -6.014658 0.821966 12.541315
v -5.939705 0.825230 12.503099
v -5.955794 0.832591 12.481499
v -6.067635 0.877523 12.348019
v -6.135132 0.875923 12.379588
v -6.093927 0.889813 12.319772
v -6.154361 0.916951 12.258846
v -6.208123 0.911831 12.302048
v -6.205768 0.954331 12.218968
v -6.285430 0.957723 12.236692
v -6.245796 1.011809 12.204015
v -6.312508 0.991839 12.222292
v -6.306229 1.030051 12.211215
v -6.284253 1.062310 12.221738
v -6.245011 1.066918 12.234477
v -6.184185 1.016481 12.221738
v -6.157500 1.047140 12.303709
v -6.121005 1.010337 12.262724
v -6.077838 1.023138 12.380142
v -6.057825 0.987166 12.323094
v -6.032709 0.976413 12.349680
v -5.919299 0.936345 12.477621
v 5.857738 0.453609 12.769506
v 5.845181 0.522224 12.670918
v 5.861662 0.492141 12.766736
v 6.071609 0.525360 12.510299
v 6.003327 0.559028 12.465437
v 6.000580 0.673023 12.468760
v 5.837332 0.698497 12.669257
v 6.057874 0.712515 12.524699
v 5.858915 0.710595 12.768398
v 6.019024 0.672319 12.447713
v 6.021771 0.563764 12.443836
v 6.158727 0.577205 12.302048
v 6.215236 0.545714 12.339156
v 6.156765 0.676543 12.310356
v 6.207387 0.706498 12.348572
v 6.177171 0.678335 12.294293
v 6.179133 0.579510 12.285986
v 6.251731 0.583606 12.217861
v 6.298822 0.558195 12.269370
v 6.310203 0.606072 12.184629
v 6.386725 0.579318 12.204015
v 6.366712 0.638779 12.173553
v 6.423221 0.600952 12.197922
v 6.429500 0.640700 12.190722
v 6.421651 0.679744 12.199584
v 6.384371 0.696193 12.207891
v 6.308240 0.668670 12.186291
v 6.248985 0.678399 12.223400
v 6.291367 0.705538 12.272694
v 5.847142 0.760200 12.782245
v 6.014708 0.821966 12.542977
v 5.939754 0.825230 12.504761
v 5.955844 0.832591 12.483714
v 6.067685 0.877523 12.349680
v 6.135181 0.875923 12.381804
v 6.093977 0.889813 12.321433
v 6.154410 0.916951 12.261063
v 6.208172 0.911831 12.303709
v 6.205818 0.954331 12.221185
v 6.285480 0.957723 12.238354
v 6.245845 1.011809 12.205676
v 6.312557 0.991839 12.223953
v 6.306279 1.030051 12.212876
v 6.284303 1.062310 12.223400
v 6.245060 1.066918 12.236692
v 6.184235 1.016481 12.223953
v 6.157550 1.047140 12.305371
v 6.121054 1.010337 12.264939
v 6.077888 1.023138 12.381804
v 6.058267 0.987166 12.325310
v 6.032759 0.976413 12.351895
v 5.919348 0.936345 12.479836
v -1.006935 1.111658 1.922157
v -1.203147 0.820045 1.876187
v -1.107788 0.978141 1.793662
v -1.142321 0.824397 1.653535
v -1.127017 0.578293 1.878403
v -1.128587 0.578229 1.555502
v -0.972794 0.444391 1.903326
v -1.185881 0.553650 1.388237
v -1.088167 0.223825 1.206570
v -1.226300 0.374560 1.135676
v -1.258087 0.222353 0.890870
v -1.093268 -0.054155 0.947364
v -1.294582 0.031166 0.636648
v -1.097193 -0.239389 0.719174
v -1.275353 -0.197081 0.519784
v -1.185488 -0.467252 0.512584
v -1.072862 -0.604098 0.536400
v -0.870372 -0.296483 0.783975
v -0.863308 -0.636805 0.566308
v -0.638449 -0.542459 0.515353
v -0.645905 -0.237917 0.713081
v -0.519545 -0.193625 0.519784
v -0.530140 0.018429 0.630556
v -0.649044 -0.050954 0.941271
v -0.551723 0.212048 0.896409
v -0.653754 0.222737 1.215986
v -0.564281 0.371680 1.138999
v -0.556825 0.554994 1.385467
v -0.576446 0.534000 1.567133
v -0.525038 0.813260 1.655197
v -0.542305 0.790730 1.844063
v -0.582332 0.958235 1.798093
v -0.701629 1.073318 1.916619
v -0.630208 0.615160 1.866772
v -0.740872 0.439271 1.913850
v -0.733023 0.358175 1.680675
v -0.974756 0.378529 1.670705
v -0.863700 0.052480 1.255864
v -0.867625 -0.144788 0.994996
v -0.193440 0.404388 9.933188
v -0.258190 0.837327 9.962543
v -0.234252 0.413925 8.922394
v -0.285267 0.761735 8.950088
v -0.514051 1.064166 8.978888
v -0.503848 1.172785 9.981928
v -0.854675 1.274107 9.990790
v -0.803660 1.155503 9.002150
v -1.094838 1.035043 8.983872
v -1.194514 1.123308 9.983590
v -1.419373 0.789962 9.979159
v -1.311456 0.766920 8.969472
v -1.356585 0.382818 8.921841
v -1.502174 0.357087 9.969744
v -1.209033 0.049088 8.913532
v -1.322837 -0.060043 9.944819
v -0.931982 -0.210906 8.886947
v -0.991631 -0.311268 9.914911
v -0.591751 -0.183383 8.882516
v -0.593713 -0.300579 9.904387
v -0.343739 0.068930 8.900240
v -0.315484 -0.029256 9.914357
v -0.193440 0.404388 9.933188
v -0.234252 0.413925 8.922394
v -0.542305 0.790730 1.844063
v -0.701629 1.073318 1.916619
v -0.525431 0.818125 2.092193
v -0.678476 1.023969 2.165856
v -0.584687 0.838031 2.271089
v -0.589788 0.827918 2.653253
v -0.691034 0.997983 2.648822
v -0.853890 1.144557 2.191334
v -0.856637 1.158767 1.948189
v -1.014784 1.016672 2.141486
v -1.006935 1.111658 1.922157
v -1.123878 0.829198 2.103270
v -1.203147 0.820045 1.876187
v -1.127017 0.578293 1.878403
v -1.065406 0.610552 2.151456
v -0.949641 0.472618 2.214596
v -0.918247 0.459241 2.660453
v -0.756961 0.467370 2.223457
v -0.740872 0.439271 1.913850
v -0.630208 0.615160 1.866772
v -0.972794 0.444391 1.903326
v -1.042646 0.610104 2.647714
v -1.092876 0.812492 2.637191
v -1.012429 0.989086 2.644391
v -1.007328 0.997343 3.213759
v -0.852713 1.118955 2.653253
v -1.030481 0.594550 3.215975
v -1.112105 0.790730 3.211544
v -0.908437 0.431526 3.220959
v -0.738910 0.424101 3.221513
v -0.759316 0.448488 2.662115
v -0.628638 0.615736 2.190226
v -0.525431 0.818125 2.092193
v -0.542305 0.790730 1.844063
v -0.584687 0.838031 2.271089
v -0.635702 0.605495 2.655468
v -0.614119 0.593910 3.218744
v -0.713402 0.373408 3.958147
v -0.910006 0.371808 3.958147
v -1.070115 0.562867 3.957039
v -1.169006 0.793482 3.955931
v -1.108573 0.503149 4.806107
v -0.913146 0.308634 4.793368
v -0.663564 0.302745 4.796691
v -0.475593 0.519535 4.822722
v -0.557610 0.573364 3.957039
v -0.503455 0.823245 3.955931
v -0.562711 0.811724 3.221513
v -0.589788 0.827918 2.653253
v -0.408489 0.812812 4.842661
v -0.429679 0.487532 5.489570
v -0.362575 0.806924 5.530002
v -0.430464 0.420133 6.100477
v -0.368069 0.736901 6.124293
v -0.383766 0.577717 6.749047
v -0.447731 0.290968 6.716370
v -0.464998 0.219025 7.104072
v -0.337852 0.464618 7.330047
v -0.411628 0.174605 7.582053
v -0.385336 0.174093 7.936523
v -0.603523 -0.080909 7.937631
v -0.343739 0.068930 8.900240
v -0.591751 -0.183383 8.882516
v -0.931982 -0.210906 8.886947
v -0.892740 -0.089166 7.945939
v -1.086990 0.158411 7.960893
v -1.209033 0.049088 8.913532
v -1.204717 0.435431 7.957570
v -1.356585 0.382818 8.921841
v -1.311456 0.766920 8.969472
v -1.158018 0.720259 7.869506
v -0.982212 0.914455 7.866737
v -1.094838 1.035043 8.983872
v -0.778152 1.009952 7.861198
v -0.803660 1.155503 9.002150
v -0.514051 1.064166 8.978888
v -0.536811 0.967196 7.846798
v -0.351587 0.714371 7.840705
v -0.285267 0.761735 8.950088
v -0.234252 0.413925 8.922394
v -0.280166 0.437543 7.928769
v -0.337852 0.464618 7.330047
v -0.397108 0.750918 7.311215
v -0.442629 0.847248 6.981668
v -0.383766 0.577717 6.749047
v -0.431249 0.970588 6.609475
v -0.368069 0.736901 6.124293
v -0.409666 1.055973 6.168048
v -0.416337 1.093673 5.558802
v -0.362575 0.806924 5.530002
v -0.408489 0.812812 4.842661
v -0.462643 1.071014 4.869801
v -0.503455 0.823245 3.955931
v -0.280166 0.437543 7.928769
v -0.234252 0.413925 8.922394
v -0.578801 1.243255 4.877001
v -0.556040 1.307646 5.573203
v -0.543875 1.259897 6.222327
v -0.565066 1.136045 6.721354
v -0.592143 1.012704 7.204874
v -0.785608 1.048740 7.210967
v -0.974756 0.970972 7.202105
v -1.134081 0.800715 7.171089
v -1.180779 0.455529 7.594238
v -1.059520 0.168652 7.626915
v -0.882537 -0.071116 7.608638
v -0.620398 -0.066635 7.587038
v -0.623537 -0.017735 7.113487
v -0.623929 0.093124 6.697538
v -0.624714 0.193230 6.087739
v -0.888031 -0.026375 7.148934
v -1.056381 0.186702 7.218721
v -1.192944 0.548402 6.989423
v -0.889993 0.089284 6.750155
v -1.069723 0.277143 6.835450
v -1.230224 0.635515 6.634398
v -1.181564 0.925400 6.728555
v -1.004581 1.103209 6.750709
v -0.804444 1.201779 6.770094
v -0.815825 1.326208 6.232850
v -0.807584 1.365764 5.569880
v -0.817002 1.300157 4.878109
v -0.612941 1.095721 3.954824
v -0.665919 1.020769 3.214867
v -0.562711 0.811724 3.221513
v -0.837016 1.126572 3.215975
v -1.035975 1.035811 3.954824
v -1.256124 0.774216 4.823830
v -0.810331 1.182385 3.954270
v -1.063837 1.178545 4.865923
v -1.169006 1.038563 4.847092
v -1.085028 1.236343 5.557141
v -1.238073 1.057445 5.533325
v -1.053634 1.207732 6.220665
v -1.234933 1.008480 6.191864
v -1.302823 0.768904 5.505078
v -1.287518 0.725572 6.152540
v -1.119953 0.420581 6.128724
v -0.907652 0.203407 6.108232
v -0.632955 0.256789 5.450799
v -0.916678 0.262869 5.450799
v -1.138790 0.461929 5.470185
v -0.193440 0.404388 9.933188
v -0.258190 0.837327 9.962543
v -0.174604 0.389475 12.405620
v -0.248380 0.897173 12.410050
v -0.503848 1.172785 9.981928
v -0.498354 1.256121 12.409496
v -0.854675 1.274107 9.990790
v -0.889208 1.336065 12.405066
v -1.194514 1.123308 9.983590
v -1.256517 1.155695 12.406728
v -1.419373 0.789962 9.979159
v -1.508453 0.805644 12.415035
v -1.502174 0.357087 9.969744
v -1.615192 0.337373 12.426112
v -1.411132 -0.119440 12.412820
v -1.322837 -0.060043 9.944819
v -0.991631 -0.311268 9.914911
v -1.045393 -0.379562 12.394543
v -0.593713 -0.300579 9.904387
v -0.593713 -0.387755 12.388450
v -0.308028 -0.071436 12.395650
v -0.315484 -0.029256 9.914357
v -0.174604 0.389475 12.405620
v -0.193440 0.404388 9.933188
v 1.006985 1.112234 1.922711
v 1.204374 0.821261 1.877295
v 1.108623 0.979101 1.794770
v 1.144333 0.825485 1.654643
v 1.128244 0.578997 1.879510
v 1.130991 0.579061 1.556610
v 0.973629 0.444647 1.903880
v 1.189854 0.555058 1.389898
v 1.093711 0.224849 1.207678
v 1.231451 0.376096 1.137338
v 1.265200 0.224017 0.891978
v 1.100774 -0.053003 0.948472
v 1.302873 0.033086 0.638310
v 1.106268 -0.238173 0.720281
v 1.285213 -0.195225 0.521446
v 1.196133 -0.465652 0.513692
v 1.084292 -0.602946 0.537508
v 0.879447 -0.296099 0.783975
v 0.874738 -0.636357 0.565754
v 0.649487 -0.542780 0.514246
v 0.655373 -0.238301 0.711973
v 0.529405 -0.194393 0.518122
v 0.538823 0.017660 0.629448
v 0.656550 -0.051338 0.940718
v 0.558444 0.211280 0.895301
v 0.658905 0.222289 1.215432
v 0.569824 0.370912 1.137892
v 0.560799 0.554162 1.384359
v 0.579243 0.533296 1.566026
v 0.527050 0.812300 1.654089
v 0.543532 0.789834 1.842955
v 0.583559 0.957467 1.796985
v 0.701679 1.072998 1.916619
v 0.631435 0.614712 1.866218
v 0.742099 0.439143 1.913296
v 0.735427 0.357983 1.680121
v 0.976768 0.378913 1.671259
v 0.869244 0.052736 1.255864
v 0.875130 -0.144468 0.994996
v 0.193490 0.404388 9.933188
v 0.258240 0.837327 9.962543
v 0.234302 0.413925 8.922394
v 0.285317 0.761735 8.950088
v 0.514100 1.064166 8.978888
v 0.503897 1.172785 9.981928
v 0.854724 1.274107 9.990790
v 0.803709 1.155503 9.002150
v 1.094888 1.035043 8.983872
v 1.194564 1.123308 9.983590
v 1.419422 0.789962 9.979159
v 1.311506 0.766920 8.969472
v 1.356635 0.382818 8.921841
v 1.501831 0.357087 9.969744
v 1.209083 0.049088 8.913532
v 1.322886 -0.060043 9.944819
v 0.932032 -0.210906 8.886947
v 0.991680 -0.311268 9.914911
v 0.591800 -0.183383 8.882516
v 0.593370 -0.300579 9.904387
v 0.343788 0.068930 8.900240
v 0.315534 -0.029256 9.914357
v 0.193490 0.404388 9.933188
v 0.234302 0.413925 8.922394
v 0.543532 0.789834 1.842955
v 0.701679 1.072998 1.916619
v 0.525481 0.817997 2.092193
v 0.678526 1.023905 2.165856
v 0.584737 0.837967 2.270535
v 0.589838 0.827918 2.653253
v 0.691083 0.997983 2.648822
v 0.853939 1.144557 2.191334
v 0.856294 1.158831 1.948189
v 1.014441 1.016737 2.141486
v 1.006985 1.112234 1.922711
v 1.123927 0.829326 2.103270
v 1.204374 0.821261 1.877295
v 1.128244 0.578997 1.879510
v 1.065456 0.610808 2.151456
v 0.950083 0.472746 2.214596
v 0.918297 0.459241 2.660453
v 0.757403 0.467306 2.222903
v 0.742099 0.439143 1.913296
v 0.631435 0.614712 1.866218
v 0.973629 0.444647 1.903880
v 1.042695 0.610104 2.647714
v 1.092533 0.812492 2.637191
v 1.012479 0.989086 2.644391
v 1.007377 0.997343 3.213759
v 0.852762 1.118955 2.653253
v 1.030530 0.594550 3.215975
v 1.112154 0.790730 3.211544
v 0.908486 0.431526 3.220959
v 0.738567 0.424037 3.221513
v 0.759365 0.448488 2.662115
v 0.628688 0.615480 2.190226
v 0.525481 0.817997 2.092193
v 0.543532 0.789834 1.842955
v 0.584737 0.837967 2.270535
v 0.635752 0.605495 2.655468
v 0.614168 0.593910 3.218744
v 0.713452 0.373408 3.958147
v 0.910056 0.371808 3.958147
v 1.070165 0.562867 3.957039
v 1.169056 0.793482 3.955931
v 1.108623 0.503149 4.806107
v 0.913195 0.308634 4.793368
v 0.663614 0.302745 4.796691
v 0.475643 0.519535 4.822722
v 0.557659 0.573364 3.957039
v 0.503505 0.823245 3.955931
v 0.562761 0.811724 3.221513
v 0.589838 0.827918 2.653253
v 0.408146 0.812812 4.842661
v 0.429729 0.487532 5.489570
v 0.362625 0.806924 5.530002
v 0.430514 0.420133 6.100477
v 0.368119 0.736901 6.124293
v 0.383815 0.577717 6.749047
v 0.447781 0.290968 6.716370
v 0.465047 0.219025 7.104072
v 0.337902 0.464618 7.330047
v 0.411678 0.174605 7.582053
v 0.385385 0.174093 7.936523
v 0.603573 -0.080909 7.937631
v 0.343788 0.068930 8.900240
v 0.591800 -0.183383 8.882516
v 0.932032 -0.210906 8.886947
v 0.892789 -0.089166 7.945939
v 1.086647 0.158411 7.960893
v 1.209083 0.049088 8.913532
v 1.204767 0.435431 7.957570
v 1.356635 0.382818 8.921841
v 1.311506 0.766920 8.969472
v 1.157676 0.720259 7.869506
v 0.982262 0.914455 7.866737
v 1.094888 1.035043 8.983872
v 0.778202 1.009952 7.861198
v 0.803709 1.155503 9.002150
v 0.514100 1.064166 8.978888
v 0.536861 0.967196 7.846798
v 0.351637 0.714371 7.840705
v 0.285317 0.761735 8.950088
v 0.234302 0.413925 8.922394
v 0.280216 0.437543 7.928769
v 0.337902 0.464618 7.330047
v 0.397158 0.750918 7.311215
v 0.442679 0.847248 6.981668
v 0.383815 0.577717 6.749047
v 0.431299 0.970588 6.609475
v 0.368119 0.736901 6.124293
v 0.409715 1.055973 6.168048
v 0.415994 1.093673 5.558802
v 0.362625 0.806924 5.530002
v 0.408146 0.812812 4.842661
v 0.462693 1.071014 4.869801
v 0.503505 0.823245 3.955931
v 0.280216 0.437543 7.928769
v 0.234302 0.413925 8.922394
v 0.578458 1.243255 4.877001
v 0.556090 1.307646 5.573203
v 0.543924 1.259897 6.222327
v 0.565115 1.136045 6.721354
v 0.592193 1.012704 7.204874
v 0.785658 1.048740 7.210967
v 0.974806 0.970972 7.202105
v 1.134130 0.800715 7.171089
v 1.180829 0.455529 7.594238
v 1.059570 0.168652 7.626915
v 0.882586 -0.071116 7.608638
v 0.620055 -0.066635 7.587038
v 0.623587 -0.017735 7.113487
v 0.623979 0.093124 6.697538
v 0.624764 0.193230 6.087739
v 0.888080 -0.026375 7.148934
v 1.056430 0.186702 7.218721
v 1.192994 0.548402 6.989423
v 0.890042 0.089284 6.750155
v 1.069773 0.277143 6.835450
v 1.230274 0.635515 6.634398
v 1.181613 0.925400 6.728555
v 1.004630 1.103209 6.750709
v 0.804494 1.201779 6.770094
v 0.815874 1.326208 6.232850
v 0.807633 1.365764 5.569880
v 0.817052 1.300157 4.878109
v 0.612991 1.095721 3.954824
v 0.665576 1.020769 3.214867
v 0.562761 0.811724 3.221513
v 0.837065 1.126572 3.215975
v 1.036024 1.035811 3.954824
v 1.256174 0.774216 4.823830
v 0.810380 1.182385 3.954270
v 1.063494 1.178545 4.865923
v 1.169056 1.038563 4.847092
v 1.085077 1.236343 5.557141
v 1.238123 1.057445 5.533325
v 1.053683 1.207732 6.220665
v 1.234983 1.008480 6.191864
v 1.302873 0.768904 5.505078
v 1.287568 0.725572 6.152540
v 1.120003 0.420581 6.128724
v 0.907702 0.203407 6.108232
v 0.633005 0.256789 5.450799
v 0.916727 0.262869 5.450799
v 1.138839 0.461929 5.470185
v 0.193490 0.404388 9.933188
v 0.258240 0.837327 9.962543
v 0.174654 0.389475 12.405620
v 0.248429 0.897173 12.410050
v 0.503897 1.172785 9.981928
v 0.498403 1.256121 12.409496
v 0.854724 1.274107 9.990790
v 0.889258 1.336065 12.405066
v 1.194564 1.123308 9.983590
v 1.256566 1.155695 12.406728
v 1.419422 0.789962 9.979159
v 1.508503 0.805644 12.415035
v 1.501831 0.357087 9.969744
v 1.615242 0.337373 12.426112
v 1.411182 -0.119440 12.412820
v 1.322886 -0.060043 9.944819
v 0.991680 -0.311268 9.914911
v 1.045442 -0.379562 12.394543
v 0.593370 -0.300579 9.904387
v 0.593762 -0.387755 12.388450
v 0.308078 -0.071436 12.395650
v 0.315534 -0.029256 9.914357
v 0.174654 0.389475 12.405620
v 0.193490 0.404388 9.933188
v 0.000025 0.346399 17.898804
v -0.177743 0.439464 17.939236
v 0.000025 0.317468 18.187365
v -0.180883 0.392099 18.230011
v 0.000025 0.234516 18.430510
v -0.201289 0.321628 18.491987
v -0.295078 0.578806 18.297583
v -0.319016 0.514480 18.579496
v -0.355119 0.760328 18.644299
v -0.337852 0.796748 18.380108
v -0.211099 0.961820 18.410015
v -0.339030 0.873747 18.120901
v -0.291546 0.626875 18.020653
v -0.231113 0.936794 18.660915
v 0.000025 1.046117 18.645960
v 0.000025 1.056870 18.415554
v -0.218555 1.034660 18.170195
v 0.000025 1.132717 18.172964
v 0.000025 0.346399 17.898804
v 0.000025 0.317468 18.187365
v 0.177793 0.439464 17.939236
v 0.180932 0.392099 18.230011
v 0.295128 0.578806 18.297583
v 0.201338 0.321628 18.491987
v 0.319066 0.514480 18.579496
v 0.355169 0.760328 18.644299
v 0.337902 0.796748 18.380108
v 0.211149 0.961820 18.410015
v 0.339079 0.873747 18.120901
v 0.291203 0.626875 18.020653
v 0.000025 0.234516 18.430510
v 0.230770 0.936794 18.660915
v 0.000025 1.046117 18.645960
v 0.000025 1.056870 18.415554
v 0.218605 1.034660 18.170195
v 0.000025 1.132717 18.172964
vn -0.0676 -0.5374 0.8406
vn -0.0695 -0.4688 0.8806
vn -0.0622 -0.6539 0.7541
vn -0.2065 -0.7356 0.6452
vn -0.2201 -0.8383 0.4987
vn 0.9748 0.2098 0.0764
vn 0.5542 0.7917 0.2571
vn 0.6605 0.7419 0.1155
vn 0.4029 0.8937 0.1975
vn 0.3970 0.8760 0.2739
vn 0.4155 0.9082 0.0502
vn -0.2909 -0.3838 0.8764
vn 0.6400 0.7680 0.0240
vn -0.1585 -0.1997 0.9670
vn 0.9680 0.2467 -0.0459
vn -0.3263 -0.1392 0.9350
vn -0.4738 -0.3834 0.7928
vn -0.5248 -0.1341 0.8406
vn -0.6729 -0.3958 0.6249
vn -0.7411 -0.1313 0.6585
vn -0.7828 -0.3722 0.4987
vn -0.8308 -0.1016 0.5472
vn -0.7347 -0.3466 0.5832
vn -0.7539 -0.1053 0.6485
vn -0.7055 -0.2621 0.6585
vn -0.7215 -0.1051 0.6844
vn 0.6293 -0.7493 -0.2061
vn 0.7581 -0.6143 -0.2189
vn 0.4349 -0.8565 -0.2781
vn 0.4356 -0.8828 -0.1760
vn 0.9417 -0.3191 -0.1068
vn 0.6831 -0.7218 -0.1112
vn 0.9401 -0.3332 -0.0720
vn -0.5065 -0.7216 0.4720
vn -0.4830 -0.8014 0.3527
vn 0.9725 0.2319 0.0197
vn -0.0453 -0.9989 -0.0153
vn 0.0453 -0.9801 -0.1932
vn 0.4866 -0.6568 -0.5761
vn 0.5261 -0.5301 -0.6650
vn 0.6279 -0.3269 -0.7063
vn 0.9458 -0.2902 -0.1459
vn 0.6104 -0.3198 -0.7247
vn 0.3710 -0.3071 -0.8764
vn 0.0810 -0.5466 -0.8334
vn -0.1112 -0.9516 -0.2865
vn -0.5243 -0.8077 0.2697
vn 0.4794 -0.8730 -0.0895
vn -0.4532 -0.8151 0.3609
vn -0.3448 -0.7880 0.5101
vn -0.5512 0.7938 0.2571
vn -0.9748 0.2098 0.0764
vn -0.6633 0.7394 0.1155
vn -0.3953 -0.8656 0.3074
vn -0.4029 0.8937 0.1975
vn -0.3936 0.8775 0.2739
vn -0.5179 -0.7512 0.4093
vn -0.7332 -0.6798 0.0153
vn -0.7636 -0.5959 0.2486
vn -0.9291 -0.3578 0.0938
vn -0.9377 -0.3368 -0.0851
vn -0.9685 -0.2429 0.0546
vn -0.9886 -0.1505 -0.0065
vn -0.9918 -0.1280 0.0022
vn -0.4189 0.9066 0.0502
vn -0.9976 -0.0603 -0.0327
vn -0.6400 0.7680 0.0240
vn -0.9923 -0.0943 -0.0807
vn -0.7595 -0.2880 -0.5832
vn -0.6956 -0.1977 -0.6907
vn -0.9689 0.2430 -0.0459
vn -0.9405 -0.3227 -0.1068
vn -0.6858 -0.7192 -0.1112
vn -0.6293 -0.7493 -0.2061
vn -0.9401 -0.3332 -0.0720
vn -0.5633 -0.6700 -0.4835
vn -0.3775 -0.9249 0.0459
vn -0.9725 0.2319 0.0197
vn -0.9469 -0.2866 -0.1459
vn -0.7581 -0.6143 -0.2189
vn -0.4383 -0.8547 -0.2781
vn -0.4390 -0.8811 -0.1761
vn -0.4760 -0.8749 -0.0895
vn -0.9020 -0.4308 -0.0284
vn -0.9609 -0.2757 -0.0240
vn -0.9630 -0.2685 -0.0240
vn -0.8223 -0.5676 -0.0415
vn -0.3930 -0.9167 -0.0720
vn 0.0094 0.9866 -0.1631
vn -0.0378 0.9804 -0.1932
vn 0.0170 0.9966 -0.0807
vn -0.0208 0.9962 -0.0851
vn -0.3946 -0.9145 -0.0895
vn -0.1783 0.9799 -0.0894
vn -0.3222 0.9087 -0.2655
vn -0.3686 0.9144 -0.1674
vn -0.7694 0.5553 -0.3156
vn -0.5507 0.7727 -0.3156
vn -0.7434 0.4190 -0.5213
vn 0.1968 -0.9759 -0.0938
vn -0.3324 0.8763 -0.3486
vn 0.4103 -0.9067 -0.0981
vn -0.3171 0.9442 -0.0894
vn 0.7794 -0.6157 -0.1155
vn 0.7878 -0.6041 -0.1198
vn 0.9879 -0.0980 -0.1198
vn 0.9869 -0.0980 -0.1285
vn -0.9497 0.2975 -0.0981
vn -0.9680 0.1430 -0.2060
vn -0.6697 0.0188 -0.7424
vn 0.1524 0.4689 -0.8700
vn 0.4595 0.1986 -0.8657
vn 0.9367 0.3334 -0.1068
vn 0.8877 0.4508 -0.0938
vn 0.7131 0.6958 -0.0851
vn 0.5758 0.8136 -0.0807
vn -0.1317 0.8093 -0.5725
vn 0.2208 0.9723 -0.0764
vn -0.3047 0.9524 0.0022
vn -0.0283 0.9960 -0.0851
vn -0.3099 0.9465 0.0895
vn -0.3186 0.9170 0.2402
vn -0.4544 0.8875 -0.0764
vn -0.2189 0.9689 0.1155
vn -0.1857 0.9736 0.1329
vn -0.0415 0.9914 0.1242
vn -0.6655 0.7429 -0.0720
vn -0.8929 0.4479 -0.0458
vn -0.0151 0.9850 0.1717
vn -0.0189 0.9684 0.2486
vn -0.9521 0.3046 -0.0284
vn -0.0471 0.9630 0.2655
vn -0.0452 0.9545 0.2949
vn -0.0490 0.9232 0.3812
vn -0.9895 0.1430 -0.0197
vn -0.9884 0.1504 -0.0196
vn 0.5779 0.7800 0.2401
vn 0.8891 0.4168 0.1889
vn 0.8896 0.4440 0.1068
vn 0.1055 0.9943 -0.0153
vn 0.0961 0.9840 0.1502
vn 0.6166 0.7871 -0.0153
vn -0.1035 0.9418 0.3198
vn -0.2020 0.8804 0.4291
vn 0.5908 0.7997 -0.1068
vn 0.0491 0.9910 -0.1242
vn 0.7979 -0.5984 -0.0720
vn 0.4945 -0.8666 -0.0677
vn 0.3155 -0.9465 -0.0677
vn 0.8223 -0.5676 -0.0415
vn -0.2036 0.8192 0.5361
vn 0.9951 -0.0076 -0.0982
vn -0.2510 0.6846 0.6844
vn -0.2432 0.6414 0.7276
vn -0.2362 0.4792 0.8453
vn 0.9975 -0.0679 -0.0197
vn -0.3839 0.4996 0.7766
vn -0.3013 0.6474 0.7001
vn -0.4623 0.5754 0.6747
vn -0.4200 0.7376 0.5287
vn -0.6062 0.6315 0.4835
vn 0.9837 -0.1728 0.0502
vn -0.5172 0.7703 0.3731
vn 0.7957 -0.6042 -0.0415
vn 0.3315 -0.9369 -0.1112
vn -0.5895 0.7306 0.3445
vn -0.3385 -0.9367 -0.0895
vn -0.6851 0.6132 0.3933
vn -0.3243 -0.9417 -0.0895
vn -0.8766 -0.4712 -0.0981
vn -0.8932 -0.4445 -0.0677
vn -0.6455 0.5974 0.4759
vn -0.4016 -0.9067 -0.1285
vn -0.5685 0.7043 0.4251
vn -0.6182 0.5849 0.5250
vn -0.5026 0.7699 0.3933
vn 0.4842 -0.8588 -0.1674
vn -0.1561 0.9793 -0.1285
vn 0.8540 -0.5170 -0.0590
vn 0.9836 -0.1653 0.0720
vn 0.4954 0.5142 -0.7001
vn 0.6177 0.2507 -0.7454
vn 0.6166 0.2856 -0.7336
vn 0.3448 0.7781 -0.5250
vn -0.1504 0.9884 -0.0197
vn 0.8818 0.4713 -0.0197
vn 0.8531 0.5107 -0.1069
vn 0.0676 -0.5374 0.8406
vn 0.0584 -0.6542 0.7541
vn 0.0732 -0.4682 0.8806
vn 0.2101 -0.7345 0.6452
vn 0.2201 -0.8383 0.4987
vn 0.3953 -0.8656 0.3074
vn 0.5179 -0.7512 0.4093
vn 0.7332 -0.6798 0.0153
vn 0.7636 -0.5959 0.2486
vn 0.7476 0.6569 -0.0982
vn 0.9304 -0.3542 0.0938
vn 0.9390 -0.3333 -0.0851
vn 0.9694 -0.2392 0.0546
vn 0.9886 -0.1505 -0.0065
vn 0.9918 -0.1280 0.0022
vn 0.0829 0.9917 -0.0982
vn 0.0566 0.9961 -0.0676
vn 0.9976 -0.0603 -0.0327
vn 0.6108 0.7798 0.1372
vn 0.9919 -0.0980 -0.0807
vn 0.7595 -0.2881 -0.5832
vn 0.1016 0.9575 0.2698
vn 0.6945 -0.2014 -0.6907
vn -0.3711 -0.3070 -0.8764
vn -0.0772 -0.5472 -0.8334
vn 0.5633 -0.6700 -0.4835
vn 0.3740 -0.9263 0.0459
vn 0.3448 -0.7880 0.5101
vn 0.2909 -0.3838 0.8764
vn 0.1615 -0.1973 0.9670
vn -0.6437 0.7544 -0.1285
vn 0.3263 -0.1392 0.9350
vn 0.4738 -0.3833 0.7928
vn -0.7747 0.6282 -0.0720
vn 0.9941 -0.0679 -0.0851
vn 0.9975 0.0377 -0.0589
vn 0.5248 -0.1341 0.8406
vn 0.7776 0.6284 -0.0240
vn 0.0302 0.9995 0.0022
vn -0.2547 0.8646 0.4330
vn -0.7124 0.7017 0.0066
vn -0.8747 0.4847 -0.0022
vn -0.8959 0.4410 -0.0546
vn -0.9302 0.3511 -0.1069
vn -0.9154 0.3894 -0.1025
vn -0.6289 0.7688 -0.1155
vn 0.4565 -0.8132 0.3609
vn -0.5740 0.8183 -0.0284
vn 0.1149 -0.9512 -0.2865
vn -0.5288 -0.5274 -0.6650
vn -0.5783 0.8056 0.1285
vn -0.6087 -0.3231 -0.7246
vn -0.6261 -0.3302 -0.7063
vn -0.5899 0.7760 0.2231
vn -0.4865 -0.6568 -0.5761
vn -0.0453 -0.9801 -0.1932
vn 0.0452 -0.9989 -0.0153
vn 0.4798 -0.8034 0.3527
vn 0.5065 -0.7216 0.4720
vn -0.5018 0.8540 0.1372
vn 0.1746 0.9610 0.2146
vn 0.5243 -0.8077 0.2697
vn 0.6729 -0.3958 0.6250
vn 0.5747 0.8019 0.1631
vn 0.7417 -0.1276 0.6585
vn 0.9187 0.3826 0.0982
vn 0.7828 -0.3722 0.4987
vn 0.9848 -0.1728 0.0153
vn 0.8603 -0.5040 -0.0764
vn 0.7215 -0.1051 0.6844
vn 0.7539 -0.1053 0.6485
vn 0.7068 -0.2586 0.6585
vn 0.7363 -0.3432 0.5832
vn 0.4524 -0.8768 -0.1631
vn 0.8313 -0.0979 0.5472
vn -0.4047 -0.8919 -0.2018
vn -0.4508 -0.8814 -0.1415
vn 0.9923 -0.1205 -0.0284
vn 0.8654 -0.4975 -0.0590
vn 0.4395 -0.8946 -0.0807
vn -0.0132 0.9865 -0.1631
vn -0.0208 0.9965 -0.0808
vn 0.0377 0.9804 -0.1932
vn 0.0170 0.9962 -0.0851
vn 0.1746 0.9806 -0.0894
vn 0.0415 0.9914 0.1242
vn -0.4359 -0.8959 -0.0851
vn 0.0151 0.9850 0.1717
vn 0.0189 0.9684 0.2486
vn -0.9119 -0.4068 -0.0546
vn 0.0509 0.9628 0.2655
vn 0.0452 0.9545 0.2949
vn 0.0490 0.9232 0.3812
vn -0.8788 -0.4711 -0.0764
vn -0.8860 -0.4542 -0.0938
vn 0.3222 0.9087 -0.2655
vn -0.8423 -0.5299 -0.0982
vn -0.4827 -0.8712 -0.0894
vn 0.3351 -0.9383 -0.0851
vn 0.0998 0.9422 0.3198
vn 0.1820 0.9743 0.1329
vn 0.8244 -0.5550 -0.1112
vn 0.9771 -0.1727 -0.1242
vn 0.2020 0.8804 0.4291
vn 0.1999 0.8201 0.5361
vn 0.9330 0.3543 -0.0633
vn 0.2510 0.6846 0.6844
vn 0.2432 0.6413 0.7277
vn 0.2361 0.4792 0.8453
vn 0.3869 0.4973 0.7766
vn 0.3047 0.6458 0.7001
vn 0.4652 0.5730 0.6747
vn 0.4168 0.7394 0.5287
vn 0.6089 0.6289 0.4835
vn 0.5203 0.7681 0.3731
vn 0.6851 0.6132 0.3933
vn 0.6512 0.7578 -0.0415
vn 0.1055 0.9940 -0.0284
vn 0.2584 0.8636 0.4330
vn 0.2226 0.9680 0.1155
vn 0.3686 0.9144 -0.1674
vn -0.5923 0.8050 -0.0328
vn -0.8920 0.4511 -0.0284
vn 0.7672 0.5583 -0.3156
vn -0.9211 0.3826 0.0720
vn 0.5538 0.7705 -0.3157
vn 0.3136 0.9453 -0.0895
vn 0.3186 0.9170 0.2401
vn -0.9321 0.3402 0.1242
vn -0.9238 0.3791 0.0546
vn 0.3064 0.9477 0.0895
vn 0.3324 0.8763 -0.3486
vn -0.9372 0.3473 -0.0328
vn -0.9233 0.3789 -0.0633
vn 0.3047 0.9524 0.0022
vn -0.8926 -0.4442 -0.0764
vn -0.8248 -0.5582 -0.0895
vn -0.9395 -0.3366 -0.0633
vn 0.5895 0.7306 0.3445
vn -0.9246 -0.3722 -0.0807
vn 0.6455 0.5974 0.4759
vn 0.5685 0.7043 0.4251
vn 0.6156 0.5877 0.5250
vn -0.9320 -0.3437 -0.1155
vn 0.5025 0.7699 0.3933
vn -0.9752 0.2063 -0.0808
vn 0.1598 0.9787 -0.1286
vn 0.1316 0.8093 -0.5725
vn 0.7434 0.4190 -0.5213
vn -0.9821 0.1877 -0.0153
vn 0.9680 0.1430 -0.2060
vn 0.9497 0.2975 -0.0981
vn -0.9889 0.1429 0.0415
vn -0.9843 0.1727 0.0371
vn 0.6698 0.0151 -0.7424
vn -0.1524 0.4689 -0.8700
vn -0.4954 0.5142 -0.7001
vn -0.3448 0.7781 -0.5250
vn -0.9749 0.2134 -0.0633
vn -0.6182 0.2821 -0.7336
vn -0.6177 0.2507 -0.7454
vn -0.4596 0.1985 -0.8657
vn -0.9716 0.2281 -0.0633
vn -0.9802 0.1914 -0.0502
vn -0.9182 0.3895 -0.0720
vn -0.5472 0.8322 -0.0895
vn 0.1504 0.9884 -0.0196
vn 0.0472 0.9906 -0.1285
vn 0.5358 0.8324 -0.1415
vn -0.3078 0.9228 0.2317
vn -0.3094 0.9155 0.2571
vn -0.4569 0.8166 0.3527
vn -0.5419 0.7227 0.4291
vn -0.7397 0.2945 0.6051
vn -0.7733 0.1685 0.6112
vn -0.7164 -0.3426 0.6077
vn -0.6916 -0.4261 0.5832
vn -0.4675 -0.7897 0.3973
vn -0.4178 -0.8091 0.4132
vn -0.0226 -0.9997 0.0022
vn 0.1261 -0.9903 -0.0589
vn 0.4392 -0.7935 -0.4212
vn 0.4483 -0.8495 -0.2781
vn 0.2520 -0.9659 0.0590
vn 0.4459 -0.8906 0.0894
vn 0.9034 0.4033 -0.1458
vn 0.9773 -0.1355 -0.1631
vn -0.2947 0.8654 0.4053
vn -0.5164 0.6588 0.5471
vn -0.3901 0.7008 0.5973
vn 0.8474 -0.5038 -0.1674
vn 0.3753 -0.9160 -0.1415
vn -0.7268 0.1719 0.6650
vn -0.6439 -0.3841 0.6617
vn -0.3253 -0.7889 0.5213
vn -0.4238 -0.8999 -0.1025
vn -0.5482 0.5709 0.6112
vn -0.9689 -0.2430 -0.0459
vn -0.6885 0.1643 0.7063
vn -0.6246 -0.3330 0.7063
vn -0.9806 -0.1951 -0.0197
vn -0.9803 -0.1950 -0.0328
vn -0.5651 0.5425 0.6215
vn -0.7080 0.1864 0.6812
vn -0.9732 -0.2136 -0.0851
vn -0.5902 0.4717 0.6552
vn -0.4959 0.6434 0.5832
vn -0.4558 0.6338 0.6249
vn -0.2566 0.8581 0.4448
vn -0.2758 0.7878 0.5508
vn -0.0528 0.9213 0.3852
vn -0.4324 0.6786 0.5938
vn 0.0151 0.9227 0.3852
vn -0.9725 -0.2134 -0.0938
vn -0.9003 -0.4240 -0.0982
vn -0.9052 -0.4203 -0.0633
vn -0.5720 -0.8149 -0.0938
vn -0.9773 -0.2098 -0.0284
vn -0.9650 -0.2355 0.1155
vn -0.9266 -0.3757 -0.0153
vn -0.9716 -0.2282 -0.0634
vn -0.5035 0.5821 0.6385
vn 0.4204 -0.9041 -0.0764
vn -0.7610 0.2770 0.5867
vn -0.7212 0.4997 0.4797
vn 0.8644 -0.4976 -0.0720
vn -0.9667 -0.1391 0.2146
vn -0.8741 -0.2202 0.4330
vn -0.8465 0.0038 0.5324
vn -0.4186 0.7050 0.5725
vn -0.4087 0.7079 0.5761
vn 0.8630 -0.5041 -0.0328
vn 0.0358 0.9153 0.4013
vn -0.4166 0.6914 0.5903
vn -0.0057 0.8753 0.4835
vn -0.3869 0.7055 0.5938
vn -0.1072 0.8466 0.5213
vn -0.1815 0.8292 0.5287
vn 0.4629 -0.8848 -0.0546
vn -0.2722 -0.9599 -0.0677
vn -0.5552 -0.8309 -0.0371
vn -0.8678 -0.4945 0.0502
vn -0.7772 -0.6002 0.1889
vn -0.8736 -0.1687 0.4565
vn -0.8779 -0.1316 0.4604
vn -0.9058 -0.4099 0.1069
vn -0.8780 -0.2786 0.3892
vn -0.8110 -0.5147 0.2781
vn -0.8518 -0.5237 0.0153
vn -0.8923 -0.4512 -0.0153
vn -0.8461 -0.4326 0.3115
vn -0.8628 -0.3916 0.3198
vn -0.4172 -0.9087 0.0153
vn 0.4580 -0.8888 -0.0153
vn -0.7834 -0.5878 0.2018
vn 0.9115 -0.4102 0.0284
vn 0.1408 -0.8903 0.4330
vn 0.9971 0.0754 0.0109
vn -0.3860 -0.6786 0.6250
vn -0.6545 -0.2614 0.7094
vn -0.7030 0.1936 0.6844
vn -0.6420 0.3641 0.6747
vn -0.5531 0.6529 0.5176
vn -0.3700 0.9068 0.2018
vn -0.4636 0.7375 0.4911
vn -0.0642 0.9665 0.2486
vn 0.7821 0.6223 0.0328
vn 0.6958 0.7051 0.1372
vn -0.0641 0.9956 0.0677
vn 0.9783 0.1280 0.1631
vn 0.6874 -0.6808 0.2529
vn 0.8770 -0.4642 0.1242
vn -0.8277 0.0866 0.5544
vn 0.4238 -0.8999 0.1025
vn -0.2973 -0.9490 0.1051
vn 0.3668 -0.9236 0.1112
vn -0.8533 0.2963 0.4291
vn 0.8566 -0.4568 0.2401
vn -0.9090 -0.3647 0.2018
vn -0.8334 -0.1833 0.5213
vn -0.5387 0.6677 0.5138
vn -0.4507 0.7454 0.4911
vn -0.0509 0.9604 0.2739
vn 0.9360 0.1278 0.3281
vn -0.8267 -0.0716 0.5581
vn 0.7023 0.6517 0.2865
vn -0.6877 -0.6597 0.3032
vn 0.1782 0.9673 0.1803
vn -0.7016 0.7123 0.0197
vn -0.8395 -0.1872 0.5100
vn -0.7710 0.6311 0.0851
vn -0.4613 0.7286 0.5063
vn -0.0866 0.9302 0.3568
vn -0.4234 0.7435 0.5175
vn -0.1707 0.8981 0.4053
vn -0.2440 0.8754 0.4172
vn -0.8591 0.4975 0.1199
vn -0.8364 0.5461 0.0459
vn -0.7033 -0.6487 0.2907
vn -0.8366 -0.1685 0.5213
vn -0.8515 0.5105 -0.1199
vn -0.8570 -0.5108 -0.0677
vn -0.9569 -0.2867 -0.0459
vn -0.9539 -0.2972 -0.0415
vn -0.8000 -0.3553 0.4835
vn -0.7022 -0.6089 0.3690
vn -0.8606 -0.5041 -0.0720
vn -0.7428 -0.5173 0.4251
vn -0.7809 -0.4501 0.4330
vn -0.5106 -0.8542 -0.0982
vn -0.2901 -0.9515 -0.1025
vn 0.1784 -0.9777 -0.1112
vn 0.4325 -0.8924 -0.1285
vn 0.7518 -0.6450 -0.1372
vn 0.8513 -0.5039 -0.1459
vn 0.9690 -0.2023 -0.1415
vn 0.9912 -0.0303 -0.1285
vn -0.6538 -0.1969 0.7306
vn 0.9132 0.3895 -0.1199
vn -0.4837 -0.5729 0.6617
vn -0.2421 -0.8477 0.4720
vn 0.1855 -0.8782 0.4409
vn 0.8129 -0.5803 0.0502
vn 0.9282 -0.1055 -0.3568
vn 0.8988 -0.4239 -0.1112
vn 0.9318 -0.0378 -0.3609
vn 0.8054 -0.5926 0.0109
vn 0.9118 0.3966 -0.1068
vn 0.8700 -0.4710 -0.1459
vn 0.9481 -0.0378 -0.3157
vn 0.6128 0.7805 -0.1242
vn 0.9510 -0.0604 -0.3032
vn 0.7328 -0.6794 0.0371
vn 0.6350 0.7617 -0.1286
vn 0.8351 -0.5489 -0.0371
vn 0.9606 -0.1055 -0.2571
vn 0.8048 -0.5922 -0.0415
vn 0.9564 -0.2025 -0.2103
vn 0.8570 -0.5042 -0.1069
vn 0.9522 -0.2467 -0.1804
vn 0.0566 0.9912 -0.1199
vn 0.0415 0.9919 -0.1199
vn -0.5660 0.8195 -0.0894
vn -0.5658 0.8192 -0.0938
vn 0.0697 -0.9300 0.3609
vn -0.0641 -0.8933 0.4448
vn 0.1129 -0.9159 0.3852
vn -0.0076 -0.9177 0.3973
vn -0.0679 -0.9348 0.3486
vn -0.4878 -0.7343 0.4720
vn -0.9209 0.3860 -0.0546
vn -0.4972 -0.7909 0.3568
vn -0.3283 -0.8494 0.4132
vn -0.9879 0.1503 -0.0371
vn 0.1762 -0.9221 0.3445
vn -0.9879 0.1504 -0.0371
vn 0.2819 -0.8678 0.4093
vn 0.0791 -0.7766 0.6250
vn -0.7359 -0.5104 0.4448
vn -0.6679 -0.4964 0.5544
vn -0.0433 -0.6286 0.7765
vn -0.3088 -0.8749 0.3731
vn -0.4434 -0.6776 0.5867
vn -0.2131 -0.9095 0.3568
vn -0.4382 -0.6686 0.6008
vn -0.1892 -0.9210 0.3404
vn 0.5927 -0.4995 0.6318
vn 0.6680 -0.5310 0.5213
vn 0.7113 -0.5345 0.4565
vn -0.3757 -0.8465 0.3771
vn -0.0697 -0.8169 0.5725
vn 0.5356 -0.7494 0.3892
vn -0.8279 -0.4692 0.3074
vn -0.9049 -0.3855 0.1803
vn 0.8791 -0.4233 0.2189
vn 0.4401 -0.8730 0.2103
vn -0.6000 -0.7386 0.3074
vn -0.8615 -0.4328 0.2655
vn -0.9686 -0.0076 0.2486
vn -0.8464 -0.1650 0.5063
vn -0.8094 0.3276 0.4873
vn -0.9041 0.2969 0.3074
vn -0.7283 0.0752 0.6811
vn -0.9948 -0.0491 0.0894
vn -0.7336 0.5069 0.4526
vn -0.6050 0.7820 0.1502
vn -0.6799 0.5480 0.4873
vn -0.3880 0.8629 0.3239
vn -0.9420 -0.3081 0.1329
vn -0.8814 -0.3849 0.2740
vn -0.9011 -0.3217 0.2907
vn -0.8933 -0.2787 0.3527
vn -0.8369 -0.2565 0.4835
vn -0.5497 -0.4460 0.7063
vn -0.0992 -0.5362 0.8382
vn -0.8291 -0.2528 0.4987
vn 0.3961 -0.4587 0.7955
vn 0.6837 -0.3215 0.6552
vn -0.7110 -0.6950 0.1068
vn 0.7403 -0.3087 0.5973
vn -0.7421 -0.4720 0.4758
vn -0.7244 0.4146 0.5508
vn -0.6676 0.5279 0.5250
vn -0.3590 0.8827 0.3032
vn 0.7846 -0.4065 0.4681
vn 0.7979 -0.4273 0.4251
vn -0.7551 -0.3613 0.5471
vn 0.7570 -0.4857 0.4370
vn -0.4529 -0.8498 0.2697
vn 0.8432 -0.3666 0.3932
vn 0.9989 -0.0302 -0.0371
vn 0.9170 -0.3896 -0.0851
vn -0.7280 -0.4581 0.5101
vn -0.6534 0.5269 0.5435
vn 0.9588 0.2464 -0.1416
vn -0.3581 0.8559 0.3731
vn -0.6079 0.5719 0.5508
vn -0.4007 0.8197 0.4093
vn -0.4391 0.7957 0.4172
vn 0.8681 0.4911 -0.0720
vn 0.8311 0.5488 0.0894
vn 0.9020 -0.4308 -0.0284
vn 0.9630 -0.2685 -0.0240
vn 0.9609 -0.2757 -0.0240
vn -0.4596 -0.8363 0.2990
vn -0.7144 -0.4408 0.5435
vn 0.3930 -0.9167 -0.0720
vn 0.3981 -0.9130 -0.0894
vn -0.6087 -0.6261 0.4873
vn -0.4709 -0.7956 0.3811
vn -0.2005 -0.9752 -0.0938
vn -0.4996 -0.7698 0.3973
vn -0.5196 -0.7543 0.4013
vn -0.4103 -0.9067 -0.0981
vn -0.7771 -0.6187 -0.1155
vn -0.7878 -0.6041 -0.1198
vn -0.9879 -0.0980 -0.1199
vn -0.9872 -0.0943 -0.1285
vn -0.9354 0.3369 -0.1068
vn -0.8860 0.4541 -0.0938
vn -0.7105 0.6985 -0.0851
vn -0.5048 -0.6736 0.5398
vn -0.5727 0.8158 -0.0807
vn -0.3866 -0.7451 0.5435
vn -0.3147 -0.7808 0.5398
vn -0.2208 0.9723 -0.0764
vn 0.0245 0.9961 -0.0851
vn 0.4544 0.8875 -0.0764
vn 0.6655 0.7429 -0.0720
vn -0.7695 0.6336 0.0807
vn -0.8301 0.1980 0.5213
vn -0.5874 -0.5422 0.6008
vn -0.6142 -0.5356 0.5796
vn -0.2984 -0.8869 0.3527
vn 0.8946 0.4446 -0.0459
vn -0.6773 -0.3990 0.6181
vn 0.9521 0.3046 -0.0284
vn -0.7316 0.3810 0.5653
vn -0.7449 0.4388 0.5025
vn -0.4809 0.8329 0.2739
vn 0.9895 0.1430 -0.0197
vn 0.9884 0.1504 -0.0196
vn -0.8875 0.4202 0.1889
vn -0.5779 0.7800 0.2401
vn -0.8896 0.4440 0.1068
vn -0.1055 0.9943 -0.0153
vn -0.6167 0.7871 -0.0153
vn -0.0998 0.9836 0.1502
vn -0.5878 0.8019 -0.1068
vn -0.0491 0.9910 -0.1242
vn -0.7979 -0.5984 -0.0720
vn -0.3155 -0.9465 -0.0677
vn -0.4945 -0.8666 -0.0677
vn -0.6429 -0.5007 0.5796
vn -0.3285 -0.8745 0.3568
vn -0.9951 -0.0076 -0.0982
vn -0.9975 -0.0679 -0.0197
vn -0.9843 -0.1691 0.0502
vn -0.6913 0.5042 0.5176
vn -0.7957 -0.6042 -0.0415
vn -0.4367 0.8670 0.2401
vn -0.6824 0.5162 0.5176
vn -0.4087 0.8637 0.2948
vn -0.6343 0.5743 0.5175
vn -0.4503 0.8202 0.3527
vn -0.5017 0.7785 0.3771
vn -0.3350 -0.9356 -0.1112
vn 0.3421 -0.9354 -0.0894
vn 0.3278 -0.9405 -0.0895
vn -0.6420 -0.4851 0.5938
vn 0.8765 -0.4712 -0.0982
vn -0.5132 -0.6582 0.5508
vn -0.3261 -0.8403 0.4330
vn 0.8932 -0.4445 -0.0677
vn -0.3844 -0.7864 0.4835
vn -0.4485 -0.7417 0.4987
vn 0.3982 -0.9083 -0.1285
vn -0.4838 -0.8582 -0.1717
vn -0.8559 -0.5138 -0.0590
vn -0.9836 -0.1653 0.0720
vn -0.7724 -0.0000 0.6351
vn -0.7695 0.0113 0.6385
vn -0.7669 0.0038 0.6418
vn -0.7639 0.0113 0.6452
vn -0.7612 -0.0000 0.6485
vn -0.8818 0.4713 -0.0197
vn 0.5392 -0.8109 0.2274
vn 0.5282 -0.8193 0.2231
vn 0.5251 -0.8189 0.2316
vn 0.5218 -0.8234 0.2231
vn 0.5302 -0.8203 0.2146
vn -0.8550 0.5075 -0.1068
vn -0.7476 0.6569 -0.0981
vn -0.0829 0.9917 -0.0982
vn -0.0566 0.9961 -0.0677
vn -0.6079 0.7821 0.1372
vn -0.7580 -0.0226 0.6519
vn -0.7582 -0.0151 0.6519
vn -0.7552 -0.0189 0.6552
vn -0.7525 -0.0113 0.6585
vn -0.7493 -0.0264 0.6617
vn -0.1016 0.9576 0.2697
vn -0.7376 0.3014 0.6043
vn -0.7347 0.3084 0.6043
vn -0.7348 0.3013 0.6077
vn -0.7319 0.3083 0.6078
vn -0.7332 0.2981 0.6112
vn -0.7715 0.2701 0.5760
vn -0.7636 0.2771 0.5832
vn -0.7594 0.2737 0.5903
vn -0.7644 0.2595 0.5903
vn 0.6466 0.7519 -0.1285
vn 0.7747 0.6282 -0.0720
vn -0.9943 -0.0641 -0.0851
vn 0.3078 0.9228 0.2317
vn 0.4536 0.8184 0.3527
vn 0.3058 0.9167 0.2571
vn 0.5418 0.7227 0.4291
vn 0.7404 0.2944 0.6043
vn 0.7725 0.1722 0.6112
vn 0.7164 -0.3427 0.6077
vn 0.6896 -0.4293 0.5832
vn 0.4675 -0.7897 0.3973
vn 0.4178 -0.8091 0.4133
vn 0.0226 -0.9997 0.0021
vn -0.1298 -0.9898 -0.0589
vn -0.4360 -0.7953 -0.4212
vn -0.4450 -0.8513 -0.2781
vn -0.2556 -0.9650 0.0590
vn -0.4493 -0.8889 0.0895
vn -0.9974 0.0415 -0.0589
vn -0.7776 0.6284 -0.0240
vn -0.0302 0.9995 0.0022
vn 0.2911 0.8666 0.4053
vn 0.5193 0.6565 0.5471
vn 0.3901 0.7008 0.5973
vn 0.7124 0.7017 0.0065
vn 0.8747 0.4847 -0.0022
vn 0.8975 0.4376 -0.0546
vn 0.7268 0.1720 0.6650
vn 0.6458 -0.3808 0.6617
vn 0.3288 -0.7875 0.5213
vn 0.9316 0.3475 -0.1068
vn 0.9154 0.3894 -0.1025
vn 0.6260 0.7712 -0.1155
vn 0.5509 0.5683 0.6112
vn 0.5740 0.8184 -0.0284
vn 0.5752 0.8078 0.1286
vn 0.6886 0.1643 0.7063
vn 0.6246 -0.3330 0.7063
vn 0.3859 -0.6786 0.6249
vn 0.5899 0.7760 0.2231
vn -0.1371 -0.8909 0.4331
vn 0.5050 0.8521 0.1372
vn -0.6901 -0.6781 0.2528
vn -0.1892 -0.8774 0.4409
vn -0.8147 -0.5777 0.0494
vn -0.2819 -0.8678 0.4093
vn -0.8972 -0.4273 -0.1112
vn -0.8054 -0.5926 0.0109
vn -0.9318 -0.0377 -0.3609
vn -0.8718 -0.4677 -0.1458
vn -0.9483 -0.0340 -0.3157
vn -0.1783 0.9603 0.2146
vn -0.9513 -0.0566 -0.3032
vn -0.7328 -0.6794 0.0371
vn -0.8351 -0.5489 -0.0371
vn -0.9606 -0.1055 -0.2571
vn -0.8048 -0.5921 -0.0415
vn -0.9556 -0.2062 -0.2103
vn -0.8550 -0.5075 -0.1068
vn -0.9514 -0.2465 -0.1846
vn -0.5716 0.8041 0.1631
vn -0.9187 0.3826 0.0982
vn -0.9278 -0.1093 -0.3568
vn -0.9848 -0.1728 0.0153
vn -0.8603 -0.5040 -0.0764
vn -0.4491 -0.8785 -0.1631
vn -0.0734 -0.9297 0.3609
vn 0.0641 -0.8933 0.4448
vn -0.1130 -0.9159 0.3852
vn 0.0076 -0.9177 0.3973
vn 0.0679 -0.9348 0.3486
vn 0.4941 -0.7301 0.4720
vn 0.4012 -0.8935 -0.2018
vn 0.4972 -0.7909 0.3568
vn 0.3283 -0.8494 0.4132
vn -0.1762 -0.9221 0.3445
vn 0.4508 -0.8814 -0.1415
vn -0.9923 -0.1205 -0.0284
vn -0.8636 -0.5008 -0.0590
vn -0.4429 -0.8929 -0.0808
vn 0.4393 -0.8943 -0.0851
vn 0.9134 -0.4034 -0.0546
vn 0.2421 -0.8477 0.4720
vn 0.8788 -0.4711 -0.0764
vn 0.4865 -0.5704 0.6617
vn 0.6559 -0.2579 0.7094
vn 0.6526 -0.2006 0.7306
vn 0.4403 -0.6797 0.5867
vn 0.8464 -0.1650 0.5063
vn 0.8842 -0.4576 -0.0938
vn 0.4382 -0.6686 0.6008
vn 0.2205 -0.9078 0.3568
vn 0.1855 -0.9218 0.3404
vn 0.8423 -0.5299 -0.0982
vn 0.5875 -0.5422 0.6008
vn 0.8310 0.1944 0.5213
vn -0.3386 -0.9371 -0.0851
vn 0.7695 0.6336 0.0807
vn 0.7449 0.4388 0.5025
vn 0.6166 -0.5327 0.5796
vn -0.8222 -0.5582 -0.1112
vn 0.2949 -0.8880 0.3527
vn 0.6792 -0.3958 0.6181
vn -0.9771 -0.1727 -0.1242
vn 0.7299 0.3844 0.5653
vn 0.4842 0.8310 0.2739
vn -0.9316 0.3579 -0.0633
vn -0.6512 0.7578 -0.0415
vn 0.3124 -0.8736 0.3731
vn -0.1055 0.9940 -0.0284
vn 0.5923 0.8050 -0.0328
vn 0.8920 0.4511 -0.0284
vn 0.9211 0.3826 0.0720
vn 0.9321 0.3402 0.1242
vn 0.9223 0.3825 0.0546
vn 0.6891 0.5072 0.5175
vn 0.6406 -0.5037 0.5796
vn 0.9372 0.3474 -0.0328
vn 0.3286 -0.8745 0.3568
vn 0.6420 -0.4851 0.5938
vn 0.3246 -0.8429 0.4291
vn 0.5102 -0.6605 0.5508
vn 0.3878 -0.7847 0.4835
vn 0.4485 -0.7417 0.4987
vn 0.9218 0.3824 -0.0633
vn 0.8926 -0.4442 -0.0764
vn 0.9408 -0.3330 -0.0633
vn 0.8227 -0.5614 -0.0894
vn 0.4366 0.8670 0.2401
vn 0.6846 0.5132 0.5176
vn 0.9260 -0.3687 -0.0808
vn 0.6368 0.5715 0.5176
vn 0.9306 -0.3472 -0.1155
vn 0.9759 0.2025 -0.0807
vn 0.9821 0.1877 -0.0153
vn 0.4087 0.8637 0.2948
vn 0.4470 0.8221 0.3527
vn 0.5049 0.7764 0.3771
vn 0.9889 0.1429 0.0415
vn 0.9843 0.1727 0.0371
vn 0.5625 0.5452 0.6215
vn 0.5063 0.5796 0.6385
vn 0.4929 0.6457 0.5832
vn 0.9741 0.2171 -0.0633
vn 0.9707 0.2318 -0.0633
vn 0.9795 0.1951 -0.0502
vn 0.7080 0.1865 0.6812
vn 0.9182 0.3895 -0.0720
vn 0.7030 0.1936 0.6844
vn 0.7283 0.0752 0.6812
vn 0.8291 -0.2528 0.4987
vn 0.7110 -0.6950 0.1068
vn 0.7421 -0.4720 0.4759
vn 0.4529 -0.8498 0.2697
vn 0.7567 -0.3578 0.5471
vn 0.5441 0.8342 -0.0894
vn 0.7280 -0.4581 0.5101
vn 0.4596 -0.8363 0.2990
vn 0.7124 -0.4440 0.5435
vn 0.4709 -0.7956 0.3811
vn 0.6114 -0.6234 0.4873
vn 0.4996 -0.7698 0.3973
vn 0.5165 -0.7564 0.4013
vn -0.0434 0.9908 -0.1285
vn -0.5358 0.8324 -0.1415
vn -0.9049 0.3999 -0.1459
vn 0.6053 0.5746 0.5508
vn 0.6558 0.5240 0.5435
vn 0.6652 0.5309 0.5250
vn 0.7225 0.4179 0.5508
vn 0.6775 0.5509 0.4873
vn 0.7315 0.5100 0.4526
vn 0.8533 0.2963 0.4291
vn -0.9767 -0.1392 -0.1631
vn -0.8474 -0.5038 -0.1674
vn -0.3753 -0.9160 -0.1415
vn 0.6080 0.7796 0.1502
vn 0.3880 0.8628 0.3239
vn 0.3555 0.8841 0.3032
vn 0.3615 0.8545 0.3731
vn 0.4007 0.8197 0.4093
vn 0.4424 0.7939 0.4172
vn 0.4238 -0.8999 -0.1025
vn 0.9076 -0.3682 0.2018
vn 0.8273 0.0904 0.5544
vn 0.6438 0.3608 0.6747
vn 0.5925 0.4687 0.6552
vn 0.9680 -0.2467 -0.0458
vn 0.4558 0.6338 0.6249
vn 0.2566 0.8581 0.4448
vn 0.2794 0.7865 0.5508
vn 0.0528 0.9213 0.3852
vn 0.4324 0.6786 0.5938
vn -0.0151 0.9227 0.3852
vn 0.9806 -0.1951 -0.0197
vn 0.9803 -0.1950 -0.0328
vn 0.7622 0.2734 0.5867
vn 0.7233 0.4966 0.4797
vn 0.9740 -0.2099 -0.0851
vn 0.5559 0.6505 0.5175
vn 0.9716 -0.2170 -0.0938
vn 0.9067 -0.4169 -0.0633
vn 0.9003 -0.4240 -0.0982
vn 0.5750 -0.8127 -0.0938
vn 0.9773 -0.2098 -0.0284
vn 0.9266 -0.3757 -0.0153
vn 0.9653 -0.2319 0.1199
vn 0.3735 0.9054 0.2018
vn 0.9662 -0.1429 0.2146
vn 0.8731 -0.2239 0.4330
vn 0.8488 -0.0000 0.5287
vn 0.7749 -0.6032 0.1889
vn 0.8743 -0.1650 0.4565
vn 0.7811 -0.5909 0.2018
vn 0.8773 -0.1353 0.4604
vn 0.8110 -0.5147 0.2781
vn 0.8769 -0.2821 0.3892
vn 0.8444 -0.4359 0.3115
vn 0.8612 -0.3950 0.3198
vn 0.9724 -0.2244 -0.0633
vn -0.4204 -0.9041 -0.0764
vn 0.3870 0.7055 0.5938
vn 0.4147 0.6955 0.5867
vn 0.4054 0.7098 0.5761
vn 0.4154 0.7069 0.5725
vn -0.0321 0.9154 0.4013
vn 0.0019 0.8753 0.4835
vn 0.1034 0.8471 0.5213
vn 0.1778 0.8300 0.5287
vn -0.8644 -0.4976 -0.0720
vn -0.8630 -0.5041 -0.0328
vn 0.5018 -0.6759 0.5398
vn 0.3833 -0.7468 0.5435
vn 0.3182 -0.7793 0.5398
vn -0.4662 -0.8830 -0.0546
vn 0.2722 -0.9599 -0.0677
vn 0.4668 0.7355 0.4911
vn 0.5552 -0.8309 -0.0371
vn 0.8343 -0.1796 0.5213
vn 0.6903 -0.6569 0.3032
vn 0.8694 -0.4911 0.0546
vn 0.8264 -0.0754 0.5581
vn 0.5416 0.6654 0.5138
vn 0.4539 0.7435 0.4911
vn 0.0641 0.9665 0.2486
vn 0.0547 0.9602 0.2739
vn 0.9089 -0.4030 0.1069
vn 0.8517 -0.5237 0.0197
vn 0.8923 -0.4513 -0.0109
vn 0.4241 -0.9055 0.0153
vn -0.4580 -0.8888 -0.0153
vn 0.7828 -0.4469 0.4330
vn 0.7984 -0.3588 0.4835
vn 0.7428 -0.5173 0.4251
vn 0.7022 -0.6089 0.3690
vn 0.8358 -0.1722 0.5213
vn 0.7008 -0.6515 0.2907
vn 0.8395 -0.1872 0.5100
vn -0.9115 -0.4103 0.0284
vn -0.9971 0.0755 0.0109
vn 0.4613 0.7286 0.5063
vn 0.0866 0.9302 0.3568
vn 0.4201 0.7454 0.5175
vn 0.1744 0.8974 0.4053
vn 0.2404 0.8764 0.4172
vn -0.7821 0.6223 0.0328
vn 0.0566 0.9958 0.0720
vn -0.6931 0.7077 0.1372
vn -0.9788 0.1242 0.1631
vn 0.7724 -0.0000 0.6351
vn 0.7668 0.0075 0.6419
vn 0.7696 0.0076 0.6385
vn 0.7640 0.0075 0.6452
vn 0.7612 -0.0000 0.6485
vn -0.8770 -0.4642 0.1242
vn -0.4240 -0.9003 0.0981
vn -0.3632 -0.9250 0.1112
vn 0.3046 -0.9470 0.1025
vn -0.5361 -0.8129 0.2274
vn -0.5251 -0.8189 0.2316
vn -0.5281 -0.8193 0.2231
vn -0.5218 -0.8234 0.2231
vn -0.5334 -0.8182 0.2146
vn -0.8566 -0.4568 0.2401
vn 0.7580 -0.0226 0.6519
vn 0.7553 -0.0151 0.6552
vn 0.7582 -0.0151 0.6519
vn 0.7525 -0.0151 0.6585
vn 0.7494 -0.0226 0.6617
vn -0.9374 0.1279 0.3239
vn 0.7376 0.3014 0.6043
vn 0.7348 0.3013 0.6077
vn 0.7347 0.3084 0.6043
vn -0.7064 0.6491 0.2823
vn 0.7319 0.3082 0.6078
vn 0.7317 0.3016 0.6112
vn -0.1820 0.9674 0.1760
vn 0.7016 0.7123 0.0197
vn 0.7727 0.2666 0.5760
vn 0.7649 0.2735 0.5832
vn 0.7623 0.2806 0.5832
vn 0.7686 0.6340 0.0851
vn 0.7594 0.2737 0.5903
vn 0.7644 0.2595 0.5903
vn 0.8591 0.4975 0.1199
vn 0.8344 0.5493 0.0459
vn 0.6964 -0.2445 -0.6747
vn 0.7460 -0.1650 -0.6452
vn 0.6984 0.0151 -0.7155
vn 0.6957 0.2375 -0.6780
vn 0.5222 0.6289 -0.5760
vn 0.5270 0.7093 -0.4681
vn 0.3091 0.8782 -0.3649
vn 0.3257 0.9145 -0.2402
vn 0.5588 0.7544 -0.3445
vn 0.3118 0.9501 -0.0065
vn 0.5997 0.7503 -0.2781
vn 0.3966 0.9180 0.0065
vn 0.5914 0.7657 -0.2528
vn 0.4101 0.9113 -0.0371
vn 0.6119 0.7119 -0.3446
vn 0.4240 0.9053 -0.0240
vn 0.8523 0.5102 -0.1155
vn 0.4640 0.8690 -0.1717
vn 0.6114 0.6652 -0.4286
vn 0.5326 0.8269 -0.1803
vn 0.6770 0.4490 -0.5832
vn 0.6185 0.7704 -0.1545
vn 0.8570 -0.5108 -0.0677
vn 0.9539 -0.2972 -0.0415
vn 0.9580 -0.2831 -0.0459
vn 0.8606 -0.5041 -0.0720
vn 0.5106 -0.8542 -0.0982
vn 0.2902 -0.9515 -0.1025
vn 0.6195 0.0679 -0.7820
vn -0.1747 -0.9783 -0.1112
vn 0.7267 0.2448 -0.6419
vn -0.4359 -0.8908 -0.1285
vn 0.7077 0.3360 -0.6215
vn 0.7537 0.2234 -0.6181
vn -0.7517 -0.6450 -0.1372
vn -0.8494 -0.5071 -0.1459
vn -0.9690 -0.2024 -0.1415
vn 0.9134 -0.0679 -0.4013
vn 0.8501 0.1799 -0.4950
vn 0.9497 -0.0603 -0.3074
vn -0.9914 -0.0264 -0.1285
vn 0.8596 0.1652 -0.4835
vn 0.5369 0.4889 -0.6875
vn 0.5386 0.5613 -0.6284
vn -0.9132 0.3895 -0.1199
vn -0.9133 0.3931 -0.1068
vn -0.6128 0.7805 -0.1242
vn -0.6379 0.7593 -0.1286
vn 0.6447 0.3069 -0.7001
vn -0.0566 0.9912 -0.1199
vn -0.0415 0.9919 -0.1199
vn 0.5691 0.8174 -0.0895
vn 0.5560 0.1930 -0.8085
vn 0.5689 0.8170 -0.0938
vn 0.4986 -0.0453 -0.8657
vn 0.9223 0.3826 -0.0546
vn 0.0952 0.3075 -0.9468
vn -0.1537 0.6782 -0.7186
vn -0.0076 0.8322 -0.5544
vn 0.3481 0.7638 -0.5435
vn 0.9194 0.3895 -0.0546
vn 0.3781 0.7303 -0.5689
vn 0.9879 0.1503 -0.0371
vn -0.1745 0.8765 -0.4487
vn 0.9879 0.1504 -0.0371
vn -0.8133 0.5703 -0.1155
vn -0.0791 -0.7766 0.6250
vn 0.6673 -0.4932 0.5581
vn 0.7378 -0.5043 0.4487
vn -0.9627 0.2355 -0.1329
vn -0.7640 0.0037 -0.6452
vn 0.0396 -0.6288 0.7766
vn -0.5959 -0.5000 0.6284
vn -0.6684 -0.5341 0.5176
vn -0.7115 -0.5375 0.4526
vn 0.0696 -0.8144 0.5761
vn 0.3772 -0.8441 0.3812
vn -0.5375 -0.7501 0.3852
vn 0.8264 -0.4691 0.3115
vn 0.9025 -0.3892 0.1846
vn -0.9754 -0.1652 0.1458
vn -0.7679 -0.6120 -0.1889
vn -0.8813 -0.4232 0.2103
vn -0.9727 -0.0151 0.2316
vn -0.7687 0.6275 -0.1242
vn -0.0717 0.8703 -0.4873
vn -0.0377 0.8115 -0.5832
vn 0.3768 0.6930 -0.6147
vn -0.4401 -0.8730 0.2103
vn 0.2749 0.5440 -0.7928
vn -0.3046 0.6182 -0.7247
vn -0.3396 0.3195 -0.8847
vn -0.0731 0.3007 -0.9509
vn 0.6042 -0.7335 0.3115
vn -0.5560 -0.0151 -0.8310
vn -0.8878 -0.0829 -0.4526
vn -0.9147 -0.2243 -0.3363
vn -0.9618 -0.2060 0.1804
vn -0.9200 0.2207 -0.3239
vn -0.9544 0.2974 -0.0240
vn 0.8619 -0.4294 0.2697
vn 0.9675 -0.0000 0.2528
vn 0.9003 0.3040 0.3115
vn 0.8057 0.3312 0.4911
vn 0.9942 -0.0528 0.0938
vn 0.9426 -0.3043 0.1372
vn 0.8815 -0.3815 0.2781
vn 0.9010 -0.3181 0.2949
vn -0.9591 -0.1355 0.2486
vn 0.8928 -0.2750 0.3568
vn 0.8358 -0.2529 0.4873
vn 0.2232 -0.0302 -0.9743
vn 0.5497 -0.4460 0.7063
vn 0.0955 -0.5369 0.8382
vn -0.3932 -0.4611 0.7955
vn 0.4122 -0.3788 -0.8286
vn 0.7956 0.1205 -0.5938
vn -0.6837 -0.3281 0.6519
vn -0.7401 -0.3158 0.5937
vn -0.7869 -0.4064 0.4643
vn 0.3117 -0.7006 -0.6419
vn -0.6040 -0.3865 -0.6970
vn -0.7980 -0.4310 0.4212
vn -0.7574 -0.4888 0.4330
vn -0.1893 -0.9116 -0.3649
vn 0.4652 -0.6025 -0.6485
vn 0.8048 0.2020 -0.5580
vn -0.8434 -0.3703 0.3892
vn -0.9987 -0.0302 -0.0415
vn -0.9152 -0.3929 -0.0894
vn 0.3350 -0.6609 -0.6715
vn -0.1985 -0.8793 -0.4330
vn -0.9590 0.2429 -0.1459
vn -0.8716 0.4843 -0.0764
vn -0.8335 0.5459 0.0851
vn -0.6493 0.3749 -0.6617
vn -0.4711 -0.5406 -0.6970
vn -0.7298 0.3263 -0.6008
vn -0.9819 -0.1876 -0.0240
vn -0.5218 0.8484 -0.0894
vn 0.2334 0.5325 -0.8136
vn 0.5882 0.7428 -0.3198
vn -0.2423 -0.6651 -0.7063
vn 0.7955 0.0453 -0.6043
vn -0.4638 0.3201 -0.8261
vn -0.1081 -0.3719 -0.9220
vn 0.2882 0.0151 -0.9574
vn 0.4724 -0.0377 -0.8806
vn -0.0378 -0.6390 -0.7682
vn -0.0435 -0.5436 -0.8382
vn -0.0327 0.0219 -0.9992
vn -0.1912 -0.9251 -0.3281
vn -0.5882 0.7428 -0.3198
vn -0.5587 0.7767 -0.2907
vn -0.7530 0.2161 -0.6215
vn 0.1968 -0.9473 -0.2528
vn 0.4864 -0.4837 -0.7276
vn 0.4995 -0.4608 -0.7336
vn -0.7678 0.2491 -0.5903
vn 0.2885 -0.0076 -0.9575
vn -0.7953 0.0491 -0.6043
vn -0.5182 -0.5876 -0.6215
vn -0.2565 -0.8091 -0.5287
vn -0.4614 0.7992 -0.3852
vn -0.3306 0.5826 -0.7425
vn 0.2865 -0.9356 -0.2061
vn -0.1029 0.4023 -0.9097
vn 0.5756 -0.5355 -0.6180
vn 0.3276 -0.9104 -0.2528
vn 0.5875 -0.5182 -0.6215
vn 0.1089 0.0446 -0.9930
vn 0.5652 0.3715 -0.7366
vn 0.4984 0.4850 -0.7186
vn -0.0734 0.5104 -0.8568
vn 0.1510 -0.3522 -0.9237
vn 0.1607 -0.6022 -0.7820
vn 0.1838 -0.8973 -0.4013
vn 0.3008 -0.9160 -0.2655
vn 0.6277 -0.3137 -0.7125
vn 0.4662 -0.6590 -0.5903
vn 0.1653 -0.9424 -0.2907
vn 0.2727 -0.4421 -0.8545
vn 0.0151 -0.6729 -0.7395
vn -0.0682 -0.0150 -0.9976
vn -0.0678 -0.4137 -0.9079
vn 0.1224 -0.9502 -0.2865
vn -0.1930 -0.0302 -0.9807
vn -0.1207 0.3594 -0.9253
vn -0.0189 0.6229 -0.7820
vn 0.1093 -0.9677 -0.2274
vn 0.1621 0.5283 -0.8334
vn -0.3992 -0.7568 -0.5175
vn 0.1081 -0.3718 -0.9220
vn 0.0698 0.9024 -0.4252
vn 0.4553 0.4914 -0.7425
vn 0.8316 -0.5295 -0.1674
vn 0.7949 0.5794 -0.1803
vn 0.5001 0.5388 -0.6780
vn 0.4966 0.5380 -0.6812
vn 0.1893 0.8997 -0.3933
vn -0.1875 0.9087 -0.3731
vn -0.0359 0.6591 -0.7512
vn -0.2801 0.4549 -0.8453
vn 0.1393 0.9105 -0.3893
vn -0.5110 0.5604 -0.6519
vn -0.2917 0.9099 -0.2949
vn -0.5642 0.5588 -0.6078
vn -0.6115 -0.3061 -0.7297
vn -0.4174 -0.5322 -0.7366
vn -0.1687 -0.4873 -0.8568
vn 0.0885 0.0372 -0.9954
vn 0.1371 0.3877 -0.9115
vn 0.2582 0.0227 -0.9658
vn 0.1824 -0.3184 -0.9302
vn 0.0057 -0.5955 -0.8033
vn 0.7865 0.3590 -0.5025
vn 0.4446 -0.4607 -0.7682
vn 0.2126 -0.5712 -0.7928
vn -0.2780 -0.7971 -0.5361
vn 0.0284 -0.4262 -0.9042
vn -0.2214 -0.4740 -0.8522
vn 0.0468 0.1540 -0.9870
vn -0.2300 -0.2193 -0.9482
vn -0.0792 0.1925 -0.9781
vn -0.0811 -0.8920 -0.4448
vn 0.1928 0.5295 -0.8261
vn 0.4088 0.6250 -0.6650
vn 0.5309 0.3755 -0.7597
vn 0.5714 0.7736 -0.2739
vn 0.7169 0.3979 -0.5725
vn 0.7719 0.3795 -0.5101
vn -0.2316 -0.9034 -0.3609
vn -0.5027 -0.6148 -0.6078
vn -0.6044 0.4765 -0.6385
vn -0.2738 0.9232 -0.2697
vn -0.6691 0.4227 -0.6112
vn -0.6276 -0.4205 -0.6551
vn -0.6964 -0.2445 -0.6747
vn -0.6985 0.0113 -0.7155
vn -0.7468 -0.1613 -0.6452
vn -0.6969 0.2340 -0.6780
vn -0.5222 0.6289 -0.5760
vn -0.5240 0.7115 -0.4681
vn -0.3127 0.8769 -0.3650
vn -0.2298 -0.9148 -0.3322
vn -0.3257 0.9145 -0.2401
vn -0.5618 0.7521 -0.3446
vn -0.3119 0.9501 -0.0066
vn -0.5968 0.7527 -0.2781
vn -0.3966 0.9180 0.0066
vn -0.5884 0.7680 -0.2529
vn -0.4101 0.9113 -0.0371
vn -0.6148 0.7095 -0.3445
vn -0.4240 0.9053 -0.0240
vn -0.4640 0.8690 -0.1717
vn -0.6080 0.6680 -0.4291
vn -0.5326 0.8269 -0.1803
vn -0.6770 0.4490 -0.5832
vn -0.6185 0.7704 -0.1545
vn -0.6505 -0.4316 -0.6250
vn -0.6872 0.4135 -0.5973
vn -0.6195 0.0679 -0.7820
vn -0.0170 -0.3788 -0.9253
vn 0.0697 0.5109 -0.8568
vn -0.2885 -0.0076 -0.9575
vn -0.7267 0.2449 -0.6419
vn -0.2882 0.0151 -0.9575
vn -0.7077 0.3360 -0.6215
vn -0.7537 0.2235 -0.6181
vn -0.0922 0.5300 -0.8430
vn -0.9134 -0.0679 -0.4013
vn -0.8493 0.1836 -0.4949
vn -0.9497 -0.0603 -0.3074
vn -0.8596 0.1652 -0.4835
vn -0.5369 0.4889 -0.6875
vn -0.5413 0.5587 -0.6284
vn -0.6447 0.3069 -0.7001
vn 0.5651 -0.7552 -0.3322
vn 0.9036 0.3329 -0.2697
vn -0.5572 0.1894 -0.8085
vn -0.1393 0.9105 -0.3892
vn -0.4986 -0.0453 -0.8657
vn 0.6493 0.3749 -0.6617
vn 0.7282 0.3298 -0.6008
vn 0.4711 -0.5406 -0.6970
vn -0.0915 0.3086 -0.9468
vn 0.1537 0.6782 -0.7186
vn 0.0076 0.8322 -0.5544
vn -0.3481 0.7638 -0.5435
vn 0.2388 -0.6664 -0.7063
vn -0.3781 0.7304 -0.5689
vn 0.4637 0.3201 -0.8261
vn 0.1782 0.8757 -0.4487
vn 0.0472 -0.5433 -0.8382
vn 0.8154 0.5672 -0.1155
vn 0.0327 0.0219 -0.9992
vn 0.9636 0.2318 -0.1329
vn 0.7640 -0.0000 -0.6452
vn 0.7530 0.2161 -0.6215
vn 0.5604 0.7771 -0.2865
vn 0.7666 0.2527 -0.5903
vn 0.5181 -0.5876 -0.6215
vn 0.2566 -0.8091 -0.5288
vn 0.9754 -0.1652 0.1459
vn 0.7702 -0.6091 -0.1889
vn 0.4614 0.7992 -0.3852
vn 0.9727 -0.0151 0.2316
vn 0.7687 0.6274 -0.1242
vn 0.0717 0.8702 -0.4874
vn 0.0378 0.8115 -0.5832
vn -0.3768 0.6930 -0.6147
vn 0.3339 0.5808 -0.7425
vn -0.2782 0.5423 -0.7928
vn 0.3080 0.6165 -0.7247
vn 0.3369 0.3222 -0.8847
vn 0.0694 0.3016 -0.9509
vn 0.1066 0.4013 -0.9097
vn 0.5560 -0.0151 -0.8310
vn 0.8878 -0.0829 -0.4526
vn 0.9147 -0.2242 -0.3363
vn -0.1103 0.0410 -0.9931
vn 0.9610 -0.2097 0.1804
vn 0.9191 0.2244 -0.3239
vn 0.9544 0.2974 -0.0240
vn -0.1510 -0.3522 -0.9237
vn -0.1607 -0.6022 -0.7820
vn -0.1838 -0.8973 -0.4013
vn -0.1187 -0.9507 -0.2865
vn -0.1093 -0.9676 -0.2274
vn 0.9591 -0.1355 0.2486
vn 0.3992 -0.7568 -0.5176
vn -0.2237 -0.0264 -0.9743
vn -0.8316 -0.5295 -0.1674
vn -0.7949 0.5794 -0.1803
vn 0.1875 0.9087 -0.3731
vn 0.2801 0.4549 -0.8453
vn 0.0396 0.6589 -0.7512
vn -0.4077 -0.3784 -0.8310
vn -0.7950 0.1242 -0.5938
vn -0.8048 0.2020 -0.5581
vn 0.5082 0.5629 -0.6519
vn -0.7849 0.3624 -0.5025
vn -0.6231 0.7736 -0.1155
vn -0.7702 0.3829 -0.5100
vn 0.2953 0.9088 -0.2948
vn -0.7169 0.3979 -0.5725
vn -0.5714 0.7736 -0.2739
vn -0.5287 0.3785 -0.7598
vn -0.4057 0.6271 -0.6650
vn -0.0432 0.1551 -0.9870
vn -0.1927 0.5295 -0.8261
vn 0.5642 0.5589 -0.6078
vn 0.0827 0.1911 -0.9781
vn 0.6104 -0.3060 -0.7306
vn 0.2300 -0.2193 -0.9482
vn 0.4175 -0.5322 -0.7366
vn 0.2179 -0.4756 -0.8522
vn -0.0246 -0.4264 -0.9042
vn 0.2780 -0.7970 -0.5361
vn -0.2091 -0.5725 -0.7928
vn 0.1651 -0.4885 -0.8568
vn -0.4446 -0.4607 -0.7682
vn -0.0899 0.0336 -0.9954
vn -0.3351 -0.6609 -0.6715
vn -0.4612 -0.6042 -0.6498
vn -0.3117 -0.7006 -0.6419
vn -0.1371 0.3877 -0.9115
vn -0.2578 0.0265 -0.9658
vn -0.1791 -0.3203 -0.9302
vn -0.0019 -0.5955 -0.8033
vn 0.0848 -0.8916 -0.4448
vn 0.1985 -0.8792 -0.4331
vn 0.2316 -0.9034 -0.3609
vn 0.1929 -0.9108 -0.3650
vn 0.5027 -0.6148 -0.6078
vn 0.6040 -0.3866 -0.6970
vn 0.6044 0.4765 -0.6385
vn -0.2299 0.5340 -0.8136
vn 0.2774 0.9221 -0.2697
vn 0.5250 0.8464 -0.0894
vn 0.9820 -0.1876 -0.0241
vn 0.6691 0.4227 -0.6112
vn 0.6276 -0.4205 -0.6552
vn 0.2262 -0.9157 -0.3322
vn -0.4724 -0.0377 -0.8806
vn 0.0378 -0.6390 -0.7682
vn 0.6526 -0.4284 -0.6249
vn 0.1912 -0.9251 -0.3281
vn 0.6892 0.4102 -0.5973
vn -0.1931 -0.9480 -0.2528
vn -0.4864 -0.4837 -0.7276
vn -0.4953 -0.4606 -0.7365
vn 0.0208 -0.3786 -0.9253
vn 0.0885 0.5306 -0.8430
vn -0.2865 -0.9357 -0.2061
vn -0.5755 -0.5355 -0.6181
vn -0.3240 -0.9116 -0.2528
vn -0.5875 -0.5182 -0.6215
vn -0.5652 0.3715 -0.7366
vn -0.4984 0.4850 -0.7186
vn -0.5681 -0.7530 -0.3322
vn -0.9022 0.3365 -0.2697
vn -0.3008 -0.9160 -0.2655
vn -0.6260 -0.3171 -0.7125
vn -0.4631 -0.6612 -0.5903
vn -0.1653 -0.9424 -0.2907
vn -0.2727 -0.4421 -0.8545
vn -0.0151 -0.6729 -0.7395
vn 0.0682 -0.0150 -0.9976
vn 0.0678 -0.4137 -0.9079
vn -0.4581 0.4888 -0.7425
vn -0.1930 0.8989 -0.3933
vn -0.0736 0.9021 -0.4251
vn 0.1887 -0.0301 -0.9816
vn -0.4973 0.5414 -0.6780
vn 0.1243 0.3582 -0.9253
vn -0.4938 0.5405 -0.6812
vn 0.0189 0.6229 -0.7820
vn -0.1585 0.5294 -0.8334
vt 0.057139 0.443486
vt 0.050676 0.447316
vt 0.057618 0.437500
vt 0.049479 0.435106
vt 0.056062 0.426008
vt 0.312810 0.964929
vt 0.326216 0.964929
vt 0.326096 0.975823
vt 0.341298 0.975823
vt 0.341298 0.964929
vt 0.341298 0.989589
vt 0.044093 0.443486
vt 0.325378 0.989589
vt 0.044930 0.453900
vt 0.314007 0.989589
vt 0.040621 0.451027
vt 0.037868 0.441810
vt 0.035475 0.449710
vt 0.033320 0.440852
vt 0.030926 0.448633
vt 0.027694 0.439894
vt 0.025899 0.446837
vt 0.021590 0.439655
vt 0.020872 0.445281
vt 0.014049 0.441451
vt 0.015725 0.445880
vt 0.285519 0.975823
vt 0.287794 0.989589
vt 0.273789 0.989589
vt 0.273789 0.975823
vt 0.298925 0.975823
vt 0.283604 0.964929
vt 0.296412 0.964929
vt 0.010338 0.434747
vt 0.022188 0.432592
vt 0.313050 0.975823
vt 0.008902 0.425889
vt 0.022428 0.423255
vt 0.009860 0.418108
vt 0.020752 0.415833
vt 0.010099 0.410925
vt 0.300841 0.989589
vt 0.017999 0.409489
vt 0.020153 0.407095
vt 0.028532 0.410806
vt 0.032961 0.420861
vt 0.029729 0.432233
vt 0.273789 0.964929
vt 0.036791 0.433071
vt 0.042896 0.433909
vt 0.050197 0.423136
vt 0.054267 0.422178
vt 0.047564 0.416312
vt 0.048761 0.411285
vt 0.046606 0.401588
vt 0.042537 0.406496
vt 0.046487 0.392371
vt 0.037390 0.390934
vt 0.039185 0.384710
vt 0.020632 0.375732
vt 0.019196 0.389618
vt 0.032722 0.402426
vt 0.020034 0.399553
vt 0.039305 0.411045
vt 0.042177 0.421100
vt 0.030447 0.061501
vt 0.008902 0.103159
vt 0.008902 0.061501
vt 0.030447 0.102919
vt 0.049838 0.061501
vt 0.085867 0.303429
vt 0.070905 0.303429
vt 0.086106 0.322342
vt 0.070905 0.321983
vt 0.049838 0.103398
vt 0.056062 0.321504
vt 0.053788 0.303429
vt 0.047205 0.321145
vt 0.035953 0.303429
vt 0.038108 0.321504
vt 0.031046 0.321983
vt 0.069708 0.104116
vt 0.036552 0.333475
vt 0.069708 0.061501
vt 0.042776 0.333714
vt 0.091373 0.105074
vt 0.091373 0.061501
vt 0.112798 0.061501
vt 0.112798 0.105553
vt 0.016443 0.303429
vt 0.018238 0.314920
vt 0.019196 0.322821
vt 0.025540 0.333834
vt 0.018478 0.329166
vt 0.131830 0.104356
vt 0.131830 0.061501
vt 0.152537 0.103398
vt 0.152537 0.061501
vt 0.031046 0.334074
vt 0.169773 0.102440
vt 0.029729 0.344368
vt 0.169773 0.061501
vt 0.035594 0.345206
vt 0.040262 0.346403
vt 0.188326 0.101603
vt 0.049958 0.335271
vt 0.057858 0.336707
vt 0.070785 0.338622
vt 0.188326 0.061501
vt 0.208076 0.100166
vt 0.085867 0.339819
vt 0.078804 0.346044
vt 0.208076 0.061501
vt 0.082515 0.352030
vt 0.085507 0.352149
vt 0.085388 0.356818
vt 0.228544 0.099089
vt 0.228544 0.061501
vt 0.085867 0.243934
vt 0.074735 0.243934
vt 0.074735 0.236393
vt 0.095083 0.225499
vt 0.095083 0.236393
vt 0.085867 0.225499
vt 0.070306 0.351431
vt 0.056541 0.349635
vt 0.085867 0.213888
vt 0.095083 0.213888
vt 0.053070 0.213888
vt 0.041459 0.225499
vt 0.041459 0.213888
vt 0.053070 0.225499
vt 0.059892 0.353586
vt 0.064561 0.213888
vt 0.055583 0.360648
vt 0.053190 0.360050
vt 0.048282 0.367711
vt 0.064561 0.225499
vt 0.041100 0.365317
vt 0.044811 0.357297
vt 0.034637 0.364599
vt 0.037150 0.355381
vt 0.030088 0.363641
vt 0.064561 0.236393
vt 0.032722 0.354184
vt 0.053070 0.236393
vt 0.041459 0.236393
vt 0.027694 0.353346
vt 0.030806 0.225499
vt 0.024462 0.361965
vt 0.030806 0.213888
vt 0.020393 0.213888
vt 0.020393 0.225499
vt 0.017760 0.360409
vt 0.030806 0.236393
vt 0.019794 0.352987
vt 0.008902 0.360170
vt 0.009740 0.353227
vt 0.041459 0.246448
vt 0.021470 0.345446
vt 0.053070 0.247166
vt 0.064561 0.243575
vt 0.020034 0.337186
vt 0.016682 0.331320
vt 0.009860 0.332637
vt 0.010937 0.338742
vt 0.010578 0.346164
vt 0.074735 0.225499
vt 0.074735 0.213888
vt 0.080480 0.197967
vt 0.095083 0.197967
vt 0.095083 0.171990
vt 0.085867 0.236393
vt 0.095083 0.243934
vt 0.110045 0.197967
vt 0.110045 0.171990
vt 0.064561 0.197967
vt 0.064561 0.171990
vt 0.080480 0.171990
vt 0.095083 0.149246
vt 0.048521 0.348199
vt 0.110045 0.149246
vt 0.126683 0.149246
vt 0.126683 0.171990
vt 0.126683 0.197967
vt 0.115671 0.213888
vt 0.105018 0.213888
vt 0.105018 0.225499
vt 0.105018 0.236393
vt 0.105018 0.243575
vt 0.105018 0.250757
vt 0.095083 0.250877
vt 0.085867 0.250757
vt 0.074735 0.250877
vt 0.064561 0.248722
vt 0.053070 0.252194
vt 0.041459 0.251835
vt 0.030806 0.245730
vt 0.030806 0.251356
vt 0.064561 0.255067
vt 0.053070 0.256144
vt 0.041459 0.256264
vt 0.030806 0.256144
vt 0.020393 0.236393
vt 0.020393 0.245131
vt 0.020393 0.250638
vt 0.020393 0.255785
vt 0.030806 0.260095
vt 0.041459 0.260214
vt 0.053070 0.260334
vt 0.064561 0.259496
vt 0.074735 0.258060
vt 0.085867 0.258179
vt 0.095083 0.258299
vt 0.105018 0.257940
vt 0.115671 0.252553
vt 0.115671 0.248842
vt 0.115671 0.242976
vt 0.115671 0.236393
vt 0.115671 0.225499
vt 0.115671 0.257820
vt 0.020393 0.259855
vt 0.020393 0.277931
vt 0.008902 0.277931
vt 0.008902 0.259496
vt 0.008902 0.252314
vt 0.126683 0.213888
vt 0.126683 0.225499
vt 0.126683 0.236393
vt 0.126683 0.246089
vt 0.126683 0.252673
vt 0.126683 0.258898
vt 0.126683 0.277931
vt 0.115671 0.277931
vt 0.105018 0.277931
vt 0.095083 0.277931
vt 0.085867 0.277931
vt 0.934631 0.714622
vt 0.934631 0.721086
vt 0.939658 0.714622
vt 0.939658 0.721086
vt 0.945044 0.714622
vt 0.945044 0.721086
vt 0.950191 0.714622
vt 0.950191 0.721086
vt 0.954620 0.714622
vt 0.954620 0.721086
vt 0.959169 0.714622
vt 0.959169 0.721086
vt 0.963837 0.714622
vt 0.963837 0.721086
vt 0.960605 0.728628
vt 0.965632 0.727072
vt 0.074735 0.277931
vt 0.064561 0.277931
vt 0.934272 0.729945
vt 0.938581 0.730423
vt 0.932716 0.734613
vt 0.053070 0.277931
vt 0.041459 0.277931
vt 0.944925 0.730423
vt 0.950790 0.730064
vt 0.956056 0.729705
vt 0.030806 0.277931
vt 0.937384 0.735331
vt 0.008902 0.244054
vt 0.945044 0.735331
vt 0.951149 0.735212
vt 0.008902 0.236393
vt 0.008902 0.225380
vt 0.936067 0.742274
vt 0.944685 0.742873
vt 0.008902 0.213888
vt 0.934511 0.749936
vt 0.928766 0.747661
vt 0.929723 0.752569
vt 0.926851 0.751731
vt 0.927329 0.755322
vt 0.925534 0.754724
vt 0.924217 0.762385
vt 0.921464 0.762026
vt 0.008902 0.197967
vt 0.020393 0.197967
vt 0.020393 0.171990
vt 0.030806 0.197967
vt 0.008902 0.149246
vt 0.008902 0.133205
vt 0.020393 0.149246
vt 0.008902 0.171990
vt 0.930681 0.740838
vt 0.041459 0.197967
vt 0.930322 0.756759
vt 0.934391 0.755682
vt 0.053070 0.197967
vt 0.931758 0.758914
vt 0.926851 0.763582
vt 0.926132 0.765138
vt 0.923499 0.763941
vt 0.922422 0.768371
vt 0.053070 0.171990
vt 0.919908 0.768251
vt 0.922063 0.769807
vt 0.919549 0.771842
vt 0.921225 0.773039
vt 0.919669 0.775313
vt 0.920148 0.776271
vt 0.041459 0.171990
vt 0.030806 0.171990
vt 0.030806 0.149246
vt 0.020393 0.129734
vt 0.928885 0.765498
vt 0.924935 0.769208
vt 0.924337 0.770645
vt 0.008902 0.128776
vt 0.923499 0.773757
vt 0.925534 0.773518
vt 0.020393 0.123030
vt 0.008902 0.123030
vt 0.923739 0.776391
vt 0.922661 0.776989
vt 0.030806 0.129734
vt 0.041459 0.149246
vt 0.927329 0.770645
vt 0.053070 0.149246
vt 0.962281 0.733655
vt 0.064561 0.149246
vt 0.957134 0.734733
vt 0.951987 0.742753
vt 0.944087 0.751612
vt 0.938461 0.757477
vt 0.936067 0.760590
vt 0.933195 0.760350
vt 0.932955 0.771363
vt 0.929604 0.771483
vt 0.080480 0.149246
vt 0.080480 0.129734
vt 0.095083 0.129734
vt 0.064561 0.129734
vt 0.969462 0.729945
vt 0.053070 0.129734
vt 0.939179 0.761787
vt 0.041459 0.129734
vt 0.030806 0.123030
vt 0.041459 0.123030
vt 0.943488 0.759273
vt 0.053070 0.123030
vt 0.941214 0.764300
vt 0.936067 0.772081
vt 0.932476 0.773278
vt 0.931638 0.779024
vt 0.928766 0.779384
vt 0.064561 0.123030
vt 0.935708 0.773997
vt 0.080480 0.123030
vt 0.939060 0.773638
vt 0.095083 0.123030
vt 0.110045 0.123030
vt 0.934631 0.779623
vt 0.110045 0.129734
vt 0.931519 0.780940
vt 0.929125 0.783573
vt 0.930920 0.785010
vt 0.929484 0.787763
vt 0.930322 0.789080
vt 0.126683 0.132846
vt 0.126683 0.128177
vt 0.937504 0.780820
vt 0.934272 0.781419
vt 0.126683 0.123030
vt 0.030447 0.009069
vt 0.008902 0.009069
vt 0.933673 0.785489
vt 0.936067 0.784651
vt 0.934391 0.788362
vt 0.933075 0.789559
vt 0.049838 0.009069
vt 0.069708 0.009069
vt 0.091373 0.009069
vt 0.112798 0.009069
vt 0.952944 0.751971
vt 0.958331 0.742394
vt 0.963837 0.740838
vt 0.969462 0.737486
vt 0.972455 0.735451
vt 0.975806 0.733536
vt 0.975208 0.741197
vt 0.980594 0.740359
vt 0.976285 0.742993
vt 0.131830 0.009069
vt 0.978200 0.745746
vt 0.982749 0.744070
vt 0.152537 0.009069
vt 0.985023 0.748739
vt 0.980714 0.749457
vt 0.981791 0.751252
vt 0.986699 0.752090
vt 0.983108 0.753527
vt 0.987656 0.755322
vt 0.985621 0.756759
vt 0.988135 0.760111
vt 0.169773 0.009069
vt 0.188326 0.009069
vt 0.982749 0.758555
vt 0.980474 0.754963
vt 0.978799 0.752809
vt 0.977602 0.751013
vt 0.974968 0.747422
vt 0.975088 0.754604
vt 0.971018 0.749816
vt 0.208076 0.009069
vt 0.967428 0.747063
vt 0.228544 0.009069
vt 0.972934 0.744549
vt 0.971856 0.743112
vt 0.161634 0.225380
vt 0.153255 0.226217
vt 0.152537 0.215923
vt 0.161395 0.215803
vt 0.965153 0.750414
vt 0.959647 0.751133
vt 0.965872 0.757477
vt 0.960725 0.758794
vt 0.966350 0.763223
vt 0.170372 0.215444
vt 0.170252 0.225739
vt 0.171928 0.238787
vt 0.158163 0.256025
vt 0.161873 0.237111
vt 0.166901 0.255905
vt 0.152537 0.239625
vt 0.148946 0.255546
vt 0.176835 0.255426
vt 0.166183 0.264284
vt 0.158761 0.264404
vt 0.151939 0.265721
vt 0.145595 0.267995
vt 0.954022 0.759991
vt 0.137815 0.276255
vt 0.139730 0.269551
vt 0.948875 0.759871
vt 0.141884 0.262728
vt 0.946600 0.763582
vt 0.943249 0.765138
vt 0.946002 0.775313
vt 0.942770 0.776151
vt 0.145236 0.250638
vt 0.146074 0.240463
vt 0.144996 0.231006
vt 0.143440 0.220232
vt 0.145116 0.212810
vt 0.152657 0.203473
vt 0.160677 0.201678
vt 0.950550 0.763702
vt 0.167739 0.201558
vt 0.172766 0.204670
vt 0.953902 0.765976
vt 0.178870 0.211613
vt 0.949353 0.775673
vt 0.945882 0.777468
vt 0.945882 0.784052
vt 0.943129 0.784770
vt 0.181504 0.219514
vt 0.180426 0.230048
vt 0.949234 0.777708
vt 0.179229 0.239505
vt 0.952466 0.776989
vt 0.179229 0.249919
vt 0.183179 0.261890
vt 0.172646 0.265601
vt 0.948875 0.784292
vt 0.945882 0.785967
vt 0.180426 0.269192
vt 0.943728 0.788960
vt 0.946002 0.790037
vt 0.944805 0.793030
vt 0.945882 0.794227
vt 0.187129 0.267756
vt 0.191917 0.273262
vt 0.951867 0.785129
vt 0.948755 0.786207
vt 0.948635 0.790157
vt 0.950909 0.789080
vt 0.949952 0.793030
vt 0.948755 0.794107
vt 0.977961 0.757357
vt 0.980714 0.759512
vt 0.984903 0.762026
vt 0.956416 0.765617
vt 0.959408 0.763343
vt 0.962999 0.763223
vt 0.963837 0.772560
vt 0.967188 0.773518
vt 0.964076 0.775074
vt 0.960725 0.775194
vt 0.960605 0.772800
vt 0.957613 0.774356
vt 0.963956 0.781778
vt 0.966949 0.782496
vt 0.960964 0.781658
vt 0.958211 0.782496
vt 0.961084 0.783573
vt 0.959049 0.786446
vt 0.961084 0.787643
vt 0.960246 0.790636
vt 0.960964 0.791594
vt 0.963837 0.783693
vt 0.963956 0.787643
vt 0.966111 0.786566
vt 0.965034 0.790636
vt 0.964196 0.791713
vt 0.989332 0.785010
vt 0.989332 0.774116
vt 0.985502 0.786446
vt 0.981671 0.774116
vt 0.981671 0.785010
vt 0.582725 0.783334
vt 0.582725 0.789439
vt 0.590146 0.783334
vt 0.590146 0.789439
vt 0.595532 0.783334
vt 0.595532 0.789439
vt 0.600081 0.783334
vt 0.600081 0.789439
vt 0.596609 0.796861
vt 0.600799 0.796502
vt 0.597687 0.800931
vt 0.601756 0.800093
vt 0.598764 0.806437
vt 0.603073 0.805360
vt 0.600320 0.812782
vt 0.604390 0.811345
vt 0.604390 0.815415
vt 0.601158 0.817091
vt 0.604509 0.818049
vt 0.602714 0.820323
vt 0.607621 0.824034
vt 0.596490 0.817450
vt 0.593856 0.807156
vt 0.593138 0.801170
vt 0.589547 0.796621
vt 0.581528 0.795664
vt 0.583443 0.800093
vt 0.578775 0.798656
vt 0.577099 0.804043
vt 0.581049 0.806078
vt 0.572191 0.808951
vt 0.588470 0.800691
vt 0.588231 0.807395
vt 0.589667 0.820084
vt 0.580450 0.813141
vt 0.573987 0.812064
vt 0.570396 0.814099
vt 0.568840 0.811944
vt 0.565848 0.814218
vt 0.567763 0.815775
vt 0.569917 0.819007
vt 0.572191 0.817929
vt 0.574944 0.816972
vt 0.572670 0.819844
vt 0.573747 0.819366
vt 0.570635 0.821281
vt 0.568720 0.819725
vt 0.566685 0.816493
vt 0.563573 0.818647
vt 0.562975 0.815894
vt 0.560222 0.817690
vt 0.561778 0.820084
vt 0.559863 0.821520
vt 0.557349 0.821520
vt 0.557828 0.823196
vt 0.560701 0.823196
vt 0.558905 0.824753
vt 0.564172 0.824753
vt 0.563454 0.822478
vt 0.565369 0.821401
vt 0.567404 0.823196
vt 0.598285 0.822239
vt 0.600200 0.823196
vt 0.605227 0.824872
vt 0.602714 0.826548
vt 0.598764 0.824633
vt 0.601278 0.828823
vt 0.603312 0.827386
vt 0.605826 0.825710
vt 0.606424 0.831336
vt 0.604988 0.833132
vt 0.601876 0.844145
vt 0.597806 0.842469
vt 0.601038 0.841392
vt 0.601278 0.830259
vt 0.601278 0.831935
vt 0.596849 0.826069
vt 0.601158 0.833252
vt 0.598764 0.845103
vt 0.598525 0.833850
vt 0.601996 0.846419
vt 0.592061 0.828583
vt 0.590625 0.825950
vt 0.583323 0.820682
vt 0.576860 0.818288
vt 0.599961 0.847018
vt 0.601756 0.848454
vt 0.573747 0.820682
vt 0.603073 0.840195
vt 0.600559 0.840075
vt 0.573508 0.823196
vt 0.577099 0.822478
vt 0.576381 0.828224
vt 0.598764 0.834688
vt 0.583084 0.826788
vt 0.595412 0.835766
vt 0.597328 0.841152
vt 0.604030 0.844145
vt 0.603791 0.848335
vt 0.573269 0.827386
vt 0.603312 0.849652
vt 0.574226 0.835167
vt 0.571353 0.835167
vt 0.573987 0.836244
vt 0.572191 0.841990
vt 0.602235 0.850370
vt 0.577458 0.837082
vt 0.577817 0.836005
vt 0.581408 0.829900
vt 0.600799 0.850489
vt 0.599482 0.849652
vt 0.596968 0.846419
vt 0.569797 0.842110
vt 0.571713 0.843068
vt 0.570755 0.845821
vt 0.568481 0.845701
vt 0.570396 0.847976
vt 0.568481 0.849891
vt 0.570994 0.849771
vt 0.568840 0.851088
vt 0.595412 0.842709
vt 0.570276 0.851926
vt 0.571832 0.852046
vt 0.572790 0.851447
vt 0.592540 0.836244
vt 0.572670 0.848694
vt 0.594934 0.834808
vt 0.575543 0.848095
vt 0.573747 0.846779
vt 0.592300 0.836723
vt 0.591941 0.837322
vt 0.574944 0.844025
vt 0.575303 0.842948
vt 0.577099 0.844384
vt 0.590385 0.849891
vt 0.588709 0.853722
vt 0.587632 0.851327
vt 0.580211 0.837441
vt 0.588111 0.849292
vt 0.590744 0.845821
vt 0.588470 0.846180
vt 0.585119 0.846180
vt 0.585119 0.849173
vt 0.585597 0.851327
vt 0.586555 0.853123
vt 0.587752 0.854919
vt 0.586435 0.855158
vt 0.585119 0.854799
vt 0.584281 0.853602
vt 0.608699 0.829541
vt 0.607023 0.832055
vt 0.608579 0.833850
vt 0.607382 0.835646
vt 0.610135 0.834928
vt 0.610494 0.837202
vt 0.611811 0.835646
vt 0.611571 0.837441
vt 0.612888 0.836963
vt 0.582725 0.849652
vt 0.613606 0.835885
vt 0.613606 0.834928
vt 0.611452 0.833970
vt 0.612649 0.831576
vt 0.610734 0.832174
vt 0.610734 0.828583
vt 0.609297 0.830259
vt 0.582725 0.845821
vt 0.585238 0.845222
vt 0.588470 0.845222
vt 0.591702 0.838040
vt 0.588709 0.838878
vt 0.585119 0.838998
vt 0.582126 0.838399
vt 0.584999 0.837920
vt 0.588709 0.837801
vt 0.584161 0.829900
vt 0.589787 0.829421
vt 0.581528 0.838040
vt 0.580809 0.837681
s 1
f 1/1/1 2/2/2 3/3/3
f 2/2/2 4/4/4 3/3/3
f 3/3/3 4/4/4 5/5/5
f 1445/6/6 1451/7/7 1444/8/8
f 1450/9/9 1451/7/7 1452/10/10
f 1444/8/8 1451/7/7 1450/9/9
f 1449/11/11 1444/8/8 1450/9/9
f 4/4/4 2/2/2 6/12/12
f 1448/13/13 1444/8/8 1449/11/11
f 2/2/2 7/14/14 6/12/12
f 1442/15/15 1444/8/8 1448/13/13
f 7/14/14 8/16/16 6/12/12
f 6/12/12 8/16/16 9/17/17
f 8/16/16 10/18/18 9/17/17
f 9/17/17 10/18/18 11/19/19
f 10/18/18 12/20/20 11/19/19
f 11/19/19 12/20/20 13/21/21
f 12/20/20 14/22/22 13/21/21
f 13/21/21 14/22/22 15/23/23
f 14/22/22 16/24/24 15/23/23
f 15/23/23 16/24/24 17/25/25
f 16/24/24 18/26/26 17/25/25
f 1438/27/27 1440/28/28 1447/29/29
f 1436/30/30 1438/27/27 1447/29/29
f 1439/31/31 1437/32/32 1446/33/33
f 1445/6/6 1439/31/31 1446/33/33
f 17/25/25 19/34/34 15/23/23
f 19/34/34 20/35/35 15/23/23
f 15/23/23 20/35/35 13/21/21
f 1443/36/36 1439/31/31 1445/6/6
f 1444/8/8 1443/36/36 1445/6/6
f 1442/15/15 1443/36/36 1444/8/8
f 1439/31/31 1443/36/36 1442/15/15
f 19/34/34 21/37/37 20/35/35
f 20/35/35 21/37/37 22/38/38
f 21/37/37 23/39/39 22/38/38
f 22/38/38 23/39/39 24/40/40
f 23/39/39 25/41/41 24/40/40
f 1441/42/42 1439/31/31 1442/15/15
f 25/41/41 26/43/43 24/40/40
f 1440/28/28 1439/31/31 1441/42/42
f 26/43/43 27/44/44 24/40/40
f 1438/27/27 1439/31/31 1440/28/28
f 27/44/44 28/45/45 24/40/40
f 1437/32/32 1439/31/31 1438/27/27
f 28/45/45 29/46/46 24/40/40
f 24/40/40 29/46/46 22/38/38
f 29/46/46 30/47/47 22/38/38
f 22/38/38 30/47/47 20/35/35
f 1436/30/30 1437/32/32 1438/27/27
f 20/35/35 30/47/47 13/21/21
f 1435/48/48 1437/32/32 1436/30/30
f 13/21/21 30/47/47 11/19/19
f 30/47/47 31/49/49 11/19/19
f 11/19/19 31/49/49 9/17/17
f 31/49/49 32/50/50 9/17/17
f 9/17/17 32/50/50 6/12/12
f 1433/7/51 1428/6/52 1427/8/53
f 6/12/12 32/50/50 4/4/4
f 32/50/50 33/51/54 4/4/4
f 4/4/4 33/51/54 5/5/5
f 1432/9/55 1434/10/56 1433/7/51
f 5/5/5 33/51/54 34/52/57
f 33/51/54 35/53/58 34/52/57
f 34/52/57 35/53/58 36/54/59
f 1427/8/53 1432/9/55 1433/7/51
f 36/54/59 35/53/58 37/55/60
f 35/53/58 38/56/61 37/55/60
f 37/55/60 38/56/61 39/57/62
f 38/56/61 40/58/63 39/57/62
f 39/57/62 40/58/63 41/59/64
f 1431/11/65 1432/9/55 1427/8/53
f 41/59/64 40/58/63 42/60/66
f 1430/13/67 1431/11/65 1427/8/53
f 42/60/66 40/58/63 43/61/68
f 40/58/63 44/62/69 43/61/68
f 43/61/68 44/62/69 45/63/70
f 1425/15/71 1430/13/67 1427/8/53
f 45/63/70 44/62/69 27/44/44
f 1423/31/72 1418/32/73 1420/27/74
f 27/44/44 44/62/69 28/45/45
f 1429/33/75 1418/32/73 1423/31/72
f 28/45/45 44/62/69 46/64/76
f 44/62/69 38/56/61 46/64/76
f 1428/6/52 1429/33/75 1423/31/72
f 38/56/61 35/53/58 46/64/76
f 46/64/76 35/53/58 47/65/77
f 35/53/58 33/51/54 47/65/77
f 1426/36/78 1428/6/52 1423/31/72
f 33/51/54 32/50/50 47/65/77
f 1427/8/53 1428/6/52 1426/36/78
f 32/50/50 31/49/49 47/65/77
f 47/65/77 31/49/49 29/46/46
f 31/49/49 30/47/47 29/46/46
f 1425/15/71 1427/8/53 1426/36/78
f 1423/31/72 1425/15/71 1426/36/78
f 1424/42/79 1425/15/71 1423/31/72
f 1422/28/80 1424/42/79 1423/31/72
f 44/62/69 40/58/63 38/56/61
f 1420/27/74 1422/28/80 1423/31/72
f 1421/29/81 1422/28/80 1420/27/74
f 1419/30/82 1421/29/81 1420/27/74
f 1418/32/73 1419/30/82 1420/27/74
f 47/65/77 29/46/46 46/64/76
f 46/64/76 29/46/46 28/45/45
f 1417/48/83 1419/30/82 1418/32/73
f 1414/66/84 1415/67/85 1416/68/86
f 1413/69/87 1415/67/85 1414/66/84
f 1411/70/88 1413/69/87 1414/66/84
f 48/71/89 50/72/90 49/73/91
f 49/73/91 50/72/90 51/74/92
f 1412/75/93 1413/69/87 1411/70/88
f 51/74/92 50/72/90 52/76/94
f 50/72/90 53/77/95 52/76/94
f 52/76/94 53/77/95 54/78/96
f 53/77/95 55/79/97 54/78/96
f 54/78/96 55/79/97 56/80/98
f 55/79/97 57/81/99 56/80/98
f 1410/82/100 1412/75/93 1411/70/88
f 57/81/99 58/83/101 56/80/98
f 1409/84/102 1410/82/100 1411/70/88
f 58/83/101 59/85/103 56/80/98
f 56/80/98 59/85/103 54/78/96
f 1407/86/104 1410/82/100 1409/84/102
f 1408/87/105 1407/86/104 1409/84/102
f 1405/88/106 1407/86/104 1408/87/105
f 1406/89/107 1407/86/104 1405/88/106
f 60/90/108 61/91/109 55/79/97
f 55/79/97 61/91/109 57/81/99
f 61/91/109 62/92/110 57/81/99
f 57/81/99 62/92/110 63/93/111
f 62/92/110 64/94/112 63/93/111
f 1404/95/113 1406/89/107 1405/88/106
f 1403/96/114 1404/95/113 1405/88/106
f 1402/97/115 1404/95/113 1403/96/114
f 1401/98/116 1402/97/115 1403/96/114
f 63/93/111 65/99/117 57/81/99
f 1400/100/118 1402/97/115 1401/98/116
f 57/81/99 65/99/117 58/83/101
f 65/99/117 66/101/119 58/83/101
f 1399/102/120 1400/100/118 1401/98/116
f 66/101/119 67/103/121 58/83/101
f 58/83/101 67/103/121 59/85/103
f 67/103/121 68/104/122 59/85/103
f 1398/105/123 1400/100/118 1399/102/120
f 68/104/122 69/106/124 59/85/103
f 59/85/103 69/106/124 54/78/96
f 69/106/124 70/107/125 54/78/96
f 54/78/96 70/107/125 52/76/94
f 70/107/125 71/108/126 52/76/94
f 52/76/94 71/108/126 51/74/92
f 1397/109/127 1398/105/123 1399/102/120
f 51/74/92 71/108/126 49/73/91
f 1396/110/128 1398/105/123 1397/109/127
f 49/73/91 71/108/126 72/111/129
f 71/108/126 73/112/130 72/111/129
f 1394/113/131 1396/110/128 1397/109/127
f 73/112/130 74/114/132 72/111/129
f 72/111/129 74/114/132 75/115/133
f 74/114/132 76/116/134 75/115/133
f 1395/117/135 1396/110/128 1394/113/131
f 1393/118/136 1395/117/135 1394/113/131
f 1368/119/137 1367/120/138 1385/121/139
f 1371/122/140 1370/123/141 1382/124/142
f 73/112/130 71/108/126 77/125/143
f 71/108/126 70/107/125 77/125/143
f 77/125/143 70/107/125 78/126/144
f 70/107/125 69/106/124 78/126/144
f 1380/127/145 1371/122/140 1382/124/142
f 1372/128/146 1371/122/140 1380/127/145
f 1292/129/147 1391/130/148 1293/131/149
f 1392/132/150 1391/130/148 1292/129/147
f 77/125/143 78/126/144 79/133/151
f 1378/134/152 1392/132/150 1292/129/147
f 79/133/151 78/126/144 80/135/153
f 78/126/144 81/136/154 80/135/153
f 80/135/153 81/136/154 82/137/155
f 1386/138/156 1392/132/150 1378/134/152
f 82/137/155 81/136/154 83/139/157
f 81/136/154 84/140/158 83/139/157
f 83/139/157 84/140/158 85/141/159
f 84/140/158 86/142/160 85/141/159
f 85/141/159 86/142/160 87/143/161
f 1387/144/162 1392/132/150 1386/138/156
f 87/143/161 86/142/160 88/145/163
f 86/142/160 68/104/122 88/145/163
f 1388/146/164 1392/132/150 1387/144/162
f 68/104/122 67/103/121 88/145/163
f 1391/130/148 1392/132/150 1388/146/164
f 67/103/121 66/101/119 88/145/163
f 1389/147/165 1391/130/148 1388/146/164
f 66/101/119 89/148/166 88/145/163
f 1390/149/167 1391/130/148 1389/147/165
f 89/148/166 90/150/168 88/145/163
f 88/145/163 90/150/168 87/143/161
f 1293/131/149 1391/130/148 1390/149/167
f 1294/151/169 1293/131/149 1390/149/167
f 1295/152/170 1294/151/169 1390/149/167
f 1301/153/171 1295/152/170 1390/149/167
f 90/150/168 89/148/166 91/154/172
f 1360/155/173 1301/153/171 1390/149/167
f 89/148/166 92/156/174 91/154/172
f 91/154/172 92/156/174 93/157/175
f 1389/147/165 1360/155/173 1390/149/167
f 93/157/175 92/156/174 94/158/176
f 1364/159/177 1360/155/173 1389/147/165
f 94/158/176 92/156/174 95/160/178
f 92/156/174 89/148/166 95/160/178
f 1388/146/164 1364/159/177 1389/147/165
f 89/148/166 66/101/119 95/160/178
f 1365/161/179 1364/159/177 1388/146/164
f 66/101/119 65/99/117 95/160/178
f 1366/162/180 1365/161/179 1388/146/164
f 65/99/117 63/93/111 95/160/178
f 95/160/178 63/93/111 96/163/181
f 63/93/111 64/94/112 96/163/181
f 1387/144/162 1366/162/180 1388/146/164
f 64/94/112 97/164/182 96/163/181
f 1367/120/138 1366/162/180 1387/144/162
f 97/164/182 98/165/183 96/163/181
f 1385/121/139 1367/120/138 1387/144/162
f 98/165/183 99/166/184 96/163/181
f 96/163/181 99/166/184 95/160/178
f 99/166/184 100/167/185 95/160/178
f 95/160/178 100/167/185 94/158/176
f 1386/138/156 1385/121/139 1387/144/162
f 1383/168/186 1385/121/139 1386/138/156
f 1378/134/152 1383/168/186 1386/138/156
f 1381/169/187 1383/168/186 1378/134/152
f 101/1/188 103/3/189 102/2/190
f 102/2/190 103/3/189 104/4/191
f 103/3/189 105/5/192 104/4/191
f 104/4/191 105/5/192 106/51/193
f 105/5/192 107/52/194 106/51/193
f 106/51/193 107/52/194 108/53/195
f 107/52/194 109/54/196 108/53/195
f 1377/170/197 1381/169/187 1378/134/152
f 109/54/196 110/55/198 108/53/195
f 108/53/195 110/55/198 111/56/199
f 110/55/198 112/57/200 111/56/199
f 111/56/199 112/57/200 113/58/201
f 112/57/200 114/59/202 113/58/201
f 1379/171/203 1377/170/197 1376/172/204
f 114/59/202 115/60/205 113/58/201
f 1384/173/206 1385/121/139 1383/168/186
f 115/60/205 116/61/207 113/58/201
f 1368/119/137 1385/121/139 1384/173/206
f 116/61/207 117/62/208 113/58/201
f 113/58/201 117/62/208 111/56/199
f 1369/174/209 1368/119/137 1384/173/206
f 1370/123/141 1369/174/209 1384/173/206
f 1382/124/142 1370/123/141 1384/173/206
f 1383/168/186 1382/124/142 1384/173/206
f 116/61/207 118/63/210 117/62/208
f 1381/169/187 1382/124/142 1383/168/186
f 118/63/210 119/44/211 117/62/208
f 1380/127/145 1382/124/142 1381/169/187
f 119/44/211 120/45/212 117/62/208
f 1377/170/197 1380/127/145 1381/169/187
f 120/45/212 121/64/213 117/62/208
f 117/62/208 121/64/213 111/56/199
f 1372/128/146 1380/127/145 1377/170/197
f 111/56/199 121/64/213 108/53/195
f 121/64/213 122/65/214 108/53/195
f 108/53/195 122/65/214 106/51/193
f 122/65/214 123/50/215 106/51/193
f 106/51/193 123/50/215 104/4/191
f 123/50/215 124/12/216 104/4/191
f 104/4/191 124/12/216 102/2/190
f 1379/171/203 1372/128/146 1377/170/197
f 102/2/190 124/12/216 125/14/217
f 1373/175/218 1372/128/146 1379/171/203
f 125/14/217 124/12/216 126/16/219
f 1376/172/204 1373/175/218 1379/171/203
f 126/16/219 124/12/216 127/17/220
f 124/12/216 123/50/215 127/17/220
f 1374/176/221 1373/175/218 1376/172/204
f 1291/177/222 1378/134/152 1292/129/147
f 1377/170/197 1378/134/152 1291/177/222
f 1278/178/223 1377/170/197 1291/177/222
f 128/18/224 126/16/219 127/17/220
f 1275/179/225 1377/170/197 1278/178/223
f 1376/172/204 1377/170/197 1275/179/225
f 1276/180/226 1376/172/204 1275/179/225
f 1374/176/221 1376/172/204 1276/180/226
f 84/140/158 81/136/154 129/181/227
f 1257/182/228 1374/176/221 1276/180/226
f 81/136/154 78/126/144 129/181/227
f 1256/183/229 1374/176/221 1257/182/228
f 78/126/144 69/106/124 129/181/227
f 1375/184/230 1374/176/221 1256/183/229
f 69/106/124 68/104/122 129/181/227
f 1343/185/231 1374/176/221 1375/184/230
f 68/104/122 86/142/160 129/181/227
f 129/181/227 86/142/160 84/140/158
f 1373/175/218 1374/176/221 1343/185/231
f 1342/186/232 1373/175/218 1343/185/231
f 1346/187/233 1373/175/218 1342/186/232
f 1372/128/146 1373/175/218 1346/187/233
f 127/17/220 123/50/215 130/49/234
f 1347/188/235 1372/128/146 1346/187/233
f 123/50/215 122/65/214 130/49/234
f 130/49/234 122/65/214 131/46/236
f 122/65/214 121/64/213 131/46/236
f 1371/122/140 1372/128/146 1347/188/235
f 121/64/213 120/45/212 131/46/236
f 131/46/236 120/45/212 132/40/237
f 120/45/212 119/44/211 132/40/237
f 1348/189/238 1371/122/140 1347/188/235
f 119/44/211 133/43/239 132/40/237
f 1370/123/141 1371/122/140 1348/189/238
f 133/43/239 134/41/240 132/40/237
f 1349/190/241 1370/123/141 1348/189/238
f 134/41/240 135/39/242 132/40/237
f 132/40/237 135/39/242 136/38/243
f 135/39/242 137/37/244 136/38/243
f 136/38/243 137/37/244 138/35/245
f 137/37/244 139/34/246 138/35/245
f 1369/174/209 1370/123/141 1349/190/241
f 1350/191/247 1369/174/209 1349/190/241
f 1351/192/248 1369/174/209 1350/191/247
f 1368/119/137 1369/174/209 1351/192/248
f 132/40/237 136/38/243 131/46/236
f 136/38/243 140/47/249 131/46/236
f 131/46/236 140/47/249 130/49/234
f 140/47/249 141/19/250 130/49/234
f 130/49/234 141/19/250 127/17/220
f 1352/193/251 1368/119/137 1351/192/248
f 127/17/220 141/19/250 128/18/224
f 1367/120/138 1368/119/137 1352/193/251
f 128/18/224 141/19/250 142/20/252
f 1353/194/253 1367/120/138 1352/193/251
f 142/20/252 141/19/250 143/21/254
f 141/19/250 140/47/249 143/21/254
f 143/21/254 140/47/249 138/35/245
f 140/47/249 136/38/243 138/35/245
f 1366/162/180 1367/120/138 1353/194/253
f 1363/195/255 1366/162/180 1353/194/253
f 1365/161/179 1366/162/180 1363/195/255
f 1362/196/256 1365/161/179 1363/195/255
f 144/26/257 145/24/258 146/25/259
f 145/24/258 147/23/260 146/25/259
f 146/25/259 147/23/260 139/34/246
f 1364/159/177 1365/161/179 1362/196/256
f 139/34/246 147/23/260 138/35/245
f 1361/197/261 1364/159/177 1362/196/256
f 138/35/245 147/23/260 143/21/254
f 147/23/260 148/22/262 143/21/254
f 143/21/254 148/22/262 142/20/252
f 1359/198/263 1360/155/173 1364/159/177
f 1361/197/261 1359/198/263 1364/159/177
f 1358/199/264 1359/198/263 1361/197/261
f 1354/200/265 1363/195/255 1353/194/253
f 147/23/260 145/24/258 148/22/262
f 1362/196/256 1363/195/255 1354/200/265
f 1355/201/266 1362/196/256 1354/200/265
f 1361/197/261 1362/196/256 1355/201/266
f 1356/202/267 1361/197/261 1355/201/266
f 149/71/268 150/73/269 151/72/270
f 150/73/269 152/74/271 151/72/270
f 151/72/270 152/74/271 153/76/272
f 1358/199/264 1361/197/261 1356/202/267
f 153/76/272 152/74/271 154/108/273
f 152/74/271 150/73/269 154/108/273
f 1357/203/274 1358/199/264 1356/202/267
f 150/73/269 155/111/275 154/108/273
f 154/108/273 155/111/275 156/112/276
f 1303/204/277 1301/153/171 1360/155/173
f 156/112/276 155/111/275 157/114/278
f 155/111/275 158/115/279 157/114/278
f 157/114/278 158/115/279 159/116/280
f 1359/198/263 1303/204/277 1360/155/173
f 1306/205/281 1303/204/277 1359/198/263
f 1358/199/264 1306/205/281 1359/198/263
f 1307/206/282 1306/205/281 1358/199/264
f 153/76/272 160/77/283 151/72/270
f 1357/203/274 1307/206/282 1358/199/264
f 1309/207/284 1307/206/282 1357/203/274
f 1311/208/285 1309/207/284 1357/203/274
f 1315/209/286 1311/208/285 1357/203/274
f 156/112/276 161/125/287 154/108/273
f 161/125/287 162/107/288 154/108/273
f 154/108/273 162/107/288 153/76/272
f 1356/202/267 1315/209/286 1357/203/274
f 1316/210/289 1315/209/286 1356/202/267
f 1355/201/266 1316/210/289 1356/202/267
f 1318/211/290 1316/210/289 1355/201/266
f 162/107/288 161/125/287 163/126/291
f 1354/200/265 1318/211/290 1355/201/266
f 161/125/287 164/133/292 163/126/291
f 1321/212/293 1318/211/290 1354/200/265
f 164/133/292 165/135/294 163/126/291
f 163/126/291 165/135/294 166/136/295
f 165/135/294 167/137/296 166/136/295
f 1353/194/253 1321/212/293 1354/200/265
f 167/137/296 168/139/297 166/136/295
f 166/136/295 168/139/297 169/140/298
f 168/139/297 170/141/299 169/140/298
f 169/140/298 170/141/299 171/142/300
f 170/141/299 172/143/301 171/142/300
f 171/142/300 172/143/301 173/145/302
f 172/143/301 174/150/303 173/145/302
f 1322/213/304 1321/212/293 1353/194/253
f 1352/193/251 1322/213/304 1353/194/253
f 1324/214/305 1322/213/304 1352/193/251
f 1351/192/248 1324/214/305 1352/193/251
f 169/140/298 175/181/306 166/136/295
f 1350/191/247 1324/214/305 1351/192/248
f 166/136/295 175/181/306 163/126/291
f 175/181/306 176/106/307 163/126/291
f 163/126/291 176/106/307 162/107/288
f 176/106/307 177/78/308 162/107/288
f 162/107/288 177/78/308 153/76/272
f 1327/215/309 1324/214/305 1350/191/247
f 153/76/272 177/78/308 160/77/283
f 1333/216/310 1327/215/309 1350/191/247
f 160/77/283 177/78/308 178/79/311
f 1334/217/312 1333/216/310 1350/191/247
f 178/79/311 177/78/308 179/80/313
f 1349/190/241 1334/217/312 1350/191/247
f 179/80/313 177/78/308 180/85/314
f 177/78/308 176/106/307 180/85/314
f 180/85/314 176/106/307 181/104/315
f 176/106/307 175/181/306 181/104/315
f 181/104/315 175/181/306 171/142/300
f 175/181/306 169/140/298 171/142/300
f 1336/218/316 1334/217/312 1349/190/241
f 1348/189/238 1336/218/316 1349/190/241
f 1338/219/317 1336/218/316 1348/189/238
f 1347/188/235 1338/219/317 1348/189/238
f 171/142/300 173/145/302 181/104/315
f 173/145/302 182/103/318 181/104/315
f 181/104/315 182/103/318 180/85/314
f 182/103/318 183/83/319 180/85/314
f 180/85/314 183/83/319 179/80/313
f 1339/220/320 1338/219/317 1347/188/235
f 1346/187/233 1339/220/320 1347/188/235
f 1342/186/232 1339/220/320 1346/187/233
f 1328/221/321 1327/215/309 1333/216/310
f 183/83/319 182/103/318 184/101/322
f 1310/222/323 1312/223/324 1345/224/325
f 182/103/318 173/145/302 184/101/322
f 184/101/322 173/145/302 185/148/326
f 173/145/302 174/150/303 185/148/326
f 1344/225/327 1310/222/323 1345/224/325
f 174/150/303 186/154/328 185/148/326
f 185/148/326 186/154/328 187/156/329
f 186/154/328 188/157/330 187/156/329
f 1308/226/331 1310/222/323 1344/225/327
f 188/157/330 189/158/332 187/156/329
f 1341/227/333 1342/186/232 1343/185/231
f 189/158/332 190/160/334 187/156/329
f 187/156/329 190/160/334 185/148/326
f 1339/220/320 1342/186/232 1341/227/333
f 185/148/326 190/160/334 184/101/322
f 190/160/334 191/99/335 184/101/322
f 184/101/322 191/99/335 183/83/319
f 191/99/335 192/81/336 183/83/319
f 183/83/319 192/81/336 179/80/313
f 1340/228/337 1339/220/320 1341/227/333
f 179/80/313 192/81/336 178/79/311
f 192/81/336 193/91/338 178/79/311
f 178/79/311 193/91/338 194/90/339
f 1337/229/340 1339/220/320 1340/228/337
f 1338/219/317 1339/220/320 1337/229/340
f 1336/218/316 1338/219/317 1337/229/340
f 1335/230/341 1336/218/316 1337/229/340
f 193/91/338 192/81/336 195/92/342
f 195/92/342 192/81/336 196/93/343
f 192/81/336 191/99/335 196/93/343
f 1334/217/312 1336/218/316 1335/230/341
f 191/99/335 190/160/334 196/93/343
f 196/93/343 190/160/334 197/163/344
f 190/160/334 198/166/345 197/163/344
f 1332/231/346 1334/217/312 1335/230/341
f 198/166/345 199/165/347 197/163/344
f 1333/216/310 1334/217/312 1332/231/346
f 199/165/347 200/164/348 197/163/344
f 1328/221/321 1333/216/310 1332/231/346
f 200/164/348 201/94/349 197/163/344
f 197/163/344 201/94/349 196/93/343
f 201/94/349 195/92/342 196/93/343
f 1331/232/350 1328/221/321 1332/231/346
f 1330/233/351 1328/221/321 1331/232/350
f 1329/234/352 1328/221/321 1330/233/351
f 1326/235/353 1328/221/321 1329/234/352
f 198/166/345 190/160/334 202/167/354
f 190/160/334 189/158/332 202/167/354
f 1327/215/309 1328/221/321 1326/235/353
f 1324/214/305 1327/215/309 1326/235/353
f 1325/236/355 1324/214/305 1326/235/353
f 1323/237/356 1324/214/305 1325/236/355
f 203/238/357 204/239/358 205/240/359
f 204/239/358 206/241/360 205/240/359
f 205/240/359 206/241/360 207/242/361
f 206/241/360 208/243/362 207/242/361
f 207/242/361 208/243/362 209/244/363
f 208/243/362 210/245/364 209/244/363
f 209/244/363 210/245/364 211/246/365
f 210/245/364 212/247/366 211/246/365
f 211/246/365 212/247/366 213/248/367
f 212/247/366 214/249/368 213/248/367
f 213/248/367 214/249/368 215/250/369
f 1322/213/304 1324/214/305 1323/237/356
f 215/250/369 214/249/368 216/251/370
f 214/249/368 217/252/371 216/251/370
f 216/251/370 217/252/371 218/253/372
f 1320/254/373 1322/213/304 1323/237/356
f 1321/212/293 1322/213/304 1320/254/373
f 1318/211/290 1321/212/293 1320/254/373
f 1319/255/374 1318/211/290 1320/254/373
f 204/239/358 219/256/375 206/241/360
f 206/241/360 219/256/375 220/257/376
f 219/256/375 221/258/377 220/257/376
f 1317/259/378 1318/211/290 1319/255/374
f 1316/210/289 1318/211/290 1317/259/378
f 1314/260/379 1316/210/289 1317/259/378
f 1315/209/286 1316/210/289 1314/260/379
f 206/241/360 220/257/376 208/243/362
f 220/257/376 222/261/380 208/243/362
f 208/243/362 222/261/380 210/245/364
f 222/261/380 223/262/381 210/245/364
f 210/245/364 223/262/381 212/247/366
f 223/262/381 224/263/382 212/247/366
f 212/247/366 224/263/382 214/249/368
f 224/263/382 217/252/371 214/249/368
f 1311/208/285 1315/209/286 1314/260/379
f 1313/264/383 1311/208/285 1314/260/379
f 1312/223/324 1311/208/285 1313/264/383
f 1310/222/323 1311/208/285 1312/223/324
f 222/261/380 220/257/376 225/265/384
f 220/257/376 221/258/377 225/265/384
f 1309/207/284 1311/208/285 1310/222/323
f 1308/226/331 1309/207/284 1310/222/323
f 1307/206/282 1309/207/284 1308/226/331
f 1305/266/385 1307/206/282 1308/226/331
f 225/265/384 226/267/386 222/261/380
f 1306/205/281 1307/206/282 1305/266/385
f 222/261/380 226/267/386 223/262/381
f 226/267/386 227/268/387 223/262/381
f 223/262/381 227/268/387 224/263/382
f 1303/204/277 1306/205/281 1305/266/385
f 1304/269/388 1303/204/277 1305/266/385
f 1302/270/389 1303/204/277 1304/269/388
f 1301/153/171 1303/204/277 1302/270/389
f 225/265/384 228/271/390 226/267/386
f 226/267/386 228/271/390 229/272/391
f 1300/273/392 1301/153/171 1302/270/389
f 229/272/391 228/271/390 230/274/393
f 228/271/390 231/275/394 230/274/393
f 230/274/393 231/275/394 232/276/395
f 231/275/394 233/277/396 232/276/395
f 232/276/395 233/277/396 234/278/397
f 233/277/396 235/279/398 234/278/397
f 234/278/397 235/279/398 236/280/399
f 235/279/398 237/281/400 236/280/399
f 1295/152/170 1301/153/171 1300/273/392
f 1297/282/401 1295/152/170 1300/273/392
f 1296/283/402 1287/284/403 1288/285/404
f 1299/286/405 1285/287/406 1286/288/407
f 226/267/386 229/272/391 227/268/387
f 1287/284/403 1299/286/405 1286/288/407
f 1298/289/408 1299/286/405 1287/284/403
f 1297/282/401 1298/289/408 1287/284/403
f 1296/283/402 1297/282/401 1287/284/403
f 225/265/384 221/258/377 228/271/390
f 1295/152/170 1297/282/401 1296/283/402
f 221/258/377 238/290/409 228/271/390
f 228/271/390 238/290/409 231/275/394
f 1288/285/404 1295/152/170 1296/283/402
f 1294/151/169 1295/152/170 1288/285/404
f 1289/291/410 1294/151/169 1288/285/404
f 1293/131/149 1294/151/169 1289/291/410
f 236/280/399 239/292/411 234/278/397
f 234/278/397 239/292/411 232/276/395
f 239/292/411 240/293/412 232/276/395
f 232/276/395 240/293/412 230/274/393
f 1292/129/147 1293/131/149 1289/291/410
f 1290/294/413 1292/129/147 1289/291/410
f 1291/177/222 1292/129/147 1290/294/413
f 1278/178/223 1291/177/222 1290/294/413
f 240/293/412 239/292/411 241/295/414
f 241/295/414 239/292/411 242/296/415
f 239/292/411 236/280/399 242/296/415
f 242/296/415 236/280/399 243/297/416
f 236/280/399 244/298/417 243/297/416
f 243/297/416 244/298/417 245/299/418
f 244/298/417 237/281/400 245/299/418
f 1277/300/419 1278/178/223 1290/294/413
f 237/281/400 246/301/420 245/299/418
f 245/299/418 246/301/420 247/302/421
f 246/301/420 248/303/422 247/302/421
f 247/302/421 248/303/422 249/304/423
f 248/303/422 250/305/424 249/304/423
f 249/304/423 250/305/424 251/306/425
f 1289/291/410 1277/300/419 1290/294/413
f 1279/307/426 1277/300/419 1289/291/410
f 1280/308/427 1279/307/426 1289/291/410
f 1288/285/404 1280/308/427 1289/291/410
f 244/298/417 236/280/399 237/281/400
f 1287/284/403 1280/308/427 1288/285/404
f 1281/309/428 1280/308/427 1287/284/403
f 1286/288/407 1281/309/428 1287/284/403
f 1282/310/429 1281/309/428 1286/288/407
f 241/295/414 242/296/415 252/311/430
f 242/296/415 243/297/416 252/311/430
f 252/311/430 243/297/416 253/312/431
f 243/297/416 245/299/418 253/312/431
f 1285/287/406 1282/310/429 1286/288/407
f 245/299/418 247/302/421 253/312/431
f 253/312/431 247/302/421 254/313/432
f 247/302/421 249/304/423 254/313/432
f 1283/314/433 1282/310/429 1285/287/406
f 249/304/423 255/315/434 254/313/432
f 254/313/432 255/315/434 256/316/435
f 1270/317/436 1283/314/433 1284/318/437
f 256/316/435 255/315/434 257/319/438
f 255/315/434 258/320/439 257/319/438
f 1282/310/429 1283/314/433 1270/317/436
f 1268/321/440 1282/310/429 1270/317/436
f 1281/309/428 1282/310/429 1268/321/440
f 1267/322/441 1281/309/428 1268/321/440
f 252/311/430 253/312/431 259/323/442
f 253/312/431 254/313/432 259/323/442
f 259/323/442 254/313/432 256/316/435
f 1280/308/427 1281/309/428 1267/322/441
f 1279/307/426 1280/308/427 1267/322/441
f 1277/300/419 1279/307/426 1267/322/441
f 1272/324/443 1277/300/419 1267/322/441
f 218/253/372 217/252/371 260/325/444
f 1273/326/445 1275/179/225 1278/178/223
f 217/252/371 224/263/382 260/325/444
f 260/325/444 224/263/382 261/327/446
f 224/263/382 227/268/387 261/327/446
f 261/327/446 227/268/387 262/328/447
f 227/268/387 229/272/391 262/328/447
f 262/328/447 229/272/391 263/329/448
f 229/272/391 230/274/393 263/329/448
f 263/329/448 230/274/393 264/330/449
f 230/274/393 240/293/412 264/330/449
f 264/330/449 240/293/412 265/331/450
f 240/293/412 266/332/451 265/331/450
f 265/331/450 266/332/451 267/333/452
f 266/332/451 268/334/453 267/333/452
f 1277/300/419 1273/326/445 1278/178/223
f 1272/324/443 1273/326/445 1277/300/419
f 1274/335/454 1260/336/455 1258/337/456
f 1262/338/457 1260/336/455 1274/335/454
f 260/325/444 269/339/458 218/253/372
f 1276/180/226 1258/337/456 1257/182/228
f 1274/335/454 1258/337/456 1276/180/226
f 1275/179/225 1274/335/454 1276/180/226
f 1273/326/445 1274/335/454 1275/179/225
f 241/295/414 266/332/451 240/293/412
f 1262/338/457 1274/335/454 1273/326/445
f 1272/324/443 1262/338/457 1273/326/445
f 1265/340/459 1262/338/457 1272/324/443
f 1267/322/441 1265/340/459 1272/324/443
f 267/333/452 270/341/460 265/331/450
f 1266/342/461 1269/343/462 1271/344/463
f 265/331/450 270/341/460 264/330/449
f 270/341/460 271/345/464 264/330/449
f 264/330/449 271/345/464 263/329/448
f 1264/346/465 1266/342/461 1271/344/463
f 1268/321/440 1270/317/436 1269/343/462
f 1266/342/461 1268/321/440 1269/343/462
f 1267/322/441 1268/321/440 1266/342/461
f 271/345/464 270/341/460 272/347/466
f 272/347/466 270/341/460 273/348/467
f 270/341/460 267/333/452 273/348/467
f 273/348/467 267/333/452 274/349/468
f 267/333/452 268/334/453 274/349/468
f 274/349/468 268/334/453 275/350/469
f 268/334/453 276/351/470 275/350/469
f 1265/340/459 1267/322/441 1266/342/461
f 1264/346/465 1265/340/459 1266/342/461
f 1262/338/457 1265/340/459 1264/346/465
f 1263/352/471 1262/338/457 1264/346/465
f 275/350/469 277/353/472 274/349/468
f 1261/354/473 1262/338/457 1263/352/471
f 274/349/468 277/353/472 273/348/467
f 277/353/472 278/355/474 273/348/467
f 273/348/467 278/355/474 272/347/466
f 1260/336/455 1262/338/457 1261/354/473
f 1259/356/475 1260/336/455 1261/354/473
f 1258/337/456 1260/336/455 1259/356/475
f 1252/357/476 1258/337/456 1259/356/475
f 278/355/474 277/353/472 279/358/477
f 1254/359/478 1258/337/456 1252/357/476
f 277/353/472 275/350/469 279/358/477
f 279/358/477 275/350/469 280/360/479
f 275/350/469 276/351/470 280/360/479
f 1257/182/228 1258/337/456 1254/359/478
f 276/351/470 281/361/480 280/360/479
f 280/360/479 281/361/480 282/362/481
f 281/361/480 283/363/482 282/362/481
f 282/362/481 283/363/482 284/364/483
f 1256/183/229 1257/182/228 1254/359/478
f 1255/365/484 1256/183/229 1254/359/478
f 1253/366/485 1255/365/484 1254/359/478
f 1252/357/476 1253/366/485 1254/359/478
f 278/355/474 279/358/477 285/367/486
f 285/367/486 279/358/477 286/368/487
f 279/358/477 280/360/479 286/368/487
f 1251/369/488 1253/366/485 1252/357/476
f 280/360/479 282/362/481 286/368/487
f 1247/370/489 1249/68/490 1250/371/491
f 282/362/481 287/372/492 286/368/487
f 286/368/487 287/372/492 288/373/493
f 1248/66/494 1249/68/490 1247/370/489
f 288/373/493 287/372/492 289/374/495
f 287/372/492 290/375/496 289/374/495
f 1246/70/497 1248/66/494 1247/370/489
f 1245/376/498 1246/70/497 1247/370/489
f 1244/84/499 1246/70/497 1245/376/498
f 1243/377/500 1244/84/499 1245/376/498
f 288/373/493 285/367/486 286/368/487
f 1242/87/501 1244/84/499 1243/377/500
f 1241/378/502 1242/87/501 1243/377/500
f 1240/88/503 1242/87/501 1241/378/502
f 1239/379/504 1240/88/503 1241/378/502
f 263/329/448 291/380/505 262/328/447
f 1237/96/506 1240/88/503 1239/379/504
f 291/380/505 292/381/507 262/328/447
f 262/328/447 292/381/507 261/327/446
f 292/381/507 293/382/508 261/327/446
f 261/327/446 293/382/508 260/325/444
f 293/382/508 294/383/509 260/325/444
f 260/325/444 294/383/509 269/339/458
f 294/383/509 295/384/510 269/339/458
f 269/339/458 295/384/510 296/385/511
f 295/384/510 297/386/512 296/385/511
f 296/385/511 297/386/512 298/387/513
f 297/386/512 299/388/514 298/387/513
f 1238/389/515 1237/96/506 1239/379/504
f 299/388/514 300/390/516 298/387/513
f 298/387/513 300/390/516 301/391/517
f 1235/392/518 1237/96/506 1238/389/515
f 301/391/517 300/390/516 302/393/519
f 300/390/516 303/394/520 302/393/519
f 1236/98/521 1237/96/506 1235/392/518
f 303/394/520 304/395/522 302/393/519
f 302/393/519 304/395/522 305/396/523
f 304/395/522 306/397/524 305/396/523
f 305/396/523 306/397/524 307/398/525
f 306/397/524 308/399/526 307/398/525
f 307/398/525 308/399/526 309/400/527
f 1233/102/528 1236/98/521 1235/392/518
f 1234/401/529 1233/102/528 1235/392/518
f 1231/402/530 1233/102/528 1234/401/529
f 1232/109/531 1233/102/528 1231/402/530
f 308/399/526 306/397/524 310/403/532
f 310/403/532 306/397/524 311/404/533
f 306/397/524 304/395/522 311/404/533
f 311/404/533 304/395/522 312/405/534
f 304/395/522 303/394/520 312/405/534
f 312/405/534 303/394/520 313/406/535
f 303/394/520 314/407/536 313/406/535
f 313/406/535 314/407/536 315/408/537
f 1228/113/538 1232/109/531 1231/402/530
f 315/408/537 314/407/536 316/409/539
f 1230/410/538 1228/113/538 1231/402/530
f 316/409/539 314/407/536 317/411/540
f 1229/412/541 1228/113/538 1230/410/538
f 317/411/540 314/407/536 318/413/542
f 314/407/536 300/390/516 318/413/542
f 1227/118/543 1228/113/538 1229/412/541
f 300/390/516 299/388/514 318/413/542
f 318/413/542 299/388/514 319/414/544
f 299/388/514 297/386/512 319/414/544
f 1226/415/545 1211/416/546 1208/417/547
f 297/386/512 295/384/510 319/414/544
f 1205/418/548 1226/415/545 1208/417/547
f 295/384/510 294/383/509 319/414/544
f 319/414/544 294/383/509 317/411/540
f 294/383/509 293/382/508 317/411/540
f 317/411/540 293/382/508 320/419/549
f 293/382/508 321/420/550 320/419/549
f 320/419/549 321/420/550 322/421/551
f 321/420/550 323/422/552 322/421/551
f 322/421/551 323/422/552 324/423/553
f 1201/424/554 1226/415/545 1205/418/548
f 1199/425/555 1226/415/545 1201/424/554
f 1196/426/556 1226/415/545 1199/425/555
f 1223/427/557 1225/428/558 1224/429/559
f 313/406/535 315/408/537 312/405/534
f 312/405/534 315/408/537 311/404/533
f 1213/430/560 1223/427/557 1216/431/561
f 1225/428/558 1223/427/557 1213/430/560
f 1211/416/546 1225/428/558 1213/430/560
f 1226/415/545 1225/428/558 1211/416/546
f 300/390/516 314/407/536 303/394/520
f 1196/426/556 1225/428/558 1226/415/545
f 1224/429/559 1225/428/558 1196/426/556
f 1193/432/562 1224/429/559 1196/426/556
f 1194/433/563 1224/429/559 1193/432/562
f 319/414/544 317/411/540 318/413/542
f 1223/427/557 1224/429/559 1194/433/563
f 1222/434/564 1223/427/557 1194/433/563
f 1216/431/561 1223/427/557 1222/434/564
f 1221/435/565 1216/431/561 1222/434/564
f 293/382/508 292/381/507 321/420/550
f 1218/436/566 1216/431/561 1221/435/565
f 292/381/507 291/380/505 321/420/550
f 321/420/550 291/380/505 325/437/567
f 1218/436/566 1220/438/568 1219/439/569
f 325/437/567 291/380/505 326/440/570
f 291/380/505 263/329/448 326/440/570
f 1217/441/571 1218/436/566 1219/439/569
f 263/329/448 271/345/464 326/440/570
f 326/440/570 271/345/464 327/442/572
f 271/345/464 328/443/573 327/442/572
f 327/442/572 328/443/573 329/444/574
f 328/443/573 330/445/575 329/444/574
f 1216/431/561 1218/436/566 1217/441/571
f 1215/446/576 1216/431/561 1217/441/571
f 1213/430/560 1216/431/561 1215/446/576
f 1214/447/577 1213/430/560 1215/446/576
f 323/422/552 321/420/550 325/437/567
f 1212/448/578 1213/430/560 1214/447/577
f 1211/416/546 1213/430/560 1212/448/578
f 1210/449/579 1211/416/546 1212/448/578
f 1208/417/547 1211/416/546 1210/449/579
f 272/347/466 328/443/573 271/345/464
f 1209/450/580 1208/417/547 1210/449/579
f 1207/451/581 1208/417/547 1209/450/580
f 1205/418/548 1208/417/547 1207/451/581
f 1206/452/582 1205/418/548 1207/451/581
f 329/444/574 331/453/583 327/442/572
f 1204/454/584 1205/418/548 1206/452/582
f 327/442/572 331/453/583 326/440/570
f 1201/424/554 1205/418/548 1204/454/584
f 326/440/570 331/453/583 325/437/567
f 1203/455/585 1201/424/554 1204/454/584
f 325/437/567 331/453/583 332/456/586
f 1202/457/587 1201/424/554 1203/455/585
f 332/456/586 331/453/583 333/458/588
f 331/453/583 329/444/574 333/458/588
f 333/458/588 329/444/574 334/459/589
f 329/444/574 330/445/575 334/459/589
f 334/459/589 330/445/575 335/460/590
f 330/445/575 336/461/591 335/460/590
f 1200/462/592 1201/424/554 1202/457/587
f 1199/425/555 1201/424/554 1200/462/592
f 1198/463/593 1199/425/555 1200/462/592
f 1196/426/556 1199/425/555 1198/463/593
f 335/460/590 337/464/594 334/459/589
f 1197/465/595 1196/426/556 1198/463/593
f 334/459/589 337/464/594 333/458/588
f 337/464/594 338/466/596 333/458/588
f 333/458/588 338/466/596 332/456/586
f 1195/467/597 1196/426/556 1197/465/595
f 1193/432/562 1196/426/556 1195/467/597
f 1191/468/598 1193/432/562 1195/467/597
f 1192/469/599 1194/433/563 1193/432/562
f 338/466/596 337/464/594 339/470/600
f 1191/468/598 1192/469/599 1193/432/562
f 337/464/594 335/460/590 339/470/600
f 339/470/600 335/460/590 340/471/601
f 335/460/590 336/461/591 340/471/601
f 1189/472/602 1192/469/599 1191/468/598
f 336/461/591 341/473/603 340/471/601
f 340/471/601 341/473/603 342/474/604
f 341/473/603 343/475/605 342/474/604
f 342/474/604 343/475/605 344/476/606
f 1190/477/607 1189/472/602 1191/468/598
f 1188/478/608 1189/472/602 1190/477/607
f 1185/66/609 1187/68/610 1186/67/611
f 1184/69/150 1185/66/609 1186/67/611
f 338/466/596 339/470/600 345/479/612
f 345/479/612 339/470/600 346/480/613
f 339/470/600 340/471/601 346/480/613
f 1182/70/614 1185/66/609 1184/69/150
f 340/471/601 342/474/604 346/480/613
f 1183/75/615 1182/70/614 1184/69/150
f 342/474/604 347/481/616 346/480/613
f 346/480/613 347/481/616 348/482/617
f 1181/82/618 1182/70/614 1183/75/615
f 348/482/617 347/481/616 349/483/619
f 347/481/616 350/484/620 349/483/619
f 1180/84/621 1182/70/614 1181/82/618
f 1178/86/622 1180/84/621 1181/82/618
f 1179/87/623 1180/84/621 1178/86/622
f 1176/88/624 1179/87/623 1178/86/622
f 348/482/617 345/479/612 346/480/613
f 1177/89/625 1176/88/624 1178/86/622
f 1175/95/626 1176/88/624 1177/89/625
f 1174/96/627 1176/88/624 1175/95/626
f 1173/97/628 1174/96/627 1175/95/626
f 315/408/537 351/485/629 311/404/533
f 1172/98/630 1174/96/627 1173/97/628
f 351/485/629 352/486/631 311/404/533
f 311/404/533 352/486/631 310/403/532
f 352/486/631 353/487/632 310/403/532
f 1171/100/633 1172/98/630 1173/97/628
f 1170/102/634 1172/98/630 1171/100/633
f 1169/105/635 1170/102/634 1171/100/633
f 1168/109/636 1170/102/634 1169/105/635
f 332/456/586 354/488/637 325/437/567
f 354/488/637 355/489/638 325/437/567
f 325/437/567 355/489/638 323/422/552
f 355/489/638 356/490/639 323/422/552
f 323/422/552 356/490/639 324/423/553
f 356/490/639 357/491/640 324/423/553
f 324/423/553 357/491/640 358/492/641
f 1167/110/642 1168/109/636 1169/105/635
f 358/492/641 357/491/640 359/493/643
f 1165/113/644 1168/109/636 1167/110/642
f 359/493/643 357/491/640 360/494/645
f 357/491/640 361/495/646 360/494/645
f 360/494/645 361/495/646 362/496/647
f 1166/117/648 1165/113/644 1167/110/642
f 362/496/647 361/495/646 354/488/637
f 1164/118/649 1165/113/644 1166/117/648
f 354/488/637 361/495/646 355/489/638
f 1138/120/650 1139/119/651 1156/121/652
f 355/489/638 361/495/646 356/490/639
f 361/495/646 357/491/640 356/490/639
f 1142/122/653 1153/124/654 1141/123/655
f 1151/127/656 1153/124/654 1142/122/653
f 1143/128/657 1151/127/656 1142/122/653
f 1063/129/658 1064/131/659 1162/130/660
f 359/493/643 363/497/661 358/492/641
f 363/497/661 364/498/662 358/492/641
f 1163/132/87 1063/129/658 1162/130/660
f 1149/134/663 1063/129/658 1163/132/87
f 1157/138/664 1149/134/663 1163/132/87
f 1158/144/665 1157/138/664 1163/132/87
f 363/497/661 359/493/643 365/499/666
f 359/493/643 360/494/645 365/499/666
f 1159/146/667 1158/144/665 1163/132/87
f 360/494/645 362/496/647 365/499/666
f 1162/130/660 1159/146/667 1163/132/87
f 362/496/647 366/500/668 365/499/666
f 365/499/666 366/500/668 367/501/669
f 366/500/668 368/502/670 367/501/669
f 367/501/669 368/502/670 369/503/671
f 368/502/670 370/504/672 369/503/671
f 369/503/671 370/504/672 371/505/673
f 1160/147/674 1159/146/667 1162/130/660
f 1161/149/675 1160/147/674 1162/130/660
f 1064/131/659 1161/149/675 1162/130/660
f 1065/151/676 1161/149/675 1064/131/659
f 365/499/666 367/501/669 363/497/661
f 363/497/661 367/501/669 372/506/677
f 367/501/669 369/503/671 372/506/677
f 1066/152/678 1161/149/675 1065/151/676
f 369/503/671 373/507/679 372/506/677
f 372/506/677 373/507/679 374/508/680
f 1072/153/681 1161/149/675 1066/152/678
f 374/508/680 373/507/679 375/509/682
f 373/507/679 376/510/683 375/509/682
f 1131/155/684 1161/149/675 1072/153/681
f 1160/147/674 1161/149/675 1131/155/684
f 1135/159/685 1160/147/674 1131/155/684
f 1159/146/667 1160/147/674 1135/159/685
f 363/497/661 372/506/677 364/498/662
f 372/506/677 374/508/680 364/498/662
f 1136/161/686 1159/146/667 1135/159/685
f 1137/162/687 1159/146/667 1136/161/686
f 1158/144/665 1159/146/667 1137/162/687
f 1138/120/650 1158/144/665 1137/162/687
f 377/511/688 378/512/689 379/513/690
f 378/512/689 380/514/691 379/513/690
f 379/513/690 380/514/691 381/515/692
f 1156/121/652 1158/144/665 1138/120/650
f 1157/138/664 1158/144/665 1156/121/652
f 1154/168/693 1157/138/664 1156/121/652
f 1149/134/663 1157/138/664 1154/168/693
f 382/515/694 384/513/695 383/514/696
f 383/514/696 384/513/695 385/512/697
f 384/513/695 386/511/698 385/512/697
f 1152/169/699 1149/134/663 1154/168/693
f 1148/170/700 1149/134/663 1152/169/699
f 1148/170/700 1150/171/701 1147/172/702
f 1155/173/703 1154/168/693 1156/121/652
f 387/511/704 388/512/705 389/513/706
f 388/512/705 390/514/707 389/513/706
f 389/513/706 390/514/707 391/515/708
f 1139/119/651 1155/173/703 1156/121/652
f 1140/174/709 1155/173/703 1139/119/651
f 1141/123/655 1155/173/703 1140/174/709
f 1153/124/654 1155/173/703 1141/123/655
f 392/511/710 394/512/711 393/513/712
f 1154/168/693 1155/173/703 1153/124/654
f 394/512/711 395/514/713 393/513/712
f 393/513/712 395/514/713 396/515/714
f 1152/169/699 1154/168/693 1153/124/654
f 1151/127/656 1152/169/699 1153/124/654
f 1148/170/700 1152/169/699 1151/127/656
f 1143/128/657 1148/170/700 1151/127/656
f 397/511/715 399/512/716 398/513/716
f 1150/171/701 1148/170/700 1143/128/657
f 399/512/716 400/514/717 398/513/716
f 398/513/716 400/514/717 401/515/718
f 1144/175/719 1150/171/701 1143/128/657
f 1147/172/702 1150/171/701 1144/175/719
f 1145/176/720 1147/172/702 1144/175/719
f 1062/177/721 1063/129/658 1149/134/663
f 402/238/722 404/240/723 403/239/724
f 403/239/724 404/240/723 405/241/725
f 404/240/723 406/242/726 405/241/725
f 405/241/725 406/242/726 407/243/727
f 406/242/726 408/244/728 407/243/727
f 407/243/727 408/244/728 409/245/729
f 408/244/728 410/246/730 409/245/729
f 409/245/729 410/246/730 411/247/731
f 410/246/730 412/248/732 411/247/731
f 411/247/731 412/248/732 413/249/733
f 412/248/732 414/250/734 413/249/733
f 1148/170/700 1062/177/721 1149/134/663
f 414/250/734 415/251/735 413/249/733
f 413/249/733 415/251/735 416/252/736
f 415/251/735 417/253/737 416/252/736
f 1049/178/738 1062/177/721 1148/170/700
f 1046/179/739 1049/178/738 1148/170/700
f 1147/172/702 1046/179/739 1148/170/700
f 1047/180/740 1046/179/739 1147/172/702
f 403/239/724 405/241/725 418/256/741
f 405/241/725 419/257/742 418/256/741
f 418/256/741 419/257/742 420/258/743
f 1145/176/720 1047/180/740 1147/172/702
f 1028/182/744 1047/180/740 1145/176/720
f 1027/183/745 1028/182/744 1145/176/720
f 1146/184/746 1027/183/745 1145/176/720
f 405/241/725 407/243/727 419/257/742
f 419/257/742 407/243/727 421/261/747
f 407/243/727 409/245/729 421/261/747
f 421/261/747 409/245/729 422/262/748
f 409/245/729 411/247/731 422/262/748
f 422/262/748 411/247/731 423/263/749
f 411/247/731 413/249/733 423/263/749
f 423/263/749 413/249/733 416/252/736
f 1114/185/750 1146/184/746 1145/176/720
f 1144/175/719 1114/185/750 1145/176/720
f 1113/186/751 1114/185/750 1144/175/719
f 1117/187/752 1113/186/751 1144/175/719
f 421/261/747 424/265/753 419/257/742
f 419/257/742 424/265/753 420/258/743
f 1143/128/657 1117/187/752 1144/175/719
f 1118/188/754 1117/187/752 1143/128/657
f 1142/122/653 1118/188/754 1143/128/657
f 1119/189/755 1118/188/754 1142/122/653
f 424/265/753 421/261/747 425/267/756
f 1141/123/655 1119/189/755 1142/122/653
f 421/261/747 422/262/748 425/267/756
f 425/267/756 422/262/748 426/268/757
f 422/262/748 423/263/749 426/268/757
f 426/268/757 423/263/749 427/327/758
f 1120/190/759 1119/189/755 1141/123/655
f 427/327/758 423/263/749 428/325/760
f 423/263/749 416/252/736 428/325/760
f 1140/174/709 1120/190/759 1141/123/655
f 416/252/736 417/253/737 428/325/760
f 1121/191/761 1120/190/759 1140/174/709
f 417/253/737 429/339/762 428/325/760
f 428/325/760 429/339/762 430/383/763
f 429/339/762 431/384/764 430/383/763
f 430/383/763 431/384/764 432/414/765
f 431/384/764 433/386/766 432/414/765
f 432/414/765 433/386/766 434/388/767
f 433/386/766 435/387/768 434/388/767
f 434/388/767 435/387/768 436/390/769
f 435/387/768 437/391/770 436/390/769
f 1122/192/771 1121/191/761 1140/174/709
f 437/391/770 438/393/772 436/390/769
f 436/390/769 438/393/772 439/394/773
f 1139/119/651 1122/192/771 1140/174/709
f 439/394/773 438/393/772 440/395/774
f 438/393/772 441/396/775 440/395/774
f 440/395/774 441/396/775 442/397/776
f 441/396/775 443/398/777 442/397/776
f 442/397/776 443/398/777 444/399/778
f 443/398/777 445/400/779 444/399/778
f 1123/193/780 1122/192/771 1139/119/651
f 1138/120/650 1123/193/780 1139/119/651
f 1124/194/781 1123/193/780 1138/120/650
f 1137/162/687 1124/194/781 1138/120/650
f 429/339/762 446/385/782 431/384/764
f 1134/195/783 1124/194/781 1137/162/687
f 431/384/764 446/385/782 433/386/766
f 446/385/782 435/387/768 433/386/766
f 1136/161/686 1134/195/783 1137/162/687
f 1133/196/784 1134/195/783 1136/161/686
f 1135/159/685 1133/196/784 1136/161/686
f 1132/197/785 1133/196/784 1135/159/685
f 444/399/778 447/403/786 442/397/776
f 447/403/786 448/404/787 442/397/776
f 442/397/776 448/404/787 440/395/774
f 448/404/787 449/405/788 440/395/774
f 440/395/774 449/405/788 439/394/773
f 449/405/788 450/406/789 439/394/773
f 439/394/773 450/406/789 451/407/790
f 450/406/789 452/408/791 451/407/790
f 1130/198/792 1135/159/685 1131/155/684
f 452/408/791 453/409/793 451/407/790
f 1132/197/785 1135/159/685 1130/198/792
f 453/409/793 454/411/794 451/407/790
f 451/407/790 454/411/794 455/413/795
f 454/411/794 432/414/765 455/413/795
f 1129/199/796 1132/197/785 1130/198/792
f 432/414/765 434/388/767 455/413/795
f 1125/200/797 1124/194/781 1134/195/783
f 434/388/767 436/390/769 455/413/795
f 455/413/795 436/390/769 451/407/790
f 436/390/769 439/394/773 451/407/790
f 1133/196/784 1125/200/797 1134/195/783
f 1126/201/798 1125/200/797 1133/196/784
f 1132/197/785 1126/201/798 1133/196/784
f 1127/202/799 1126/201/798 1132/197/785
f 450/406/789 449/405/788 452/408/791
f 449/405/788 448/404/787 452/408/791
f 1129/199/796 1127/202/799 1132/197/785
f 1128/203/800 1127/202/799 1129/199/796
f 1074/204/801 1131/155/684 1072/153/681
f 1130/198/792 1131/155/684 1074/204/801
f 432/414/765 454/411/794 430/383/763
f 454/411/794 456/382/802 430/383/763
f 430/383/763 456/382/802 428/325/760
f 1077/205/803 1130/198/792 1074/204/801
f 428/325/760 456/382/802 427/327/758
f 456/382/802 457/381/804 427/327/758
f 427/327/758 457/381/804 458/328/805
f 1129/199/796 1130/198/792 1077/205/803
f 458/328/805 457/381/804 459/380/806
f 457/381/804 460/420/807 459/380/806
f 459/380/806 460/420/807 461/437/808
f 1078/206/809 1129/199/796 1077/205/803
f 461/437/808 460/420/807 462/422/810
f 460/420/807 463/421/811 462/422/810
f 1128/203/800 1129/199/796 1078/206/809
f 463/421/811 464/423/812 462/422/810
f 1080/207/813 1128/203/800 1078/206/809
f 464/423/812 465/490/814 462/422/810
f 1082/208/48 1128/203/800 1080/207/813
f 465/490/814 466/489/815 462/422/810
f 462/422/810 466/489/815 461/437/808
f 1086/209/816 1128/203/800 1082/208/48
f 461/437/808 466/489/815 467/488/817
f 1127/202/799 1128/203/800 1086/209/816
f 467/488/817 466/489/815 468/495/818
f 466/489/815 465/490/814 468/495/818
f 468/495/818 465/490/814 469/491/819
f 465/490/814 464/423/812 469/491/819
f 1087/210/820 1127/202/799 1086/209/816
f 464/423/812 470/492/821 469/491/819
f 1126/201/798 1127/202/799 1087/210/820
f 470/492/821 471/493/822 469/491/819
f 1089/211/823 1126/201/798 1087/210/820
f 471/493/822 472/494/824 469/491/819
f 469/491/819 472/494/824 468/495/818
f 472/494/824 473/496/825 468/495/818
f 468/495/818 473/496/825 467/488/817
f 1125/200/797 1126/201/798 1089/211/823
f 1092/212/826 1125/200/797 1089/211/823
f 1124/194/781 1125/200/797 1092/212/826
f 1093/213/827 1124/194/781 1092/212/826
f 454/411/794 474/419/828 456/382/802
f 456/382/802 474/419/828 460/420/807
f 474/419/828 463/421/811 460/420/807
f 1123/193/780 1124/194/781 1093/213/827
f 1095/214/829 1123/193/780 1093/213/827
f 1122/192/771 1123/193/780 1095/214/829
f 1121/191/761 1122/192/771 1095/214/829
f 460/420/807 457/381/804 456/382/802
f 1098/215/830 1121/191/761 1095/214/829
f 1104/216/831 1121/191/761 1098/215/830
f 1105/217/832 1121/191/761 1104/216/831
f 1120/190/759 1121/191/761 1105/217/832
f 458/328/805 426/268/757 427/327/758
f 1107/218/833 1120/190/759 1105/217/832
f 1119/189/755 1120/190/759 1107/218/833
f 1109/219/834 1119/189/755 1107/218/833
f 1118/188/754 1119/189/755 1109/219/834
f 473/496/825 472/494/824 475/499/835
f 472/494/824 471/493/822 475/499/835
f 475/499/835 471/493/822 476/497/836
f 471/493/822 470/492/821 476/497/836
f 1110/220/837 1118/188/754 1109/219/834
f 470/492/821 477/498/838 476/497/836
f 476/497/836 477/498/838 478/506/839
f 477/498/838 479/508/840 478/506/839
f 478/506/839 479/508/840 480/507/841
f 479/508/840 481/509/842 480/507/841
f 480/507/841 481/509/842 482/510/843
f 1117/187/752 1118/188/754 1110/220/837
f 1113/186/751 1117/187/752 1110/220/837
f 1098/215/830 1099/221/844 1104/216/831
f 1081/222/845 1116/224/846 1083/223/847
f 473/496/825 475/499/835 483/500/848
f 483/500/848 475/499/835 484/501/849
f 475/499/835 476/497/836 484/501/849
f 1115/225/850 1116/224/846 1081/222/845
f 476/497/836 478/506/839 484/501/849
f 484/501/849 478/506/839 485/503/851
f 478/506/839 480/507/841 485/503/851
f 1079/226/852 1115/225/850 1081/222/845
f 1112/227/853 1114/185/750 1113/186/751
f 1110/220/837 1112/227/853 1113/186/751
f 1111/228/854 1112/227/853 1110/220/837
f 483/500/848 484/501/849 486/502/855
f 484/501/849 485/503/851 486/502/855
f 486/502/855 485/503/851 487/504/856
f 485/503/851 488/505/857 487/504/856
f 1108/229/858 1111/228/854 1110/220/837
f 1109/219/834 1108/229/858 1110/220/837
f 1107/218/833 1108/229/858 1109/219/834
f 1106/230/859 1108/229/858 1107/218/833
f 424/265/753 489/271/860 420/258/743
f 1105/217/832 1106/230/859 1107/218/833
f 420/258/743 489/271/860 490/290/861
f 489/271/860 491/275/862 490/290/861
f 1103/231/863 1106/230/859 1105/217/832
f 1104/216/831 1103/231/863 1105/217/832
f 1099/221/844 1103/231/863 1104/216/831
f 1102/232/864 1103/231/863 1099/221/844
f 424/265/753 425/267/756 489/271/860
f 1101/233/865 1102/232/864 1099/221/844
f 489/271/860 425/267/756 492/272/866
f 425/267/756 426/268/757 492/272/866
f 1100/234/867 1101/233/865 1099/221/844
f 426/268/757 458/328/805 492/272/866
f 492/272/866 458/328/805 493/329/868
f 458/328/805 459/380/806 493/329/868
f 493/329/868 459/380/806 494/440/869
f 459/380/806 461/437/808 494/440/869
f 494/440/869 461/437/808 495/453/870
f 461/437/808 496/456/871 495/453/870
f 495/453/870 496/456/871 497/458/872
f 496/456/871 498/466/873 497/458/872
f 497/458/872 498/466/873 499/464/874
f 1097/235/875 1100/234/867 1099/221/844
f 499/464/874 498/466/873 500/470/876
f 498/466/873 501/479/877 500/470/876
f 500/470/876 501/479/877 502/480/878
f 501/479/877 503/482/879 502/480/878
f 502/480/878 503/482/879 504/481/880
f 503/482/879 505/483/881 504/481/880
f 504/481/880 505/483/881 506/484/882
f 1098/215/830 1097/235/875 1099/221/844
f 1095/214/829 1097/235/875 1098/215/830
f 1096/236/883 1097/235/875 1095/214/829
f 1094/237/884 1096/236/883 1095/214/829
f 467/488/817 496/456/871 461/437/808
f 1093/213/827 1094/237/884 1095/214/829
f 1091/254/885 1094/237/884 1093/213/827
f 1092/212/826 1091/254/885 1093/213/827
f 1089/211/823 1091/254/885 1092/212/826
f 504/481/880 507/474/886 502/480/878
f 507/474/886 508/471/887 502/480/878
f 502/480/878 508/471/887 500/470/876
f 508/471/887 509/460/888 500/470/876
f 500/470/876 509/460/888 499/464/874
f 509/460/888 510/459/889 499/464/874
f 499/464/874 510/459/889 497/458/872
f 510/459/889 511/444/890 497/458/872
f 497/458/872 511/444/890 495/453/870
f 511/444/890 512/442/891 495/453/870
f 495/453/870 512/442/891 494/440/869
f 512/442/891 513/345/892 494/440/869
f 494/440/869 513/345/892 493/329/868
f 1090/255/893 1091/254/885 1089/211/823
f 1088/259/894 1090/255/893 1089/211/823
f 1087/210/820 1088/259/894 1089/211/823
f 1085/260/895 1088/259/894 1087/210/820
f 513/345/892 512/442/891 514/443/896
f 1086/209/816 1085/260/895 1087/210/820
f 512/442/891 511/444/890 514/443/896
f 514/443/896 511/444/890 515/445/897
f 511/444/890 510/459/889 515/445/897
f 1082/208/48 1085/260/895 1086/209/816
f 510/459/889 509/460/888 515/445/897
f 515/445/897 509/460/888 516/461/898
f 509/460/888 508/471/887 516/461/898
f 516/461/898 508/471/887 517/473/899
f 508/471/887 507/474/886 517/473/899
f 517/473/899 507/474/886 518/475/900
f 507/474/886 519/476/901 518/475/900
f 1084/264/902 1085/260/895 1082/208/48
f 1083/223/847 1084/264/902 1082/208/48
f 1081/222/845 1083/223/847 1082/208/48
f 1080/207/813 1081/222/845 1082/208/48
f 514/443/896 520/347/903 513/345/892
f 520/347/903 521/341/904 513/345/892
f 1079/226/852 1081/222/845 1080/207/813
f 521/341/904 522/330/905 513/345/892
f 513/345/892 522/330/905 493/329/868
f 522/330/905 523/274/906 493/329/868
f 493/329/868 523/274/906 492/272/866
f 1078/206/809 1079/226/852 1080/207/813
f 492/272/866 523/274/906 489/271/860
f 1076/266/907 1079/226/852 1078/206/809
f 489/271/860 523/274/906 491/275/862
f 523/274/906 524/276/908 491/275/862
f 491/275/862 524/276/908 525/277/909
f 524/276/908 526/278/910 525/277/909
f 525/277/909 526/278/910 527/279/911
f 526/278/910 528/280/912 527/279/911
f 527/279/911 528/280/912 529/281/913
f 1077/205/803 1076/266/907 1078/206/809
f 1074/204/801 1076/266/907 1077/205/803
f 1075/269/914 1076/266/907 1074/204/801
f 1073/270/915 1075/269/914 1074/204/801
f 528/280/912 526/278/910 530/292/916
f 1072/153/681 1073/270/915 1074/204/801
f 526/278/910 524/276/908 530/292/916
f 530/292/916 524/276/908 531/293/917
f 524/276/908 523/274/906 531/293/917
f 1071/273/918 1073/270/915 1072/153/681
f 523/274/906 522/330/905 531/293/917
f 531/293/917 522/330/905 532/331/919
f 522/330/905 521/341/904 532/331/919
f 1066/152/678 1071/273/918 1072/153/681
f 1068/282/920 1071/273/918 1066/152/678
f 1058/284/921 1067/283/922 1059/285/923
f 1070/286/924 1057/288/925 1056/287/926
f 532/331/919 533/332/927 531/293/917
f 533/332/927 534/295/928 531/293/917
f 531/293/917 534/295/928 530/292/916
f 534/295/928 535/296/929 530/292/916
f 530/292/916 535/296/929 528/280/912
f 1058/284/921 1057/288/925 1070/286/924
f 528/280/912 535/296/929 536/297/930
f 535/296/929 537/311/931 536/297/930
f 536/297/930 537/311/931 538/312/932
f 537/311/931 539/323/933 538/312/932
f 538/312/932 539/323/933 540/313/934
f 539/323/933 541/316/935 540/313/934
f 540/313/934 541/316/935 542/315/936
f 541/316/935 543/319/937 542/315/936
f 542/315/936 543/319/937 544/320/938
f 1069/289/939 1058/284/921 1070/286/924
f 1068/282/920 1058/284/921 1069/289/939
f 1067/283/922 1058/284/921 1068/282/920
f 1066/152/678 1067/283/922 1068/282/920
f 537/311/931 535/296/929 534/295/928
f 1059/285/923 1067/283/922 1066/152/678
f 1065/151/676 1059/285/923 1066/152/678
f 1060/291/940 1059/285/923 1065/151/676
f 1064/131/659 1060/291/940 1065/151/676
f 542/315/936 545/304/941 540/313/934
f 545/304/941 546/302/942 540/313/934
f 540/313/934 546/302/942 538/312/932
f 546/302/942 547/299/943 538/312/932
f 538/312/932 547/299/943 536/297/930
f 547/299/943 548/298/944 536/297/930
f 536/297/930 548/298/944 528/280/912
f 1063/129/658 1060/291/940 1064/131/659
f 528/280/912 548/298/944 529/281/913
f 548/298/944 547/299/943 529/281/913
f 529/281/913 547/299/943 549/301/945
f 547/299/943 546/302/942 549/301/945
f 549/301/945 546/302/942 550/303/946
f 546/302/942 545/304/941 550/303/946
f 550/303/946 545/304/941 551/305/947
f 545/304/941 552/306/948 551/305/947
f 1061/294/949 1060/291/940 1063/129/658
f 1062/177/721 1061/294/949 1063/129/658
f 1049/178/738 1061/294/949 1062/177/721
f 1048/300/950 1061/294/949 1049/178/738
f 452/408/791 448/404/787 553/485/951
f 1060/291/940 1061/294/949 1048/300/950
f 553/485/951 448/404/787 554/486/952
f 448/404/787 447/403/786 554/486/952
f 554/486/952 447/403/786 555/487/953
f 1050/307/954 1060/291/940 1048/300/950
f 1051/308/955 1060/291/940 1050/307/954
f 1059/285/923 1060/291/940 1051/308/955
f 1058/284/921 1059/285/923 1051/308/955
f 533/332/927 532/331/919 556/333/956
f 1052/309/957 1058/284/921 1051/308/955
f 532/331/919 521/341/904 556/333/956
f 556/333/956 521/341/904 557/348/958
f 521/341/904 520/347/903 557/348/958
f 1057/288/925 1058/284/921 1052/309/957
f 520/347/903 558/355/959 557/348/958
f 1053/310/960 1057/288/925 1052/309/957
f 558/355/959 559/353/961 557/348/958
f 557/348/958 559/353/961 560/349/962
f 559/353/961 561/350/963 560/349/962
f 560/349/962 561/350/963 562/334/964
f 561/350/963 563/351/965 562/334/964
f 1056/287/926 1057/288/925 1053/310/960
f 1054/314/966 1056/287/926 1053/310/960
f 1041/317/967 1055/318/968 1054/314/966
f 1053/310/960 1041/317/967 1054/314/966
f 533/332/927 556/333/956 562/334/964
f 1039/321/969 1041/317/967 1053/310/960
f 562/334/964 556/333/956 560/349/962
f 556/333/956 557/348/958 560/349/962
f 1052/309/957 1039/321/969 1053/310/960
f 1038/322/970 1039/321/969 1052/309/957
f 1051/308/955 1038/322/970 1052/309/957
f 1050/307/954 1038/322/970 1051/308/955
f 564/375/971 565/372/972 566/374/973
f 1048/300/950 1038/322/970 1050/307/954
f 566/374/973 565/372/972 567/373/974
f 565/372/972 568/368/975 567/373/974
f 567/373/974 568/368/975 569/367/976
f 568/368/975 570/358/977 569/367/976
f 569/367/976 570/358/977 558/355/959
f 1043/324/978 1038/322/970 1048/300/950
f 558/355/959 570/358/977 559/353/961
f 1044/326/979 1049/178/738 1046/179/739
f 559/353/961 570/358/977 561/350/963
f 570/358/977 571/360/980 561/350/963
f 561/350/963 571/360/980 563/351/965
f 1048/300/950 1049/178/738 1044/326/979
f 563/351/965 571/360/980 572/361/981
f 571/360/980 573/362/982 572/361/981
f 572/361/981 573/362/982 574/363/983
f 573/362/982 575/364/984 574/363/983
f 1043/324/978 1048/300/950 1044/326/979
f 1045/335/985 1029/337/986 1031/336/987
f 1033/338/988 1045/335/985 1031/336/987
f 1047/180/740 1028/182/744 1029/337/986
f 565/372/972 573/362/982 568/368/975
f 573/362/982 571/360/980 568/368/975
f 568/368/975 571/360/980 570/358/977
f 1045/335/985 1047/180/740 1029/337/986
f 1046/179/739 1047/180/740 1045/335/985
f 1044/326/979 1046/179/739 1045/335/985
f 1033/338/988 1044/326/979 1045/335/985
f 576/511/989 578/513/990 577/512/991
f 577/512/991 578/513/990 579/514/992
f 578/513/990 580/515/993 579/514/992
f 1043/324/978 1044/326/979 1033/338/988
f 1036/340/994 1043/324/978 1033/338/988
f 1038/322/970 1043/324/978 1036/340/994
f 1037/342/995 1042/344/996 1040/343/997
f 581/515/998 582/514/999 583/513/1000
f 582/514/999 584/512/1001 583/513/1000
f 583/513/1000 584/512/1001 585/511/1002
f 1035/346/1003 1042/344/996 1037/342/995
f 1039/321/969 1040/343/997 1041/317/967
f 1037/342/995 1040/343/997 1039/321/969
f 1038/322/970 1037/342/995 1039/321/969
f 586/511/1004 588/513/1005 587/512/1006
f 587/512/1006 588/513/1005 589/514/1007
f 588/513/1005 590/515/1008 589/514/1007
f 1036/340/994 1037/342/995 1038/322/970
f 1035/346/1003 1037/342/995 1036/340/994
f 1033/338/988 1035/346/1003 1036/340/994
f 1034/352/1009 1035/346/1003 1033/338/988
f 591/511/1010 592/513/1011 593/512/1012
f 1032/354/1013 1034/352/1009 1033/338/988
f 593/512/1012 592/513/1011 594/514/1014
f 592/513/1011 595/515/1015 594/514/1014
f 1031/336/987 1032/354/1013 1033/338/988
f 1030/356/1016 1032/354/1013 1031/336/987
f 1029/337/986 1030/356/1016 1031/336/987
f 1023/357/1017 1030/356/1016 1029/337/986
f 596/511/1018 597/513/1019 598/512/1020
f 1025/359/1021 1023/357/1017 1029/337/986
f 598/512/1020 597/513/1019 599/514/1022
f 597/513/1019 600/515/1023 599/514/1022
f 1028/182/744 1025/359/1021 1029/337/986
f 1027/183/745 1025/359/1021 1028/182/744
f 1026/365/1024 1025/359/1021 1027/183/745
f 1024/366/1025 1025/359/1021 1026/365/1024
f 601/516/1026 602/517/1027 603/518/1028
f 602/517/1027 604/519/1029 603/518/1028
f 603/518/1028 604/519/1029 605/520/1030
f 604/519/1029 606/521/1031 605/520/1030
f 605/520/1030 606/521/1031 607/522/1032
f 1023/357/1017 1025/359/1021 1024/366/1025
f 607/522/1032 606/521/1031 608/523/1033
f 606/521/1031 609/524/1034 608/523/1033
f 608/523/1033 609/524/1034 610/525/1035
f 609/524/1034 611/526/1036 610/525/1035
f 610/525/1035 611/526/1036 612/527/1037
f 611/526/1036 613/528/1038 612/527/1037
f 612/527/1037 613/528/1038 614/529/1039
f 613/528/1038 615/530/1040 614/529/1039
f 614/529/1039 615/530/1040 616/531/1041
f 1022/369/1042 1023/357/1017 1024/366/1025
f 616/531/1041 615/530/1040 617/532/1043
f 615/530/1040 618/533/1044 617/532/1043
f 617/532/1043 618/533/1044 619/534/1045
f 618/533/1044 620/535/1046 619/534/1045
f 619/534/1045 620/535/1046 621/536/1047
f 1018/370/1048 1021/371/1049 1020/68/1050
f 1019/66/1051 1018/370/1048 1020/68/1050
f 1017/70/1052 1018/370/1048 1019/66/1051
f 1016/376/1053 1018/370/1048 1017/70/1052
f 620/535/1046 618/533/1044 622/537/1054
f 1015/84/1055 1016/376/1053 1017/70/1052
f 618/533/1044 615/530/1040 622/537/1054
f 622/537/1054 615/530/1040 623/538/1056
f 615/530/1040 613/528/1038 623/538/1056
f 1014/377/1057 1016/376/1053 1015/84/1055
f 613/528/1038 611/526/1036 623/538/1056
f 623/538/1056 611/526/1036 624/539/1058
f 611/526/1036 609/524/1034 624/539/1058
f 624/539/1058 609/524/1034 625/540/1059
f 609/524/1034 606/521/1031 625/540/1059
f 1013/87/1060 1014/377/1057 1015/84/1055
f 606/521/1031 604/519/1029 625/540/1059
f 1012/378/1061 1014/377/1057 1013/87/1060
f 604/519/1029 602/517/1027 625/540/1059
f 1011/88/1062 1012/378/1061 1013/87/1060
f 602/517/1027 626/541/1063 625/540/1059
f 625/540/1059 626/541/1063 627/542/1064
f 626/541/1063 628/543/1065 627/542/1064
f 1010/379/1066 1012/378/1061 1011/88/1062
f 628/543/1065 629/544/1067 627/542/1064
f 627/542/1064 629/544/1067 630/545/1068
f 629/544/1067 631/546/1069 630/545/1068
f 1008/96/1070 1010/379/1066 1011/88/1062
f 1009/389/1071 1010/379/1066 1008/96/1070
f 1006/392/1072 1009/389/1071 1008/96/1070
f 1007/98/1073 1006/392/1072 1008/96/1070
f 630/545/1068 632/547/1074 627/542/1064
f 1004/102/1075 1006/392/1072 1007/98/1073
f 627/542/1064 632/547/1074 625/540/1059
f 1005/401/1076 1006/392/1072 1004/102/1075
f 625/540/1059 632/547/1074 624/539/1058
f 1002/402/1077 1005/401/1076 1004/102/1075
f 624/539/1058 632/547/1074 623/538/1056
f 632/547/1074 633/548/1078 623/538/1056
f 623/538/1056 633/548/1078 622/537/1054
f 1003/109/1079 1002/402/1077 1004/102/1075
f 622/537/1054 633/548/1078 634/549/1080
f 999/113/1081 1002/402/1077 1003/109/1079
f 634/549/1080 633/548/1078 635/550/1082
f 633/548/1078 630/545/1068 635/550/1082
f 635/550/1082 630/545/1068 636/551/1083
f 630/545/1068 631/546/1069 636/551/1083
f 636/551/1083 631/546/1069 637/552/1084
f 631/546/1069 638/553/1085 637/552/1084
f 1001/410/1086 1002/402/1077 999/113/1081
f 638/553/1085 639/554/1087 637/552/1084
f 1000/412/1088 1001/410/1086 999/113/1081
f 639/554/1087 640/555/1089 637/552/1084
f 998/118/1090 1000/412/1088 999/113/1081
f 640/555/1089 641/556/1091 637/552/1084
f 997/415/1092 979/417/1093 982/416/1094
f 641/556/1091 642/557/1095 637/552/1084
f 637/552/1084 642/557/1095 636/551/1083
f 642/557/1095 643/558/1096 636/551/1083
f 636/551/1083 643/558/1096 635/550/1082
f 976/418/1097 979/417/1093 997/415/1092
f 972/424/1098 976/418/1097 997/415/1092
f 970/425/1099 972/424/1098 997/415/1092
f 967/426/1100 970/425/1099 997/415/1092
f 633/548/1078 632/547/1074 630/545/1068
f 996/428/1101 994/427/1102 995/429/1103
f 984/430/1104 987/431/1105 994/427/1102
f 996/428/1101 984/430/1104 994/427/1102
f 982/416/1094 984/430/1104 996/428/1101
f 644/559/1106 645/560/1107 642/557/1095
f 645/560/1107 643/558/1096 642/557/1095
f 997/415/1092 982/416/1094 996/428/1101
f 967/426/1100 997/415/1092 996/428/1101
f 995/429/1103 967/426/1100 996/428/1101
f 964/432/1108 967/426/1100 995/429/1103
f 644/559/1106 642/557/1095 646/561/1109
f 642/557/1095 641/556/1091 646/561/1109
f 646/561/1109 641/556/1091 647/562/1110
f 641/556/1091 640/555/1089 647/562/1110
f 647/562/1110 640/555/1089 648/563/1111
f 640/555/1089 639/554/1087 648/563/1111
f 648/563/1111 639/554/1087 649/564/1112
f 639/554/1087 650/565/1113 649/564/1112
f 965/433/1114 964/432/1108 995/429/1103
f 650/565/1113 651/566/1115 649/564/1112
f 649/564/1112 651/566/1115 652/567/1116
f 994/427/1102 965/433/1114 995/429/1103
f 652/567/1116 651/566/1115 653/568/1117
f 651/566/1115 654/569/1118 653/568/1117
f 993/434/1119 965/433/1114 994/427/1102
f 654/569/1118 655/570/1120 653/568/1117
f 653/568/1117 655/570/1120 656/571/1121
f 655/570/1120 657/572/1122 656/571/1121
f 987/431/1105 993/434/1119 994/427/1102
f 657/572/1122 658/573/1123 656/571/1121
f 656/571/1121 658/573/1123 659/574/1124
f 658/573/1123 660/575/1125 659/574/1124
f 659/574/1124 660/575/1125 652/567/1116
f 992/435/1126 993/434/1119 987/431/1105
f 652/567/1116 660/575/1125 649/564/1112
f 660/575/1125 647/562/1110 649/564/1112
f 649/564/1112 647/562/1110 648/563/1111
f 989/436/1127 992/435/1126 987/431/1105
f 989/436/1127 990/439/1128 991/438/1129
f 988/441/1130 990/439/1128 989/436/1127
f 987/431/1105 988/441/1130 989/436/1127
f 656/571/1121 659/574/1124 653/568/1117
f 653/568/1117 659/574/1124 652/567/1116
f 986/446/1131 988/441/1130 987/431/1105
f 984/430/1104 986/446/1131 987/431/1105
f 985/447/1132 986/446/1131 984/430/1104
f 983/448/1133 985/447/1132 984/430/1104
f 647/562/1110 660/575/1125 646/561/1109
f 646/561/1109 660/575/1125 661/576/1134
f 660/575/1125 658/573/1123 661/576/1134
f 982/416/1094 983/448/1133 984/430/1104
f 981/449/1135 983/448/1133 982/416/1094
f 979/417/1093 981/449/1135 982/416/1094
f 980/450/1136 981/449/1135 979/417/1093
f 620/535/1046 622/537/1054 662/577/1137
f 622/537/1054 634/549/1080 662/577/1137
f 978/451/1138 980/450/1136 979/417/1093
f 976/418/1097 978/451/1138 979/417/1093
f 977/452/1139 978/451/1138 976/418/1097
f 975/454/1140 977/452/1139 976/418/1097
f 662/577/1137 663/578/1141 620/535/1046
f 663/578/1141 664/579/1142 620/535/1046
f 620/535/1046 664/579/1142 621/536/1047
f 972/424/1098 975/454/1140 976/418/1097
f 974/455/1143 975/454/1140 972/424/1098
f 973/457/1144 974/455/1143 972/424/1098
f 971/462/1145 973/457/1144 972/424/1098
f 664/579/1142 663/578/1141 665/580/1146
f 665/580/1146 663/578/1141 666/581/1147
f 663/578/1141 662/577/1137 666/581/1147
f 970/425/1099 971/462/1145 972/424/1098
f 969/463/1148 971/462/1145 970/425/1099
f 967/426/1100 969/463/1148 970/425/1099
f 968/465/1149 969/463/1148 967/426/1100
f 666/581/1147 667/582/1150 665/580/1146
f 667/582/1150 668/583/1151 665/580/1146
f 665/580/1146 668/583/1151 664/579/1142
f 668/583/1151 669/584/1152 664/579/1142
f 664/579/1142 669/584/1152 621/536/1047
f 966/467/1153 968/465/1149 967/426/1100
f 964/432/1108 966/467/1153 967/426/1100
f 962/468/1154 966/467/1153 964/432/1108
f 963/469/1155 964/432/1108 965/433/1114
f 669/584/1152 668/583/1151 670/585/1156
f 962/468/1154 964/432/1108 963/469/1155
f 668/583/1151 667/582/1150 670/585/1156
f 670/585/1156 667/582/1150 671/586/1157
f 960/472/1158 962/468/1154 963/469/1155
f 961/477/1159 962/468/1154 960/472/1158
f 959/478/1160 961/477/1159 960/472/1158
f 954/587/1161 942/588/1162 956/589/1163
f 667/582/1150 666/581/1147 672/590/1164
f 672/590/1164 666/581/1147 673/591/1165
f 666/581/1147 674/592/1166 673/591/1165
f 673/591/1165 674/592/1166 675/593/1167
f 943/594/1168 942/588/1162 954/587/1161
f 675/593/1167 674/592/1166 676/595/1169
f 952/596/1170 943/594/1168 954/587/1161
f 676/595/1169 674/592/1166 677/597/1171
f 674/592/1166 662/577/1137 677/597/1171
f 677/597/1171 662/577/1137 678/598/1172
f 662/577/1137 634/549/1080 678/598/1172
f 678/598/1172 634/549/1080 679/599/1173
f 634/549/1080 635/550/1082 679/599/1173
f 679/599/1173 635/550/1082 680/600/1174
f 635/550/1082 643/558/1096 680/600/1174
f 945/601/1175 943/594/1168 952/596/1170
f 643/558/1096 645/560/1107 680/600/1174
f 947/602/1176 945/601/1175 952/596/1170
f 645/560/1107 681/603/1177 680/600/1174
f 818/593/1178 955/604/1179 957/605/1180
f 681/603/1177 682/606/1181 680/600/1174
f 680/600/1174 682/606/1181 683/607/1182
f 682/606/1181 684/608/1183 683/607/1182
f 958/609/1184 818/593/1178 957/605/1180
f 684/608/1183 685/610/1185 683/607/1182
f 683/607/1182 685/610/1185 679/599/1173
f 685/610/1185 678/598/1172 679/599/1173
f 817/595/1186 818/593/1178 958/609/1184
f 939/611/1187 817/595/1186 958/609/1184
f 957/605/1180 939/611/1187 958/609/1184
f 940/612/1188 939/611/1187 957/605/1180
f 674/592/1166 666/581/1147 662/577/1137
f 942/588/1162 940/612/1188 957/605/1180
f 956/589/1163 942/588/1162 957/605/1180
f 955/604/1179 956/589/1163 957/605/1180
f 954/587/1161 956/589/1163 955/604/1179
f 683/607/1182 679/599/1173 680/600/1174
f 953/613/1189 954/587/1161 955/604/1179
f 952/596/1170 954/587/1161 953/613/1189
f 951/614/1190 952/596/1170 953/613/1189
f 947/602/1176 952/596/1170 951/614/1190
f 682/606/1181 686/615/1191 684/608/1183
f 950/616/1192 947/602/1176 951/614/1190
f 684/608/1183 686/615/1191 687/617/1193
f 686/615/1191 688/618/1194 687/617/1193
f 687/617/1193 688/618/1194 689/619/1195
f 688/618/1194 690/620/1195 689/619/1195
f 949/621/1196 947/602/1176 950/616/1192
f 690/620/1195 691/622/1197 689/619/1195
f 689/619/1195 691/622/1197 687/617/1193
f 691/622/1197 692/623/1198 687/617/1193
f 687/617/1193 692/623/1198 684/608/1183
f 692/623/1198 693/624/1199 684/608/1183
f 684/608/1183 693/624/1199 685/610/1185
f 948/625/1200 947/602/1176 949/621/1196
f 946/626/1201 947/602/1176 948/625/1200
f 945/601/1175 947/602/1176 946/626/1201
f 944/627/1202 945/601/1175 946/626/1201
f 688/618/1194 694/628/1203 690/620/1195
f 690/620/1195 694/628/1203 695/629/1204
f 943/594/1168 945/601/1175 944/627/1202
f 695/629/1204 694/628/1203 696/630/1205
f 694/628/1203 697/631/1206 696/630/1205
f 696/630/1205 697/631/1206 698/632/1207
f 697/631/1206 699/633/1208 698/632/1207
f 698/632/1207 699/633/1208 700/634/1209
f 699/633/1208 701/635/1210 700/634/1209
f 941/636/1211 943/594/1168 944/627/1202
f 701/635/1210 702/637/1212 700/634/1209
f 942/588/1162 943/594/1168 941/636/1211
f 702/637/1212 703/638/1213 700/634/1209
f 940/612/1188 942/588/1162 941/636/1211
f 703/638/1213 704/639/1214 700/634/1209
f 937/640/1215 940/612/1188 941/636/1211
f 704/639/1214 705/641/1216 700/634/1209
f 700/634/1209 705/641/1216 698/632/1207
f 939/611/1187 940/612/1188 937/640/1215
f 938/642/1217 816/597/1218 817/595/1186
f 939/611/1187 938/642/1217 817/595/1186
f 937/640/1215 938/642/1217 939/611/1187
f 704/639/1214 706/643/1219 705/641/1216
f 816/597/1218 938/642/1217 937/640/1215
f 706/643/1219 707/644/1220 705/641/1216
f 705/641/1216 707/644/1220 698/632/1207
f 936/645/1221 816/597/1218 937/640/1215
f 698/632/1207 707/644/1220 696/630/1205
f 915/646/1222 816/597/1218 936/645/1221
f 696/630/1205 707/644/1220 695/629/1204
f 707/644/1220 708/647/1223 695/629/1204
f 695/629/1204 708/647/1223 709/648/1224
f 708/647/1223 710/649/1225 709/648/1224
f 935/650/1226 932/651/1227 933/652/1228
f 710/649/1225 711/653/1229 709/648/1224
f 709/648/1224 711/653/1229 691/622/1197
f 934/654/1230 935/650/1226 933/652/1228
f 691/622/1197 711/653/1229 692/623/1198
f 711/653/1229 693/624/1199 692/623/1198
f 921/655/1231 935/650/1226 934/654/1230
f 922/656/1232 921/655/1231 934/654/1230
f 923/657/1233 922/656/1232 934/654/1230
f 924/658/1234 923/657/1233 934/654/1230
f 691/622/1197 690/620/1195 709/648/1224
f 690/620/1195 695/629/1204 709/648/1224
f 933/652/1228 924/658/1234 934/654/1230
f 926/659/1235 924/658/1234 933/652/1228
f 928/660/1236 926/659/1235 933/652/1228
f 932/651/1227 928/660/1236 933/652/1228
f 708/647/1223 707/644/1220 710/649/1225
f 707/644/1220 706/643/1219 710/649/1225
f 931/661/1237 928/660/1236 932/651/1227
f 930/662/1238 928/660/1236 931/661/1237
f 929/663/1239 928/660/1236 930/662/1238
f 927/664/1240 928/660/1236 929/663/1239
f 621/536/1047 669/584/1152 712/665/1241
f 669/584/1152 670/585/1156 712/665/1241
f 712/665/1241 670/585/1156 713/666/1242
f 670/585/1156 671/586/1157 713/666/1242
f 713/666/1242 671/586/1157 714/667/1243
f 671/586/1157 715/668/1244 714/667/1243
f 714/667/1243 715/668/1244 716/669/1245
f 715/668/1244 717/670/1246 716/669/1245
f 716/669/1245 717/670/1246 718/671/1247
f 717/670/1246 719/672/1248 718/671/1247
f 926/659/1235 928/660/1236 927/664/1240
f 719/672/1248 720/673/1249 718/671/1247
f 925/674/1250 926/659/1235 927/664/1240
f 720/673/1249 721/675/1251 718/671/1247
f 924/658/1234 926/659/1235 925/674/1250
f 721/675/1251 722/676/1252 718/671/1247
f 718/671/1247 722/676/1252 723/677/1253
f 722/676/1252 724/678/1254 723/677/1253
f 723/677/1253 724/678/1254 725/679/1255
f 724/678/1254 726/680/752 725/679/1255
f 725/679/1255 726/680/752 727/681/1256
f 726/680/752 712/665/1241 727/681/1256
f 919/682/1257 924/658/1234 925/674/1250
f 712/665/1241 713/666/1242 727/681/1256
f 727/681/1256 713/666/1242 725/679/1255
f 713/666/1242 714/667/1243 725/679/1255
f 725/679/1255 714/667/1243 723/677/1253
f 714/667/1243 716/669/1245 723/677/1253
f 723/677/1253 716/669/1245 718/671/1247
f 923/657/1233 924/658/1234 919/682/1257
f 918/683/1258 923/657/1233 919/682/1257
f 920/684/1259 923/657/1233 918/683/1258
f 922/656/1232 923/657/1233 920/684/1259
f 726/680/752 621/536/1047 712/665/1241
f 921/655/1231 922/656/1232 920/684/1259
f 914/685/1260 921/655/1231 920/684/1259
f 916/686/1261 914/685/1260 920/684/1259
f 917/687/1262 916/686/1261 920/684/1259
f 728/516/1263 729/518/1264 730/517/1265
f 918/683/1258 917/687/1262 920/684/1259
f 730/517/1265 729/518/1264 731/519/1266
f 729/518/1264 732/520/1267 731/519/1266
f 731/519/1266 732/520/1267 733/521/1268
f 732/520/1267 734/522/1269 733/521/1268
f 910/688/1270 918/683/1258 919/682/1257
f 734/522/1269 735/523/1271 733/521/1268
f 733/521/1268 735/523/1271 736/524/1272
f 735/523/1271 737/525/1273 736/524/1272
f 736/524/1272 737/525/1273 738/526/1274
f 737/525/1273 739/527/1275 738/526/1274
f 738/526/1274 739/527/1275 740/528/1276
f 739/527/1275 741/529/1277 740/528/1276
f 740/528/1276 741/529/1277 742/530/1278
f 741/529/1277 743/531/1279 742/530/1278
f 917/687/1262 918/683/1258 910/688/1270
f 743/531/1279 744/532/1280 742/530/1278
f 742/530/1278 744/532/1280 745/533/1281
f 744/532/1280 746/534/1282 745/533/1281
f 745/533/1281 746/534/1282 747/535/1283
f 746/534/1282 748/536/1284 747/535/1283
f 911/689/1285 917/687/1262 910/688/1270
f 916/686/1261 917/687/1262 911/689/1285
f 912/690/1286 916/686/1261 911/689/1285
f 914/685/1260 916/686/1261 912/690/1286
f 747/535/1283 749/537/1287 745/533/1281
f 908/691/1288 836/624/1289 828/610/1290
f 745/533/1281 749/537/1287 742/530/1278
f 749/537/1287 750/538/1291 742/530/1278
f 742/530/1278 750/538/1291 740/528/1276
f 821/598/1292 908/691/1288 828/610/1290
f 740/528/1276 750/538/1291 738/526/1274
f 750/538/1291 751/539/1293 738/526/1274
f 738/526/1274 751/539/1293 736/524/1272
f 751/539/1293 752/540/1294 736/524/1272
f 736/524/1272 752/540/1294 733/521/1268
f 913/692/1295 908/691/1288 821/598/1292
f 733/521/1268 752/540/1294 731/519/1266
f 816/597/1218 913/692/1295 821/598/1292
f 731/519/1266 752/540/1294 730/517/1265
f 915/646/1222 913/692/1295 816/597/1218
f 730/517/1265 752/540/1294 753/541/1296
f 752/540/1294 754/542/1297 753/541/1296
f 753/541/1296 754/542/1297 755/543/1298
f 914/685/1260 913/692/1295 915/646/1222
f 755/543/1298 754/542/1297 756/544/1299
f 754/542/1297 757/545/1300 756/544/1299
f 756/544/1299 757/545/1300 758/546/1301
f 912/690/1286 913/692/1295 914/685/1260
f 908/691/1288 913/692/1295 912/690/1286
f 911/689/1285 908/691/1288 912/690/1286
f 910/688/1270 908/691/1288 911/689/1285
f 757/545/1300 754/542/1297 759/547/1302
f 909/693/1303 908/691/1288 910/688/1270
f 754/542/1297 752/540/1294 759/547/1302
f 907/694/1304 908/691/1288 909/693/1303
f 752/540/1294 751/539/1293 759/547/1302
f 836/624/1289 908/691/1288 907/694/1304
f 751/539/1293 750/538/1291 759/547/1302
f 759/547/1302 750/538/1291 760/548/1305
f 750/538/1291 749/537/1287 760/548/1305
f 854/653/1306 836/624/1289 907/694/1304
f 749/537/1287 761/549/1307 760/548/1305
f 902/587/1308 904/589/1309 890/588/1310
f 761/549/1307 762/550/1311 760/548/1305
f 760/548/1305 762/550/1311 757/545/1300
f 762/550/1311 763/551/1312 757/545/1300
f 757/545/1300 763/551/1312 758/546/1301
f 763/551/1312 764/552/1313 758/546/1301
f 758/546/1301 764/552/1313 765/553/1314
f 891/594/1315 902/587/1308 890/588/1310
f 765/553/1314 764/552/1313 766/554/1316
f 900/596/1317 902/587/1308 891/594/1315
f 766/554/1316 764/552/1313 767/555/1318
f 893/601/1319 900/596/1317 891/594/1315
f 767/555/1318 764/552/1313 768/556/1320
f 895/602/1321 900/596/1317 893/601/1319
f 768/556/1320 764/552/1313 769/557/1322
f 764/552/1313 763/551/1312 769/557/1322
f 769/557/1322 763/551/1312 770/558/1323
f 763/551/1312 762/550/1311 770/558/1323
f 675/593/1167 905/605/1324 903/604/1325
f 906/609/1326 905/605/1324 675/593/1167
f 676/595/1169 906/609/1326 675/593/1167
f 887/611/1327 906/609/1326 676/595/1169
f 759/547/1302 760/548/1305 757/545/1300
f 905/605/1324 906/609/1326 887/611/1327
f 888/612/1328 905/605/1324 887/611/1327
f 890/588/1310 905/605/1324 888/612/1328
f 904/589/1309 905/605/1324 890/588/1310
f 771/559/1329 769/557/1322 772/560/1330
f 772/560/1330 769/557/1322 770/558/1323
f 903/604/1325 905/605/1324 904/589/1309
f 902/587/1308 903/604/1325 904/589/1309
f 901/613/1331 903/604/1325 902/587/1308
f 900/596/1317 901/613/1331 902/587/1308
f 771/559/1329 773/561/1332 769/557/1322
f 769/557/1322 773/561/1332 768/556/1320
f 773/561/1332 774/562/1333 768/556/1320
f 768/556/1320 774/562/1333 767/555/1318
f 774/562/1333 775/563/1334 767/555/1318
f 767/555/1318 775/563/1334 766/554/1316
f 775/563/1334 776/564/1335 766/554/1316
f 766/554/1316 776/564/1335 777/565/1336
f 899/614/1337 901/613/1331 900/596/1317
f 777/565/1336 776/564/1335 778/566/1338
f 776/564/1335 779/567/1339 778/566/1338
f 895/602/1321 899/614/1337 900/596/1317
f 779/567/1339 780/568/1340 778/566/1338
f 778/566/1338 780/568/1340 781/569/1341
f 898/616/1342 899/614/1337 895/602/1321
f 781/569/1341 780/568/1340 782/570/1343
f 780/568/1340 783/571/1344 782/570/1343
f 782/570/1343 783/571/1344 784/572/1345
f 897/621/1346 898/616/1342 895/602/1321
f 784/572/1345 783/571/1344 785/573/1347
f 783/571/1344 786/574/1348 785/573/1347
f 785/573/1347 786/574/1348 787/575/1349
f 786/574/1348 779/567/1339 787/575/1349
f 896/625/1350 897/621/1346 895/602/1321
f 779/567/1339 776/564/1335 787/575/1349
f 787/575/1349 776/564/1335 774/562/1333
f 776/564/1335 775/563/1334 774/562/1333
f 894/626/1351 896/625/1350 895/602/1321
f 893/601/1319 894/626/1351 895/602/1321
f 892/627/1352 894/626/1351 893/601/1319
f 891/594/1315 892/627/1352 893/601/1319
f 783/571/1344 780/568/1340 786/574/1348
f 780/568/1340 779/567/1339 786/574/1348
f 889/636/1353 892/627/1352 891/594/1315
f 890/588/1310 889/636/1353 891/594/1315
f 888/612/1328 889/636/1353 890/588/1310
f 885/640/1354 889/636/1353 888/612/1328
f 774/562/1333 773/561/1332 787/575/1349
f 773/561/1332 788/576/1355 787/575/1349
f 787/575/1349 788/576/1355 785/573/1347
f 887/611/1327 885/640/1354 888/612/1328
f 886/642/1356 676/595/1169 677/597/1171
f 887/611/1327 676/595/1169 886/642/1356
f 885/640/1354 887/611/1327 886/642/1356
f 747/535/1283 789/577/1357 749/537/1287
f 749/537/1287 789/577/1357 761/549/1307
f 677/597/1171 885/640/1354 886/642/1356
f 884/645/1358 885/640/1354 677/597/1171
f 863/646/1359 884/645/1358 677/597/1171
f 883/650/1360 881/652/1361 880/651/1362
f 789/577/1357 747/535/1283 790/578/1363
f 790/578/1363 747/535/1283 791/579/1364
f 747/535/1283 748/536/1284 791/579/1364
f 791/579/1364 748/536/1284 792/584/1365
f 882/654/1366 881/652/1361 883/650/1360
f 792/584/1365 748/536/1284 793/665/1367
f 748/536/1284 794/680/1368 793/665/1367
f 793/665/1367 794/680/1368 795/681/1369
f 869/655/1370 882/654/1366 883/650/1360
f 795/681/1369 794/680/1368 796/679/1371
f 794/680/1368 797/678/1372 796/679/1371
f 796/679/1371 797/678/1372 798/677/1373
f 797/678/1372 799/676/1374 798/677/1373
f 798/677/1373 799/676/1374 800/671/1375
f 799/676/1374 801/675/1376 800/671/1375
f 870/656/1377 882/654/1366 869/655/1370
f 801/675/1376 802/673/1378 800/671/1375
f 871/657/1379 882/654/1366 870/656/1377
f 802/673/1378 803/672/1380 800/671/1375
f 872/658/1381 882/654/1366 871/657/1379
f 803/672/1380 804/670/1382 800/671/1375
f 800/671/1375 804/670/1382 805/669/1383
f 804/670/1382 806/668/1384 805/669/1383
f 881/652/1361 882/654/1366 872/658/1381
f 806/668/1384 807/667/1385 805/669/1383
f 805/669/1383 807/667/1385 798/677/1373
f 874/659/1386 881/652/1361 872/658/1381
f 798/677/1373 807/667/1385 796/679/1371
f 807/667/1385 808/666/1387 796/679/1371
f 796/679/1371 808/666/1387 795/681/1369
f 876/660/1388 881/652/1361 874/659/1386
f 795/681/1369 808/666/1387 793/665/1367
f 808/666/1387 809/585/1389 793/665/1367
f 793/665/1367 809/585/1389 792/584/1365
f 809/585/1389 810/583/1390 792/584/1365
f 792/584/1365 810/583/1390 791/579/1364
f 810/583/1390 811/580/1391 791/579/1364
f 791/579/1364 811/580/1391 790/578/1363
f 880/651/1362 881/652/1361 876/660/1388
f 879/661/1392 880/651/1362 876/660/1388
f 878/662/1393 879/661/1392 876/660/1388
f 877/663/1394 878/662/1393 876/660/1388
f 798/677/1373 800/671/1375 805/669/1383
f 875/664/1395 877/663/1394 876/660/1388
f 874/659/1386 875/664/1395 876/660/1388
f 873/674/1396 875/664/1395 874/659/1386
f 872/658/1381 873/674/1396 874/659/1386
f 806/668/1384 812/586/1397 807/667/1385
f 867/682/1398 873/674/1396 872/658/1381
f 807/667/1385 812/586/1397 808/666/1387
f 871/657/1379 867/682/1398 872/658/1381
f 808/666/1387 812/586/1397 809/585/1389
f 812/586/1397 813/582/1399 809/585/1389
f 809/585/1389 813/582/1399 810/583/1390
f 866/683/1400 867/682/1398 871/657/1379
f 810/583/1390 813/582/1399 811/580/1391
f 813/582/1399 814/581/1401 811/580/1391
f 811/580/1391 814/581/1401 790/578/1363
f 868/684/1402 866/683/1400 871/657/1379
f 790/578/1363 814/581/1401 789/577/1357
f 814/581/1401 815/592/1403 789/577/1357
f 789/577/1357 815/592/1403 816/597/1218
f 870/656/1377 868/684/1402 871/657/1379
f 816/597/1218 815/592/1403 817/595/1186
f 869/655/1370 868/684/1402 870/656/1377
f 817/595/1186 815/592/1403 818/593/1178
f 862/685/1404 868/684/1402 869/655/1370
f 818/593/1178 815/592/1403 819/591/1405
f 815/592/1403 814/581/1401 819/591/1405
f 819/591/1405 814/581/1401 820/590/1406
f 814/581/1401 813/582/1399 820/590/1406
f 864/686/1407 868/684/1402 862/685/1404
f 865/687/1408 868/684/1402 864/686/1407
f 866/683/1400 868/684/1402 865/687/1408
f 858/688/1409 867/682/1398 866/683/1400
f 816/597/1218 821/598/1292 789/577/1357
f 865/687/1408 858/688/1409 866/683/1400
f 789/577/1357 821/598/1292 761/549/1307
f 821/598/1292 822/599/1410 761/549/1307
f 761/549/1307 822/599/1410 762/550/1311
f 822/599/1410 823/600/1411 762/550/1311
f 762/550/1311 823/600/1411 770/558/1323
f 859/689/1412 858/688/1409 865/687/1408
f 770/558/1323 823/600/1411 772/560/1330
f 864/686/1407 859/689/1412 865/687/1408
f 772/560/1330 823/600/1411 824/603/1413
f 860/690/1414 859/689/1412 864/686/1407
f 824/603/1413 823/600/1411 825/606/1415
f 823/600/1411 826/607/1416 825/606/1415
f 825/606/1415 826/607/1416 827/608/1417
f 862/685/1404 860/690/1414 864/686/1407
f 827/608/1417 826/607/1416 828/610/1290
f 826/607/1416 822/599/1410 828/610/1290
f 828/610/1290 822/599/1410 821/598/1292
f 856/691/1418 685/610/1185 693/624/1199
f 678/598/1172 685/610/1185 856/691/1418
f 861/692/1419 678/598/1172 856/691/1418
f 677/597/1171 678/598/1172 861/692/1419
f 822/599/1410 826/607/1416 823/600/1411
f 863/646/1359 677/597/1171 861/692/1419
f 862/685/1404 863/646/1359 861/692/1419
f 860/690/1414 862/685/1404 861/692/1419
f 856/691/1418 860/690/1414 861/692/1419
f 825/606/1415 827/608/1417 829/615/1420
f 827/608/1417 830/617/1421 829/615/1420
f 829/615/1420 830/617/1421 831/618/1422
f 830/617/1421 832/619/1423 831/618/1422
f 831/618/1422 832/619/1423 833/620/1423
f 859/689/1412 860/690/1414 856/691/1418
f 833/620/1423 832/619/1423 834/622/1424
f 832/619/1423 830/617/1421 834/622/1424
f 834/622/1424 830/617/1421 835/623/1425
f 830/617/1421 827/608/1417 835/623/1425
f 835/623/1425 827/608/1417 836/624/1289
f 827/608/1417 828/610/1290 836/624/1289
f 858/688/1409 859/689/1412 856/691/1418
f 857/693/1426 858/688/1409 856/691/1418
f 855/694/1427 857/693/1426 856/691/1418
f 693/624/1199 855/694/1427 856/691/1418
f 831/618/1422 833/620/1423 837/628/1428
f 833/620/1423 838/629/1429 837/628/1428
f 711/653/1229 855/694/1427 693/624/1199
f 838/629/1429 839/630/1430 837/628/1428
f 837/628/1428 839/630/1430 840/631/1431
f 839/630/1430 841/632/1432 840/631/1431
f 840/631/1431 841/632/1432 842/633/1433
f 841/632/1432 843/634/1434 842/633/1433
f 842/633/1433 843/634/1434 844/635/1435
f 850/644/1436 853/649/1437 849/643/1438
f 844/635/1435 843/634/1434 845/637/1439
f 851/647/1440 853/649/1437 850/644/1436
f 845/637/1439 843/634/1434 846/638/1441
f 833/620/1423 852/648/1442 838/629/1429
f 846/638/1441 843/634/1434 847/639/1443
f 834/622/1424 852/648/1442 833/620/1423
f 847/639/1443 843/634/1434 848/641/1444
f 843/634/1434 841/632/1432 848/641/1444
f 854/653/1306 835/623/1425 836/624/1289
f 834/622/1424 835/623/1425 854/653/1306
f 852/648/1442 834/622/1424 854/653/1306
f 853/649/1437 852/648/1442 854/653/1306
f 847/639/1443 848/641/1444 849/643/1438
f 851/647/1440 852/648/1442 853/649/1437
f 849/643/1438 848/641/1444 850/644/1436
f 848/641/1444 841/632/1432 850/644/1436
f 838/629/1429 852/648/1442 851/647/1440
f 841/632/1432 839/630/1430 850/644/1436
f 850/644/1436 838/629/1429 851/647/1440
f 839/630/1430 838/629/1429 850/644/1436
