# Blender 4.5.10 LTS
# www.blender.org
mtllib miku.mtl
o model_0
v -0.436945 -0.000000 -0.762818
v 0.436947 0.495029 -0.762818
v 0.436947 -0.000000 -0.762818
v 0.880828 0.495029 -0.002112
v 0.880828 -0.000000 -0.002112
v 0.436947 0.495030 0.758594
v 0.436947 0.000000 0.758594
v -0.436945 0.495030 0.758594
v -0.436945 0.000000 0.758594
v -0.880827 0.495029 -0.002112
v -0.880827 -0.000000 -0.002112
v -0.436945 0.495029 -0.762818
v -0.270490 0.085753 0.770669
v 0.270491 0.085753 0.770669
v -0.270490 0.354706 0.770669
v 0.270491 0.354706 0.770669
v 0.436947 0.495029 -0.762818
v -0.436945 0.495029 -0.762818
v 0.006936 0.495029 -0.002112
v -0.880827 0.495029 -0.002112
v -0.436945 0.495030 0.758594
v 0.436947 0.495030 0.758594
v 0.880828 0.495029 -0.002112
v 0.311117 2.526032 0.415523
v 0.313348 2.668680 0.389819
v 0.178590 2.654876 0.461307
v 0.064804 2.716996 0.457291
v 0.064804 2.668680 0.474962
v -0.048535 2.654876 0.461307
v -0.031579 2.645672 0.446849
v -0.062368 2.500723 0.431587
v -0.181508 2.526032 0.415523
v -0.183293 2.668680 0.389819
v 0.064804 2.848141 0.401466
v 0.161187 2.645672 0.446849
v 0.191977 2.500723 0.431587
v 0.196439 2.403324 0.381385
v 0.182160 2.410993 0.379778
v 0.064804 2.400256 0.397851
v -0.052551 2.410993 0.379778
v -0.066830 2.403324 0.381385
v -0.328760 2.522197 0.327969
v -0.343931 2.624965 0.295840
v -0.206050 2.822065 0.327969
v 0.064804 3.149543 0.369336
v 0.335659 2.822065 0.327969
v 0.395452 3.147242 0.262907
v 0.609190 3.036038 0.130774
v 0.473540 2.624965 0.295840
v 0.536011 2.700124 0.213508
v 0.458369 2.522197 0.327969
v 0.545827 2.598890 0.095431
v 0.504775 2.486919 0.109488
v 0.413301 2.381083 0.079768
v 0.307101 2.387218 0.268530
v 0.181267 2.313593 0.014304
v 0.064804 2.300556 0.109086
v 0.064804 2.360376 0.351665
v -0.177492 2.387218 0.268530
v -0.283246 2.381083 0.079768
v -0.375167 2.486919 0.109488
v -0.415772 2.598890 0.095431
v -0.406402 2.700124 0.213508
v -0.479135 3.036038 0.130774
v -0.265397 3.147242 0.262907
v -0.051658 2.313593 0.014304
v 0.536011 2.700124 0.213508
v 0.545827 2.598890 0.095431
v 0.609190 3.036038 0.130774
v 0.696649 2.940939 -0.146344
v 0.614099 3.250010 0.040811
v 0.064804 3.431772 0.243227
v 0.064804 3.149543 0.369336
v -0.484490 3.250010 0.040811
v 0.504775 2.486919 0.109488
v 0.507006 2.483851 -0.100961
v 0.629716 2.736170 -0.233897
v 0.623916 2.736937 -0.302172
v 0.590895 2.727733 -0.413823
v 0.391436 2.374948 -0.145139
v 0.413301 2.381083 0.079768
v 0.191530 2.308992 -0.097748
v 0.181267 2.313593 0.014304
v 0.064804 2.279849 -0.314221
v 0.064804 2.287518 -0.164818
v -0.251564 2.770681 0.322347
v -0.241747 2.786787 0.324756
v -0.196679 2.758410 0.354878
v -0.197572 2.777584 0.352468
v -0.135547 2.794456 0.367328
v -0.148488 2.805960 0.362910
v -0.278783 2.826667 0.300659
v -0.261827 2.830502 0.308290
v -0.251118 2.876517 0.309896
v -0.264058 2.888788 0.301864
v -0.203819 2.904126 0.325158
v -0.205157 2.923300 0.322748
v -0.153396 2.892622 0.344436
v -0.141795 2.905660 0.345641
v -0.120376 2.853509 0.362107
v -0.138225 2.850441 0.356886
v -0.261827 2.830502 0.308290
v -0.251118 2.876517 0.309896
v -0.241747 2.786787 0.324756
v -0.197572 2.777584 0.352468
v -0.203819 2.904126 0.325158
v -0.148488 2.805960 0.362910
v -0.153396 2.892622 0.344436
v -0.138225 2.850441 0.356886
v 0.267834 2.850441 0.356886
v 0.249985 2.853509 0.362107
v 0.278543 2.805960 0.362910
v 0.265156 2.794456 0.367328
v 0.327181 2.777584 0.352468
v 0.326288 2.758410 0.354878
v 0.283451 2.892622 0.344436
v 0.271850 2.905660 0.345641
v 0.334766 2.923300 0.322748
v 0.333874 2.904126 0.325158
v 0.393667 2.888788 0.301864
v 0.381173 2.876517 0.309896
v 0.408838 2.826667 0.300659
v 0.391882 2.830502 0.308290
v 0.371356 2.786787 0.324756
v 0.381173 2.770681 0.322347
v 0.391882 2.830502 0.308290
v 0.381173 2.876517 0.309896
v 0.371356 2.786787 0.324756
v 0.327181 2.777584 0.352468
v 0.333874 2.904126 0.325158
v 0.278543 2.805960 0.362910
v 0.283451 2.892622 0.344436
v 0.267834 2.850441 0.356886
v -0.106097 3.052143 0.347649
v -0.411756 2.935570 0.221138
v -0.111005 3.062113 0.345239
v -0.416219 2.945540 0.217524
v 0.545827 2.945540 0.217524
v 0.541365 2.935570 0.221138
v 0.241061 3.062113 0.345239
v 0.235706 3.052143 0.347649
v -0.251564 2.702425 0.345239
v -0.321620 2.615762 0.329174
v -0.265397 2.713929 0.328371
v -0.342146 2.615762 0.307487
v -0.288600 2.509160 0.366123
v -0.295294 2.487686 0.351263
v -0.156073 2.514528 0.435202
v -0.136886 2.489219 0.429981
v -0.132870 2.587386 0.447652
v -0.153842 2.580484 0.438415
v -0.156966 2.654109 0.417531
v -0.137332 2.676349 0.417129
v -0.262720 2.651041 0.353673
v -0.250672 2.634935 0.367730
v -0.275660 2.581250 0.376565
v -0.259150 2.592754 0.386606
v -0.228361 2.582017 0.407892
v -0.214974 2.560544 0.416326
v -0.198464 2.598890 0.416326
v -0.216313 2.605025 0.409097
v 0.354846 2.711628 0.358492
v 0.273634 2.662545 0.422350
v 0.337444 2.728500 0.358492
v 0.248200 2.670981 0.426366
v 0.281666 2.543671 0.434399
v 0.258017 2.526799 0.443234
v 0.347707 2.486919 0.388212
v 0.361986 2.507626 0.389417
v 0.436504 2.513761 0.352468
v 0.448552 2.495355 0.340018
v 0.441859 2.634168 0.329174
v 0.453460 2.649507 0.310298
v 0.356185 2.648740 0.378975
v 0.335659 2.669447 0.377369
v 0.357523 2.587386 0.404277
v 0.338782 2.566679 0.418735
v 0.397237 2.559777 0.388614
v 0.385189 2.584318 0.391827
v 0.416870 2.589687 0.366926
v 0.397683 2.602725 0.378172
v 0.064804 2.287518 -0.164818
v 0.064804 2.279849 -0.314221
v -0.061921 2.308992 -0.097748
v -0.261827 2.374948 -0.145139
v -0.283246 2.381083 0.079768
v -0.376951 2.483851 -0.100961
v -0.375167 2.486919 0.109488
v -0.415772 2.598890 0.095431
v -0.499661 2.736170 -0.233897
v -0.567040 2.940939 -0.146344
v -0.494307 2.736937 -0.302172
v -0.460840 2.727733 -0.413823
v -0.051658 2.313593 0.014304
v -0.494307 2.736937 -0.302172
v -0.405956 2.700124 0.213508
v -0.479135 3.036038 0.130774
v -0.499661 2.736170 -0.233897
v -0.494307 2.736937 -0.302172
v -0.582658 2.753042 -0.323057
v -0.591582 2.605025 -0.347957
v -0.474227 2.462377 -0.213816
v -0.499661 2.736170 -0.233897
v -0.376951 2.483851 -0.100961
v -0.376951 2.483851 -0.100961
v -0.582658 2.753042 -0.323057
v 0.712713 2.753042 -0.323057
v 0.629716 2.736170 -0.233897
v 0.721191 2.605025 -0.347957
v 0.604282 2.462377 -0.213816
v 0.623916 2.736937 -0.302172
v 0.507006 2.483851 -0.100961
v 0.507006 2.483851 -0.100961
v 0.712713 2.753042 -0.323057
v 0.629716 2.736170 -0.233897
v 0.161187 2.645672 0.446849
v 0.182160 2.410993 0.379778
v -0.031579 2.645672 0.446849
v -0.052551 2.410993 0.379778
v -0.790149 2.420963 0.429981
v -0.799074 2.411760 0.416326
v -0.845927 2.448572 0.403474
v -0.830755 2.419429 0.381786
v -0.831201 2.421730 0.344837
v -0.834325 2.417128 0.391024
v -0.846373 2.410226 0.398654
v -0.798181 2.395654 0.393433
v -0.799074 2.382617 0.405884
v -0.803090 2.383384 0.380983
v -0.803090 2.383384 0.380983
v -0.809337 2.375714 0.394638
v -0.844588 2.390286 0.392229
v -0.823616 2.395654 0.327969
v -0.807552 2.433234 0.324355
v -0.826293 2.457775 0.399859
v -0.787026 2.437068 0.417129
v -0.791934 2.421730 0.405884
v -0.799074 2.411760 0.416326
v -0.820938 2.437068 0.396245
v -0.787026 2.437068 0.417129
v -0.826293 2.457775 0.399859
v -0.803536 2.450106 0.353673
v -0.827185 2.397955 0.384598
v -0.811568 2.372647 0.378172
v -0.823169 2.367278 0.348452
v -0.705368 2.306691 0.349657
v -0.830755 2.419429 0.381786
v -0.797289 2.411760 0.375361
v -0.798181 2.395654 0.393433
v -0.827185 2.397955 0.384598
v -0.834325 2.417128 0.391024
v -0.811568 2.372647 0.378172
v -0.675471 2.333534 0.371344
v -0.705368 2.306691 0.349657
v -0.382306 2.194720 0.082981
v -0.643344 2.371113 0.364517
v -0.644682 2.383384 0.318732
v -0.685734 2.487686 0.401466
v -0.707599 2.483851 0.376164
v -0.745081 2.505325 0.426768
v -0.756237 2.501490 0.409498
v -0.750436 2.489219 0.435604
v -0.699121 2.462377 0.422752
v -0.718308 2.463911 0.395843
v -0.744189 2.472347 0.383795
v -0.707599 2.483851 0.376164
v -0.733926 2.496122 0.358091
v -0.797289 2.509160 0.391024
v -0.795950 2.533701 0.380180
v -0.827632 2.536002 0.419539
v -0.826739 2.517596 0.426768
v -0.841464 2.514528 0.413916
v -0.815138 2.503024 0.371746
v -0.778548 2.482317 0.356886
v -0.771854 2.443971 0.377369
v -0.807552 2.471580 0.403072
v -0.677702 2.352707 0.298249
v -0.755344 2.486152 0.419137
v -0.718308 2.463911 0.395843
v -0.755344 2.486152 0.419137
v -0.826739 2.463144 0.402671
v -0.798181 2.449339 0.436808
v -0.783902 2.455475 0.431989
v -0.797289 2.461610 0.452873
v -0.783456 2.472347 0.439620
v -0.810675 2.492287 0.405080
v -0.834771 2.487686 0.405482
v -0.778548 2.482317 0.356886
v -0.810675 2.492287 0.405080
v -0.783456 2.472347 0.439620
v -0.798181 2.449339 0.436808
v -0.826739 2.463144 0.402671
v -0.803536 2.450106 0.353673
v -0.782117 2.466212 0.323150
v -0.705368 2.320496 0.304675
v -0.382306 2.194720 0.082981
v -0.752667 2.493054 0.328773
v -0.813799 2.527566 0.360501
v -0.815138 2.503024 0.371746
v -0.846819 2.533701 0.413514
v -0.841464 2.514528 0.413916
v -0.733926 2.496122 0.358091
v -0.827632 2.536002 0.419539
v -0.795950 2.533701 0.380180
v -0.710722 2.356541 0.348050
v -0.691535 2.348105 0.366123
v -0.729464 2.337368 0.356083
v -0.709384 2.323563 0.377369
v -1.056988 3.439441 1.028395
v -1.124367 3.411064 1.058516
v -0.995856 3.416433 1.057311
v -1.053864 3.387290 1.091047
v -0.691535 2.348105 0.366123
v -0.710722 2.356541 0.348050
v -0.918660 2.968548 0.703484
v -0.962836 2.989255 0.678584
v -1.027983 3.227002 0.854092
v -0.946326 3.391124 1.034017
v -0.987824 3.286056 0.948472
v -1.056988 3.439441 1.028395
v -0.995856 3.416433 1.057311
v -1.124367 3.411064 1.058516
v -1.086884 3.202461 0.882607
v -1.175235 3.271484 0.895458
v -1.019059 2.941706 0.690231
v -1.202455 3.228536 0.909515
v -1.172558 3.223934 0.952087
v -0.960605 2.950142 0.740433
v -1.086884 3.202461 0.882607
v -1.025306 3.177919 0.913130
v -0.918660 2.968548 0.703484
v -0.709384 2.323563 0.377369
v -0.691535 2.348105 0.366123
v -0.729464 2.337368 0.356083
v -1.142661 3.264582 0.936825
v -1.142661 3.264582 0.936825
v -0.946326 3.391124 1.034017
v -0.987824 3.286056 0.948472
v -1.053864 3.387290 1.091047
v -0.995856 3.416433 1.057311
v -1.124367 3.411064 1.058516
v -1.172558 3.223934 0.952087
v -1.142661 3.264582 0.936825
v -1.202455 3.228536 0.909515
v -1.175235 3.271484 0.895458
v 0.772506 1.426260 0.115512
v 0.791694 1.443132 0.128364
v 0.835869 1.375643 0.148445
v 0.842562 1.390981 0.154068
v 0.839439 1.387914 0.170133
v 0.776968 1.456170 0.153265
v 0.693972 1.560472 0.101456
v 0.657828 1.555104 0.154470
v 0.473094 1.835799 0.026353
v 0.827391 1.377944 0.164108
v 0.768936 1.424726 0.148445
v 0.754211 1.436997 0.182181
v 0.804634 1.325026 0.189411
v 0.807757 1.328860 0.171739
v 0.797494 1.315823 0.168526
v 0.786785 1.321191 0.182583
v 0.739040 1.408621 0.171338
v 0.744394 1.412455 0.138405
v 0.807757 1.328860 0.171739
v 0.768936 1.424726 0.148445
v 0.772506 1.426260 0.115512
v 0.835869 1.375643 0.148445
v 0.827391 1.377944 0.164108
v 0.639533 1.524426 0.087801
v 0.693972 1.560472 0.101456
v 0.473094 1.835799 0.026353
v 0.600712 1.519825 0.145634
v 0.569923 1.354936 0.177362
v 0.601605 1.366440 0.169731
v 0.585095 1.371041 0.149650
v 0.623469 1.418591 0.128766
v 0.585987 1.418591 0.165715
v 0.599820 1.392515 0.189411
v 0.643103 1.408621 0.192222
v 0.681924 1.378711 0.177362
v 0.731900 1.318123 0.257686
v 0.743948 1.306620 0.243629
v 0.746179 1.326560 0.263710
v 0.751534 1.325793 0.247645
v 0.707805 1.391748 0.192623
v 0.688617 1.411688 0.222343
v 0.731900 1.318123 0.257686
v 0.643103 1.408621 0.192222
v 0.601605 1.366440 0.169731
v 0.564569 1.365673 0.190615
v 0.569923 1.354936 0.177362
v 0.563230 1.357237 0.162502
v 0.557429 1.369507 0.176157
v 0.723868 1.423192 0.206680
v 0.789016 1.312755 0.222745
v 0.773399 1.306620 0.213106
v 0.739040 1.408621 0.171338
v 0.786785 1.321191 0.182583
v 0.790355 1.315823 0.203869
v 0.782769 1.302785 0.200254
v 0.773399 1.306620 0.213106
v 0.707805 1.391748 0.192623
v 0.714052 1.395583 0.160494
v 0.790355 1.315823 0.203869
v 0.751534 1.325793 0.247645
v 0.064804 2.962413 -1.034326
v 0.288806 3.010729 -1.087340
v 0.064804 2.555942 -0.849179
v 0.406161 2.542137 -0.879702
v 0.383404 2.269112 -0.596560
v 0.615437 2.486919 -0.654795
v 0.064804 2.236901 -0.492942
v 0.064804 3.521502 -0.856408
v 0.217857 3.547577 -0.891349
v 0.254893 3.700963 -0.485311
v 0.064804 3.677188 -0.351572
v 0.468632 3.624270 -0.156786
v 0.064804 3.641142 0.087399
v 0.590449 2.669447 -0.039915
v 0.629716 2.736170 -0.233897
v 0.711374 3.004594 -0.043529
v 0.746626 2.585085 -0.508605
v 0.837208 3.055978 -0.557603
v 0.773399 3.344342 -0.414626
v 0.583756 3.551412 -0.504589
v 0.641764 2.406391 -0.328679
v 0.461492 2.384917 -0.090920
v 0.507899 2.293653 -0.300566
v 0.724315 2.892622 -0.782108
v 0.757781 3.296026 -0.744758
v 0.704681 3.374252 -0.671261
v 0.563676 3.547577 -0.553988
v 0.458369 3.527637 -0.814640
v 0.515485 3.173317 -1.005811
v 0.339675 2.206224 -0.396152
v 0.256232 2.246871 -0.221848
v 0.064804 2.252239 -0.174056
v 0.395452 2.295187 -0.193735
v 0.489604 2.049004 -0.221447
v 0.064804 2.962413 -1.034326
v 0.064804 2.555942 -0.849179
v -0.159197 3.010729 -1.087340
v -0.276106 2.542137 -0.879702
v -0.253349 2.269112 -0.596560
v -0.485829 2.486919 -0.654795
v 0.064804 2.236901 -0.492942
v 0.064804 3.521502 -0.856408
v -0.088248 3.547577 -0.891349
v -0.124838 3.700963 -0.485311
v -0.328314 3.527637 -0.814640
v -0.454147 3.551412 -0.504589
v -0.339023 3.624270 -0.156786
v 0.064804 3.677188 -0.351572
v 0.064804 3.641142 0.087399
v -0.385876 3.173317 -1.005811
v -0.628172 3.296026 -0.744758
v -0.643790 3.344342 -0.414626
v -0.581765 3.004594 -0.043529
v -0.707599 3.055978 -0.557603
v -0.594706 2.892622 -0.782108
v -0.617017 2.585085 -0.508605
v -0.512155 2.406391 -0.328679
v -0.499661 2.736170 -0.233897
v -0.331883 2.384917 -0.090920
v -0.377844 2.293653 -0.300566
v -0.210066 2.206224 -0.396152
v -0.126177 2.246871 -0.221848
v 0.064804 2.252239 -0.174056
v -0.265843 2.295187 -0.193735
v -0.359995 2.049004 -0.221447
v -0.460394 2.669447 -0.039915
v 0.064804 2.252239 -0.174056
v 0.064804 2.812095 -0.265223
v -0.331883 2.384917 -0.090920
v -0.499661 2.736170 -0.233897
v -0.460394 2.669447 -0.039915
v -0.581765 3.004594 -0.043529
v 0.064804 2.252239 -0.174056
v 0.461492 2.384917 -0.090920
v 0.064804 2.812095 -0.265223
v 0.629716 2.736170 -0.233897
v 0.590449 2.669447 -0.039915
v 0.711374 3.004594 -0.043529
v -0.567933 3.309830 -0.845163
v -0.557670 3.394192 -0.791747
v -0.695997 3.391891 -1.023884
v -0.687965 3.496960 -0.900586
v -0.899473 3.432539 -1.002999
v -0.834771 3.371951 -0.798173
v -1.208256 2.654876 -0.990147
v -0.846373 2.535235 -1.124690
v -0.878947 1.698519 -1.054407
v -0.702691 3.094324 -1.030310
v -0.663870 3.320567 -0.713431
v -0.799520 3.217032 -0.768855
v -0.966852 2.680184 -0.660819
v -1.087777 1.923995 -0.377677
v -1.465277 1.768309 -0.811828
v -1.117227 1.418591 -0.068028
v -1.103841 1.257536 -0.111001
v -0.991394 1.088046 0.084588
v -0.980684 1.435463 -0.098953
v -0.744189 0.503648 -0.137910
v -1.290360 0.693846 -0.355186
v -1.512130 1.259837 -0.597765
v -0.884748 1.144031 -0.912233
v -0.788364 1.219190 -0.776887
v -0.516618 0.719921 -0.672868
v -0.803090 0.945397 -0.696965
v -0.663870 3.320567 -0.713431
v -0.567933 3.309830 -0.845163
v -0.799520 3.217032 -0.768855
v -0.702691 3.094324 -1.030310
v -0.966852 2.680184 -0.660819
v -0.846373 2.535235 -1.124690
v -1.087777 1.923995 -0.377677
v -0.878947 1.698519 -1.054407
v -0.788364 1.219190 -0.776887
v -0.980684 1.435463 -0.098953
v -1.103841 1.257536 -0.111001
v -0.991394 1.088046 0.084588
v -0.744189 0.503648 -0.137910
v -0.803090 0.945397 -0.696965
v -0.516618 0.719921 -0.672868
v 0.793925 3.320567 -0.713431
v 0.697542 3.309830 -0.845163
v 0.929129 3.217032 -0.768855
v 0.832299 3.094324 -1.030310
v 1.098245 2.678650 -0.661622
v 0.976428 2.531400 -1.123887
v 1.139297 1.926296 -0.342736
v 0.921543 1.690849 -1.013040
v 0.768490 1.241431 -0.713431
v 1.068795 1.279777 -0.040718
v 0.747072 0.972240 -0.618247
v 0.631501 0.565002 -0.041119
v 0.966611 1.470742 -0.041119
v 0.933591 1.133294 0.160494
v 0.436058 0.782042 -0.590535
v 0.793925 3.320567 -0.713431
v 0.929129 3.217032 -0.768855
v 0.964380 3.371951 -0.798173
v 1.098245 2.678650 -0.661622
v 1.338757 2.641071 -0.987738
v 1.139297 1.926296 -0.342736
v 0.687279 3.394192 -0.791747
v 0.817574 3.496960 -0.900586
v 0.826052 3.391891 -1.023884
v 1.029528 3.432539 -1.002999
v 0.976428 2.531400 -1.123887
v 0.921543 1.690849 -1.013040
v 1.506088 1.709256 -0.758413
v 1.102708 1.440065 -0.006982
v 0.966611 1.470742 -0.041119
v 0.933591 1.133294 0.160494
v 1.068795 1.279777 -0.040718
v 1.487794 1.208453 -0.516236
v 1.197752 0.686176 -0.251970
v 0.631501 0.565002 -0.041119
v 0.747072 0.972240 -0.618247
v 0.858626 1.148633 -0.841950
v 0.768490 1.241431 -0.713431
v 0.436058 0.782042 -0.590535
v 0.697542 3.309830 -0.845163
v 0.832299 3.094324 -1.030310
v -0.224345 3.055211 -0.177269
v 0.651135 3.470885 -0.154778
v 0.673000 3.468584 -0.298156
v 0.776968 3.205528 -0.142328
v 0.799725 3.205528 -0.286509
v 0.812666 2.846607 -0.264822
v -0.224345 3.055211 -0.177269
v -0.224345 3.055211 -0.177269
v 0.790355 2.845073 -0.117026
v 0.624362 2.438602 -0.451575
v 0.732347 2.401790 -0.431092
v 0.778307 2.866547 -0.451575
v 0.892093 2.831268 -0.431896
v 0.843009 2.835103 -0.104575
v 0.726546 2.870382 -0.120239
v 0.805526 2.783719 0.001854
v 0.690848 2.819765 -0.013809
v 0.731900 2.619597 0.080571
v 0.620792 2.658710 0.063302
v 0.689063 2.463911 -0.025456
v 0.576170 2.500723 -0.041119
v 0.683263 2.413294 -0.137107
v 0.573939 2.451640 -0.152770
v 0.624362 2.438602 -0.451575
v 0.732347 2.401790 -0.431092
v 0.620792 2.658710 0.063302
v 0.576170 2.500723 -0.041119
v 0.690848 2.819765 -0.013809
v 0.726546 2.870382 -0.120239
v 0.573939 2.451640 -0.152770
v 0.778307 2.866547 -0.451575
v 0.624362 2.438602 -0.451575
v 0.731900 2.619597 0.080571
v 0.805526 2.783719 0.001854
v 0.689063 2.463911 -0.025456
v 0.843009 2.835103 -0.104575
v 0.683263 2.413294 -0.137107
v 0.711374 2.455475 -0.184498
v 0.741271 2.445505 -0.381292
v 0.814004 2.677116 -0.287714
v 0.892093 2.831268 -0.431896
v 0.732347 2.401790 -0.431092
v 0.813558 2.677116 -0.266027
v 0.743056 2.498423 -0.262010
v 0.802403 2.682485 -0.190522
v 0.731008 2.503024 -0.186908
v 0.743056 2.498423 -0.262010
v 0.724315 2.450106 -0.260404
v 0.731008 2.503024 -0.186908
v 0.713159 2.454708 -0.184096
v 0.828283 2.670981 -0.384505
v 0.761351 2.493821 -0.381693
v 0.818913 2.674815 -0.308598
v 0.749749 2.497656 -0.304181
v 0.731008 2.449339 -0.302574
v 0.749749 2.497656 -0.304181
v 0.742610 2.445505 -0.380890
v 0.761351 2.493821 -0.381693
v 0.353954 3.055211 -0.177269
v -0.521526 3.470885 -0.154778
v -0.543391 3.468584 -0.298156
v -0.647359 3.205528 -0.142328
v -0.670117 3.205528 -0.286509
v -0.682611 2.846607 -0.264822
v 0.353954 3.055211 -0.177269
v 0.353954 3.055211 -0.177269
v -0.660746 2.845073 -0.117026
v -0.494753 2.438602 -0.451575
v -0.648252 2.866547 -0.451575
v -0.443884 2.451640 -0.152770
v -0.596937 2.870382 -0.120239
v -0.446561 2.500723 -0.041119
v -0.561239 2.819765 -0.013809
v -0.490737 2.658710 0.063302
v -0.762484 2.831268 -0.431896
v -0.648252 2.866547 -0.451575
v -0.713400 2.835103 -0.104575
v -0.596937 2.870382 -0.120239
v -0.675917 2.783719 0.001854
v -0.561239 2.819765 -0.013809
v -0.602292 2.619597 0.080571
v -0.490737 2.658710 0.063302
v -0.559008 2.463911 -0.025456
v -0.446561 2.500723 -0.041119
v -0.553654 2.413294 -0.137107
v -0.443884 2.451640 -0.152770
v -0.494753 2.438602 -0.451575
v -0.602292 2.401790 -0.431092
v -0.602292 2.401790 -0.431092
v -0.494753 2.438602 -0.451575
v -0.602292 2.619597 0.080571
v -0.675917 2.783719 0.001854
v -0.559008 2.463911 -0.025456
v -0.713400 2.835103 -0.104575
v -0.553654 2.413294 -0.137107
v -0.581765 2.455475 -0.184498
v -0.602292 2.401790 -0.431092
v -0.611662 2.445505 -0.381292
v -0.762484 2.831268 -0.431896
v -0.684396 2.677116 -0.287714
v -0.601399 2.503024 -0.186908
v -0.672794 2.682485 -0.190522
v -0.613447 2.498423 -0.262010
v -0.683949 2.677116 -0.266027
v -0.613447 2.498423 -0.262010
v -0.594706 2.450106 -0.260404
v -0.601399 2.503024 -0.186908
v -0.583104 2.454708 -0.184096
v -0.601399 2.449339 -0.302574
v -0.620140 2.497656 -0.304181
v -0.613001 2.445505 -0.380890
v -0.631296 2.493821 -0.381693
v -0.698675 2.670981 -0.384505
v -0.631296 2.493821 -0.381693
v -0.688858 2.674815 -0.308598
v -0.620140 2.497656 -0.304181
v -0.453255 2.477715 0.038000
v -0.454593 2.460843 -0.015817
v -0.468426 2.523731 0.044827
v -0.608539 2.716996 -0.258396
v -0.506355 2.460076 0.044827
v -0.522865 2.506859 0.051253
v -0.508139 2.443204 -0.008187
v -0.608539 2.716996 -0.258396
v -0.608539 2.716996 -0.258396
v -0.522865 2.506859 0.051253
v -0.468426 2.523731 0.044827
v -0.506355 2.460076 0.044827
v -0.453255 2.477715 0.038000
v -0.508139 2.443204 -0.008187
v -0.454593 2.460843 -0.015817
v -0.608539 2.716996 -0.258396
v -0.243086 2.333534 0.261300
v -0.472442 2.478482 0.025148
v -0.247994 2.333534 0.272144
v -0.484936 2.488452 0.034385
v -0.249779 2.322030 0.263710
v -0.489845 2.470046 0.023140
v -0.472442 2.478482 0.025148
v -0.243086 2.333534 0.261300
v -0.161874 2.294420 0.267325
v -0.239962 2.317428 0.237203
v -0.170799 2.292886 0.289414
v -0.249779 2.322030 0.263710
v -0.247994 2.333534 0.272144
v -0.167675 2.314360 0.303872
v -0.234608 2.357308 0.264112
v -0.156520 2.332000 0.292627
v -0.161874 2.294420 0.267325
v -0.239962 2.317428 0.237203
v -0.249779 2.322030 0.263710
v -0.239962 2.317428 0.237203
v -0.613001 2.615762 0.028762
v -0.578196 2.508393 -0.031079
v -0.667886 2.738470 -0.023448
v -0.575518 2.457009 -0.138713
v -0.701798 2.782185 -0.145942
v 0.743056 2.615762 0.028762
v 0.708251 2.508393 -0.031079
v 0.797494 2.738470 -0.023448
v 0.705127 2.457009 -0.138713
v 0.831853 2.782185 -0.145942
v 0.853272 2.779117 -0.269641
v 0.831407 2.717763 -0.268035
v 0.842116 2.783719 -0.193735
v 0.819805 2.722365 -0.190120
v 0.867997 2.773749 -0.388119
v 0.845686 2.711628 -0.385308
v 0.858180 2.776817 -0.310606
v 0.836315 2.716229 -0.309000
v -0.723217 2.779117 -0.269641
v -0.712507 2.783719 -0.193735
v -0.701798 2.717763 -0.268035
v -0.690196 2.722365 -0.190120
v -0.706707 2.716229 -0.309000
v -0.716077 2.711628 -0.385308
v -0.728571 2.776817 -0.310606
v -0.738388 2.773749 -0.388119
v 0.837654 3.184821 -0.775682
v -0.412649 2.815163 -0.074856
v 0.827391 3.341274 -0.682507
v 0.704681 3.447110 -0.793354
v -0.412649 2.815163 -0.074856
v 0.720745 3.269950 -0.919864
v 0.837654 3.184821 -0.775682
v -0.412649 2.815163 -0.074856
v 0.837654 3.184821 -0.775682
v 0.827391 3.341274 -0.682507
v 0.720745 3.269950 -0.919864
v 0.704681 3.447110 -0.793354
v -0.708045 3.184821 -0.775682
v -0.697336 3.341274 -0.682507
v 0.542704 2.815163 -0.074856
v 0.542704 2.815163 -0.074856
v -0.574626 3.447110 -0.793354
v -0.591136 3.269950 -0.919864
v -0.708045 3.184821 -0.775682
v -0.708045 3.184821 -0.775682
v -0.697336 3.341274 -0.682507
v -0.591136 3.269950 -0.919864
v -0.574626 3.447110 -0.793354
v -0.695997 2.981586 -0.659213
v -0.776317 3.015331 -0.709415
v -0.412649 3.215498 -1.025490
v -0.492968 3.242341 -1.073684
v -0.496984 3.667985 -0.820664
v -0.416665 3.641909 -0.772470
v -0.783456 3.449411 -0.459206
v -0.703583 3.421801 -0.410610
v -0.776317 3.015331 -0.709415
v -0.695997 2.981586 -0.659213
v 0.825606 2.981586 -0.659213
v 0.906372 3.015331 -0.709415
v 0.542704 3.215498 -1.025490
v 0.622577 3.242341 -1.073684
v 0.626593 3.667985 -0.820664
v 0.546720 3.641909 -0.772470
v 0.913065 3.449411 -0.459206
v 0.833192 3.421801 -0.410610
v 0.906372 3.015331 -0.709415
v 0.825606 2.981586 -0.659213
v 0.063912 3.709399 -0.129476
v -0.156966 3.707865 0.084588
v -0.092264 3.753881 0.117520
v -0.193110 3.548344 0.253670
v -0.129300 3.557547 0.419940
v 0.023752 3.618134 0.168125
v 0.054095 3.360447 0.315519
v 0.002334 3.177152 0.560106
v 0.096486 3.171783 0.447250
v 0.200008 2.878051 0.441628
v -0.061921 3.109663 0.450865
v -0.187755 3.319033 0.259694
v 0.054095 3.360447 0.315519
v -0.061921 3.109663 0.450865
v 0.096486 3.171783 0.447250
v 0.200008 2.878051 0.441628
v -0.156966 3.707865 0.084588
v -0.193110 3.548344 0.253670
v -0.288154 3.522269 0.263308
v -0.338130 3.265348 0.364115
v -0.400155 3.176385 0.292627
v -0.335007 2.913330 0.296643
v -0.285923 3.155678 0.284996
v -0.187755 3.319033 0.259694
v -0.373828 3.144941 0.230376
v -0.285923 3.155678 0.284996
v -0.335007 2.913330 0.296643
v -0.400155 3.176385 0.292627
v 0.571262 3.419501 -0.253576
v 0.064804 3.686391 -0.244339
v -0.407294 3.420268 -0.297353
v -0.198910 3.710932 -0.295747
v -0.538482 3.514600 -0.313016
v -0.357764 3.696361 -0.034694
v -0.619694 3.495426 0.032377
v -0.522865 3.546810 0.060892
v -0.402832 3.549878 0.211901
v -0.558562 3.294492 0.305077
v -0.708938 3.182521 0.178567
v -0.702691 3.215498 -0.232291
v -0.640666 2.752275 -0.048750
v 0.063912 3.709399 -0.129476
v -0.148934 3.738542 -0.104174
v -0.523311 2.466212 0.139610
v -0.687073 2.814396 0.235998
v -0.351517 2.354240 0.275759
v -0.523757 2.841238 0.301061
v -0.427374 2.827434 0.237605
v -0.400155 3.176385 0.292627
v -0.373828 3.144941 0.230376
v -0.288154 3.522269 0.263308
v -0.156966 3.707865 0.084588
v -0.183293 3.742377 0.029967
v 0.063912 3.709399 -0.129476
v -0.791042 3.073617 0.285799
v -0.532681 3.417200 0.269333
v -0.617463 3.429471 0.127159
v -0.522865 3.546810 0.060892
v -0.402832 3.549878 0.211901
v -0.631296 3.490058 0.231982
v -0.385876 3.720903 0.068121
v -0.522865 3.546810 0.060892
v -0.357764 3.696361 -0.034694
v -0.148934 3.738542 -0.104174
v -0.183293 3.742377 0.029967
v 0.063912 3.709399 -0.129476
v -0.617463 3.429471 0.127159
v -0.747312 3.295259 0.279373
v -0.791042 3.073617 0.285799
v 0.054095 3.360447 0.315519
v 0.571262 3.419501 -0.253576
v 0.247308 3.248476 0.364115
v 0.511022 2.951676 0.282586
v 0.683263 2.473114 0.106677
v 0.064804 3.686391 -0.244339
v 0.239276 3.717068 -0.264822
v 0.063912 3.709399 -0.129476
v 0.148247 3.757715 0.125553
v 0.023752 3.618134 0.168125
v 0.392775 3.447877 0.413113
v 0.054095 3.360447 0.315519
v 0.247308 3.248476 0.364115
v 0.614099 2.969315 0.323150
v 0.511022 2.951676 0.282586
v 0.683263 2.473114 0.106677
v 0.829622 2.975451 0.171338
v 0.865319 2.881886 -0.097346
v 0.838993 3.215498 -0.259601
v 0.601605 3.588991 -0.293337
v 0.560553 3.667218 -0.027866
v 0.750641 3.332838 0.121135
v 0.571262 3.419501 -0.253576
v 0.054095 3.360447 0.315519
v -0.407294 3.420268 -0.297353
v -0.187755 3.319033 0.259694
v -0.373828 3.144941 0.230376
v -0.427374 2.827434 0.237605
v -0.351517 2.354240 0.275759
v 0.704681 2.957044 0.119930
v 0.614991 2.551340 0.236400
v 0.618561 2.963180 0.175755
v 0.511469 2.575115 0.278972
v 0.441412 2.405624 0.371344
v 0.611868 2.481550 0.157682
v 0.513254 2.480783 0.129569
v 0.650242 3.003060 -0.225463
v 0.754657 3.003827 -0.199358
v 0.513254 2.480783 0.129569
v 0.618561 2.963180 0.175755
v 0.511469 2.575115 0.278972
v 0.441412 2.405624 0.371344
v -0.406848 1.369507 -0.023448
v -0.404617 1.373342 0.242023
v -0.451024 1.381011 0.326765
v 0.068820 1.920927 0.006673
v -0.406848 1.369507 -0.023448
v 0.068820 1.920927 0.006673
v -0.324298 1.302785 -0.290124
v -0.504124 1.406320 -0.145541
v 0.068820 1.920927 0.006673
v -0.324298 1.302785 -0.290124
v 0.068820 1.920927 0.006673
v -0.089587 1.225325 -0.403782
v -0.325190 1.298950 -0.414626
v 0.068820 1.920927 0.006673
v 0.068820 1.920927 0.006673
v -0.089587 1.225325 -0.403782
v -0.064599 1.207686 -0.480090
v 0.225889 1.203851 -0.411413
v 0.068820 1.920927 0.006673
v 0.068820 1.920927 0.006673
v -0.167675 1.217656 0.397450
v -0.188647 1.238363 0.331182
v 0.068820 1.920927 0.006673
v 0.176805 1.162437 0.409900
v 0.142446 1.167039 0.348050
v 0.443643 1.266739 0.292225
v 0.532441 1.361838 0.062097
v 0.648904 1.415523 0.015107
v 0.068820 1.920927 0.006673
v 0.068820 1.920927 0.006673
v 0.443643 1.266739 0.292225
v 0.142446 1.167039 0.348050
v 0.567246 1.298183 0.313110
v 0.068820 1.920927 0.006673
v 0.068820 1.920927 0.006673
v 0.142446 1.167039 0.348050
v 0.068820 1.920927 0.006673
v 0.176805 1.162437 0.409900
v 0.068820 1.920927 0.006673
v 0.536011 1.330394 -0.335105
v 0.532441 1.361838 0.062097
v 0.501206 1.328860 -0.237110
v 0.068820 1.920927 0.006673
v 0.068820 1.920927 0.006673
v 0.163865 1.197716 -0.485311
v 0.225889 1.203851 -0.411413
v 0.068820 1.920927 0.006673
v 0.443643 1.266739 0.292225
v 0.068820 1.742234 0.049245
v 0.142446 1.167039 0.348050
v -0.188647 1.238363 0.331182
v 0.068820 1.742234 0.049245
v -0.404617 1.373342 0.242023
v -0.406848 1.369507 -0.023448
v 0.068820 1.742234 0.049245
v -0.324298 1.302785 -0.290124
v 0.068820 1.742234 0.049245
v -0.089587 1.225325 -0.403782
v 0.443643 1.266739 0.292225
v 0.532441 1.361838 0.062097
v 0.068820 1.742234 0.049245
v 0.501206 1.328860 -0.237110
v 0.225889 1.203851 -0.411413
v 0.068820 1.742234 0.049245
v -0.089587 1.225325 -0.403782
v 0.392775 1.468441 -0.279280
v 0.314686 1.578111 -0.162409
v 0.403930 1.486080 -0.241528
v 0.332535 1.575811 -0.139516
v 0.335659 1.581179 -0.143532
v 0.429365 1.495283 -0.248757
v 0.314686 1.578111 -0.162409
v 0.392775 1.468441 -0.279280
v 0.639533 1.365673 -0.242733
v 0.627485 1.403252 -0.210201
v 0.686386 1.292048 0.116316
v 0.617669 1.402485 -0.205784
v 0.639533 1.365673 -0.242733
v 0.686386 1.292048 0.116316
v 0.658274 1.338063 0.108685
v 0.668984 1.339597 0.113103
v 0.562337 1.348800 0.323552
v 0.552074 1.301251 0.348050
v 0.322718 1.498351 0.278972
v 0.257124 1.469975 0.301061
v 0.257124 1.469975 0.301061
v 0.552074 1.301251 0.348050
v 0.322272 1.497584 0.266120
v 0.555644 1.349567 0.317126
v -0.745974 2.283683 0.466528
v -0.366242 2.089651 0.098644
v -0.865560 2.254540 0.324355
v -0.427820 2.094253 0.010690
v -0.868684 2.406391 0.193828
v -0.397031 2.199321 -0.034693
v -0.506801 2.278315 0.063302
v -0.765607 2.462377 0.180575
v -0.471550 2.315894 0.080170
v -0.330545 2.244570 0.017919
v -0.434067 2.332767 0.118324
v -0.272536 2.243036 0.099046
v -0.637989 2.577416 0.370541
v -0.662977 2.539070 0.259694
v -0.868684 2.406391 0.193828
v -0.645575 2.351940 0.271341
v -0.757575 2.548273 0.229171
v -0.637989 2.577416 0.370541
v -0.632188 2.424031 0.506690
v -0.745974 2.283683 0.466528
v -0.865560 2.254540 0.324355
v -0.366242 2.089651 0.098644
v -0.293955 2.139501 0.155674
v -0.745974 2.283683 0.466528
v -0.632188 2.424031 0.506690
v -0.757575 2.548273 0.229171
v -0.715631 2.517596 0.204270
v -0.427820 2.094253 0.010690
v -0.366242 2.089651 0.098644
v -0.397031 2.199321 -0.034693
v -0.330545 2.244570 0.017919
v -0.293955 2.139501 0.155674
v -0.272536 2.243036 0.099046
v -0.506801 2.278315 0.063302
v -0.765607 2.462377 0.180575
v -0.471550 2.315894 0.080170
v -0.715631 2.517596 0.204270
v -0.662977 2.539070 0.259694
v -0.434067 2.332767 0.118324
v 0.656489 1.384079 -0.011399
v 0.376711 1.872611 -0.052766
v 0.531995 1.351868 0.121537
v 0.331197 1.874912 0.039606
v 0.580186 1.433929 0.303471
v 0.484696 1.794384 0.140011
v 0.403038 1.937033 0.109890
v 0.533333 1.819693 0.131176
v 0.480233 1.964642 0.055269
v 0.573047 1.832731 0.096636
v 0.521732 1.962341 -0.029874
v 0.863088 1.557404 0.166920
v 0.819359 1.478411 -0.011801
v 0.460600 1.903288 -0.109395
v 0.656489 1.384079 -0.011399
v 0.376711 1.872611 -0.052766
v 0.769383 1.591149 0.230777
v 0.742163 1.528261 0.302667
v 0.712713 1.572743 0.280980
v 0.643103 1.535930 0.291422
v 0.403038 1.937033 0.109890
v 0.480233 1.964642 0.055269
v 0.331197 1.874912 0.039606
v 0.376711 1.872611 -0.052766
v 0.521732 1.962341 -0.029874
v 0.460600 1.903288 -0.109395
v 0.484696 1.794384 0.140011
v 0.533333 1.819693 0.131176
v 0.643103 1.535930 0.291422
v 0.712713 1.572743 0.280980
v 0.769383 1.591149 0.230777
v 0.573047 1.832731 0.096636
v -0.153396 0.524355 -0.128271
v -0.206496 0.519753 -0.062405
v -0.064153 0.522054 -0.092928
v -0.189986 0.512084 0.061695
v -0.015961 0.514385 0.022738
v -0.131532 0.505949 0.145634
v -0.028455 0.507483 0.121135
v -0.068169 0.508250 0.158486
v -0.133316 0.608717 -0.129476
v -0.127962 1.149400 -0.117427
v -0.196679 0.603348 -0.096141
v -0.268520 1.147099 -0.086502
v -0.133316 1.138663 0.024345
v -0.214082 0.598747 -0.024251
v -0.282353 1.131760 0.122340
v -0.123946 0.634025 0.071736
v -0.136886 1.127159 0.182181
v 0.656489 1.384079 -0.011399
v 0.531995 1.351868 0.121537
v 0.628824 1.578111 0.109087
v 0.580186 1.433929 0.303471
v 0.742163 1.528261 0.302667
v 0.863088 1.557404 0.166920
v 0.819359 1.478411 -0.011801
v -0.133316 0.608717 -0.129476
v -0.127962 1.149400 -0.117427
v -0.070846 0.604882 -0.097346
v 0.011258 1.145565 -0.066823
v -0.040949 0.598747 -0.026661
v 0.006796 1.131760 0.119930
v -0.133316 1.138663 0.024345
v -0.133316 0.608717 -0.129476
v -0.196679 0.603348 -0.096141
v -0.153396 0.524355 -0.128271
v -0.206496 0.519753 -0.062405
v -0.214082 0.598747 -0.024251
v -0.189986 0.512084 0.061695
v -0.131532 0.505949 0.145634
v -0.123946 0.634025 0.071736
v -0.068169 0.508250 0.158486
v -0.028455 0.507483 0.121135
v -0.040949 0.598747 -0.026661
v -0.015961 0.514385 0.022738
v -0.064153 0.522054 -0.092928
v -0.070846 0.604882 -0.097346
v -0.153396 0.524355 -0.128271
v -0.133316 0.608717 -0.129476
v 0.236598 0.609484 -0.129877
v 0.299515 0.601048 -0.094936
v 0.253108 1.149400 -0.117829
v 0.392775 1.141730 -0.083289
v 0.254447 1.138663 0.024345
v 0.401253 1.126392 0.125955
v 0.254447 1.127926 0.182181
v 0.223658 0.635559 0.071736
v 0.112104 1.137129 0.116717
v 0.141554 0.602581 -0.028669
v 0.112550 1.150934 -0.070438
v 0.254447 1.138663 0.024345
v 0.253108 1.149400 -0.117829
v 0.173235 0.607950 -0.098953
v 0.236598 0.609484 -0.129877
v 0.314686 0.595679 -0.022243
v 0.244630 0.524355 -0.129476
v 0.158064 0.525122 -0.088510
v 0.302192 0.517453 -0.067225
v 0.293268 0.510550 0.057679
v 0.117458 0.518987 0.030369
v 0.240168 0.505949 0.145232
v 0.136199 0.511317 0.127561
v 0.178144 0.510550 0.162100
v 0.236598 0.609484 -0.129877
v 0.299515 0.601048 -0.094936
v 0.244630 0.524355 -0.129476
v 0.302192 0.517453 -0.067225
v 0.314686 0.595679 -0.022243
v 0.293268 0.510550 0.057679
v 0.240168 0.505949 0.145232
v 0.223658 0.635559 0.071736
v 0.178144 0.510550 0.162100
v 0.136199 0.511317 0.127561
v 0.141554 0.602581 -0.028669
v 0.117458 0.518987 0.030369
v 0.158064 0.525122 -0.088510
v 0.173235 0.607950 -0.098953
v 0.244630 0.524355 -0.129476
v 0.236598 0.609484 -0.129877
v -0.360888 1.599585 -0.005375
v -0.345716 1.552803 0.156879
v -0.271198 1.673210 -0.007785
v -0.185078 1.624127 0.247645
v -0.167229 1.988417 0.083383
v -0.130639 1.999154 0.187804
v -0.135101 2.132599 0.082580
v -0.311357 1.542833 0.297446
v -0.144026 1.413989 0.370943
v 0.064804 1.564307 0.297848
v 0.064804 1.989951 0.236802
v 0.064804 2.179381 0.118324
v -0.045858 2.203156 0.055671
v -0.138225 2.208524 -0.048750
v -0.100742 2.227698 -0.070438
v -0.207389 1.922461 -0.051562
v 0.230351 2.227698 -0.070438
v 0.267834 2.208524 -0.048750
v 0.175913 2.203156 0.055671
v 0.265156 2.132599 0.082580
v 0.260694 1.999154 0.187804
v 0.315579 1.624127 0.247645
v 0.210271 1.359537 0.370943
v 0.422671 1.475343 0.297446
v 0.475325 1.552803 0.156879
v 0.401699 1.673210 -0.007785
v 0.297284 1.988417 0.083383
v 0.337444 1.922461 -0.051562
v 0.316025 1.680879 -0.175662
v 0.269618 1.976146 -0.186506
v 0.490496 1.599585 -0.005375
v 0.420440 1.543600 -0.239520
v 0.306655 1.428561 -0.389726
v 0.064804 1.591916 -0.264822
v 0.065251 1.662473 -0.227471
v -0.185970 1.680879 -0.175662
v -0.176600 1.428561 -0.389726
v -0.290385 1.543600 -0.239520
v -0.360888 1.599585 -0.005375
v -0.271198 1.673210 -0.007785
v -0.207389 1.922461 -0.051562
v -0.140010 1.976146 -0.186506
v 0.064804 2.212359 -0.233094
v 0.254001 2.131065 -0.187711
v 0.145570 2.211592 -0.195743
v 0.230351 2.227698 -0.070438
v 0.267834 2.208524 -0.048750
v -0.124392 2.131065 -0.187711
v -0.015961 2.211592 -0.195743
v -0.100742 2.227698 -0.070438
v -0.138225 2.208524 -0.048750
v 0.064804 2.179381 0.118324
v 0.175913 2.203156 0.055671
v 0.079976 2.267578 0.130774
v 0.156279 2.276781 0.044024
v 0.230351 2.227698 -0.070438
v 0.191084 2.285984 -0.078872
v 0.136199 2.279082 -0.166826
v 0.145570 2.211592 -0.195743
v 0.064804 2.276014 -0.184899
v 0.064804 2.212359 -0.233094
v -0.015961 2.211592 -0.195743
v -0.006590 2.279082 -0.166826
v -0.100742 2.227698 -0.070438
v -0.061475 2.285984 -0.078872
v -0.026224 2.276781 0.044024
v -0.045858 2.203156 0.055671
v 0.050079 2.267578 0.130774
v 0.064804 2.179381 0.118324
v 0.191084 2.285984 -0.078872
v 0.136199 2.279082 -0.166826
v 0.064804 2.243803 -0.095338
v 0.064804 2.276014 -0.184899
v 0.156279 2.276781 0.044024
v 0.079976 2.267578 0.130774
v 0.064804 2.179381 0.118324
v 0.050079 2.267578 0.130774
v -0.026224 2.276781 0.044024
v -0.061475 2.285984 -0.078872
v -0.006590 2.279082 -0.166826
v 0.475325 1.552803 0.156879
v 0.064804 1.640999 0.083383
v 0.490496 1.599585 -0.005375
v 0.420440 1.543600 -0.239520
v 0.306655 1.428561 -0.389726
v 0.064804 1.591916 -0.264822
v 0.422671 1.475343 0.297446
v 0.210271 1.359537 0.370943
v 0.064804 1.564307 0.297848
v 0.064804 1.640999 0.083383
v -0.144026 1.413989 0.370943
v -0.311357 1.542833 0.297446
v -0.345716 1.552803 0.156879
v -0.360888 1.599585 -0.005375
v -0.176600 1.428561 -0.389726
v 0.064804 1.640999 0.083383
v -0.290385 1.543600 -0.239520
v -0.360888 1.599585 -0.005375
v -0.039164 2.134133 0.195836
v 0.050079 2.267578 0.130774
v -0.117699 2.197021 0.067720
v -0.026224 2.276781 0.044024
v -0.061475 2.285984 -0.078872
v -0.144026 2.236134 -0.096945
v -0.006590 2.279082 -0.166826
v -0.047643 2.234600 -0.243134
v 0.064804 2.276014 -0.184899
v 0.064804 2.230765 -0.292534
v 0.177698 2.234600 -0.243134
v 0.136199 2.279082 -0.166826
v 0.273634 2.236134 -0.096945
v 0.191084 2.285984 -0.078872
v 0.247308 2.197021 0.067720
v 0.156279 2.276781 0.044024
v 0.079976 2.267578 0.130774
v 0.169219 2.134133 0.195836
v 0.215626 2.049004 0.177764
v 0.218750 2.030598 0.189009
v 0.133968 2.048237 0.200656
v 0.135307 2.029064 0.212704
v 0.150032 2.195487 0.155273
v 0.187961 2.218495 0.100251
v 0.183498 2.160975 0.157281
v 0.221427 2.191652 0.098243
v 0.392328 1.470742 0.122340
v 0.403930 1.408621 0.153265
v 0.214734 1.470742 0.209090
v 0.261587 1.369507 0.209492
v 0.113442 1.302018 0.142019
v -0.085125 1.470742 0.209090
v 0.016167 1.301251 0.141618
v -0.131532 1.369507 0.209492
v -0.285477 1.434696 0.153265
v -0.262720 1.470742 0.122340
v 0.121474 1.291281 -0.074855
v 0.007689 1.290514 -0.075257
v 0.064804 1.470742 -0.157991
v -0.131532 1.341898 -0.134697
v -0.085125 1.470742 -0.177269
v -0.263166 1.396350 -0.084494
v -0.256026 1.470742 -0.079675
v -0.285477 1.434696 0.153265
v -0.262720 1.470742 0.122340
v 0.261140 1.341898 -0.134697
v 0.214734 1.470742 -0.177269
v 0.392775 1.395583 -0.084896
v 0.385635 1.470742 -0.079675
v 0.403930 1.408621 0.153265
v 0.392328 1.470742 0.122340
v 0.254001 2.131065 -0.187711
v 0.385635 2.085816 -0.143532
v 0.269618 1.976146 -0.186506
v 0.342798 2.011425 -0.137910
v 0.490050 1.864175 -0.053570
v 0.528425 1.901754 -0.002564
v 0.391436 2.124163 -0.037505
v 0.482911 1.894852 0.061294
v 0.360647 2.099621 0.047237
v 0.418209 1.864175 0.080571
v 0.320041 2.022928 0.032779
v 0.265156 2.132599 0.082580
v 0.297284 1.988417 0.083383
v 0.337444 1.922461 -0.051562
v 0.319595 1.995319 -0.049955
v 0.393221 1.831197 0.019124
v 0.432488 1.838099 -0.031079
v 0.342798 2.011425 -0.137910
v 0.490050 1.864175 -0.053570
v 0.267834 2.208524 -0.048750
v 0.269618 1.976146 -0.186506
v -0.397924 2.144103 0.126356
v -0.353302 2.182449 0.154470
v -0.226576 2.052839 0.065712
v -0.197126 2.144103 0.077760
v -0.342146 2.246104 0.116717
v -0.206942 2.200855 -0.001761
v -0.387661 2.243036 0.057277
v -0.238624 2.180915 -0.100961
v -0.441207 2.193186 0.025951
v -0.263166 2.086583 -0.094133
v -0.440761 2.135667 0.074146
v -0.140010 1.976146 -0.186506
v -0.124392 2.131065 -0.187711
v -0.138225 2.208524 -0.048750
v -0.135101 2.132599 0.082580
v -0.167229 1.988417 0.083383
v -0.252457 2.042868 -0.010998
v -0.207389 1.922461 -0.051562
v -0.263166 2.086583 -0.094133
v -0.140010 1.976146 -0.186506
v -0.440761 2.135667 0.074146
v -0.285477 1.434696 0.153265
v -0.131532 1.369507 0.209492
v -0.274767 1.132527 0.114308
v -0.136440 1.128693 0.166920
v 0.016167 1.301251 0.141618
v -0.007483 1.132527 0.107078
v 0.007689 1.290514 -0.075257
v -0.003021 1.144798 -0.059995
v -0.128408 1.147866 -0.099756
v -0.131532 1.341898 -0.134697
v -0.263166 1.396350 -0.084494
v -0.256919 1.145565 -0.073651
v -0.131532 1.341898 -0.134697
v -0.128408 1.147866 -0.099756
v 0.261140 1.341898 -0.134697
v 0.121474 1.291281 -0.074855
v 0.253108 1.147866 -0.099756
v 0.126829 1.150167 -0.062807
v 0.126829 1.137896 0.104267
v 0.113442 1.302018 0.142019
v 0.254001 1.128693 0.167321
v 0.261587 1.369507 0.209492
v 0.394113 1.127159 0.117521
v 0.403930 1.408621 0.153265
v 0.392775 1.395583 -0.084896
v 0.381173 1.140964 -0.070438
v 0.261140 1.341898 -0.134697
v 0.253108 1.147866 -0.099756
v 0.064804 2.287518 -0.164417
v 0.064804 2.069711 -0.043127
v -0.061921 2.308992 -0.097748
v -0.051658 2.313593 0.014304
v 0.064804 2.069711 -0.043127
v 0.064804 2.300556 0.109086
v 0.181267 2.313593 0.014304
v 0.191530 2.308992 -0.097748
v 0.064804 2.287518 -0.164417
v 0.060788 1.423192 0.403876
v -0.082001 1.511389 0.404679
v 0.206256 1.510622 0.404679
v -0.029794 1.839633 0.329977
v 0.158510 1.839633 0.329977
v 0.035800 2.144870 0.161699
v 0.094255 2.144870 0.161699
v -0.029794 1.839633 0.329977
v 0.061235 1.516757 0.417129
v -0.082001 1.511389 0.404679
v 0.060788 1.423192 0.403876
v 0.206256 1.510622 0.404679
v 0.158510 1.839633 0.329977
v 0.064358 1.841934 0.347247
v 0.065251 2.154840 0.187804
v 0.035800 2.144870 0.161699
v 0.094255 2.144870 0.161699
v 0.065251 2.147170 0.207082
v 0.026430 2.137200 0.163305
v 0.104072 2.137200 0.163305
v 0.026430 2.137200 0.163305
v 0.002780 2.190118 0.131979
v 0.064804 2.205457 0.169329
v 0.127275 2.190118 0.131979
v 0.104072 2.137200 0.163305
v 0.026430 2.137200 0.163305
v 0.002780 2.190118 0.131979
v 0.073729 2.182449 0.159691
v 0.117904 2.220028 0.129971
v 0.189299 2.212359 0.052458
v 0.012151 2.220028 0.129971
v -0.059244 2.212359 0.052458
v 0.056326 2.182449 0.159691
v 0.103179 2.199321 0.107078
v 0.065697 2.144870 0.161297
v 0.065697 2.205457 0.136397
v 0.028661 2.199321 0.107078
v 0.028661 2.199321 0.107078
v 0.103179 2.199321 0.107078
v 0.065697 2.144870 0.161297
v 0.066589 1.689316 0.397851
v 0.066589 1.671676 0.400663
v -0.067722 1.690083 0.380180
v -0.071292 1.672443 0.383393
v -0.073969 1.644834 0.389417
v -0.071738 1.663240 0.385803
v 0.066143 1.643300 0.406285
v 0.066589 1.661706 0.402671
v -0.050320 1.709256 -0.211406
v 0.065251 1.708489 -0.241528
v -0.047643 1.743000 -0.215422
v 0.065251 1.746835 -0.247552
v 0.178144 1.743000 -0.215422
v 0.180375 1.709256 -0.211406
v 0.216069 2.021395 0.203062
v 0.132626 2.019861 0.224749
v 0.218746 2.003756 0.213102
v 0.133965 1.996087 0.239208
v -0.074865 0.903984 0.111492
v -0.076204 0.986045 0.133983
v -0.141798 0.900150 0.134385
v -0.147599 0.986045 0.154064
v -0.210961 0.900150 0.108681
v -0.218101 0.990647 0.125549
v -0.075757 0.705350 0.075748
v -0.079773 0.795848 0.099845
v -0.135104 0.702283 0.091010
v -0.136889 0.794314 0.113902
v -0.198021 0.794314 0.101050
v -0.189097 0.701516 0.070929
v 0.175463 0.708418 0.072937
v 0.182157 0.798915 0.097034
v 0.233918 0.703050 0.091010
v 0.238380 0.795081 0.113902
v 0.300404 0.792013 0.104263
v 0.288803 0.699215 0.073740
v 0.181264 0.907052 0.108279
v 0.246858 0.900150 0.134786
v 0.184834 0.988346 0.130770
v 0.255336 0.986045 0.154867
v 0.316914 0.897849 0.112697
v 0.326731 0.987579 0.129967
v -0.036490 2.092720 0.235593
v -0.039168 2.134134 0.195833
v 0.064355 2.269113 0.157679
v 0.050076 2.267579 0.130770
v 0.064801 2.179382 0.118320
v 0.079973 2.267579 0.130770
v 0.169216 2.134134 0.195833
v 0.166093 2.092720 0.235593
v -0.047646 2.234601 -0.243138
v 0.064801 2.230766 -0.292537
v -0.069957 2.214661 -0.262014
v 0.064801 2.205458 -0.319848
v 0.199559 2.214661 -0.262014
v 0.177694 2.234601 -0.243138
v -0.036490 2.092720 0.235593
v -0.039168 2.134134 0.195833
v -0.148491 2.191653 0.074945
v -0.117702 2.197021 0.067716
v -0.144029 2.236135 -0.096948
v -0.175264 2.222330 -0.104579
v 0.177694 2.234601 -0.243138
v 0.199559 2.214661 -0.262014
v 0.273631 2.236135 -0.096948
v 0.305313 2.222330 -0.104579
v 0.166093 2.092720 0.235593
v 0.169216 2.134134 0.195833
v 0.278093 2.191653 0.074945
v 0.247304 2.197021 0.067716
v 0.273631 2.236135 -0.096948
v 0.305313 2.222330 -0.104579
v -0.175264 2.222330 -0.104579
v -0.144029 2.236135 -0.096948
v -0.069957 2.214661 -0.262014
v -0.047646 2.234601 -0.243138
v 0.370907 1.940868 -0.051164
v 0.332086 2.000688 0.084985
v 0.337440 1.922462 -0.051565
v 0.297281 1.988418 0.083379
v 0.303528 2.135667 0.081371
v 0.265153 2.132600 0.082576
v 0.267830 2.208525 -0.048754
v 0.303974 2.207758 -0.046746
v 0.291926 2.133367 -0.186510
v 0.253998 2.131066 -0.187715
v 0.304867 1.989951 -0.184502
v 0.269615 1.976147 -0.186510
v 0.337440 1.922462 -0.051565
v 0.370907 1.940868 -0.051164
v -0.240858 1.940868 -0.051164
v -0.207392 1.922462 -0.051565
v -0.202483 2.000688 0.084985
v -0.167232 1.988418 0.083379
v -0.135104 2.132600 0.082576
v -0.172587 2.143337 0.090206
v -0.173925 2.216195 -0.037509
v -0.138228 2.208525 -0.048754
v -0.162324 2.133367 -0.186510
v -0.124395 2.131066 -0.187715
v -0.175264 1.989951 -0.184502
v -0.140013 1.976147 -0.186510
v -0.207392 1.922462 -0.051565
v -0.240858 1.940868 -0.051164
v -0.143583 1.369508 0.393430
v -0.144029 1.413990 0.370939
v 0.064801 1.507555 0.328769
v 0.064801 1.564308 0.297844
v 0.210268 1.359538 0.370939
v 0.199559 1.314290 0.393430
v -0.143583 1.369508 0.393430
v -0.144029 1.413990 0.370939
v -0.341257 1.514457 0.301459
v -0.311361 1.542834 0.297442
v -0.345719 1.552804 0.156875
v -0.376508 1.522127 0.155269
v -0.391680 1.567375 -0.008592
v -0.360891 1.599586 -0.005379
v -0.290388 1.543601 -0.239523
v -0.314038 1.508322 -0.252777
v -0.176603 1.428562 -0.389729
v -0.182404 1.380245 -0.428686
v 0.312006 1.380245 -0.428686
v 0.443640 1.508322 -0.252777
v 0.306651 1.428562 -0.389729
v 0.420437 1.543601 -0.239523
v 0.521728 1.567375 -0.008592
v 0.490493 1.599586 -0.005379
v 0.475322 1.552804 0.156875
v 0.506111 1.522127 0.155269
v 0.422668 1.475344 0.297442
v 0.448549 1.441599 0.301459
v 0.210268 1.359538 0.370939
v 0.199559 1.314290 0.393430
v -0.182404 1.380245 -0.428686
v 0.064801 1.548969 -0.298160
v -0.176603 1.428562 -0.389729
v 0.064801 1.591917 -0.264826
v 0.306651 1.428562 -0.389729
v 0.312006 1.380245 -0.428686
v 0.397234 2.108058 -0.124660
v 0.478892 1.999921 -0.050762
v 0.394556 2.127998 -0.036705
v 0.455242 2.005290 0.017915
v 0.376261 2.119562 0.032775
v 0.419098 1.993786 0.063298
vn -0.3260 0.0038 -0.9454
vn 0.2609 0.6028 -0.7541
vn 0.6535 -0.0000 -0.7569
vn 0.7831 0.6035 -0.1502
vn 0.9820 -0.0000 0.1889
vn 0.5192 0.6044 0.6043
vn 0.3260 -0.0000 0.9454
vn -0.2587 0.6037 0.7541
vn -0.6535 0.0038 0.7570
vn -0.7854 0.6005 0.1502
vn -0.9820 0.0038 -0.1889
vn -0.5213 0.6026 -0.6043
vn -0.0000 -0.1307 -0.9914
vn 0.2558 -0.1244 -0.9587
vn 0.2515 -0.1031 -0.9624
vn 0.0037 -0.1566 -0.9877
vn -0.2558 -0.1244 -0.9587
vn -0.2515 -0.1032 -0.9623
vn -0.0000 -0.0000 1.0000
vn -0.1126 0.1951 0.9743
vn -0.1169 0.1774 0.9772
vn -0.1168 0.2122 0.9702
vn -0.1231 0.1784 0.9762
vn -0.1212 0.1999 0.9723
vn -0.1267 0.1598 0.9790
vn 0.2609 0.6027 -0.7541
vn -0.0000 1.0000 0.0022
vn -0.7187 0.6600 -0.2189
vn 0.7186 0.6600 -0.2188
vn 0.0019 -0.1438 0.9896
vn -0.2588 0.6037 0.7541
vn -0.0019 0.7861 0.6181
vn 0.5191 0.6044 0.6043
vn 0.0019 -0.1437 0.9896
vn 0.7831 0.6035 -0.1501
vn 0.7187 0.6600 -0.2189
vn -0.6914 -0.2899 0.6617
vn 0.6928 -0.2865 0.6617
vn 0.8357 0.2605 -0.4835
vn -0.3339 -0.8639 -0.3771
vn -0.8160 0.5741 0.0678
vn 0.4647 -0.8855 0.0066
vn 0.3701 -0.1884 0.9097
vn 0.4302 0.2977 0.8522
vn 0.0992 -0.0148 0.9950
vn -0.0000 0.4700 0.8826
vn 0.0038 -0.4428 0.8966
vn -0.0986 -0.0184 0.9950
vn 0.2621 -0.4866 0.8334
vn -0.0000 0.0131 0.9999
vn 0.2926 -0.3324 0.8966
vn -0.0019 0.8732 0.4873
vn -0.8159 0.5742 0.0677
vn -0.3684 -0.1917 0.9097
vn -0.4302 0.2976 0.8522
vn 0.0038 0.2802 0.9599
vn -0.0001 0.0131 0.9999
vn -0.3338 -0.8639 -0.3772
vn 0.4647 -0.8854 0.0065
vn -0.0019 0.5306 0.8476
vn 0.8562 0.1203 0.5025
vn 0.9137 -0.0302 -0.4052
vn -0.3173 -0.5244 0.7901
vn -0.8482 0.3212 0.4211
vn -0.0001 0.1046 0.9945
vn -0.0019 0.3343 0.9425
vn -0.2926 -0.3324 0.8966
vn -0.4649 -0.3491 -0.8136
vn 0.1908 -0.5679 0.8007
vn -0.2081 0.0037 0.9781
vn -0.0036 0.0392 0.9992
vn 0.2593 0.0815 0.9624
vn -0.1944 -0.5666 0.8007
vn -0.7240 -0.3570 0.5903
vn -0.6319 0.1384 0.7626
vn -0.4066 0.1756 0.8966
vn -0.0019 0.1220 0.9925
vn 0.4066 0.1755 0.8966
vn 0.4519 0.2985 0.8406
vn 0.6255 0.0752 0.7766
vn 0.6327 0.1348 0.7626
vn 0.8535 -0.0603 0.5175
vn 0.7240 -0.3570 0.5902
vn 0.9273 -0.2680 0.2613
vn 0.1638 -0.3191 -0.9334
vn 0.8257 -0.5021 0.2571
vn -0.0019 -0.2718 0.9624
vn 0.5215 -0.8454 0.1156
vn 0.3202 -0.8975 0.3032
vn 0.5475 -0.7799 0.3032
vn -0.8259 -0.5552 -0.0981
vn 0.0038 -0.9106 0.4132
vn 0.0038 -0.9051 0.4251
vn -0.4650 -0.3490 -0.8136
vn 0.9137 -0.0302 -0.4053
vn -0.8482 0.3212 0.4212
vn 0.1639 -0.3192 -0.9334
vn -0.0000 -1.0000 0.0021
vn -0.0019 -0.4854 -0.8743
vn 0.7774 -0.5004 -0.3811
vn -0.5444 -0.7821 0.3032
vn -0.0000 -1.0000 0.0022
vn -0.7794 -0.4972 -0.3812
vn -0.0019 -0.4855 -0.8743
vn 0.6254 -0.1203 -0.7710
vn -0.1422 -0.1462 -0.9790
vn 0.0543 -0.2404 -0.9692
vn 0.8297 -0.0151 -0.5581
vn 0.8379 -0.1203 0.5324
vn 0.8424 0.1500 0.5175
vn 0.0744 -0.0967 0.9925
vn -0.3167 -0.8988 0.3032
vn -0.5183 -0.8474 0.1155
vn -0.1645 -0.2003 0.9658
vn -0.8277 -0.4989 0.2571
vn -0.3845 -0.4218 0.8211
vn -0.9273 -0.2680 0.2613
vn -0.9383 -0.1316 0.3198
vn -0.8538 -0.0565 0.5175
vn -0.6251 0.0790 0.7766
vn -0.4519 0.2985 0.8406
vn -0.5022 -0.5795 -0.6418
vn -0.7981 -0.0792 -0.5973
vn -0.6156 -0.0978 -0.7820
vn -0.0582 -0.2352 -0.9702
vn 0.1556 -0.1569 -0.9753
vn -0.8174 -0.0075 -0.5761
vn -0.8519 -0.1015 0.5138
vn -0.8253 0.2852 0.4873
vn 0.5470 -0.4589 -0.7001
vn -0.0581 -0.2352 -0.9702
vn 0.9639 -0.1577 0.2146
vn 0.9459 -0.2899 0.1459
vn 0.9105 0.0151 0.4133
vn 0.9820 -0.1727 0.0764
vn 0.8085 -0.1204 -0.5760
vn 0.7164 0.3426 0.6078
vn 0.4519 0.2986 0.8406
vn 0.0019 0.5194 0.8545
vn -0.0000 0.4073 0.9133
vn 0.9272 -0.1727 0.3323
vn -0.4519 0.2986 0.8406
vn -0.7164 0.3426 0.6077
vn 0.4007 -0.5836 0.7063
vn 0.1442 -0.2005 0.9690
vn -0.0716 -0.1042 0.9920
vn 0.8596 -0.5108 0.0153
vn 0.8113 -0.5801 -0.0721
vn 0.8624 -0.2018 0.4643
vn 0.3049 -0.0528 -0.9509
vn 0.8526 -0.4501 -0.2655
vn 0.5233 -0.8460 -0.1025
vn 0.5215 -0.8454 0.1155
vn 0.2539 -0.9671 0.0153
vn 0.2665 -0.9618 0.0633
vn -0.6692 -0.7198 0.1846
vn -0.5557 -0.8065 -0.2018
vn -0.7240 -0.2769 -0.6317
vn -0.2383 -0.8311 0.5026
vn -0.2174 -0.4718 0.8545
vn -0.9799 -0.1205 -0.1588
vn -0.5215 -0.0415 -0.8522
vn -0.8855 -0.0151 0.4643
vn -0.0018 -0.9987 0.0502
vn -0.2885 0.5601 0.7766
vn 0.3445 0.3632 0.8657
vn 0.1893 0.9675 0.1674
vn -0.2537 0.9666 0.0371
vn -0.4531 0.1516 0.8785
vn -0.4225 0.1190 0.8985
vn -0.4793 0.1157 0.8700
vn -0.3801 0.1223 0.9168
vn -0.2472 0.1131 0.9624
vn -0.2784 0.1615 0.9468
vn -0.2949 0.7316 -0.6147
vn -0.4623 0.4476 -0.7654
vn -0.4384 0.1045 0.8927
vn -0.5995 0.1274 -0.7901
vn -0.5556 -0.8066 -0.2018
vn -0.4551 0.1009 0.8847
vn -0.4486 0.1118 0.8867
vn -0.4113 0.1151 0.9042
vn -0.3540 0.1466 0.9237
vn -0.3389 0.1180 0.9334
vn -0.3033 0.1591 0.9395
vn -0.2960 0.1723 0.9395
vn -0.0057 0.9342 -0.3568
vn -0.2859 0.1651 0.9439
vn -0.2970 0.1787 0.9380
vn 0.4770 0.7860 0.3932
vn 0.3133 -0.1664 0.9350
vn -0.4552 0.1008 0.8847
vn -0.3033 0.1592 0.9395
vn -0.2969 0.1787 0.9380
vn 0.4138 -0.5310 -0.7395
vn 0.9924 0.0528 -0.1112
vn 0.4959 -0.1270 -0.8590
vn -0.3351 -0.8263 -0.4527
vn -0.3805 -0.0450 0.9237
vn 0.2507 -0.1951 0.9482
vn -0.8887 -0.4579 0.0240
vn 0.5152 0.8547 0.0633
vn 0.5685 0.4661 0.6780
vn 0.3593 0.4005 0.8429
vn 0.2970 0.1787 0.9380
vn 0.2859 0.1651 0.9439
vn 0.2765 0.1647 0.9468
vn 0.2456 0.1165 0.9624
vn 0.3789 0.1259 0.9168
vn 0.4225 0.1190 0.8985
vn 0.7287 0.6607 0.1803
vn 0.6551 0.2515 -0.7125
vn 0.4583 0.4796 -0.7483
vn -0.5224 -0.5945 -0.6112
vn 0.3663 -0.2558 -0.8946
vn 0.3032 0.1592 0.9395
vn 0.2960 0.1723 0.9395
vn 0.3389 0.1180 0.9334
vn 0.3540 0.1466 0.9237
vn 0.4103 0.1187 0.9042
vn 0.4486 0.1118 0.8867
vn 0.4384 0.1045 0.8927
vn 0.4559 0.0972 0.8847
vn 0.4784 0.1194 0.8700
vn 0.4519 0.1551 0.8785
vn 0.9299 0.1578 0.3322
vn 0.4560 0.0972 0.8847
vn 0.5897 0.4238 0.6875
vn 0.2969 0.1787 0.9380
vn 0.8965 0.4240 -0.1285
vn 0.3663 -0.2559 -0.8946
vn -0.3904 0.0263 0.9203
vn -0.4110 0.0822 0.9079
vn -0.4111 0.0823 0.9079
vn -0.4281 0.1407 0.8927
vn 0.4138 -0.5309 -0.7395
vn 0.9261 0.1334 -0.3528
vn 0.8120 0.3731 0.4487
vn 0.8424 0.1501 0.5176
vn 0.4281 0.1407 0.8927
vn 0.4111 0.0822 0.9079
vn 0.3901 0.0300 0.9203
vn 0.2766 -0.1387 -0.9509
vn 0.0543 -0.2405 -0.9691
vn 0.0019 -0.4152 -0.9097
vn -0.5923 0.3521 0.7246
vn -0.6382 0.3707 0.6747
vn -0.6800 0.2547 0.6875
vn -0.7662 0.0977 0.6351
vn -0.6807 -0.1827 0.7094
vn -0.5652 -0.3473 0.7483
vn -0.2980 -0.2834 0.9115
vn -0.1807 -0.3380 0.9237
vn -0.8837 0.2716 -0.3812
vn -0.8253 0.2853 0.4874
vn -0.6456 0.6896 0.3281
vn -0.2951 0.0781 0.9523
vn -0.4321 0.0970 0.8966
vn -0.4412 0.3205 0.8382
vn -0.4012 0.3639 0.8406
vn -0.2749 -0.1420 -0.9509
vn -0.4850 0.3748 0.7901
vn -0.5470 0.3695 0.7512
vn -0.5707 0.2140 0.7928
vn -0.6180 0.2499 0.7454
vn -0.4503 0.0860 0.8887
vn -0.4529 0.0712 0.8887
vn -0.3439 0.1394 0.9286
vn -0.3363 0.1251 0.9334
vn 0.4006 -0.5836 0.7064
vn 0.4009 0.4062 0.8212
vn 0.3439 0.4554 0.8212
vn 0.3064 0.3463 0.8867
vn -0.0557 -0.0109 0.9984
vn -0.8254 0.2852 0.4873
vn 0.2564 0.2511 0.9334
vn 0.3247 -0.0598 0.9439
vn 0.3617 -0.0301 0.9318
vn -0.0715 -0.1041 0.9920
vn 0.4215 -0.2839 0.8613
vn 0.3988 -0.3269 0.8568
vn 0.5746 -0.1926 0.7954
vn 0.7033 -0.0453 0.7094
vn 0.7218 0.2230 0.6552
vn 0.6225 0.3797 0.6843
vn 0.4350 0.4696 0.7682
vn 0.3638 0.4303 0.8261
vn 0.3760 0.2555 0.8907
vn 0.3856 0.2755 0.8806
vn 0.4938 0.1486 0.8568
vn 0.5322 0.1488 0.8334
vn 0.5842 0.1855 0.7901
vn 0.5819 0.1926 0.7901
vn 0.1004 0.0295 0.9945
vn 0.8424 0.1500 0.5176
vn 0.8121 0.3731 0.4487
vn -0.0019 -0.9987 0.0502
vn -0.2539 -0.9671 0.0153
vn -0.5902 -0.7963 -0.1329
vn -0.8058 -0.5892 -0.0590
vn -0.8596 -0.5108 0.0153
vn 0.5316 0.5717 0.6250
vn 0.5317 0.5717 0.6249
vn 0.5138 0.5804 0.6317
vn -0.9459 -0.2899 0.1458
vn -0.8624 -0.2018 0.4643
vn -0.9820 -0.1727 0.0764
vn -0.4360 -0.2220 -0.8722
vn -0.8980 -0.3715 -0.2359
vn -0.5902 -0.7962 -0.1329
vn 0.5444 0.5671 0.6181
vn 0.2237 0.5328 0.8162
vn 0.2237 0.5327 0.8162
vn 0.2237 0.5328 0.8161
vn 0.5363 0.7382 0.4093
vn 0.4917 0.6684 0.5581
vn 0.4926 0.6229 0.6077
vn -0.2630 -0.9627 0.0632
vn 0.5530 0.7470 0.3690
vn 0.5473 0.8348 0.0589
vn 0.4811 0.8685 -0.1199
vn 0.3358 0.8577 -0.3892
vn -0.4359 -0.2219 -0.8722
vn 0.2115 0.9000 -0.3812
vn -0.0019 0.9033 -0.4291
vn -0.0038 0.9211 -0.3892
vn -0.2096 0.8987 -0.3852
vn -0.9645 -0.1541 0.2146
vn -0.9105 0.0151 0.4133
vn -0.3358 0.8577 -0.3892
vn -0.4811 0.8685 -0.1198
vn -0.4242 0.9056 0.0065
vn -0.5424 0.7337 0.4093
vn -0.5530 0.7470 0.3690
vn -0.4360 -0.2219 -0.8722
vn -0.2720 0.9350 -0.2274
vn -0.2651 0.6793 0.6844
vn -0.8285 -0.1947 -0.5250
vn -0.3153 -0.9264 -0.2061
vn -0.4926 0.6229 0.6078
vn -0.0264 -0.9924 -0.1198
vn -0.9638 0.1318 -0.2317
vn -0.8753 -0.4096 -0.2571
vn -0.0846 -0.4584 -0.8847
vn 0.0019 0.1696 -0.9855
vn -0.8058 -0.5892 -0.0589
vn -0.0264 -0.9924 -0.1199
vn -0.9063 0.3290 0.2655
vn -0.9638 0.1319 -0.2316
vn -0.8028 -0.4715 0.3650
vn 0.2499 -0.5406 0.8033
vn -0.0744 -0.0797 0.9940
vn -0.2720 0.9351 -0.2273
vn -0.0265 -0.9924 -0.1199
vn -0.3931 -0.4612 0.7955
vn -0.0744 -0.0798 0.9940
vn 0.7669 -0.5898 0.2528
vn 0.9499 0.2097 0.2316
vn 0.0020 0.1696 -0.9855
vn 0.0884 -0.4577 -0.8847
vn 0.2721 0.9350 -0.2273
vn 0.8285 -0.1947 -0.5250
vn 0.3152 -0.9264 -0.2061
vn 0.3048 -0.0527 -0.9509
vn 0.8114 -0.5801 -0.0720
vn 0.8753 -0.4096 -0.2570
vn 0.9643 0.1281 -0.2317
vn -0.0000 0.9947 0.1025
vn -0.0000 0.8273 -0.5617
vn -0.3359 0.8577 -0.3892
vn -0.4767 0.8156 0.3281
vn -0.2650 0.6792 0.6844
vn 0.0019 0.4661 0.8847
vn 0.2721 0.9350 -0.2274
vn 0.8624 -0.2019 0.4642
vn 0.0075 0.6435 0.7654
vn 0.4800 0.8136 0.3281
vn 0.2901 0.9561 -0.0415
vn 0.3359 0.8577 -0.3892
vn -0.3172 -0.5244 0.7901
vn 0.2620 -0.4865 0.8335
vn -0.5833 0.5020 0.6385
vn 0.0020 0.4662 0.8847
vn -0.2650 0.6793 0.6844
vn -0.7482 0.6442 -0.1588
vn 0.4506 -0.0602 0.8907
vn -0.9393 0.1242 0.3198
vn 0.1035 -0.9832 -0.1502
vn 0.1752 -0.1107 0.9783
vn -0.8666 0.4198 -0.2697
vn 0.1616 0.9747 0.1545
vn -0.6580 0.4892 0.5725
vn 0.7252 0.6852 -0.0677
vn 0.4535 -0.4841 0.7483
vn 0.5918 -0.4310 -0.6812
vn -0.4241 0.9056 0.0065
vn -0.4661 0.5075 -0.7246
vn 0.5919 -0.4309 -0.6812
vn -0.1206 -0.9398 -0.3197
vn -0.6722 -0.6575 0.3404
vn -0.7833 -0.1130 -0.6113
vn -0.5222 0.4447 -0.7277
vn 0.1073 0.9847 0.1372
vn 0.8104 0.4483 -0.3771
vn 0.0019 0.2761 -0.9611
vn 0.7213 -0.3845 -0.5761
vn 0.1036 -0.9832 -0.1501
vn 0.4634 0.5101 -0.7247
vn 0.9277 0.0151 -0.3731
vn -0.8885 0.1910 0.4172
vn 0.7482 0.6442 -0.1588
vn 0.2900 0.9561 -0.0415
vn 0.4799 0.8137 0.3281
vn 0.5809 0.5049 0.6385
vn 0.8732 0.1355 -0.4681
vn 0.0710 -0.3641 0.9286
vn -0.6067 -0.7798 -0.1545
vn -0.2967 -0.9083 0.2949
vn 0.0019 0.4662 0.8847
vn -0.4614 0.4482 -0.7657
vn -0.7481 0.6442 -0.1588
vn -0.4661 0.5076 -0.7246
vn 0.0019 0.2759 -0.9612
vn -0.5215 -0.0415 -0.8523
vn 0.0038 0.1566 -0.9877
vn 0.5420 0.4832 -0.6876
vn 0.7482 0.6442 -0.1589
vn 0.1747 -0.1131 0.9781
vn 0.1112 0.0221 0.9936
vn 0.4633 0.5101 -0.7246
vn 0.5918 -0.4309 -0.6812
vn 0.8732 0.1355 -0.4682
vn 0.7252 0.6852 -0.0676
vn 0.1617 0.9747 0.1545
vn -0.5420 0.4833 -0.6875
vn -0.0187 -0.3461 0.9380
vn -0.9799 -0.1204 -0.1588
vn 0.6111 -0.5577 -0.5617
vn 0.8124 0.1277 0.5689
vn 0.5777 0.6604 -0.4797
vn 0.7579 0.6327 0.1588
vn 0.1429 0.9652 -0.2189
vn 0.0997 0.9033 0.4172
vn -0.9243 0.2207 -0.3115
vn -0.8409 0.5364 0.0720
vn -0.6944 -0.2902 0.6585
vn 0.2378 -0.1560 0.9587
vn -0.8753 -0.4095 -0.2571
vn -0.0847 -0.4584 -0.8847
vn -0.7681 -0.5768 0.2781
vn -0.2513 0.2141 0.9439
vn 0.5367 0.8214 0.1932
vn 0.3558 -0.4462 0.8212
vn 0.3667 0.9285 0.0589
vn 0.3916 0.6256 0.6747
vn -0.0737 -0.2174 0.9733
vn 0.0883 -0.4577 -0.8847
vn -0.5098 -0.8126 0.2823
vn 0.8753 -0.4095 -0.2571
vn -0.6682 -0.6934 -0.2697
vn 0.9643 0.1280 -0.2317
vn -0.8768 0.4678 0.1112
vn -0.1821 0.0112 0.9832
vn 0.8412 0.5365 0.0677
vn 0.9500 0.2096 0.2316
vn 0.5798 0.3840 0.7186
vn 0.5080 0.4110 0.7569
vn 0.8390 -0.5359 -0.0938
vn 0.5684 0.4661 0.6779
vn 0.9924 0.0529 -0.1112
vn -0.1330 0.2655 -0.9549
vn 0.7669 -0.5899 0.2528
vn -0.3933 -0.4611 0.7955
vn -0.8472 -0.5297 -0.0415
vn -0.7682 -0.5767 0.2781
vn -0.0744 -0.0796 0.9940
vn 0.0019 0.2928 0.9562
vn -0.8471 -0.5298 -0.0415
vn 0.5808 0.5049 0.6385
vn -0.8409 0.5364 0.0721
vn -0.8856 -0.0150 0.4643
vn -0.5484 -0.8293 0.1068
vn 0.0924 -0.9924 -0.0808
vn 0.8229 -0.5680 -0.0110
vn -0.1738 -0.0553 0.9832
vn 0.9265 0.3756 0.0240
vn -0.5833 0.5021 0.6385
vn -0.2538 0.9665 0.0372
vn 0.3902 0.8841 0.2570
vn -0.8164 0.5577 -0.1501
vn -0.2886 0.5601 0.7765
vn -0.5798 0.3840 0.7186
vn -0.4872 0.5006 0.7156
vn 0.2498 -0.5405 0.8034
vn -0.8028 -0.4715 0.3649
vn 0.0924 -0.9924 -0.0807
vn -0.5485 -0.8293 0.1068
vn -0.9063 0.3289 0.2655
vn -0.8885 0.1909 0.4172
vn -0.5248 0.5061 -0.6844
vn -0.4575 -0.3921 -0.7981
vn -0.9638 0.1318 -0.2316
vn -0.6095 0.0038 -0.7928
vn 0.0296 0.0076 -0.9995
vn 0.0824 -0.3367 -0.9380
vn -0.5775 -0.6896 -0.4370
vn 0.0566 0.6103 -0.7901
vn -0.9897 0.1430 0.0109
vn -0.5482 0.2664 -0.7928
vn -0.6681 -0.6935 -0.2697
vn -0.8577 0.5039 0.1025
vn -0.6041 -0.7903 -0.1024
vn -0.8753 -0.1352 0.4642
vn -0.0594 0.2217 0.9733
vn -0.1907 0.0835 0.9781
vn 0.5507 -0.5972 0.5832
vn 0.9753 -0.0302 0.2189
vn 0.4959 -0.8613 0.1112
vn 0.7055 -0.6588 -0.2613
vn 0.5366 0.8214 0.1932
vn 0.7108 -0.0679 -0.7001
vn 0.5506 -0.5973 0.5832
vn -0.1906 0.0835 0.9781
vn -0.8753 -0.1352 0.4643
vn -0.6041 -0.7903 -0.1025
vn 0.3917 0.6256 0.6747
vn -0.5775 -0.6895 -0.4370
vn 0.7055 -0.6587 -0.2613
vn -0.6920 0.6053 -0.3933
vn 0.0340 0.9968 0.0721
vn -0.6691 0.5029 0.5471
vn -0.0000 0.6334 0.7738
vn 0.1844 0.2537 -0.9495
vn 0.8205 -0.3389 -0.4604
vn -0.2294 -0.6328 -0.7395
vn 0.1774 -0.7460 0.6419
vn 0.9753 -0.0303 0.2189
vn 0.6815 0.4421 0.5832
vn 0.7510 0.5503 -0.3650
vn 0.0094 0.4968 -0.8678
vn 0.0038 0.8249 -0.5653
vn -0.4975 0.6610 0.5617
vn 0.4644 0.6964 0.5472
vn 0.0692 -0.3973 0.9151
vn 0.0340 0.9968 0.0720
vn 0.1843 0.2537 -0.9496
vn 0.9700 0.2244 0.0938
vn 0.0548 0.5717 -0.8187
vn -0.1110 0.6704 -0.7337
vn -0.8737 0.3216 0.3650
vn 0.5377 0.6880 0.4873
vn 0.4644 0.6964 0.5471
vn 0.0095 0.4968 -0.8678
vn -0.4976 0.6610 0.5617
vn -0.6845 0.6164 0.3892
vn -0.1982 0.8007 -0.5653
vn -0.8997 -0.3400 -0.2739
vn -0.9346 0.2501 0.2529
vn 0.6157 -0.0302 -0.7874
vn -0.1134 -0.3318 -0.9365
vn -0.0079 0.0038 -1.0000
vn -0.1251 -0.3364 0.9334
vn 0.1268 -0.5266 0.8406
vn -0.6844 0.6165 0.3893
vn 0.5381 -0.7060 -0.4604
vn -0.0732 -0.5478 0.8334
vn 0.9944 0.1056 0.0022
vn 0.5733 -0.8070 -0.1415
vn 0.8944 -0.1503 0.4212
vn 0.0610 0.2168 0.9743
vn 0.2549 0.0813 0.9635
vn -0.5440 -0.5785 0.6078
vn -0.9737 0.0113 0.2274
vn -0.5227 -0.8399 0.1459
vn -0.7414 -0.6282 -0.2359
vn -0.7074 -0.0264 -0.7063
vn -0.0170 0.7667 0.6418
vn -0.1134 -0.3319 -0.9365
vn 0.0321 0.4958 -0.8678
vn 0.0038 0.9974 0.0720
vn 0.7269 0.5739 -0.3771
vn 0.6777 0.4747 0.5617
vn -0.0169 0.7666 0.6419
vn 0.0075 0.6334 0.7738
vn 0.9944 0.1055 0.0022
vn -0.8737 0.3216 0.3649
vn 0.5377 0.6881 0.4873
vn 0.4645 0.6963 0.5471
vn 0.4783 -0.8410 0.2528
vn 0.0188 -0.8440 -0.5361
vn 0.8213 -0.3668 -0.4370
vn 0.8411 0.1799 0.5101
vn 0.4491 -0.0376 0.8927
vn -0.1421 -0.2512 0.9575
vn -0.3598 -0.9292 -0.0850
vn -0.1251 -0.3363 0.9334
vn -0.0169 0.7667 0.6418
vn -0.9346 0.2501 0.2528
vn -0.1983 0.8007 -0.5653
vn -0.6770 0.4713 0.5653
vn -0.9737 0.0112 0.2274
vn 0.1759 -0.4927 -0.8522
vn 0.7416 0.4987 -0.4487
vn 0.3679 -0.8057 -0.4642
vn 0.9553 0.1727 -0.2401
vn 0.6129 -0.0075 0.7901
vn 0.6480 0.4726 0.5973
vn 0.7223 0.5295 -0.4449
vn 0.2583 0.5327 0.8059
vn -0.3008 0.9357 -0.1846
vn -0.7176 0.5829 -0.3812
vn -0.5439 -0.5786 0.6078
vn 0.8945 -0.1502 0.4211
vn 0.2550 0.0813 0.9635
vn 0.5733 -0.8070 -0.1416
vn -0.2144 -0.8236 0.5250
vn 0.5050 -0.6990 0.5063
vn 0.6165 0.1125 0.7793
vn 0.5382 -0.7060 -0.4604
vn -0.7415 -0.6282 -0.2358
vn -0.1135 -0.3319 -0.9365
vn 0.2078 0.5276 0.8236
vn 0.4662 0.6295 0.6215
vn 0.5315 0.6527 0.5398
vn 0.5501 -0.2625 0.7928
vn 0.1544 0.5531 0.8187
vn 0.8365 -0.1130 -0.5362
vn -0.1414 0.3648 0.9203
vn -0.1242 -0.9127 -0.3893
vn -0.5178 -0.7210 0.4604
vn -0.2934 0.2337 0.9270
vn 0.6190 -0.7762 0.1198
vn -0.7414 0.3127 -0.5938
vn 0.3980 0.8977 -0.1889
vn -0.0837 0.2453 -0.9658
vn 0.0604 -0.7145 -0.6970
vn 0.8366 -0.1130 -0.5361
vn 0.0208 0.9695 0.2444
vn 0.5050 -0.6991 0.5062
vn 0.1760 -0.4926 -0.8523
vn -0.9204 0.2788 0.2739
vn 0.3680 -0.8056 -0.4643
vn -0.2145 -0.8236 0.5250
vn -0.2495 0.5173 0.8187
vn -0.1415 0.3648 0.9203
vn -0.1421 -0.2511 0.9575
vn -0.2635 -0.3608 -0.8947
vn 0.4663 0.6295 0.6215
vn 0.7224 0.5295 -0.4448
vn 0.8411 0.1798 0.5101
vn -0.3008 0.9356 -0.1846
vn -0.7432 0.1646 0.6485
vn 0.5316 0.6527 0.5398
vn -0.0837 0.2452 -0.9658
vn 0.0189 -0.8440 -0.5361
vn -0.7414 0.3127 -0.5937
vn 0.8213 -0.3668 -0.4369
vn 0.3979 0.8978 -0.1889
vn 0.0942 -0.9926 0.0764
vn -0.2328 -0.4083 -0.8826
vn 0.5288 -0.8254 0.1975
vn -0.0791 -0.6078 -0.7901
vn -0.9347 0.3259 -0.1415
vn -0.1652 -0.0038 0.9863
vn 0.0207 0.9695 0.2443
vn 0.2079 0.5276 0.8237
vn -0.2494 0.5173 0.8187
vn -0.4049 -0.5458 0.7336
vn -0.1242 -0.8443 -0.5213
vn -0.6061 -0.5409 0.5831
vn 0.5647 -0.7946 -0.2231
vn 0.6809 0.0827 0.7277
vn 0.9946 0.0528 -0.0894
vn 0.5164 -0.8114 0.2739
vn -0.9204 0.2789 0.2739
vn -0.0736 0.2219 0.9723
vn -0.6061 -0.5409 0.5832
vn -0.3598 -0.9292 -0.0851
vn -0.4481 -0.3591 0.8187
vn -0.7413 0.3128 -0.5938
vn -0.6963 -0.6936 -0.1847
vn -0.9561 0.1950 -0.2188
vn 0.0190 -0.8439 -0.5362
vn 0.0642 0.6733 -0.7366
vn 0.3155 0.8049 -0.5026
vn 0.3631 0.8100 -0.4605
vn 0.0942 0.6500 -0.7541
vn -0.1855 0.4319 -0.8826
vn -0.1293 0.5521 -0.8237
vn 0.6545 0.2441 -0.7156
vn 0.8579 0.5105 -0.0589
vn 0.7728 -0.5839 0.2487
vn 0.4188 -0.8989 -0.1285
vn 0.1964 0.2497 -0.9482
vn -0.2271 -0.7383 -0.6351
vn -0.3797 0.8586 -0.3445
vn -0.1856 0.4319 -0.8826
vn -0.6378 0.4503 -0.6249
vn 0.0941 0.6500 -0.7540
vn 0.3155 0.8050 -0.5025
vn 0.0453 0.9989 -0.0109
vn 0.4902 0.0527 0.8700
vn 0.5754 -0.2210 0.7874
vn -0.4762 -0.7697 0.4251
vn 0.0839 0.3944 0.9151
vn 0.8578 0.5106 -0.0589
vn 0.7728 -0.5839 0.2486
vn -0.4082 -0.3615 0.8383
vn 0.4188 -0.8989 -0.1286
vn 0.6190 -0.7761 0.1199
vn -0.5178 -0.7211 0.4604
vn -0.7225 0.4411 0.5324
vn -0.6378 0.4502 -0.6249
vn -0.8010 -0.4479 0.3973
vn -0.4082 -0.3616 0.8382
vn 0.0453 0.9989 -0.0110
vn -0.3796 0.8586 -0.3445
vn 0.9445 -0.0151 -0.3280
vn 0.1279 -0.8124 -0.5689
vn -0.4763 -0.7697 0.4251
vn 0.3631 0.8100 -0.4604
vn 0.5163 -0.8114 0.2739
vn 0.0529 -0.7924 -0.6078
vn 0.6546 0.2440 -0.7155
vn 0.1964 0.2498 -0.9482
vn -0.1293 0.5522 -0.8236
vn -0.2272 -0.7383 -0.6351
vn 0.4189 -0.8989 -0.1285
vn -0.4081 -0.3616 0.8383
vn -0.0038 -0.0654 -0.9979
vn 0.0509 -0.0655 -0.9966
vn 0.0038 -0.5849 -0.8111
vn 0.3045 -0.5199 -0.7981
vn 0.3087 -0.8428 -0.4409
vn 0.6778 -0.5764 -0.4565
vn -0.2069 0.6929 -0.6907
vn 0.3404 -0.9402 -0.0153
vn -0.2512 -0.8931 0.3731
vn -0.7017 0.7124 -0.0109
vn 0.3997 0.9082 0.1242
vn 0.6439 0.6746 0.3609
vn -0.0019 -0.9794 -0.2018
vn 0.4240 0.7997 0.4252
vn 0.1173 -0.1453 -0.9824
vn -0.4865 -0.7120 0.5063
vn -0.0038 0.7048 -0.7094
vn 0.0226 0.6630 -0.7483
vn -0.2514 -0.8931 0.3731
vn -0.4866 -0.7120 0.5063
vn 0.1355 0.9718 -0.1932
vn 0.4487 0.8753 0.1803
vn 0.0038 0.9967 0.0808
vn 0.3404 -0.9401 -0.0153
vn 0.5023 0.8624 0.0633
vn 0.3417 -0.8127 0.4720
vn 0.8624 -0.2019 0.4643
vn 0.8337 -0.0979 0.5434
vn 0.9202 -0.3893 0.0415
vn 0.9970 -0.0151 -0.0764
vn -0.6270 -0.0901 0.7738
vn 0.8743 0.4779 0.0851
vn 0.5935 0.7945 -0.1286
vn 0.4112 0.2112 -0.8867
vn -0.5927 -0.8055 0.0022
vn -0.0094 -0.5598 0.8286
vn 0.8056 -0.5732 0.1502
vn 0.4476 0.8910 -0.0764
vn 0.3354 -0.4706 0.8161
vn 0.7324 -0.6737 0.0982
vn 0.4113 0.2112 -0.8867
vn 0.7451 -0.2234 -0.6284
vn 0.8244 0.3737 -0.4251
vn 0.6811 0.6917 -0.2401
vn 0.5170 0.8124 -0.2697
vn -0.5927 -0.8054 0.0021
vn 0.4721 0.7371 -0.4835
vn -0.8912 0.0301 -0.4527
vn 0.8418 0.1872 0.5063
vn 0.2380 -0.6399 0.7306
vn -0.8912 0.0302 -0.4526
vn 0.4634 0.2262 -0.8568
vn -0.0320 -0.9441 0.3281
vn -0.0170 -0.9978 -0.0633
vn -0.3456 -0.9192 0.1889
vn -0.1430 -0.9747 -0.1717
vn -0.0207 -0.8954 -0.4448
vn -0.0170 -0.9979 -0.0633
vn -0.1429 -0.9747 -0.1718
vn 0.2109 -0.7711 -0.6008
vn -0.0170 -0.9978 -0.0634
vn -0.4824 -0.8606 0.1631
vn -0.2912 -0.8792 0.3772
vn -0.4823 -0.8607 0.1632
vn 0.1876 -0.9769 0.1025
vn 0.0792 -0.9509 -0.2990
vn -0.0132 -0.9050 -0.4251
vn 0.2620 -0.8308 -0.4911
vn 0.2108 -0.7711 -0.6008
vn 0.3059 -0.6781 -0.6682
vn -0.0320 -0.9441 0.3280
vn -0.1672 0.9023 -0.3973
vn -0.1316 -0.8859 0.4448
vn -0.1430 -0.9747 -0.1716
vn 0.0038 -0.7078 0.7064
vn -0.1672 0.9024 -0.3972
vn 0.3292 -0.4749 0.8161
vn 0.3487 -0.7421 0.5725
vn -0.1671 0.9023 -0.3973
vn 0.2281 -0.9266 -0.2990
vn -0.0207 -0.8954 -0.4449
vn -0.0208 -0.8954 -0.4448
vn 0.2281 -0.9266 -0.2991
vn 0.2620 -0.8307 -0.4911
vn -0.1672 0.9023 -0.3974
vn 0.5772 -0.6771 0.4565
vn 0.4668 -0.8487 -0.2485
vn -0.0538 -0.0631 -0.9966
vn 0.4667 -0.8487 -0.2486
vn -0.1673 0.9023 -0.3972
vn -0.3078 -0.5180 -0.7981
vn -0.3123 -0.8415 -0.4409
vn -0.6778 -0.5764 -0.4565
vn 0.5665 -0.6413 -0.5175
vn 0.5666 -0.6412 -0.5175
vn 0.2620 -0.8307 -0.4912
vn 0.0980 -0.9321 0.3486
vn 0.1876 -0.9769 0.1024
vn -0.0037 0.7048 -0.7094
vn -0.0226 0.6630 -0.7483
vn -0.0867 0.9790 -0.1846
vn -0.4355 0.7392 -0.5138
vn -0.1673 0.9023 -0.3973
vn -0.5966 0.7922 -0.1285
vn -0.5732 -0.0341 -0.8187
vn -0.4454 0.8770 0.1803
vn 0.0037 0.9967 0.0807
vn -0.3455 -0.9192 0.1889
vn -0.7484 0.0453 -0.6617
vn -0.7483 0.0452 -0.6618
vn -0.4823 -0.8607 0.1631
vn -0.9927 0.1130 -0.0415
vn -0.4824 -0.8607 0.1631
vn -0.4651 0.2228 -0.8568
vn -0.2911 -0.8792 0.3772
vn -0.1297 -0.9067 0.4012
vn -0.1672 0.9023 -0.3972
vn -0.2912 -0.8792 0.3771
vn -0.8411 -0.2642 -0.4720
vn 0.2534 -0.7118 0.6551
vn -0.5352 0.4633 0.7063
vn -0.8228 0.3771 -0.4251
vn -0.8883 0.4410 0.1285
vn -0.5067 0.3569 0.7847
vn -0.8333 -0.1016 0.5435
vn -0.2818 -0.4880 -0.8261
vn -0.9970 -0.0151 -0.0764
vn -0.7441 -0.2271 -0.6284
vn 0.8918 -0.3959 -0.2189
vn 0.8456 -0.0377 0.5324
vn 0.7783 -0.0603 0.6249
vn 0.5872 -0.7363 -0.3363
vn -0.2817 -0.4880 -0.8261
vn -0.9202 -0.3893 0.0415
vn -0.8078 -0.5700 0.1502
vn -0.8411 -0.2642 -0.4721
vn -0.3354 -0.4706 0.8161
vn 0.2535 -0.7117 0.6552
vn -0.7324 -0.6737 0.0981
vn -0.0792 -0.9510 -0.2990
vn 0.1315 -0.8859 0.4448
vn -0.3292 -0.4749 0.8161
vn -0.3453 -0.7437 0.5724
vn -0.5067 0.3570 0.7848
vn 0.4212 -0.4452 -0.7902
vn 0.8724 -0.0377 0.4873
vn 0.4185 -0.3719 0.8286
vn 0.7119 -0.4706 -0.5213
vn 0.0622 -0.9644 0.2571
vn 0.6278 -0.7077 0.3239
vn -0.3417 -0.8127 0.4720
vn -0.3445 -0.4459 -0.8261
vn 0.0565 -0.9177 0.3932
vn -0.3445 -0.4459 -0.8262
vn 0.6247 -0.4398 -0.6452
vn 0.8182 0.4078 0.4053
vn 0.5392 0.4952 -0.6812
vn 0.5242 0.8350 0.1674
vn 0.8264 0.0980 -0.5545
vn 0.8897 0.0075 0.4565
vn 0.2301 -0.1811 0.9562
vn 0.1150 0.3782 0.9186
vn 0.0037 -0.7079 0.7063
vn -0.0000 -0.1047 0.9945
vn -0.1467 0.9429 0.2990
vn -0.0170 0.8070 -0.5903
vn 0.0038 -0.7079 0.7063
vn -0.0000 -0.1046 0.9945
vn 0.3417 -0.8127 0.4719
vn 0.8337 -0.0978 0.5435
vn -0.7601 -0.5634 0.3239
vn -0.5169 -0.6300 0.5796
vn 0.8869 -0.4576 -0.0632
vn 0.5592 0.3047 -0.7710
vn 0.7393 0.6619 -0.1242
vn 0.0811 0.9803 0.1803
vn -0.4936 0.6640 -0.5616
vn -0.4949 0.4563 0.7395
vn -0.9458 0.2756 -0.1718
vn 0.6748 -0.0454 -0.7366
vn 0.4960 -0.0679 -0.8656
vn 0.6278 -0.7078 0.3240
vn 0.1295 0.7296 0.6715
vn -0.0302 0.9993 -0.0197
vn 0.9466 -0.3191 -0.0458
vn 0.0359 0.6188 -0.7847
vn 0.0565 -0.9177 0.3933
vn -0.7600 -0.5634 0.3240
vn -0.0355 0.2567 0.9658
vn 0.3711 -0.3844 0.8453
vn 0.0509 0.9296 0.3649
vn -0.3979 0.9101 0.1155
vn -0.1824 0.6344 0.7512
vn 0.3634 0.0747 0.9286
vn 0.3762 0.4839 0.7901
vn -0.9895 0.0566 -0.1329
vn -0.5953 0.2532 0.7626
vn -0.1772 -0.2171 0.9599
vn -0.7903 0.3997 0.4643
vn 0.6554 -0.4668 0.5938
vn -0.6334 0.6734 0.3812
vn -0.2605 -0.1670 0.9509
vn -0.2081 -0.9748 -0.0807
vn 0.8436 0.1128 0.5250
vn -0.4801 -0.0939 -0.8722
vn -0.7292 0.5839 -0.3568
vn -0.0453 0.9895 -0.1372
vn -0.0302 0.9994 -0.0196
vn -0.5024 0.8550 -0.1286
vn 0.4769 -0.6879 0.5471
vn -0.6032 -0.7789 -0.1717
vn -0.9714 -0.2024 -0.1242
vn -0.0695 -0.4453 -0.8927
vn 0.9787 0.0979 0.1804
vn 0.7933 -0.4682 -0.3892
vn -0.4802 -0.0938 -0.8721
vn 0.6486 -0.7581 -0.0677
vn -0.2080 -0.9748 -0.0807
vn 0.4212 -0.4452 -0.7901
vn 0.4186 -0.3720 0.8285
vn -0.3991 -0.7517 -0.5250
vn -0.2202 0.8681 0.4448
vn 0.0510 0.9296 0.3650
vn -0.2386 0.4985 0.8334
vn -0.3834 0.2786 0.8806
vn -0.2044 -0.0841 0.9753
vn -0.0345 -0.0268 0.9990
vn -0.0356 0.2567 0.9658
vn 0.8869 -0.4576 -0.0634
vn 0.9466 -0.3191 -0.0459
vn 0.6749 -0.0453 -0.7365
vn 0.4960 -0.0678 -0.8657
vn -0.9125 0.1129 0.3933
vn -0.8139 -0.2490 0.5250
vn -0.7159 -0.4047 -0.5689
vn 0.8724 -0.0377 0.4874
vn 0.7119 -0.4705 -0.5213
vn 0.4769 -0.6878 0.5472
vn 0.7933 -0.4681 -0.3894
vn 0.0233 0.0260 0.9994
vn -0.8886 -0.4543 -0.0634
vn -0.3711 -0.3844 0.8453
vn -0.9478 -0.3155 -0.0459
vn -0.3601 0.0894 0.9286
vn -0.6698 -0.0113 -0.7424
vn -0.5095 0.5002 0.7001
vn -0.4787 -0.0528 -0.8764
vn -0.0867 0.7240 -0.6844
vn -0.5024 0.8550 -0.1285
vn -0.9391 0.3151 0.1372
vn -0.0774 -0.0944 0.9925
vn -0.7344 -0.6771 -0.0459
vn -0.5605 -0.6018 0.5689
vn 0.0359 0.6188 -0.7848
vn -0.0302 0.9994 -0.0197
vn -0.8019 -0.0113 -0.5973
vn -0.7452 0.6253 0.2316
vn -0.5369 0.4889 -0.6875
vn -0.9413 0.3043 0.1458
vn 0.2382 -0.1629 0.9575
vn -0.8395 -0.3911 -0.3771
vn -0.7292 0.5839 -0.3569
vn 0.4277 0.5156 0.7424
vn -0.3601 0.0893 0.9286
vn 0.9624 0.2172 -0.1632
vn -0.5499 0.8216 0.1502
vn -0.1206 0.9927 0.0022
vn -0.5610 0.3013 -0.7710
vn 0.4936 0.6640 -0.5617
vn -0.6698 -0.0113 -0.7425
vn -0.3909 -0.8378 0.3811
vn -0.2044 -0.0842 0.9753
vn 0.9920 -0.0603 -0.1112
vn 0.6077 0.2216 0.7626
vn -0.9413 0.3043 0.1459
vn 0.9303 -0.3613 -0.0633
vn 0.2382 -0.1628 0.9575
vn -0.0773 -0.0945 0.9925
vn 0.0871 0.0497 0.9950
vn -0.4212 0.4997 0.7569
vn 0.9439 -0.3190 -0.0851
vn 0.9303 -0.3614 -0.0634
vn 0.5151 -0.8493 -0.1155
vn -0.3909 -0.8378 0.3812
vn -0.7384 -0.6721 -0.0550
vn -0.2043 -0.0842 0.9753
vn 0.0377 -0.4992 -0.8657
vn -0.2385 0.4985 0.8334
vn -0.2203 0.8681 0.4449
vn -0.9391 0.3150 0.1372
vn -0.3755 -0.7057 -0.6008
vn 0.9100 0.1430 -0.3893
vn 0.4889 -0.6735 0.5544
vn 0.6278 -0.7078 0.3239
vn 0.0623 -0.9644 0.2570
vn -0.1726 0.9358 0.3073
vn -0.1602 0.5808 0.7981
vn -0.0131 0.1431 0.9896
vn -0.3754 -0.7058 -0.6008
vn 0.9100 0.1430 -0.3892
vn -0.8886 -0.4543 -0.0633
vn -0.9478 -0.3155 -0.0458
vn -0.6371 0.7678 -0.0677
vn 0.2451 0.7691 0.5902
vn 0.5645 0.7443 -0.3569
vn 0.7970 0.2308 0.5581
vn 0.7011 0.1351 -0.7001
vn 0.9386 0.0151 -0.3446
vn -0.6372 0.7678 -0.0676
vn 0.5267 0.0151 0.8499
vn 0.4372 -0.8930 0.1068
vn 0.4136 -0.9025 0.1199
vn 0.2753 0.5795 0.7671
vn -0.2363 0.9620 0.1366
vn -0.4978 0.7668 -0.4053
vn 0.6358 0.0752 0.7682
vn -0.4011 -0.2933 -0.8678
vn -0.4124 -0.3033 -0.8590
vn 0.4137 -0.9025 0.1199
vn 0.4372 -0.8930 0.1069
vn -0.5747 -0.6602 -0.4835
vn -0.2768 0.7151 -0.6419
vn 0.6025 -0.5811 -0.5471
vn 0.9859 -0.0377 -0.1632
vn -0.5266 0.0151 0.8500
vn -0.4136 -0.9025 0.1198
vn -0.4372 -0.8930 0.1068
vn 0.9549 0.1801 0.2359
vn -0.4890 0.8621 0.1328
vn 0.6581 0.4148 0.6284
vn -0.4602 0.6816 0.5689
vn 0.2293 0.0075 0.9733
vn -0.5187 -0.0677 0.8523
vn 0.4403 -0.6797 0.5867
vn -0.9136 -0.2754 0.2990
vn 0.3941 -0.8860 0.2443
vn -0.9758 -0.2172 -0.0241
vn -0.2734 0.5788 0.7683
vn -0.5748 -0.6602 -0.4835
vn 0.6024 -0.5811 -0.5471
vn 0.2335 0.9626 0.1372
vn 0.4947 0.7688 -0.4053
vn 0.3988 -0.2963 -0.8678
vn 0.4124 -0.3033 -0.8590
vn -0.5188 -0.0676 0.8522
vn -0.9136 -0.2755 0.2990
vn -0.4136 -0.9025 0.1199
vn -0.4890 0.8621 0.1329
vn -0.9758 -0.2172 -0.0240
vn -0.4372 -0.8930 0.1069
vn -0.8769 0.4402 0.1932
vn -0.0980 0.9567 -0.2740
vn -0.4060 0.1192 -0.9061
vn -0.8076 -0.5736 -0.1372
vn 0.3469 -0.4161 0.8406
vn -0.8076 -0.5736 -0.1373
vn 0.2294 0.0074 0.9733
vn 0.4402 -0.6796 0.5868
vn 0.6581 0.4148 0.6283
vn 0.3940 -0.8860 0.2444
vn 0.9109 -0.3753 0.1717
vn 0.9175 -0.3683 0.1502
vn 0.9264 -0.3471 0.1457
vn 0.9859 -0.0377 -0.1631
vn -0.0981 0.9567 -0.2739
vn -0.8768 0.4403 0.1932
vn -0.8075 -0.5737 -0.1372
vn 0.8785 0.4368 0.1933
vn 0.4060 0.1192 -0.9061
vn 0.0980 0.9568 -0.2738
vn 0.8075 -0.5737 -0.1373
vn 0.6024 -0.5811 -0.5472
vn 0.8075 -0.5736 -0.1372
vn -0.3469 -0.4160 0.8406
vn 0.0980 0.9567 -0.2739
vn -0.3468 -0.4160 0.8406
vn 0.8075 -0.5737 -0.1372
vn 0.8786 0.4368 0.1932
vn -0.3469 -0.4159 0.8406
vn 0.9189 -0.3612 0.1588
vn 0.9180 -0.3614 0.1631
vn 0.9208 -0.3543 0.1631
vn 0.9201 -0.3541 0.1674
vn -0.9347 -0.3295 0.1329
vn -0.9348 -0.3295 0.1329
vn -0.9326 -0.3261 0.1546
vn -0.9326 -0.3262 0.1545
vn -0.9326 -0.3261 0.1545
vn -0.9326 -0.3260 0.1545
vn 0.9235 -0.3473 0.1631
vn 0.9269 -0.3401 0.1588
vn 0.9360 -0.3260 0.1329
vn 0.9360 -0.3259 0.1329
vn 0.9327 -0.3260 0.1545
vn 0.9326 -0.3261 0.1545
vn 0.9326 -0.3260 0.1545
vn 0.9283 -0.3472 0.1329
vn 0.9244 -0.3543 0.1415
vn 0.9230 -0.3542 0.1502
vn 0.9234 -0.3616 0.1285
vn 0.9224 -0.3611 0.1372
vn 0.9256 -0.3543 0.1329
vn 0.9257 -0.3615 0.1112
vn -0.9248 -0.3581 0.1286
vn -0.9243 -0.3578 0.1329
vn -0.9237 -0.3576 0.1372
vn 0.9222 -0.3544 0.1545
vn -0.9221 -0.3651 0.1285
vn -0.9243 -0.3650 0.1112
vn -0.8237 -0.5648 -0.0502
vn -0.3959 0.8968 -0.1975
vn -0.5173 -0.5467 -0.6584
vn -0.4915 0.3720 0.7874
vn 0.6371 0.7678 -0.0677
vn -0.5615 0.7466 -0.3568
vn -0.2451 0.7691 0.5902
vn -0.7981 0.2272 0.5581
vn -0.7011 0.1351 -0.7001
vn -0.9387 0.0113 -0.3446
vn 0.0829 -0.8606 0.5025
vn 0.9384 0.1578 0.3073
vn 0.0393 0.0730 0.9966
vn 0.6372 0.7678 -0.0676
vn 0.7320 -0.1871 -0.6551
vn 0.7319 -0.1871 -0.6552
vn -0.6358 0.0752 0.7682
vn -0.8237 -0.5648 -0.0503
vn -0.5173 -0.5466 -0.6585
vn 0.5748 -0.6602 -0.4835
vn 0.2768 0.7152 -0.6418
vn 0.9758 -0.2172 -0.0240
vn 0.4857 0.8640 0.1329
vn 0.9136 -0.2754 0.2991
vn 0.4633 0.6795 0.5689
vn 0.5188 -0.0676 0.8522
vn -0.8237 -0.5649 -0.0502
vn 0.7702 0.2883 -0.5689
vn 0.7685 0.3863 -0.5100
vn -0.4322 -0.8943 -0.1155
vn -0.6113 0.2216 0.7598
vn -0.9857 -0.0415 -0.1632
vn -0.9556 0.1764 0.2359
vn 0.2768 0.7151 -0.6419
vn 0.4858 0.8639 0.1328
vn -0.6581 0.4148 0.6284
vn 0.4634 0.6795 0.5689
vn -0.2294 0.0075 0.9733
vn 0.5187 -0.0677 0.8523
vn -0.4434 -0.6776 0.5867
vn 0.9136 -0.2754 0.2990
vn -0.2719 -0.9297 0.2486
vn -0.7144 -0.5732 -0.4013
vn 0.7685 0.3863 -0.5101
vn -0.3334 -0.9428 0.0022
vn -0.3295 0.5907 -0.7366
vn 0.8916 -0.3325 -0.3074
vn 0.6396 -0.5717 0.5138
vn -0.1029 -0.5091 0.8545
vn 0.5993 0.4047 0.6907
vn -0.7318 0.0226 0.6811
vn -0.3293 0.5907 -0.7366
vn -0.7318 0.0227 0.6812
vn -0.3294 0.5908 -0.7365
vn -0.3333 -0.9428 0.0021
vn -0.9137 -0.3683 0.1717
vn -0.9238 -0.3541 0.1459
vn -0.9857 -0.0416 -0.1631
vn -0.9264 -0.3471 0.1457
vn -0.1030 -0.5092 0.8545
vn 0.8916 -0.3326 -0.3074
vn -0.3294 0.5906 -0.7366
vn 0.6397 -0.5717 0.5138
vn -0.9244 -0.3543 0.1415
vn -0.9244 -0.3507 0.1502
vn -0.9270 -0.3508 0.1329
vn -0.9214 -0.3506 0.1674
vn -0.9194 -0.3579 0.1631
vn -0.9189 -0.3612 0.1588
vn -0.9244 -0.3507 0.1501
vn -0.9222 -0.3544 0.1545
vn -0.9248 -0.3437 0.1631
vn -0.9269 -0.3400 0.1588
vn -0.9215 -0.3505 0.1674
vn 0.2108 0.5029 0.8382
vn 0.2092 0.5075 0.8358
vn 0.2092 0.5075 0.8359
vn 0.2092 0.5076 0.8358
vn 0.7801 0.4867 0.3933
vn 0.7535 0.4655 0.4643
vn 0.6744 0.3821 0.6318
vn 0.8283 0.5421 0.1415
vn 0.8327 0.5490 0.0720
vn 0.8255 0.5550 -0.1025
vn 0.3250 -0.2454 0.9133
vn 0.2957 -0.2241 0.9286
vn 0.0845 -0.2360 0.9681
vn -0.1570 -0.2219 0.9624
vn -0.3598 -0.2150 0.9079
vn -0.3841 -0.1957 0.9023
vn 0.0019 0.6267 -0.7793
vn 0.2042 0.6138 -0.7626
vn 0.1881 0.6327 -0.7512
vn -0.0019 0.6198 -0.7847
vn -0.2042 0.6138 -0.7626
vn -0.1917 0.6316 -0.7512
vn 0.2461 -0.2381 0.9395
vn 0.2410 -0.2317 0.9425
vn -0.0075 -0.2675 0.9635
vn 0.0206 -0.2414 0.9702
vn 0.3304 0.4246 0.8430
vn 0.1701 0.3875 0.9061
vn 0.1387 0.4123 0.9004
vn -0.2601 -0.2814 0.9237
vn -0.3208 -0.3221 0.8907
vn 0.4996 0.4837 0.7186
vn 0.6533 0.6040 0.4565
vn 0.6794 0.6434 0.3527
vn 0.7263 0.6849 -0.0590
vn -0.3076 -0.2216 0.9253
vn -0.0522 -0.2625 0.9635
vn -0.3002 -0.2181 0.9286
vn -0.0775 -0.2385 0.9681
vn 0.7160 0.6960 -0.0546
vn 0.1997 -0.2883 0.9365
vn 0.2614 -0.3278 0.9079
vn 0.6082 0.6175 -0.4987
vn 0.5043 0.6030 -0.6181
vn 0.1882 0.6327 -0.7512
vn -0.3853 -0.2261 0.8947
vn -0.1445 -0.2302 0.9624
vn -0.3565 -0.2051 0.9115
vn -0.5043 0.6030 -0.6181
vn -0.1918 0.6316 -0.7512
vn 0.0986 -0.2259 0.9691
vn 0.3054 -0.2247 0.9253
vn 0.3232 -0.2134 0.9220
vn -0.6055 0.6202 -0.4988
vn -0.7288 0.6821 -0.0590
vn -0.7186 0.6933 -0.0546
vn -0.6892 0.6865 0.2316
vn -0.4673 0.5937 0.6552
vn -0.0000 0.9461 0.3239
vn -0.4420 0.7051 0.5545
vn 0.1729 0.9706 -0.1674
vn -0.6932 0.6839 0.2274
vn 0.0132 0.4031 -0.9151
vn -0.4624 0.6152 0.6385
vn -0.1728 0.9699 -0.1717
vn -0.4731 0.5890 0.6552
vn 0.4360 0.7065 0.5575
vn 0.4643 0.5960 0.6552
vn -0.0803 0.4195 0.9042
vn -0.0526 0.4476 0.8927
vn 0.0804 0.4514 0.8887
vn 0.1702 0.3875 0.9060
vn 0.0935 0.4724 0.8764
vn -0.3595 0.8138 -0.4566
vn -0.0000 0.7696 -0.6385
vn -0.3193 0.8239 -0.4681
vn 0.0019 0.7321 -0.6812
vn 0.3228 0.8226 -0.4682
vn 0.3562 0.8131 -0.4604
vn -0.2446 -0.4540 -0.8568
vn -0.4242 -0.9056 -0.0065
vn -0.4846 -0.8746 -0.0153
vn -0.2245 -0.4643 -0.8568
vn -0.0170 0.3256 -0.9454
vn 0.0094 0.6600 -0.7512
vn -0.4672 0.5937 0.6552
vn -0.4420 0.7052 0.5545
vn -0.2657 0.8691 0.4172
vn -0.0885 0.9284 0.3609
vn 0.1449 0.9712 -0.1889
vn -0.3544 0.9345 -0.0327
vn -0.3826 0.9236 -0.0240
vn 0.2538 0.9519 0.1717
vn 0.2528 0.4580 0.8522
vn 0.3023 0.4360 0.8476
vn -0.1431 -0.4915 0.8590
vn 0.3563 0.8131 -0.4604
vn 0.3544 0.9345 -0.0328
vn 0.3229 0.8226 -0.4681
vn 0.3826 0.9236 -0.0241
vn -0.1374 -0.4814 0.8657
vn -0.4241 -0.9056 -0.0065
vn 0.2413 -0.4557 -0.8568
vn 0.4846 -0.8746 -0.0153
vn 0.4242 -0.9056 -0.0065
vn 0.2693 0.8680 0.4172
vn 0.4354 0.7064 0.5581
vn 0.0922 0.9280 0.3609
vn 0.2279 -0.4626 -0.8568
vn 0.3544 0.9345 -0.0327
vn 0.3826 0.9236 -0.0240
vn 0.0208 0.3254 -0.9454
vn 0.0151 0.6632 -0.7483
vn -0.0151 0.9999 0.0065
vn 0.0227 0.9997 0.0109
vn -0.3826 0.9236 -0.0241
vn -0.3544 0.9345 -0.0328
vn -0.3596 0.8138 -0.4565
vn -0.0226 0.5077 0.8613
vn -0.0132 0.5042 0.8635
vn 0.0996 -0.3018 0.9482
vn 0.2534 -0.6095 0.7512
vn 0.4241 -0.9056 -0.0065
vt 0.399576 0.856553
vt 0.399576 0.900746
vt 0.080200 0.770220
vt 0.070200 0.780130
vt 0.070333 0.770220
vt 0.080200 0.780130
vt 0.090333 0.780130
vt 0.090199 0.770220
vt 0.997630 0.004749
vt 0.997630 0.495245
vt 0.752378 0.004749
vt 0.752378 0.495245
vt 0.474196 0.760793
vt 0.486329 0.758739
vt 0.486329 0.761397
vt 0.474062 0.758134
vt 0.464729 0.758618
vt 0.452862 0.760431
vt 0.452596 0.757893
vt 0.464729 0.761156
vt 0.401912 0.899762
vt 0.401912 0.861366
vt 0.299264 0.739643
vt 0.287931 0.739643
vt 0.293531 0.744478
vt 0.293531 0.731304
vt 0.293531 0.729129
vt 0.301264 0.736743
vt 0.285931 0.736743
vt 0.253531 0.579511
vt 0.248998 0.584224
vt 0.251531 0.566700
vt 0.255131 0.529597
vt 0.258198 0.547001
vt 0.253398 0.542529
vt 0.285131 0.695652
vt 0.283131 0.709309
vt 0.280198 0.700486
vt 0.286331 0.707133
vt 0.715793 0.131501
vt 0.712327 0.146245
vt 0.734993 0.135248
vt 0.747660 0.151926
vt 0.747660 0.140082
vt 0.728460 0.135489
vt 0.735926 0.130534
vt 0.289664 0.708825
vt 0.728593 0.128842
vt 0.289797 0.700245
vt 0.294464 0.696136
vt 0.704060 0.131501
vt 0.700727 0.146245
vt 0.747660 0.189632
vt 0.294731 0.708221
vt 0.293131 0.715714
vt 0.286197 0.715714
vt 0.281798 0.681996
vt 0.293397 0.618305
vt 0.285797 0.682237
vt 0.747260 0.130534
vt 0.270331 0.618305
vt 0.281798 0.548934
vt 0.281798 0.618305
vt 0.713260 0.130534
vt 0.277931 0.682237
vt 0.724593 0.123404
vt 0.747260 0.130172
vt 0.747660 0.121228
vt 0.735926 0.130172
vt 0.729393 0.123525
vt 0.665394 0.126425
vt 0.665660 0.149750
vt 0.695793 0.185282
vt 0.747660 0.247280
vt 0.707127 0.185282
vt 0.696060 0.250422
vt 0.650594 0.239183
vt 0.674994 0.149750
vt 0.654194 0.168966
vt 0.674727 0.126425
vt 0.622594 0.149871
vt 0.301397 0.548209
vt 0.623127 0.124008
vt 0.281798 0.531410
vt 0.621794 0.089685
vt 0.680594 0.089202
vt 0.624861 0.037234
vt 0.262198 0.548209
vt 0.747660 0.036872
vt 0.747660 0.088839
vt 0.252198 0.666164
vt 0.265931 0.601748
vt 0.260198 0.601748
vt 0.273931 0.666164
vt 0.244598 0.736139
vt 0.281531 0.736139
vt 0.263131 0.753300
vt 0.425929 0.458172
vt 0.490462 0.469412
vt 0.459396 0.469412
vt 0.415663 0.469412
vt 0.374997 0.469412
vt 0.334330 0.469412
vt 0.285931 0.458172
vt 0.290597 0.469412
vt 0.259531 0.469412
vt 0.478996 0.472191
vt 0.490462 0.472191
vt 0.490462 0.496967
vt 0.478996 0.496967
vt 0.453262 0.472191
vt 0.453262 0.496967
vt 0.437529 0.496967
vt 0.670860 0.089202
vt 0.615661 0.089685
vt 0.437529 0.472191
vt 0.616861 0.124008
vt 0.421529 0.496967
vt 0.616328 0.149871
vt 0.421529 0.472191
vt 0.646061 0.168966
vt 0.642727 0.239183
vt 0.685394 0.250422
vt 0.391263 0.496967
vt 0.391263 0.472191
vt 0.374997 0.472191
vt 0.374997 0.496967
vt 0.271131 0.472191
vt 0.259531 0.496967
vt 0.259531 0.472191
vt 0.618461 0.037234
vt 0.271131 0.496967
vt 0.296731 0.472191
vt 0.296731 0.496967
vt 0.358730 0.496967
vt 0.602328 0.231690
vt 0.358730 0.472191
vt 0.651260 0.275923
vt 0.747660 0.299369
vt 0.328464 0.472191
vt 0.643394 0.275923
vt 0.328464 0.496967
vt 0.312464 0.472191
vt 0.312464 0.496967
vt 0.622994 0.124008
vt 0.593928 0.124008
vt 0.589928 0.197246
vt 0.577928 0.197488
vt 0.569395 0.193016
vt 0.574195 0.092948
vt 0.569928 0.045936
vt 0.390996 0.415510
vt 0.378063 0.446933
vt 0.378063 0.415510
vt 0.390996 0.446933
vt 0.406730 0.415510
vt 0.390996 0.393877
vt 0.378063 0.393877
vt 0.406730 0.393877
vt 0.502595 0.081346
vt 0.502595 0.055121
vt 0.423129 0.393877
vt 0.423129 0.415510
vt 0.455262 0.415510
vt 0.455262 0.393877
vt 1.083923 0.430617
vt 1.087389 0.429288
vt 1.084056 0.430980
vt 1.087389 0.429892
vt 1.091123 0.430255
vt 1.090856 0.430617
vt 0.476329 0.415510
vt 0.476329 0.393877
vt 0.489662 0.415510
vt 0.489662 0.393877
vt 1.082723 0.433518
vt 0.476329 0.446933
vt 0.489662 0.446933
vt 1.083256 0.433155
vt 1.084190 0.434122
vt 1.084056 0.434726
vt 1.087789 0.433518
vt 1.087923 0.434122
vt 1.091123 0.433155
vt 1.091256 0.433639
vt 0.455262 0.446933
vt 1.091923 0.432188
vt 1.091523 0.432067
vt 0.423129 0.446933
vt 0.406730 0.446933
vt 1.014190 0.068536
vt 1.014990 0.066360
vt 1.015123 0.069502
vt 1.018324 0.065273
vt 1.018590 0.068898
vt 1.021790 0.065998
vt 1.021923 0.068536
vt 1.022457 0.067448
vt 0.371797 0.415510
vt 0.358863 0.393877
vt 0.371797 0.393877
vt 0.358863 0.415510
vt 0.326730 0.446933
vt 0.343130 0.415510
vt 0.343130 0.446933
vt 0.294597 0.393877
vt 0.326730 0.393877
vt 0.326730 0.415510
vt 0.294597 0.415510
vt 0.273664 0.415510
vt 0.273664 0.393877
vt 0.358863 0.446933
vt 0.371797 0.446933
vt 0.343130 0.393877
vt 0.294597 0.446933
vt 0.273664 0.446933
vt 0.262064 0.446933
vt 1.092989 0.430255
vt 1.092989 0.431947
vt 1.083923 0.431101
vt 1.083923 0.433276
vt 0.262064 0.415510
vt 0.262064 0.393877
vt 0.242865 0.684654
vt 0.242865 0.707617
vt 0.235131 0.707617
vt 0.231931 0.685259
vt 0.242865 0.652144
vt 0.224465 0.660725
vt 0.242865 0.622293
vt 0.700727 0.478597
vt 0.700593 0.480893
vt 0.702327 0.480047
vt 0.210465 0.636796
vt 0.702193 0.482464
vt 0.705393 0.481860
vt 0.705393 0.484519
vt 0.708060 0.482706
vt 0.707927 0.485364
vt 0.242865 0.560415
vt 0.235131 0.539145
vt 0.242865 0.539145
vt 0.709260 0.485364
vt 0.709527 0.482827
vt 0.232065 0.559811
vt 0.712060 0.482585
vt 0.712060 0.485002
vt 0.242865 0.592563
vt 0.713260 0.484760
vt 0.713127 0.482222
vt 0.715393 0.482947
vt 0.715260 0.481135
vt 0.224731 0.583982
vt 0.715927 0.480530
vt 0.716060 0.481981
vt 0.716860 0.480893
vt 0.716860 0.479684
vt 0.210598 0.608516
vt 0.198065 0.607428
vt 0.198065 0.637279
vt 0.165932 0.582895
vt 0.165932 0.540233
vt 0.175399 0.527905
vt 0.703927 0.481135
vt 0.703927 0.483673
vt 0.181265 0.572138
vt 0.706327 0.485002
vt 0.706327 0.482343
vt 0.708727 0.482827
vt 0.708593 0.485364
vt 0.715527 0.480893
vt 0.715660 0.482585
vt 0.165932 0.661813
vt 0.181265 0.672569
vt 0.175399 0.718373
vt 0.165932 0.705321
vt 0.503529 0.055121
vt 0.566861 0.045936
vt 0.503529 0.081346
vt 0.570861 0.092948
vt 0.589394 0.124008
vt 0.616728 0.124008
vt 0.093533 0.714022
vt 0.087666 0.706287
vt 0.093533 0.706287
vt 0.585661 0.197246
vt 0.597261 0.231690
vt 0.574061 0.197246
vt 0.566328 0.193016
vt 0.087666 0.714022
vt 0.075933 0.707738
vt 0.066733 0.712814
vt 0.066733 0.707738
vt 0.075933 0.712814
vt 0.169532 0.878385
vt 0.173532 0.917542
vt 0.160865 0.904852
vt 0.180465 0.895425
vt 0.191132 0.870288
vt 0.185132 0.855302
vt 0.199532 0.863520
vt 0.197665 0.844908
vt 0.206998 0.863641
vt 0.206998 0.842370
vt 0.216332 0.844908
vt 0.214465 0.863520
vt 0.228865 0.855302
vt 0.222865 0.870288
vt 0.244465 0.878385
vt 0.233398 0.895425
vt 0.594194 0.413214
vt 0.599128 0.410797
vt 0.602194 0.414302
vt 0.240331 0.917542
vt 0.607928 0.409226
vt 0.608994 0.396294
vt 0.620061 0.409951
vt 0.617927 0.393515
vt 0.253131 0.904852
vt 0.141799 0.765990
vt 0.161132 0.733601
vt 0.137799 0.724899
vt 0.125399 0.719461
vt 0.121266 0.752937
vt 0.601794 0.390493
vt 0.026067 0.759343
vt 0.012200 0.731667
vt 0.000867 0.733601
vt 0.023133 0.725987
vt 0.041667 0.715714
vt 0.042467 0.752937
vt 0.613794 0.414060
vt 0.080466 0.761035
vt 0.043133 0.715714
vt 0.061666 0.725987
vt 0.072733 0.731546
vt 0.119666 0.719461
vt 0.627661 0.414060
vt 0.621394 0.409951
vt 0.633527 0.409226
vt 0.632461 0.396294
vt 0.642327 0.410797
vt 0.639661 0.390493
vt 0.107266 0.724295
vt 0.083800 0.732876
vt 0.122466 0.954524
vt 0.122466 0.961291
vt 0.119266 0.960204
vt 0.623527 0.393515
vt 0.115933 0.952348
vt 0.117532 0.943647
vt 0.120466 0.941109
vt 0.122999 0.936275
vt 0.639261 0.414302
vt 0.647261 0.413214
vt 0.124999 0.941592
vt 0.127399 0.943647
vt 0.128999 0.952348
vt 0.125666 0.960204
vt 0.711260 0.485364
vt 0.706860 0.485364
vt 0.711260 0.482343
vt 0.706860 0.482343
vt 0.095133 0.972652
vt 0.109666 0.971927
vt 0.106599 0.992351
vt 0.093133 0.992351
vt 0.081666 0.973498
vt 0.464462 0.368860
vt 0.464462 0.348073
vt 0.469396 0.368860
vt 0.470329 0.340338
vt 0.471529 0.331154
vt 0.473529 0.348073
vt 0.477929 0.348073
vt 0.473529 0.368860
vt 0.477929 0.368860
vt 0.374997 0.368860
vt 0.077666 0.992351
vt 0.065400 0.992351
vt 0.065800 0.970114
vt 0.057000 0.992351
vt 0.497529 0.368860
vt 0.489395 0.368860
vt 0.489395 0.348073
vt 0.477929 0.326682
vt 0.464462 0.326682
vt 0.458862 0.348073
vt 0.458862 0.368860
vt 0.057000 0.970235
vt 0.386063 0.368860
vt 0.381263 0.368860
vt 0.048333 0.970114
vt 0.386063 0.348073
vt 0.390863 0.368860
vt 0.048733 0.992351
vt 0.390863 0.348073
vt 0.391530 0.331154
vt 0.032467 0.973498
vt 0.036333 0.992351
vt 0.020867 0.992351
vt 0.019000 0.972652
vt 0.497529 0.348073
vt 0.497529 0.320881
vt 0.489395 0.320881
vt 0.497529 0.271330
vt 0.007534 0.992351
vt 0.004467 0.971927
vt 0.141799 0.918388
vt 0.144066 0.955732
vt 0.136066 0.962017
vt 0.129932 0.933253
vt 0.122599 0.933495
vt 0.144066 0.887691
vt 0.122599 0.828714
vt 0.101133 0.888416
vt 0.097933 0.825450
vt 0.103399 0.918388
vt 0.109133 0.962017
vt 0.101133 0.955732
vt 0.380997 0.339613
vt 0.386063 0.326682
vt 0.115266 0.933253
vt 0.374997 0.348073
vt 0.379930 0.368860
vt 0.379930 0.348073
vt 0.374997 0.320881
vt 0.147266 0.825450
vt 0.390596 0.271330
vt 0.374997 0.271330
vt 0.157399 0.877781
vt 0.401263 0.253685
vt 0.413530 0.271330
vt 0.425929 0.271330
vt 0.422196 0.322815
vt 0.428463 0.322815
vt 0.422196 0.339493
vt 0.426996 0.339493
vt 0.157532 0.820737
vt 0.417663 0.339493
vt 0.157532 0.790644
vt 0.417663 0.322815
vt 0.137799 0.781459
vt 0.123132 0.773966
vt 0.412996 0.318464
vt 0.408596 0.326682
vt 0.413663 0.321606
vt 0.122599 0.807685
vt 0.413263 0.326682
vt 0.408596 0.348073
vt 0.413263 0.348073
vt 0.413263 0.368860
vt 0.408596 0.368860
vt 0.122066 0.773966
vt 0.403796 0.368860
vt 0.107266 0.781459
vt 0.403796 0.348073
vt 0.083800 0.789919
vt 0.403130 0.331154
vt 0.397130 0.326682
vt 0.084333 0.820737
vt 0.072733 0.788590
vt 0.072866 0.888899
vt 0.063933 0.892646
vt 0.061933 0.815782
vt 0.397130 0.348073
vt 0.065933 0.923222
vt 0.086199 0.874759
vt 0.453129 0.271330
vt 0.061666 0.783030
vt 0.042467 0.772516
vt 0.428996 0.339493
vt 0.428996 0.322815
vt 0.042467 0.809981
vt 0.042333 0.890108
vt 0.042467 0.932165
vt 0.414996 0.339493
vt 0.051800 0.943647
vt 0.063133 0.957908
vt 0.057666 0.964434
vt 0.004600 0.820737
vt 0.012867 0.888899
vt 0.004600 0.879231
vt 0.392196 0.348073
vt 0.392196 0.368860
vt 0.397130 0.368860
vt 0.448996 0.368860
vt 0.443796 0.368860
vt 0.033000 0.943647
vt 0.027133 0.964434
vt 0.021667 0.957908
vt 0.443796 0.348073
vt 0.448996 0.348073
vt 0.441929 0.331879
vt 0.018867 0.923222
vt 0.020867 0.892646
vt 0.402596 0.348073
vt 0.402596 0.368860
vt 0.023000 0.815782
vt 0.023133 0.783030
vt 0.454196 0.368860
vt 0.454196 0.348073
vt 0.012200 0.788711
vt 0.456596 0.331879
vt 0.448996 0.326682
vt 0.468996 0.271330
vt 0.473529 0.253685
vt 0.004600 0.790644
vt 0.412596 0.529477
vt 0.405263 0.529477
vt 0.405263 0.504218
vt 0.418596 0.504701
vt 0.435796 0.326682
vt 0.423529 0.529477
vt 0.435796 0.348073
vt 0.440063 0.348073
vt 0.435796 0.368860
vt 0.440063 0.368860
vt 0.431929 0.506514
vt 0.440863 0.506514
vt 0.447929 0.548813
vt 0.447929 0.506514
vt 0.455129 0.506514
vt 0.471396 0.529477
vt 0.463929 0.506514
vt 0.477262 0.504701
vt 0.431796 0.326682
vt 0.482462 0.529477
vt 0.490995 0.504218
vt 0.490995 0.529477
vt 0.490462 0.540958
vt 0.493662 0.546517
vt 0.491795 0.551714
vt 0.483929 0.556065
vt 0.431796 0.368860
vt 0.482729 0.538782
vt 0.431796 0.348073
vt 0.472729 0.554252
vt 0.471662 0.541683
vt 0.465662 0.548572
vt 0.424463 0.566942
vt 0.416996 0.705804
vt 0.416996 0.566942
vt 0.459662 0.708221
vt 0.436196 0.705804
vt 0.447929 0.705804
vt 0.302331 0.034696
vt 0.298197 0.039772
vt 0.298197 0.029499
vt 0.294064 0.034696
vt 0.471396 0.566942
vt 0.459529 0.705804
vt 0.447929 0.576610
vt 0.482729 0.705804
vt 0.482729 0.566942
vt 0.406463 0.705804
vt 0.406463 0.566942
vt 0.312064 0.240150
vt 0.300864 0.232778
vt 0.323664 0.232778
vt 0.312064 0.225405
vt 0.417529 0.708221
vt 0.311131 0.006779
vt 0.320997 0.006537
vt 0.296864 0.144674
vt 0.308864 0.153013
vt 0.294064 0.192049
vt 0.252331 0.216946
vt 0.276731 0.205464
vt 0.269531 0.239787
vt 0.257131 0.231569
vt 0.492595 0.705804
vt 0.281664 0.247643
vt 0.307397 0.200509
vt 0.492595 0.566942
vt 0.318064 0.219604
vt 0.328997 0.153376
vt 0.328597 0.218879
vt 0.387396 0.529477
vt 0.395130 0.504218
vt 0.395130 0.529477
vt 0.339264 0.219725
vt 0.349130 0.153497
vt 0.350330 0.200751
vt 0.381397 0.504701
vt 0.363797 0.192412
vt 0.376463 0.529477
vt 0.361130 0.144674
vt 0.340997 0.006779
vt 0.350597 0.007383
vt 0.367930 0.506514
vt 0.359130 0.506514
vt 0.352063 0.548813
vt 0.352063 0.506514
vt 0.330864 0.006537
vt 0.344864 0.506514
vt 0.328464 0.529477
vt 0.336064 0.506514
vt 0.322730 0.504701
vt 0.317531 0.529477
vt 0.308597 0.220692
vt 0.311131 0.504218
vt 0.311131 0.529477
vt 0.394730 0.705804
vt 0.383663 0.708221
vt 0.384330 0.705804
vt 0.363797 0.705804
vt 0.340330 0.708221
vt 0.348864 0.220813
vt 0.352063 0.705804
vt 0.352063 0.576610
vt 0.375530 0.566942
vt 0.404730 0.217671
vt 0.380730 0.206189
vt 0.387396 0.239908
vt 0.399796 0.231811
vt 0.384330 0.566942
vt 0.394730 0.566942
vt 0.205532 0.684654
vt 0.189132 0.687072
vt 0.195532 0.706287
vt 0.374997 0.247643
vt 0.213798 0.705804
vt 0.221131 0.685863
vt 0.215265 0.664955
vt 0.196332 0.663988
vt 0.340864 0.225889
vt 0.347797 0.233140
vt 0.332597 0.233140
vt 0.340864 0.240512
vt 0.340464 0.705804
vt 0.328464 0.566942
vt 0.255264 0.331154
vt 0.260598 0.331154
vt 0.255264 0.368860
vt 0.260598 0.368860
vt 0.272064 0.368860
vt 0.272064 0.326682
vt 0.255264 0.271330
vt 0.296864 0.271330
vt 0.273798 0.253685
vt 0.317264 0.705804
vt 0.317264 0.566942
vt 0.307397 0.705804
vt 0.307397 0.566942
vt 0.309531 0.540958
vt 0.308197 0.551714
vt 0.306331 0.546517
vt 0.316064 0.556065
vt 0.276464 0.368860
vt 0.278598 0.331879
vt 0.317264 0.538782
vt 0.285531 0.326682
vt 0.327264 0.554252
vt 0.328330 0.541683
vt 0.334197 0.548572
vt 0.484862 0.949327
vt 0.495529 0.810827
vt 0.495529 0.949327
vt 0.285531 0.368860
vt 0.484862 0.810827
vt 0.280598 0.368860
vt 0.475529 0.810827
vt 0.363930 0.368860
vt 0.359130 0.368860
vt 0.475529 0.949327
vt 0.358463 0.331154
vt 0.227798 0.718736
vt 0.232865 0.741215
vt 0.233531 0.724537
vt 0.363930 0.331154
vt 0.368730 0.368860
vt 0.226331 0.745324
vt 0.369397 0.331154
vt 0.374997 0.331154
vt 0.220731 0.724295
vt 0.370063 0.368860
vt 0.220731 0.740610
vt 0.152199 0.605132
vt 0.104999 0.605011
vt 0.159932 0.594013
vt 0.159932 0.618547
vt 0.152199 0.618547
vt 0.359397 0.271330
vt 0.152199 0.634862
vt 0.159932 0.648398
vt 0.346864 0.253685
vt 0.332330 0.271330
vt 0.104999 0.632082
vt 0.084466 0.670877
vt 0.159932 0.720790
vt 0.084466 0.680183
vt 0.159932 0.693960
vt 0.084466 0.635829
vt 0.334997 0.339493
vt 0.332330 0.330670
vt 0.334997 0.330670
vt 0.338864 0.313992
vt 0.327797 0.317497
vt 0.325664 0.311938
vt 0.084466 0.618547
vt 0.104999 0.618547
vt 0.084466 0.598847
vt 0.336597 0.323056
vt 0.341397 0.331154
vt 0.336730 0.368860
vt 0.341397 0.368860
vt 0.314197 0.368860
vt 0.309931 0.368860
vt 0.308064 0.331879
vt 0.084466 0.559207
vt 0.314197 0.326682
vt 0.318197 0.368860
vt 0.322330 0.313509
vt 0.159932 0.547605
vt 0.320997 0.330670
vt 0.322997 0.339493
vt 0.320997 0.339493
vt 0.084466 0.547726
vt 0.332330 0.339493
vt 0.327797 0.339493
vt 0.159932 0.512315
vt 0.187132 0.742061
vt 0.181399 0.737468
vt 0.181399 0.721153
vt 0.188465 0.715472
vt 0.193665 0.738072
vt 0.194332 0.721394
vt 0.004067 0.618547
vt 0.011934 0.634862
vt 0.004067 0.648519
vt 0.011934 0.618547
vt 0.011934 0.605132
vt 0.004067 0.594255
vt 0.301131 0.326682
vt 0.301131 0.368860
vt 0.306197 0.368860
vt 0.004067 0.547363
vt 0.079533 0.598847
vt 0.079533 0.559207
vt 0.004067 0.512436
vt 0.079533 0.547726
vt 0.293531 0.331879
vt 0.291131 0.368860
vt 0.206865 0.558361
vt 0.215132 0.579511
vt 0.196865 0.579994
vt 0.190598 0.560778
vt 0.197665 0.537574
vt 0.216598 0.538662
vt 0.222465 0.559569
vt 0.295797 0.368860
vt 0.352863 0.368860
vt 0.347397 0.368860
vt 0.059000 0.605011
vt 0.346864 0.331154
vt 0.352863 0.331154
vt 0.079533 0.618547
vt 0.059000 0.618547
vt 0.357797 0.368860
vt 0.079533 0.635829
vt 0.059000 0.632082
vt 0.346197 0.368860
vt 0.079533 0.670877
vt 0.004067 0.694323
vt 0.079533 0.680183
vt 0.004067 0.720428
vt 0.513262 0.657945
vt 0.530995 0.656374
vt 0.507929 0.610329
vt 0.534328 0.612987
vt 0.539928 0.580719
vt 0.556995 0.601264
vt 0.239398 0.980024
vt 0.209932 0.965401
vt 0.239398 0.965401
vt 0.209932 0.980024
vt 0.209932 0.980749
vt 0.239398 0.980749
vt 0.515129 0.559207
vt 0.274464 0.980749
vt 0.274464 0.980024
vt 0.274464 0.965401
vt 0.542062 0.708825
vt 0.549662 0.698915
vt 0.239398 0.994164
vt 0.274464 0.994164
vt 0.582061 0.716681
vt 0.588194 0.736622
vt 0.611128 0.715835
vt 0.631661 0.747741
vt 0.209932 0.994164
vt 0.169532 0.980749
vt 0.637927 0.585916
vt 0.610861 0.599089
vt 0.637927 0.631236
vt 0.575528 0.602473
vt 0.586728 0.641872
vt 0.169532 0.980024
vt 0.598861 0.664834
vt 0.588861 0.687192
vt 0.169532 0.965401
vt 0.134199 0.965401
vt 0.134199 0.980024
vt 0.574728 0.576731
vt 0.134199 0.980749
vt 0.582861 0.545309
vt 0.563795 0.564404
vt 0.169532 0.994164
vt 0.565528 0.634983
vt 0.576195 0.662296
vt 0.580061 0.669910
vt 0.584994 0.687434
vt 0.134199 0.994164
vt 0.564595 0.688280
vt 0.115933 0.994164
vt 0.115666 0.980749
vt 0.115666 0.980024
vt 0.115666 0.965401
vt 0.551661 0.661692
vt 0.361130 0.719823
vt 0.362330 0.755717
vt 0.366463 0.719823
vt 0.341130 0.719823
vt 0.321130 0.719823
vt 0.328197 0.755717
vt 0.309664 0.719823
vt 0.273664 0.800434
vt 0.290331 0.764540
vt 0.275264 0.764540
vt 0.310331 0.764540
vt 0.303931 0.800434
vt 0.330330 0.764540
vt 0.544862 0.562349
vt 0.333930 0.800434
vt 0.350330 0.764540
vt 0.366597 0.800434
vt 0.360330 0.764540
vt 0.383130 0.764540
vt 0.462862 0.910532
vt 0.469262 0.900622
vt 0.469262 0.974465
vt 0.548328 0.541804
vt 0.434729 0.910532
vt 0.531262 0.524159
vt 0.455262 0.974465
vt 0.564995 0.548088
vt 0.555528 0.556306
vt 0.433796 0.974465
vt 0.419929 0.910532
vt 0.428196 0.900622
vt 0.395130 0.910532
vt 0.412196 0.974465
vt 0.308597 0.910532
vt 0.304464 0.974465
vt 0.290464 0.910532
vt 0.326064 0.974465
vt 0.333664 0.910532
vt 0.780459 0.658308
vt 0.786059 0.610329
vt 0.762993 0.656253
vt 0.351797 0.910532
vt 0.347530 0.974465
vt 0.758993 0.612867
vt 0.753926 0.580719
vt 0.736860 0.601264
vt 0.343264 0.900622
vt 0.376597 0.910532
vt 0.368997 0.974465
vt 0.390596 0.974465
vt 0.386063 0.900622
vt 0.778726 0.559449
vt 0.453129 0.824000
vt 0.463929 0.815057
vt 0.463129 0.824000
vt 0.457529 0.887933
vt 0.443663 0.824000
vt 0.418863 0.824000
vt 0.751660 0.709309
vt 0.744460 0.698915
vt 0.711927 0.716681
vt 0.729393 0.688280
vt 0.436063 0.887933
vt 0.704993 0.687192
vt 0.270464 0.824000
vt 0.264598 0.887933
vt 0.259664 0.824000
vt 0.682860 0.715835
vt 0.705793 0.736622
vt 0.662327 0.747741
vt 0.276331 0.823879
vt 0.285264 0.887933
vt 0.292864 0.824000
vt 0.310997 0.824000
vt 0.306731 0.887933
vt 0.302464 0.815057
vt 0.336064 0.824000
vt 0.328330 0.887933
vt 0.376463 0.824000
vt 0.355530 0.887933
vt 0.356330 0.815057
vt 0.742326 0.661692
vt 0.400730 0.824000
vt 0.393130 0.887933
vt 0.414596 0.887933
vt 0.410330 0.815057
vt 0.923391 0.612987
vt 0.900858 0.633291
vt 0.900991 0.609241
vt 0.717793 0.662175
vt 0.694993 0.664713
vt 0.893658 0.563195
vt 0.655927 0.631236
vt 0.936858 0.540958
vt 0.707260 0.641872
vt 0.728460 0.634983
vt 0.948458 0.539024
vt 0.973657 0.552197
vt 0.972191 0.592925
vt 0.964591 0.595826
vt 0.718460 0.602473
vt 0.719260 0.576731
vt 0.683127 0.599089
vt 0.956991 0.599210
vt 0.711127 0.545309
vt 0.976057 0.612987
vt 0.730060 0.564404
vt 0.748860 0.562349
vt 0.745660 0.541804
vt 0.762726 0.524038
vt 0.728860 0.548088
vt 0.980057 0.594738
vt 0.738326 0.556306
vt 0.980991 0.555823
vt 0.817526 0.744357
vt 0.784593 0.680545
vt 0.801259 0.630632
vt 0.772593 0.709551
vt 0.760193 0.727800
vt 0.745660 0.737226
vt 0.655927 0.585916
vt 0.778593 0.783393
vt 0.951391 0.778196
vt 0.867392 0.706408
vt 0.914058 0.740369
vt 0.939124 0.706046
vt 0.908725 0.666164
vt 0.932858 0.667130
vt 0.896458 0.706046
vt 0.942191 0.739885
vt 0.958857 0.739160
vt 0.971524 0.690939
vt 0.646861 0.503251
vt 0.592861 0.522950
vt 0.592861 0.503251
vt 0.975791 0.646948
vt 0.535128 0.506877
vt 0.930724 0.628940
vt 0.525662 0.506877
vt 0.503262 0.506877
vt 0.647127 0.503251
vt 0.701127 0.503251
vt 0.700993 0.522950
vt 0.758726 0.506877
vt 0.768326 0.506877
vt 0.790592 0.506877
vt 0.969524 0.738435
vt 0.987257 0.706046
vt 0.717526 0.755838
vt 0.726060 0.775658
vt 0.733793 0.758980
vt 0.730993 0.772516
vt 0.728593 0.785206
vt 0.737660 0.782910
vt 0.713260 0.835965
vt 0.676727 0.817232
vt 0.642994 0.873067
vt 0.995924 0.680908
vt 0.986190 0.650211
vt 0.967657 0.626161
vt 0.703127 0.774691
vt 0.940724 0.612504
vt 0.859525 0.784481
vt 0.846592 0.730458
vt 0.836459 0.696377
vt 0.751393 0.771670
vt 0.835259 0.673415
vt 0.751660 0.789436
vt 0.806992 0.595222
vt 0.798992 0.581082
vt 0.808059 0.561503
vt 0.749260 0.838745
vt 0.748993 0.904369
vt 0.696993 0.901589
vt 0.743526 0.951986
vt 0.729260 0.966126
vt 0.798992 0.524038
vt 0.807792 0.545067
vt 0.798992 0.546034
vt 0.745126 0.987880
vt 0.799392 0.506756
vt 0.755926 0.951865
vt 0.791659 0.546155
vt 0.791659 0.561624
vt 0.799659 0.606340
vt 0.805792 0.625073
vt 0.793259 0.587004
vt 0.661394 0.996460
vt 0.675660 0.959479
vt 0.689127 0.926123
vt 0.635794 0.904852
vt 0.624861 0.898084
vt 0.824059 0.560174
vt 0.600994 0.940988
vt 0.818859 0.546034
vt 0.626461 0.927210
vt 0.809259 0.505547
vt 0.908991 0.927090
vt 0.929658 0.807564
vt 0.927658 0.824000
vt 0.982324 0.951381
vt 0.981391 0.976882
vt 0.973657 0.954765
vt 0.973124 0.921651
vt 0.985657 0.926606
vt 0.974857 0.891558
vt 0.985257 0.886482
vt 0.968457 0.860498
vt 0.887525 0.771912
vt 0.884325 0.782789
vt 0.903258 0.771428
vt 0.905925 0.791611
vt 0.874192 0.827022
vt 0.908325 0.837778
vt 0.846725 0.880319
vt 0.903125 0.897238
vt 0.956324 0.890229
vt 0.905258 0.926123
vt 0.819792 0.911983
vt 0.822459 0.925518
vt 0.806192 0.942680
vt 0.946858 0.856269
vt 0.927124 0.854093
vt 0.977391 0.859290
vt 0.987924 0.883944
vt 0.841392 0.991989
vt 0.897925 0.949085
vt 0.913125 0.972894
vt 0.789792 0.974223
vt 0.774059 0.974706
vt 0.792992 0.963467
vt 0.771393 0.954524
vt 0.803126 0.919113
vt 0.769126 0.908478
vt 0.830592 0.865937
vt 0.774326 0.849017
vt 0.950324 0.964434
vt 0.934191 0.959116
vt 0.955791 0.945339
vt 0.772059 0.820012
vt 0.854858 0.820737
vt 0.779393 0.797170
vt 0.836059 0.754146
vt 0.933391 0.979420
vt 0.945524 0.979420
vt 0.928591 0.899535
vt 0.951924 0.917059
vt 0.927258 0.927573
vt 0.857658 0.834152
vt 0.871125 0.803455
vt 0.764326 0.773362
vt 0.958991 0.921651
vt 0.516062 0.979541
vt 0.515795 0.961654
vt 0.529928 0.968180
vt 0.518195 0.912345
vt 0.554328 0.915125
vt 0.518462 0.846721
vt 0.916058 0.979420
vt 0.533795 0.992110
vt 0.536195 0.981716
vt 0.541395 0.975432
vt 0.538595 0.967455
vt 0.590861 0.933857
vt 0.624594 0.878022
vt 0.654194 0.559328
vt 0.684327 0.553164
vt 0.653927 0.566337
vt 0.570595 0.849501
vt 0.523928 0.799104
vt 0.511529 0.799225
vt 0.653927 0.551110
vt 0.522328 0.763210
vt 0.630994 0.546638
vt 0.538195 0.784964
vt 0.646461 0.530081
vt 0.611128 0.531410
vt 0.578328 0.825088
vt 0.653927 0.539387
vt 0.591794 0.791611
vt 0.606061 0.754629
vt 0.682727 0.526939
vt 0.641127 0.823879
vt 0.655660 0.524038
vt 0.631661 0.846238
vt 0.619527 0.524038
vt 0.592728 0.524038
vt 0.642727 0.853005
vt 0.863792 0.552922
vt 0.874192 0.552681
vt 0.872992 0.528510
vt 0.666460 0.810102
vt 0.875392 0.590025
vt 0.857525 0.590025
vt 0.828059 0.644410
vt 0.839125 0.632687
vt 0.827259 0.615767
vt 0.838859 0.600660
vt 0.847525 0.606582
vt 0.840592 0.560295
vt 0.852992 0.559449
vt 0.840325 0.525488
vt 0.831792 0.559086
vt 0.550062 0.995252
vt 0.823125 0.586641
vt 0.564328 0.976398
vt 0.093399 0.450558
vt 0.111933 0.439681
vt 0.111799 0.459502
vt 0.132332 0.439681
vt 0.131932 0.459502
vt 0.152865 0.459622
vt 0.846725 0.632687
vt 0.114866 0.467236
vt 0.092333 0.260453
vt 0.121799 0.260453
vt 0.121799 0.273506
vt 0.092333 0.273506
vt 0.060333 0.260453
vt 0.114599 0.433276
vt 0.060333 0.273506
vt 0.153799 0.439440
vt 0.030733 0.260453
vt 0.030733 0.273506
vt 0.001267 0.273506
vt 0.001267 0.260453
vt 0.121799 0.490561
vt 0.089533 0.490561
vt 0.121799 0.475334
vt 0.089533 0.475334
vt 0.154465 0.260453
vt 0.124999 0.273506
vt 0.124999 0.260453
vt 0.067266 0.475334
vt 0.067266 0.490561
vt 0.062200 0.475334
vt 0.062066 0.490561
vt 0.045133 0.475334
vt 0.045000 0.490561
vt 0.031000 0.475334
vt 0.030733 0.490561
vt 0.022600 0.475334
vt 0.022600 0.490561
vt 0.154465 0.273506
vt 0.002734 0.490561
vt 0.002734 0.475334
vt 0.186465 0.260453
vt 0.186465 0.273506
vt 0.215932 0.260453
vt 0.215932 0.273506
vt 0.088733 0.419136
vt 0.071533 0.402337
vt 0.103933 0.404150
vt 0.245531 0.273506
vt 0.069666 0.391339
vt 0.106466 0.385417
vt 0.068333 0.337075
vt 0.106466 0.337317
vt 0.245531 0.260453
vt 0.023133 0.395569
vt 0.031800 0.394723
vt 0.031400 0.414181
vt 0.023133 0.414785
vt 0.150865 0.315926
vt 0.131932 0.302994
vt 0.145399 0.302994
vt 0.127932 0.420707
vt 0.111133 0.405842
vt 0.142866 0.409105
vt 0.148332 0.387230
vt 0.108466 0.379979
vt 0.112333 0.371277
vt 0.112066 0.334658
vt 0.133666 0.352787
vt 0.148732 0.328736
vt 0.162065 0.302994
vt 0.178999 0.302994
vt 0.191932 0.302994
vt 0.184598 0.315926
vt 0.013934 0.395569
vt 0.005667 0.414181
vt 0.005400 0.394723
vt 0.013934 0.414785
vt 0.108866 0.328736
vt 0.114733 0.302994
vt 0.127932 0.302994
vt 0.124199 0.315926
vt 0.098066 0.302994
vt 0.101799 0.315926
vt 0.081133 0.302994
vt 0.068200 0.302994
vt 0.075533 0.315926
vt 0.010334 0.380342
vt 0.010334 0.367773
vt 0.025533 0.380342
vt 0.025533 0.367773
vt 0.021000 0.445603
vt 0.016867 0.455392
vt 0.016867 0.445482
vt 0.021000 0.455392
vt 0.021133 0.455151
vt 0.025267 0.445482
vt 0.025267 0.455272
vt 0.021133 0.445603
vt 0.062866 0.347832
vt 0.062866 0.358588
vt 0.060733 0.348073
vt 0.060733 0.358829
vt 0.009400 0.445603
vt 0.013534 0.455392
vt 0.009267 0.455392
vt 0.013534 0.445482
vt 0.005000 0.445482
vt 0.009267 0.455151
vt 0.005000 0.455272
vt 0.009267 0.445603
vt 0.011134 0.361488
vt 0.011134 0.349040
vt 0.026333 0.361488
vt 0.026333 0.348678
vt 0.025533 0.335142
vt 0.002734 0.319914
vt 0.029800 0.319914
vt 0.006600 0.334779
vt 0.015134 0.341305
vt 0.036867 0.335142
vt 0.032600 0.319914
vt 0.059666 0.319914
vt 0.053933 0.358829
vt 0.053800 0.348073
vt 0.055933 0.358588
vt 0.055933 0.347832
vt 0.055800 0.334779
vt 0.047267 0.341305
vt 0.046867 0.441615
vt 0.040867 0.434122
vt 0.045800 0.431705
vt 0.041667 0.442944
vt 0.220598 0.450558
vt 0.202198 0.459502
vt 0.202065 0.439681
vt 0.181665 0.439681
vt 0.182065 0.459502
vt 0.161132 0.459622
vt 0.033000 0.446207
vt 0.032200 0.437385
vt 0.032867 0.441373
vt 0.199132 0.467236
vt 0.031933 0.448625
vt 0.030467 0.427233
vt 0.039400 0.423728
vt 0.199398 0.433276
vt 0.160199 0.439440
vt 0.041667 0.446691
vt 0.040733 0.452975
vt 0.195398 0.337317
vt 0.233531 0.337075
vt 0.195398 0.385417
vt 0.232465 0.376716
vt 0.197932 0.404150
vt 0.230331 0.402337
vt 0.213132 0.419136
vt 0.059266 0.302994
vt 0.017533 0.295985
vt 0.059000 0.300577
vt 0.017000 0.299490
vt 0.017267 0.304565
vt 0.059400 0.306378
vt 0.159265 0.475334
vt 0.181399 0.475334
vt 0.159132 0.490561
vt 0.181399 0.490561
vt 0.186598 0.475334
vt 0.186598 0.490561
vt 0.203665 0.475334
vt 0.203665 0.490561
vt 0.217798 0.475334
vt 0.217931 0.490561
vt 0.226198 0.475334
vt 0.226065 0.490561
vt 0.017400 0.310729
vt 0.245931 0.490561
vt 0.246065 0.475334
vt 0.059000 0.310487
vt 0.196732 0.309400
vt 0.198732 0.304082
vt 0.200598 0.309158
vt 0.200598 0.317739
vt 0.196732 0.317859
vt 0.126999 0.475334
vt 0.126999 0.490561
vt 0.200598 0.325715
vt 0.196732 0.325957
vt 0.198732 0.331154
vt 0.236065 0.426508
vt 0.233531 0.418773
vt 0.236065 0.411401
vt 0.173932 0.420707
vt 0.158865 0.409105
vt 0.190732 0.405842
vt 0.153532 0.387230
vt 0.193398 0.379979
vt 0.189132 0.371277
vt 0.193132 0.328736
vt 0.189265 0.334658
vt 0.153132 0.328736
vt 0.168199 0.352787
vt 0.237798 0.419136
vt 0.228865 0.411764
vt 0.231265 0.419136
vt 0.228731 0.426750
vt 0.227131 0.419499
vt 0.030867 0.361488
vt 0.030867 0.348678
vt 0.046067 0.349040
vt 0.046067 0.361488
vt 0.031533 0.367773
vt 0.046733 0.367773
vt 0.031533 0.380342
vt 0.046733 0.380342
vt 0.245798 0.358588
vt 0.245798 0.347832
vt 0.247798 0.348073
vt 0.247798 0.358829
vt 0.240998 0.348073
vt 0.240865 0.358829
vt 0.238865 0.358588
vt 0.238865 0.347832
vt 0.940594 0.163207
vt 0.948781 0.948016
vt 0.837520 0.155632
vt 0.804755 0.953524
vt 0.487361 0.027384
vt 0.266885 0.572740
vt 0.266885 0.027384
vt 0.487361 0.572740
vt 0.745373 0.027384
vt 0.745373 0.572740
vt 0.693501 0.661394
vt 0.685306 0.866935
vt 0.535824 0.667591
vt 0.528998 0.879846
vt 0.367912 0.677059
vt 0.389751 0.894823
vt 0.005457 8.371769
vt 0.192490 9.754610
vt 0.005457 10.003703
vt 0.193852 8.214084
vt 0.676434 0.672412
vt 0.662783 0.875715
vt 0.530361 0.679125
vt 0.537871 0.886043
vt 0.005457 3.874997
vt 0.193852 2.519355
vt 0.005457 2.275081
vt 0.410227 0.892069
vt 0.397938 0.684634
vt 0.193852 3.887908
vt 0.005457 4.713171
vt 0.193852 4.708351
vt 0.005457 5.546525
vt 0.193852 5.541189
vt 0.193852 6.762902
vt 0.005457 6.814201
vt 0.193852 7.749981
vt 0.005457 8.018183
vt 0.004095 20.761906
vt 0.005457 21.952976
vt 0.193852 20.975536
vt 0.193852 22.004791
vt 0.193852 22.365952
vt 0.005457 1.169222
vt 0.005457 -0.197265
vt 0.193852 0.008793
vt 0.193852 1.445687
vt 0.177470 19.632290
vt 0.177470 20.363907
vt 0.005457 19.577721
vt 0.005457 20.436378
vt 0.005457 7.754113
vt 0.193852 8.751348
vt 0.005457 8.749971
vt 0.193852 7.722610
vt 0.193852 6.833998
vt 0.005457 6.851040
vt 0.005457 16.019310
vt 0.177470 16.230188
vt 0.005457 17.148409
vt 0.177470 17.147032
vt 0.193852 5.764288
vt 0.177470 18.111389
vt 0.005457 18.181795
vt 0.005457 5.763600
vt 0.193852 4.685800
vt 0.005457 4.685800
vt 0.005457 3.749331
vt 0.177470 19.384401
vt 0.177470 18.373566
vt 0.005457 19.383713
vt 0.005457 18.327085
vt 0.193852 3.752774
vt 0.193852 2.754161
vt 0.005457 2.754161
s 1
f 1/1/1 2/2/2 3/1/3
f 2/2/2 4/2/4 3/1/3
f 3/1/3 4/2/4 5/1/5
f 4/2/4 6/2/6 5/1/5
f 5/1/5 6/2/6 7/1/7
f 6/2/6 8/2/8 7/1/7
f 7/1/7 8/2/8 9/1/9
f 8/2/8 10/2/10 9/1/9
f 9/1/9 10/2/10 11/1/11
f 10/2/10 12/2/12 11/1/11
f 11/1/11 12/2/12 1/1/1
f 12/2/12 2/2/2 1/1/1
f 1422/3/13 1425/4/14 1426/5/15
f 1424/6/16 1425/4/14 1422/3/13
f 1423/7/17 1424/6/16 1422/3/13
f 1421/8/18 1423/7/17 1422/3/13
f 13/9/19 14/10/19 15/11/19
f 14/10/19 16/12/19 15/11/19
f 1418/13/20 1419/14/20 1420/15/21
f 1417/16/22 1419/14/20 1418/13/20
f 1414/17/23 1415/18/23 1416/19/24
f 1413/20/25 1415/18/23 1414/17/23
f 17/21/26 18/21/12 19/22/27
f 18/21/12 20/21/10 19/22/27
f 1410/23/28 1411/24/29 1412/25/30
f 20/21/10 21/21/31 19/22/27
f 1408/26/32 1411/24/29 1410/23/28
f 21/21/31 22/21/33 19/22/27
f 1407/27/34 1408/26/32 1409/28/28
f 22/21/33 23/21/35 19/22/27
f 19/22/27 23/21/35 17/21/26
f 1406/29/36 1408/26/32 1407/27/34
f 1403/30/37 1404/31/37 1405/32/37
f 1400/33/38 1402/34/38 1401/35/38
f 1396/36/39 1398/37/40 1399/38/41
f 1397/39/42 1398/37/40 1396/36/39
f 24/40/43 25/41/44 26/42/45
f 25/41/44 27/43/46 26/42/45
f 26/42/45 27/43/46 28/44/47
f 27/43/46 29/45/48 28/44/47
f 28/44/47 29/45/48 30/46/49
f 1390/47/50 1397/39/42 1396/36/39
f 30/46/49 29/45/48 31/48/51
f 1395/49/52 1396/36/39 1394/50/53
f 31/48/51 29/45/48 32/51/54
f 1390/47/50 1396/36/39 1395/49/52
f 32/51/54 29/45/48 33/52/55
f 29/45/48 27/43/46 33/52/55
f 33/52/55 27/43/46 34/53/56
f 27/43/46 25/41/44 34/53/56
f 1394/50/53 1390/47/50 1395/49/52
f 1393/54/40 1390/47/50 1394/50/53
f 1390/47/57 1391/55/58 1392/56/59
f 1387/57/60 1385/58/61 1389/59/62
f 30/46/49 35/60/63 28/44/47
f 1380/61/64 1381/62/65 1386/63/66
f 28/44/47 35/60/63 26/42/45
f 35/60/63 36/64/67 26/42/45
f 26/42/45 36/64/67 24/40/43
f 1387/57/60 1388/65/68 1380/61/64
f 24/40/43 36/64/67 37/66/69
f 36/64/67 38/67/70 37/66/69
f 37/66/69 38/67/70 39/68/71
f 38/67/70 40/69/72 39/68/71
f 39/68/71 40/69/72 41/70/73
f 40/69/72 31/48/51 41/70/73
f 1386/63/66 1387/57/60 1380/61/64
f 31/48/51 32/51/54 41/70/73
f 41/70/73 32/51/54 42/71/74
f 32/51/54 33/52/55 42/71/74
f 42/71/74 33/52/55 43/72/75
f 1385/58/61 1387/57/60 1386/63/66
f 43/72/75 33/52/55 44/73/76
f 33/52/55 34/53/56 44/73/76
f 44/73/76 34/53/56 45/74/77
f 34/53/56 46/75/78 45/74/77
f 45/74/77 46/75/78 47/76/79
f 1381/62/65 1385/58/61 1386/63/66
f 47/76/79 46/75/78 48/77/80
f 46/75/78 49/78/81 48/77/80
f 48/77/80 49/78/81 50/79/82
f 49/78/81 51/80/83 50/79/82
f 50/79/82 51/80/83 52/81/84
f 1384/82/85 1385/58/61 1381/62/65
f 52/81/84 51/80/83 53/83/86
f 1383/84/87 1384/82/85 1381/62/65
f 53/83/86 51/80/83 54/85/88
f 51/80/83 55/86/89 54/85/88
f 54/85/88 55/86/89 56/87/90
f 1382/88/91 1383/84/87 1381/62/65
f 56/87/90 55/86/89 57/89/92
f 1380/61/64 1382/88/91 1381/62/65
f 57/89/92 55/86/89 58/90/93
f 1377/91/61 1378/92/94 1379/93/95
f 58/90/93 55/86/89 37/66/69
f 55/86/89 51/80/83 37/66/69
f 37/66/69 51/80/83 24/40/43
f 1376/94/96 1378/92/94 1377/91/61
f 24/40/43 51/80/83 25/41/44
f 51/80/83 49/78/81 25/41/44
f 1375/95/97 1376/94/96 1377/91/61
f 49/78/81 46/75/78 25/41/44
f 25/41/44 46/75/78 34/53/56
f 1374/96/91 1376/94/96 1375/95/97
f 1373/97/87 1374/96/91 1375/95/97
f 1368/98/98 1372/99/99 1371/100/100
f 1370/101/90 1368/98/98 1371/100/100
f 36/64/67 35/60/63 38/67/70
f 1369/102/92 1368/98/98 1370/101/90
f 1367/103/101 1368/98/98 1369/102/92
f 1365/104/102 1367/103/101 1366/105/103
f 1364/106/104 1365/104/102 1366/105/103
f 40/69/72 30/46/49 31/48/51
f 1361/107/105 1363/108/106 1362/109/107
f 1360/110/108 1361/107/105 1362/109/107
f 1358/111/109 1361/107/105 1360/110/108
f 1359/112/110 1358/111/109 1360/110/108
f 37/66/69 39/68/71 58/90/93
f 1357/113/111 1358/111/109 1359/112/110
f 39/68/71 41/70/73 58/90/93
f 58/90/93 41/70/73 59/114/112
f 41/70/73 42/71/74 59/114/112
f 59/114/112 42/71/74 60/115/113
f 1356/116/114 1358/111/109 1357/113/111
f 60/115/113 42/71/74 61/117/115
f 1355/118/116 1356/116/114 1357/113/111
f 61/117/115 42/71/74 62/119/117
f 1354/120/118 1356/116/114 1355/118/116
f 62/119/117 42/71/74 63/121/119
f 42/71/74 43/72/75 63/121/119
f 63/121/119 43/72/75 64/122/120
f 43/72/75 44/73/76 64/122/120
f 64/122/120 44/73/76 65/123/121
f 44/73/76 45/74/77 65/123/121
f 1351/124/122 1354/120/118 1355/118/116
f 1353/125/123 1354/120/118 1351/124/122
f 1352/126/106 1353/125/123 1351/124/122
f 1350/127/107 1352/126/106 1351/124/122
f 58/90/93 59/114/112 57/89/92
f 1347/128/124 1348/129/125 1349/130/126
f 57/89/92 59/114/112 66/131/101
f 59/114/112 60/115/113 66/131/101
f 1346/132/127 1348/129/125 1347/128/124
f 1338/133/128 1346/132/127 1347/128/124
f 1336/134/129 1346/132/127 1338/133/128
f 1342/135/130 1344/126/126 1345/127/131
f 67/79/132 68/81/133 69/77/134
f 68/81/133 70/136/135 69/77/134
f 1343/137/136 1344/126/126 1342/135/130
f 70/136/135 71/138/137 69/77/134
f 69/77/134 71/138/137 47/76/138
f 71/138/137 72/139/139 47/76/138
f 47/76/138 72/139/139 73/74/140
f 1341/140/141 1343/137/136 1342/135/130
f 73/74/140 72/139/139 65/123/142
f 72/139/139 74/141/143 65/123/142
f 1340/142/144 1341/140/141 1342/135/130
f 1339/143/145 1341/140/141 1340/142/144
f 1337/144/146 1339/143/145 1340/142/144
f 1338/133/128 1339/143/145 1337/144/146
f 75/145/147 76/146/148 68/81/133
f 76/146/148 77/147/149 68/81/133
f 68/81/133 77/147/149 70/136/135
f 77/147/149 78/148/150 70/136/135
f 70/136/135 78/148/150 79/149/151
f 78/148/150 76/146/148 79/149/151
f 79/149/151 76/146/148 80/150/152
f 76/146/148 81/85/153 80/150/152
f 80/150/152 81/85/153 82/151/154
f 81/85/153 83/87/155 82/151/154
f 1336/134/129 1338/133/128 1337/144/146
f 1331/152/156 1335/153/157 1333/154/158
f 1315/155/159 1335/153/157 1331/152/156
f 1317/156/160 1315/155/159 1331/152/156
f 81/85/153 76/146/148 75/145/147
f 1332/157/161 1333/154/158 1334/158/162
f 1331/152/156 1333/154/158 1332/157/161
f 1330/159/163 1331/152/156 1332/157/161
f 1317/156/160 1331/152/156 1330/159/163
f 80/150/152 82/151/154 84/160/102
f 84/160/102 82/151/154 85/161/164
f 1329/162/165 1317/156/160 1330/159/163
f 1318/163/166 1317/156/160 1329/162/165
f 1320/164/167 1318/163/166 1329/162/165
f 1328/165/168 1320/164/167 1329/162/165
f 86/166/169 88/167/170 87/168/171
f 87/168/171 88/167/170 89/169/172
f 88/167/170 90/170/173 89/169/172
f 89/169/172 90/170/173 91/171/174
f 1322/172/175 1320/164/167 1328/165/168
f 1327/173/176 1322/172/175 1328/165/168
f 1324/174/158 1322/172/175 1327/173/176
f 1326/175/162 1324/174/158 1327/173/176
f 86/166/169 87/168/171 92/176/177
f 1323/177/178 1324/174/158 1325/178/179
f 87/168/171 93/179/180 92/176/177
f 1322/172/175 1324/174/158 1323/177/178
f 93/179/180 94/180/181 92/176/177
f 92/176/177 94/180/181 95/181/182
f 94/180/181 96/182/183 95/181/182
f 95/181/182 96/182/183 97/183/184
f 96/182/183 98/184/185 97/183/184
f 97/183/184 98/184/185 99/185/186
f 1321/186/187 1322/172/175 1323/177/178
f 99/185/186 98/184/185 100/187/188
f 98/184/185 101/188/189 100/187/188
f 1320/164/167 1322/172/175 1321/186/187
f 101/188/189 91/171/174 100/187/188
f 100/187/188 91/171/174 90/170/173
f 1319/189/190 1320/164/167 1321/186/187
f 1318/163/166 1320/164/167 1319/189/190
f 1316/190/191 1318/163/166 1319/189/190
f 1317/156/160 1318/163/166 1316/190/191
f 102/191/192 104/192/171 103/193/181
f 1315/155/159 1317/156/160 1316/190/191
f 104/192/171 105/194/172 103/193/181
f 103/193/181 105/194/172 106/195/183
f 105/194/172 107/196/174 106/195/183
f 106/195/183 107/196/174 108/197/193
f 107/196/174 109/198/194 108/197/193
f 1311/199/195 1307/200/196 1314/201/197
f 1308/202/198 1307/200/196 1311/199/195
f 1303/203/199 1304/204/200 1309/205/201
f 1313/206/202 1305/207/203 1302/208/204
f 110/188/205 111/187/206 112/171/207
f 111/187/206 113/170/208 112/171/207
f 112/171/207 113/170/208 114/169/209
f 113/170/208 115/167/210 114/169/209
f 1300/209/211 1313/206/202 1302/208/204
f 1295/210/212 1313/206/202 1300/209/211
f 1294/211/213 1313/206/202 1295/210/212
f 1310/212/214 1311/199/195 1312/213/215
f 110/188/205 116/184/216 111/187/206
f 1308/202/198 1311/199/195 1310/212/214
f 111/187/206 116/184/216 117/185/217
f 1309/205/201 1308/202/198 1310/212/214
f 117/185/217 116/184/216 118/183/218
f 116/184/216 119/182/219 118/183/218
f 118/183/218 119/182/219 120/181/220
f 119/182/219 121/180/221 120/181/220
f 120/181/220 121/180/221 122/176/222
f 121/180/221 123/179/223 122/176/222
f 1304/204/200 1308/202/198 1309/205/201
f 123/179/223 124/168/224 122/176/222
f 122/176/222 124/168/224 125/166/225
f 1307/200/196 1308/202/198 1304/204/200
f 125/166/225 124/168/224 115/167/210
f 124/168/224 114/169/209 115/167/210
f 1306/214/226 1307/200/196 1304/204/200
f 1305/207/203 1306/214/226 1304/204/200
f 1302/208/204 1305/207/203 1304/204/200
f 1303/203/199 1302/208/204 1304/204/200
f 126/191/227 127/193/221 128/192/224
f 1301/215/228 1302/208/204 1303/203/199
f 128/192/224 127/193/221 129/194/209
f 127/193/221 130/195/219 129/194/209
f 129/194/209 130/195/219 131/196/207
f 130/195/219 132/197/216 131/196/207
f 131/196/207 132/197/216 133/198/229
f 1300/209/211 1302/208/204 1301/215/228
f 1299/216/230 1300/209/211 1301/215/228
f 1295/210/212 1300/209/211 1299/216/230
f 1298/217/231 1295/210/212 1299/216/230
f 134/218/232 136/219/233 135/220/234
f 135/220/234 136/219/233 137/221/235
f 1297/222/236 1295/210/212 1298/217/231
f 1296/223/197 1295/210/212 1297/222/236
f 1294/211/213 1295/210/212 1296/223/197
f 1291/224/237 1293/225/238 1292/226/239
f 138/221/240 140/219/241 139/220/241
f 139/220/241 140/219/241 141/218/242
f 1290/227/108 1291/224/237 1292/226/239
f 1289/228/243 1291/224/237 1290/227/108
f 1288/229/244 1289/228/243 1290/227/108
f 1281/230/245 1289/228/243 1288/229/244
f 142/231/246 144/232/247 143/233/248
f 1279/234/122 1281/230/245 1288/229/244
f 144/232/247 145/235/249 143/233/248
f 143/233/248 145/235/249 146/236/250
f 145/235/249 147/237/251 146/236/250
f 146/236/250 147/237/251 148/238/252
f 147/237/251 149/239/253 148/238/252
f 1285/240/254 1286/241/255 1287/242/256
f 149/239/253 150/243/257 148/238/252
f 148/238/252 150/243/257 151/244/258
f 1284/245/127 1286/241/255 1285/240/254
f 151/244/258 150/243/257 152/246/259
f 150/243/257 153/247/260 152/246/259
f 1283/248/261 1284/245/127 1285/240/254
f 153/247/260 154/249/262 152/246/259
f 152/246/259 154/249/262 155/250/263
f 154/249/262 156/251/264 155/250/263
f 155/250/263 156/251/264 157/252/265
f 1282/253/131 1284/245/127 1283/248/261
f 157/252/265 156/251/264 158/254/266
f 156/251/264 159/255/267 158/254/266
f 1281/230/245 1282/253/131 1283/248/261
f 159/255/267 160/256/268 158/254/266
f 158/254/266 160/256/268 161/257/269
f 1280/258/130 1282/253/131 1281/230/245
f 1279/234/122 1280/258/130 1281/230/245
f 1275/259/270 1280/258/130 1279/234/122
f 1273/260/116 1275/259/270 1279/234/122
f 162/231/271 164/232/272 163/233/273
f 1274/261/274 1278/262/256 1277/263/275
f 164/232/272 165/235/276 163/233/273
f 163/233/273 165/235/276 166/264/277
f 165/235/276 167/265/278 166/264/277
f 1276/266/279 1274/261/274 1277/263/275
f 167/265/278 168/267/280 166/264/277
f 166/264/277 168/267/280 169/268/281
f 1275/259/270 1274/261/274 1276/266/279
f 169/268/281 168/267/280 170/269/282
f 168/267/280 171/270/283 170/269/282
f 170/269/282 171/270/283 172/246/284
f 171/270/283 173/247/285 172/246/284
f 172/246/284 173/247/285 174/250/286
f 173/247/285 175/249/287 174/250/286
f 174/250/286 175/249/287 176/271/288
f 175/249/287 177/272/289 176/271/288
f 1273/260/116 1274/261/274 1275/259/270
f 177/272/289 178/255/290 176/271/288
f 176/271/288 178/255/290 179/254/291
f 178/255/290 180/256/292 179/254/291
f 179/254/291 180/256/292 181/257/293
f 1271/273/294 1274/261/274 1273/260/116
f 1272/274/111 1271/273/294 1273/260/116
f 1270/275/295 1271/273/294 1272/274/111
f 1269/276/296 1271/273/294 1270/275/295
f 182/277/297 184/278/298 183/279/102
f 183/279/102 184/278/298 185/280/299
f 184/278/298 186/115/113 185/280/299
f 185/280/299 186/115/113 187/281/300
f 186/115/113 188/282/301 187/281/300
f 1266/283/302 1267/284/303 1268/285/304
f 188/282/301 189/119/305 187/281/300
f 187/281/300 189/119/305 190/286/306
f 189/119/305 191/287/307 190/286/306
f 190/286/306 191/287/307 192/288/308
f 191/287/307 193/289/309 192/288/308
f 192/288/308 193/289/309 185/280/310
f 1265/290/311 1267/284/303 1266/283/302
f 1262/291/312 1263/292/313 1264/293/314
f 1261/294/312 1263/292/313 1262/291/312
f 1257/295/315 1259/296/316 1260/297/317
f 194/131/318 186/115/113 184/278/298
f 1258/298/319 1259/296/316 1257/295/315
f 1256/299/320 1258/298/319 1257/295/315
f 1255/300/321 1256/299/320 1257/295/315
f 1254/301/322 1256/299/320 1255/300/321
f 195/286/323 185/280/299 187/281/300
f 1253/302/324 1254/301/322 1255/300/321
f 1251/303/325 1254/301/322 1253/302/324
f 1252/304/326 1251/303/325 1253/302/324
f 1250/305/327 1251/303/325 1252/304/326
f 196/121/328 197/122/329 189/119/305
f 189/119/305 197/122/329 191/287/307
f 1249/306/330 1251/303/325 1250/305/327
f 191/287/307 197/122/329 74/141/143
f 197/122/329 65/123/142 74/141/143
f 1248/307/331 1249/306/330 1250/305/327
f 1247/308/332 1249/306/330 1248/307/331
f 1245/309/333 1247/308/332 1248/307/331
f 1246/310/334 1247/308/332 1245/309/333
f 198/311/306 199/312/335 200/313/336
f 1244/314/337 1246/310/334 1245/309/333
f 200/313/336 199/312/335 201/315/338
f 199/312/335 202/316/339 201/315/338
f 201/315/338 202/316/339 203/317/306
f 202/316/339 204/318/300 203/317/306
f 1243/319/340 1244/314/337 1245/309/333
f 1240/320/341 1242/321/342 1241/322/343
f 1239/323/344 1240/320/341 1241/322/343
f 1230/324/345 1240/320/341 1239/323/344
f 202/316/339 199/312/335 205/325/346
f 1234/326/347 1237/327/348 1238/328/349
f 1236/329/350 1237/327/348 1234/326/347
f 1235/330/351 1236/329/350 1234/326/347
f 1233/331/352 1235/330/351 1234/326/347
f 206/332/353 201/315/338 203/317/306
f 1226/333/354 1232/334/355 1233/331/356
f 1231/335/357 1232/334/355 1226/333/354
f 1225/336/358 1231/335/357 1226/333/354
f 1226/333/354 1230/324/359 1229/337/360
f 207/338/361 208/339/149 209/340/362
f 208/339/149 210/341/363 209/340/362
f 209/340/362 210/341/363 211/342/364
f 210/341/363 212/343/365 211/342/364
f 1228/344/366 1226/333/354 1229/337/360
f 1227/345/367 1226/333/354 1228/344/366
f 1225/336/358 1226/333/354 1227/345/367
f 1216/346/368 1217/347/369 1224/348/370
f 210/341/363 208/339/149 213/349/148
f 1223/350/332 1216/346/368 1224/348/370
f 1222/351/371 1216/346/368 1223/350/332
f 1221/352/372 1216/346/368 1222/351/371
f 1220/353/373 1216/346/368 1221/352/372
f 209/340/362 211/342/364 214/354/374
f 214/354/374 211/342/364 215/355/375
f 1219/356/376 1216/346/368 1220/353/373
f 1218/357/377 1216/346/368 1219/356/376
f 1214/358/378 1216/346/368 1218/357/377
f 1215/359/379 1217/347/369 1216/346/368
f 216/360/380 218/361/381 217/362/70
f 217/362/70 218/361/381 219/363/72
f 1214/358/378 1215/359/379 1216/346/368
f 1211/364/382 1213/365/383 1212/366/384
f 1210/367/371 1211/364/382 1212/366/384
f 1208/368/385 1211/364/382 1210/367/371
f 220/369/386 222/370/387 221/371/388
f 221/371/388 222/370/387 223/372/389
f 222/370/387 224/373/390 223/372/389
f 223/372/389 224/373/390 225/374/391
f 224/373/390 226/375/392 225/374/391
f 225/374/391 226/375/392 227/376/393
f 226/375/392 228/377/394 227/376/393
f 227/376/393 228/377/394 229/378/395
f 1209/379/396 1208/368/385 1210/367/371
f 1207/380/370 1208/368/385 1209/379/396
f 1206/381/397 1208/368/385 1207/380/370
f 1204/382/369 1206/381/397 1207/380/370
f 230/383/398 228/377/394 231/384/399
f 231/384/399 228/377/394 232/385/400
f 228/377/394 226/375/392 232/385/400
f 232/385/400 226/375/392 233/386/401
f 226/375/392 224/373/390 233/386/401
f 233/386/401 224/373/390 234/387/402
f 224/373/390 222/370/387 234/387/402
f 234/387/402 222/370/387 235/388/403
f 222/370/387 220/369/386 235/388/403
f 235/388/403 220/369/386 236/389/404
f 1205/390/405 1206/381/397 1204/382/369
f 236/389/404 220/369/386 237/391/406
f 220/369/386 238/392/407 237/391/406
f 1203/393/408 1205/390/405 1204/382/369
f 238/392/407 239/394/409 237/391/406
f 237/391/406 239/394/409 240/395/404
f 1202/396/379 1203/393/408 1204/382/369
f 240/395/404 239/394/409 241/397/403
f 239/394/409 242/398/410 241/397/403
f 1200/399/411 1203/393/408 1202/396/379
f 1201/400/412 1200/399/411 1202/396/379
f 1199/401/413 1200/399/411 1201/400/412
f 1197/402/414 1200/399/411 1199/401/413
f 230/383/398 231/384/399 243/403/415
f 231/384/399 232/385/400 243/403/415
f 243/403/415 232/385/400 244/404/416
f 232/385/400 245/405/417 244/404/416
f 244/404/416 245/405/417 246/406/418
f 1198/407/376 1197/402/414 1199/401/413
f 1196/408/419 1197/402/414 1198/407/376
f 1192/409/420 1195/410/168 1194/411/421
f 1193/412/422 1192/409/420 1194/411/421
f 232/385/400 233/386/401 245/405/417
f 1187/413/423 1192/409/420 1193/412/422
f 1186/414/424 1192/409/420 1187/413/423
f 1179/415/425 1174/416/197 1173/417/426
f 1188/418/213 1190/419/427 1191/420/202
f 238/392/407 247/421/428 239/394/409
f 247/421/428 248/422/429 239/394/409
f 239/394/409 248/422/429 242/398/410
f 1189/423/430 1190/419/427 1188/418/213
f 1187/413/423 1189/423/430 1188/418/213
f 1174/416/197 1187/413/423 1188/418/213
f 1179/415/425 1187/413/423 1174/416/197
f 229/378/431 250/424/432 249/425/433
f 249/425/433 250/424/432 251/426/434
f 1186/414/424 1187/413/423 1179/415/425
f 251/426/434 250/424/432 247/421/428
f 250/424/432 252/427/416 247/421/428
f 247/421/428 252/427/416 248/422/429
f 1180/428/435 1186/414/424 1179/415/425
f 248/422/429 252/427/416 253/429/436
f 252/427/416 254/430/418 253/429/436
f 1185/431/437 1186/414/424 1180/428/435
f 254/430/418 255/432/438 253/429/436
f 253/429/436 255/432/438 256/433/439
f 255/432/438 257/434/440 256/433/439
f 256/433/439 257/434/440 258/435/441
f 257/434/440 259/436/442 258/435/441
f 258/435/441 259/436/442 260/437/443
f 259/436/442 261/438/444 260/437/443
f 1184/439/445 1185/431/437 1180/428/435
f 261/438/444 262/440/446 260/437/443
f 1183/441/342 1184/439/445 1180/428/435
f 262/440/446 263/442/447 260/437/443
f 260/437/443 263/442/447 258/435/441
f 1182/443/448 1183/441/342 1180/428/435
f 258/435/441 263/442/447 256/433/439
f 1181/444/449 1182/443/448 1180/428/435
f 256/433/439 263/442/447 253/429/436
f 263/442/447 264/445/450 253/429/436
f 253/429/436 264/445/450 265/446/451
f 264/445/450 266/447/442 265/446/451
f 1178/448/345 1181/444/449 1180/428/435
f 266/447/442 267/449/452 265/446/451
f 265/446/451 267/449/452 268/450/453
f 267/449/452 269/451/454 268/450/453
f 1179/415/425 1178/448/345 1180/428/435
f 269/451/454 270/452/455 268/450/453
f 1173/417/426 1178/448/345 1179/415/425
f 270/452/455 271/453/456 268/450/453
f 1177/454/457 1178/448/345 1173/417/426
f 271/453/456 272/455/458 268/450/453
f 1176/456/459 1177/454/457 1173/417/426
f 272/455/458 273/457/460 268/450/453
f 1175/458/461 1176/456/459 1173/417/426
f 273/457/460 274/459/462 268/450/453
f 268/450/453 274/459/462 265/446/451
f 274/459/462 275/460/463 265/446/451
f 265/446/451 275/460/463 253/429/436
f 1170/461/464 1175/458/461 1173/417/426
f 253/429/436 275/460/463 248/422/429
f 1169/462/465 1175/458/461 1170/461/464
f 248/422/429 275/460/463 242/398/410
f 1171/463/226 1165/464/466 1166/465/467
f 242/398/410 275/460/463 276/466/468
f 275/460/463 274/459/462 276/466/468
f 1164/467/469 1165/464/466 1171/463/226
f 1172/468/470 1173/417/426 1174/416/197
f 1170/461/464 1173/417/426 1172/468/470
f 1171/463/226 1170/461/464 1172/468/470
f 255/432/438 277/469/471 257/434/440
f 1166/465/467 1170/461/464 1171/463/226
f 1169/462/465 1170/461/464 1166/465/467
f 1168/470/472 1169/462/465 1166/465/467
f 1167/471/473 1168/470/472 1166/465/467
f 278/472/474 261/438/444 279/473/475
f 279/473/475 261/438/444 259/436/442
f 1154/474/476 1167/471/473 1166/465/467
f 1155/475/477 1154/474/476 1166/465/467
f 1165/464/466 1155/475/477 1166/465/467
f 1156/476/419 1155/475/477 1165/464/466
f 261/438/444 280/477/478 262/440/446
f 1164/467/469 1156/476/419 1165/464/466
f 280/477/478 264/445/450 262/440/446
f 262/440/446 264/445/450 263/442/447
f 1163/478/479 1156/476/419 1164/467/469
f 1162/479/202 1163/478/479 1164/467/469
f 1161/480/411 1163/478/479 1162/479/202
f 1147/481/480 1149/482/481 1160/483/437
f 242/398/410 276/466/468 281/484/482
f 281/484/482 276/466/468 282/485/483
f 276/466/468 283/486/484 282/485/483
f 282/485/483 283/486/484 284/487/485
f 283/486/484 285/488/486 284/487/485
f 1157/489/487 1159/490/385 1158/491/488
f 285/488/486 286/492/489 284/487/485
f 284/487/485 286/492/489 287/493/490
f 286/492/489 288/494/462 287/493/490
f 1151/495/491 1157/489/487 1158/491/488
f 1156/476/419 1157/489/487 1151/495/491
f 1150/496/492 1156/476/419 1151/495/491
f 1155/475/477 1156/476/419 1150/496/492
f 274/459/462 289/497/489 276/466/468
f 289/497/489 290/498/486 276/466/468
f 276/466/468 290/498/486 283/486/484
f 1148/499/493 1155/475/477 1150/496/492
f 1154/474/476 1155/475/477 1148/499/493
f 1153/471/494 1154/474/476 1148/499/493
f 1152/500/495 1153/471/494 1148/499/493
f 291/501/496 284/487/485 292/502/497
f 1146/503/498 1152/500/495 1148/499/493
f 284/487/485 287/493/490 292/502/497
f 292/502/497 287/493/490 293/504/499
f 287/493/490 294/505/500 293/504/499
f 293/504/499 294/505/500 234/387/402
f 294/505/500 277/469/471 234/387/402
f 234/387/402 277/469/471 295/506/501
f 277/469/471 296/507/438 295/506/501
f 1149/482/481 1150/496/492 1151/495/491
f 296/507/438 246/406/418 295/506/501
f 1148/499/493 1150/496/492 1149/482/481
f 246/406/418 245/405/417 295/506/501
f 1147/481/480 1148/499/493 1149/482/481
f 245/405/417 233/386/401 295/506/501
f 295/506/501 233/386/401 234/387/402
f 1146/503/498 1148/499/493 1147/481/480
f 1145/508/502 1146/503/498 1147/481/480
f 1142/509/503 1144/510/504 1143/511/505
f 1141/512/506 1142/509/503 1143/511/505
f 287/493/490 288/494/462 294/505/500
f 294/505/500 288/494/462 297/513/507
f 1139/514/508 1142/509/503 1141/512/506
f 297/513/507 288/494/462 298/515/509
f 288/494/462 299/516/510 298/515/509
f 298/515/509 299/516/510 300/517/511
f 299/516/510 301/518/458 300/517/511
f 1140/519/512 1139/514/508 1141/512/506
f 1138/520/513 1139/514/508 1140/519/512
f 1136/521/514 1139/514/508 1138/520/513
f 1137/522/515 1136/521/514 1138/520/513
f 234/387/402 235/388/403 293/504/499
f 1135/523/516 1136/521/514 1137/522/515
f 1133/524/517 1136/521/514 1135/523/516
f 1134/525/518 1133/524/517 1135/523/516
f 1132/526/519 1133/524/517 1134/525/518
f 294/505/500 297/513/507 277/469/471
f 277/469/471 297/513/507 257/434/440
f 297/513/507 302/527/520 257/434/440
f 257/434/440 302/527/520 259/436/442
f 1130/528/521 1133/524/517 1132/526/519
f 1131/529/505 1130/528/521 1132/526/519
f 1129/530/504 1130/528/521 1131/529/505
f 1126/531/522 1128/532/523 1127/533/524
f 272/455/458 271/453/456 300/517/511
f 1125/534/525 1126/531/522 1127/533/524
f 271/453/456 303/535/526 300/517/511
f 1124/536/518 1126/531/522 1125/534/525
f 303/535/526 304/537/454 300/517/511
f 300/517/511 304/537/454 298/515/509
f 1122/538/527 1124/536/518 1125/534/525
f 298/515/509 304/537/454 297/513/507
f 304/537/454 302/527/520 297/513/507
f 1123/539/528 1124/536/518 1122/538/527
f 1121/540/505 1123/539/528 1122/538/527
f 1114/541/508 1115/542/529 1118/543/503
f 1109/544/530 1113/545/531 1111/546/532
f 305/547/533 306/548/534 307/549/535
f 306/548/534 308/550/536 307/549/535
f 1120/551/537 1110/552/538 1112/553/514
f 1108/554/539 1110/552/538 1120/551/537
f 1106/555/521 1108/554/539 1120/551/537
f 1117/556/540 1119/557/504 1118/543/503
f 309/558/541 310/559/542 311/560/543
f 310/559/542 312/561/544 311/560/543
f 1115/542/529 1117/556/540 1118/543/503
f 1116/562/545 1117/556/540 1115/542/529
f 1113/545/531 1116/562/545 1115/542/529
f 1114/541/508 1113/545/531 1115/542/529
f 313/563/534 314/564/546 315/565/547
f 314/564/546 316/566/548 315/565/547
f 1112/553/514 1113/545/531 1114/541/508
f 316/566/548 317/567/549 315/565/547
f 315/565/547 317/567/549 318/568/550
f 1111/546/532 1113/545/531 1112/553/514
f 318/568/550 317/567/549 319/569/551
f 317/567/549 320/570/541 319/569/551
f 319/569/551 320/570/541 321/571/552
f 1110/552/538 1111/546/532 1112/553/514
f 1109/544/530 1111/546/532 1110/552/538
f 1108/554/539 1109/544/530 1110/552/538
f 1107/572/553 1109/544/530 1108/554/539
f 322/573/554 320/570/541 323/574/555
f 1106/555/521 1107/572/553 1108/554/539
f 320/570/541 317/567/549 323/574/555
f 1105/575/504 1107/572/553 1106/555/521
f 317/567/549 316/566/548 323/574/555
f 323/574/555 316/566/548 324/576/556
f 316/566/548 325/577/557 324/576/556
f 324/576/556 325/577/557 326/578/558
f 1102/579/559 1103/580/560 1104/581/561
f 326/578/558 325/577/557 327/582/562
f 325/577/557 328/583/563 327/582/562
f 327/582/562 328/583/563 329/584/564
f 1101/585/565 1103/580/560 1102/579/559
f 329/584/564 328/583/563 330/586/566
f 1099/587/567 1101/585/565 1102/579/559
f 330/586/566 328/583/563 331/588/547
f 328/583/563 332/589/536 331/588/547
f 331/588/547 332/589/536 333/590/534
f 1100/591/568 1101/585/565 1099/587/567
f 1098/592/569 1100/591/568 1099/587/567
f 1096/593/570 1098/592/569 1099/587/567
f 1097/594/571 1098/592/569 1096/593/570
f 328/583/563 325/577/557 332/589/536
f 332/589/536 325/577/557 334/595/535
f 1095/596/572 1097/594/571 1096/593/570
f 334/595/535 325/577/557 314/564/546
f 325/577/557 316/566/548 314/564/546
f 1093/597/573 1095/596/572 1096/593/570
f 1094/598/574 1095/596/572 1093/597/573
f 1092/599/575 1094/598/574 1093/597/573
f 1090/600/576 1092/599/575 1093/597/573
f 323/574/555 324/576/556 335/601/577
f 1091/602/578 1092/599/575 1090/600/576
f 1089/603/561 1091/602/578 1090/600/576
f 1083/604/579 1088/605/580 1085/606/581
f 1087/607/582 1085/606/581 1070/608/580
f 327/582/562 329/584/564 336/609/583
f 1074/610/584 1087/607/582 1070/608/580
f 1073/611/570 1087/607/582 1074/610/584
f 1086/612/585 1087/607/582 1073/611/570
f 1085/606/581 1087/607/582 1086/612/585
f 331/588/547 337/613/586 330/586/566
f 337/613/586 338/614/587 330/586/566
f 330/586/566 338/614/587 339/615/544
f 338/614/587 340/616/588 339/615/544
f 1084/617/559 1085/606/581 1086/612/585
f 1083/604/579 1085/606/581 1084/617/559
f 1082/618/561 1083/604/579 1084/617/559
f 1077/619/589 1075/620/590 1081/621/591
f 330/586/566 339/615/544 329/584/564
f 339/615/544 341/622/542 329/584/564
f 1080/623/592 1077/619/589 1081/621/591
f 1079/624/593 1077/619/589 1080/623/592
f 1078/625/594 1077/619/589 1079/624/593
f 1076/626/595 1077/619/589 1078/625/594
f 342/627/596 343/628/597 344/629/598
f 343/628/597 345/630/599 344/629/598
f 1075/620/590 1077/619/589 1076/626/595
f 1072/631/600 1074/610/584 1070/608/580
f 1073/611/570 1074/610/584 1072/631/600
f 1071/632/601 1073/611/570 1072/631/600
f 346/633/602 347/634/603 348/635/604
f 347/634/603 349/636/605 348/635/604
f 348/635/604 349/636/605 350/637/606
f 349/636/605 347/634/603 350/637/606
f 350/637/606 347/634/603 351/638/607
f 347/634/603 352/639/608 351/638/607
f 351/638/607 352/639/608 353/640/609
f 352/639/608 354/641/610 353/640/609
f 1069/642/611 1072/631/600 1070/608/580
f 1071/632/601 1072/631/600 1069/642/611
f 1068/643/576 1071/632/601 1069/642/611
f 1067/644/579 1069/642/611 1070/608/580
f 352/639/608 347/634/603 346/633/602
f 1068/643/576 1069/642/611 1067/644/579
f 1066/645/561 1068/643/576 1067/644/579
f 1063/646/612 1064/647/613 1065/648/614
f 1062/649/615 1064/647/613 1063/646/612
f 355/650/616 350/637/606 356/651/617
f 1061/652/574 1062/649/615 1063/646/612
f 350/637/606 351/638/607 356/651/617
f 356/651/617 351/638/607 357/653/618
f 351/638/607 353/640/609 357/653/618
f 1060/654/619 1062/649/615 1061/652/574
f 1059/655/620 1060/654/619 1061/652/574
f 1058/656/621 1060/654/619 1059/655/620
f 1053/657/622 1056/658/623 1057/659/624
f 357/653/618 358/660/625 356/651/617
f 1055/661/626 1056/658/623 1053/657/622
f 356/651/617 358/660/625 359/662/627
f 1054/663/628 1055/661/626 1053/657/622
f 359/662/627 358/660/625 360/664/629
f 358/660/625 361/665/630 360/664/629
f 1052/666/631 1054/663/628 1053/657/622
f 361/665/630 362/667/632 360/664/629
f 1049/668/633 1050/669/634 1051/670/635
f 362/667/632 363/671/636 360/664/629
f 360/664/629 363/671/636 364/672/637
f 1047/673/638 1050/669/634 1049/668/633
f 364/672/637 363/671/636 365/674/639
f 363/671/636 366/675/640 365/674/639
f 1048/676/641 1047/673/638 1049/668/633
f 366/675/640 367/378/642 365/674/639
f 365/674/639 367/378/642 368/677/643
f 367/378/642 350/637/606 368/677/643
f 1046/678/644 1047/673/638 1048/676/641
f 1045/679/645 1031/680/631 1030/681/646
f 1043/682/593 1045/679/645 1030/681/646
f 1044/683/626 1045/679/645 1043/682/593
f 363/671/636 369/684/647 366/675/640
f 1042/685/648 1044/683/626 1043/682/593
f 366/675/640 369/684/647 370/430/649
f 1037/686/650 1042/685/648 1043/682/593
f 370/430/649 369/684/647 371/687/651
f 369/684/647 372/688/652 371/687/651
f 371/687/651 372/688/652 353/640/609
f 1035/689/653 1042/685/648 1037/686/650
f 1039/690/654 1040/691/655 1041/692/656
f 1038/693/657 1040/691/655 1039/690/654
f 1036/694/658 1038/693/657 1039/690/654
f 373/695/659 375/696/660 374/697/661
f 374/697/661 375/696/660 376/698/662
f 375/696/660 377/699/663 376/698/662
f 376/698/662 377/699/663 369/684/647
f 1037/686/650 1038/693/657 1036/694/658
f 369/684/647 377/699/663 372/688/652
f 377/699/663 378/700/664 372/688/652
f 1035/689/653 1037/686/650 1036/694/658
f 1034/701/665 1035/689/653 1036/694/658
f 1033/702/666 1035/689/653 1034/701/665
f 1032/703/667 1033/702/666 1034/701/665
f 374/697/661 376/698/662 379/704/668
f 376/698/662 380/705/669 379/704/668
f 379/704/668 380/705/669 381/706/670
f 380/705/669 382/707/671 381/706/670
f 381/706/670 382/707/671 383/708/672
f 382/707/671 384/709/673 383/708/672
f 1031/680/631 1033/702/666 1032/703/667
f 384/709/673 385/710/674 383/708/672
f 1029/711/675 1031/680/631 1032/703/667
f 385/710/674 386/712/676 383/708/672
f 383/708/672 386/712/676 387/713/677
f 1030/681/646 1031/680/631 1029/711/675
f 387/713/677 386/712/676 388/714/668
f 386/712/676 372/688/652 388/714/668
f 1028/715/678 1030/681/646 1029/711/675
f 372/688/652 378/700/664 388/714/668
f 388/714/668 378/700/664 389/716/661
f 378/700/664 390/717/679 389/716/661
f 389/716/661 390/717/679 391/718/659
f 1027/719/680 1028/715/678 1029/711/675
f 391/718/659 390/717/679 392/720/681
f 390/717/679 393/721/682 392/720/681
f 392/720/681 393/721/682 375/696/660
f 1026/722/683 1028/715/678 1027/719/680
f 375/696/660 393/721/682 377/699/663
f 393/721/682 390/717/679 377/699/663
f 377/699/663 390/717/679 378/700/664
f 1022/657/684 1024/663/685 1025/666/686
f 1023/661/687 1024/663/685 1022/657/684
f 1021/658/688 1023/661/687 1022/657/684
f 1020/659/689 1021/658/688 1022/657/684
f 376/698/662 369/684/647 380/705/669
f 1017/723/690 1019/724/691 1018/725/692
f 1015/726/693 1017/723/690 1018/725/692
f 1016/727/694 1017/723/690 1015/726/693
f 1014/728/695 1016/727/694 1015/726/693
f 392/720/681 375/696/660 373/695/659
f 1012/729/696 994/730/697 991/731/698
f 1013/732/699 994/730/697 1012/729/696
f 1000/733/700 1013/732/699 1012/729/696
f 999/734/701 1000/733/700 1012/729/696
f 372/688/652 386/712/676 353/640/609
f 353/640/609 386/712/676 394/735/702
f 386/712/676 385/710/674 394/735/702
f 394/735/702 385/710/674 395/736/703
f 385/710/674 396/737/704 395/736/703
f 1011/738/705 998/739/706 999/734/701
f 1009/740/707 998/739/706 1011/738/705
f 1010/741/708 1009/740/707 1011/738/705
f 1008/742/709 1009/740/707 1010/741/708
f 353/640/609 394/735/702 357/653/618
f 394/735/702 397/743/710 357/653/618
f 357/653/618 397/743/710 358/660/625
f 397/743/710 398/744/711 358/660/625
f 1002/745/712 1001/746/713 1007/747/714
f 1006/748/715 1002/745/712 1007/747/714
f 1005/749/705 1002/745/712 1006/748/715
f 1004/750/716 1002/745/712 1005/749/705
f 394/735/702 395/736/703 397/743/710
f 1003/751/717 1002/745/712 1004/750/716
f 397/743/710 395/736/703 399/752/718
f 1001/746/713 1002/745/712 1003/751/717
f 399/752/718 395/736/703 400/753/719
f 395/736/703 401/754/720 400/753/719
f 997/755/721 1000/733/700 999/734/701
f 401/754/720 402/756/722 400/753/719
f 400/753/719 402/756/722 403/757/723
f 402/756/722 380/705/669 403/757/723
f 998/739/706 997/755/721 999/734/701
f 380/705/669 369/684/647 403/757/723
f 996/758/724 997/755/721 998/739/706
f 369/684/647 363/671/636 403/757/723
f 995/759/684 997/755/721 996/758/724
f 363/671/636 362/667/632 403/757/723
f 403/757/723 362/667/632 400/753/719
f 362/667/632 404/760/718 400/753/719
f 992/761/725 995/759/684 996/758/724
f 993/762/726 995/759/684 992/761/725
f 991/731/698 994/730/697 993/762/726
f 992/761/725 991/731/698 993/762/726
f 380/705/669 402/756/722 382/707/671
f 402/756/722 405/763/673 382/707/671
f 990/764/727 991/731/698 992/761/725
f 989/765/714 991/731/698 990/764/727
f 988/766/728 989/765/714 990/764/727
f 987/767/729 989/765/714 988/766/728
f 406/768/730 407/769/731 408/770/732
f 407/769/731 409/771/733 408/770/732
f 408/770/732 409/771/733 410/772/734
f 409/771/733 411/773/735 410/772/734
f 986/774/736 976/775/737 984/776/738
f 977/777/739 976/775/737 986/774/736
f 978/778/740 977/777/739 986/774/736
f 979/779/741 978/778/740 986/774/736
f 408/770/732 410/772/734 412/780/742
f 981/781/743 979/779/741 986/774/736
f 985/782/744 981/781/743 986/774/736
f 984/776/738 985/782/744 986/774/736
f 983/783/745 985/782/744 984/776/738
f 406/768/730 413/784/746 407/769/731
f 407/769/731 413/784/746 414/785/747
f 980/786/748 981/781/743 982/787/749
f 414/785/747 413/784/746 415/788/750
f 413/784/746 416/789/27 415/788/750
f 415/788/750 416/789/27 417/790/751
f 416/789/27 418/791/752 417/790/751
f 979/779/741 981/781/743 980/786/748
f 973/792/753 979/779/741 980/786/748
f 978/778/740 979/779/741 973/792/753
f 972/793/754 978/778/740 973/792/753
f 419/794/755 420/795/756 421/796/757
f 420/795/756 422/797/758 421/796/757
f 977/777/739 978/778/740 972/793/754
f 422/797/758 423/798/759 421/796/757
f 974/799/760 977/777/739 972/793/754
f 423/798/759 424/800/761 421/796/757
f 421/796/757 424/800/761 417/790/751
f 424/800/761 425/801/762 417/790/751
f 417/790/751 425/801/762 415/788/750
f 976/775/737 977/777/739 974/799/760
f 975/802/763 976/775/737 974/799/760
f 963/803/764 975/802/763 974/799/760
f 965/804/765 963/803/764 974/799/760
f 422/797/758 420/795/756 426/805/766
f 968/806/767 965/804/765 974/799/760
f 420/795/756 427/807/768 426/805/766
f 972/793/754 968/806/767 974/799/760
f 427/807/768 428/808/769 426/805/766
f 971/809/770 972/793/754 973/792/753
f 428/808/769 410/772/734 426/805/766
f 968/806/767 972/793/754 971/809/770
f 410/772/734 411/773/735 426/805/766
f 426/805/766 411/773/735 422/797/758
f 411/773/735 429/810/771 422/797/758
f 422/797/758 429/810/771 423/798/759
f 429/810/771 430/811/772 423/798/759
f 423/798/759 430/811/772 424/800/761
f 430/811/772 431/812/773 424/800/761
f 424/800/761 431/812/773 425/801/762
f 431/812/773 432/813/774 425/801/762
f 425/801/762 432/813/774 415/788/750
f 970/814/775 968/806/767 971/809/770
f 415/788/750 432/813/774 433/815/776
f 432/813/774 431/812/773 433/815/776
f 433/815/776 431/812/773 430/811/772
f 969/816/777 968/806/767 970/814/775
f 967/817/778 968/806/767 969/816/777
f 965/804/765 968/806/767 967/817/778
f 966/818/779 965/804/765 967/817/778
f 411/773/735 409/771/733 429/810/771
f 964/819/780 965/804/765 966/818/779
f 409/771/733 407/769/731 429/810/771
f 429/810/771 407/769/731 434/820/781
f 407/769/731 414/785/747 434/820/781
f 434/820/781 414/785/747 433/815/776
f 414/785/747 415/788/750 433/815/776
f 963/803/764 965/804/765 964/819/780
f 960/821/782 961/822/783 962/823/784
f 959/824/785 961/822/783 960/821/782
f 957/825/786 958/826/787 959/824/788
f 429/810/771 434/820/781 430/811/772
f 434/820/781 433/815/776 430/811/772
f 956/827/789 958/826/787 957/825/786
f 954/828/790 953/829/791 955/830/784
f 951/831/792 953/829/793 952/832/783
f 950/833/794 951/831/792 952/832/783
f 412/780/742 410/772/734 435/834/795
f 410/772/734 428/808/769 435/834/795
f 949/835/783 948/836/796 950/833/794
f 946/837/783 947/838/797 948/836/796
f 945/839/798 947/838/797 946/837/783
f 942/840/799 943/841/800 944/842/801
f 435/834/795 436/843/802 412/780/742
f 939/844/803 943/841/800 942/840/799
f 412/780/742 436/843/802 437/845/804
f 941/846/805 939/844/803 942/840/799
f 437/845/804 436/843/802 427/807/768
f 436/843/802 438/847/806 427/807/768
f 427/807/768 438/847/806 428/808/769
f 438/847/806 439/848/807 428/808/769
f 428/808/769 439/848/807 435/834/795
f 939/844/785 940/849/808 937/850/809
f 435/834/795 439/848/807 436/843/802
f 439/848/807 438/847/806 436/843/802
f 938/851/810 939/844/785 937/850/809
f 924/852/811 937/850/812 936/853/805
f 933/854/813 934/855/814 935/856/815
f 932/857/801 933/854/797 930/858/816
f 440/859/730 441/860/732 442/861/817
f 930/858/818 928/862/789 931/863/819
f 442/861/817 441/860/732 443/864/820
f 441/860/732 444/865/821 443/864/820
f 443/864/820 444/865/821 445/866/822
f 929/867/797 928/862/789 930/858/818
f 925/868/823 927/869/801 928/862/789
f 924/852/786 926/870/805 925/868/824
f 923/871/798 924/852/786 925/868/824
f 446/872/742 444/865/821 441/860/732
f 919/873/796 922/874/825 921/875/815
f 920/876/801 919/873/796 921/875/815
f 918/877/826 919/873/796 920/876/801
f 899/878/827 919/873/796 918/877/826
f 440/859/730 442/861/817 447/879/828
f 442/861/817 448/880/829 447/879/828
f 447/879/828 448/880/829 449/881/830
f 448/880/829 450/882/831 449/881/830
f 917/883/832 899/878/827 918/877/826
f 450/882/831 451/884/833 449/881/830
f 914/885/834 916/886/805 915/887/800
f 451/884/833 452/888/835 449/881/830
f 449/881/830 452/888/835 453/889/27
f 452/888/835 454/890/836 453/889/27
f 913/891/837 914/885/834 915/887/800
f 912/892/805 914/885/834 913/891/837
f 910/893/838 912/892/805 913/891/837
f 907/894/791 911/895/801 910/893/839
f 447/879/828 449/881/830 453/889/27
f 909/896/837 907/894/791 910/893/839
f 907/894/840 905/897/841 908/898/801
f 905/897/841 902/899/792 906/900/801
f 904/901/842 902/899/792 905/897/841
f 450/882/831 448/880/829 455/902/843
f 455/902/843 448/880/829 442/861/817
f 902/899/844 900/903/845 903/904/801
f 899/878/794 901/905/846 900/903/845
f 898/906/847 899/878/794 900/903/845
f 894/907/848 897/908/849 896/909/850
f 455/902/843 456/910/851 450/882/831
f 450/882/831 456/910/851 451/884/833
f 456/910/851 457/911/852 451/884/833
f 451/884/833 457/911/852 452/888/835
f 895/912/853 894/907/848 896/909/850
f 452/888/835 457/911/852 458/913/854
f 892/914/855 894/907/848 895/912/853
f 458/913/854 457/911/852 459/915/856
f 457/911/852 456/910/851 459/915/856
f 459/915/856 456/910/851 460/916/857
f 456/910/851 455/902/843 460/916/857
f 893/917/858 885/918/859 886/919/860
f 455/902/843 442/861/817 460/916/857
f 890/920/861 893/917/858 886/919/860
f 442/861/817 443/864/820 460/916/857
f 892/914/862 893/917/858 890/920/861
f 443/864/820 445/866/822 460/916/857
f 460/916/857 445/866/822 461/921/863
f 445/866/822 462/922/864 461/921/863
f 461/921/863 462/922/864 463/923/306
f 891/924/865 892/914/862 890/920/861
f 463/923/306 462/922/864 464/925/866
f 889/926/867 891/924/865 890/920/861
f 464/925/866 462/922/864 465/927/868
f 462/922/864 444/865/821 465/927/868
f 465/927/868 444/865/821 466/928/869
f 444/865/821 446/872/742 466/928/869
f 466/928/869 446/872/742 467/929/870
f 446/872/742 468/930/804 467/929/870
f 886/919/860 889/926/867 890/920/861
f 468/930/804 464/925/866 467/929/870
f 467/929/870 464/925/866 469/931/871
f 464/925/866 465/927/868 469/931/871
f 888/932/850 889/926/867 886/919/860
f 465/927/868 470/933/872 469/931/871
f 469/931/871 470/933/872 467/929/870
f 887/934/873 888/932/850 886/919/860
f 467/929/870 470/933/872 466/928/869
f 470/933/872 465/927/868 466/928/869
f 885/918/859 887/934/873 886/919/860
f 880/935/874 883/936/875 884/937/876
f 882/938/877 883/936/875 880/935/874
f 881/939/878 882/938/877 880/935/874
f 460/916/857 461/921/863 459/915/856
f 879/940/879 881/939/878 880/935/874
f 459/915/856 461/921/863 458/913/854
f 461/921/863 463/923/306 458/913/854
f 458/913/854 463/923/306 471/941/880
f 878/942/881 879/940/879 880/935/874
f 871/943/882 857/944/883 873/945/884
f 877/946/885 875/947/886 876/948/887
f 874/949/888 875/947/886 877/946/885
f 445/866/822 444/865/821 462/922/864
f 872/950/889 874/949/888 877/946/885
f 869/951/890 872/950/889 877/946/885
f 866/952/891 869/951/890 877/946/885
f 876/948/887 866/952/891 877/946/885
f 472/953/892 473/954/893 474/955/866
f 864/956/894 866/952/891 876/948/887
f 474/955/866 473/954/893 475/957/306
f 862/958/895 864/956/894 876/948/887
f 475/957/306 473/954/893 476/959/880
f 473/954/893 477/960/854 476/959/880
f 875/947/886 862/958/895 876/948/887
f 857/944/883 862/958/895 875/947/886
f 874/949/888 857/944/883 875/947/886
f 873/945/884 857/944/883 874/949/888
f 478/961/896 479/962/768 480/963/897
f 479/962/768 481/964/756 480/963/897
f 872/950/889 873/945/884 874/949/888
f 481/964/756 482/965/898 480/963/897
f 480/963/897 482/965/898 483/966/899
f 871/943/882 873/945/884 872/950/889
f 869/951/890 871/943/882 872/950/889
f 870/967/900 871/943/882 869/951/890
f 868/968/901 870/967/900 869/951/890
f 484/969/902 486/970/903 485/971/904
f 485/971/904 486/970/903 487/972/905
f 486/970/903 488/973/906 487/972/905
f 487/972/905 488/973/906 489/974/907
f 866/952/891 868/968/901 869/951/890
f 489/974/907 488/973/906 490/975/908
f 488/973/906 491/976/909 490/975/908
f 490/975/908 491/976/909 492/977/910
f 867/978/911 868/968/901 866/952/891
f 865/979/912 867/978/911 866/952/891
f 864/956/894 865/979/912 866/952/891
f 863/980/913 865/979/912 864/956/894
f 484/969/902 493/981/914 486/970/903
f 862/958/895 863/980/913 864/956/894
f 493/981/914 491/976/909 486/970/903
f 486/970/903 491/976/909 488/973/906
f 861/982/915 863/980/913 862/958/895
f 857/944/883 861/982/915 862/958/895
f 857/944/881 860/983/916 859/984/917
f 858/985/901 857/944/881 859/984/917
f 485/971/904 487/972/905 494/986/918
f 856/987/911 857/944/881 858/985/901
f 487/972/905 489/974/907 494/986/918
f 494/986/918 489/974/907 495/988/919
f 851/989/920 847/990/921 845/991/922
f 495/988/919 489/974/907 496/992/923
f 489/974/907 490/975/908 496/992/923
f 496/992/923 490/975/908 497/993/924
f 490/975/908 498/994/925 497/993/924
f 497/993/924 498/994/925 499/995/926
f 498/994/925 500/996/927 499/995/926
f 854/997/928 842/998/929 846/999/930
f 500/996/927 501/1000/931 499/995/926
f 855/1001/932 842/998/929 854/997/928
f 501/1000/931 502/1002/933 499/995/926
f 499/995/926 502/1002/933 497/993/924
f 853/1003/934 855/1001/932 854/997/928
f 846/999/930 853/1003/934 854/997/928
f 848/1004/935 853/1003/934 846/999/930
f 850/1005/936 851/989/920 852/1006/937
f 490/975/908 492/977/910 498/994/925
f 847/990/921 851/989/920 850/1005/936
f 849/1007/938 847/990/921 850/1005/936
f 848/1004/935 847/990/921 849/1007/938
f 846/999/930 847/990/921 848/1004/935
f 503/1008/939 500/996/927 504/1009/940
f 500/996/927 505/1010/941 504/1009/940
f 504/1009/940 505/1010/941 506/1011/942
f 505/1010/941 498/994/925 506/1011/942
f 845/991/922 847/990/921 846/999/930
f 498/994/925 492/977/910 506/1011/942
f 842/998/929 845/991/922 846/999/930
f 492/977/910 507/1012/943 506/1011/942
f 844/1013/935 845/991/922 842/998/929
f 507/1012/943 508/1014/944 506/1011/942
f 843/1015/945 844/1013/935 842/998/929
f 508/1014/944 509/1016/946 506/1011/942
f 506/1011/942 509/1016/946 504/1009/940
f 509/1016/946 503/1008/939 504/1009/940
f 841/1017/947 843/1015/945 842/998/929
f 817/1018/948 832/1019/949 830/1020/950
f 838/1021/951 840/1022/937 839/1023/952
f 823/1024/922 838/1021/951 839/1023/952
f 505/1010/941 500/996/927 498/994/925
f 837/1025/953 838/1021/951 823/1024/922
f 824/1026/954 837/1025/953 823/1024/922
f 835/1027/955 837/1025/953 824/1026/954
f 833/1028/956 835/1027/955 824/1026/954
f 510/1029/957 512/1030/919 511/1031/958
f 511/1031/958 512/1030/919 513/1032/959
f 512/1030/919 514/1033/923 513/1032/959
f 513/1032/959 514/1033/923 515/1034/960
f 514/1033/923 516/1035/924 515/1034/960
f 515/1034/960 516/1035/924 517/1036/961
f 825/1037/962 833/1028/956 824/1026/954
f 517/1036/961 516/1035/924 518/1038/943
f 516/1035/924 519/1039/933 518/1038/943
f 518/1038/943 519/1039/933 520/1040/927
f 519/1039/933 521/1041/931 520/1040/927
f 831/1042/963 833/1028/956 825/1037/962
f 827/1043/964 831/1042/963 825/1037/962
f 834/1044/965 836/1045/966 835/1027/955
f 833/1028/956 834/1044/965 835/1027/955
f 522/1046/967 523/1047/946 520/1040/927
f 832/1019/949 834/1044/965 833/1028/956
f 520/1040/927 523/1047/946 518/1038/943
f 523/1047/946 524/1048/968 518/1038/943
f 831/1042/963 832/1019/949 833/1028/956
f 830/1020/950 832/1019/949 831/1042/963
f 827/1043/964 830/1020/950 831/1042/963
f 817/1018/948 830/1020/950 827/1043/964
f 525/1049/969 526/1050/970 527/1051/971
f 526/1050/970 528/1052/972 527/1051/971
f 527/1051/971 528/1052/972 529/1053/973
f 528/1052/972 530/1054/974 529/1053/973
f 529/1053/973 530/1054/974 531/1055/975
f 530/1054/974 532/1056/976 531/1055/975
f 829/1057/936 818/1058/977 820/1059/978
f 532/1056/976 533/1060/979 531/1055/975
f 531/1055/975 533/1060/979 534/1061/980
f 533/1060/979 535/1062/981 534/1061/980
f 534/1061/980 535/1062/981 536/1063/982
f 816/1064/983 818/1058/977 829/1057/936
f 828/1065/984 816/1064/983 829/1057/936
f 826/1066/985 821/1067/986 819/1068/987
f 817/1018/948 826/1066/985 819/1068/987
f 531/1055/975 534/1061/980 537/1069/988
f 537/1069/988 534/1061/980 538/1070/989
f 827/1043/964 826/1066/985 817/1018/948
f 825/1037/962 826/1066/985 827/1043/964
f 821/1067/986 826/1066/985 825/1037/962
f 824/1026/954 821/1067/986 825/1037/962
f 539/1071/990 535/1062/981 533/1060/979
f 823/1024/922 821/1067/986 824/1026/954
f 822/1072/991 821/1067/986 823/1024/922
f 820/1059/978 821/1067/986 822/1072/991
f 819/1068/987 821/1067/986 820/1059/978
f 540/1073/969 541/1074/971 542/1075/992
f 541/1074/971 543/1076/993 542/1075/992
f 542/1075/992 543/1076/993 544/1077/994
f 543/1076/993 545/1078/975 544/1077/994
f 818/1058/977 819/1068/987 820/1059/978
f 817/1018/948 819/1068/987 818/1058/977
f 816/1064/983 817/1018/948 818/1058/977
f 815/1079/881 817/1018/948 816/1064/983
f 540/1073/969 542/1075/992 546/1080/995
f 542/1075/992 547/1081/996 546/1080/995
f 546/1080/995 547/1081/996 548/1082/997
f 547/1081/996 549/1083/998 548/1082/997
f 548/1082/997 549/1083/998 550/1084/999
f 549/1083/998 544/1077/994 550/1084/999
f 550/1084/999 544/1077/994 551/1085/976
f 811/1086/877 813/1087/1000 814/1088/1001
f 551/1085/976 544/1077/994 552/1089/1002
f 544/1077/994 545/1078/975 552/1089/1002
f 552/1089/1002 545/1078/975 553/1090/1003
f 545/1078/975 554/1091/1004 553/1090/1003
f 812/1092/1005 813/1087/1000 811/1086/877
f 554/1091/1004 555/1093/1006 553/1090/1003
f 810/1094/878 812/1092/1005 811/1086/877
f 555/1093/1006 556/1095/1007 553/1090/1003
f 553/1090/1003 556/1095/1007 552/1089/1002
f 806/1096/1008 810/1094/878 804/1097/1009
f 552/1089/1002 556/1095/1007 557/1098/1010
f 809/1099/1011 810/1094/878 806/1096/1008
f 557/1098/1010 556/1095/1007 558/1100/1012
f 556/1095/1007 559/1101/982 558/1100/1012
f 808/1102/1013 809/1099/1011 806/1096/1008
f 559/1101/982 560/1103/1014 558/1100/1012
f 807/1104/1015 808/1102/1013 806/1096/1008
f 560/1103/1014 561/1105/1016 558/1100/1012
f 558/1100/1012 561/1105/1016 557/1098/1010
f 805/1106/1017 807/1104/1015 806/1096/1008
f 557/1098/1010 561/1105/1016 552/1089/1002
f 804/1097/1009 805/1106/1017 806/1096/1008
f 552/1089/1002 561/1105/1016 551/1085/976
f 803/1107/1018 805/1106/1017 804/1097/1009
f 551/1085/976 561/1105/1016 562/1108/1019
f 800/1109/1020 801/1110/1021 802/1111/1022
f 562/1108/1019 561/1105/1016 563/1112/990
f 561/1105/1016 560/1103/1014 563/1112/990
f 799/1113/1023 801/1110/1021 800/1109/1020
f 798/1114/1024 799/1113/1023 800/1109/1020
f 787/1115/937 789/1116/1025 792/1117/912
f 798/1114/878 791/1118/1026 790/1119/1009
f 544/1077/994 549/1083/998 542/1075/992
f 549/1083/998 547/1081/996 542/1075/992
f 794/1120/1027 791/1118/1026 798/1114/878
f 797/1121/1028 794/1120/1027 798/1114/878
f 796/1122/1022 794/1120/1027 797/1121/1028
f 795/1123/1029 794/1120/1027 796/1122/1022
f 546/1080/995 548/1082/997 564/1124/1030
f 793/1125/911 794/1120/1027 795/1123/1029
f 564/1124/1030 548/1082/997 565/1126/1031
f 548/1082/997 550/1084/999 565/1126/1031
f 791/1118/1026 794/1120/1027 793/1125/911
f 792/1117/912 791/1118/1026 793/1125/911
f 789/1116/1025 791/1118/1026 792/1117/912
f 790/1119/1009 791/1118/1026 789/1116/1025
f 566/1127/1032 567/1128/1033 568/1129/1034
f 567/1128/1033 569/1130/1035 568/1129/1034
f 568/1129/1034 569/1130/1035 570/1131/1036
f 569/1130/1035 571/1132/1037 570/1131/1036
f 788/1133/951 790/1119/1009 789/1116/1025
f 571/1132/1037 572/1134/1038 570/1131/1036
f 570/1131/1036 572/1134/1038 568/1129/1034
f 787/1115/937 788/1133/951 789/1116/1025
f 784/1135/1039 786/1136/1040 785/1137/1041
f 783/1138/1042 784/1135/1039 785/1137/1041
f 782/1139/1043 784/1135/1039 783/1138/1042
f 567/1128/1033 573/1140/1032 569/1130/1035
f 781/1141/1044 782/1139/1043 783/1138/1042
f 573/1140/1032 574/1142/1045 569/1130/1035
f 569/1130/1035 574/1142/1045 571/1132/1037
f 779/1143/1046 782/1139/1043 781/1141/1044
f 780/1144/1047 779/1143/1046 781/1141/1044
f 778/1145/1048 779/1143/1046 780/1144/1047
f 777/1146/1049 779/1143/1046 778/1145/1048
f 575/1147/1050 577/1148/1051 576/1149/1052
f 576/1149/1052 577/1148/1051 578/1150/1053
f 774/1151/1054 775/1152/1055 776/1153/1056
f 578/1150/1053 577/1148/1051 579/1154/1057
f 577/1148/1051 580/1155/1058 579/1154/1057
f 579/1154/1057 580/1155/1058 581/1156/1059
f 580/1155/1058 582/1157/1060 581/1156/1059
f 581/1156/1059 582/1157/1060 583/1158/1061
f 582/1157/1060 584/1159/1062 583/1158/1061
f 583/1158/1061 584/1159/1062 585/1160/1063
f 584/1159/1062 586/1161/1064 585/1160/1063
f 585/1160/1063 586/1161/1064 587/1162/1065
f 586/1161/1064 588/1163/1066 587/1162/1065
f 773/1164/1067 775/1152/1055 774/1151/1054
f 588/1163/1066 589/1165/1068 587/1162/1065
f 587/1162/1065 589/1165/1068 590/1166/1069
f 772/1167/1070 773/1164/1067 774/1151/1054
f 771/1168/1071 773/1164/1067 772/1167/1070
f 769/1169/1072 771/1168/1071 772/1167/1070
f 770/1170/1073 771/1168/1071 769/1169/1072
f 591/1171/1074 593/1172/1060 592/1173/1075
f 768/1174/1076 770/1170/1073 769/1169/1072
f 593/1172/1060 594/1175/1077 592/1173/1075
f 592/1173/1075 594/1175/1077 595/1176/1078
f 594/1175/1077 596/1177/1051 595/1176/1078
f 595/1176/1078 596/1177/1051 597/1178/1068
f 767/1179/1079 768/1174/1076 769/1169/1072
f 764/1180/1080 766/1181/1081 765/1182/1082
f 763/1183/1083 764/1180/1080 765/1182/1082
f 759/1184/1084 762/1185/1085 761/1186/1082
f 598/1187/1086 600/1188/1087 599/1189/1088
f 599/1189/1088 600/1188/1087 601/1190/1057
f 600/1188/1087 602/1191/1089 601/1190/1057
f 601/1190/1057 602/1191/1089 603/1192/1090
f 602/1191/1089 604/1193/1091 603/1192/1090
f 603/1192/1090 604/1193/1091 605/1194/1092
f 604/1193/1091 606/1195/1093 605/1194/1092
f 760/1196/1094 759/1184/1084 761/1186/1082
f 606/1195/1093 601/1190/1057 605/1194/1092
f 605/1194/1092 601/1190/1057 603/1192/1090
f 757/1197/1095 759/1184/1084 760/1196/1094
f 756/1198/1096 758/1199/1084 757/1197/1080
f 753/1200/1097 754/1201/1098 755/1202/1099
f 752/1203/1100 754/1201/1098 753/1200/1097
f 602/1191/1089 607/1204/1101 604/1193/1091
f 604/1193/1091 607/1204/1101 606/1195/1093
f 749/1205/1098 750/1206/1102 751/1207/1103
f 747/1208/1104 749/1205/1098 748/1209/1105
f 746/1210/1097 747/1208/1104 748/1209/1105
f 744/1211/1106 746/1210/1107 745/1212/1108
f 608/1213/1109 610/1214/1110 609/1215/1111
f 609/1215/1111 610/1214/1110 611/1216/1112
f 741/1217/1113 742/1218/1114 743/1219/1114
f 740/1220/1113 742/1218/1114 741/1217/1113
f 737/1221/1115 738/1222/1116 739/1223/1117
f 736/1224/1118 738/1222/1116 737/1221/1115
f 612/1225/1111 614/1226/1112 613/1227/1119
f 613/1227/1119 614/1226/1112 615/1228/1120
f 733/1229/1121 734/1230/1122 735/1231/1121
f 732/1232/1121 734/1230/1122 733/1229/1121
f 729/1233/1123 730/1234/1124 731/1235/1125
f 728/1236/1124 730/1234/1124 729/1233/1123
f 616/1237/1126 618/1238/1127 617/1239/1127
f 617/1239/1127 618/1238/1127 619/1240/1128
f 725/1241/1129 726/1242/1130 727/1243/1131
f 724/1244/1129 726/1242/1130 725/1241/1129
f 723/1245/1132 724/1244/1129 725/1241/1129
f 720/1246/1133 722/1247/1134 721/1248/1135
f 620/1249/1136 622/1250/1128 621/1251/1128
f 621/1251/1128 622/1250/1128 623/1252/1127
f 719/1253/1137 720/1246/1133 721/1248/1135
f 718/1254/1138 720/1246/1133 719/1253/1137
f 716/1255/1139 712/1256/1140 717/1257/1141
f 710/1258/1142 712/1256/1140 716/1255/1139
f 624/1259/1143 626/1260/1144 625/1261/1145
f 625/1261/1145 626/1260/1144 627/1262/1146
f 626/1260/1144 628/1263/1147 627/1262/1146
f 627/1262/1146 628/1263/1147 629/1264/1148
f 708/1265/1149 713/1266/1150 711/1267/1151
f 629/1264/1148 628/1263/1147 630/1268/1152
f 628/1263/1147 626/1260/1144 630/1268/1152
f 706/1269/1153 713/1266/1150 708/1265/1149
f 712/1256/1140 714/1270/1154 715/1271/1141
f 713/1266/1150 714/1270/1154 712/1256/1140
f 711/1267/1151 713/1266/1150 712/1256/1140
f 625/1261/1145 627/1262/1146 631/1272/1143
f 710/1258/1142 711/1267/1151 712/1256/1140
f 631/1272/1143 627/1262/1146 632/1273/1155
f 627/1262/1146 629/1264/1148 632/1273/1155
f 708/1265/1149 711/1267/1151 710/1258/1142
f 709/1274/1156 708/1265/1149 710/1258/1142
f 707/1275/1157 708/1265/1149 709/1274/1156
f 706/1269/1153 708/1265/1149 707/1275/1157
f 633/1276/1158 634/1277/1159 635/1278/1160
f 634/1277/1159 636/1279/1161 635/1278/1160
f 635/1278/1160 636/1279/1161 637/1280/1162
f 636/1279/1161 638/1281/1163 637/1280/1162
f 637/1280/1162 638/1281/1163 639/1282/1164
f 702/1283/1165 704/1284/1166 705/1285/1167
f 703/1286/1168 704/1284/1166 702/1283/1165
f 701/1287/1169 703/1286/1168 702/1283/1165
f 700/1288/1142 701/1287/1169 702/1283/1165
f 640/1289/1170 642/1290/1171 641/1291/1172
f 641/1291/1172 642/1290/1171 643/1292/1173
f 642/1290/1171 644/1293/1174 643/1292/1173
f 643/1292/1173 644/1293/1174 645/1294/1175
f 644/1293/1174 646/1295/1176 645/1294/1175
f 645/1294/1175 646/1295/1176 647/1296/1177
f 646/1295/1176 648/1297/1178 647/1296/1177
f 647/1296/1177 648/1297/1178 649/1298/1179
f 648/1297/1178 650/1299/1180 649/1298/1179
f 649/1298/1179 650/1299/1180 651/1300/1160
f 699/1301/1166 701/1287/1169 700/1288/1142
f 651/1300/1160 650/1299/1180 652/1302/1158
f 650/1299/1180 653/1303/1181 652/1302/1158
f 698/1304/1182 699/1301/1166 700/1288/1142
f 695/1305/1183 697/1306/1184 696/1307/1185
f 694/1308/1186 695/1305/1183 696/1307/1185
f 693/1309/1187 695/1305/1183 694/1308/1186
f 640/1289/1170 641/1291/1172 654/1310/1181
f 641/1291/1172 655/1311/1158 654/1310/1181
f 692/1312/1188 693/1309/1187 694/1308/1186
f 691/1313/1189 693/1309/1187 692/1312/1188
f 690/1314/1190 691/1313/1189 692/1312/1188
f 687/1315/1191 689/1316/1192 688/1317/1193
f 656/1318/1176 657/1319/1174 658/1320/1178
f 657/1319/1174 659/1321/1171 658/1320/1178
f 658/1320/1178 659/1321/1171 660/1322/1180
f 659/1321/1171 661/1323/1194 660/1322/1180
f 660/1322/1180 661/1323/1194 662/1324/1181
f 661/1323/1194 663/1325/1195 662/1324/1181
f 662/1324/1181 663/1325/1195 664/1326/1196
f 663/1325/1195 665/1327/1197 664/1326/1196
f 664/1326/1196 665/1327/1197 659/1321/1171
f 686/1328/1198 687/1315/1191 688/1317/1193
f 659/1321/1171 665/1327/1197 661/1323/1194
f 665/1327/1197 663/1325/1195 661/1323/1194
f 683/1329/1199 685/1330/1200 684/1331/1188
f 682/1332/1201 683/1329/1199 684/1331/1188
f 679/1333/1202 681/1334/1203 680/1335/1202
f 678/1336/1204 679/1333/1202 680/1335/1202
f 666/1337/1205 667/1338/1206 668/1339/1206
f 667/1338/1206 669/1340/1207 668/1339/1206
f 675/1341/1203 677/1342/1202 676/1343/1208
f 674/1344/1209 675/1341/1203 676/1343/1208
f 671/1345/1210 673/1346/1211 672/1347/1212
f 670/1348/1206 671/1345/1210 672/1347/1212
f 1427/1349/1213 1428/1350/1214 1429/1351/1215
f 1428/1350/1214 1430/1352/1216 1429/1351/1215
f 1556/1353/1217 1557/1354/1218 1558/1355/1219
f 1555/1356/1220 1557/1354/1218 1556/1353/1217
f 1554/1357/1221 1555/1356/1220 1556/1353/1217
f 1553/1358/1222 1555/1356/1220 1554/1357/1221
f 1431/1359/1223 1432/1360/1224 1433/1361/1225
f 1432/1360/1224 1434/1362/1226 1433/1361/1225
f 1433/1361/1225 1434/1362/1226 1435/1363/1227
f 1434/1362/1226 1436/1364/1228 1435/1363/1227
f 1548/1365/1229 1551/1366/1230 1552/1367/1231
f 1550/1368/1232 1551/1366/1230 1548/1365/1229
f 1549/1366/1233 1550/1368/1232 1548/1365/1229
f 1547/1367/1234 1549/1366/1233 1548/1365/1229
f 1437/1369/1235 1438/1370/1236 1439/1371/1237
f 1438/1370/1236 1440/1372/1238 1439/1371/1237
f 1544/1373/1239 1545/1374/1240 1546/1375/1241
f 1440/1372/1238 1441/1376/1242 1439/1371/1237
f 1439/1371/1237 1441/1376/1242 1442/1377/1243
f 1543/1378/1244 1545/1374/1240 1544/1373/1239
f 1542/1379/1245 1543/1378/1244 1544/1373/1239
f 1541/1380/1246 1543/1378/1244 1542/1379/1245
f 1539/1381/1247 1541/1380/1246 1542/1379/1245
f 1443/1369/1248 1445/1371/1249 1444/1370/1250
f 1444/1370/1250 1445/1371/1249 1446/1372/1251
f 1540/1382/1252 1541/1380/1246 1539/1381/1247
f 1446/1372/1251 1445/1371/1249 1447/1376/1253
f 1445/1371/1249 1448/1377/1254 1447/1376/1253
f 1538/1383/1255 1540/1382/1252 1539/1381/1247
f 1536/1384/1256 1538/1383/1255 1539/1381/1247
f 1537/1385/1230 1538/1383/1255 1536/1384/1256
f 1535/1386/1257 1537/1385/1230 1536/1384/1256
f 1449/1359/1258 1450/1361/1259 1451/1360/1260
f 1532/1384/1261 1533/1385/1233 1534/1386/1262
f 1451/1360/1260 1450/1361/1259 1452/1362/1263
f 1450/1361/1259 1453/1363/1264 1452/1362/1263
f 1452/1362/1263 1453/1363/1264 1454/1364/1265
f 1531/1383/1266 1533/1385/1233 1532/1384/1261
f 1529/1381/1267 1531/1383/1266 1532/1384/1261
f 1530/1382/1268 1531/1383/1266 1529/1381/1267
f 1527/1380/1269 1530/1382/1268 1529/1381/1267
f 1455/1387/1270 1457/1388/1271 1456/1389/1272
f 1456/1389/1272 1457/1388/1271 1458/1390/1273
f 1528/1379/1274 1527/1380/1269 1529/1381/1267
f 1458/1390/1273 1457/1388/1271 1459/1391/1275
f 1525/1373/1276 1527/1380/1269 1528/1379/1274
f 1459/1391/1275 1457/1388/1271 1460/1390/1277
f 1526/1378/1278 1527/1380/1269 1525/1373/1276
f 1460/1390/1277 1457/1388/1271 1461/1389/1279
f 1457/1388/1271 1462/1387/1280 1461/1389/1279
f 1524/1374/1281 1526/1378/1278 1525/1373/1276
f 1523/1375/1282 1524/1374/1281 1525/1373/1276
f 1519/1392/1283 1522/1393/1241 1521/1394/1284
f 1520/1395/1285 1519/1392/1283 1521/1394/1284
f 1463/1396/1286 1464/1397/1287 1465/1398/1288
f 1518/1394/1281 1519/1392/1283 1520/1395/1285
f 1465/1398/1288 1464/1397/1287 1466/1399/1289
f 1517/1393/1282 1519/1392/1283 1518/1394/1281
f 1466/1399/1289 1464/1397/1287 1467/1398/1290
f 1464/1397/1287 1468/1396/1291 1467/1398/1290
f 1513/1400/1292 1515/1401/1293 1516/1402/1294
f 1514/1403/1295 1515/1401/1293 1513/1400/1292
f 1512/1404/1296 1514/1403/1295 1513/1400/1292
f 1511/1405/1297 1512/1404/1296 1513/1400/1292
f 1469/1406/1298 1470/1407/1299 1471/1408/1300
f 1470/1407/1299 1472/1409/1301 1471/1408/1300
f 1510/1410/1302 1512/1404/1296 1511/1405/1297
f 1472/1409/1301 1473/1411/1303 1471/1408/1300
f 1471/1408/1300 1473/1411/1303 1474/1412/1304
f 1509/1413/1305 1510/1410/1302 1511/1405/1297
f 1507/1414/1306 1510/1410/1302 1509/1413/1305
f 1508/1415/1307 1507/1414/1306 1509/1413/1305
f 1505/1416/1308 1507/1414/1306 1508/1415/1307
f 1475/1417/1309 1477/1418/1310 1476/1419/1311
f 1476/1419/1311 1477/1418/1310 1478/1420/1312
f 1506/1421/1313 1507/1414/1306 1505/1416/1308
f 1504/1422/1314 1506/1421/1313 1505/1416/1308
f 1503/1423/1294 1504/1422/1314 1505/1416/1308
f 1499/1400/1315 1502/1402/1316 1501/1401/1317
f 1479/1406/1280 1481/1408/1318 1480/1407/1319
f 1480/1407/1319 1481/1408/1318 1482/1409/1320
f 1500/1403/1321 1499/1400/1315 1501/1401/1317
f 1482/1409/1320 1481/1408/1318 1483/1411/1322
f 1481/1408/1318 1484/1412/1323 1483/1411/1322
f 1498/1404/1324 1499/1400/1315 1500/1403/1321
f 1497/1405/1325 1499/1400/1315 1498/1404/1324
f 1495/1410/1326 1497/1405/1325 1498/1404/1324
f 1496/1413/1327 1497/1405/1325 1495/1410/1326
f 1485/1420/1328 1486/1418/1329 1487/1419/1288
f 1486/1418/1329 1488/1417/1330 1487/1419/1288
f 1493/1415/1331 1496/1413/1327 1495/1410/1326
f 1494/1414/1332 1493/1415/1331 1495/1410/1326
f 1492/1421/1333 1493/1415/1331 1494/1414/1332
f 1490/1416/1334 1493/1415/1331 1492/1421/1333
f 1489/1423/1316 1490/1416/1334 1491/1422/1335
f 1491/1422/1335 1490/1416/1334 1492/1421/1333
