# Blender 4.5.10 LTS
# www.blender.org
mtllib miku3.mtl
o miku3
v -0.193445 0.404388 9.933181
v -0.258195 0.837327 9.962535
v -0.174609 0.389475 10.833203
v -0.248385 0.897173 10.837080
v -0.503853 1.172785 9.981920
v -0.498359 1.256121 10.836526
v -0.854680 1.274107 9.990782
v -0.889213 1.336065 10.832095
v -1.194519 1.123308 9.983582
v -1.256522 1.155695 10.834311
v -1.419378 0.789963 9.979151
v -1.508458 0.805644 10.842065
v -1.502180 0.357087 9.969735
v -1.615198 0.337373 10.853696
v -1.411137 -0.119440 10.839849
v -1.322842 -0.060042 9.944812
v -0.991636 -0.311268 9.914904
v -1.045398 -0.379562 10.822126
v -0.593718 -0.300579 9.904380
v -0.593718 -0.387755 10.816033
v -0.308033 -0.071436 10.822680
v -0.315489 -0.029255 9.914350
v -0.174609 0.389475 10.833203
v -0.193445 0.404388 9.933181
v 0.193485 0.404388 9.933181
v 0.174648 0.389475 10.833203
v 0.258235 0.837327 9.962535
v 0.248424 0.897173 10.837080
v 0.503892 1.172785 9.981920
v 0.498398 1.256121 10.836526
v 0.854719 1.274107 9.990782
v 0.889252 1.336065 10.832095
v 1.194558 1.123308 9.983582
v 1.256561 1.155695 10.834311
v 1.419417 0.789963 9.979151
v 1.508497 0.805644 10.842065
v 1.501826 0.357087 9.969735
v 1.615237 0.337373 10.853696
v 1.411176 -0.119440 10.839849
v 1.322881 -0.060042 9.944812
v 0.991675 -0.311268 9.914904
v 1.045437 -0.379562 10.822126
v 0.593365 -0.300579 9.904380
v 0.593757 -0.387755 10.816033
v 0.308072 -0.071436 10.822680
v 0.315529 -0.029255 9.914350
v 0.174648 0.389475 10.833203
v 0.193485 0.404388 9.933181
v 6.230545 -0.452853 13.100714
v 6.323157 -0.286629 13.067482
v 6.037472 -0.107283 13.255795
v 6.325511 1.733989 13.068590
v 6.225051 1.844016 13.099052
v 6.053169 1.541458 13.262441
v -6.323099 -0.286629 13.065821
v -6.230487 -0.452853 13.098498
v -6.037414 -0.107283 13.254133
v -6.224993 1.844016 13.096836
v -6.325453 1.733989 13.066928
v -6.053111 1.541458 13.260779
v -0.157725 1.411910 17.466238
v -0.100432 1.487373 17.321127
v -0.098469 1.466251 17.498362
v -0.366887 -0.109523 17.231401
v -0.347266 -0.078095 17.312819
v -0.370812 -0.193947 17.156076
v 0.000029 0.348443 17.896034
v 0.000029 0.272148 17.851725
v -0.144383 0.259282 17.810184
v 0.100490 1.487373 17.321127
v 0.157783 1.411910 17.466238
v 0.098527 1.466251 17.498362
v 0.346932 -0.078095 17.312819
v 0.366945 -0.109523 17.231401
v 0.370870 -0.193947 17.156076
v 0.000029 0.272148 17.851725
v 0.000029 0.348443 17.896034
v 0.144441 0.259282 17.810184
v -0.133003 -0.077519 17.346050
v 0.000029 0.144647 17.585873
v 0.000029 0.039100 17.585873
v 0.000029 0.144647 17.585873
v 0.133061 -0.077519 17.346050
v 0.000029 0.039100 17.585873
v 0.374401 1.381314 14.202895
v 0.392453 1.387523 14.236127
v 0.372047 1.410565 14.197910
v 0.445038 -0.694093 14.292067
v 0.440329 -0.727057 14.284312
v 0.463089 -0.695565 14.321421
v 0.432480 1.342911 14.273789
v 0.437189 1.309947 14.281543
v 0.455241 1.311419 14.310344
v 0.731900 -0.670411 14.250527
v 0.667542 -0.740818 14.097662
v 0.598868 -0.904098 13.981351
v 0.583563 1.545555 13.996859
v 0.645174 1.384387 14.072738
v 0.746419 1.272951 14.236680
v 0.412859 -0.763220 14.240004
v 0.392845 -0.757011 14.208433
v 0.390491 -0.786262 14.203449
v -0.807187 -0.693261 14.023444
v -0.868013 -0.753939 13.883318
v -0.894305 -0.831259 13.883872
v 0.851981 -1.250949 13.007112
v 0.823727 -1.166781 13.085759
v 1.152971 -1.020462 13.068590
v 2.166209 0.465639 13.145576
v 1.878170 -0.055437 13.203177
v 1.951554 0.506347 13.262441
v -0.893913 1.629339 13.726576
v -0.868013 1.560532 13.716606
v -0.658066 1.365697 14.052799
v 6.230545 -0.452853 13.100714
v 6.037472 -0.107283 13.255795
v 6.380058 -0.276387 13.336658
v 6.406743 -0.210333 13.132283
v 6.129692 0.194700 13.461830
v 6.549978 -0.036491 13.551002
v 6.470708 0.059454 13.510016
v 6.161478 0.679996 13.645158
v 6.506419 0.555440 13.829040
v 6.455796 0.679484 13.773100
v 6.506026 0.801928 13.828485
v 6.467569 1.291833 13.508354
v 6.134401 1.188143 13.468476
v 6.547624 1.388931 13.549340
v 6.406743 1.593303 13.135607
v 6.053169 1.541458 13.262441
v 6.374957 1.661470 13.333889
v 6.225051 1.844016 13.099052
v 5.347591 0.687805 13.180470
v 5.628959 -0.427251 12.796090
v 6.041789 -0.406705 12.710242
v 6.323157 -0.286629 13.067482
v 6.031193 -0.526717 12.814368
v 5.911897 -0.602436 12.505314
v 5.714900 -0.577154 12.459344
v 5.557930 -0.456566 12.198476
v 5.129011 -0.308135 12.408942
v 5.262827 -0.478072 12.047826
v 5.071717 -0.422962 12.034534
v 5.137644 -0.277156 11.959208
v 4.612581 0.170057 12.251092
v 4.642013 -0.093073 11.839021
v 4.645545 0.069183 11.952008
v 4.476017 0.223182 11.821851
v 4.171496 0.664122 11.831820
v 4.395570 0.671099 12.191276
v 4.598846 1.177902 12.234476
v 4.499955 1.180206 11.810774
v 4.622391 1.287993 11.931515
v 4.625923 1.449865 11.821851
v 5.150986 1.687521 11.954224
v 5.141568 1.626715 12.422235
v 5.642694 1.780650 12.782244
v 6.043751 1.867827 12.709134
v 6.325511 1.733989 13.068590
v 6.033155 2.005185 12.813260
v 5.915821 2.007041 12.504760
v 5.714507 1.950907 12.453251
v 5.540663 1.793323 12.180199
v 5.259688 1.855090 12.043395
v 5.089376 1.840816 12.031764
v 3.684105 0.707071 13.818516
v 3.917205 0.284437 13.670635
v 3.841075 0.679868 13.089083
v 4.051022 0.197068 13.298995
v 4.330820 -0.096273 13.579248
v 4.397532 -0.128533 13.122868
v 4.485043 -0.223902 13.322811
v 4.530956 -0.191259 13.578694
v 4.173851 0.039420 12.956156
v 4.049452 0.357596 12.709134
v 3.894445 0.675772 12.614425
v 3.409801 0.723521 14.565673
v 3.363103 0.985243 14.768940
v 2.909853 0.726401 14.901313
v 3.077811 1.115688 15.023716
v 3.427460 1.222259 15.162181
v 3.375268 0.137414 15.118979
v 3.368204 0.428003 14.773925
v 3.069570 0.332762 15.023162
v 3.409801 0.723521 14.565673
v 2.909853 0.726401 14.901313
v 3.642901 1.091365 15.552098
v 3.421574 1.286457 15.168273
v 3.427460 1.222259 15.162181
v 3.363103 0.985243 14.768940
v 3.355254 1.004125 14.750663
v 3.409801 0.723521 14.565673
v 3.971752 0.676348 12.805506
v 4.137748 0.161224 13.081328
v 4.007855 0.674299 12.648210
v 4.228397 0.129669 12.792768
v 4.211131 0.668155 12.149182
v 4.471701 0.063742 12.199030
v 4.171496 0.664122 11.831820
v 4.476017 0.223182 11.821851
v 4.645545 0.069183 11.952008
v 4.642013 -0.093073 11.839021
v 5.041500 -0.347371 12.412266
v 5.137644 -0.277156 11.959208
v 5.071717 -0.422962 12.034534
v 5.262827 -0.478072 12.047826
v 5.557930 -0.456566 12.198476
v 5.641909 -0.491321 12.783352
v 5.714900 -0.577154 12.459344
v 5.911897 -0.602436 12.505314
v 6.031193 -0.526717 12.814368
v 5.751003 -0.429171 12.918493
v 6.041789 -0.406705 12.710242
v 6.006078 -0.284068 13.233087
v 6.323157 -0.286629 13.067482
v 6.230545 -0.452853 13.100714
v 6.089272 -0.080912 13.424168
v 6.380058 -0.276387 13.336658
v 6.406743 -0.210333 13.132283
v 6.172859 0.122244 13.615250
v 6.549978 -0.036491 13.551002
v 6.470708 0.059454 13.510016
v 6.206999 0.678972 13.829594
v 6.506419 0.555440 13.829040
v 6.455796 0.679484 13.773100
v 6.506026 0.801928 13.828485
v 6.467569 1.291833 13.508354
v 6.179530 1.260726 13.623004
v 6.547624 1.388931 13.549340
v 6.406743 1.593303 13.135607
v 6.093589 1.455690 13.428045
v 6.374957 1.661470 13.333889
v 6.007256 1.650653 13.232533
v 6.225051 1.844016 13.099052
v 6.325511 1.733989 13.068590
v 6.043751 1.867827 12.709134
v 5.752180 1.807277 12.917386
v 6.033155 2.005185 12.813260
v 5.642694 1.874356 12.782244
v 5.915821 2.007041 12.504760
v 5.714507 1.950907 12.453251
v 5.540663 1.793323 12.180199
v 5.026980 1.730213 12.390111
v 5.259688 1.855090 12.043395
v 5.089376 1.840816 12.031764
v 5.150986 1.687521 11.954224
v 4.454434 1.283064 12.182967
v 4.625923 1.449865 11.821851
v 4.622391 1.287993 11.931515
v 4.499955 1.180206 11.810774
v 4.211131 0.668155 12.149182
v 4.171496 0.664122 11.831820
v 4.007855 0.674299 12.648210
v 4.216625 1.223090 12.777813
v 4.621999 1.611417 13.042005
v 5.040323 1.719460 13.417521
v 5.332679 1.525457 13.776977
v 5.432354 1.212529 14.009598
v 5.570095 0.679484 14.106524
v 5.438241 0.179338 14.014029
v 5.328754 -0.152983 13.779192
v 5.038361 -0.324264 13.418630
v 4.637303 -0.224414 13.058066
v 4.317478 0.012857 13.155546
v 4.443054 -0.137238 13.387059
v 4.530956 -0.191259 13.578694
v 4.782108 -0.224670 13.676728
v 5.009321 -0.186522 13.831255
v 5.240459 -0.130709 13.855625
v 5.243598 1.505487 13.853963
v 5.000296 1.569493 13.826270
v 4.782893 1.613145 13.676174
v 4.523108 1.571413 13.570387
v 4.430103 1.522448 13.370997
v 4.303743 1.333949 13.156099
v 4.124798 1.195056 13.066374
v 3.971752 0.676348 12.805506
v 4.523108 1.571413 13.570387
v 4.317870 1.479884 13.565956
v 4.471701 1.608665 13.306749
v 4.037287 1.163052 13.285149
v 3.892483 1.096678 13.679498
v 3.684105 0.707071 13.818516
v 3.841075 0.679868 13.089083
v 4.042781 0.995804 12.700827
v 3.894445 0.675772 12.614425
v 4.160508 1.315836 12.940648
v 4.401064 1.495694 13.125637
v 4.523108 1.571413 13.570387
v 4.430103 1.522448 13.370997
v 4.471701 1.608665 13.306749
v 4.401064 1.495694 13.125637
v 4.303743 1.333949 13.156099
v 4.124798 1.195056 13.066374
v 4.160508 1.315836 12.940648
v 4.042781 0.995804 12.700827
v 3.971752 0.676348 12.805506
v 3.894445 0.675772 12.614425
v 5.794954 0.706047 14.170771
v 5.694494 0.419938 14.149171
v 5.570095 0.679484 14.106524
v 5.438241 0.179338 14.014029
v 5.683114 0.133894 14.038953
v 5.506130 0.010553 13.990767
v 5.240459 -0.130709 13.855625
v 5.441380 -0.146775 13.861163
v 5.305209 -0.251681 13.803008
v 5.009321 -0.186522 13.831255
v 5.087021 -0.315111 13.752053
v 4.782108 -0.224670 13.676728
v 4.868441 -0.337962 13.594757
v 4.559996 -0.258850 13.541586
v 4.530956 -0.191259 13.578694
v 4.530956 -0.191259 13.578694
v 4.443054 -0.137238 13.387059
v 4.485043 -0.223902 13.322811
v 4.397532 -0.128533 13.122868
v 4.317478 0.012857 13.155546
v 4.137748 0.161224 13.081328
v 4.173851 0.039420 12.956156
v 4.049452 0.357596 12.709134
v 3.971752 0.676348 12.805506
v 3.894445 0.675772 12.614425
v 5.794954 0.706047 14.170771
v 5.691354 0.982106 14.146955
v 5.570095 0.679484 14.106524
v 5.676442 1.258166 14.034521
v 5.432354 1.212529 14.009598
v 5.504168 1.373122 13.985228
v 5.438633 1.550547 13.856178
v 5.243598 1.505487 13.853963
v 5.308741 1.626651 13.800793
v 5.000296 1.569493 13.826270
v 5.077211 1.700130 13.747622
v 4.782893 1.613145 13.676174
v 4.869618 1.726309 13.594203
v 4.565097 1.635164 13.536048
v 4.523108 1.571413 13.570387
v 4.530956 -0.191259 13.578694
v 4.559996 -0.258850 13.541586
v 4.330820 -0.096273 13.579248
v 4.306882 -0.136854 13.557648
v 3.917205 0.284437 13.670635
v 3.885027 0.260306 13.662328
v 3.640154 0.707071 13.774761
v 3.684105 0.707071 13.818516
v 4.565097 1.635164 13.536048
v 4.307275 1.520144 13.557648
v 4.523108 1.571413 13.570387
v 4.317870 1.479884 13.565956
v 3.860696 1.120808 13.671189
v 3.892483 1.096678 13.679498
v 3.640154 0.707071 13.774761
v 3.684105 0.707071 13.818516
v 3.409801 0.723521 14.565673
v 3.358394 0.410849 14.753985
v 3.368204 0.428003 14.773925
v 3.373698 0.105347 15.116210
v 3.375268 0.137414 15.118979
v 3.564024 0.204429 15.465142
v 1.581105 0.769861 16.421104
v 1.661160 0.788359 16.066633
v 1.664692 0.408033 16.505291
v 1.787128 0.326617 16.192360
v 1.820876 0.285333 16.660925
v 2.025722 0.112772 16.431074
v 2.003746 0.373854 16.844254
v 2.305520 0.211662 16.710773
v 2.109308 0.573618 16.949486
v 2.464844 0.517804 16.870285
v 2.128144 0.834892 16.968317
v 2.493491 0.869327 16.898531
v 2.015519 1.072100 16.855885
v 2.327496 1.165613 16.732927
v 1.860511 1.210930 16.700804
v 2.084585 1.353408 16.489782
v 1.670578 1.105767 16.510830
v 1.802825 1.213106 16.208422
v 1.581105 0.769861 16.421104
v 1.661160 0.788359 16.066633
v 1.927223 1.213938 16.110943
v 1.785558 0.790279 15.969708
v 2.231352 0.768133 15.873891
v 2.315723 1.016798 15.958632
v 2.748174 0.997404 15.518312
v 2.671652 0.754692 15.433018
v 2.918486 0.993884 15.348831
v 2.877282 0.753092 15.220890
v 3.141383 0.980186 15.123410
v 3.212804 0.740098 14.894666
v 3.300315 0.980378 14.953375
v 3.450613 1.061795 15.136149
v 3.299138 1.076004 15.286799
v 3.075848 1.087589 15.502805
v 2.903967 1.090341 15.669517
v 2.471515 1.101286 16.113712
v 2.201920 1.355008 16.385656
v 2.441299 1.164909 16.625479
v 2.602977 0.866191 16.786652
v 2.575115 0.508779 16.758959
v 2.418931 0.198988 16.602770
v 2.144626 0.103299 16.328609
v 2.595914 0.402785 16.238331
v 2.684602 0.590451 16.327501
v 2.700691 0.808009 16.343563
v 2.609648 0.986843 16.252176
v 3.070747 0.946839 15.831244
v 3.246160 0.946071 15.670624
v 3.462778 0.931541 15.463480
v 3.609937 0.931733 15.340524
v 3.632698 0.739266 15.447972
v 3.403522 0.742595 15.665086
v 3.163359 0.751171 15.909891
v 3.144915 0.558960 15.897707
v 3.537339 0.550383 15.485081
v 3.625242 0.547119 15.407540
v 3.538124 0.407713 15.297876
v 3.043669 0.409825 15.800227
v 3.384686 0.358748 15.137811
v 2.886700 0.358428 15.647916
v 3.177094 0.486761 15.104579
v 3.277554 0.467879 14.986053
v 3.212804 0.740098 14.894666
v 2.877282 0.753092 15.220890
v 2.747389 0.490729 15.513882
v 2.438944 0.349659 16.081589
v 2.302773 0.479464 15.945338
v 2.671652 0.754692 15.433018
v 1.909564 0.319448 16.093220
v 2.231352 0.768133 15.873891
v 1.785558 0.790279 15.969708
v 1.466517 0.807817 16.339687
v 1.568548 0.591348 16.342457
v 1.518710 0.794696 16.553476
v 1.598372 0.468455 16.633232
v 1.657628 0.338586 16.414457
v 1.797331 0.188619 16.475382
v 1.740037 0.320728 16.774467
v 1.885626 0.167561 16.616062
v 2.043381 0.208845 16.720743
v 1.924869 0.381471 16.959455
v 2.145411 0.250193 16.881361
v 2.247834 0.387039 16.934532
v 2.019443 0.593524 17.054167
v 2.209376 0.500202 17.073551
v 2.285114 0.691582 17.055273
v 2.036317 0.840140 17.070782
v 2.237238 0.859278 17.099030
v 2.276873 0.999132 16.963886
v 1.939388 1.043425 16.974411
v 2.176020 1.138986 16.913486
v 2.081053 1.230644 16.760067
v 1.773393 1.173678 16.808252
v 1.930363 1.322301 16.662033
v 1.826763 1.288697 16.506399
v 1.590916 1.078052 16.626032
v 1.672540 1.198384 16.429966
v 1.576004 1.003101 16.350763
v 1.518710 0.794696 16.553476
v 1.466517 0.807817 16.339687
v 1.466517 0.807817 16.339687
v 1.581105 0.769861 16.421104
v 1.568548 0.591348 16.342457
v 1.664692 0.408033 16.505291
v 1.657628 0.338586 16.414457
v 1.797331 0.188619 16.475382
v 1.820876 0.285333 16.660925
v 1.885626 0.167561 16.616062
v 2.043381 0.208845 16.720743
v 2.003746 0.373854 16.844254
v 2.145411 0.250193 16.881361
v 2.247834 0.387039 16.934532
v 2.109308 0.573618 16.949486
v 2.209376 0.500202 17.073551
v 2.285114 0.691582 17.055273
v 2.128144 0.834892 16.968317
v 2.237238 0.859278 17.099030
v 2.276873 0.999132 16.963886
v 2.015519 1.072100 16.855885
v 2.176020 1.138986 16.913486
v 2.081053 1.230644 16.760067
v 1.860511 1.210930 16.700804
v 1.930363 1.322301 16.662033
v 1.826763 1.288697 16.506399
v 1.670578 1.105767 16.510830
v 1.672540 1.198384 16.429966
v 1.576004 1.003101 16.350763
v 1.581105 0.769861 16.421104
v 1.466517 0.807817 16.339687
v -6.230487 -0.452853 13.098498
v -6.037414 -0.107283 13.254133
v -6.380001 -0.276387 13.334996
v -6.406685 -0.210333 13.130622
v -6.129241 0.194700 13.459615
v -6.549920 -0.036491 13.549340
v -6.470258 0.059454 13.508354
v -6.161420 0.679996 13.643497
v -6.506361 0.555440 13.826824
v -6.455738 0.679484 13.770885
v -6.505576 0.801928 13.826824
v -6.467511 1.291833 13.506693
v -6.134343 1.188143 13.466261
v -6.547565 1.388931 13.547679
v -6.406685 1.593303 13.133945
v -6.053111 1.541458 13.260779
v -6.374899 1.661470 13.332227
v -6.224993 1.844016 13.096836
v -5.347533 0.687805 13.178808
v -5.628901 -0.427251 12.794429
v -6.041731 -0.406705 12.708581
v -6.323099 -0.286629 13.065821
v -6.031136 -0.526717 12.812153
v -5.911839 -0.602436 12.503653
v -5.714842 -0.577154 12.457129
v -5.557872 -0.456566 12.196814
v -5.128953 -0.308135 12.407281
v -5.262769 -0.478072 12.046165
v -5.071659 -0.422962 12.032871
v -5.137586 -0.277156 11.956993
v -4.612523 0.170057 12.249431
v -4.641562 -0.093073 11.837358
v -4.645486 0.069183 11.949793
v -4.475959 0.223182 11.819635
v -4.171046 0.664122 11.829605
v -4.395512 0.671099 12.189060
v -4.598788 1.177902 12.232815
v -4.499897 1.180206 11.809112
v -4.621941 1.287993 11.929299
v -4.625865 1.449865 11.819635
v -5.150928 1.687521 11.952561
v -5.141510 1.626715 12.420573
v -5.642636 1.780650 12.780028
v -6.043693 1.867827 12.707473
v -6.325453 1.733989 13.066928
v -5.714449 1.950907 12.451590
v -5.915763 2.007041 12.503098
v -6.033098 2.005185 12.811599
v -5.540213 1.793323 12.178536
v -5.259630 1.855090 12.041180
v -5.089318 1.840816 12.029549
v -3.684047 0.707071 13.816300
v -3.841017 0.679868 13.087420
v -3.917147 0.284437 13.668420
v -4.050964 0.197068 13.297334
v -4.330762 -0.096273 13.577033
v -4.397474 -0.128533 13.120652
v -4.484985 -0.223902 13.321150
v -4.530899 -0.191259 13.576479
v -4.173793 0.039420 12.954494
v -4.049394 0.357596 12.706919
v -3.894387 0.675772 12.612209
v -3.409743 0.723521 14.563457
v -3.363045 0.985243 14.766725
v -2.909795 0.726401 14.899651
v -3.077752 1.115688 15.022054
v -3.427402 1.222259 15.159966
v -3.375210 0.137414 15.116764
v -3.368146 0.428003 14.772264
v -3.069512 0.332762 15.021500
v -3.409743 0.723521 14.563457
v -2.909795 0.726401 14.899651
v -3.642843 1.091365 15.550436
v -3.421516 1.286457 15.166612
v -3.427402 1.222259 15.159966
v -3.363045 0.985243 14.766725
v -3.355196 1.004125 14.749001
v -3.409743 0.723521 14.563457
v -3.971694 0.676348 12.803844
v -4.137297 0.161224 13.079667
v -4.007797 0.674299 12.646548
v -4.228340 0.129669 12.790552
v -4.211073 0.668155 12.147520
v -4.471642 0.063742 12.196814
v -4.171046 0.664122 11.829605
v -4.475959 0.223182 11.819635
v -4.645486 0.069183 11.949793
v -4.641562 -0.093073 11.837358
v -5.041442 -0.347371 12.410604
v -5.137586 -0.277156 11.956993
v -5.071659 -0.422962 12.032871
v -5.262769 -0.478072 12.046165
v -5.557872 -0.456566 12.196814
v -5.641851 -0.491321 12.781691
v -5.714842 -0.577154 12.457129
v -5.911839 -0.602436 12.503653
v -6.031136 -0.526717 12.812153
v -5.750945 -0.429171 12.916278
v -6.041731 -0.406705 12.708581
v -6.006021 -0.284068 13.231424
v -6.323099 -0.286629 13.065821
v -6.230487 -0.452853 13.098498
v -6.089214 -0.080912 13.422506
v -6.380001 -0.276387 13.334996
v -6.406685 -0.210333 13.130622
v -6.172801 0.122244 13.613588
v -6.549920 -0.036491 13.549340
v -6.470258 0.059454 13.508354
v -6.206942 0.678972 13.827931
v -6.506361 0.555440 13.826824
v -6.455738 0.679484 13.770885
v -6.505576 0.801928 13.826824
v -6.467511 1.291833 13.506693
v -6.179472 1.260726 13.621342
v -6.547565 1.388931 13.547679
v -6.406685 1.593303 13.133945
v -6.093139 1.455690 13.425829
v -6.374899 1.661470 13.332227
v -6.007197 1.650653 13.230870
v -6.224993 1.844016 13.096836
v -6.325453 1.733989 13.066928
v -6.043693 1.867827 12.707473
v -5.752122 1.807277 12.915171
v -6.033098 2.005185 12.811599
v -5.642636 1.874356 12.780028
v -5.915763 2.007041 12.503098
v -5.714449 1.950907 12.451590
v -5.026922 1.730213 12.388450
v -5.540213 1.793323 12.178536
v -5.259630 1.855090 12.041180
v -5.089318 1.840816 12.029549
v -5.150928 1.687521 11.952561
v -4.454376 1.283064 12.181306
v -4.625865 1.449865 11.819635
v -4.621941 1.287993 11.929299
v -4.499897 1.180206 11.809112
v -4.211073 0.668155 12.147520
v -4.171046 0.664122 11.829605
v -4.007797 0.674299 12.646548
v -4.216567 1.223090 12.776152
v -4.621941 1.611417 13.040343
v -5.039873 1.719460 13.415860
v -5.332228 1.525457 13.775315
v -5.432296 1.212529 14.007936
v -5.570037 0.679484 14.104862
v -5.437790 0.179338 14.012367
v -5.328697 -0.152983 13.777531
v -5.038303 -0.324264 13.416967
v -4.637246 -0.224414 13.055851
v -4.317420 0.012857 13.153884
v -4.442996 -0.137238 13.385398
v -4.530899 -0.191259 13.576479
v -4.782050 -0.224670 13.675066
v -5.008871 -0.186522 13.829040
v -5.240401 -0.130709 13.853963
v -5.243540 1.505487 13.852302
v -5.000237 1.569493 13.824609
v -4.782835 1.613145 13.674513
v -4.522657 1.571413 13.568172
v -4.430046 1.522448 13.369336
v -4.303685 1.333949 13.153884
v -4.124740 1.195056 13.064713
v -3.971694 0.676348 12.803844
v -4.522657 1.571413 13.568172
v -4.317812 1.479884 13.563741
v -4.471642 1.608665 13.304534
v -4.037229 1.163052 13.283487
v -4.401006 1.495694 13.123976
v -4.160450 1.315836 12.938433
v -4.042723 0.995804 12.699165
v -3.841017 0.679868 13.087420
v -3.894387 0.675772 12.612209
v -3.684047 0.707071 13.816300
v -3.892425 1.096678 13.677281
v -4.522657 1.571413 13.568172
v -4.471642 1.608665 13.304534
v -4.430046 1.522448 13.369336
v -4.401006 1.495694 13.123976
v -4.303685 1.333949 13.153884
v -4.124740 1.195056 13.064713
v -4.160450 1.315836 12.938433
v -4.042723 0.995804 12.699165
v -3.971694 0.676348 12.803844
v -3.894387 0.675772 12.612209
v -5.794896 0.706047 14.169109
v -5.694436 0.419938 14.147509
v -5.570037 0.679484 14.104862
v -5.437790 0.179338 14.012367
v -5.682663 0.133894 14.037291
v -5.506072 0.010553 13.988551
v -5.240401 -0.130709 13.853963
v -5.441322 -0.146775 13.858948
v -5.305151 -0.251681 13.800793
v -5.008871 -0.186522 13.829040
v -5.086963 -0.315111 13.750391
v -4.782050 -0.224670 13.675066
v -4.868383 -0.337962 13.593095
v -4.559938 -0.258850 13.539925
v -4.530899 -0.191259 13.576479
v -4.530899 -0.191259 13.576479
v -4.442996 -0.137238 13.385398
v -4.484985 -0.223902 13.321150
v -4.397474 -0.128533 13.120652
v -4.317420 0.012857 13.153884
v -4.137297 0.161224 13.079667
v -4.173793 0.039420 12.954494
v -4.049394 0.357596 12.706919
v -3.971694 0.676348 12.803844
v -3.894387 0.675772 12.612209
v -5.794896 0.706047 14.169109
v -5.691296 0.982106 14.145293
v -5.570037 0.679484 14.104862
v -5.676384 1.258166 14.032860
v -5.432296 1.212529 14.007936
v -5.504110 1.373122 13.983012
v -5.438575 1.550547 13.853963
v -5.243540 1.505487 13.852302
v -5.308683 1.626651 13.799131
v -5.000237 1.569493 13.824609
v -5.077153 1.700130 13.745406
v -4.782835 1.613145 13.674513
v -4.869168 1.726309 13.592542
v -4.565040 1.635164 13.534386
v -4.522657 1.571413 13.568172
v -4.530899 -0.191259 13.576479
v -4.559938 -0.258850 13.539925
v -4.330762 -0.096273 13.577033
v -4.306824 -0.136854 13.555432
v -3.917147 0.284437 13.668420
v -3.884969 0.260306 13.660112
v -3.640096 0.707071 13.772546
v -3.684047 0.707071 13.816300
v -4.565040 1.635164 13.534386
v -4.307217 1.520144 13.555986
v -4.522657 1.571413 13.568172
v -4.317812 1.479884 13.563741
v -3.860246 1.120808 13.668974
v -3.892425 1.096678 13.677281
v -3.640096 0.707071 13.772546
v -3.684047 0.707071 13.816300
v -3.409743 0.723521 14.563457
v -3.358335 0.410849 14.752324
v -3.368146 0.428003 14.772264
v -3.373640 0.105347 15.113995
v -3.375210 0.137414 15.116764
v -3.563573 0.204429 15.463480
v -1.581047 0.769861 16.419443
v -1.661102 0.788359 16.064972
v -1.664634 0.408033 16.503075
v -1.787070 0.326617 16.190699
v -1.820818 0.285333 16.659264
v -2.025664 0.112772 16.429413
v -2.003688 0.373854 16.842037
v -2.305462 0.211662 16.709112
v -2.109250 0.573618 16.947824
v -2.464786 0.517804 16.868624
v -2.128086 0.834892 16.966656
v -2.493041 0.869327 16.896870
v -2.015461 1.072100 16.853668
v -2.327045 1.165613 16.730713
v -1.860453 1.210930 16.699142
v -2.084527 1.353408 16.488121
v -1.670128 1.105767 16.508614
v -1.802767 1.213106 16.206207
v -1.581047 0.769861 16.419443
v -1.661102 0.788359 16.064972
v -1.927165 1.213938 16.109282
v -1.785500 0.790279 15.967493
v -2.231294 0.768133 15.872229
v -2.315665 1.016798 15.956416
v -2.747724 0.997404 15.516651
v -2.671594 0.754692 15.431356
v -2.918428 0.993884 15.346616
v -2.877224 0.753092 15.219228
v -3.141325 0.980186 15.121749
v -3.212746 0.740098 14.892450
v -3.300257 0.980378 14.951714
v -3.450555 1.061795 15.133934
v -3.299080 1.076004 15.285137
v -3.075398 1.087589 15.501143
v -2.903909 1.090341 15.667301
v -2.471457 1.101286 16.112051
v -2.201862 1.355008 16.383995
v -2.441241 1.164909 16.623262
v -2.602919 0.866191 16.784990
v -2.575057 0.508779 16.756744
v -2.418873 0.198988 16.601109
v -2.144568 0.103299 16.326948
v -1.909506 0.319448 16.091558
v -1.785500 0.790279 15.967493
v -2.231294 0.768133 15.872229
v -2.302715 0.479464 15.943123
v -2.438886 0.349659 16.079372
v -2.595856 0.402785 16.236670
v -2.684544 0.590451 16.325287
v -2.700633 0.808009 16.341349
v -2.609198 0.986843 16.249962
v -3.070296 0.946839 15.829582
v -3.246102 0.946071 15.668962
v -3.462720 0.931541 15.461819
v -3.609487 0.931733 15.338861
v -3.632640 0.739266 15.446311
v -3.403464 0.742595 15.663424
v -3.163301 0.751171 15.908230
v -3.144857 0.558960 15.896045
v -3.537281 0.550383 15.483419
v -3.625184 0.547119 15.405879
v -3.538066 0.407713 15.296215
v -3.043612 0.409825 15.798566
v -3.384236 0.358748 15.136149
v -2.886642 0.358428 15.646255
v -3.177036 0.486761 15.102918
v -3.277496 0.467879 14.983837
v -3.212746 0.740098 14.892450
v -2.877224 0.753092 15.219228
v -2.747331 0.490729 15.511666
v -2.671594 0.754692 15.431356
v -1.466460 0.807817 16.338026
v -1.518652 0.794696 16.551262
v -1.568490 0.591348 16.340796
v -1.598314 0.468455 16.631571
v -1.657570 0.338586 16.412243
v -1.797273 0.188619 16.473167
v -1.739979 0.320728 16.772806
v -1.885568 0.167561 16.614401
v -2.043323 0.208845 16.719082
v -1.924811 0.381471 16.957794
v -2.145353 0.250193 16.879147
v -2.247776 0.387039 16.932871
v -2.018992 0.593524 17.051950
v -2.209318 0.500202 17.071337
v -2.285056 0.691582 17.053612
v -2.036259 0.840140 17.069120
v -2.237180 0.859278 17.097368
v -2.276815 0.999132 16.961672
v -1.939330 1.043425 16.972195
v -2.175962 1.138986 16.911270
v -2.080996 1.230644 16.757851
v -1.773335 1.173678 16.806038
v -1.930305 1.322301 16.660372
v -1.826705 1.288697 16.504183
v -1.590858 1.078052 16.623817
v -1.672090 1.198384 16.428305
v -1.575946 1.003101 16.348549
v -1.518652 0.794696 16.551262
v -1.466460 0.807817 16.338026
v -1.466460 0.807817 16.338026
v -1.581047 0.769861 16.419443
v -1.568490 0.591348 16.340796
v -1.664634 0.408033 16.503075
v -1.657570 0.338586 16.412243
v -1.797273 0.188619 16.473167
v -1.820818 0.285333 16.659264
v -1.885568 0.167561 16.614401
v -2.043323 0.208845 16.719082
v -2.003688 0.373854 16.842037
v -2.145353 0.250193 16.879147
v -2.247776 0.387039 16.932871
v -2.109250 0.573618 16.947824
v -2.209318 0.500202 17.071337
v -2.285056 0.691582 17.053612
v -2.128086 0.834892 16.966656
v -2.237180 0.859278 17.097368
v -2.276815 0.999132 16.961672
v -2.015461 1.072100 16.853668
v -2.175962 1.138986 16.911270
v -2.080996 1.230644 16.757851
v -1.860453 1.210930 16.699142
v -1.930305 1.322301 16.660372
v -1.826705 1.288697 16.504183
v -1.670128 1.105767 16.508614
v -1.672090 1.198384 16.428305
v -1.575946 1.003101 16.348549
v -1.581047 0.769861 16.419443
v -1.466460 0.807817 16.338026
v -0.304100 1.283449 17.875540
v 0.000029 1.322749 17.877756
v -0.304884 1.399108 17.611904
v 0.000029 1.414662 17.670612
v -0.098469 1.466251 17.498362
v -0.476374 1.324157 17.722122
v -0.304100 1.283449 17.875540
v 0.000029 1.148523 18.189026
v -0.304100 1.283449 17.875540
v -0.236210 1.064739 18.182379
v -0.223653 1.076772 18.483679
v -0.384939 0.978010 18.490879
v -0.370812 0.824203 18.150808
v -0.499134 0.843981 18.484232
v -0.545440 0.645561 18.463186
v -0.323721 0.594228 18.109270
v -0.463424 0.436644 18.429955
v -0.339810 0.296342 18.387861
v -0.239742 0.387423 18.039484
v -0.205994 0.228367 18.308105
v -0.118483 0.319640 17.966373
v -0.059227 0.201613 18.195118
v 0.000029 0.280020 17.900465
v 0.000029 1.172014 18.479248
v 0.000029 0.255442 18.045576
v 0.000029 0.272148 17.851725
v -0.137712 0.274772 17.845633
v -0.144383 0.259282 17.810184
v -0.277022 0.294678 17.844524
v -0.260148 0.164809 17.660089
v -0.277022 0.294678 17.844524
v -0.473627 0.338394 17.827354
v -0.447334 0.180811 17.647903
v -0.322151 0.018746 17.477869
v -0.422219 0.035644 17.476208
v -0.347266 -0.078095 17.312819
v -0.277022 0.294678 17.844524
v -0.473627 0.338394 17.827354
v -0.508552 0.360220 17.927050
v -0.579974 0.471784 17.940342
v -0.625887 0.555760 17.916527
v -0.678472 0.693950 17.937019
v -0.729095 0.931158 17.992405
v -0.644331 1.188975 17.859478
v -0.304100 1.283449 17.875540
v -0.476374 1.324157 17.722122
v 0.000029 1.172014 18.479248
v 0.000029 0.606069 17.927603
v -0.223653 1.076772 18.483679
v -0.384939 0.978010 18.490879
v -0.499134 0.843981 18.484232
v -0.545440 0.645561 18.463186
v -0.463424 0.436644 18.429955
v -0.339810 0.296342 18.387861
v -0.205994 0.228367 18.308105
v -0.059227 0.201613 18.195118
v 0.000029 0.255442 18.045576
v -0.100432 1.487373 17.321127
v -0.098469 1.466251 17.498362
v -0.316265 1.448777 17.461807
v -0.304884 1.399108 17.611904
v -0.447334 1.439688 17.490608
v -0.599595 1.392324 17.625196
v -0.476374 1.324157 17.722122
v -0.723993 1.202417 17.790800
v -0.644331 1.188975 17.859478
v -0.871152 0.931350 17.965820
v -0.729095 0.931158 17.992405
v -0.871152 0.931350 17.965820
v -0.729095 0.931158 17.992405
v -0.812289 0.693054 17.885509
v -0.678472 0.693950 17.937019
v -0.760096 0.518956 17.848955
v -0.625887 0.555760 17.916527
v -0.722424 0.411618 17.865017
v -0.579974 0.471784 17.940342
v -0.508552 0.360220 17.927050
v -0.667092 0.308695 17.825140
v -0.636090 0.259538 17.697197
v -0.473627 0.338394 17.827354
v -0.574872 0.128325 17.552641
v -0.447334 0.180811 17.647903
v -0.501489 -0.001160 17.414175
v -0.422219 0.035644 17.476208
v -0.347266 -0.078095 17.312819
v -0.409662 -0.141654 17.234171
v -0.370812 -0.193947 17.156076
v -0.366887 -0.109523 17.231401
v -0.347266 -0.078095 17.312819
v -0.334709 0.030780 17.428576
v -0.322151 0.018746 17.477869
v -0.298213 0.197324 17.660643
v -0.260148 0.164809 17.660089
v -0.144383 0.259282 17.810184
v -0.270351 0.361757 17.740953
v -0.199715 0.378846 17.800215
v 0.000029 0.348443 17.896034
v -0.100432 1.487373 17.321127
v -0.157725 1.411910 17.466238
v -0.316265 1.448777 17.461807
v -0.347659 1.374594 17.595287
v -0.447334 1.439688 17.490608
v -0.586252 1.304443 17.649012
v -0.599595 1.392324 17.625196
v -0.648648 1.169773 17.796892
v -0.723993 1.202417 17.790800
v -0.790313 0.903699 17.906002
v -0.871152 0.931350 17.965820
v -0.871152 0.931350 17.965820
v -0.812289 0.693054 17.885509
v -0.790313 0.903699 17.906002
v -0.718892 0.591860 17.832893
v -0.760096 0.518956 17.848955
v -0.597240 0.424867 17.743168
v -0.722424 0.411618 17.865017
v -0.667092 0.308695 17.825140
v -0.568201 0.261395 17.655104
v -0.636090 0.259538 17.697197
v -0.537984 0.138374 17.525501
v -0.574872 0.128325 17.552641
v -0.470487 0.050045 17.433559
v -0.501489 -0.001160 17.414175
v -0.366887 -0.109523 17.231401
v -0.409662 -0.141654 17.234171
v -0.370812 -0.193947 17.156076
v 0.000029 1.138986 14.639337
v 0.000029 1.065251 15.084641
v -0.495210 1.137258 14.510287
v -0.496387 1.033184 15.084641
v 0.000029 1.144427 15.568160
v -0.516401 1.115176 15.567052
v -0.572125 1.266423 16.076603
v 0.000029 1.284985 16.072727
v -0.352368 1.415750 16.482029
v 0.000029 1.410949 16.491444
v -0.744792 1.359424 16.471506
v -0.995943 1.058082 16.079927
v -1.062655 1.153644 16.466520
v -1.147811 0.634744 16.095989
v -1.216093 0.712704 16.452120
v -1.055592 0.530285 15.536036
v -0.898622 0.925269 15.552098
v -0.839758 0.836748 15.084641
v -0.915104 0.847245 14.585058
v -1.041857 0.929877 14.365176
v -1.103467 0.490857 14.583397
v -0.980639 0.485225 15.084641
v -1.257690 0.496938 14.287082
v 0.000029 -0.565248 16.580616
v -0.118875 -0.558783 16.603325
v 0.000029 -0.487736 16.736805
v -0.241704 -0.490169 16.731819
v -0.238172 -0.532733 16.662588
v -0.389648 -0.505530 16.734589
v -0.279377 -0.358699 16.944502
v 0.000029 -0.350443 16.952810
v -0.140066 -0.248224 17.071890
v 0.000029 -0.240160 17.065243
v 0.000029 -0.140694 17.207586
v -0.160080 -0.131861 17.215893
v 0.000029 0.002297 17.408636
v -0.178132 0.003769 17.418053
v -0.180878 0.170826 17.662304
v 0.000029 0.159240 17.595840
v -0.209133 0.352092 17.740953
v 0.000029 0.305751 17.723783
v -0.199715 0.378846 17.800215
v 0.000029 0.348443 17.896034
v -0.270351 0.361757 17.740953
v -0.298213 0.197324 17.660643
v -0.334709 0.030780 17.428576
v -0.366887 -0.109523 17.231401
v -0.322936 -0.221086 17.081860
v -0.545833 -0.346666 16.942287
v -0.538769 -0.452405 16.807699
v -0.557213 -0.218845 17.091274
v -0.761666 -0.305638 16.926224
v -0.591354 -0.078159 17.241924
v -0.470487 0.050045 17.433559
v -0.629027 0.076096 17.432453
v -0.537984 0.138374 17.525501
v -0.568201 0.261395 17.655104
v -0.666699 0.272148 17.667290
v -0.597240 0.424867 17.743168
v -0.837404 0.129733 17.426361
v -0.802478 -0.034635 17.235832
v -0.955523 0.070720 17.248016
v -0.930408 0.001273 17.175461
v -1.067364 0.054398 17.040874
v -1.040679 -0.052429 16.973856
v -1.118772 0.091586 16.907393
v -0.906863 -0.114451 17.040874
v -0.766375 -0.183962 17.074659
v -0.898622 -0.170073 16.973856
v 0.000029 -0.585474 16.586708
v 0.000029 -0.619974 16.476490
v -0.118875 -0.578753 16.609970
v -0.229539 -0.628679 16.470398
v -0.237388 -0.553023 16.669233
v -0.521110 -0.627590 16.451014
v -0.388863 -0.523452 16.745111
v -0.536807 -0.527228 16.734589
v -0.539946 -0.468278 16.821545
v -0.808364 -0.468726 16.700804
v -0.769515 -0.320232 16.941179
v -0.928446 -0.236959 16.896870
v -0.913142 -0.181530 16.987148
v -1.048920 -0.136149 16.834837
v -1.051667 -0.054733 16.978287
v -1.102682 0.002617 16.784990
v -1.118772 0.091586 16.907393
v -1.165078 0.164361 16.747328
v -1.156052 0.086849 16.572308
v -1.202751 0.333722 16.596125
v -1.188623 0.304727 16.519138
v -1.216093 0.712704 16.452120
v -1.133684 0.221519 16.250515
v -1.147811 0.634744 16.095989
v -1.072073 0.190411 15.980785
v -1.055592 0.530285 15.536036
v -1.003792 0.120708 15.532713
v -0.920598 0.125317 15.084641
v -0.980639 0.485225 15.084641
v -1.103467 0.490857 14.583397
v -1.052060 0.096194 14.584504
v -1.257690 0.496938 14.287082
v -1.164293 0.088897 14.352991
v -1.034008 -0.081744 14.442717
v -0.848392 -0.238240 14.563457
v -0.781680 -0.186586 15.084641
v -0.848392 -0.208605 15.541574
v -0.990842 -0.109139 15.945338
v -1.023805 -0.168024 16.083803
v -1.106214 -0.091089 16.289839
v -1.116025 -0.029067 16.592800
v -1.056376 -0.207388 16.626032
v -0.960233 -0.351915 16.673664
v -0.970436 -0.420530 16.371258
v -1.042642 -0.265890 16.322517
v -0.951207 -0.371373 16.095989
v -0.805618 -0.557823 16.417227
v -0.772654 -0.543806 16.104851
v -0.717714 -0.433715 15.904907
v -0.492071 -0.608004 16.145836
v -0.220906 -0.623494 16.177959
v 0.000029 -0.607556 16.206760
v -0.207956 -0.563072 15.943677
v -0.448119 -0.529149 15.912661
v -0.536415 -0.472823 15.596407
v -0.247591 -0.556351 15.600838
v 0.000029 -0.546366 15.604160
v 0.000029 -0.565440 15.942569
v -0.249160 -0.554559 15.379848
v -0.251122 -0.517051 15.084641
v 0.000029 -0.519356 15.084641
v 0.000029 -0.531901 15.223105
v -0.275453 -0.608133 14.696384
v -0.546618 -0.574273 14.518595
v -0.559568 -0.540222 14.618844
v -0.534060 -0.434035 15.084641
v -0.917851 -0.272739 15.921522
v -0.645508 -0.440244 14.679769
v -0.755387 -0.345514 14.640445
v 0.000029 1.138986 14.639337
v 0.000029 1.106663 14.618290
v -0.495210 1.137258 14.510287
v -0.485400 1.105959 14.487025
v -1.041857 0.929877 14.365176
v -1.018311 0.909331 14.344683
v -1.257690 0.496938 14.287082
v -1.227473 0.492713 14.267142
v 0.000029 -0.519356 15.084641
v -0.275453 -0.608133 14.696384
v -0.269959 -0.573057 14.690291
v -0.536415 -0.540606 14.511949
v -0.546618 -0.574273 14.518595
v -0.536415 -0.540606 14.511949
v -0.546618 -0.574273 14.518595
v -0.548972 -0.503802 14.624936
v -0.559568 -0.540222 14.618844
v -0.620393 -0.415217 14.674784
v -0.645508 -0.440244 14.679769
v -0.620393 -0.415217 14.674784
v -0.645508 -0.440244 14.679769
v -0.729095 -0.321448 14.636567
v -0.755387 -0.345514 14.640445
v -0.819352 -0.219230 14.550719
v -0.848392 -0.238240 14.563457
v -1.007716 -0.067983 14.423331
v -1.034008 -0.081744 14.442717
v -1.134861 0.097026 14.334160
v -1.164293 0.088897 14.352991
v -1.227473 0.492713 14.267142
v -1.257690 0.496938 14.287082
v -1.216093 0.712704 16.452120
v -1.193725 0.705151 16.455444
v -1.062655 1.153644 16.466520
v -1.041072 1.111463 16.472612
v -0.744792 1.359424 16.471506
v -0.729880 1.330237 16.476490
v -0.352368 1.415750 16.482029
v -0.346481 1.384131 16.487013
v 0.000029 1.410949 16.491444
v 0.000029 1.382403 16.496429
v -0.831125 0.142599 17.411406
v -0.662383 0.285205 17.652334
v -0.837404 0.129733 17.426361
v -0.666699 0.272148 17.667290
v -0.597240 0.424867 17.743168
v 0.000029 -0.585474 16.586708
v -0.118875 -0.578753 16.609970
v 0.000029 -0.565248 16.580616
v -0.118875 -0.558783 16.603325
v -0.238172 -0.532733 16.662588
v -0.237388 -0.553023 16.669233
v -0.389648 -0.505530 16.734589
v -0.388863 -0.523452 16.745111
v -0.538769 -0.452405 16.807699
v -0.539946 -0.468278 16.821545
v -0.761666 -0.305638 16.926224
v -0.769515 -0.320232 16.941179
v -0.898622 -0.170073 16.973856
v -0.913142 -0.181530 16.987148
v -1.051667 -0.054733 16.978287
v -1.040679 -0.052429 16.973856
v -1.118772 0.091586 16.907393
v 0.000029 1.349631 17.699966
v -0.069430 1.387459 17.600273
v 0.000029 1.414662 17.670612
v -0.098469 1.466251 17.498362
v -0.157725 1.411910 17.466238
v -0.837404 0.129733 17.426361
v -0.831125 0.142599 17.411406
v -0.955523 0.070720 17.248016
v -0.957878 0.081857 17.236940
v -1.067364 0.054398 17.040874
v -1.057554 0.059326 17.036997
v -1.101505 0.090561 16.905178
v -1.118772 0.091586 16.907393
v -1.139963 0.165257 16.737358
v -1.165078 0.164361 16.747328
v -1.177243 0.334170 16.592800
v -1.202751 0.333722 16.596125
v -1.193725 0.705151 16.455444
v -1.216093 0.712704 16.452120
v 0.304158 1.283449 17.875540
v 0.000029 1.322749 17.877756
v 0.304942 1.399108 17.611904
v 0.000029 1.414662 17.670612
v 0.098527 1.466251 17.498362
v 0.304158 1.283449 17.875540
v 0.476432 1.324157 17.722675
v 0.304158 1.283449 17.875540
v 0.644389 1.188975 17.860586
v 0.236268 1.064739 18.182379
v 0.729153 0.931158 17.993513
v 0.370870 0.824203 18.150808
v 0.678530 0.693950 17.938128
v 0.323386 0.594228 18.109270
v 0.625945 0.555760 17.917633
v 0.580032 0.471784 17.941450
v 0.508610 0.360220 17.927603
v 0.239800 0.387423 18.039484
v 0.473685 0.338394 17.828463
v 0.277080 0.294678 17.844524
v 0.463089 0.436644 18.429955
v 0.339868 0.296342 18.387861
v 0.545106 0.645561 18.463186
v 0.499192 0.843981 18.484232
v 0.384997 0.978010 18.490879
v 0.223711 1.076772 18.483679
v 0.000029 1.148523 18.189026
v 0.000029 1.172014 18.479248
v 0.304158 1.283449 17.875540
v 0.206052 0.228367 18.308105
v 0.118541 0.319640 17.966373
v 0.059285 0.201613 18.195118
v 0.000029 0.280020 17.900465
v 0.000029 0.255442 18.045576
v 0.000029 0.272148 17.851725
v 0.137770 0.274772 17.845633
v 0.277080 0.294678 17.844524
v 0.144441 0.259282 17.810184
v 0.260206 0.164809 17.660089
v 0.277080 0.294678 17.844524
v 0.447392 0.180811 17.647903
v 0.322209 0.018746 17.477869
v 0.422277 0.035644 17.476208
v 0.346932 -0.078095 17.312819
v 0.000029 1.172014 18.479248
v 0.000029 0.606069 17.927603
v 0.223711 1.076772 18.483679
v 0.384997 0.978010 18.490879
v 0.499192 0.843981 18.484232
v 0.545106 0.645561 18.463186
v 0.463089 0.436644 18.429955
v 0.339868 0.296342 18.387861
v 0.206052 0.228367 18.308105
v 0.059285 0.201613 18.195118
v 0.000029 0.255442 18.045576
v 0.100490 1.487373 17.321127
v 0.098527 1.466251 17.498362
v 0.316323 1.448777 17.462360
v 0.304942 1.399108 17.611904
v 0.447392 1.439688 17.491161
v 0.599653 1.392324 17.625750
v 0.476432 1.324157 17.722675
v 0.724051 1.202417 17.792461
v 0.644389 1.188975 17.860586
v 0.871210 0.931350 17.966928
v 0.729153 0.931158 17.993513
v 0.871210 0.931350 17.966928
v 0.729153 0.931158 17.993513
v 0.812347 0.693054 17.887171
v 0.678530 0.693950 17.938128
v 0.760154 0.518956 17.850063
v 0.625945 0.555760 17.917633
v 0.722482 0.411618 17.866125
v 0.580032 0.471784 17.941450
v 0.508610 0.360220 17.927603
v 0.667150 0.308695 17.826246
v 0.636148 0.259538 17.698305
v 0.473685 0.338394 17.828463
v 0.574930 0.128325 17.553194
v 0.447392 0.180811 17.647903
v 0.501547 -0.001160 17.414730
v 0.422277 0.035644 17.476208
v 0.346932 -0.078095 17.312819
v 0.409720 -0.141654 17.234171
v 0.370870 -0.193947 17.156076
v 0.366945 -0.109523 17.231401
v 0.346932 -0.078095 17.312819
v 0.334767 0.030780 17.428576
v 0.322209 0.018746 17.477869
v 0.298271 0.197324 17.661198
v 0.260206 0.164809 17.660089
v 0.144441 0.259282 17.810184
v 0.270409 0.361757 17.741507
v 0.199380 0.378846 17.800215
v 0.000029 0.348443 17.896034
v 0.100490 1.487373 17.321127
v 0.157783 1.411910 17.466238
v 0.316323 1.448777 17.462360
v 0.347324 1.374594 17.595840
v 0.447392 1.439688 17.491161
v 0.586310 1.304443 17.650120
v 0.599653 1.392324 17.625750
v 0.648706 1.169773 17.798000
v 0.724051 1.202417 17.792461
v 0.790371 0.903699 17.907665
v 0.871210 0.931350 17.966928
v 0.871210 0.931350 17.966928
v 0.812347 0.693054 17.887171
v 0.790371 0.903699 17.907665
v 0.718950 0.591860 17.834002
v 0.760154 0.518956 17.850063
v 0.597298 0.424867 17.744276
v 0.722482 0.411618 17.866125
v 0.667150 0.308695 17.826246
v 0.568259 0.261395 17.655659
v 0.636148 0.259538 17.698305
v 0.537650 0.138374 17.526054
v 0.574930 0.128325 17.553194
v 0.470545 0.050045 17.433559
v 0.501547 -0.001160 17.414730
v 0.366945 -0.109523 17.231401
v 0.409720 -0.141654 17.234171
v 0.370870 -0.193947 17.156076
v 0.000029 1.138986 14.639337
v 0.000029 1.065251 15.084641
v 0.494876 1.137258 14.510287
v 0.496445 1.033184 15.084641
v 0.000029 1.144427 15.568160
v 0.516459 1.115176 15.567052
v 0.572183 1.266423 16.076603
v 0.000029 1.284985 16.072727
v 0.352426 1.415750 16.482029
v 0.000029 1.410949 16.491444
v 0.744850 1.359424 16.471506
v 0.996001 1.058082 16.079927
v 1.062713 1.153644 16.467075
v 1.147869 0.634744 16.095989
v 1.216151 0.712704 16.452120
v 1.055650 0.530285 15.536036
v 0.898288 0.925269 15.552098
v 0.839816 0.836748 15.084641
v 0.915162 0.847245 14.585058
v 1.041915 0.929877 14.365176
v 1.103133 0.490857 14.583397
v 0.980697 0.485225 15.084641
v 1.257748 0.496938 14.287082
v 0.000029 -0.565248 16.580616
v 0.118933 -0.558783 16.603325
v 0.000029 -0.487736 16.736805
v 0.241762 -0.490169 16.731819
v 0.238230 -0.532733 16.662588
v 0.389706 -0.505530 16.734589
v 0.279435 -0.358699 16.944502
v 0.000029 -0.350443 16.952810
v 0.140124 -0.248224 17.071890
v 0.000029 -0.240160 17.065243
v 0.000029 -0.140694 17.207586
v 0.160138 -0.131861 17.215893
v 0.000029 0.002297 17.408636
v 0.178189 0.003769 17.418053
v 0.180544 0.170826 17.662304
v 0.000029 0.159240 17.595840
v 0.208799 0.352092 17.740953
v 0.000029 0.305751 17.723783
v 0.199380 0.378846 17.800215
v 0.000029 0.348443 17.896034
v 0.270409 0.361757 17.741507
v 0.298271 0.197324 17.661198
v 0.334767 0.030780 17.428576
v 0.366945 -0.109523 17.231401
v 0.322601 -0.221086 17.081860
v 0.545891 -0.346666 16.942287
v 0.557271 -0.218845 17.091274
v 0.591412 -0.078159 17.241924
v 0.470545 0.050045 17.433559
v 0.628692 0.076096 17.432453
v 0.537650 0.138374 17.526054
v 0.568259 0.261395 17.655659
v 0.666757 0.272148 17.667843
v 0.597298 0.424867 17.744276
v 0.837462 0.129733 17.425806
v 0.802536 -0.034635 17.235279
v 0.955581 0.070720 17.248016
v 0.930466 0.001273 17.175461
v 1.067422 0.054398 17.040874
v 1.040737 -0.052429 16.973856
v 1.118437 0.091586 16.907393
v 0.766041 -0.183962 17.074659
v 0.906921 -0.114451 17.040874
v 0.761724 -0.305638 16.926224
v 0.898680 -0.170073 16.973856
v 0.538827 -0.452405 16.807699
v 0.000029 -0.585474 16.586708
v 0.118933 -0.578753 16.609970
v 0.000029 -0.619974 16.476490
v 0.229597 -0.628679 16.470398
v 0.237446 -0.553023 16.669233
v 0.521168 -0.627590 16.451014
v 0.388921 -0.523452 16.745111
v 0.536865 -0.527228 16.734589
v 0.540004 -0.468278 16.821545
v 0.808422 -0.468726 16.700804
v 0.769572 -0.320232 16.941179
v 0.928504 -0.236959 16.896870
v 0.913200 -0.181530 16.987148
v 1.048978 -0.136149 16.834837
v 1.051725 -0.054733 16.978287
v 1.102740 0.002617 16.784990
v 1.118437 0.091586 16.907393
v 1.165136 0.164361 16.747328
v 1.156110 0.086849 16.572308
v 1.202808 0.333722 16.596125
v 1.188681 0.304727 16.519138
v 1.216151 0.712704 16.452120
v 1.133350 0.221519 16.250515
v 1.147869 0.634744 16.095989
v 1.072131 0.190411 15.980785
v 1.055650 0.530285 15.536036
v 1.003850 0.120708 15.532713
v 0.920263 0.125317 15.084641
v 0.980697 0.485225 15.084641
v 1.103133 0.490857 14.583397
v 1.052118 0.096194 14.584504
v 1.257748 0.496938 14.287082
v 1.164351 0.088897 14.352991
v 1.034066 -0.081744 14.442717
v 0.848450 -0.238240 14.563457
v 0.781345 -0.186586 15.084641
v 0.848057 -0.208605 15.541574
v 0.990900 -0.109139 15.945338
v 1.023863 -0.168024 16.083803
v 1.106272 -0.091089 16.289839
v 1.116083 -0.029067 16.592800
v 1.056434 -0.207388 16.626032
v 0.960290 -0.351915 16.673664
v 0.970494 -0.420530 16.371258
v 1.042700 -0.265890 16.322517
v 0.951265 -0.371373 16.095989
v 0.805675 -0.557823 16.417227
v 0.772712 -0.543806 16.104851
v 0.717772 -0.433715 15.904907
v 0.917909 -0.272739 15.921522
v 0.536473 -0.472823 15.596407
v 0.534118 -0.434035 15.084641
v 0.645566 -0.440244 14.679769
v 0.755053 -0.345514 14.640445
v 0.559233 -0.540222 14.618844
v 0.251180 -0.517051 15.084641
v 0.249218 -0.554559 15.379848
v 0.247649 -0.556351 15.600838
v 0.448177 -0.529149 15.912661
v 0.492129 -0.608004 16.145836
v 0.220571 -0.623494 16.177959
v 0.000029 -0.607556 16.206760
v 0.208014 -0.563072 15.943677
v 0.000029 -0.546366 15.604160
v 0.000029 -0.531901 15.223105
v 0.000029 -0.519356 15.084641
v 0.275511 -0.608133 14.696384
v 0.546676 -0.574273 14.518595
v 0.000029 -0.565440 15.942569
v 0.000029 1.138986 14.639337
v 0.494876 1.137258 14.510287
v 0.000029 1.106663 14.618290
v 0.485457 1.105959 14.487025
v 1.041915 0.929877 14.365176
v 1.018369 0.909331 14.344683
v 1.257748 0.496938 14.287082
v 1.227531 0.492713 14.267142
v 0.000029 -0.519356 15.084641
v 0.275511 -0.608133 14.696384
v 0.270017 -0.573057 14.690291
v 0.536473 -0.540606 14.511949
v 0.546676 -0.574273 14.518595
v 0.536473 -0.540606 14.511949
v 0.546676 -0.574273 14.518595
v 0.549030 -0.503802 14.624936
v 0.559233 -0.540222 14.618844
v 0.620451 -0.415217 14.674784
v 0.645566 -0.440244 14.679769
v 0.620451 -0.415217 14.674784
v 0.645566 -0.440244 14.679769
v 0.729153 -0.321448 14.636567
v 0.755053 -0.345514 14.640445
v 0.819410 -0.219230 14.550719
v 0.848450 -0.238240 14.563457
v 1.007381 -0.067983 14.423331
v 1.034066 -0.081744 14.442717
v 1.134919 0.097026 14.334160
v 1.164351 0.088897 14.352991
v 1.227531 0.492713 14.267142
v 1.257748 0.496938 14.287082
v 1.216151 0.712704 16.452120
v 1.193783 0.705151 16.455444
v 1.062713 1.153644 16.467075
v 1.041130 1.111463 16.472612
v 0.744850 1.359424 16.471506
v 0.729938 1.330237 16.476490
v 0.352426 1.415750 16.482029
v 0.346539 1.384131 16.487013
v 0.000029 1.410949 16.491444
v 0.000029 1.382403 16.496429
v 0.830791 0.142599 17.411961
v 0.662441 0.285205 17.652889
v 0.837462 0.129733 17.425806
v 0.666757 0.272148 17.667843
v 0.597298 0.424867 17.744276
v 0.000029 -0.585474 16.586708
v 0.118933 -0.578753 16.609970
v 0.000029 -0.565248 16.580616
v 0.118933 -0.558783 16.603325
v 0.238230 -0.532733 16.662588
v 0.237446 -0.553023 16.669233
v 0.389706 -0.505530 16.734589
v 0.388921 -0.523452 16.745111
v 0.538827 -0.452405 16.807699
v 0.540004 -0.468278 16.821545
v 0.761724 -0.305638 16.926224
v 0.769572 -0.320232 16.941179
v 0.898680 -0.170073 16.973856
v 0.913200 -0.181530 16.987148
v 1.051725 -0.054733 16.978287
v 1.040737 -0.052429 16.973856
v 1.118437 0.091586 16.907393
v 0.000029 1.349631 17.699966
v 0.069488 1.387459 17.600273
v 0.000029 1.414662 17.670612
v 0.098527 1.466251 17.498362
v 0.157783 1.411910 17.466238
v 0.837462 0.129733 17.425806
v 0.830791 0.142599 17.411961
v 0.955581 0.070720 17.248016
v 0.957936 0.081857 17.237494
v 1.067422 0.054398 17.040874
v 1.057612 0.059326 17.036997
v 1.101563 0.090561 16.905178
v 1.118437 0.091586 16.907393
v 1.140021 0.165257 16.737358
v 1.165136 0.164361 16.747328
v 1.177301 0.334170 16.592800
v 1.202808 0.333722 16.596125
v 1.193783 0.705151 16.455444
v 1.216151 0.712704 16.452120
v 0.145618 -0.549183 15.025377
v 0.127174 -0.537213 15.093502
v 0.000029 -0.587650 14.987161
v 0.000029 -0.555199 15.060270
v -0.127509 -0.537213 15.093502
v -0.145560 -0.549183 15.025377
v 0.000029 -0.587650 14.987161
v 0.145618 -0.549183 15.025377
v 0.000029 -0.532861 15.023716
v 0.127174 -0.519804 15.056947
v 0.000029 -0.555199 15.060270
v 0.127174 -0.537213 15.093502
v 0.000029 -0.587650 14.987161
v -0.145560 -0.549183 15.025377
v 0.000029 -0.532861 15.023716
v -0.127509 -0.519804 15.056947
v 0.000029 -0.555199 15.060270
v -0.127509 -0.537213 15.093502
v -1.320870 1.042913 16.706343
v -1.362075 1.116904 16.809361
v -1.376594 1.080036 16.728497
v -1.450370 1.123433 16.720743
v -1.449978 1.175086 16.922348
v -1.591643 1.195632 17.044750
v -1.705838 1.224371 16.865854
v -1.522576 1.122345 16.640987
v -1.759208 1.254006 16.677542
v -1.521791 1.094054 16.530769
v -1.597529 1.141290 16.545170
v -1.506487 1.045601 16.483137
v -1.320870 1.042913 16.706343
v -1.248272 0.946903 16.677542
v -1.296932 0.992732 16.660372
v -1.207067 0.847053 16.647079
v -1.313807 0.949015 16.592800
v -1.172926 0.667963 16.629910
v -1.299287 0.716864 16.485907
v -1.376594 0.936790 16.521353
v -1.445269 0.783303 16.373472
v -1.446054 0.983899 16.471506
v -1.481764 0.964121 16.409473
v -1.506487 1.045601 16.483137
v -1.812185 1.042209 17.159399
v -1.806691 0.970137 17.240263
v -1.865162 1.003293 17.185986
v -1.940115 0.978458 17.193739
v -1.883606 0.815050 17.329988
v -1.977396 0.691582 17.379835
v -2.107680 0.758340 17.257986
v -2.027233 1.001373 17.133368
v -2.229332 0.834380 17.123398
v -2.055095 1.055586 17.040874
v -2.093553 1.048481 17.008196
v -2.036652 1.086245 16.980503
v -1.812185 1.042209 17.159399
v -1.651291 1.180847 17.086843
v -1.787070 1.106407 17.108444
v -1.576338 1.247669 16.999334
v -1.796880 1.151660 17.036997
v -1.511588 1.313468 16.913486
v -1.675622 1.330238 16.813236
v -1.863985 1.171822 16.963333
v -1.850250 1.330814 16.724066
v -1.967585 1.152044 16.940071
v -1.928343 1.239860 16.823761
v -2.036652 1.086245 16.980503
v 1.320928 1.042913 16.708557
v 1.376652 1.080036 16.730713
v 1.362133 1.116904 16.811022
v 1.450428 1.123433 16.722404
v 1.450036 1.175086 16.924009
v 1.591701 1.195632 17.046412
v 1.705896 1.224371 16.868069
v 1.522634 1.122345 16.642649
v 1.759266 1.254006 16.679756
v 1.521849 1.094054 16.532431
v 1.597587 1.141290 16.546831
v 1.506937 1.045601 16.484798
v 1.320928 1.042913 16.708557
v 1.248330 0.946903 16.679756
v 1.296990 0.992732 16.662588
v 1.207125 0.847053 16.649294
v 1.313865 0.949015 16.595016
v 1.173377 0.667963 16.632126
v 1.299345 0.716864 16.488121
v 1.376652 0.936790 16.523014
v 1.445327 0.783303 16.375134
v 1.446111 0.983899 16.473167
v 1.481822 0.964121 16.411135
v 1.506937 1.045601 16.484798
v 1.812243 1.042209 17.161060
v 1.806749 0.970137 17.242479
v 1.865220 1.003293 17.187647
v 1.940173 0.978458 17.195400
v 1.883664 0.815050 17.332205
v 1.977453 0.691582 17.381498
v 2.108131 0.758340 17.259647
v 2.027291 1.001373 17.135584
v 2.229390 0.834380 17.125614
v 2.055153 1.055586 17.042536
v 2.093611 1.048481 17.009857
v 2.036710 1.086245 16.982164
v 1.812243 1.042209 17.161060
v 1.651349 1.180847 17.088505
v 1.787128 1.106407 17.110661
v 1.576396 1.247669 17.001549
v 1.796939 1.151660 17.038658
v 1.511646 1.313468 16.915148
v 1.675679 1.330238 16.814899
v 1.864043 1.171822 16.964994
v 1.850701 1.330814 16.726280
v 1.967643 1.152044 16.941732
v 1.928401 1.239860 16.825422
v 2.036710 1.086245 16.982164
v -1.370708 0.440484 16.754528
v -1.420938 0.380510 16.866407
v -1.417799 0.391584 16.773359
v -1.485688 0.346971 16.765606
v -1.508449 0.300887 16.979950
v -1.591643 0.301655 17.044750
v -1.705838 0.253650 16.865854
v -1.547691 0.325593 16.677542
v -1.759208 0.224079 16.677542
v -1.547299 0.355164 16.568432
v -1.643443 0.322393 16.591139
v -1.541020 0.407521 16.523014
v -1.370708 0.440484 16.754528
v -1.321655 0.488425 16.751759
v -1.355796 0.496362 16.711882
v -1.265146 0.617206 16.703018
v -1.378164 0.538222 16.644863
v -1.250626 0.758596 16.672556
v -1.359328 0.731650 16.510275
v -1.438990 0.539758 16.570646
v -1.491182 0.683389 16.373472
v -1.494322 0.481064 16.516369
v -1.538666 0.500138 16.466520
v -1.541020 0.407521 16.523014
v -1.804729 0.471976 17.168816
v -1.815324 0.526829 17.249125
v -1.858491 0.509419 17.195955
v -1.934229 0.530349 17.206478
v -1.838085 0.605173 17.288448
v -1.916177 0.795528 17.318357
v -2.064906 0.728769 17.219217
v -2.022917 0.498794 17.153307
v -2.206571 0.652666 17.106783
v -2.052741 0.437284 17.065798
v -2.100617 0.452262 17.034781
v -2.035867 0.404065 17.006535
v -1.804729 0.471976 17.168816
v -1.690141 0.362397 17.132261
v -1.793349 0.425187 17.132814
v -1.591643 0.266067 17.014843
v -1.799235 0.369821 17.066906
v -1.537881 0.222223 16.939518
v -1.701914 0.205453 16.839268
v -1.869087 0.341275 16.998226
v -1.876543 0.197964 16.750650
v -1.980142 0.358748 16.978287
v -2.002903 0.293590 16.916809
v -2.035867 0.404065 17.006535
v 0.000029 0.239888 17.842310
v -0.127901 0.192204 17.744276
v -0.134965 0.234960 17.867786
v -0.267604 0.182923 17.850616
v -0.255439 0.097410 17.736523
v -0.216589 0.028155 17.622980
v 0.000029 0.239888 17.842310
v 0.000029 0.144647 17.585873
v -0.127901 0.192204 17.744276
v -0.157725 0.109763 17.574795
v -0.364140 -0.002120 17.527716
v -0.133003 -0.077519 17.346050
v 0.000029 0.039100 17.585873
v -0.127116 0.106435 17.720459
v -0.199322 -0.041676 17.508884
v -0.216589 0.028155 17.622980
v -0.255439 0.097410 17.736523
v -0.267604 0.182923 17.850616
v -0.134965 0.234960 17.867786
v 0.000029 0.239888 17.842310
v -0.127901 0.192204 17.744276
v -0.364140 -0.002120 17.527716
v -0.216589 0.028155 17.622980
v -0.199322 -0.041676 17.508884
v -0.133003 -0.077519 17.346050
v 0.000029 0.039100 17.585873
v 0.000029 0.239888 17.842310
v 0.127959 0.192204 17.744276
v 0.135023 0.234960 17.867786
v 0.267662 0.182923 17.850616
v 0.255497 0.097410 17.736523
v 0.216647 0.028155 17.622980
v 0.000029 0.239888 17.842310
v 0.000029 0.144647 17.585873
v 0.127959 0.192204 17.744276
v 0.157783 0.109763 17.574795
v 0.364198 -0.002120 17.527716
v 0.133061 -0.077519 17.346050
v 0.000029 0.039100 17.585873
v 0.127174 0.106435 17.720459
v 0.198988 -0.041676 17.508884
v 0.216647 0.028155 17.622980
v 0.255497 0.097410 17.736523
v 0.267662 0.182923 17.850616
v 0.135023 0.234960 17.867786
v 0.000029 0.239888 17.842310
v 0.127959 0.192204 17.744276
v 0.364198 -0.002120 17.527716
v 0.216647 0.028155 17.622980
v 0.198988 -0.041676 17.508884
v 0.133061 -0.077519 17.346050
v 0.000029 0.039100 17.585873
v 0.372047 1.410565 14.197910
v 0.392453 1.387523 14.236127
v 0.486242 1.442376 14.135324
v 0.505079 1.411845 14.172433
v 0.553739 1.419654 14.145293
v 0.529409 1.466635 14.088799
v 0.453279 1.499726 14.069968
v 0.504294 1.514512 14.042830
v 0.595729 1.532241 13.992428
v 0.620844 1.482893 14.038953
v 0.648313 1.514576 14.000182
v 0.372047 1.410565 14.197910
v 0.374401 1.381314 14.202895
v 0.486242 1.442376 14.135324
v 0.511357 1.408709 14.127016
v 0.392453 1.387523 14.236127
v 0.505079 1.411845 14.172433
v 0.553739 1.419654 14.145293
v 0.483495 1.459978 14.065537
v 0.529409 1.466635 14.088799
v 0.593767 1.479692 14.005167
v 0.620844 1.482893 14.038953
v 0.648313 1.514576 14.000182
v 0.595729 1.532241 13.992428
v 0.504294 1.514512 14.042830
v 0.453279 1.499726 14.069968
v 0.463089 -0.695565 14.321421
v 0.573360 -0.703886 14.252743
v 0.440329 -0.727057 14.284312
v 0.550600 -0.734225 14.217849
v 0.598476 -0.741074 14.188495
v 0.634971 -0.697550 14.237788
v 0.613388 -0.654793 14.313667
v 0.662441 -0.661834 14.282651
v 0.706785 -0.705550 14.192925
v 0.734254 -0.672331 14.237788
v 0.760154 -0.671371 14.175756
v 0.463089 -0.695565 14.321421
v 0.573360 -0.703886 14.252743
v 0.445038 -0.694093 14.292067
v 0.578462 -0.705294 14.210095
v 0.440329 -0.727057 14.284312
v 0.550600 -0.734225 14.217849
v 0.598476 -0.741074 14.188495
v 0.617312 -0.658442 14.264927
v 0.634971 -0.697550 14.237788
v 0.704430 -0.664522 14.210649
v 0.706785 -0.705550 14.192925
v 0.760154 -0.671371 14.175756
v 0.734254 -0.672331 14.237788
v 0.662441 -0.661834 14.282651
v 0.613388 -0.654793 14.313667
v 0.455241 1.311419 14.310344
v 0.432480 1.342911 14.273789
v 0.565512 1.334846 14.241665
v 0.542751 1.365121 14.206772
v 0.590627 1.372033 14.177971
v 0.627123 1.328445 14.227264
v 0.605539 1.285689 14.303144
v 0.654592 1.292729 14.272127
v 0.698936 1.325053 14.182403
v 0.726406 1.278520 14.227264
v 0.752306 1.298362 14.165233
v 0.455241 1.311419 14.310344
v 0.565512 1.334846 14.241665
v 0.437189 1.309947 14.281543
v 0.570614 1.336190 14.199572
v 0.432480 1.342911 14.273789
v 0.542751 1.365121 14.206772
v 0.590627 1.372033 14.177971
v 0.609463 1.289337 14.254404
v 0.627123 1.328445 14.227264
v 0.696582 1.278520 14.200126
v 0.698936 1.325053 14.182403
v 0.752306 1.298362 14.165233
v 0.726406 1.278520 14.227264
v 0.654592 1.292729 14.272127
v 0.605539 1.285689 14.303144
v 1.218506 -0.380910 14.040614
v 1.262065 -0.401968 13.841778
v 0.731900 -0.670411 14.250527
v 0.762116 -0.683980 14.054461
v 0.667542 -0.740818 14.097662
v 0.598868 -0.904098 13.981351
v 0.922225 -0.832155 13.858394
v 1.393134 -0.486648 13.712175
v 1.666261 -0.022026 13.694451
v 1.498696 0.023419 13.815193
v 1.218506 -0.380910 14.040614
v 1.430807 0.040828 14.012367
v 1.538723 0.495658 13.809100
v 1.469264 0.501290 14.005721
v 1.425313 0.834124 13.817409
v 1.366449 0.782086 14.024552
v 1.263242 1.062819 14.042830
v 1.328384 1.124201 13.824055
v 1.633298 0.873872 13.695005
v 1.709036 0.498410 13.692236
v 1.459061 1.227955 13.717713
v 1.016407 1.548563 13.839009
v 0.913984 1.367553 13.934273
v 0.957544 1.251957 14.131447
v 0.645174 1.384387 14.072738
v 0.746419 1.272951 14.236680
v 0.583563 1.545555 13.996859
v 0.390491 -0.786262 14.203449
v 0.500762 -0.803032 14.134770
v 0.412859 -0.763220 14.240004
v 0.521560 -0.772501 14.170771
v 0.568651 -0.780310 14.140862
v 0.541574 -0.825690 14.086031
v 0.464267 -0.860318 14.071630
v 0.514104 -0.873567 14.041168
v 0.602400 -0.884896 13.986336
v 0.629870 -0.835547 14.031199
v 0.637326 -0.879200 13.976366
v 0.390491 -0.786262 14.203449
v 0.392845 -0.757011 14.208433
v 0.500762 -0.803032 14.134770
v 0.525485 -0.769301 14.124801
v 0.412859 -0.763220 14.240004
v 0.521560 -0.772501 14.170771
v 0.568651 -0.780310 14.140862
v 0.494483 -0.820634 14.064983
v 0.541574 -0.825690 14.086031
v 0.601223 -0.832283 13.999075
v 0.629870 -0.835547 14.031199
v 0.637326 -0.879200 13.976366
v 0.602400 -0.884896 13.986336
v 0.514104 -0.873567 14.041168
v 0.464267 -0.860318 14.071630
v 0.000029 -2.101658 11.516674
v 0.712671 -2.034579 11.451319
v 0.667542 -1.766777 11.969731
v 1.220860 -1.923848 11.526644
v 0.856298 -1.641580 12.071088
v 1.382146 -1.311371 12.253307
v 1.576004 -1.700722 11.527197
v 1.633690 -1.811389 11.300115
v 1.926438 -1.634475 11.379870
v 1.860119 -1.507295 11.527197
v 1.610145 -1.014765 12.381249
v 2.241947 -1.247685 11.527751
v 2.428741 -1.479260 11.088540
v 2.444438 -0.989547 11.527197
v 1.837751 -0.718224 12.508637
v 2.812532 -0.324776 11.527751
v 2.681462 -0.752083 11.342208
v 2.940070 -0.366893 11.285160
v 2.995009 0.525741 11.528859
v 3.143738 0.525741 11.252482
v 3.113129 1.018718 11.179373
v 2.768580 1.355007 11.528859
v 2.863547 1.390531 11.342208
v 2.405588 2.064262 11.528859
v 2.614750 2.264858 11.033708
v 2.318470 2.495026 11.281837
v 2.077129 2.453229 11.529413
v 1.748670 2.842132 11.529413
v 1.738860 1.983166 12.450482
v 2.016304 1.691297 12.449928
v 2.280797 1.151723 12.449928
v 2.445615 0.502570 12.449928
v 2.325926 -0.181146 12.449374
v 2.047305 -0.114579 12.791106
v 1.948807 0.506219 13.089637
v 1.772216 0.944663 13.248040
v 1.615639 1.316092 13.248594
v 1.541078 1.395972 13.251917
v 1.461808 2.274971 12.450482
v 1.222430 1.844016 13.157207
v 0.887692 1.995264 13.113452
v 0.666757 2.555512 12.437743
v 0.580032 2.224535 12.950618
v 0.767218 2.968033 11.824066
v 0.000029 -2.101658 11.516674
v 0.712671 -1.930825 11.516674
v 0.712671 -2.034579 11.451319
v 1.220860 -1.923848 11.526644
v 1.211442 -1.794747 11.516674
v 1.560307 -1.569637 11.516674
v 1.633690 -1.811389 11.300115
v 1.926438 -1.634475 11.379870
v 2.153652 -1.073203 11.516674
v 2.428741 -1.479260 11.088540
v 2.444438 -0.989547 11.527197
v 2.272556 -0.902434 11.516674
v 2.175628 -0.735634 11.516674
v 2.444438 -0.989547 11.527197
v 2.681462 -0.752083 11.342208
v 2.175628 -0.735634 11.516674
v 2.574723 -0.315304 11.450211
v 2.940070 -0.366893 11.285160
v 3.143738 0.525741 11.252482
v 2.742680 0.525037 11.516674
v 2.636333 0.929109 11.516674
v 3.113129 1.018718 11.179373
v 2.863547 1.390531 11.342208
v 2.529987 1.333181 11.516674
v 2.614750 2.264858 11.033708
v 2.236846 2.008257 11.516674
v 2.318470 2.495026 11.281837
v 1.984517 2.353635 11.516674
v 1.732581 2.699078 11.516674
v 1.748670 2.842132 11.529413
v 0.767218 2.968033 11.824066
v 0.737786 2.866519 11.884991
v 0.666757 2.555512 12.437743
v 0.737786 2.866519 11.884991
v 0.846488 3.201976 11.561537
v 0.785662 3.073835 11.516674
v 0.877097 3.363144 11.333346
v 0.877097 3.363144 11.333346
v -0.003110 3.625314 11.337777
v 0.785662 3.073835 11.516674
v 0.000029 3.143795 11.516674
v -0.414371 3.748271 11.296792
v -0.424181 3.291585 11.270206
v -0.756957 3.847033 11.192112
v -0.428890 3.719788 10.781702
v -0.745184 3.862650 10.999923
v 0.877097 3.363144 11.333346
v 0.846488 3.201976 11.561537
v -0.003110 3.625314 11.337777
v -0.002326 3.389963 11.560429
v -0.414371 3.748271 11.296792
v -0.815821 3.241660 11.552121
v -0.756957 3.847033 11.192112
v -0.745184 3.862650 10.999923
v -0.428890 3.719788 10.781702
v -0.913926 3.875899 10.554066
v -1.437813 3.851833 10.540772
v -1.781968 2.805009 11.558767
v -1.942470 3.562908 10.666499
v -2.161443 3.280000 10.745147
v -2.051956 3.076459 10.886381
v -2.393757 2.775629 10.899674
v -2.460077 2.081096 11.553782
v -2.809727 2.409641 10.916289
v -3.202151 1.416454 10.842072
v -2.735559 1.318972 11.552121
v -3.269255 1.480204 10.961706
v -2.816006 1.367169 11.552121
v -3.385020 0.550511 11.054755
v -2.934125 0.529773 11.584799
v -3.186061 -0.511291 11.120111
v -2.792068 -0.383150 11.554337
v -3.015357 -0.424306 10.967799
v -2.667669 -0.358316 11.551013
v -2.859172 -1.079796 10.885274
v -2.485192 -0.949863 11.547136
v -2.516586 -0.293861 11.866159
v -2.591539 0.519404 11.881668
v -2.483623 1.266295 11.907146
v -2.219913 1.879668 11.942593
v -1.469991 2.253337 12.372942
v -0.667877 2.557432 12.437743
v -0.647471 2.487153 12.562362
v 0.000029 2.601980 12.437743
v 0.000029 2.406633 12.725197
v 0.666757 2.555512 12.437743
v 0.580032 2.224535 12.950618
v -2.082958 1.745319 12.202353
v -2.333324 1.199024 12.144197
v -2.399251 0.509227 12.115951
v -2.323121 -0.218590 12.140321
v -1.983674 -0.765717 12.213429
v -2.283486 -1.231299 11.536059
v -2.522865 -1.540258 10.868658
v -2.054703 -1.550115 11.541044
v -1.340491 -1.253509 12.437743
v -1.309490 -1.235971 12.574547
v -0.603519 -1.532769 12.601131
v -0.621178 -1.597352 12.437743
v 0.000421 -1.568997 12.679226
v 0.000029 -1.685296 12.437743
v 0.567082 -1.389971 12.884154
v 0.620844 -1.597352 12.437743
v 0.798219 -1.222978 13.002681
v 1.379792 -1.336014 12.474852
v 0.823727 -1.166781 13.085759
v 1.152971 -1.020462 13.068590
v 1.580320 -0.565952 13.148346
v 2.054369 -0.908579 12.475406
v 1.985694 -0.734289 12.507529
v 1.878170 -0.055437 13.203177
v 2.282367 -0.148823 12.798860
v 2.297672 0.492905 13.039235
v 2.126182 0.498922 13.138930
v 1.772216 0.944663 13.248040
v 1.951554 0.506347 13.262441
v 1.503798 -1.556580 12.097119
v 0.953619 -1.828927 11.898284
v 0.988545 -1.881604 12.082165
v 0.710316 -2.018386 11.782527
v 0.362236 -2.256746 11.545475
v 0.000029 -2.267883 11.577044
v 0.000029 -2.351539 11.424179
v -0.742045 -2.297390 11.386517
v -0.723993 -2.192355 11.551013
v -0.655319 -2.091417 11.551567
v -0.656496 -2.196259 11.385409
v -0.968473 -2.278252 11.191558
v -1.248272 -2.074583 11.541597
v -1.593997 -1.920264 11.545475
v -2.048817 -2.127581 11.218143
v -1.675229 -2.241064 11.183805
v -1.306350 -2.283820 11.146695
v -2.191659 -1.972045 11.159434
v -2.140251 -1.906887 11.058632
v -2.042145 -1.861506 10.973891
v -2.316450 -1.708723 10.901336
v -0.424181 3.291585 11.270206
v -0.840543 3.435599 10.834318
v -0.428890 3.719788 10.781702
v -0.913926 3.875899 10.554066
v -1.437813 3.851833 10.540772
v -1.353441 3.191479 10.838749
v -1.942470 3.562908 10.666499
v -2.161443 3.280000 10.745147
v -1.866732 3.034471 10.841518
v -2.051956 3.076459 10.886381
v -2.221091 2.637632 10.849273
v -2.393757 2.775629 10.899674
v -2.809727 2.409641 10.916289
v -2.575450 2.240856 10.856473
v -3.202151 1.416454 10.842072
v -2.843083 1.417222 10.974998
v -2.042145 -1.861506 10.973891
v -1.560249 -1.569637 11.516674
v -2.140251 -1.906887 11.058632
v -2.191659 -1.972045 11.159434
v -2.048817 -2.127581 11.218143
v -1.675229 -2.241064 11.183805
v -1.306350 -2.283820 11.146695
v -1.211384 -1.794747 11.516674
v -0.968473 -2.278252 11.191558
v -0.712613 -1.930825 11.516674
v -0.656496 -2.196259 11.385409
v 0.000029 -2.101658 11.516674
v -0.742045 -2.297390 11.386517
v 0.000029 -2.351539 11.424179
v 0.953619 -1.828927 11.898284
v 0.988545 -1.881604 12.082165
v 0.667542 -1.766777 11.969731
v 0.710316 -2.018386 11.782527
v 0.000029 -2.101658 11.516674
v 0.362236 -2.256746 11.545475
v 0.000029 -2.351539 11.424179
v -2.042145 -1.861506 10.973891
v -1.560249 -1.569637 11.516674
v -2.316450 -1.708723 10.901336
v -2.331362 -1.272199 11.118448
v -2.522865 -1.540258 10.868658
v -2.555044 -0.926245 11.083555
v -2.859172 -1.079796 10.885274
v -3.015357 -0.424306 10.967799
v -2.803840 -0.352171 11.083001
v -2.975330 -0.376814 11.060847
v -3.186061 -0.511291 11.120111
v -3.385020 0.550511 11.054755
v -3.005939 0.529325 11.090201
v -2.392188 -0.802712 10.986076
v 1.772216 0.944663 13.248040
v 1.948807 0.506219 13.089637
v 2.297672 0.492905 13.039235
v 2.047305 -0.114579 12.791106
v 2.282367 -0.148823 12.798860
v 1.837751 -0.718224 12.508637
v 1.985694 -0.734289 12.507529
v 2.054369 -0.908579 12.475406
v 1.610145 -1.014765 12.381249
v 1.503798 -1.556580 12.097119
v 1.382146 -1.311371 12.253307
v 0.856298 -1.641580 12.071088
v 0.953619 -1.828927 11.898284
v 0.667542 -1.766777 11.969731
v 0.000029 -2.101658 11.516674
v 0.712671 -1.930825 11.516674
v 0.000029 -2.221670 11.184358
v 0.745242 -2.099674 11.028724
v 1.142768 -2.169569 11.051986
v 1.211442 -1.794747 11.516674
v 1.414325 -2.019026 10.998815
v 1.186719 -1.906247 10.881396
v 1.458669 -1.739062 10.664837
v 1.560307 -1.569637 11.516674
v 1.789090 -1.814013 10.613882
v 2.367131 -1.726261 10.673699
v 2.153652 -1.073203 11.516674
v 2.589635 -1.553827 10.554066
v 2.506834 -1.531041 10.344152
v 1.789090 -1.814013 10.613882
v 2.367131 -1.726261 10.673699
v 1.882095 -1.477724 10.713023
v 2.589635 -1.553827 10.554066
v 2.506834 -1.531041 10.344152
v 1.887196 -1.514848 10.006298
v 2.395385 -1.183038 9.832386
v 2.629270 -0.909731 9.894972
v 2.756415 -1.325517 9.894972
v 3.136281 -1.482268 9.838478
v 3.437663 -1.072563 9.701121
v 3.444727 -0.689357 9.480684
v 2.776036 -0.807833 9.008242
v -0.658066 1.365697 14.052799
v -0.868013 1.560532 13.716606
v -0.894305 1.338174 13.990212
v -1.194117 1.796652 13.289026
v -1.039110 1.183215 14.040614
v -1.644228 1.364801 13.297334
v -1.201573 1.029471 14.030644
v -1.827490 0.970969 13.296780
v -1.267501 0.753924 14.062768
v -1.327934 0.498090 14.107078
v -1.945217 0.510315 13.296780
v -1.320478 0.278356 14.082153
v -1.872618 -0.073167 13.294564
v -1.313414 0.058686 14.057230
v -1.603415 -0.565696 13.290688
v -1.205890 -0.171033 14.042830
v -0.977499 -0.504250 14.031753
v -1.147026 -1.079924 13.288472
v -0.868013 -0.753939 13.883318
v -0.461069 -1.068531 13.647373
v -0.540731 -1.293833 13.276287
v -0.066683 -1.191103 13.450753
v 0.000029 -1.243652 13.320596
v 0.000029 -1.276808 13.248040
v 0.527054 -1.254469 13.174376
v 0.000029 -1.714355 12.644887
v -0.644331 -1.762872 12.537438
v -1.230613 -1.625450 12.483713
v -1.313022 -1.598248 12.529684
v -0.807187 -0.693261 14.023444
v -1.480979 -1.545122 12.500883
v -1.391899 -1.329549 12.510853
v -1.418976 -1.365713 12.424451
v -1.950711 -0.909027 12.480391
v -2.368250 -0.213853 12.484267
v -2.484800 0.505707 12.485929
v -2.323121 1.163372 12.486483
v -2.074717 1.698402 12.486483
v -2.228939 1.816430 12.146967
v -2.529536 1.240308 12.095458
v -2.724571 0.514219 12.108196
v -2.582513 -0.277540 12.087150
v -2.144568 -1.017902 12.124812
v -1.744296 -1.279496 12.237246
v -1.522184 2.476208 12.310909
v -1.466460 2.354212 12.488145
v -0.529743 2.083016 13.279057
v -0.685143 2.685253 12.498114
v 0.000029 2.619582 12.686980
v 0.000029 2.051589 13.248594
v -0.498742 1.859570 13.496723
v 0.556094 2.133518 13.091298
v 0.611426 2.405673 12.918493
v 0.839816 2.149519 13.059728
v 0.631832 -1.517344 12.864215
v 0.851981 -1.250949 13.007112
v 0.823727 -1.219266 13.089637
v 0.000029 -2.101658 11.516674
v 0.000029 -2.221670 11.184358
v -0.712613 -1.930825 11.516674
v -0.745184 -2.099674 11.028724
v -1.143102 -2.169569 11.051986
v -1.211384 -1.794747 11.516674
v -1.414267 -2.019026 10.998815
v -1.186661 -1.906247 10.881396
v -1.458611 -1.739062 10.664837
v -1.560249 -1.569637 11.516674
v -1.789424 -1.814013 10.613882
v -2.331362 -1.272199 11.118448
v -2.367073 -1.726261 10.673699
v -2.589185 -1.553827 10.554066
v -2.506776 -1.531041 10.344152
v -1.789424 -1.814013 10.613882
v -2.367073 -1.726261 10.673699
v -1.882037 -1.477724 10.713023
v -2.589185 -1.553827 10.554066
v -2.506776 -1.531041 10.344152
v -1.887138 -1.514848 10.006298
v -2.395327 -1.183038 9.832386
v -2.629212 -0.909731 9.894972
v -2.756357 -1.325517 9.894972
v -3.136616 -1.482268 9.838478
v -3.437998 -1.072563 9.701121
v -3.444669 -0.689357 9.480684
v -2.775978 -0.807833 9.008242
v 0.350071 -0.563328 14.637121
v 0.285714 -0.664586 14.568996
v 0.270017 -0.573057 14.690291
v 0.231952 -0.664138 14.594474
v 0.000029 -0.677259 14.701369
v 0.148758 -0.761492 14.510287
v -0.000363 -0.793495 14.520257
v -0.269959 -0.573057 14.690291
v 0.000029 -0.519356 15.084641
v -0.286441 -0.651529 14.520257
v -0.059619 -0.816089 14.451024
v -0.071000 -0.816985 14.350222
v -0.234641 -0.912035 14.332499
v -0.301745 -0.937510 14.253296
v -0.359824 -0.997356 14.047260
v -0.516009 -0.997227 14.148063
v -0.536415 -0.540606 14.511949
v -0.728702 -0.949927 14.146401
v -0.781287 -0.931429 14.073292
v -0.661990 -0.912931 14.000736
v -0.744007 -0.823130 13.988551
v -0.881748 -0.835419 14.037845
v -0.666699 -0.435315 14.531334
v -0.548972 -0.503802 14.624936
v -0.620393 -0.415217 14.674784
v -0.729095 -0.321448 14.636567
v -0.819352 -0.219230 14.550719
v -1.045781 -0.808025 14.110954
v -1.154482 -0.700686 14.041168
v -1.078745 -0.619590 13.972489
v -1.173711 -0.513339 13.940366
v -1.392684 -0.354667 13.991875
v -1.007716 -0.067983 14.423331
v -1.346770 -0.178906 14.006274
v -1.471169 -0.025674 14.047814
v -1.134861 0.097026 14.334160
v -1.554755 0.266067 14.105969
v -1.227473 0.492713 14.267142
v -1.555540 0.504811 14.189049
v -1.428002 0.790919 14.052799
v -1.018311 0.909331 14.344683
v -1.387190 1.124841 14.015137
v -1.181167 1.353408 14.003506
v -0.922952 1.388355 14.004613
v -0.485400 1.105959 14.487025
v -0.673371 1.475020 14.087692
v -0.448904 1.553108 14.046706
v -0.242881 1.541586 14.119816
v -0.136535 1.446665 14.268250
v 0.000029 1.106663 14.618290
v -0.156548 1.493198 14.347452
v 0.095388 1.336830 14.479271
v 0.000029 1.106663 14.618290
v 0.485457 1.105959 14.487025
v 0.000029 1.213169 14.460440
v 0.460342 1.321916 14.227818
v 0.000029 1.545235 13.969166
v -0.140066 1.343423 14.264374
v -0.438701 1.481804 14.012367
v 0.053791 2.221142 13.356043
v -0.494033 2.002304 13.479000
v 0.067133 2.390119 13.202623
v -0.037251 2.323424 13.123422
v 0.031423 2.165713 13.294011
v -0.658066 1.365697 14.052799
v -0.893913 1.629339 13.726576
v 0.435227 1.537810 13.969166
v 0.031423 2.165713 13.294011
v 0.532156 2.148687 13.305642
v 0.573753 2.410473 13.020958
v 0.939492 2.233111 13.051974
v 0.873565 2.027587 13.302319
v 0.697759 1.476684 13.973043
v -0.037251 2.323424 13.123422
v 0.902604 1.390403 13.969166
v 1.018369 0.909331 14.344683
v 1.234203 1.051937 13.969166
v 1.419819 0.499434 13.969166
v 1.227531 0.492713 14.267142
v 1.134919 0.097026 14.334160
v 1.371943 0.059518 13.969166
v 1.007381 -0.067983 14.423331
v 1.173377 -0.362156 13.986890
v 0.819410 -0.219230 14.550719
v 0.666757 -0.435315 14.531334
v 0.729153 -0.321448 14.636567
v 0.620451 -0.415217 14.674784
v 0.549030 -0.503802 14.624936
v 0.536473 -0.540606 14.511949
v 0.576107 -0.740114 14.158587
v 0.827651 -0.711503 13.969166
v 1.338195 -0.443316 13.709406
v 1.579143 0.005369 13.690021
v 1.651742 0.487785 13.684482
v 1.553243 0.858702 13.682266
v 1.395489 1.204849 13.709960
v 1.920552 0.992283 13.246379
v 1.627411 1.414790 13.240840
v 2.016304 1.027039 13.133391
v 1.688237 1.471691 13.134499
v 2.061825 0.469991 13.250256
v 2.166209 0.465639 13.145576
v 1.926831 -0.090577 13.290688
v 2.127359 0.469735 13.319489
v 2.061825 0.469991 13.250256
v 2.258037 0.466855 13.224224
v 2.166209 0.465639 13.145576
v 1.587384 -0.547839 13.265210
v 2.058293 -0.126805 13.143914
v 1.663514 -0.581954 13.119545
v 1.605043 -0.598852 13.265210
v 1.587384 -0.547839 13.265210
v 1.663514 -0.581954 13.119545
v 1.711390 -0.655113 13.102929
v 1.241659 -1.123832 13.020404
v 1.142375 -1.032303 13.264102
v 0.878274 -0.763156 13.855625
v 0.596906 -0.845276 13.972489
v 0.815094 -1.152827 13.250810
v 0.860615 -1.216449 13.080774
v 0.851981 -1.250949 13.007112
v 0.397162 -0.913443 13.969166
v 0.840994 -1.221826 13.263549
v 0.815094 -1.152827 13.250810
v 0.908883 -1.301258 13.088529
v 0.860615 -1.216449 13.080774
v 0.851981 -1.250949 13.007112
v 0.519991 -1.321164 13.270195
v 0.000029 -0.945382 13.969166
v 0.328880 -0.733009 14.285974
v 0.278258 -0.599300 14.520257
v 0.350071 -0.563328 14.637121
v 0.273941 -0.585218 14.611644
v 0.000029 -0.626054 14.520257
v -0.282909 -0.730641 14.299821
v -0.397104 -0.913443 13.969166
v -0.357469 -0.808473 14.153602
v -0.548580 -0.713359 14.160248
v -0.807187 -0.693261 14.023444
v -0.894305 -0.831259 13.883872
v -0.465778 -1.165692 13.624111
v 0.007877 -1.394195 13.394814
v -0.003110 -1.309643 13.372105
v -0.064721 -1.337614 13.305642
v -0.003110 -1.309643 13.372105
v -0.064721 -1.337614 13.305642
v 0.315145 -1.434711 13.172715
v 0.546283 -1.408277 13.115667
v 0.887300 2.200724 12.983295
v 0.853551 1.974205 13.282933
v 0.975203 1.490957 13.817409
v 0.853551 1.974205 13.282933
v 1.218506 1.828719 13.307303
v 1.353892 2.016578 13.053636
v 1.745531 1.537426 13.219793
v 1.667831 1.462922 13.333889
v 1.395489 1.204849 13.709960
v 1.627411 1.414790 13.240840
v 1.688237 1.471691 13.134499
v 0.887300 2.200724 12.983295
v 0.000029 1.106663 14.618290
v 0.000029 1.213169 14.460440
v 0.095388 1.336830 14.479271
v -0.156548 1.493198 14.347452
v -0.136535 1.446665 14.268250
v -0.140066 1.343423 14.264374
v -0.242881 1.541586 14.119816
v -0.438701 1.481804 14.012367
v -0.448904 1.553108 14.046706
v -0.673371 1.475020 14.087692
v -0.658066 1.365697 14.052799
v -0.894305 1.338174 13.990212
v -0.922952 1.388355 14.004613
v -1.181167 1.353408 14.003506
v -1.039110 1.183215 14.040614
v -1.201573 1.029471 14.030644
v -1.387190 1.124841 14.015137
v -1.428002 0.790919 14.052799
v -1.267501 0.753924 14.062768
v -1.327934 0.498090 14.107078
v -1.555540 0.504811 14.189049
v -1.554755 0.266067 14.105969
v -1.320478 0.278356 14.082153
v -1.313414 0.058686 14.057230
v -1.471169 -0.025674 14.047814
v -1.346770 -0.178906 14.006274
v -1.205890 -0.171033 14.042830
v -1.392684 -0.354667 13.991875
v -1.173711 -0.513339 13.940366
v -0.977499 -0.504250 14.031753
v -1.078745 -0.619590 13.972489
v -0.995551 -0.671819 14.063876
v -1.154482 -0.700686 14.041168
v -1.045781 -0.808025 14.110954
v -0.881748 -0.835419 14.037845
v -0.744007 -0.823130 13.988551
v -0.807187 -0.693261 14.023444
v -0.661990 -0.912931 14.000736
v -0.548580 -0.713359 14.160248
v -0.548580 -0.851549 14.160248
v -0.781287 -0.931429 14.073292
v -0.728702 -0.949927 14.146401
v -0.516009 -0.997227 14.148063
v -0.357469 -0.808473 14.153602
v -0.359824 -0.997356 14.047260
v -0.282909 -0.730641 14.299821
v -0.301745 -0.937510 14.253296
v -0.234641 -0.912035 14.332499
v -0.071000 -0.816985 14.350222
v 0.000029 -0.626054 14.520257
v -0.059619 -0.816089 14.451024
v -0.000363 -0.793495 14.520257
v 0.148758 -0.761492 14.510287
v 0.231952 -0.664138 14.594474
v 0.273941 -0.585218 14.611644
v 0.285714 -0.664586 14.568996
v 0.350071 -0.563328 14.637121
v -0.465778 -1.165692 13.624111
v -0.461069 -1.068531 13.647373
v 0.007877 -1.394195 13.394814
v -0.066683 -1.191103 13.450753
v -0.064721 -1.337614 13.305642
v -0.461069 -1.068531 13.647373
v -0.868013 -0.753939 13.883318
v -0.465778 -1.165692 13.624111
v -0.894305 -0.831259 13.883872
v 0.851981 -1.250949 13.007112
v 0.823727 -1.219266 13.089637
v 0.908883 -1.301258 13.088529
v 0.527054 -1.254469 13.174376
v 0.546283 -1.408277 13.115667
v 0.315145 -1.434711 13.172715
v -0.064721 -1.337614 13.305642
v 0.000029 -1.243652 13.320596
v -0.066683 -1.191103 13.450753
v 0.851981 -1.250949 13.007112
v 1.152971 -1.020462 13.068590
v 1.241659 -1.123832 13.020404
v 1.711390 -0.655113 13.102929
v 1.580320 -0.565952 13.148346
v 1.663514 -0.581954 13.119545
v 1.663514 -0.581954 13.119545
v 2.058293 -0.126805 13.143914
v 1.580320 -0.565952 13.148346
v 1.878170 -0.055437 13.203177
v 2.258037 0.466855 13.224224
v 2.166209 0.465639 13.145576
v 2.166209 0.465639 13.145576
v 1.951554 0.506347 13.262441
v 2.016304 1.027039 13.133391
v 1.772216 0.944663 13.248040
v 1.688237 1.471691 13.134499
v 1.615639 1.316092 13.248594
v 1.541078 1.395972 13.251917
v 1.745531 1.537426 13.219793
v 1.353892 2.016578 13.053636
v 1.222430 1.844016 13.157207
v 0.887300 2.200724 12.983295
v 0.887692 1.995264 13.113452
v 0.839816 2.149519 13.059728
v 0.939492 2.233111 13.051974
v 0.939492 2.233111 13.051974
v 0.573753 2.410473 13.020958
v 0.839816 2.149519 13.059728
v 0.556094 2.133518 13.091298
v -0.037251 2.323424 13.123422
v 0.000029 2.051589 13.248594
v -0.039606 2.216918 13.248594
v 0.067133 2.390119 13.202623
v -0.494033 2.002304 13.479000
v -0.498742 1.859570 13.496723
v -0.893913 1.629339 13.726576
v -0.868013 1.560532 13.716606
v -2.529536 1.240308 12.095458
v -2.724571 0.514219 12.108196
v -2.333324 1.199024 12.144197
v -2.399251 0.509227 12.115951
v -2.582513 -0.277540 12.087150
v -2.323121 -0.218590 12.140321
v -1.983674 -0.765717 12.213429
v -2.144568 -1.017902 12.124812
v -1.744296 -1.279496 12.237246
v -1.418976 -1.365713 12.424451
v -1.309490 -1.235971 12.574547
v -1.480979 -1.545122 12.500883
v -1.313022 -1.598248 12.529684
v -1.230613 -1.625450 12.483713
v -0.603519 -1.532769 12.601131
v -0.644331 -1.762872 12.537438
v 0.000029 -1.714355 12.644887
v 0.000421 -1.568997 12.679226
v 0.631832 -1.517344 12.864215
v 0.567082 -1.389971 12.884154
v 0.851981 -1.250949 13.007112
v 0.798219 -1.222978 13.002681
v 0.823727 -1.166781 13.085759
v -2.333324 1.199024 12.144197
v -2.082958 1.745319 12.202353
v -2.529536 1.240308 12.095458
v -2.228939 1.816430 12.146967
v -1.469991 2.253337 12.372942
v -1.522184 2.476208 12.310909
v -0.647471 2.487153 12.562362
v -0.685143 2.685253 12.498114
v 0.000029 2.406633 12.725197
v 0.000029 2.619582 12.686980
v 0.580032 2.224535 12.950618
v 0.611426 2.405673 12.918493
v 0.839816 2.149519 13.059728
v 0.887692 1.995264 13.113452
v 0.737786 2.866519 11.884991
v 0.785662 3.073835 11.516674
v 1.732581 2.699078 11.516674
v 1.414718 3.238780 10.386800
v 0.875919 3.531609 10.381815
v 0.877489 3.676775 10.379600
v 0.000029 3.143795 11.516674
v 0.000029 3.759920 10.377384
v -0.424181 3.291585 11.270206
v -0.840543 3.435599 10.834318
v -0.877431 3.676775 10.379600
v -0.875861 3.531609 10.381815
v -1.414660 3.238780 10.386800
v -1.353441 3.191479 10.838749
v -1.866732 3.034471 10.841518
v -1.953850 3.258110 10.391785
v -2.421619 2.870103 10.403969
v -2.221091 2.637632 10.849273
v -2.575450 2.240856 10.856473
v -2.728103 2.395880 10.416708
v -2.750863 1.930169 10.425015
v -2.843083 1.417222 10.974998
v -3.082854 1.530705 10.433324
v -3.257875 1.083620 10.442185
v -3.005939 0.529325 11.090201
v -3.414845 0.574961 10.450494
v -3.386982 0.107203 10.441078
v -2.803840 -0.352171 11.083001
v -3.161731 -0.288485 10.432216
v -3.631070 -0.227487 9.409791
v -3.998772 0.249169 9.414222
v -4.043508 0.715839 9.419207
v -4.521481 0.364764 8.449951
v -3.984252 -0.188571 8.511984
v -3.344993 -0.436212 8.603371
v -3.161339 -0.426867 9.410898
v -2.909795 -0.695502 8.759005
v -2.852501 -0.737362 9.444684
v -2.775978 -0.807833 9.008242
v -3.444669 -0.689357 9.480684
v -2.605274 -0.796952 10.432216
v -2.873692 -0.397040 10.432216
v -2.392188 -0.802712 10.986076
v -2.555044 -0.926245 11.083555
v -3.015749 -1.073651 10.432216
v -3.437998 -1.072563 9.701121
v -3.136616 -1.482268 9.838478
v -2.614300 -1.336334 10.432216
v -2.331362 -1.272199 11.118448
v -2.215597 -1.242180 10.432216
v -2.756357 -1.325517 9.894972
v -2.395327 -1.183038 9.832386
v -1.956205 -1.243716 9.878356
v -2.215989 -1.242180 10.432216
v -2.506776 -1.531041 10.344152
v -1.887138 -1.514848 10.006298
v 1.953908 3.258110 10.391785
v 1.514001 3.567197 9.317296
v 0.955581 3.851321 9.318403
v 0.945771 4.162712 9.318957
v 0.000029 4.256545 9.316188
v -0.946105 4.162712 9.318957
v -0.955523 3.851321 9.318403
v -1.513943 3.567197 9.317296
v -2.101402 3.600736 9.315635
v -2.558575 3.255741 9.342773
v -3.031446 2.617661 9.369359
v -2.979254 1.986943 9.384867
v -3.515305 1.723172 9.400375
v -3.810408 1.269687 9.409791
v -4.599180 0.891793 8.388473
v -4.486162 1.483276 8.232838
v -3.887716 1.832367 8.355795
v -3.217063 2.060038 8.339179
v -3.295548 2.961504 8.322563
v -2.737521 3.608993 8.300962
v -2.245814 3.975557 8.279363
v -1.595567 3.863162 8.271608
v -0.993196 4.114771 8.263300
v -1.003007 4.621958 8.258869
v 0.000029 4.726544 8.254992
v 1.003065 4.621958 8.258869
v 0.993254 4.114771 8.263300
v 1.595625 3.863162 8.271608
v 2.101460 3.600736 9.315635
v 2.558634 3.255741 9.342773
v 2.421678 2.870103 10.403969
v 1.984517 2.353635 11.516674
v 2.236846 2.008257 11.516674
v 2.714033 2.395880 10.416708
v 3.031504 2.617661 9.369359
v 3.295213 2.961504 8.322563
v 2.737579 3.608993 8.300962
v 2.245479 3.975557 8.279363
v 1.701972 4.240096 7.014346
v 1.105880 4.327976 7.004930
v 1.081550 5.033775 6.999945
v 0.000029 5.135801 6.995514
v -1.081492 5.033775 6.999945
v -1.105822 4.327976 7.004930
v -1.701914 4.240096 7.014346
v -2.363148 4.383022 7.023761
v -2.882325 3.979589 7.016561
v -3.507457 3.351239 6.966160
v -3.558472 2.674051 7.185489
v -3.155452 2.059590 7.424757
v -3.305358 1.993407 7.683409
v -3.607525 1.945082 7.867290
v -4.028203 1.860530 8.019602
v -2.904693 4.115219 6.483747
v -2.452621 4.660746 5.998013
v -1.962876 4.549695 5.703913
v -1.515512 4.156503 5.460215
v -1.165078 4.535613 5.820777
v -1.195294 4.551359 5.214854
v -1.121911 5.137145 5.836285
v -1.149773 5.209153 5.025434
v -1.014387 5.262022 5.842378
v -0.961017 5.443096 4.924632
v -0.480690 5.635179 4.737427
v 0.000029 5.394067 5.836839
v 0.000029 5.652333 4.678164
v 0.480748 5.635179 4.737427
v 1.014445 5.262022 5.842378
v 0.961075 5.443096 4.924632
v 1.149831 5.209153 5.025434
v 1.121577 5.137145 5.836285
v 1.195352 4.551359 5.214854
v 1.165136 4.535613 5.820777
v 1.515571 4.156503 5.460215
v 1.962934 4.549695 5.703913
v 2.452679 4.660746 5.998013
v 2.363206 4.383022 7.023761
v 2.904752 4.115219 6.483747
v 2.882383 3.979589 7.016561
v 3.507515 3.351239 6.966160
v 3.558530 2.674051 7.185489
v 3.217121 2.059974 8.339179
v 3.155510 2.059590 7.424757
v 3.305416 1.993407 7.683409
v 3.607583 1.945082 7.867290
v 3.887774 1.832367 8.355795
v 4.027869 1.860530 8.019602
v 4.486220 1.483276 8.232838
v 3.810466 1.269687 9.409791
v 4.599238 0.891793 8.388473
v 4.043566 0.715839 9.419207
v 4.521538 0.364764 8.449951
v 3.998830 0.249169 9.414222
v 3.984310 -0.188571 8.511984
v 3.630736 -0.227487 9.409791
v 3.345051 -0.436212 8.603371
v 3.161397 -0.426867 9.410898
v 2.909853 -0.695502 8.759005
v 2.852559 -0.737362 9.444684
v 2.776036 -0.807833 9.008242
v 3.444727 -0.689357 9.480684
v 2.608079 -0.796952 10.432216
v 3.017377 -1.073651 10.432216
v 3.437663 -1.072563 9.701121
v 3.136281 -1.482268 9.838478
v 2.615143 -1.336334 10.432216
v 2.756415 -1.325517 9.894972
v 2.216832 -1.242180 10.432216
v 2.395385 -1.183038 9.832386
v 1.956263 -1.243716 9.878356
v 1.887196 -1.514848 10.006298
v 2.506834 -1.531041 10.344152
v 2.153652 -1.073203 11.516674
v 2.272556 -0.902434 11.516674
v 2.175628 -0.735634 11.516674
v 2.574723 -0.315304 11.450211
v 2.876889 -0.397040 10.432216
v 3.164536 -0.288421 10.432216
v 3.389003 0.107267 10.441078
v 2.742680 0.525037 11.516674
v 3.417650 0.575153 10.450494
v 3.259895 1.083684 10.442185
v 2.636333 0.929109 11.516674
v 2.529987 1.333181 11.516674
v 3.045632 1.558484 10.433324
v 2.705008 1.867891 10.425015
v 2.979312 1.986943 9.384867
v 3.515363 1.723172 9.400375
v 1.142768 -2.169569 11.051986
v 1.198884 -1.989263 11.079679
v 1.414325 -2.019026 10.998815
v 1.186719 -1.906247 10.881396
v 0.000029 -1.105398 11.873360
v 0.525877 -1.078004 11.889976
v 0.000029 -1.653421 11.516674
v 0.667542 -1.598952 11.516674
v 0.000029 -2.221670 11.184358
v 0.745242 -2.099674 11.028724
v 1.142768 -2.169569 11.051986
v 1.134527 -1.471451 11.516674
v 1.071739 -0.907043 11.923761
v 1.463771 -1.260550 11.516674
v 1.453175 -0.490361 12.007948
v 1.891120 -0.676428 11.516674
v 2.039064 -0.469815 11.516674
v 1.735720 0.256722 12.105981
v 2.297279 0.017338 11.516674
v 2.377334 0.501034 11.516674
v 2.030431 1.210481 11.200974
v 3.096647 1.118120 10.442185
v 2.907498 1.564628 10.433324
v 2.577470 1.807597 10.425015
v 1.741607 1.700130 11.200974
v 2.463274 2.280604 10.416708
v 2.790948 1.949243 9.384867
v 3.292859 1.713379 9.400375
v 3.569125 1.300666 9.409791
v 3.182588 0.672891 10.450494
v 3.149624 0.205516 10.441078
v 2.896511 -0.170649 10.432216
v 3.401168 -0.149847 9.409791
v 3.746109 0.312215 9.414222
v 3.787705 0.775045 9.419207
v 4.599238 0.891793 8.388473
v 4.521538 0.364764 8.449951
v 3.984310 -0.188571 8.511984
v 3.345051 -0.436212 8.603371
v 2.991085 -0.367405 9.410898
v 2.723452 -0.309031 10.432216
v 2.493491 -0.638024 10.432216
v 2.187008 -0.991915 10.432216
v 1.876993 -1.270407 10.713023
v 1.882095 -1.477724 10.713023
v 1.789090 -1.814013 10.613882
v 1.458669 -1.739062 10.664837
v 1.186719 -1.906247 10.881396
v 1.198884 -1.989263 11.079679
v 2.770935 -0.657162 9.444684
v 2.629270 -0.909731 9.894972
v 2.909853 -0.695502 8.759005
v 2.776036 -0.807833 9.008242
v 2.395385 -1.183038 9.832386
v 1.956263 -1.243716 9.878356
v 1.887196 -1.514848 10.006298
v 4.486220 1.483276 8.232838
v 3.641724 1.807853 8.355795
v 4.027869 1.860530 8.019602
v 3.607583 1.945082 7.867290
v 3.089976 2.018242 8.339179
v 3.305416 1.993407 7.683409
v 3.155510 2.059590 7.424757
v 3.558530 2.674051 7.185489
v 3.086836 2.785038 8.322563
v 3.507515 3.351239 6.966160
v 2.559026 3.489173 8.300962
v 2.783100 3.833463 7.016561
v 2.904752 4.115219 6.483747
v 2.312584 4.207516 7.023761
v 2.452679 4.660746 5.998013
v 1.670186 4.052749 7.014346
v 1.962934 4.549695 5.703913
v 1.515571 4.156503 5.460215
v 1.036028 4.141590 7.004930
v 1.151009 4.502138 5.711667
v 1.195352 4.551359 5.214854
v 1.094892 5.054001 5.820223
v 1.149831 5.209153 5.025434
v 0.984621 5.162556 5.864532
v 0.961075 5.443096 4.924632
v 0.480748 5.635179 4.737427
v 0.000029 5.285896 5.836839
v 0.000029 5.652333 4.678164
v 1.012875 4.823834 6.999945
v 0.000029 4.919395 6.995514
v 0.939492 4.438067 8.258869
v 0.000029 4.536061 8.254992
v 0.000029 4.095761 9.316188
v 0.886122 4.007816 9.318957
v 0.000029 3.285184 10.377384
v 0.820588 3.254141 10.381815
v 0.631832 2.258842 11.200974
v 0.000029 2.196180 11.200974
v 1.325245 2.985186 10.386800
v 1.324068 2.084424 11.200974
v 1.766722 2.966305 10.391785
v 2.184261 2.692485 10.403969
v 2.839609 2.553911 9.369359
v 2.391068 3.158260 9.342773
v 2.013949 3.476883 9.315635
v 2.155614 3.828535 8.279363
v 1.534407 3.703850 8.271608
v 1.418249 3.432975 9.317296
v 0.868071 3.661862 9.318403
v 0.930466 3.906174 8.263300
v 0.000029 -1.105398 11.873360
v -0.525819 -1.078004 11.889976
v 0.000029 -1.653421 11.516674
v -0.667484 -1.598952 11.516674
v 0.000029 -2.221670 11.184358
v -0.745184 -2.099674 11.028724
v -1.143102 -2.169569 11.051986
v -1.134861 -1.471451 11.516674
v -1.071681 -0.907043 11.923761
v -1.463713 -1.260550 11.516674
v -1.453510 -0.490361 12.007948
v -1.891062 -0.676428 11.516674
v -2.039006 -0.469815 11.516674
v -1.735662 0.256722 12.105981
v -2.297221 0.017338 11.434149
v -2.377276 0.501034 11.491751
v -2.030373 1.210481 11.200974
v -3.096589 1.118120 10.442185
v -2.907440 1.564628 10.433324
v -2.577412 1.807597 10.425015
v -1.741549 1.700130 11.200974
v -2.463217 2.280604 10.416708
v -2.790890 1.949243 9.384867
v -3.292801 1.713379 9.400375
v -3.569460 1.300666 9.409791
v -3.182530 0.672891 10.450494
v -3.149566 0.205516 10.441078
v -2.896453 -0.170649 10.432216
v -3.401110 -0.149847 9.409791
v -3.746051 0.312215 9.414222
v -3.787647 0.775045 9.419207
v -4.599180 0.891793 8.388473
v -4.521481 0.364764 8.449951
v -3.984252 -0.188571 8.511984
v -3.344993 -0.436212 8.603371
v -2.991027 -0.367405 9.410898
v -2.723786 -0.309031 10.432216
v -2.493433 -0.638024 10.432216
v -2.186950 -0.991915 10.432216
v -1.876935 -1.270407 10.713023
v -1.882037 -1.477724 10.713023
v -1.789424 -1.814013 10.613882
v -1.458611 -1.739062 10.664837
v -1.186661 -1.906247 10.881396
v -1.198826 -1.989263 11.079679
v -2.770877 -0.657162 9.444684
v -2.629212 -0.909731 9.894972
v -2.909795 -0.695502 8.759005
v -2.775978 -0.807833 9.008242
v -2.395327 -1.183038 9.832386
v -1.956205 -1.243716 9.878356
v -1.887138 -1.514848 10.006298
v -4.486162 1.483276 8.232838
v -3.641666 1.807853 8.355795
v -4.028203 1.860530 8.019602
v -3.607525 1.945082 7.867290
v -3.089918 2.018242 8.339179
v -3.305358 1.993407 7.683409
v -3.155452 2.059590 7.424757
v -3.558472 2.674051 7.185489
v -3.086778 2.785038 8.322563
v -3.507457 3.351239 6.966160
v -2.558968 3.489173 8.300962
v -2.783042 3.833463 7.016561
v -2.904693 4.115219 6.483747
v -2.312526 4.207516 7.023761
v -2.452621 4.660746 5.998013
v -1.670128 4.052749 7.014346
v -1.962876 4.549695 5.703913
v -1.515512 4.156503 5.460215
v -1.035970 4.141590 7.004930
v -1.150951 4.502138 5.711667
v -1.195294 4.551359 5.214854
v -1.094834 5.054001 5.820223
v -1.149773 5.209153 5.025434
v -0.984563 5.162556 5.864532
v -0.961017 5.443096 4.924632
v -0.480690 5.635179 4.737427
v 0.000029 5.285896 5.836839
v 0.000029 5.652333 4.678164
v -1.013210 4.823834 6.999945
v 0.000029 4.919395 6.995514
v -0.939434 4.438067 8.258869
v 0.000029 4.536061 8.254992
v 0.000029 4.095761 9.316188
v -0.886064 4.007816 9.318957
v 0.000029 3.285184 10.377384
v -0.820530 3.254141 10.381815
v -0.631774 2.258842 11.200974
v 0.000029 2.196180 11.200974
v -1.325187 2.985186 10.386800
v -1.324402 2.084424 11.200974
v -1.766664 2.966305 10.391785
v -1.418191 3.432975 9.317296
v -0.868013 3.661862 9.318403
v -0.930408 3.906174 8.263300
v -1.534349 3.703850 8.271608
v -2.013891 3.476883 9.315635
v -2.391011 3.158260 9.342773
v -2.184203 2.692485 10.403969
v -2.839551 2.553911 9.369359
v -2.155556 3.828535 8.279363
v 1.804787 0.471976 17.170477
v 1.858549 0.509419 17.198170
v 1.815382 0.526829 17.250786
v 1.934287 0.530349 17.208693
v 1.838143 0.605173 17.290665
v 1.916235 0.795528 17.320019
v 2.064964 0.728769 17.221432
v 2.022975 0.498794 17.155523
v 2.206629 0.652666 17.108444
v 2.052799 0.437284 17.067459
v 2.100675 0.452262 17.036442
v 2.035925 0.404065 17.008196
v 1.804787 0.471976 17.170477
v 1.690199 0.362397 17.133923
v 1.793407 0.425187 17.135031
v 1.591701 0.266067 17.016504
v 1.799293 0.369821 17.068567
v 1.537939 0.222223 16.941179
v 1.701972 0.205453 16.841484
v 1.869144 0.341275 16.999887
v 1.876601 0.197964 16.752312
v 1.980201 0.358748 16.979950
v 2.002961 0.293590 16.918470
v 2.035925 0.404065 17.008196
v 1.370766 0.440484 16.756744
v 1.420996 0.380510 16.868624
v 1.417857 0.391584 16.775021
v 1.485746 0.346971 16.767267
v 1.508507 0.300887 16.981611
v 1.591701 0.301655 17.046412
v 1.705896 0.253650 16.868069
v 1.547749 0.325593 16.679203
v 1.759266 0.224079 16.679756
v 1.547357 0.355164 16.570093
v 1.643501 0.322393 16.592800
v 1.541078 0.407521 16.524675
v 1.370766 0.440484 16.756744
v 1.321713 0.488425 16.753420
v 1.355854 0.496362 16.713543
v 1.265204 0.617206 16.705235
v 1.378222 0.538222 16.647079
v 1.250684 0.758596 16.674772
v 1.359386 0.731650 16.512491
v 1.439048 0.539758 16.572863
v 1.491240 0.683389 16.375689
v 1.494380 0.481064 16.518030
v 1.538723 0.500138 16.468182
v 1.541078 0.407521 16.524675
v 0.000029 2.867543 9.642412
v 0.000029 2.196180 11.200974
v -0.290365 2.792207 9.689489
v -0.680434 2.575801 9.768692
v -0.631774 2.258842 11.200974
v -1.211776 2.661378 9.692259
v -1.324402 2.084424 11.200974
v -1.698382 2.405352 9.791400
v -1.911468 1.802156 9.896633
v -1.741549 1.700130 11.200974
v -2.355692 1.485964 10.002420
v -2.030373 1.210481 11.200974
v -2.145746 0.714111 10.037313
v -2.071970 0.669883 11.200974
v -2.279562 0.262226 10.172456
v -2.022524 0.159240 11.200974
v -2.115921 -0.185563 10.220088
v -1.699167 -0.387695 10.069992
v -1.641088 -0.496506 11.200974
v -1.829452 -0.701966 10.042852
v -1.807868 -0.972457 10.108208
v -1.308313 -1.162492 10.284335
v -1.143102 -1.009453 11.200974
v -1.490790 -1.311627 10.403416
v -1.119164 -1.461466 10.515295
v -0.835442 -1.107383 11.200974
v -0.842505 -1.459866 10.482617
v -0.738513 -1.347279 10.263843
v -0.527389 -1.154491 11.200974
v -0.427321 -1.314059 10.287659
v -0.316657 -1.241348 11.200974
v -0.313125 -1.479324 10.364091
v -0.472057 -1.566053 10.473202
v 0.000029 -1.241796 11.200974
v -0.327645 -1.662702 10.526926
v -0.157725 -1.589543 10.407292
v 0.000029 -1.560420 10.363538
v -0.525819 -1.078004 11.889976
v -1.071681 -0.907043 11.923761
v 0.000029 -1.105398 11.873360
v -1.453510 -0.490361 12.007948
v -1.735662 0.256722 12.105981
v 0.000029 2.867543 9.642412
v 0.000029 0.790023 10.562373
v -0.290365 2.792207 9.689489
v -0.680434 2.575801 9.768692
v -1.211776 2.661378 9.692259
v -1.698382 2.405352 9.791400
v -1.911468 1.802156 9.896633
v -2.355692 1.485964 10.002420
v -2.145746 0.714111 10.037313
v -2.279562 0.262226 10.172456
v -2.115921 -0.185563 10.220088
v -1.699167 -0.387695 10.069992
v -1.829452 -0.701966 10.042852
v -1.807868 -0.972457 10.108208
v -1.308313 -1.162492 10.284335
v -1.140355 -1.285001 10.511971
v -1.490790 -1.311627 10.403416
v -1.119164 -1.461466 10.515295
v -0.842505 -1.459866 10.482617
v -0.738513 -1.347279 10.263843
v -0.427321 -1.314059 10.287659
v -0.313125 -1.479324 10.364091
v -0.289187 -1.532321 10.476525
v 0.000029 -1.560420 10.363538
v -0.157725 -1.589543 10.407292
v -0.327645 -1.662702 10.526926
v -0.472057 -1.566053 10.473202
v 0.000029 2.867543 9.642412
v 0.290423 2.792207 9.689489
v 0.000029 2.196180 11.200974
v 0.680492 2.575801 9.768692
v 0.631832 2.258842 11.200974
v 1.211834 2.661378 9.692259
v 1.324068 2.084424 11.200974
v 1.698440 2.405352 9.791400
v 1.911526 1.802156 9.896633
v 1.741607 1.700130 11.200974
v 2.355750 1.485964 10.002420
v 2.030431 1.210481 11.200974
v 2.145803 0.714111 10.037313
v 2.072028 0.669883 11.200974
v 2.279620 0.262226 10.172456
v 2.022582 0.159240 11.200974
v 2.115979 -0.185563 10.220088
v 1.699225 -0.387695 10.069992
v 1.641146 -0.496506 11.200974
v 1.829510 -0.701966 10.042852
v 1.807534 -0.972457 10.108208
v 1.308371 -1.162492 10.284335
v 1.143160 -1.009453 11.200974
v 1.490455 -1.311627 10.403416
v 1.119222 -1.461466 10.515295
v 0.835500 -1.107383 11.200974
v 0.842563 -1.459866 10.482617
v 0.738179 -1.347279 10.263843
v 0.527447 -1.154491 11.200974
v 0.427379 -1.314059 10.287659
v 0.316715 -1.241348 11.200974
v 0.313183 -1.479324 10.364091
v 0.472115 -1.566053 10.473202
v 0.000029 -1.241796 11.200974
v 0.327703 -1.662702 10.526926
v 0.157783 -1.589543 10.407292
v 0.000029 -1.560420 10.363538
v 0.525877 -1.078004 11.889976
v 1.071739 -0.907043 11.923761
v 0.000029 -1.105398 11.873360
v 1.453175 -0.490361 12.007948
v 1.735720 0.256722 12.105981
v 0.000029 2.867543 9.642412
v 0.000029 0.790023 10.562373
v 0.290423 2.792207 9.689489
v 0.680492 2.575801 9.768692
v 1.211834 2.661378 9.692259
v 1.698440 2.405352 9.791400
v 1.911526 1.802156 9.896633
v 2.355750 1.485964 10.002420
v 2.145803 0.714111 10.037313
v 2.279620 0.262226 10.172456
v 2.115979 -0.185563 10.220088
v 1.699225 -0.387695 10.069992
v 1.829510 -0.701966 10.042852
v 1.807534 -0.972457 10.108208
v 1.308371 -1.162492 10.284335
v 1.140413 -1.285001 10.511971
v 1.490455 -1.311627 10.403416
v 1.119222 -1.461466 10.515295
v 0.842563 -1.459866 10.482617
v 0.738179 -1.347279 10.263843
v 0.427379 -1.314059 10.287659
v 0.313183 -1.479324 10.364091
v 0.289245 -1.532321 10.476525
v 0.472115 -1.566053 10.473202
v 0.327703 -1.662702 10.526926
v 0.157783 -1.589543 10.407292
v 0.000029 -1.560420 10.363538
v -1.143102 -2.169569 11.051986
v -1.198826 -1.989263 11.079679
v -1.414267 -2.019026 10.998815
v -1.186661 -1.906247 10.881396
v 3.409801 0.723521 14.565673
v 3.640154 0.707071 13.774761
v 3.782996 1.070755 13.892734
v 3.860696 1.120808 13.671189
v 4.307275 1.520144 13.557648
v 4.026691 1.279096 14.138093
v 4.604340 1.589783 13.852302
v 4.565097 1.635164 13.536048
v 4.869618 1.726309 13.594203
v 5.077211 1.700130 13.747622
v 4.886493 1.444937 14.134770
v 5.308741 1.626651 13.800793
v 5.438633 1.550547 13.856178
v 5.105858 1.157484 14.353545
v 5.504168 1.373122 13.985228
v 5.523789 1.225587 14.116493
v 5.676442 1.258166 14.034521
v 5.691354 0.982106 14.146955
v 5.609338 0.699838 14.273235
v 5.221623 0.707391 14.469301
v 4.640050 0.719936 14.749555
v 4.557249 1.047841 14.668692
v 4.404596 1.231539 14.515272
v 4.177775 1.344319 14.289297
v 3.674687 1.082020 14.830419
v 3.873254 0.995932 15.029254
v 3.990196 0.720768 15.146118
v 3.945460 0.510251 15.101256
v 3.777110 0.723521 15.749272
v 3.642901 1.091365 15.552098
v 3.421574 1.286457 15.168273
v 3.355254 1.004125 14.750663
v 3.494565 0.940118 14.650414
v 3.745324 0.417442 15.696655
v 3.822239 0.381726 14.978299
v 3.564024 0.204429 15.465142
v 3.654674 0.327129 14.810479
v 3.373698 0.105347 15.116210
v 3.503590 0.468839 14.659829
v 3.358394 0.410849 14.753985
v 3.409801 0.723521 14.565673
v 3.640154 0.707071 13.774761
v 3.797909 0.327705 13.909349
v 3.885027 0.260306 13.662328
v 4.306882 -0.136854 13.557648
v 4.032970 0.087425 14.144740
v 4.181307 0.038140 14.293174
v 4.404203 0.146311 14.515826
v 4.604340 -0.204636 13.852302
v 4.559996 -0.258850 13.541586
v 4.868441 -0.337962 13.594757
v 4.886885 -0.060942 14.134770
v 5.123124 0.247249 14.371268
v 4.575693 0.332057 14.686969
v 5.531245 0.168841 14.124801
v 5.683114 0.133894 14.038953
v 5.506130 0.010553 13.990767
v 5.441380 -0.146775 13.861163
v 5.305209 -0.251681 13.803008
v 5.087021 -0.315111 13.752053
v 5.694494 0.419938 14.149171
v 5.794954 0.706047 14.170771
v 3.538124 0.407713 15.297876
v 3.375268 0.137414 15.118979
v 3.384686 0.358748 15.137811
v 3.277554 0.467879 14.986053
v 3.069570 0.332762 15.023162
v 2.909853 0.726401 14.901313
v 3.212804 0.740098 14.894666
v 3.077811 1.115688 15.023716
v 3.300315 0.980378 14.953375
v 3.427460 1.222259 15.162181
v 3.450613 1.061795 15.136149
v 3.642901 1.091365 15.552098
v 3.609937 0.931733 15.340524
v 3.777110 0.723521 15.749272
v 3.632698 0.739266 15.447972
v 3.745324 0.417442 15.696655
v 3.625242 0.547119 15.407540
v 3.564024 0.204429 15.465142
v -3.409743 0.723521 14.563457
v -3.782938 1.070755 13.891072
v -3.640096 0.707071 13.772546
v -3.860246 1.120808 13.668974
v -4.307217 1.520144 13.555986
v -4.026634 1.279096 14.136432
v -3.494507 0.940118 14.648198
v -3.355196 1.004125 14.749001
v -3.674629 1.082020 14.828756
v -4.177717 1.344319 14.287082
v -4.604282 1.589783 13.850640
v -4.565040 1.635164 13.534386
v -4.869168 1.726309 13.592542
v -5.077153 1.700130 13.745406
v -4.886435 1.444937 14.132555
v -5.308683 1.626651 13.799131
v -5.438575 1.550547 13.853963
v -5.105800 1.157484 14.351883
v -5.504110 1.373122 13.983012
v -5.523731 1.225587 14.114831
v -5.676384 1.258166 14.032860
v -5.691296 0.982106 14.145293
v -5.609280 0.699838 14.271020
v -5.221172 0.707391 14.467640
v -4.639992 0.719936 14.747339
v -4.557191 1.047841 14.667029
v -4.404538 1.231539 14.513611
v -3.873196 0.995932 15.027593
v -3.990138 0.720768 15.143903
v -3.945402 0.510251 15.099594
v -3.777052 0.723521 15.747057
v -3.642843 1.091365 15.550436
v -3.421516 1.286457 15.166612
v -3.745266 0.417442 15.694440
v -3.822181 0.381726 14.976084
v -3.563573 0.204429 15.463480
v -3.654616 0.327129 14.808818
v -3.373640 0.105347 15.113995
v -3.503532 0.468839 14.657614
v -3.358335 0.410849 14.752324
v -3.409743 0.723521 14.563457
v -3.640096 0.707071 13.772546
v -3.797850 0.327705 13.907687
v -3.884969 0.260306 13.660112
v -4.306824 -0.136854 13.555432
v -4.032520 0.087425 14.143078
v -4.181249 0.038140 14.291512
v -4.404146 0.146311 14.513611
v -4.604282 -0.204636 13.850640
v -4.559938 -0.258850 13.539925
v -4.868383 -0.337962 13.593095
v -4.886435 -0.060942 14.132555
v -5.123066 0.247249 14.369053
v -4.575635 0.332057 14.685308
v -5.531188 0.168841 14.123139
v -5.682663 0.133894 14.037291
v -5.506072 0.010553 13.988551
v -5.441322 -0.146775 13.858948
v -5.305151 -0.251681 13.800793
v -5.086963 -0.315111 13.750391
v -5.694436 0.419938 14.147509
v -5.794896 0.706047 14.169109
v -3.538066 0.407713 15.296215
v -3.375210 0.137414 15.116764
v -3.384236 0.358748 15.136149
v -3.277496 0.467879 14.983837
v -3.069512 0.332762 15.021500
v -2.909795 0.726401 14.899651
v -3.212746 0.740098 14.892450
v -3.077752 1.115688 15.022054
v -3.300257 0.980378 14.951714
v -3.427402 1.222259 15.159966
v -3.450555 1.061795 15.133934
v -3.642843 1.091365 15.550436
v -3.609487 0.931733 15.338861
v -3.777052 0.723521 15.747057
v -3.632640 0.739266 15.446311
v -3.745266 0.417442 15.694440
v -3.625184 0.547119 15.405879
v -3.563573 0.204429 15.463480
v 0.138162 -0.559488 15.153872
v 0.180936 -0.576385 15.086302
v 0.215862 -0.547518 15.153872
v 0.254320 -0.539006 15.086302
v 0.215862 -0.543230 15.018177
v 0.138162 -0.555391 15.018177
v 0.099705 -0.563200 15.086302
v -0.138104 -0.559488 15.153872
v -0.215804 -0.547518 15.153872
v -0.180878 -0.576385 15.086302
v -0.254262 -0.539006 15.086302
v -0.215804 -0.543230 15.018177
v -0.138104 -0.555391 15.018177
v -0.099647 -0.563200 15.086302
v -1.362075 1.116904 16.809361
v -1.633240 1.106919 16.871393
v -1.449978 1.175086 16.922348
v -1.591643 1.195632 17.044750
v -1.705838 1.224371 16.865854
v -1.759208 1.254006 16.677542
v -1.597529 1.141290 16.545170
v -1.603415 1.015390 16.705235
v -1.506487 1.045601 16.483137
v -1.481764 0.964121 16.409473
v -1.434673 0.927893 16.672556
v -1.445269 0.783303 16.373472
v -1.299287 0.716864 16.485907
v -1.172926 0.667963 16.629910
v -1.207067 0.847053 16.647079
v -1.248272 0.946903 16.677542
v -1.320870 1.042913 16.706343
v -1.806691 0.970137 17.240263
v -1.883606 0.815050 17.329988
v -1.912646 0.946903 17.130598
v -1.977396 0.691582 17.379835
v -2.107680 0.758340 17.257986
v -2.229332 0.834380 17.123398
v -2.093553 1.048481 17.008196
v -1.879682 1.030751 16.953918
v -2.036652 1.086245 16.980503
v -1.928343 1.239860 16.823761
v -1.708193 1.126889 16.926224
v -1.850250 1.330814 16.724066
v -1.675622 1.330238 16.813236
v -1.511588 1.313468 16.913486
v -1.576338 1.247669 16.999334
v -1.651291 1.180847 17.086843
v -1.812185 1.042209 17.159399
v 1.362133 1.116904 16.811022
v 1.633690 1.106919 16.873055
v 1.450036 1.175086 16.924009
v 1.591701 1.195632 17.046412
v 1.705896 1.224371 16.868069
v 1.759266 1.254006 16.679756
v 1.597587 1.141290 16.546831
v 1.603473 1.015390 16.706896
v 1.506937 1.045601 16.484798
v 1.481822 0.964121 16.411135
v 1.434731 0.927893 16.674219
v 1.445327 0.783303 16.375134
v 1.299345 0.716864 16.488121
v 1.173377 0.667963 16.632126
v 1.207125 0.847053 16.649294
v 1.248330 0.946903 16.679756
v 1.320928 1.042913 16.708557
v 1.806749 0.970137 17.242479
v 1.883664 0.815050 17.332205
v 1.912704 0.946903 17.132814
v 1.977453 0.691582 17.381498
v 2.108131 0.758340 17.259647
v 2.229390 0.834380 17.125614
v 2.093611 1.048481 17.009857
v 1.879740 1.030751 16.956133
v 2.036710 1.086245 16.982164
v 1.928401 1.239860 16.825422
v 1.708251 1.126953 16.927887
v 1.850701 1.330814 16.726280
v 1.675679 1.330238 16.814899
v 1.511646 1.313468 16.915148
v 1.576396 1.247669 17.001549
v 1.651349 1.180847 17.088505
v 1.812243 1.042209 17.161060
v -1.420938 0.380510 16.866407
v -1.508449 0.300887 16.979950
v -1.633240 0.371166 16.871393
v -1.591643 0.301655 17.044750
v -1.705838 0.253650 16.865854
v -1.759208 0.224079 16.677542
v -1.643443 0.322393 16.591139
v -1.603415 0.462695 16.705235
v -1.541020 0.407521 16.523014
v -1.538666 0.500138 16.466520
v -1.434673 0.550191 16.672556
v -1.491182 0.683389 16.373472
v -1.359328 0.731650 16.510275
v -1.250626 0.758596 16.672556
v -1.265146 0.617206 16.703018
v -1.321655 0.488425 16.751759
v -1.370708 0.440484 16.754528
v -1.815324 0.526829 17.249125
v -1.838085 0.605173 17.288448
v -1.912646 0.527021 17.130598
v -1.916177 0.795528 17.318357
v -2.064906 0.728769 17.219217
v -2.206571 0.652666 17.106783
v -2.100617 0.452262 17.034781
v -1.879682 0.443173 16.953918
v -2.035867 0.404065 17.006535
v -2.002903 0.293590 16.916809
v -1.708193 0.347035 16.926224
v -1.876543 0.197964 16.750650
v -1.701914 0.205453 16.839268
v -1.537881 0.222223 16.939518
v -1.591643 0.266067 17.014843
v -1.690141 0.362397 17.132261
v -1.804729 0.471976 17.168816
v 0.000029 0.239888 17.842310
v 0.000029 0.064191 17.754246
v -0.127116 0.106435 17.720459
v 0.000029 0.039100 17.585873
v 0.127174 0.106435 17.720459
v 0.000029 0.280405 17.903234
v 0.000029 0.250129 17.878309
v -0.032542 0.270355 17.887171
v -0.032542 0.250322 17.855602
v 0.000029 0.240337 17.840094
v 0.032600 0.250322 17.855602
v 0.032600 0.270355 17.887171
v 0.463874 1.312891 14.324744
v 0.355958 1.324861 14.338037
v 0.412467 1.403845 14.277112
v 0.299056 1.387651 14.269359
v 0.350071 1.438536 14.186833
v 0.457988 1.426567 14.173540
v 0.514889 1.363777 14.242773
v 0.459950 -0.702478 14.360745
v 0.353995 -0.726992 14.371268
v 0.416391 -0.786646 14.295943
v 0.301803 -0.780182 14.291512
v 0.355565 -0.808857 14.200680
v 0.461912 -0.784278 14.190156
v 0.513712 -0.731089 14.269912
v 1.366449 0.782086 14.024552
v 1.709036 0.498410 13.692236
v 1.469264 0.501290 14.005721
v 1.430807 0.040828 14.012367
v 1.666261 -0.022026 13.694451
v 1.218506 -0.380910 14.040614
v 1.393134 -0.486648 13.712175
v 0.857475 -0.763988 14.015690
v 0.922225 -0.832155 13.858394
v 0.598868 -0.904098 13.981351
v 0.731900 -0.670411 14.250527
v 1.633298 0.873872 13.695005
v 1.263242 1.062819 14.042830
v 1.459061 1.227955 13.717713
v 0.913984 1.429831 14.017352
v 0.957544 1.251957 14.131447
v 0.746419 1.272951 14.236680
v 0.583563 1.545555 13.996859
v 1.016407 1.548563 13.839009
v 1.815382 0.526829 17.250786
v 1.912704 0.527021 17.132814
v 1.838143 0.605173 17.290665
v 1.916235 0.795528 17.320019
v 2.064964 0.728769 17.221432
v 2.206629 0.652666 17.108444
v 2.100675 0.452262 17.036442
v 1.879740 0.443237 16.956133
v 2.035925 0.404065 17.008196
v 2.002961 0.293590 16.918470
v 1.708251 0.347035 16.927887
v 1.876601 0.197964 16.752312
v 1.701972 0.205453 16.841484
v 1.537939 0.222223 16.941179
v 1.591701 0.266067 17.016504
v 1.690199 0.362397 17.133923
v 1.804787 0.471976 17.170477
v 1.420996 0.380510 16.868624
v 1.508507 0.300887 16.981611
v 1.633690 0.371166 16.873055
v 1.591701 0.301655 17.046412
v 1.705896 0.253650 16.868069
v 1.759266 0.224079 16.679756
v 1.643501 0.322393 16.592800
v 1.603473 0.462695 16.706896
v 1.541078 0.407521 16.524675
v 1.538723 0.500138 16.468182
v 1.434731 0.550191 16.674219
v 1.491240 0.683389 16.375689
v 1.359386 0.731650 16.512491
v 1.250684 0.758596 16.674772
v 1.265204 0.617206 16.705235
v 1.321713 0.488425 16.753420
v 1.370766 0.440484 16.756744
v 0.215862 -0.547518 15.153872
v 0.170341 -0.510459 15.086302
v 0.138162 -0.559488 15.153872
v 0.099705 -0.563200 15.086302
v 0.138162 -0.555391 15.018177
v 0.215862 -0.543230 15.018177
v 0.254320 -0.539006 15.086302
v -0.215804 -0.547518 15.153872
v -0.138104 -0.559488 15.153872
v -0.170283 -0.510459 15.086302
v -0.099647 -0.563200 15.086302
v -0.138104 -0.555391 15.018177
v -0.215804 -0.543230 15.018177
v -0.254262 -0.539006 15.086302
v -1.521791 1.094054 16.530769
v -1.506487 1.045601 16.483137
v -1.388759 1.078628 16.575077
v -1.446054 0.983899 16.471506
v -1.376594 0.936790 16.521353
v -1.313807 0.949015 16.592800
v -1.296932 0.992732 16.660372
v -1.320870 1.042913 16.706343
v -1.376594 1.080036 16.728497
v -1.450370 1.123433 16.720743
v -1.522576 1.122345 16.640987
v -2.055095 1.055586 17.040874
v -1.939723 1.124201 17.110661
v -2.036652 1.086245 16.980503
v -1.967585 1.152044 16.940071
v -1.863985 1.171822 16.963333
v -1.796880 1.151660 17.036997
v -1.787070 1.106407 17.108444
v -1.812185 1.042209 17.159399
v -1.865162 1.003293 17.185986
v -1.940115 0.978458 17.193739
v -2.027233 1.001373 17.133368
v 1.506937 1.045601 16.484798
v 1.388818 1.078628 16.576738
v 1.521849 1.094054 16.532431
v 1.522634 1.122345 16.642649
v 1.450428 1.123433 16.722404
v 1.376652 1.080036 16.730713
v 1.320928 1.042913 16.708557
v 1.296990 0.992732 16.662588
v 1.313865 0.949015 16.595016
v 1.376652 0.936790 16.523014
v 1.446111 0.983899 16.473167
v 2.036710 1.086245 16.982164
v 1.939781 1.124201 17.112875
v 2.055153 1.055586 17.042536
v 2.027291 1.001373 17.135584
v 1.940173 0.978458 17.195400
v 1.865220 1.003293 17.187647
v 1.812243 1.042209 17.161060
v 1.787128 1.106407 17.110661
v 1.796939 1.151660 17.038658
v 1.864043 1.171822 16.964994
v 1.967643 1.152044 16.941732
v -1.541020 0.407521 16.523014
v -1.422900 0.396448 16.619387
v -1.547299 0.355164 16.568432
v -1.547691 0.325593 16.677542
v -1.485688 0.346971 16.765606
v -1.417799 0.391584 16.773359
v -1.370708 0.440484 16.754528
v -1.355796 0.496362 16.711882
v -1.378164 0.538222 16.644863
v -1.438990 0.539758 16.570646
v -1.494322 0.481064 16.516369
v -2.035867 0.404065 17.006535
v -1.929520 0.379998 17.132814
v -2.052741 0.437284 17.065798
v -2.022917 0.498794 17.153307
v -1.934229 0.530349 17.206478
v -1.858491 0.509419 17.195955
v -1.804729 0.471976 17.168816
v -1.793349 0.425187 17.132814
v -1.799235 0.369821 17.066906
v -1.869087 0.341275 16.998226
v -1.980142 0.358748 16.978287
v -0.032542 0.270355 17.887171
v 0.000029 0.280405 17.903234
v 0.000029 0.277012 17.861141
v 0.032600 0.270355 17.887171
v 0.032600 0.250322 17.855602
v 0.000029 0.240337 17.840094
v -0.032542 0.250322 17.855602
v 0.355958 1.324861 14.338037
v 0.463874 1.312891 14.324744
v 0.397554 1.330109 14.222281
v 0.514889 1.363777 14.242773
v 0.457988 1.426567 14.173540
v 0.350071 1.438536 14.186833
v 0.299056 1.387651 14.269359
v 0.353995 -0.726992 14.371268
v 0.459950 -0.702478 14.360745
v 0.393630 -0.705358 14.256619
v 0.513712 -0.731089 14.269912
v 0.461912 -0.784278 14.190156
v 0.355565 -0.808857 14.200680
v 0.301803 -0.780182 14.291512
v -3.269255 1.480204 10.961706
v -3.385020 0.550511 11.054755
v -3.081677 1.304058 11.037585
v -3.005939 0.529325 11.090201
v -2.843083 1.417222 10.974998
v -3.202151 1.416454 10.842072
v 2.052799 0.437284 17.067459
v 1.929578 0.379998 17.135031
v 2.035925 0.404065 17.008196
v 1.980201 0.358748 16.979950
v 1.869144 0.341275 16.999887
v 1.799293 0.369821 17.068567
v 1.793407 0.425187 17.135031
v 1.804787 0.471976 17.170477
v 1.858549 0.509419 17.198170
v 1.934287 0.530349 17.208693
v 2.022975 0.498794 17.155523
v 1.547357 0.355164 16.570093
v 1.422958 0.396448 16.621601
v 1.541078 0.407521 16.524675
v 1.494380 0.481064 16.518030
v 1.439048 0.539758 16.572863
v 1.378222 0.538222 16.647079
v 1.355854 0.496362 16.713543
v 1.370766 0.440484 16.756744
v 1.417857 0.391584 16.775021
v 1.485746 0.346971 16.767267
v 1.547749 0.325593 16.679203
v 1.782419 1.139498 16.795513
v 1.590916 1.078052 16.626032
v 1.614069 1.050593 16.639324
v 1.518710 0.794696 16.553476
v 1.540293 0.765637 16.573969
v 1.598372 0.468455 16.633232
v 1.612892 0.490473 16.640432
v 1.740037 0.320728 16.774467
v 1.748278 0.356060 16.761175
v 1.924869 0.381471 16.959455
v 1.912704 0.431652 16.907393
v 2.019443 0.593524 17.054167
v 2.008455 0.620598 16.989918
v 2.036317 0.840140 17.070782
v 2.023367 0.833612 17.008196
v 1.939388 1.043425 16.974411
v 1.921729 1.021919 16.918470
v 1.773393 1.173678 16.808252
v -1.614011 1.050593 16.637663
v -1.590858 1.078052 16.623817
v -1.781968 1.139498 16.793852
v -1.773335 1.173678 16.806038
v -1.921671 1.021919 16.916256
v -1.939330 1.043425 16.972195
v -2.023309 0.833612 17.006535
v -2.036259 0.840140 17.069120
v -2.008397 0.620598 16.988256
v -2.018992 0.593524 17.051950
v -1.912646 0.431652 16.905178
v -1.924811 0.381471 16.957794
v -1.748220 0.356060 16.759512
v -1.739979 0.320728 16.772806
v -1.612834 0.490473 16.638218
v -1.598314 0.468455 16.631571
v -1.540235 0.765637 16.572308
v -1.518652 0.794696 16.551262
v -0.806010 1.247220 1.905541
v -0.861734 1.391746 1.697290
v -0.805618 1.320955 1.905541
v -0.751463 1.391106 1.696736
v -0.805618 1.320955 1.905541
v -0.806010 1.247220 1.905541
v 0.861400 1.391874 1.697844
v 0.805675 1.247156 1.905541
v 0.805283 1.320891 1.905541
v 0.805675 1.247156 1.905541
v 0.805283 1.320891 1.905541
v 0.751128 1.390914 1.696736
v -1.272210 0.262865 0.173621
v -1.217663 0.574897 0.721943
v -0.530136 0.261201 0.162544
v -0.563099 0.575473 0.721389
v -0.566631 0.881167 1.014381
v -1.154482 0.887440 1.024350
v -0.771869 1.175277 0.113804
v -0.758919 1.176173 0.612278
v -0.923345 1.175405 0.114358
v -0.930016 1.176173 0.613386
v -0.690637 1.170412 0.913578
v -1.005361 1.174317 0.918009
v -1.081884 1.098789 1.036535
v -0.629419 1.093989 1.030442
v -1.154482 0.887440 1.024350
v -0.566631 0.881167 1.014381
v -0.816998 -1.129914 0.149251
v -0.584683 -0.910116 0.113804
v -0.825631 -1.091190 0.341995
v -0.541124 -0.874464 0.299901
v -0.656496 -0.848798 0.437259
v -0.837404 -0.977899 0.457198
v -0.848392 -0.841053 0.484337
v -0.638445 -0.542463 0.515353
v -0.863304 -0.636808 0.566308
v -0.558783 -0.555072 0.481567
v -0.519540 -0.193628 0.519784
v -0.408092 -0.576387 0.283285
v -0.428106 -0.576387 0.112697
v -0.446942 -0.231968 0.112697
v -0.432422 -0.135254 0.303778
v -0.478728 0.109122 0.493752
v -0.530136 0.018425 0.630556
v -0.551719 0.212044 0.896408
v -0.504628 0.362267 0.762928
v -0.516401 0.545582 1.033212
v -0.564277 0.371676 1.138999
v -0.556821 0.554991 1.385467
v -0.506983 0.837003 1.284664
v -0.525034 0.813257 1.655197
v -0.566239 1.060449 1.678459
v -0.582328 0.958231 1.798092
v -0.691422 1.217137 1.781477
v -0.701625 1.073315 1.916618
v -0.860949 1.294201 1.822462
v -0.856633 1.158763 1.948189
v -0.863696 1.378241 1.654643
v -0.670624 1.291128 1.641904
v -0.535630 1.099045 1.431991
v -0.573303 1.109606 1.187185
v -0.674155 1.280439 1.270264
v -0.660028 1.313467 1.471315
v -0.860164 1.353343 1.280233
v -0.866836 1.397507 1.477961
v -0.566631 0.881167 1.014381
v -0.563099 0.575473 0.721389
v -0.530136 0.261201 0.162544
v -0.501881 0.196299 0.112697
v -0.923345 1.175405 0.114358
v -0.771869 1.175277 0.113804
v -0.920990 1.232178 0.114358
v -0.847214 1.279991 0.113804
v -0.773831 1.231730 0.113804
v -0.816998 -1.129914 0.149251
v -1.116810 -0.923365 0.117128
v -0.825631 -1.091190 0.341995
v -1.129760 -0.895970 0.301563
v -1.033223 -0.868192 0.437259
v -0.837404 -0.977899 0.457198
v -0.848392 -0.841053 0.484337
v -0.863304 -0.636808 0.566308
v -1.072858 -0.604101 0.536400
v -1.243170 -0.611846 0.459967
v -1.185484 -0.467256 0.512584
v -1.275349 -0.197085 0.519784
v -1.384443 -0.134102 0.307655
v -1.348732 -0.599493 0.288270
v -1.326757 -0.599749 0.118235
v -1.356188 -0.223455 0.118235
v -1.300464 0.188362 0.117681
v -1.272210 0.262865 0.173621
v -1.354226 0.109186 0.493752
v -1.217663 0.574897 0.721943
v -1.313807 0.365660 0.765698
v -1.271032 0.551022 1.036535
v -1.258082 0.222349 0.890870
v -1.226296 0.374557 1.135676
v -1.185876 0.553647 1.388236
v -1.223549 0.847756 1.295741
v -1.142317 0.824394 1.653535
v -1.294578 0.031162 0.636648
v -1.154482 0.887440 1.024350
v -1.146634 1.114343 1.189400
v -1.184699 1.100837 1.427560
v -1.049313 1.282807 1.275249
v -1.068542 1.313915 1.471315
v -0.860164 1.353343 1.280233
v -0.866836 1.397507 1.477961
v -1.052845 1.298681 1.644673
v -0.863696 1.378241 1.654643
v -1.149381 1.053153 1.685659
v -1.107784 0.978137 1.793662
v -1.028122 1.220593 1.787015
v -1.006931 1.111654 1.922157
v -0.856633 1.158763 1.948189
v -0.860949 1.294201 1.822462
v -0.816998 -1.129914 0.149251
v -0.584683 -0.910116 0.113804
v -1.116810 -0.923365 0.117128
v -1.326757 -0.599749 0.118235
v -0.428106 -0.576387 0.112697
v -1.356188 -0.223455 0.118235
v -0.446942 -0.231968 0.112697
v -0.501881 0.196299 0.112697
v -1.300464 0.188362 0.117681
v -0.530136 0.261201 0.162544
v -1.272210 0.262865 0.173621
v -1.154482 0.887440 1.024350
v -1.146634 1.114343 1.189400
v -1.081884 1.098789 1.036535
v -0.991234 1.244980 1.050381
v -1.005361 1.174317 0.918009
v -1.049313 1.282807 1.275249
v -0.850354 1.305466 1.049828
v -0.860164 1.353343 1.280233
v -0.674155 1.280439 1.270264
v -0.692207 1.242676 1.048720
v -0.573303 1.109606 1.187185
v -0.629419 1.093989 1.030442
v -0.566631 0.881167 1.014381
v -0.690637 1.170412 0.913578
v -0.765590 1.231474 0.612278
v -0.844075 1.280375 0.612832
v -0.847214 1.279991 0.113804
v -0.773831 1.231730 0.113804
v -0.771869 1.175277 0.113804
v -0.758919 1.176173 0.612278
v -0.922952 1.231794 0.613386
v -0.930016 1.176173 0.613386
v -0.923345 1.175405 0.114358
v -0.920990 1.232178 0.114358
v 1.281686 0.264786 0.175283
v 0.539612 0.260497 0.160882
v 1.223999 0.576561 0.723604
v 0.569436 0.574769 0.720281
v 0.570614 0.880463 1.013273
v 1.158465 0.888784 1.025458
v 0.778598 1.175469 0.113250
v 0.763686 1.176237 0.612278
v 0.930074 1.176045 0.114912
v 0.934783 1.176813 0.613940
v 0.694227 1.170156 0.913578
v 1.008951 1.175149 0.919117
v 1.085081 1.099877 1.037643
v 0.633009 1.093477 1.029889
v 1.158465 0.888784 1.025458
v 0.570614 0.880463 1.013273
v 0.831575 -1.129594 0.148698
v 0.598868 -0.910628 0.112697
v 0.839424 -1.090870 0.341441
v 0.554524 -0.875168 0.298794
v 0.669112 -0.849054 0.436151
v 0.850019 -0.977579 0.456644
v 0.860615 -0.840733 0.484337
v 0.649491 -0.542783 0.514245
v 0.874742 -0.636360 0.565754
v 0.570221 -0.555712 0.480460
v 0.529409 -0.194396 0.518122
v 0.420315 -0.577539 0.281624
v 0.440721 -0.577475 0.111035
v 0.458380 -0.232928 0.111035
v 0.443076 -0.136278 0.302117
v 0.487812 0.108226 0.492091
v 0.538827 0.017657 0.629448
v 0.558448 0.211276 0.895301
v 0.511750 0.361371 0.761820
v 0.521560 0.544686 1.032104
v 0.569829 0.370908 1.137891
v 0.560803 0.554159 1.384359
v 0.510180 0.836043 1.283556
v 0.527054 0.812296 1.654089
v 0.567082 1.059617 1.677351
v 0.583563 0.957463 1.796985
v 0.691480 1.216753 1.780923
v 0.701683 1.072995 1.916618
v 0.860615 1.294393 1.822462
v 0.856298 1.158827 1.948189
v 0.863754 1.378433 1.655197
v 0.671074 1.290616 1.641350
v 0.537650 1.098085 1.430883
v 0.576107 1.108838 1.186631
v 0.676176 1.280055 1.269710
v 0.661263 1.312955 1.470761
v 0.861400 1.353599 1.280787
v 0.867286 1.397763 1.477961
v 0.570614 0.880463 1.013273
v 0.569436 0.574769 0.720281
v 0.539612 0.260497 0.160882
v 0.511750 0.195467 0.111589
v 0.930074 1.176045 0.114912
v 0.778598 1.175469 0.113250
v 0.927327 1.232882 0.114912
v 0.853159 1.280439 0.114358
v 0.780168 1.231922 0.113250
v 0.831575 -1.129594 0.148698
v 1.130995 -0.921957 0.118235
v 0.839424 -1.090870 0.341441
v 1.142768 -0.894562 0.302671
v 1.045839 -0.867168 0.437812
v 0.850019 -0.977579 0.456644
v 0.860615 -0.840733 0.484337
v 0.874742 -0.636360 0.565754
v 1.084296 -0.602949 0.537507
v 1.255001 -0.610054 0.461628
v 1.196137 -0.465655 0.513691
v 1.285218 -0.195228 0.521445
v 1.395096 -0.131798 0.309317
v 1.360955 -0.597317 0.290486
v 1.339764 -0.597637 0.119897
v 1.367627 -0.221215 0.119897
v 1.310725 0.190410 0.119343
v 1.281686 0.264786 0.175283
v 1.362918 0.111298 0.495414
v 1.223999 0.576561 0.723604
v 1.320928 0.367644 0.767913
v 1.276192 0.552750 1.038197
v 1.265204 0.224014 0.891978
v 1.231455 0.376093 1.137338
v 1.189859 0.555055 1.389898
v 1.226746 0.849292 1.297403
v 1.144337 0.825482 1.654643
v 1.302877 0.033082 0.638310
v 1.158465 0.888784 1.025458
v 1.149439 1.115623 1.190508
v 1.186327 1.102245 1.429222
v 1.050941 1.283704 1.276356
v 1.069777 1.314875 1.472423
v 0.861400 1.353599 1.280787
v 0.867286 1.397763 1.477961
v 1.053295 1.299577 1.645781
v 0.863754 1.378433 1.655197
v 1.150616 1.054305 1.686767
v 1.108627 0.979097 1.794769
v 1.028180 1.221297 1.787569
v 1.006989 1.112230 1.922711
v 0.856298 1.158827 1.948189
v 0.860615 1.294393 1.822462
v 0.831575 -1.129594 0.148698
v 0.598868 -0.910628 0.112697
v 1.130995 -0.921957 0.118235
v 1.339764 -0.597637 0.119897
v 0.440721 -0.577475 0.111035
v 1.367627 -0.221215 0.119897
v 0.458380 -0.232928 0.111035
v 0.511750 0.195467 0.111589
v 1.310725 0.190410 0.119343
v 0.539612 0.260497 0.160882
v 1.281686 0.264786 0.175283
v 1.158465 0.888784 1.025458
v 1.149439 1.115623 1.190508
v 1.085081 1.099877 1.037643
v 0.994039 1.245748 1.051489
v 1.008951 1.175149 0.919117
v 1.050941 1.283704 1.276356
v 0.853159 1.305722 1.049828
v 0.861400 1.353599 1.280787
v 0.676176 1.280055 1.269710
v 0.695012 1.242355 1.048166
v 0.576107 1.108838 1.186631
v 0.633009 1.093477 1.029889
v 0.570614 0.880463 1.013273
v 0.694227 1.170156 0.913578
v 0.769965 1.231474 0.612278
v 0.848450 1.280695 0.612832
v 0.853159 1.280439 0.114358
v 0.780168 1.231922 0.113250
v 0.778598 1.175469 0.113250
v 0.763686 1.176237 0.612278
v 0.927327 1.232370 0.613386
v 0.934783 1.176813 0.613940
v 0.930074 1.176045 0.114912
v 0.927327 1.232882 0.114912
v -1.216093 1.380225 1.804739
v -1.201181 1.295801 1.939327
v -1.032831 1.157291 2.037914
v -1.244348 1.215729 2.058407
v -1.244348 1.139241 2.204072
v -1.027730 1.152362 2.231211
v -0.806402 1.185326 2.170286
v -0.806402 1.166892 1.960373
v -0.806010 1.247220 1.905541
v -1.225904 1.167212 1.869540
v -1.156052 1.300409 1.682336
v -1.385620 1.134633 1.741599
v -1.170179 1.376769 1.495685
v -0.918243 1.574485 1.211555
v -0.861734 1.391746 1.697290
v -1.032831 1.157291 2.037914
v -1.225904 1.167212 1.869540
v -1.216093 1.380225 1.804739
v -1.385620 1.134633 1.741599
v -1.154875 1.399619 1.683443
v -1.170179 1.376769 1.495685
v -0.918243 1.574485 1.211555
v -0.861734 1.391746 1.697290
v -0.805618 1.320955 1.905541
v -0.806402 1.185326 2.170286
v -0.585860 1.152170 2.231211
v -0.718107 1.270070 2.045114
v -0.368850 1.138729 2.203518
v -0.367672 1.213041 2.055084
v -0.410447 1.291704 1.934896
v -0.395927 1.375809 1.800308
v -0.458322 1.395651 1.679013
v -0.805618 1.320955 1.905541
v -0.395927 1.375809 1.800308
v -0.579581 1.155947 2.036252
v -0.410447 1.291704 1.934896
v -0.367672 1.213041 2.055084
v -0.368850 1.138729 2.203518
v -0.585860 1.152170 2.231211
v -0.806402 1.185326 2.170286
v -0.806402 1.166892 1.960373
v -0.806010 1.247220 1.905541
v -0.387686 1.162796 1.864556
v -0.458322 1.296505 1.677905
v -0.229539 1.128360 1.734952
v -0.445765 1.372609 1.491254
v -0.698486 1.573205 1.209893
v -0.751463 1.391106 1.696736
v -0.579581 1.155947 2.036252
v -0.387686 1.162796 1.864556
v -0.395927 1.375809 1.800308
v -0.229539 1.128360 1.734952
v -0.458322 1.395651 1.679013
v -0.445765 1.372609 1.491254
v -0.698486 1.573205 1.209893
v -0.751463 1.391106 1.696736
v -0.805618 1.320955 1.905541
v -0.806402 1.185326 2.170286
v -1.027730 1.152362 2.231211
v -0.893520 1.270710 2.045668
v -1.244348 1.139241 2.204072
v -1.244348 1.215729 2.058407
v -1.201181 1.295801 1.939327
v -1.216093 1.380225 1.804739
v -1.154875 1.399619 1.683443
v -0.805618 1.320955 1.905541
v 1.215759 1.381569 1.806400
v 1.200454 1.297017 1.940988
v 1.032497 1.157675 2.038468
v 1.244013 1.216497 2.058961
v 1.244406 1.139369 2.204072
v 1.027395 1.152426 2.231211
v 0.806068 1.185326 2.170286
v 0.806068 1.166828 1.960373
v 0.805675 1.247156 1.905541
v 1.225962 1.168492 1.870648
v 1.156110 1.301625 1.683443
v 1.386463 1.136553 1.743814
v 1.170630 1.378049 1.497346
v 0.919478 1.574933 1.211555
v 0.861400 1.391874 1.697844
v 1.032497 1.157675 2.038468
v 1.225962 1.168492 1.870648
v 1.215759 1.381569 1.806400
v 1.386463 1.136553 1.743814
v 1.154540 1.400835 1.684551
v 1.170630 1.378049 1.497346
v 0.919478 1.574933 1.211555
v 0.861400 1.391874 1.697844
v 0.805283 1.320891 1.905541
v 0.806068 1.185326 2.170286
v 0.585526 1.152106 2.231211
v 0.717380 1.269878 2.045114
v 0.368515 1.138601 2.203518
v 0.367338 1.212080 2.054530
v 0.409720 1.290360 1.933788
v 0.395200 1.374337 1.798646
v 0.458380 1.394435 1.677905
v 0.805283 1.320891 1.905541
v 0.395200 1.374337 1.798646
v 0.579247 1.155499 2.036252
v 0.409720 1.290360 1.933788
v 0.367338 1.212080 2.054530
v 0.368515 1.138601 2.203518
v 0.585526 1.152106 2.231211
v 0.806068 1.185326 2.170286
v 0.806068 1.166828 1.960373
v 0.805675 1.247156 1.905541
v 0.387351 1.161387 1.863448
v 0.458380 1.295289 1.676797
v 0.230382 1.126312 1.732737
v 0.446215 1.371392 1.490146
v 0.699721 1.572949 1.209339
v 0.751128 1.390914 1.696736
v 0.579247 1.155499 2.036252
v 0.387351 1.161387 1.863448
v 0.395200 1.374337 1.798646
v 0.230382 1.126312 1.732737
v 0.458380 1.394435 1.677905
v 0.446215 1.371392 1.490146
v 0.699721 1.572949 1.209339
v 0.751128 1.390914 1.696736
v 0.805283 1.320891 1.905541
v 0.806068 1.185326 2.170286
v 1.027395 1.152426 2.231211
v 0.892794 1.270838 2.046222
v 1.244406 1.139369 2.204072
v 1.244013 1.216497 2.058961
v 1.200454 1.297017 1.940988
v 1.215759 1.381569 1.806400
v 1.154540 1.400835 1.684551
v 0.805283 1.320891 1.905541
v -0.805618 1.320955 1.905541
v -0.805618 1.322875 2.064499
v -0.893520 1.270710 2.045668
v -0.806402 1.185326 2.170286
v -0.718107 1.270070 2.045114
v 0.805283 1.320891 1.905541
v 0.892794 1.270838 2.046222
v 0.804891 1.322811 2.064499
v 0.806068 1.185326 2.170286
v 0.717380 1.269878 2.045114
v -0.107937 1.278046 14.637844
v -0.204960 1.337297 14.898694
v -0.112788 1.177578 14.637844
v -0.217088 1.211067 15.217510
v -0.204960 1.337297 14.898694
v -0.190407 1.123479 15.182731
v -0.112788 1.177578 14.637844
v -0.287430 1.569148 14.336418
v -0.107937 1.278046 14.637844
v -0.268025 1.690226 14.376995
v -0.204960 1.337297 14.898694
v -0.675523 1.875706 14.046585
v -0.653693 2.089524 14.069772
v -0.833186 1.929805 13.959636
v -0.823483 2.156503 13.982822
v -0.743439 2.009665 14.446555
v -0.401432 1.579452 14.811745
v -0.544542 1.471255 15.229104
v -0.217088 1.211067 15.217510
v -0.190407 1.123479 15.182731
v -0.602755 1.298655 15.182731
v -1.085446 1.793270 15.182731
v -1.148511 1.540811 15.136357
v -1.568136 1.896315 15.032018
v -1.507497 1.723715 15.020424
v -1.415325 2.022545 15.043611
v -0.971444 1.952990 14.881304
v -1.216427 2.138471 14.440758
v -1.408048 2.104981 14.753778
v -1.553583 1.958142 14.753778
v -1.568136 1.896315 15.032018
v -1.507497 1.723715 15.020424
v -1.488092 1.767509 14.765371
v -1.381367 2.009665 14.429165
v -1.308599 1.806151 14.423368
v -1.041785 2.153927 14.255265
v -0.993274 2.187417 14.098755
v -1.114553 2.048306 14.063975
v -0.833186 1.929805 13.959636
v -1.019955 1.847369 14.029195
v -1.085446 1.824184 14.208892
v -1.170341 2.017393 14.232079
v 0.112791 1.177578 14.637844
v 0.287432 1.569148 14.336418
v 0.107939 1.278046 14.637844
v 0.268028 1.690226 14.376995
v 0.204963 1.337297 14.898694
v 0.401435 1.579452 14.811745
v 0.544544 1.471255 15.229104
v 0.217091 1.211067 15.217510
v 0.190409 1.123479 15.182731
v 0.602758 1.298655 15.182731
v 1.085448 1.793270 15.182731
v 1.148513 1.540811 15.136357
v 1.568139 1.896315 15.032018
v 1.507499 1.723715 15.020424
v 0.675525 1.875706 14.046585
v 0.112791 1.177578 14.637844
v 1.415327 2.022545 15.043611
v 0.971446 1.952990 14.881304
v 0.743441 2.009665 14.446555
v 0.653695 2.089524 14.069772
v 0.833188 1.929805 13.959636
v 0.823486 2.156503 13.982822
v 0.993276 2.187417 14.098755
v 1.114555 2.048306 14.063975
v 1.170344 2.017393 14.232079
v 1.085448 1.824184 14.208892
v 1.308601 1.806151 14.423368
v 1.381369 2.009665 14.429165
v 1.488094 1.767509 14.765371
v 1.553585 1.958142 14.753778
v 1.507499 1.723715 15.020424
v 1.568139 1.896315 15.032018
v 1.408050 2.104981 14.753778
v 1.216429 2.138471 14.440758
v 1.041788 2.153927 14.255265
v 0.833188 1.929805 13.959636
v 1.019958 1.847369 14.029195
v 0.190409 1.123479 15.182731
v 0.204963 1.337297 14.898694
v -0.833186 1.929805 13.959636
v -0.755567 1.471255 14.423368
v -0.675523 1.875706 14.046585
v -0.287430 1.569148 14.336418
v -1.019955 1.847369 14.029195
v -1.085446 1.824184 14.208892
v -1.308599 1.806151 14.423368
v -0.966592 1.414581 14.863914
v -1.488092 1.767509 14.765371
v -1.507497 1.723715 15.020424
v -1.148511 1.540811 15.136357
v -0.602755 1.298655 15.182731
v -0.411135 1.203339 14.875507
v -0.190407 1.123479 15.182731
v -0.190407 1.105446 14.956661
v -0.112788 1.177578 14.637844
v 0.833188 1.929805 13.959636
v 0.755569 1.471255 14.423368
v 0.675525 1.875706 14.046585
v 0.287432 1.569148 14.336418
v 1.019958 1.847369 14.029195
v 1.085448 1.824184 14.208892
v 1.308601 1.806151 14.423368
v 0.966595 1.414581 14.863914
v 1.488094 1.767509 14.765371
v 1.507499 1.723715 15.020424
v 1.148513 1.540811 15.136357
v 0.602758 1.298655 15.182731
v 0.411137 1.203339 14.875507
v 0.190409 1.123479 15.182731
v 0.190409 1.105446 14.956661
v 0.112791 1.177578 14.637844
v 0.736165 1.831912 14.863914
v 0.682802 1.806151 15.165340
v 0.445095 1.551115 14.979848
v 0.338370 1.432614 15.026220
v 0.328667 1.414581 15.124764
v 0.175856 1.270318 15.101578
v 0.175856 1.205915 15.171137
v 0.333518 1.326993 15.281274
v 0.673100 1.618094 15.431987
v 1.092725 2.007088 15.495750
v 1.097576 1.911772 15.634871
v 1.614225 2.195145 15.959483
v 1.628778 2.208026 15.814567
v 1.543883 2.200297 15.571107
v 1.364390 2.130742 15.397207
v 1.095150 2.061187 15.240697
v 1.572990 2.249244 15.426190
v 1.558436 2.259548 15.339240
v 1.337708 2.153927 15.142154
v 1.051490 1.994208 15.032018
v 1.039362 2.094676 14.945067
v 1.032085 2.043154 14.852321
v 1.226132 2.128166 14.950864
v 1.235834 2.110133 15.032018
v -0.736162 1.831912 14.863914
v -0.445093 1.551115 14.979848
v -0.682800 1.806151 15.165340
v -0.338367 1.432614 15.026220
v -0.328665 1.414581 15.124764
v -0.175853 1.270318 15.101578
v -0.175853 1.205915 15.171137
v -0.333516 1.326993 15.281274
v -0.673097 1.618094 15.431987
v -1.092723 2.007088 15.495750
v -1.097574 1.911772 15.634871
v -1.614222 2.195145 15.959483
v -1.628776 2.208026 15.814567
v -1.543881 2.200297 15.571107
v -1.364388 2.130742 15.397207
v -1.095148 2.061187 15.240697
v -1.572988 2.249244 15.426190
v -1.558434 2.259548 15.339240
v -1.337706 2.153927 15.142154
v -1.051488 1.994208 15.032018
v -1.039360 2.094676 14.945067
v -1.032083 2.043154 14.852321
v -1.226130 2.128166 14.950864
v -1.235832 2.110133 15.032018
v -0.112788 1.159545 14.632048
v -0.200109 1.056500 14.962458
v -0.107937 1.280622 14.637844
v -0.204960 1.404276 14.898694
v -0.224365 1.136360 15.229104
v -0.217088 1.324417 15.211714
v 0.001214 1.337297 15.176934
v -0.217088 1.324417 15.211714
v 0.001214 1.427461 14.887101
v -0.204960 1.404276 14.898694
v -0.107937 1.280622 14.637844
v 0.001214 1.298655 14.678421
v -0.107937 1.280622 14.637844
v 0.001214 1.298655 14.678421
v -0.112788 1.159545 14.632048
v 0.001214 1.138936 14.661031
v -0.200109 1.056500 14.962458
v 0.001214 1.035891 14.962458
v -0.224365 1.136360 15.229104
v 0.001214 1.128631 15.188527
v 0.001214 1.337297 15.176934
v -0.217088 1.324417 15.211714
v 0.112791 1.159545 14.632048
v 0.200111 1.056500 14.962458
v 0.107939 1.280622 14.637844
v 0.204963 1.404276 14.898694
v 0.224367 1.136360 15.229104
v 0.217091 1.324417 15.211714
v 0.001214 1.337297 15.176934
v 0.217091 1.324417 15.211714
v 0.001214 1.427461 14.887101
v 0.204963 1.404276 14.898694
v 0.107939 1.280622 14.637844
v 0.001214 1.298655 14.678421
v 0.107939 1.280622 14.637844
v 0.001214 1.298655 14.678421
v 0.112791 1.159545 14.632048
v 0.001214 1.138936 14.661031
v 0.200111 1.056500 14.962458
v 0.001214 1.035891 14.962458
v 0.224367 1.136360 15.229104
v 0.001214 1.128631 15.188527
v 0.001214 1.337297 15.176934
v 0.217091 1.324417 15.211714
v 0.175856 1.205915 15.171137
v 0.367476 1.360482 15.147950
v 0.333518 1.326993 15.281274
v 0.680376 1.628399 15.165340
v 0.673100 1.618094 15.431987
v 0.175856 1.270318 15.101578
v 0.338370 1.432614 15.026220
v 0.367476 1.360482 15.147950
v 0.445095 1.551115 14.979848
v 0.736165 1.831912 14.863914
v 1.039362 1.981327 14.945067
v 1.032085 2.043154 14.852321
v 1.226132 2.128166 14.950864
v 1.235834 2.110133 15.032018
v 1.051490 1.994208 15.032018
v 1.102427 1.916924 15.240697
v 1.100002 1.911772 15.489954
v 1.364390 2.130742 15.397207
v 1.543883 2.200297 15.571107
v 1.628778 2.208026 15.814567
v 1.614225 2.195145 15.959483
v 1.097576 1.911772 15.634871
v 1.337708 2.153927 15.142154
v 1.558436 2.259548 15.339240
v 1.572990 2.249244 15.426190
v -0.175853 1.205915 15.171137
v -0.367474 1.360482 15.147950
v -0.333516 1.326993 15.281274
v -0.680374 1.628399 15.165340
v -0.673097 1.618094 15.431987
v -0.175853 1.270318 15.101578
v -0.338367 1.432614 15.026220
v -0.367474 1.360482 15.147950
v -0.445093 1.551115 14.979848
v -0.736162 1.831912 14.863914
v -1.039360 1.981327 14.945067
v -1.032083 2.043154 14.852321
v -1.226130 2.128166 14.950864
v -1.235832 2.110133 15.032018
v -1.051488 1.994208 15.032018
v -1.102425 1.916924 15.240697
v -1.099999 1.911772 15.489954
v -1.364388 2.130742 15.397207
v -1.543881 2.200297 15.571107
v -1.628776 2.208026 15.814567
v -1.614222 2.195145 15.959483
v -1.097574 1.911772 15.634871
v -1.337706 2.153927 15.142154
v -1.558434 2.259548 15.339240
v -1.572988 2.249244 15.426190
v 1.279495 6.267990 6.447164
v 1.272218 6.149488 7.038423
v 1.832527 6.028411 7.160152
v 1.116981 5.714124 8.325282
v 1.631204 5.667754 8.336875
v 2.143001 5.667754 7.809379
v 2.012020 5.510611 8.348469
v 1.927124 5.348315 8.690472
v 1.733078 5.085551 9.386070
v 1.849506 5.059790 8.846981
v 1.703971 4.892342 9.403461
v 2.482582 4.379695 9.478817
v 2.147852 4.031919 10.475842
v 1.412902 4.523957 10.464250
v 1.133960 3.825829 11.606192
v 0.806506 4.665644 10.452656
v 0.607609 3.988124 11.611988
v 0.876848 3.192103 12.539454
v 0.462074 3.284844 12.539454
v 0.690079 2.555802 13.356783
v 0.338370 2.506855 13.356783
v 0.658546 1.831912 14.081366
v 0.209814 1.782966 14.081366
v 0.112791 1.156969 14.637844
v 0.343221 1.350178 14.620455
v 0.200111 1.066805 14.962458
v 0.573651 1.241981 14.603065
v 1.051490 1.530506 14.081366
v 1.490520 1.991632 13.368376
v 1.085448 2.429572 13.350986
v 1.388646 2.980862 12.539454
v 1.716099 3.516695 11.606192
v 0.961744 5.237542 9.386070
v 1.691843 3.156038 11.693141
v 2.169683 2.890697 12.052534
v 1.951380 2.594444 12.545250
v 1.347411 6.206163 4.093719
v 1.878613 6.309208 4.789319
v 1.427455 6.255110 5.142915
v 2.189087 6.286023 5.345798
v 1.444434 6.201011 6.197907
v 1.832527 5.930519 7.160152
v 2.060531 6.188130 6.261671
v 1.279495 6.267990 6.447164
v 1.446860 6.288599 6.238484
v 2.189087 6.286023 5.345798
v 1.272218 6.149488 7.038423
v 1.832527 5.930519 7.160152
v 1.116981 5.714124 8.325282
v 1.619076 5.495154 8.336875
v 2.143001 5.667754 7.809379
v 2.012020 5.510611 8.348469
v 1.927124 5.348315 8.690472
v 1.577841 4.766112 9.397664
v 1.849506 5.059790 8.846981
v 2.482582 4.379695 9.478817
v 2.147852 4.031919 10.475842
v 1.410476 4.286954 10.464250
v 1.138811 3.684142 11.606192
v 0.806506 4.665644 10.452656
v 0.607609 3.988124 11.611988
v 0.891402 2.957676 12.539454
v 0.462074 3.284844 12.539454
v 0.709483 2.164232 13.356783
v 0.338370 2.506855 13.356783
v 0.546969 1.558843 14.081366
v 0.209814 1.782966 14.081366
v 0.112791 1.156969 14.637844
v 0.573651 1.241981 14.603065
v 0.200111 1.066805 14.962458
v 0.961744 5.237542 9.386070
v 1.716099 3.516695 11.606192
v 1.051490 1.530506 14.081366
v 1.490520 1.991632 13.368376
v 0.976297 2.068915 13.350986
v 1.274643 2.746435 12.539454
v 1.691843 3.156038 11.693141
v 2.169683 2.890697 12.052534
v 1.951380 2.594444 12.545250
v 1.272218 6.149488 7.038423
v 1.279495 6.185555 6.447164
v 1.832527 5.930519 7.160152
v 2.060531 6.074781 6.261671
v 1.444434 6.201011 6.197907
v 2.189087 6.198435 5.345798
v 1.427455 6.255110 5.142915
v 1.878613 6.231925 4.789319
v 1.347411 6.206163 4.093719
v -1.279492 6.267990 6.447164
v -1.832525 6.028411 7.160152
v -1.272216 6.149488 7.038423
v -1.116978 5.714124 8.325282
v -1.631201 5.667754 8.336875
v -2.142999 5.667754 7.809379
v -2.012017 5.510611 8.348469
v -1.927122 5.348315 8.690472
v -1.733076 5.085551 9.386070
v -1.849504 5.059790 8.846981
v -1.703969 4.892342 9.403461
v -2.482580 4.379695 9.478817
v -2.147850 4.031919 10.475842
v -1.412899 4.523957 10.464250
v -1.133958 3.825829 11.606192
v -0.806504 4.665644 10.452656
v -0.607607 3.988124 11.611988
v -0.876846 3.192103 12.539454
v -0.462072 3.284844 12.539454
v -0.690076 2.555802 13.356783
v -0.338367 2.506855 13.356783
v -0.658544 1.831912 14.081366
v -0.209812 1.782966 14.081366
v -0.112788 1.156969 14.637844
v -0.343218 1.350178 14.620455
v -0.200109 1.066805 14.962458
v -0.573649 1.241981 14.603065
v -1.051488 1.530506 14.081366
v -1.490518 1.991632 13.368376
v -1.085446 2.429572 13.350986
v -1.388643 2.980862 12.539454
v -1.716097 3.516695 11.606192
v -0.961741 5.237542 9.386070
v -1.691841 3.156038 11.693141
v -2.169680 2.890697 12.052534
v -1.951378 2.594444 12.545250
v -1.347409 6.206163 4.093719
v -1.878611 6.309208 4.789319
v -1.427453 6.255110 5.142915
v -2.189085 6.286023 5.345798
v -1.444432 6.201011 6.197907
v -1.832525 5.930519 7.160152
v -2.060529 6.188130 6.261671
v -1.279492 6.267990 6.447164
v -1.446857 6.288599 6.238484
v -2.189085 6.286023 5.345798
v -1.272216 6.149488 7.038423
v -1.832525 5.930519 7.160152
v -1.116978 5.714124 8.325282
v -1.619074 5.495154 8.336875
v -2.142999 5.667754 7.809379
v -2.012017 5.510611 8.348469
v -1.927122 5.348315 8.690472
v -1.577839 4.766112 9.397664
v -1.849504 5.059790 8.846981
v -2.482580 4.379695 9.478817
v -2.147850 4.031919 10.475842
v -1.410474 4.286954 10.464250
v -1.138809 3.684142 11.606192
v -0.806504 4.665644 10.452656
v -0.961741 5.237542 9.386070
v -1.716097 3.516695 11.606192
v -1.274641 2.746435 12.539454
v -0.891400 2.957676 12.539454
v -0.976295 2.068915 13.350986
v -1.951378 2.594444 12.545250
v -1.490518 1.991632 13.368376
v -1.691841 3.156038 11.693141
v -2.169680 2.890697 12.052534
v -0.607607 3.988124 11.611988
v -0.462072 3.284844 12.539454
v -0.709481 2.164232 13.356783
v -0.338367 2.506855 13.356783
v -0.546967 1.558843 14.081366
v -1.051488 1.530506 14.081366
v -0.573649 1.241981 14.603065
v -0.112788 1.156969 14.637844
v -0.200109 1.066805 14.962458
v -0.209812 1.782966 14.081366
v -1.272216 6.149488 7.038423
v -1.832525 5.930519 7.160152
v -1.279492 6.185555 6.447164
v -2.060529 6.074781 6.261671
v -1.444432 6.201011 6.197907
v -2.189085 6.198435 5.345798
v -1.427453 6.255110 5.142915
v -1.878611 6.231925 4.789319
v -1.347409 6.206163 4.093719
v 2.189087 6.286023 5.345798
v 1.446860 6.288599 6.238484
v 1.444434 6.201011 6.197907
v 1.279495 6.185555 6.447164
v 1.279495 6.267990 6.447164
v 1.272218 6.149488 7.038423
v 1.279495 6.267990 6.447164
v 1.832527 6.028411 7.160152
v 1.832527 5.930519 7.160152
v 2.143001 5.667754 7.809379
v 1.347411 6.206163 4.093719
v 1.878613 6.309208 4.789319
v 1.878613 6.231925 4.789319
v 2.189087 6.286023 5.345798
v 2.189087 6.198435 5.345798
v 1.832527 5.930519 7.160152
v 2.060531 6.188130 6.261671
v 2.060531 6.074781 6.261671
v 2.189087 6.198435 5.345798
v 2.189087 6.286023 5.345798
v -2.189085 6.286023 5.345798
v -1.444432 6.201011 6.197907
v -1.446857 6.288599 6.238484
v -1.279492 6.185555 6.447164
v -1.279492 6.267990 6.447164
v -1.272216 6.149488 7.038423
v -1.279492 6.267990 6.447164
v -1.832525 6.028411 7.160152
v -1.832525 5.930519 7.160152
v -2.142999 5.667754 7.809379
v -1.347409 6.206163 4.093719
v -1.878611 6.309208 4.789319
v -1.878611 6.231925 4.789319
v -2.189085 6.286023 5.345798
v -2.189085 6.198435 5.345798
v -1.832525 5.930519 7.160152
v -2.060529 6.188130 6.261671
v -2.060529 6.074781 6.261671
v -2.189085 6.198435 5.345798
v -2.189085 6.286023 5.345798
vn 0.9884 0.1505 -0.0197
vn 0.9521 0.3046 -0.0284
vn 0.9895 0.1429 -0.0197
vn -0.9844 0.0038 0.1760
vn -0.9899 -0.0000 0.1415
vn 0.8946 0.4446 -0.0459
vn 0.6655 0.7429 -0.0720
vn 0.4544 0.8875 -0.0764
vn 0.0245 0.9961 -0.0851
vn -0.2208 0.9723 -0.0764
vn -0.5727 0.8158 -0.0807
vn -0.7105 0.6985 -0.0851
vn -0.8860 0.4541 -0.0938
vn -0.9355 0.3369 -0.1068
vn -0.9879 -0.0980 -0.1199
vn -0.9872 -0.0942 -0.1285
vn -0.9812 0.0038 0.1932
vn -0.7771 -0.6187 -0.1155
vn -0.7878 -0.6041 -0.1199
vn -0.9697 0.0038 0.2444
vn -0.4103 -0.9067 -0.0981
vn -0.2005 -0.9752 -0.0938
vn 0.3930 -0.9167 -0.0720
vn 0.3981 -0.9130 -0.0895
vn -0.8488 -0.0000 -0.5287
vn -0.8733 -0.0000 -0.4872
vn 0.8223 -0.5675 -0.0425
vn 0.9020 -0.4308 -0.0290
vn 0.9609 -0.2757 -0.0241
vn 0.9630 -0.2684 -0.0240
vn -0.8370 -0.0000 -0.5473
vn -0.7942 -0.0000 -0.6077
vn -0.8511 -0.0000 -0.5250
vn -0.9033 0.0038 -0.4291
vn -0.7888 -0.0000 -0.6147
vn -0.9884 0.1505 -0.0197
vn -0.9895 0.1429 -0.0197
vn -0.9521 0.3046 -0.0284
vn -0.8929 0.4479 -0.0459
vn -0.6655 0.7429 -0.0720
vn -0.4544 0.8876 -0.0753
vn -0.0283 0.9960 -0.0851
vn 0.2208 0.9723 -0.0764
vn 0.5758 0.8136 -0.0807
vn 0.7131 0.6958 -0.0851
vn 0.8877 0.4508 -0.0938
vn 0.9368 0.3334 -0.1065
vn 0.9879 -0.0980 -0.1199
vn 0.9868 -0.0982 -0.1288
vn 0.9097 0.0904 -0.4052
vn 0.9432 -0.0000 -0.3322
vn 0.9999 -0.0000 -0.0109
vn 0.7795 -0.6157 -0.1155
vn 0.7878 -0.6041 -0.1199
vn 0.7869 0.1799 -0.5902
vn 0.4102 -0.9067 -0.0981
vn 0.1968 -0.9759 -0.0938
vn -0.3930 -0.9167 -0.0720
vn -0.3946 -0.9145 -0.0895
vn 0.7754 0.2742 -0.5689
vn -0.8223 -0.5675 -0.0415
vn -0.9020 -0.4308 -0.0284
vn -0.9609 -0.2757 -0.0240
vn -0.9630 -0.2685 -0.0240
vn 0.7372 0.2880 -0.6112
vn 0.9844 -0.0000 0.1760
vn 0.9899 -0.0000 0.1415
vn 0.9812 -0.0000 0.1932
vn 0.9697 -0.0000 0.2444
vn 0.8488 -0.0000 -0.5287
vn 0.8733 -0.0000 -0.4872
vn 0.5011 -0.1047 0.8590
vn 0.8370 -0.0000 -0.5473
vn 0.7942 -0.0000 -0.6077
vn 0.8511 -0.0000 -0.5250
vn 0.9033 -0.0000 -0.4291
vn 0.7888 -0.0000 -0.6147
vn -0.9101 0.0866 -0.4052
vn -0.9999 -0.0000 -0.0109
vn -0.9432 0.0038 -0.3322
vn -0.7861 0.1836 -0.5903
vn -0.7754 0.2742 -0.5689
vn -0.7372 0.2880 -0.6112
vn 0.4721 0.1981 0.8590
vn 0.0453 -0.9990 -0.0066
vn 0.0453 -0.9989 0.0109
vn 0.0132 -0.9989 0.0459
vn 0.1017 -0.9919 -0.0764
vn 0.1449 -0.9811 -0.1285
vn 0.1857 -0.9667 -0.1760
vn 0.2448 -0.9585 -0.1459
vn 0.2702 -0.9536 -0.1329
vn 0.3525 -0.9337 -0.0633
vn 0.2144 -0.7478 -0.6284
vn 0.4941 -0.5901 -0.6385
vn 0.3955 -0.5945 -0.7001
vn -0.5003 -0.1084 0.8590
vn 0.0377 -0.8362 -0.5471
vn 0.3904 -0.6535 -0.6485
vn 0.4106 -0.6307 -0.6585
vn 0.2051 -0.7241 -0.6585
vn -0.0792 -0.8882 -0.4526
vn -0.1560 -0.9401 -0.3032
vn 0.0415 -0.8431 -0.5361
vn 0.0811 -0.7979 -0.5973
vn 0.4968 -0.6022 -0.6249
vn 0.4465 -0.6877 -0.5725
vn -0.4735 0.1946 0.8590
vn 0.3408 -0.7512 -0.5653
vn 0.4539 -0.7435 -0.4911
vn 0.3463 -0.6904 -0.6351
vn 0.1464 -0.7723 -0.6181
vn 0.1503 -0.8377 -0.5250
vn 0.6051 -0.5570 -0.5689
vn 0.7023 -0.7063 -0.0894
vn 0.6966 -0.7113 -0.0938
vn 0.5018 -0.6086 -0.6147
vn 0.2856 -0.8447 -0.4526
vn 0.4760 -0.7540 -0.4526
vn 0.1411 -0.8922 -0.4291
vn 0.3341 -0.8620 -0.3812
vn 0.9182 0.2392 -0.3157
vn 0.4157 -0.7453 -0.5213
vn 0.4086 -0.7858 -0.4643
vn 0.3033 -0.8211 -0.4835
vn 0.6828 -0.4494 -0.5761
vn 0.2703 -0.7439 -0.6112
vn -0.0434 -0.9378 -0.3445
vn 0.0057 -0.9502 -0.3115
vn 0.2009 0.4911 -0.8476
vn 0.2316 -0.9034 -0.3609
vn 0.2790 -0.8979 -0.3404
vn -0.1560 0.9642 0.2146
vn -0.1484 0.9746 0.1674
vn -0.1541 0.9802 0.1242
vn -0.6993 -0.7086 -0.0938
vn -0.6996 -0.7089 -0.0894
vn -0.1577 0.9523 0.2613
vn -0.1671 0.9354 0.3115
vn 0.0904 0.9954 0.0328
vn 0.0584 0.9963 0.0633
vn 0.0509 0.9974 0.0502
vn 0.1055 0.9942 0.0196
vn 0.1504 0.9881 -0.0328
vn -0.4766 0.6149 0.6284
vn -0.4973 0.5373 0.6812
vn -0.3792 0.6468 0.6617
vn -0.4767 0.6851 0.5508
vn -0.3780 0.8054 0.4565
vn -0.7344 0.5615 0.3812
vn -0.6414 0.5629 0.5213
vn -0.4613 0.7286 0.5063
vn -0.2071 0.8302 0.5175
vn -0.1538 0.8722 0.4643
vn -0.0923 0.9312 0.3527
vn -0.2460 0.8841 0.3973
vn -0.9192 0.2356 -0.3157
vn -0.7733 0.4632 0.4331
vn -0.7895 0.4841 0.3771
vn -0.3215 0.7676 0.5544
vn -0.4624 0.7506 0.4720
vn -0.2395 0.7543 0.6113
vn -0.0846 0.7332 0.6748
vn -0.2044 0.4896 -0.8476
vn -0.1330 0.6890 0.7125
vn -0.4419 0.5800 0.6844
vn -0.3691 0.6041 0.7063
vn 0.1425 0.7839 0.6043
vn 0.1389 0.7873 0.6008
vn 0.4388 0.7500 0.4949
vn 0.8753 -0.0000 -0.4836
vn 0.0752 0.6913 0.7186
vn 0.0883 0.7177 0.6907
vn -0.0809 0.7597 0.6452
vn -0.8753 -0.0000 -0.4836
vn -0.2288 0.7847 0.5760
vn -0.4804 0.7819 0.3973
vn -0.8794 0.0151 0.4758
vn -0.9304 0.2060 0.3032
vn -0.6702 0.5970 0.4409
vn -0.3372 0.8498 0.4052
vn -0.3464 0.8757 0.3363
vn -0.1781 0.9401 0.2907
vn -0.1521 0.9520 0.2655
vn -0.1708 0.9662 0.1932
vn -0.0453 -0.9990 -0.0066
vn -0.0170 -0.9988 0.0458
vn -0.0453 -0.9989 0.0109
vn -0.1017 -0.9919 -0.0764
vn -0.8465 -0.0038 0.5324
vn -0.1411 -0.9816 -0.1286
vn -0.1822 -0.9674 -0.1760
vn -0.2411 -0.9595 -0.1458
vn -0.2738 -0.9526 -0.1329
vn -0.8465 0.0038 0.5324
vn -0.3560 -0.9323 -0.0633
vn -0.1464 -0.7723 -0.6181
vn -0.0848 -0.7975 -0.5973
vn -0.2051 -0.7241 -0.6585
vn -0.3463 -0.6904 -0.6351
vn -0.1503 -0.8377 -0.5250
vn -0.6051 -0.5570 -0.5689
vn -0.5018 -0.6086 -0.6147
vn -0.3408 -0.7512 -0.5653
vn -0.3871 -0.6554 -0.6485
vn -0.9330 0.1726 0.3157
vn -0.4106 -0.6307 -0.6585
vn -0.2180 -0.7467 -0.6284
vn -0.0415 -0.8431 -0.5361
vn 0.0792 -0.8882 -0.4526
vn -0.2855 -0.8447 -0.4526
vn -0.4760 -0.7540 -0.4526
vn -0.4120 -0.7840 -0.4643
vn -0.4507 -0.7454 -0.4911
vn -0.8775 -0.1203 0.4643
vn -0.4157 -0.7453 -0.5213
vn -0.1448 -0.8916 -0.4291
vn -0.3306 -0.8634 -0.3812
vn -0.0377 -0.8362 -0.5471
vn 0.1522 -0.9407 -0.3032
vn -0.3955 -0.5945 -0.7001
vn -0.4941 -0.5901 -0.6385
vn -0.8509 -0.0189 0.5250
vn -0.4939 -0.6046 -0.6249
vn -0.4465 -0.6877 -0.5725
vn -0.3033 -0.8211 -0.4835
vn -0.6828 -0.4494 -0.5761
vn -0.2703 -0.7439 -0.6112
vn -0.9138 0.3111 0.2613
vn 0.0472 -0.9376 -0.3445
vn -0.0019 -0.9502 -0.3115
vn -0.2316 -0.9034 -0.3609
vn -0.3023 0.5941 -0.7454
vn -0.2790 -0.8979 -0.3404
vn 0.1597 0.9636 0.2146
vn 0.1541 0.9802 0.1242
vn 0.1522 0.9741 0.1674
vn 0.1577 0.9523 0.2613
vn 0.1708 0.9348 0.3115
vn -0.0904 0.9954 0.0328
vn -0.0547 0.9972 0.0502
vn -0.0547 0.9965 0.0633
vn -0.1055 0.9942 0.0196
vn -0.1429 0.9892 -0.0328
vn 0.4766 0.6149 0.6284
vn 0.3825 0.6448 0.6617
vn 0.4973 0.5373 0.6812
vn 0.4798 0.6829 0.5508
vn 0.3746 0.8070 0.4565
vn 0.7344 0.5615 0.3812
vn 0.6389 0.5657 0.5213
vn -0.4529 0.1523 -0.8785
vn 0.1538 0.8722 0.4643
vn 0.2108 0.8293 0.5176
vn 0.4613 0.7286 0.5063
vn 0.2460 0.8841 0.3973
vn 0.0961 0.9308 0.3527
vn 0.7752 0.4599 0.4330
vn -0.8689 -0.3742 0.3239
vn 0.7876 0.4873 0.3771
vn 0.3250 0.7662 0.5544
vn 0.4624 0.7506 0.4720
vn 0.2431 0.7532 0.6112
vn 0.0884 0.7327 0.6748
vn 0.1293 0.6897 0.7125
vn 0.4418 0.5800 0.6844
vn 0.5179 -0.5607 -0.6461
vn 0.3179 0.4583 -0.8300
vn 0.7921 -0.5690 -0.2212
vn 0.4762 0.0644 -0.8770
vn 0.8946 0.2653 -0.3597
vn 0.3691 0.6041 0.7063
vn 0.6020 -0.0951 -0.7928
vn 0.5411 -0.2838 -0.7916
vn 0.7603 0.1515 -0.6316
vn -0.1425 0.7839 0.6043
vn -0.1389 0.7873 0.6008
vn -0.4388 0.7500 0.4949
vn 0.4443 0.5589 -0.7001
vn -0.0752 0.6914 0.7186
vn -0.0921 0.7173 0.6907
vn 0.0846 0.7593 0.6452
vn 0.7598 -0.1531 -0.6319
vn 0.5953 0.0660 -0.8008
vn 0.6582 -0.2428 -0.7126
vn 0.2252 0.7858 0.5760
vn 0.6277 -0.0004 -0.7785
vn 0.8500 -0.2960 -0.4357
vn 0.4805 0.7819 0.3973
vn 0.8014 0.5335 -0.2704
vn 0.1478 -0.5240 -0.8388
vn 0.5303 0.5819 -0.6165
vn 0.9312 0.2023 0.3032
vn 0.6677 0.5998 0.4409
vn 0.3808 -0.5967 -0.7063
vn 0.3407 0.8483 0.4053
vn 0.3464 0.8757 0.3363
vn 0.1818 0.9394 0.2907
vn 0.1484 0.9526 0.2655
vn 0.8217 -0.0067 -0.5699
vn 0.1671 0.9668 0.1932
vn 0.3142 0.8289 -0.4628
vn -0.5902 -0.7963 -0.1329
vn -0.5566 -0.8284 0.0633
vn -0.5346 -0.8353 0.1285
vn -0.6106 -0.7519 -0.2486
vn -0.5857 -0.7336 -0.3445
vn -0.6076 -0.7714 -0.1889
vn -0.5568 -0.8286 -0.0589
vn -0.6055 -0.7627 -0.2274
vn -0.5987 -0.8009 -0.0109
vn 0.2296 0.8533 -0.4681
vn 0.7139 -0.1935 -0.6730
vn -0.5238 -0.8518 0.0109
vn -0.4912 -0.8710 -0.0109
vn -0.5363 -0.8383 -0.0981
vn -0.5635 -0.8000 -0.2060
vn 0.5884 -0.0848 -0.8041
vn 0.2390 0.9038 -0.3549
vn 0.4662 0.8843 0.0266
vn -0.5775 -0.7691 -0.2739
vn 0.5065 0.7429 -0.4376
vn 0.2220 0.8778 -0.4246
vn 0.8292 0.3023 -0.4701
vn 0.7244 0.0851 -0.6841
vn -0.5722 -0.8152 -0.0895
vn -0.5802 -0.7240 -0.3731
vn -0.5133 -0.6930 -0.5063
vn -0.5095 -0.7366 -0.4448
vn -0.5625 -0.7184 -0.4093
vn -0.5315 -0.6847 -0.4987
vn -0.5161 -0.6680 -0.5361
vn -0.4519 -0.6720 -0.5867
vn 0.6501 -0.0828 -0.7553
vn 0.9146 0.2136 -0.3435
vn -0.6019 -0.7616 -0.2401
vn -0.5691 -0.7447 -0.3486
vn -0.6458 -0.7631 -0.0240
vn 0.5871 -0.7985 -0.1329
vn 0.5378 -0.8332 0.1285
vn 0.5535 -0.8305 0.0633
vn 0.6106 -0.7519 -0.2486
vn 0.5828 -0.7360 -0.3445
vn 0.6046 -0.7738 -0.1889
vn 0.5599 -0.8265 -0.0589
vn 0.5987 -0.8009 -0.0109
vn 0.6055 -0.7627 -0.2274
vn 0.5238 -0.8518 0.0109
vn 0.4912 -0.8710 -0.0109
vn 0.5363 -0.8383 -0.0981
vn 0.5635 -0.8000 -0.2060
vn 0.6863 0.7067 0.1719
vn 0.6829 -0.1970 -0.7035
vn 0.6908 -0.3175 -0.6496
vn 0.5775 -0.7691 -0.2739
vn 0.8415 -0.5260 -0.1236
vn 0.8404 -0.3569 -0.4079
vn 0.5753 -0.8130 -0.0895
vn 0.5802 -0.7240 -0.3731
vn 0.5163 -0.6907 -0.5063
vn 0.5126 -0.7344 -0.4448
vn 0.8567 0.1778 -0.4842
vn 0.7614 0.6012 -0.2423
vn 0.8657 -0.2004 -0.4588
vn 0.5596 -0.7207 -0.4093
vn 0.5050 -0.3501 -0.7889
vn 0.5345 -0.6823 -0.4987
vn 0.5161 -0.6680 -0.5361
vn 0.4519 -0.6720 -0.5867
vn 0.6019 -0.7616 -0.2401
vn 0.5691 -0.7447 -0.3486
vn 0.6458 -0.7631 -0.0240
vn 0.4905 -0.8714 0.0073
vn 0.6925 0.0834 -0.7166
vn -0.0956 -0.5443 0.8335
vn -0.1602 0.0961 0.9824
vn -0.1735 0.0800 0.9816
vn -0.1432 -0.5262 0.8382
vn 0.0509 -0.9920 0.1155
vn 0.0924 -0.9874 -0.1285
vn -0.0378 -0.7400 -0.6715
vn -0.2273 -0.3283 -0.9168
vn -0.3197 0.0824 -0.9439
vn -0.3698 0.0302 -0.9286
vn 0.0491 0.9916 -0.1199
vn 0.0245 0.8707 -0.4911
vn -0.0604 0.8535 -0.5175
vn 0.1168 0.9859 -0.1198
vn 0.0584 0.9623 0.2655
vn 0.5495 -0.7200 -0.4238
vn 0.7063 0.2110 -0.6758
vn 0.2367 -0.8361 -0.4950
vn 0.0076 0.9555 0.2949
vn 0.9890 -0.0227 -0.1459
vn 0.9989 0.0226 -0.0415
vn 0.9983 0.0001 -0.0588
vn 0.9766 -0.0151 -0.2146
vn 0.9605 -0.0075 -0.2781
vn 0.9699 0.0604 -0.2359
vn 0.0918 -0.5449 0.8335
vn 0.1735 0.0800 0.9816
vn 0.1621 0.0929 0.9824
vn 0.1396 -0.5271 0.8382
vn -0.0472 -0.9922 0.1155
vn -0.0961 -0.9870 -0.1285
vn 0.0378 -0.7400 -0.6715
vn 0.2273 -0.3283 -0.9168
vn 0.3197 0.0824 -0.9439
vn 0.3698 0.0302 -0.9286
vn -0.0490 0.9916 -0.1199
vn 0.0604 0.8535 -0.5176
vn -0.0283 0.8706 -0.4911
vn 0.6986 0.0640 -0.7126
vn -0.1168 0.9859 -0.1199
vn 0.4961 -0.7895 -0.3614
vn -0.0547 0.9626 0.2655
vn 0.5549 -0.8315 -0.0261
vn -0.0076 0.9555 0.2949
vn 0.5340 -0.6334 -0.5600
vn 0.0870 -0.8512 -0.5175
vn -0.9889 -0.0264 -0.1459
vn -0.9983 -0.0037 -0.0589
vn -0.9989 0.0226 -0.0415
vn 0.6718 -0.0702 -0.7374
vn -0.9766 -0.0113 -0.2146
vn -0.9605 -0.0038 -0.2781
vn -0.9701 0.0566 -0.2359
vn 0.4525 0.8868 0.0938
vn 0.5140 0.8223 0.2444
vn 0.6364 0.7445 0.2018
vn 0.3859 0.9095 0.1545
vn 0.2850 0.8186 0.4987
vn 0.3830 0.8666 0.3198
vn 0.1653 0.9760 -0.1415
vn 0.3476 0.8254 -0.4448
vn 0.6441 0.7454 -0.1717
vn -0.8869 -0.4271 -0.1760
vn -0.8911 -0.4186 -0.1751
vn -0.8117 -0.5839 0.0109
vn -0.8417 -0.5316 0.0952
vn -0.6324 -0.7732 0.0465
vn -0.6013 -0.7808 0.1696
vn -0.4615 -0.8842 -0.0719
vn -0.4220 -0.8867 0.1889
vn 0.3962 0.9072 -0.1415
vn 0.4016 0.9142 0.0546
vn 0.4565 0.8133 0.3609
vn 0.4176 0.8715 0.2571
vn 0.4068 0.9107 0.0720
vn 0.3927 0.9161 0.0807
vn 0.5292 0.8086 0.2570
vn 0.6346 0.6320 0.4448
vn 0.6623 0.6170 0.4251
vn 0.7089 0.6036 0.3650
vn 0.7074 0.6461 0.2865
vn -0.6861 -0.6948 -0.2159
vn -0.8821 -0.4564 -0.1164
vn -0.8825 -0.4609 -0.0938
vn 0.6685 0.5872 0.4565
vn 0.6659 0.6659 0.3364
vn 0.7266 0.6852 0.0502
vn -0.4881 0.4774 -0.7307
vn -0.5002 0.4465 -0.7419
vn -0.0813 0.6478 -0.7574
vn 0.7226 0.6905 -0.0327
vn -0.5149 0.7603 -0.3960
vn -0.0585 0.8604 -0.5063
vn -0.5172 0.8202 0.2444
vn -0.4558 0.8851 0.0938
vn -0.6393 0.7420 0.2018
vn -0.3859 0.9095 0.1545
vn -0.3864 0.8651 0.3198
vn -0.2850 0.8186 0.4987
vn -0.1653 0.9760 -0.1415
vn -0.3441 0.8269 -0.4448
vn -0.6441 0.7454 -0.1717
vn -0.2808 -0.7371 -0.6147
vn -0.4952 -0.6644 -0.5598
vn -0.2432 -0.5758 -0.7806
vn -0.4832 -0.4362 -0.7591
vn -0.5036 -0.4368 -0.7454
vn -0.3962 0.9072 -0.1415
vn -0.4051 0.9126 0.0546
vn -0.4532 0.8151 0.3609
vn -0.4210 0.8699 0.2571
vn -0.4068 0.9107 0.0720
vn -0.3927 0.9161 0.0807
vn -0.5261 0.8107 0.2570
vn -0.6346 0.6320 0.4448
vn -0.8845 -0.1279 0.4487
vn -0.9332 -0.0141 0.3592
vn -0.9126 -0.2393 0.3314
vn -0.6623 0.6170 0.4251
vn -0.7113 0.6007 0.3650
vn -0.7074 0.6461 0.2865
vn -0.6660 0.5900 0.4565
vn -0.9304 -0.2652 0.2532
vn -0.9799 -0.1497 0.1322
vn -0.9531 -0.2720 0.1329
vn -0.6659 0.6659 0.3363
vn -0.7240 0.6879 0.0502
vn -0.7226 0.6905 -0.0327
vn -0.8973 -0.3926 -0.2018
vn -0.8827 -0.3627 -0.2988
vn -0.8209 -0.5637 0.0915
vn 0.2348 -0.8009 -0.5508
vn 0.4474 -0.8856 -0.1242
vn 0.3595 -0.9259 -0.1155
vn 0.2240 -0.8505 -0.4759
vn 0.0094 -0.6501 -0.7598
vn 0.3739 -0.9213 -0.1068
vn -0.8165 -0.5760 0.0399
vn -0.9676 -0.2441 -0.0637
vn -0.8226 -0.5291 0.2084
vn -0.9466 -0.2892 -0.1424
vn 0.4086 -0.9111 0.0546
vn -0.6262 -0.6023 -0.4951
vn 0.3858 -0.9190 0.0807
vn -0.9857 -0.1106 -0.1269
vn -0.4620 -0.1995 -0.8641
vn -0.8337 -0.4778 0.2767
vn -0.5848 -0.7433 -0.3248
vn 0.4440 -0.8896 0.1068
vn -0.2989 -0.4396 -0.8470
vn 0.5026 -0.8630 -0.0503
vn -0.1228 -0.9841 0.1285
vn 0.5075 -0.8211 -0.2613
vn -0.0255 -0.9808 0.1934
vn 0.4710 -0.7856 -0.4013
vn 0.5243 -0.7423 -0.4172
vn 0.2850 -0.7844 -0.5508
vn -0.1017 -0.6974 -0.7094
vn -0.0754 -0.6882 -0.7216
vn -0.3851 -0.9197 0.0766
vn -0.3245 -0.9352 -0.1418
vn -0.4474 -0.8856 -0.1242
vn -0.2348 -0.8009 -0.5508
vn -0.3631 -0.9246 -0.1156
vn -0.1107 -0.9704 0.2149
vn -0.2240 -0.8505 -0.4759
vn -0.0057 -0.6502 -0.7598
vn 0.9614 -0.2609 0.0875
vn 0.2074 -0.8195 0.5342
vn 0.8308 -0.4364 0.3455
vn 0.1049 -0.8722 0.4778
vn 0.3700 -0.7802 -0.5043
vn -0.3704 -0.9227 -0.1068
vn -0.4050 -0.9127 0.0546
vn -0.3858 -0.9190 0.0807
vn -0.4440 -0.8896 0.1068
vn -0.9442 -0.2951 -0.1459
vn 0.2737 -0.6697 0.6904
vn -0.5059 -0.8611 -0.0502
vn 0.8185 -0.5624 -0.1179
vn 0.8400 -0.1727 0.5144
vn 0.1211 -0.8585 0.4984
vn -0.5043 -0.8231 -0.2613
vn -0.4710 -0.7856 -0.4013
vn -0.5243 -0.7423 -0.4172
vn -0.2850 -0.7844 -0.5508
vn 0.8414 -0.1665 0.5141
vn 0.1017 -0.6974 -0.7094
vn 0.0111 0.5286 0.8488
vn 0.2071 -0.4917 0.8458
vn 0.0754 -0.6882 -0.7216
vn 0.5421 -0.1472 0.8273
vn -0.1666 -0.0028 0.9860
vn 0.5477 0.1487 0.8234
vn -0.9588 0.2465 0.1415
vn -0.1861 0.3976 0.8985
vn 0.9450 0.2392 -0.2231
vn 0.3564 0.1644 0.9198
vn 0.2989 0.0773 0.9511
vn 0.8673 0.1225 0.4824
vn 0.7073 0.1352 -0.6938
vn 0.8211 -0.3033 -0.4835
vn 0.6719 -0.1794 -0.7186
vn 0.3162 0.0602 -0.9468
vn -0.0961 0.7747 -0.6250
vn -0.3782 0.8761 0.2990
vn -0.3703 0.8471 0.3812
vn 0.2098 0.9773 -0.0284
vn 0.3154 0.9414 -0.1198
vn 0.3188 0.9423 -0.1025
vn 0.8310 0.2386 -0.5026
vn 0.7829 0.2599 -0.5653
vn 0.8722 0.1666 0.4600
vn 0.9421 0.2466 -0.2274
vn 0.3510 0.9287 0.1198
vn 0.1034 0.8032 0.5867
vn 0.3374 0.2333 0.9120
vn 0.8928 0.4418 0.0879
vn 0.0281 0.8142 0.5800
vn 0.5444 0.8350 0.0806
vn 0.8923 0.4441 0.0807
vn 0.2537 0.9100 -0.3279
vn 0.7805 0.3718 0.5026
vn 0.3405 0.5395 0.7701
vn 0.9402 -0.3190 -0.1199
vn -0.3030 0.9443 0.1287
vn -0.4240 0.8944 -0.1427
vn -0.0362 0.9992 0.0139
vn 0.8801 -0.3038 -0.3649
vn -0.3430 0.9165 -0.2058
vn 0.7291 -0.2377 -0.6418
vn 0.9233 0.3820 0.0395
vn -0.0099 0.9830 0.1835
vn 0.0065 0.9668 0.2554
vn -0.6635 0.5064 -0.5508
vn -0.4710 0.0528 -0.8806
vn -0.4525 0.3574 -0.8170
vn -0.9836 0.1581 -0.0866
vn -0.4485 0.6945 -0.5627
vn -0.5960 0.0603 -0.8007
vn -0.8528 0.5040 -0.1372
vn -0.5871 0.7163 0.3771
vn -0.1057 0.4907 -0.8649
vn -0.3083 0.4039 0.8613
vn -0.7337 0.3661 -0.5724
vn 0.0392 0.2562 0.9658
vn -0.6609 0.5490 -0.5117
vn -0.9484 0.3068 -0.0805
vn 0.3294 -0.0225 0.9439
vn -0.5326 0.7516 0.3892
vn -0.9849 0.1056 -0.1372
vn 0.2020 -0.8560 0.4759
vn -0.7983 0.0415 -0.6008
vn 0.2862 -0.1379 0.9482
vn 0.3971 -0.1960 0.8966
vn -0.8383 0.5363 0.0982
vn -0.9003 0.3268 -0.2874
vn 0.1457 -0.1828 0.9723
vn -0.6501 0.6078 -0.4561
vn -0.3244 0.8986 -0.2956
vn 0.1276 0.9899 0.0611
vn 0.2014 -0.3213 0.9253
vn -0.1861 0.3975 0.8985
vn 0.1906 0.4633 0.8655
vn -0.8330 -0.0529 -0.5508
vn -0.8320 0.2350 -0.5025
vn -0.3189 0.9422 -0.1025
vn -0.7080 0.1315 -0.6938
vn -0.3154 0.9414 -0.1198
vn -0.7829 0.2599 -0.5653
vn -0.7291 -0.2377 -0.6418
vn 0.4725 0.8005 0.3686
vn -0.8211 -0.3033 -0.4835
vn -0.6719 -0.1794 -0.7186
vn 0.1412 0.0015 0.9900
vn 0.2621 -0.4361 0.8609
vn 0.4910 -0.7652 0.4165
vn -0.3154 0.0639 -0.9468
vn 0.0999 0.7742 -0.6250
vn 0.3782 0.8761 0.2990
vn -0.2098 0.9773 -0.0284
vn 0.1100 -0.9922 0.0587
vn -0.4768 -0.8466 -0.2366
vn -0.9421 0.2466 -0.2274
vn -0.0996 0.8036 0.5867
vn -0.3510 0.9287 0.1198
vn -0.8924 0.4441 0.0807
vn -0.6410 -0.7611 -0.0993
vn 0.3703 0.8471 0.3812
vn -0.8788 -0.3074 -0.3649
vn -0.9402 -0.3190 -0.1199
vn 0.5842 0.7187 0.3771
vn -0.6045 -0.7966 -0.0089
vn -0.3940 -0.9064 0.1522
vn -0.1891 -0.9290 0.3181
vn 0.3084 0.4039 0.8613
vn -0.0355 0.2568 0.9658
vn -0.3294 -0.0225 0.9439
vn -0.2862 -0.1379 0.9482
vn -0.3971 -0.1960 0.8966
vn 0.0221 -0.8990 0.4374
vn 0.1392 -0.6864 0.7138
vn -0.1457 -0.1828 0.9723
vn -0.1982 -0.3232 0.9253
vn 0.2405 0.2552 0.9365
vn 0.6960 0.6387 0.3281
vn 0.8528 0.5040 -0.1372
vn 0.1543 0.6997 0.6975
vn 0.0386 0.8881 0.4581
vn -0.2145 0.9130 0.3470
vn 0.6635 0.5064 -0.5508
vn -0.3854 0.9114 0.1439
vn 0.4710 0.0528 -0.8806
vn 0.5960 0.0603 -0.8007
vn 0.7985 0.0378 -0.6008
vn -0.6669 0.7442 0.0375
vn 0.9384 0.1578 -0.3073
vn -0.5424 0.8397 -0.0259
vn -0.8529 0.5098 0.1124
vn 0.8330 -0.0529 -0.5508
vn 0.9588 0.2465 0.1415
vn 0.9322 -0.0603 0.3568
vn -0.0094 0.8975 0.4409
vn -0.0075 0.9999 -0.0109
vn -0.5420 0.7530 0.3731
vn -0.0074 0.6095 0.7928
vn 0.5299 0.7596 0.3771
vn -0.9041 0.3719 -0.2103
vn 0.0057 0.8975 0.4409
vn 0.5389 0.7552 0.3731
vn 0.0076 0.9999 -0.0109
vn -0.0000 0.6095 0.7928
vn -0.5297 0.7617 0.3731
vn -0.4043 0.8911 0.2061
vn -0.4422 0.8924 -0.0903
vn -0.6284 0.7485 0.2118
vn 0.0358 0.8910 0.4526
vn -0.0791 0.9548 0.2865
vn 0.0001 0.9418 0.3363
vn -0.8424 0.5389 -0.0026
vn -0.8948 0.4459 0.0199
vn -0.8976 0.3938 -0.1981
vn -0.0264 0.9191 0.3932
vn -0.8960 0.4299 -0.1117
vn -0.8955 0.4242 -0.1345
vn -0.8901 0.4442 -0.1025
vn 0.1110 0.8368 0.5361
vn 0.1166 0.8589 0.4987
vn 0.1166 0.8739 0.4720
vn 0.0396 0.8547 0.5176
vn -0.0283 0.8317 0.5545
vn -0.4925 0.8680 0.0633
vn -0.0057 0.9475 0.3198
vn -0.0076 0.9417 0.3363
vn -0.3596 0.9187 0.1631
vn -0.7118 0.7012 -0.0415
vn -0.8194 0.5543 0.1459
vn -0.7944 0.4137 0.4448
vn -0.6494 0.2399 0.7216
vn -0.6819 0.6920 -0.2368
vn -0.7737 0.6333 -0.0200
vn -0.6446 0.2435 0.7247
vn 0.3493 -0.8309 -0.4330
vn 0.2997 -0.8247 -0.4797
vn 0.1279 -0.8073 -0.5761
vn 0.2987 -0.8801 -0.3690
vn 0.3967 -0.8405 -0.3690
vn 0.4925 -0.7901 -0.3650
vn 0.3127 -0.8646 -0.3933
vn -0.0861 -0.9361 -0.3411
vn -0.0905 -0.9043 -0.4172
vn 0.7954 -0.5601 -0.2316
vn 0.7893 -0.5818 -0.1964
vn 0.8911 -0.4190 -0.1744
vn 0.1130 -0.9931 0.0328
vn 0.8874 -0.3410 -0.3102
vn 0.6627 -0.7171 -0.2158
vn 0.1055 -0.9942 -0.0197
vn 0.7980 -0.6000 -0.0560
vn 0.8734 -0.3214 -0.3660
vn -0.1018 -0.9685 -0.2274
vn 0.9517 -0.1786 -0.2496
vn 0.8906 -0.4176 -0.1802
vn -0.2622 -0.8192 -0.5101
vn -0.3064 -0.7916 -0.5287
vn -0.3645 -0.8072 -0.4643
vn -0.0565 0.8938 0.4448
vn -0.0208 0.9430 0.3322
vn 0.0584 0.9575 0.2823
vn -0.0038 0.9194 0.3933
vn -0.1296 0.8435 0.5213
vn -0.1279 0.8702 0.4759
vn 0.8808 -0.3112 -0.3568
vn -0.1222 0.8833 0.4526
vn -0.0471 0.8566 0.5138
vn 0.0246 0.8367 0.5472
vn 0.4744 0.8770 0.0764
vn -0.0151 0.9416 0.3363
vn -0.0133 0.9474 0.3198
vn 0.3401 0.9246 0.1717
vn 0.7014 0.7122 -0.0284
vn 0.8074 0.5670 0.1631
vn 0.7784 0.4269 0.4604
vn 0.2793 -0.0226 -0.9599
vn 0.1661 0.1024 -0.9808
vn 0.2936 0.0803 -0.9526
vn 0.6284 0.2501 0.7366
vn 0.1050 0.2871 -0.9521
vn 0.2299 0.2562 -0.9389
vn 0.6249 0.2502 0.7395
vn 0.0139 0.3239 -0.9460
vn 0.0173 0.5752 -0.8179
vn 0.1724 0.5116 -0.8418
vn 0.0382 0.3774 -0.9253
vn -0.3264 -0.8361 -0.4409
vn -0.1092 -0.8075 -0.5796
vn -0.2784 -0.8276 -0.4874
vn -0.2769 -0.8838 -0.3771
vn -0.3687 -0.8496 -0.3771
vn -0.4696 -0.7983 -0.3771
vn -0.2947 -0.8654 -0.4053
vn 0.3597 0.4884 -0.7950
vn 0.0406 0.6644 -0.7463
vn 0.3041 0.7342 -0.6070
vn 0.3482 0.6746 -0.6509
vn 0.0979 -0.9321 -0.3486
vn 0.2786 0.5773 -0.7675
vn 0.3661 0.5610 -0.7425
vn 0.1055 -0.9027 -0.4172
vn -0.1055 -0.9940 0.0284
vn -0.0979 -0.9948 -0.0284
vn 0.1149 -0.9607 -0.2529
vn 0.2745 -0.8007 -0.5324
vn 0.3378 -0.7761 -0.5324
vn 0.3938 -0.7978 -0.4565
vn -0.0377 0.8929 0.4487
vn -0.0000 0.9418 0.3363
vn 0.0791 0.9548 0.2865
vn 0.0189 0.9192 0.3932
vn -0.1184 0.8381 0.5324
vn 0.8088 0.5475 -0.2146
vn 0.8547 0.4844 -0.1868
vn 0.8422 0.5230 -0.1310
vn -0.1203 0.8606 0.4950
vn 0.8603 0.3668 -0.3540
vn 0.6661 0.6965 -0.2667
vn -0.1128 0.8764 0.4681
vn 0.9180 0.2171 -0.3320
vn 0.7781 0.6229 -0.0804
vn -0.0396 0.8570 0.5138
vn 0.9493 0.1942 -0.2471
vn 0.8842 0.4278 -0.1876
vn 0.0283 0.8342 0.5508
vn 0.4880 0.8702 0.0677
vn 0.0075 0.9417 0.3363
vn 0.0019 0.9475 0.3198
vn 0.3561 0.9201 0.1631
vn 0.7119 0.7013 -0.0371
vn 0.8185 0.5545 0.1502
vn 0.7921 0.4138 0.4487
vn 0.6447 0.2435 0.7246
vn 0.8783 0.3183 -0.3568
vn 0.6414 0.2432 0.7277
vn -0.3460 -0.8303 -0.4370
vn -0.1279 -0.8073 -0.5761
vn -0.2962 -0.8237 -0.4835
vn -0.2951 -0.8813 -0.3690
vn -0.3864 -0.8453 -0.3690
vn -0.4928 -0.7880 -0.3690
vn -0.3129 -0.8627 -0.3973
vn 0.0848 -0.9349 -0.3445
vn 0.2709 0.0227 -0.9624
vn 0.2918 -0.3628 -0.8850
vn 0.5130 -0.4145 -0.7517
vn 0.4790 0.0289 -0.8773
vn -0.0085 -0.2021 -0.9793
vn 0.3366 -0.5053 -0.7946
vn 0.0980 -0.9035 -0.4172
vn 0.3160 -0.2695 -0.9097
vn 0.0278 -0.4587 -0.8881
vn 0.0769 -0.3820 -0.9209
vn -0.1130 -0.9931 0.0328
vn -0.1055 -0.9941 -0.0240
vn 0.1075 -0.9668 -0.2316
vn 0.2637 -0.8164 -0.5138
vn 0.3134 -0.7888 -0.5287
vn 0.1827 -0.7063 -0.6839
vn 0.2155 -0.4585 -0.8622
vn 0.2898 -0.7013 -0.6512
vn 0.3528 -0.6980 -0.6232
vn 0.3700 -0.8069 -0.4604
vn 0.4075 -0.6571 -0.6341
vn 0.3804 -0.6185 -0.6875
vn 0.0490 0.8943 0.4448
vn -0.0622 0.9573 0.2823
vn 0.0170 0.9431 0.3322
vn 0.1296 0.8412 0.5250
vn 0.1259 0.8684 0.4797
vn 0.1222 0.8813 0.4565
vn 0.0433 0.8568 0.5138
vn -0.0283 0.8366 0.5471
vn -0.4812 0.8737 0.0720
vn 0.0094 0.9474 0.3198
vn -0.3452 0.9235 0.1674
vn -0.7014 0.7122 -0.0284
vn 0.2578 0.5446 -0.7981
vn 0.3083 0.4389 -0.8440
vn 0.1834 0.4864 -0.8542
vn 0.1173 0.3298 -0.9367
vn 0.3062 0.3226 -0.8957
vn 0.0301 0.2705 -0.9623
vn -0.8084 0.5668 0.1588
vn 0.2581 0.7200 -0.6442
vn 0.5951 0.5376 -0.5973
vn -0.7825 0.4235 0.4565
vn -0.6317 0.2505 0.7336
vn -0.6284 0.2501 0.7366
vn 0.3299 -0.8347 -0.4409
vn 0.2784 -0.8276 -0.4873
vn 0.1092 -0.8075 -0.5796
vn 0.2752 -0.8860 -0.3731
vn 0.3722 -0.8481 -0.3771
vn 0.4748 -0.7971 -0.3731
vn 0.3002 -0.8653 -0.4013
vn -0.0978 -0.9321 -0.3488
vn 0.1768 -0.5539 -0.8136
vn -0.0276 -0.4977 -0.8669
vn -0.0206 -0.0324 -0.9993
vn -0.1055 -0.9027 -0.4172
vn 0.0602 -0.2687 -0.9613
vn -0.0200 -0.2657 -0.9638
vn 0.3526 -0.3802 -0.8551
vn 0.2594 -0.7165 -0.6476
vn 0.6002 -0.5321 -0.5973
vn 0.1055 -0.9940 0.0284
vn 0.0980 -0.9948 -0.0284
vn -0.1093 -0.9624 -0.2486
vn -0.2709 -0.8044 -0.5287
vn -0.3309 -0.7791 -0.5324
vn -0.3870 -0.8011 -0.4565
vn 0.8526 0.5170 -0.0764
vn -0.0075 1.0000 -0.0022
vn -0.0019 0.9980 -0.0633
vn 0.8673 0.4978 0.0022
vn -0.9359 0.2827 0.2103
vn -0.9442 0.2504 0.2140
vn -0.8842 0.3265 0.3339
vn -0.9574 -0.1825 0.2236
vn -0.9186 0.2558 0.3011
vn -0.8774 -0.0038 0.4797
vn 0.9959 0.0905 -0.0065
vn 0.9840 0.1280 -0.1242
vn 0.9035 0.3825 -0.1932
vn 0.6730 0.7091 -0.2103
vn -0.0000 0.9859 -0.1674
vn -0.7237 0.6637 -0.1889
vn -0.8685 0.4876 -0.0895
vn -0.9858 0.1130 -0.1242
vn -0.9388 0.2792 -0.2018
vn -0.9361 -0.2684 -0.2274
vn -0.7933 -0.0451 -0.6071
vn -0.8570 -0.4885 0.1643
vn -0.8654 -0.4991 0.0450
vn -0.5859 -0.6220 0.5195
vn -0.6144 -0.6596 0.4330
vn -0.2536 -0.5493 0.7962
vn -0.9969 0.0754 -0.0240
vn -0.8746 0.4846 -0.0153
vn -0.2138 -0.5994 0.7714
vn -0.0470 -0.2408 0.9694
vn 0.0246 -0.2845 0.9584
vn -0.1219 0.1886 0.9745
vn -0.0665 0.2128 0.9748
vn -0.8806 0.3642 -0.3032
vn -0.8616 0.4161 -0.2907
vn -0.8897 0.2899 -0.3527
vn -0.5322 0.8262 -0.1846
vn -0.0696 0.6033 0.7945
vn -0.0064 0.6638 0.7479
vn -0.5410 0.6360 0.5503
vn -0.4594 0.7107 0.5327
vn -0.8680 0.4481 0.2140
vn -0.8337 0.5259 0.1681
vn -0.9311 0.3037 -0.2023
vn -0.8687 0.1168 -0.4814
vn -0.5362 0.3264 -0.7784
vn -0.4344 0.1775 -0.8831
vn -0.6051 0.4053 -0.6852
vn -0.0094 0.9794 -0.2018
vn 0.5043 0.8257 -0.2528
vn 0.8004 0.4817 -0.3568
vn 0.8252 0.4626 -0.3240
vn -0.3807 0.3369 -0.8611
vn 0.8600 0.3251 -0.3933
vn -0.7769 0.5646 -0.2785
vn -0.6454 0.4261 -0.6339
vn -0.7747 0.4758 -0.4164
vn 0.0151 0.4229 -0.9061
vn 0.0151 0.6058 -0.7954
vn 0.0151 0.6058 -0.7955
vn 0.0076 0.2123 -0.9772
vn 0.0087 -0.0000 -1.0000
vn -0.6348 0.4290 -0.6426
vn -0.7875 0.4752 -0.3925
vn -0.6344 0.3943 -0.6649
vn 0.0057 -0.0521 -0.9986
vn 0.0095 -0.0780 -0.9969
vn 0.3918 0.8835 -0.2566
vn 0.4259 0.8355 -0.3472
vn -0.4671 0.8824 0.0559
vn 0.4211 0.8465 -0.3257
vn 0.0038 -0.1566 -0.9877
vn 0.6156 0.5877 0.5250
vn 0.9371 0.1727 0.3032
vn 0.6713 0.6967 0.2529
vn 0.3981 0.8502 0.3445
vn 0.4292 0.7158 0.5508
vn -0.1184 0.6513 -0.7496
vn 0.3682 0.6630 0.6518
vn -0.0359 0.8411 -0.5397
vn 0.6443 0.5418 0.5398
vn 0.8941 0.1725 0.4132
vn 0.9656 -0.0604 0.2528
vn 0.9941 0.0980 0.0459
vn 0.6030 0.6348 -0.4831
vn 0.9267 0.3757 0.0109
vn 0.3809 0.9243 0.0259
vn 0.6564 -0.4485 0.6066
vn 0.6016 0.7959 -0.0677
vn 0.3827 0.9239 0.0021
vn 0.3541 0.9141 -0.1975
vn 0.6488 0.7215 0.2420
vn 0.8653 0.0765 0.4954
vn 0.7079 0.6892 -0.1545
vn 0.4723 -0.8748 0.1077
vn 0.9334 0.3259 -0.1502
vn 0.9450 0.2757 -0.1760
vn 0.9930 0.0905 0.0764
vn 0.9249 0.3545 -0.1372
vn 0.9435 -0.1800 0.2781
vn 0.9924 0.0679 0.1025
vn 0.9602 -0.1429 0.2401
vn 0.3107 -0.8203 0.4803
vn 0.5962 -0.3430 0.7259
vn 0.5755 0.2603 0.7753
vn 0.4497 0.7465 0.4905
vn 0.9933 0.0604 0.0981
vn 0.2757 0.7506 0.6006
vn 0.8279 -0.1870 0.5287
vn 0.9932 0.0151 0.1155
vn 0.9704 -0.0678 0.2316
vn 0.9673 -0.1204 0.2231
vn 0.2545 0.8209 0.5112
vn 0.9561 0.2900 -0.0415
vn 0.2232 0.8008 0.5558
vn 0.7020 0.6207 0.3491
vn 0.9727 0.2245 -0.0589
vn 0.9868 0.0302 -0.1588
vn 0.9393 -0.3334 -0.0808
vn 0.7823 0.4141 0.4654
vn 0.8768 -0.3953 0.2739
vn 0.4278 -0.4984 0.7540
vn 0.7153 -0.6593 0.2317
vn 0.6470 -0.2716 0.7125
vn 0.6641 -0.7428 0.0851
vn 0.8986 0.1216 0.4216
vn 0.9013 0.1546 0.4046
vn 0.3997 -0.1615 0.9023
vn 0.6932 -0.0918 0.7148
vn 0.4798 -0.2580 0.8386
vn 0.3197 -0.3064 0.8966
vn 0.7954 -0.4414 0.4152
vn 0.4719 -0.8705 0.1395
vn 0.1799 -0.3742 0.9097
vn 0.1934 -0.2925 0.9365
vn 0.3379 -0.4599 0.8212
vn 0.5324 -0.7713 0.3486
vn 0.5746 -0.8069 0.1372
vn 0.5744 -0.8125 0.0997
vn 0.2096 -0.8702 -0.4459
vn 0.1451 -0.8762 -0.4597
vn -0.3381 -0.8069 -0.4844
vn -0.3717 -0.6400 -0.6724
vn 0.0088 -0.0000 -1.0000
vn -0.6566 -0.3636 -0.6608
vn -0.9708 0.2357 -0.0459
vn -0.9894 0.0754 -0.1242
vn -0.9840 0.0264 0.1760
vn -0.9917 0.0641 0.1112
vn -0.9568 0.2903 -0.0153
vn -0.9732 0.1987 -0.1156
vn -0.9987 0.0453 0.0240
vn -0.9997 -0.0227 0.0109
vn -0.9747 0.1429 -0.1717
vn -0.6411 -0.3924 -0.6595
vn -0.9982 0.0528 -0.0284
vn -0.9418 0.3008 -0.1502
vn -0.6702 0.7022 0.2402
vn -0.6000 0.7982 -0.0546
vn -0.9267 0.3757 0.0022
vn -0.3965 0.9179 0.0153
vn -0.4288 0.8433 0.3239
vn -0.4451 -0.4442 -0.7776
vn -0.3578 0.9154 -0.1846
vn -0.7116 0.6863 -0.1502
vn -0.9351 0.2646 0.2359
vn 0.4113 -0.6973 -0.5870
vn -0.6560 0.5827 0.4797
vn -0.4631 0.6766 0.5725
vn -0.5926 0.5366 0.6008
vn -0.4684 0.6107 0.6385
vn -0.6565 -0.3506 -0.6679
vn -0.0793 -0.3552 -0.9314
vn -0.8757 0.2964 0.3812
vn -0.9929 0.0415 0.1112
vn -0.9815 -0.1690 0.0895
vn -0.2614 -0.2897 -0.9207
vn -0.9734 -0.1837 0.1372
vn -0.9688 -0.1653 0.1846
vn -0.0783 -0.2825 -0.9561
vn -0.9552 -0.1541 0.2528
vn -0.8551 -0.1278 0.5025
vn -0.6775 -0.1825 0.7125
vn -0.9531 -0.2134 0.2146
vn -0.4055 -0.1451 -0.9025
vn -0.9747 -0.1912 -0.1155
vn -0.7963 -0.6047 -0.0153
vn -0.7603 -0.5767 0.2990
vn -0.4934 -0.3752 0.7847
vn -0.3227 -0.2419 0.9151
vn -0.2641 -0.2548 0.9302
vn -0.3398 -0.3304 0.8806
vn -0.3825 -0.4038 0.8310
vn -0.6076 -0.7075 0.3609
vn -0.8868 -0.4198 0.1932
vn -0.9537 -0.2897 -0.0812
vn -0.9557 -0.2314 0.1819
vn -0.6178 -0.5364 0.5750
vn -0.2117 -0.9468 0.2423
vn -0.1871 -0.8087 0.5577
vn -0.6886 -0.7046 0.1717
vn 0.0189 -0.2669 -0.9635
vn 0.0187 0.0673 -0.9976
vn 0.0171 0.0722 -0.9972
vn 0.0264 -0.6123 -0.7902
vn 0.0151 -0.9567 -0.2907
vn -0.8976 -0.3521 0.2654
vn -0.8009 -0.5856 -0.1253
vn 0.0227 -0.9565 -0.2907
vn -0.6401 -0.7624 0.0944
vn 0.0075 -0.9999 -0.0109
vn 0.2290 -0.8235 0.5190
vn -0.4238 -0.4418 0.7907
vn 0.0076 -1.0000 -0.0066
vn -0.0505 -0.2735 0.9605
vn -0.4665 -0.1961 0.8625
vn 0.0075 -1.0000 0.0022
vn 0.3670 -0.5102 0.7778
vn -0.0342 0.0728 0.9968
vn -0.4554 0.1699 0.8739
vn 0.0076 -1.0000 0.0022
vn 0.0038 0.7915 -0.6112
vn -0.0000 0.6923 -0.7216
vn 0.0038 0.6954 -0.7186
vn 0.0019 0.8711 -0.4911
vn 0.0057 0.8689 -0.4950
vn -0.8539 0.5141 -0.0808
vn -0.0000 1.0000 -0.0022
vn -0.8673 0.4978 -0.0022
vn 0.4799 0.2514 0.8405
vn -0.9965 0.0830 -0.0066
vn 0.1254 0.6284 0.7677
vn -0.2476 0.5138 0.8214
vn 0.2440 0.7113 0.6591
vn -0.9849 0.1205 -0.1242
vn -0.0576 0.8094 0.5844
vn -0.5449 0.5145 0.6621
vn -0.0247 0.9780 0.2070
vn -0.9057 0.3752 -0.1975
vn -0.6751 0.7058 -0.2146
vn -0.0076 0.9859 -0.1674
vn 0.7224 0.6664 -0.1846
vn 0.8669 0.4911 -0.0851
vn 0.9386 0.2828 -0.1975
vn 0.9849 0.1205 -0.1242
vn 0.9970 0.0754 -0.0197
vn -0.6330 0.7561 -0.1665
vn -0.9231 0.3601 -0.1348
vn -0.8361 0.3963 0.3793
vn -0.9496 0.2318 0.2110
vn -0.8524 0.4667 0.2359
vn 0.8709 0.4912 -0.0153
vn -0.5768 0.7953 0.1865
vn 0.8805 0.3678 -0.2990
vn 0.8597 0.4230 -0.2865
vn 0.8914 0.2896 -0.3485
vn 0.5263 0.8310 -0.1803
vn 0.6162 0.2788 -0.7366
vn 0.7725 0.4179 -0.4782
vn 0.7545 0.0438 -0.6549
vn 0.9149 0.1913 -0.3555
vn 0.0057 0.9794 -0.2018
vn 0.7635 0.5176 -0.3863
vn 0.7686 0.4931 -0.4076
vn 0.4523 0.7292 -0.5135
vn -0.5091 0.8214 -0.2571
vn -0.8026 0.4750 -0.3609
vn -0.8274 0.4559 -0.3281
vn 0.8317 0.5029 -0.2355
vn -0.8595 0.3217 -0.3973
vn 0.5596 0.4459 -0.6986
vn 0.4149 0.6480 -0.6387
vn 0.6702 0.1031 -0.7350
vn -0.0075 0.4231 -0.9061
vn -0.0075 0.6060 -0.7954
vn -0.0076 0.6060 -0.7955
vn 0.8339 0.1308 -0.5361
vn 0.4609 0.5460 -0.6996
vn 0.9756 -0.0032 -0.2194
vn -0.0076 0.2123 -0.9772
vn 0.8432 -0.0030 -0.5376
vn 0.2090 -0.1481 -0.9666
vn -0.0022 -0.0038 -1.0000
vn -0.0019 -0.0523 -0.9986
vn -0.0057 -0.0783 -0.9969
vn -0.0038 -0.1566 -0.9877
vn 0.9611 -0.0339 -0.2742
vn -0.6160 0.5906 0.5213
vn -0.6740 0.6941 0.2528
vn -0.9385 0.1727 0.2990
vn -0.4049 0.8470 0.3445
vn 0.6417 -0.1674 -0.7484
vn 0.1420 -0.4427 -0.8853
vn 0.4375 -0.4591 -0.7732
vn 0.2699 -0.6507 -0.7098
vn -0.4294 0.7185 0.5471
vn -0.3718 0.6642 0.6485
vn -0.6496 0.5391 0.5361
vn -0.8960 0.1724 0.4093
vn 0.7560 -0.1908 -0.6261
vn 0.6482 -0.2919 -0.7033
vn -0.9662 -0.0679 0.2486
vn 0.7366 -0.5873 -0.3353
vn 0.7228 -0.4924 -0.4848
vn 0.7228 -0.2911 -0.6268
vn -0.9950 0.0904 0.0415
vn 0.7031 -0.0039 -0.7111
vn 0.6862 -0.4576 -0.5655
vn 0.5091 -0.2416 -0.8261
vn -0.9295 0.3686 0.0109
vn -0.6076 0.7913 -0.0677
vn -0.3827 0.9239 0.0021
vn -0.3541 0.9141 -0.1974
vn -0.7131 0.6838 -0.1545
vn -0.9351 0.3189 -0.1545
vn -0.4443 0.5589 -0.7001
vn -0.5182 -0.5603 -0.6461
vn -0.1307 0.5578 -0.8196
vn -0.9441 0.2758 -0.1803
vn -0.7932 -0.5674 -0.2212
vn -0.2498 0.0917 -0.9639
vn -0.8948 0.2662 -0.3585
vn -0.9933 0.0905 0.0720
vn -0.6020 -0.0945 -0.7929
vn -0.9244 0.3543 -0.1416
vn -0.9441 -0.1837 0.2739
vn -0.9607 -0.1466 0.2359
vn -0.9933 0.0604 0.0981
vn -0.9940 0.0566 0.0938
vn -0.8288 -0.1834 0.5287
vn -0.9937 0.0113 0.1112
vn -0.3947 -0.2916 -0.8713
vn -0.7595 0.1510 -0.6327
vn -0.9699 -0.0754 0.2316
vn -0.9673 -0.1204 0.2232
vn -0.5979 0.0649 -0.7990
vn -0.8501 -0.2961 -0.4356
vn -0.6560 -0.2359 -0.7169
vn -0.9569 0.2867 -0.0458
vn -0.6296 0.0021 -0.7769
vn -0.7615 -0.1507 -0.6304
vn -0.9733 0.2208 -0.0633
vn -0.9863 0.0264 -0.1631
vn -0.8025 0.5321 -0.2701
vn -0.3086 -0.4496 -0.8382
vn -0.5305 0.5818 -0.6165
vn -0.9380 -0.3370 -0.0808
vn -0.8752 -0.3987 0.2739
vn -0.7102 -0.6648 0.2316
vn -0.4306 -0.4959 0.7541
vn -0.6455 -0.2751 0.7125
vn -0.6669 -0.7403 0.0851
vn -0.3776 -0.5987 -0.7063
vn -0.7864 0.1530 -0.5985
vn -0.4024 -0.1652 0.9004
vn -0.3197 -0.3064 0.8966
vn -0.4696 0.7704 -0.4313
vn -0.7127 -0.1930 -0.6744
vn -0.2260 0.8543 -0.4681
vn -0.1833 -0.3724 0.9098
vn -0.1987 -0.2939 0.9350
vn -0.3379 -0.4600 0.8211
vn -0.5352 -0.7713 0.3445
vn -0.5715 -0.8090 0.1372
vn 0.9701 0.2391 -0.0415
vn 0.9831 0.0302 0.1803
vn 0.9893 0.0830 -0.1198
vn -0.5874 -0.0827 -0.8050
vn -0.2386 0.9042 -0.3542
vn 0.9910 0.0678 0.1155
vn -0.4671 0.8838 0.0268
vn 0.9568 0.2902 -0.0153
vn -0.5065 0.7430 -0.4376
vn -0.8292 0.3023 -0.4701
vn -0.2220 0.8778 -0.4246
vn -0.8630 0.4153 0.2877
vn 0.9730 0.2024 -0.1112
vn 0.9982 0.0528 0.0284
vn 0.9996 -0.0227 0.0153
vn 0.9736 0.1504 -0.1717
vn 0.9979 0.0604 -0.0240
vn 0.9412 0.3046 -0.1459
vn 0.5970 0.8004 -0.0546
vn 0.6702 0.7022 0.2401
vn 0.9267 0.3757 0.0066
vn 0.3893 0.9210 0.0153
vn 0.4288 0.8433 0.3239
vn -0.6504 -0.0835 -0.7550
vn -0.8423 0.1585 -0.5152
vn -0.4388 0.3401 -0.8317
vn 0.3578 0.9154 -0.1844
vn 0.7090 0.6890 -0.1502
vn 0.9340 0.2682 0.2359
vn 0.6507 0.5854 0.4835
vn 0.4567 0.6780 0.5760
vn 0.5844 0.5417 0.6043
vn 0.4654 0.6130 0.6385
vn 0.8757 0.2964 0.3812
vn 0.9923 0.0453 0.1155
vn -0.8563 0.1765 -0.4853
vn -0.7962 0.5957 -0.1062
vn -0.6825 -0.1971 -0.7038
vn 0.9822 -0.1653 0.0895
vn -0.6206 -0.1804 -0.7631
vn -0.5383 -0.7282 -0.4243
vn 0.9720 -0.1876 0.1415
vn 0.9680 -0.1654 0.1889
vn 0.9546 -0.1503 0.2571
vn -0.8404 -0.3566 -0.4081
vn -0.8659 -0.2032 -0.4570
vn 0.8529 -0.1278 0.5063
vn -0.6968 -0.7090 0.1088
vn -0.4452 -0.4241 -0.7886
vn -0.6930 0.0821 -0.7162
vn 0.6752 -0.1790 0.7156
vn 0.9529 -0.2097 0.2189
vn 0.9754 -0.1875 -0.1155
vn 0.8008 -0.5987 -0.0153
vn 0.7588 -0.5765 0.3032
vn 0.4915 -0.3720 0.7874
vn 0.3153 -0.2449 0.9168
vn 0.2667 -0.2521 0.9302
vn 0.3377 -0.3270 0.8826
vn 0.3779 -0.4032 0.8334
vn 0.6105 -0.7051 0.3609
vn 0.6885 -0.7046 0.1717
vn -0.0281 -0.6756 -0.7368
vn -0.7069 0.2113 -0.6751
vn -0.2403 -0.8350 -0.4950
vn -0.0189 -0.2669 -0.9635
vn -0.0133 0.0730 -0.9972
vn -0.0113 0.0689 -0.9976
vn -0.0189 -0.6126 -0.7901
vn -0.0151 -0.9567 -0.2907
vn -0.0075 -0.9999 -0.0109
vn -0.0000 -1.0000 -0.0066
vn -0.3561 -0.8218 -0.4449
vn -0.0000 -1.0000 0.0022
vn -0.4963 -0.7892 -0.3617
vn -0.6993 0.0649 -0.7119
vn -0.0038 0.7915 -0.6112
vn -0.0038 0.6954 -0.7186
vn -0.0056 0.8711 -0.4912
vn -0.0019 0.8689 -0.4949
vn 0.9686 0.0076 -0.2486
vn -0.6015 -0.6885 -0.4052
vn -0.9641 -0.0076 -0.2655
vn -0.0875 -0.8517 -0.5166
vn -0.9686 0.0075 -0.2486
vn -0.6712 -0.0716 -0.7378
vn 0.9652 -0.0075 -0.2613
vn 0.6412 0.0659 0.7645
vn 0.5187 -0.0242 0.8546
vn 0.6698 -0.1120 0.7341
vn 0.6113 0.0525 0.7896
vn 0.6226 0.0334 0.7818
vn 0.4523 0.2555 0.8545
vn 0.5796 0.2170 0.7855
vn 0.9029 -0.4135 -0.1176
vn 0.8118 -0.5839 0.0108
vn 0.8877 -0.4260 -0.1748
vn 0.3728 0.4737 0.7979
vn 0.7156 0.4578 0.5276
vn 0.8329 0.1867 0.5211
vn 0.8961 0.2211 0.3849
vn 0.9397 0.0996 0.3273
vn 0.8853 -0.4305 -0.1760
vn 0.6014 -0.7807 0.1696
vn 0.6905 -0.7201 -0.0684
vn 0.4613 -0.8844 -0.0716
vn 0.4185 -0.8883 0.1889
vn 0.6860 -0.6949 -0.2158
vn 0.8921 -0.4367 -0.1161
vn 0.9181 -0.1784 0.3540
vn 0.9395 -0.0239 0.3416
vn 0.8842 -0.4575 -0.0938
vn 0.8264 -0.3118 0.4688
vn 0.7898 -0.3785 0.4826
vn 0.6333 -0.2781 0.7223
vn 0.4881 0.4774 -0.7306
vn 0.0822 0.6477 -0.7575
vn 0.5007 0.4467 -0.7415
vn 0.7706 -0.2608 0.5815
vn 0.5154 0.7602 -0.3956
vn 0.0623 0.8601 -0.5063
vn -0.6339 -0.2881 0.7178
vn -0.6919 -0.1573 0.7046
vn -0.5213 -0.4602 0.7186
vn -0.7764 -0.4664 0.4239
vn 0.2441 -0.5764 -0.7799
vn 0.4828 -0.4363 -0.7593
vn 0.4950 -0.6632 -0.5615
vn 0.2808 -0.7371 -0.6147
vn -0.9027 -0.2596 0.3431
vn 0.5036 -0.4368 -0.7454
vn -0.9272 -0.3159 0.2013
vn -0.9357 0.1050 0.3368
vn -0.9175 -0.1798 0.3547
vn -0.8951 0.2195 0.3881
vn 0.8845 -0.1279 0.4487
vn 0.9126 -0.2405 0.3305
vn 0.9342 -0.0187 0.3562
vn -0.8506 0.3877 0.3551
vn 0.9294 -0.2690 0.2527
vn 0.9789 -0.1524 0.1361
vn 0.9520 -0.2756 0.1329
vn -0.8318 0.1847 0.5234
vn 0.8958 -0.3961 -0.2018
vn 0.8211 -0.5634 0.0916
vn 0.8827 -0.3626 -0.2990
vn 0.7810 -0.4616 -0.4206
vn 0.8569 -0.5142 0.0353
vn 0.9366 -0.2577 -0.2375
vn -0.5377 0.5498 0.6392
vn -0.5804 0.2112 0.7865
vn -0.4614 0.2512 0.8509
vn -0.6120 0.0479 0.7894
vn -0.6239 0.0363 0.7807
vn 0.9467 -0.2890 -0.1423
vn -0.7302 0.0112 0.6831
vn 0.6261 -0.6026 -0.4949
vn -0.5381 -0.0586 0.8409
vn 0.9856 -0.1115 -0.1269
vn 0.0555 -0.9820 0.1805
vn 0.2032 -0.9778 -0.0513
vn 0.3576 -0.9233 -0.1401
vn 0.4614 -0.1991 -0.8646
vn 0.4107 -0.5519 -0.7258
vn 0.2990 -0.4406 -0.8465
vn 0.1228 -0.9841 0.1285
vn 0.3249 -0.9351 -0.1417
vn -0.2368 -0.7496 -0.6181
vn -0.1886 -0.8260 -0.5312
vn -0.3631 -0.9206 -0.1434
vn -0.9612 -0.2603 0.0915
vn 0.0302 -0.8657 0.4996
vn -0.8301 -0.4372 0.3462
vn -0.0799 -0.8707 0.4853
vn -0.3696 -0.7797 -0.5054
vn -0.4786 -0.8779 -0.0180
vn -0.6354 -0.7697 0.0616
vn 0.1104 -0.9705 0.2143
vn -0.8621 -0.0428 -0.5050
vn -0.9537 -0.1999 -0.2247
vn -0.5640 -0.1620 -0.8097
vn -0.7645 -0.1319 -0.6310
vn -0.8397 -0.1716 0.5152
vn -0.6095 -0.5906 0.5289
vn -0.8411 -0.1660 0.5148
vn -0.6379 0.3747 0.6729
vn -0.4183 -0.5045 -0.7553
vn -0.8703 -0.4891 0.0573
vn 0.9447 -0.2932 -0.1470
vn -0.2760 -0.6687 0.6904
vn -0.8183 -0.5624 -0.1189
vn -0.4125 -0.4374 0.7991
vn -0.5439 -0.1462 0.8263
vn 0.1655 -0.0033 0.9862
vn 0.0181 -0.4563 0.8897
vn -0.6686 0.5617 0.4872
vn -0.8674 0.1226 0.4823
vn 0.6998 -0.5971 0.3922
vn 0.7206 -0.5963 0.3538
vn 0.5869 -0.3366 0.7363
vn -0.0839 -0.4127 0.9070
vn 0.1791 -0.2564 0.9498
vn -0.5507 0.1474 0.8216
vn -0.1998 -0.4860 0.8508
vn -0.3597 -0.6144 0.7022
vn -0.5545 0.7766 0.2991
vn -0.8717 0.1671 0.4606
vn -0.8931 0.4411 0.0883
vn -0.0869 0.8467 0.5250
vn -0.5431 0.8357 0.0819
vn -0.3543 -0.8628 0.3606
vn -0.2535 0.9098 -0.3286
vn -0.7797 0.3716 0.5040
vn 0.4112 -0.9103 0.0468
vn -0.0102 -0.9935 0.1134
vn 0.5317 -0.8002 0.2772
vn -0.4535 0.8761 0.1637
vn -0.9233 0.3818 0.0423
vn -0.0166 0.9679 0.2509
vn 0.3031 0.9442 0.1288
vn 0.1461 0.9782 -0.1472
vn -0.0208 0.9994 -0.0271
vn -0.1396 0.9567 -0.2553
vn -0.0063 0.9669 0.2550
vn 0.0750 -0.2072 -0.9754
vn 0.4457 -0.1180 -0.8874
vn 0.3115 -0.2267 -0.9228
vn 0.1057 0.4893 -0.8657
vn 0.0743 -0.1541 -0.9853
vn 0.6355 0.7642 0.1098
vn 0.3768 0.8567 -0.3524
vn 0.4533 0.3598 -0.8155
vn 0.9836 0.1586 -0.0855
vn 0.6619 0.5485 -0.5109
vn -0.4720 -0.4525 -0.7566
vn -0.7522 -0.2259 -0.6190
vn -0.8205 0.5123 -0.2535
vn -0.8525 0.4682 -0.2324
vn -0.5194 0.8076 0.2793
vn 0.8611 0.3722 -0.3464
vn 0.8383 0.5363 0.0981
vn -0.5079 0.2843 -0.8131
vn 0.9005 0.3264 -0.2873
vn 0.1690 0.4434 -0.8802
vn 0.8800 0.3773 -0.2886
vn 0.6405 0.7417 -0.1992
vn 0.5019 0.7817 -0.3703
vn 0.1583 0.9647 0.2103
vn -0.4268 -0.9031 0.0480
vn -0.4406 -0.8916 0.1046
vn -0.8036 -0.4907 -0.3368
vn -0.4781 -0.1670 -0.8623
vn 0.2627 0.9638 0.0447
vn 0.2104 -0.2446 -0.9465
vn -0.1619 0.9130 0.3744
vn 0.5717 -0.6450 -0.5070
vn 0.2496 -0.9682 0.0187
vn -0.1905 0.4635 0.8654
vn -0.1422 0.0008 0.9898
vn -0.5634 0.4661 -0.6822
vn -0.6003 0.4183 -0.6817
vn -0.6033 0.7923 -0.0913
vn -0.2621 -0.4362 0.8608
vn -0.3481 -0.6278 0.6962
vn -0.0000 0.2392 -0.9710
vn -0.0581 -0.9242 0.3776
vn 0.6001 0.4184 -0.6818
vn 0.6033 0.7923 -0.0913
vn -0.0000 0.9786 0.2058
vn 0.3443 -0.9133 -0.2176
vn -0.6084 -0.7646 0.2128
vn -0.5309 -0.8005 0.2781
vn -0.4111 -0.9103 0.0480
vn 0.0098 -0.9934 0.1145
vn 0.3553 -0.8616 0.3624
vn 0.5841 -0.8033 -0.1160
vn 0.3543 -0.6178 0.7019
vn 0.6046 -0.7965 -0.0088
vn 0.2029 -0.4836 0.8514
vn 0.3951 -0.9060 0.1521
vn 0.1894 -0.9288 0.3184
vn -0.0214 -0.8991 0.4372
vn -0.1379 -0.6864 0.7141
vn -0.1791 -0.2564 0.9498
vn 0.0791 -0.4144 0.9066
vn -0.5850 -0.3376 0.7374
vn -0.7206 -0.5954 0.3552
vn 0.3016 -0.5610 -0.7709
vn 0.4153 -0.5043 -0.7571
vn 0.5624 -0.1625 -0.8108
vn 0.7635 -0.1259 -0.6334
vn 0.8630 -0.0417 -0.5034
vn 0.9534 -0.2014 -0.2248
vn -0.1549 0.7000 0.6971
vn -0.0389 0.8881 0.4580
vn 0.2146 0.9129 0.3471
vn 0.3870 0.9108 0.1440
vn 0.6668 0.7444 0.0367
vn 0.6353 -0.7698 0.0615
vn 0.8708 -0.4881 0.0581
vn 0.7538 0.6554 0.0473
vn 0.8530 0.5097 0.1123
vn 0.9027 0.3755 -0.2103
vn 0.4784 -0.8779 -0.0176
vn 0.3624 -0.9210 -0.1430
vn 0.1864 -0.8266 -0.5310
vn 0.4009 0.8927 0.2060
vn 0.6287 0.7484 0.2113
vn 0.4425 0.8922 -0.0905
vn 0.6673 0.7351 -0.1197
vn 0.5925 0.7973 -0.1155
vn 0.6821 0.6918 -0.2369
vn 0.8900 0.4419 -0.1126
vn 0.9007 0.3977 -0.1749
vn 0.8901 0.4442 -0.1025
vn 0.6683 0.7237 0.1723
vn 0.6016 0.7700 0.2126
vn 0.4478 0.8940 -0.0153
vn 0.0793 0.9863 0.1448
vn -0.1698 0.9265 0.3359
vn -0.2959 0.6958 0.6545
vn -0.0909 0.5433 0.8346
vn -0.0044 0.4710 0.8821
vn 0.2479 0.3002 0.9211
vn 0.7733 0.5713 0.2750
vn 0.6477 0.3429 0.6803
vn 0.8976 0.3938 -0.1981
vn 0.8425 0.5387 -0.0029
vn -0.1613 0.6259 -0.7630
vn -0.2627 0.6041 -0.7524
vn -0.4739 0.3037 -0.8266
vn -0.6877 0.3037 -0.6595
vn -0.7976 -0.5570 -0.2316
vn -0.8910 -0.4196 -0.1736
vn -0.8274 -0.5588 -0.0556
vn -0.8874 -0.3405 -0.3108
vn -0.6616 -0.7176 -0.2176
vn -0.8065 0.2422 -0.5393
vn -0.9173 -0.2171 -0.3337
vn -0.7837 -0.6178 -0.0650
vn -0.9522 -0.1779 -0.2481
vn -0.8910 -0.4169 -0.1797
vn -0.8765 0.4048 -0.2605
vn -0.8795 -0.3148 -0.3568
vn 0.0013 0.8582 -0.5133
vn -0.1824 0.9596 -0.2143
vn -0.7488 0.6617 0.0387
vn -0.5265 0.8496 -0.0318
vn -0.2900 0.9562 0.0400
vn -0.2789 -0.0264 -0.9599
vn -0.2935 0.0801 -0.9526
vn -0.4238 0.2390 -0.8736
vn -0.1053 0.2884 -0.9517
vn -0.2283 0.2583 -0.9387
vn -0.3722 0.3972 -0.8389
vn -0.0178 0.5761 -0.8172
vn -0.1694 0.5133 -0.8413
vn -0.0355 0.3828 -0.9231
vn -0.7492 0.5632 0.3486
vn -0.7735 0.5704 0.2764
vn -0.6463 0.3466 0.6798
vn -0.2498 0.3014 0.9202
vn 0.0025 0.4737 0.8807
vn 0.0917 0.5453 0.8332
vn -0.1898 0.7154 -0.6724
vn -0.2182 0.4698 -0.8554
vn -0.3041 0.7347 -0.6063
vn -0.3482 0.6744 -0.6511
vn 0.2912 0.6978 0.6545
vn -0.2783 0.5735 -0.7705
vn -0.3629 0.5631 -0.7425
vn -0.4478 0.8940 -0.0143
vn -0.0798 0.9861 0.1458
vn -0.6013 0.7701 0.2129
vn 0.1709 0.9257 0.3373
vn -0.8067 0.5506 -0.2146
vn -0.8374 0.5049 -0.2095
vn -0.8127 0.5657 -0.1399
vn -0.8598 0.3677 -0.3543
vn -0.6659 0.6973 -0.2654
vn -0.7884 0.6116 -0.0666
vn -0.8687 0.3298 -0.3696
vn 0.0692 0.7896 -0.6097
vn -0.0005 0.8587 -0.5125
vn 0.1826 0.9596 -0.2142
vn -0.9496 0.1937 -0.2464
vn -0.8844 0.4280 -0.1863
vn 0.2899 0.9562 0.0398
vn 0.5265 0.8496 -0.0319
vn 0.7487 0.6618 0.0380
vn 0.8758 0.4056 -0.2617
vn -0.8770 0.3219 -0.3568
vn 0.8053 0.2419 -0.5412
vn 0.4751 0.3039 -0.8258
vn 0.6862 0.3058 -0.6600
vn -0.2709 0.0227 -0.9624
vn -0.7548 0.0930 -0.6493
vn -0.2918 -0.3628 -0.8850
vn -0.4782 0.0284 -0.8778
vn -0.1124 -0.4174 -0.9017
vn -0.4756 -0.1114 -0.8726
vn -0.3142 -0.2685 -0.9106
vn -0.0268 -0.4581 -0.8885
vn -0.0750 -0.3819 -0.9212
vn 0.2621 0.6037 -0.7529
vn -0.5312 0.8468 0.0267
vn -0.5802 0.8140 0.0277
vn -0.2313 0.7470 0.6233
vn -0.3478 -0.4819 -0.8042
vn -0.0317 -0.6583 -0.7521
vn -0.3336 -0.7295 -0.5971
vn -0.3519 -0.6978 -0.6239
vn 0.4602 0.6632 -0.5903
vn -0.2374 0.7742 -0.5867
vn -0.3204 -0.6318 -0.7058
vn -0.3804 -0.6186 -0.6875
vn 0.8030 0.5955 0.0226
vn 0.4505 0.6378 0.6247
vn 0.2063 0.7816 0.5886
vn 0.2313 0.7470 0.6233
vn 0.5802 0.8140 0.0277
vn -0.2544 0.5462 -0.7981
vn -0.1841 0.4822 -0.8565
vn -0.3040 0.4371 -0.8465
vn -0.1176 0.3295 -0.9368
vn -0.3062 0.3226 -0.8957
vn -0.0296 0.2707 -0.9622
vn -0.2580 0.7198 -0.6445
vn -0.5976 0.5349 -0.5973
vn -0.4602 0.6631 -0.5903
vn 0.2374 0.7742 -0.5867
vn -0.4504 0.6378 0.6247
vn -0.8030 0.5955 0.0226
vn -0.1804 -0.5527 -0.8136
vn 0.0316 -0.0161 -0.9994
vn -0.3724 -0.4680 -0.8014
vn -0.0561 -0.2616 -0.9635
vn 0.0252 -0.2641 -0.9642
vn -0.3514 -0.3816 -0.8549
vn -0.2590 -0.7166 -0.6476
vn -0.5976 -0.5348 -0.5973
vn 0.2110 0.4525 0.8665
vn -0.0286 0.8574 0.5139
vn -0.0717 0.9925 0.0991
vn -0.1270 0.8838 0.4503
vn 0.3067 0.3247 0.8947
vn 0.3271 0.4292 0.8419
vn 0.9359 0.2827 0.2103
vn 0.8842 0.3265 0.3339
vn 0.9445 0.2496 0.2136
vn 0.9578 -0.1821 0.2226
vn 0.9191 0.2551 0.3004
vn 0.8774 -0.0075 0.4797
vn 0.1816 0.7559 0.6290
vn 0.3998 0.2626 0.8782
vn 0.7812 0.0246 -0.6238
vn 0.8694 0.2712 -0.4131
vn 0.9361 -0.2684 -0.2274
vn 0.8571 -0.4882 0.1643
vn 0.7931 -0.0460 -0.6073
vn 0.5858 -0.6216 0.5200
vn 0.8653 -0.4993 0.0444
vn 0.6646 -0.6994 -0.2628
vn 0.2535 -0.5493 0.7963
vn 0.1538 -0.9402 0.3038
vn 0.0484 -0.2391 0.9698
vn 0.6843 0.6042 0.4082
vn 0.7821 0.5832 0.2197
vn -0.2596 -0.6955 0.6700
vn 0.1239 0.1888 0.9742
vn -0.4488 -0.2969 0.8429
vn 0.0678 0.6037 0.7943
vn -0.4358 0.4793 0.7618
vn 0.8400 0.5298 -0.1167
vn 0.8565 0.3557 -0.3740
vn 0.5409 0.6345 0.5521
vn -0.2520 0.7753 0.5791
vn 0.8682 0.4471 0.2153
vn 0.2586 0.9652 0.0402
vn 0.9314 0.3024 -0.2024
vn 0.8691 0.1170 -0.4807
vn 0.4025 0.2835 -0.8704
vn 0.4351 0.1766 -0.8829
vn 0.1993 0.3564 -0.9128
vn 0.8784 0.3933 0.2715
vn 0.1375 0.4147 0.8995
vn 0.5486 0.7365 -0.3957
vn -0.2393 0.8069 0.5400
vn 0.7181 0.6721 -0.1807
vn -0.6101 0.7676 -0.1965
vn -0.7192 0.5704 -0.3968
vn -0.6828 0.5531 -0.4774
vn -0.2222 0.9733 -0.0574
vn -0.6358 0.2986 -0.7117
vn -0.6564 0.7497 -0.0842
vn 0.6314 0.4232 -0.6498
vn 0.7148 0.6758 -0.1800
vn 0.6349 0.4288 -0.6427
vn 0.7155 0.6796 -0.1620
vn 0.6345 0.3957 -0.6640
vn 0.1192 0.6520 -0.7488
vn -0.3915 0.8840 -0.2556
vn 0.3210 0.8633 0.3893
vn 0.3162 0.8908 -0.3265
vn 0.2858 0.8875 -0.3616
vn 0.0786 0.9812 0.1763
vn 0.1506 0.8200 -0.5522
vn -0.5781 0.8106 -0.0937
vn -0.8576 0.3615 -0.3660
vn -0.3990 0.4729 -0.7856
vn -0.3089 0.9388 0.1525
vn -0.1624 -0.7821 0.6016
vn 0.0909 0.4843 -0.8702
vn 0.3628 0.3562 -0.8611
vn 0.1638 0.2630 -0.9508
vn 0.3811 0.4211 -0.8230
vn -0.5442 0.7175 0.4348
vn -0.7717 0.0373 0.6349
vn -0.4835 0.7160 -0.5036
vn -0.3008 0.5439 -0.7834
vn -0.7437 0.4414 -0.5021
vn 0.3626 -0.9275 0.0910
vn 0.2075 -0.9045 -0.3727
vn 0.4058 -0.1443 -0.9025
vn -0.2106 0.5401 -0.8148
vn 0.6175 -0.6230 -0.4802
vn 0.1770 -0.7348 -0.6548
vn -0.3311 -0.9350 -0.1267
vn 0.4694 0.7346 0.4899
vn 0.5324 0.6028 0.5943
vn 0.7101 0.4867 0.5088
vn 0.4799 0.4994 0.7213
vn 0.5379 0.3445 0.7694
vn 0.2350 0.5737 0.7846
vn 0.5503 -0.1420 -0.8228
vn 0.1876 0.7378 0.6484
vn -0.5961 -0.3428 0.7261
vn -0.5749 0.2606 0.7756
vn -0.7989 0.4595 0.3880
vn 0.7194 0.1794 0.6710
vn 0.7803 0.2297 0.5817
vn 0.8595 0.0722 0.5060
vn -0.3001 0.6971 0.6512
vn -0.2865 0.6764 0.6785
vn -0.2575 0.6659 0.7002
vn -0.7022 0.6208 0.3485
vn 0.6022 -0.5924 0.5352
vn 0.6030 -0.4466 0.6610
vn 0.4043 -0.6325 0.6607
vn 0.3543 -0.7914 0.4982
vn 0.5325 -0.7604 0.3719
vn -0.8988 0.1216 0.4211
vn 0.7299 -0.5308 0.4307
vn -0.7904 0.4118 0.4536
vn 0.8596 -0.2151 0.4634
vn 0.6843 0.0896 0.7237
vn -0.7823 0.4155 0.4641
vn -0.6930 -0.0916 0.7151
vn 0.6835 -0.1824 0.7068
vn -0.7954 -0.4415 0.4152
vn -0.4718 -0.8706 0.1393
vn -0.8028 -0.4347 0.4081
vn 0.6276 -0.6996 0.3416
vn 0.6809 -0.6576 0.3223
vn 0.4452 -0.5289 0.7226
vn 0.4526 -0.8912 -0.0300
vn -0.0152 -0.9997 0.0170
vn -0.5441 -0.6332 0.5505
vn -0.1449 -0.8761 -0.4598
vn -0.2142 -0.9586 0.1879
vn 0.6945 -0.6767 -0.2447
vn 0.3735 -0.6399 -0.6717
vn 0.6572 -0.3635 -0.6602
vn 0.6415 -0.3919 -0.6595
vn -0.2540 -0.8729 0.4165
vn -0.0237 -0.6380 0.7696
vn 0.3721 -0.8382 -0.3987
vn 0.3644 0.9184 0.1538
vn 0.5585 0.6732 0.4847
vn 0.6165 0.6406 0.4578
vn 0.3914 0.4152 0.8212
vn -0.0844 0.4671 0.8802
vn -0.1101 0.9713 0.2108
vn -0.3375 0.7457 0.5744
vn 0.6567 -0.3496 -0.6682
vn -0.0000 -0.9981 0.0622
vn 0.4186 -0.8688 0.2645
vn -0.0000 -0.9912 0.1327
vn -0.4185 -0.8688 0.2645
vn -0.4223 -0.6096 0.6708
vn -0.0000 -0.4739 0.8806
vn 0.4222 -0.6097 0.6708
vn -0.0000 -0.9713 -0.2380
vn 0.7953 -0.4977 0.3460
vn -0.0000 -0.9922 -0.1249
vn -0.7953 -0.4978 0.3459
vn -0.0000 -0.0608 0.9982
vn 0.6400 -0.7627 0.0932
vn 0.6179 -0.5363 0.5750
vn 0.2116 -0.9470 0.2417
vn 0.2624 -0.8624 0.4328
vn 0.8884 -0.4165 0.1932
vn 0.9557 -0.2313 0.1822
vn 0.9534 -0.2904 -0.0812
vn 0.8975 -0.3523 0.2653
vn 0.8010 -0.5853 -0.1256
vn 0.6115 0.7666 -0.1959
vn 0.6182 0.7179 -0.3200
vn 0.5225 0.5812 -0.6238
vn 0.4231 -0.4419 0.7910
vn -0.2275 -0.8239 0.5190
vn -0.0396 0.9954 -0.0870
vn -0.0710 -0.7377 0.6714
vn 0.4641 -0.1981 0.8634
vn -0.3644 -0.5104 0.7789
vn -0.1055 0.9127 -0.3947
vn 0.6472 0.7491 -0.1414
vn 0.8570 0.3636 -0.3653
vn 0.6340 0.7713 -0.0551
vn -0.3645 0.3533 -0.8616
vn -0.0909 0.4866 -0.8689
vn -0.0317 -0.1984 0.9796
vn 0.4576 0.1705 0.8727
vn -0.4811 0.2521 0.8396
vn -0.5472 0.1978 -0.8133
vn 0.2469 0.5146 0.8211
vn -0.1257 0.6286 0.7675
vn -0.2441 0.7113 0.6592
vn 0.0573 0.8088 0.5853
vn 0.5454 0.5136 0.6624
vn 0.0236 0.9780 0.2073
vn 0.3984 0.4734 -0.7856
vn 0.5768 0.7953 0.1864
vn 0.8361 0.3953 0.3804
vn 0.6325 0.7564 -0.1666
vn 0.9237 0.3589 -0.1343
vn 0.9495 0.2317 0.2114
vn 0.8542 0.4634 0.2359
vn 0.2090 0.5395 -0.8157
vn -0.3834 0.4197 -0.8227
vn 0.4841 0.7154 -0.5038
vn 0.2795 0.5735 -0.7700
vn -0.6162 0.2788 -0.7366
vn -0.7543 0.0445 -0.6551
vn -0.7722 0.4176 -0.4789
vn -0.8025 0.5227 -0.2876
vn -0.8110 0.2974 -0.5038
vn -0.7685 0.4931 -0.4077
vn -0.4120 0.6712 -0.6163
vn -0.6693 0.3350 -0.6632
vn -0.5594 0.4446 -0.6996
vn 0.6993 0.4000 -0.5924
vn -0.3243 0.4255 0.8448
vn -0.3055 0.3234 0.8956
vn 0.0495 0.5808 0.8126
vn -0.2049 0.5156 -0.8319
vn -0.6700 0.1053 -0.7348
vn 0.1457 0.9122 0.3829
vn 0.0290 0.8577 0.5133
vn -0.8325 0.1312 -0.5382
vn -0.2257 0.1971 -0.9541
vn -0.9752 -0.0018 -0.2213
vn -0.5917 0.1401 0.7939
vn -0.8425 -0.0011 -0.5387
vn -0.3746 -0.5213 -0.7668
vn -0.6651 0.6495 0.3686
vn -0.1790 0.7571 0.6283
vn -0.9612 -0.0338 -0.2738
vn -0.7557 -0.1912 -0.6265
vn -0.2915 -0.6384 -0.7124
vn -0.1783 -0.3698 -0.9119
vn -0.9740 0.2205 -0.0522
vn -0.8697 0.2708 -0.4128
vn -0.4375 -0.4571 -0.7744
vn -0.1669 0.3500 0.9218
vn -0.7817 0.5838 0.2193
vn -0.6775 -0.6321 -0.3761
vn -0.6482 -0.2907 -0.7038
vn -0.7217 -0.4917 -0.4872
vn -0.7367 -0.5876 -0.3346
vn -0.7297 -0.5891 -0.3470
vn -0.7035 -0.0039 -0.7107
vn -0.6863 -0.4600 -0.5634
vn -0.5091 -0.2416 -0.8261
vn 0.2397 0.8075 0.5390
vn -0.1383 0.4150 0.8992
vn -0.8565 0.3555 -0.3741
vn -0.8390 0.5316 -0.1161
vn -0.1279 0.9087 0.3973
vn -0.1173 0.8956 0.4290
vn -0.1440 0.9181 0.3694
vn -0.8780 0.3953 0.2701
vn -0.0885 0.9211 0.3792
vn -0.1148 0.9332 0.3404
vn -0.0074 -0.9993 0.0354
vn -0.6906 -0.5251 -0.4973
vn -0.6954 -0.7168 -0.0521
vn -0.6723 -0.5635 -0.4800
vn 0.0550 -0.9410 -0.3339
vn -0.6684 -0.7434 0.0245
vn -0.6960 -0.7180 -0.0032
vn -0.1946 0.8722 0.4487
vn -0.1353 0.9077 0.3973
vn -0.1279 0.9139 0.3852
vn -0.0484 -0.4345 -0.8994
vn -0.4063 -0.4807 -0.7770
vn 0.1995 -0.4949 -0.8458
vn -0.1204 0.8952 0.4291
vn -0.2711 0.8487 0.4541
vn -0.0964 0.9909 0.0937
vn 0.4180 -0.3399 -0.8425
vn -0.8606 -0.2840 -0.4227
vn -0.4757 0.8742 -0.0976
vn -0.4389 0.8968 0.0564
vn -0.7234 0.6897 0.0303
vn -0.5068 0.3237 0.7990
vn -0.8853 0.4489 -0.1212
vn -0.9681 -0.0237 -0.2496
vn -0.7454 -0.0862 0.6610
vn -0.8194 -0.4108 -0.3998
vn -0.7653 -0.6090 -0.2083
vn -0.1427 -0.6800 -0.7192
vn 0.3483 -0.5130 -0.7845
vn -0.2541 -0.7162 -0.6499
vn -0.3648 -0.8086 -0.4616
vn -0.5295 -0.7804 -0.3325
vn -0.5037 -0.8188 -0.2754
vn -0.4290 -0.8346 0.3456
vn -0.0416 -0.9935 -0.1061
vn 0.0850 -0.9833 -0.1611
vn -0.6113 -0.6360 -0.4710
vn -0.3930 0.9167 -0.0720
vn -0.1699 -0.7262 0.6661
vn -0.3149 -0.9189 0.2377
vn -0.2123 -0.7802 0.5884
vn 0.8309 -0.0660 0.5525
vn -0.2573 -0.9273 0.2718
vn -0.0060 -0.2879 0.9576
vn 0.4286 -0.8909 -0.1504
vn -0.1608 -0.1768 0.9710
vn -0.0749 -0.8954 0.4389
vn -0.2159 -0.8621 0.4585
vn 0.8227 -0.2850 -0.4918
vn -0.1934 -0.8177 0.5422
vn -0.0763 -0.9836 0.1636
vn -0.0538 -0.9178 0.3933
vn 0.6358 -0.6835 0.3586
vn 0.7851 -0.6152 -0.0718
vn 0.9777 -0.1318 -0.1632
vn 0.8716 -0.2452 -0.4246
vn 0.1431 -0.3633 0.9206
vn 0.8832 -0.3654 0.2942
vn -0.2531 -0.8212 0.5113
vn -0.1239 -0.7897 0.6008
vn 0.8336 -0.5269 -0.1660
vn -0.1821 -0.8743 0.4499
vn -0.1319 -0.7562 0.6410
vn -0.1388 -0.7196 0.6803
vn -0.0716 -0.8184 0.5702
vn -0.2114 -0.7944 0.5694
vn -0.1482 -0.8427 0.5176
vn 0.6959 -0.7162 -0.0519
vn 0.6737 -0.5621 -0.4797
vn 0.6911 -0.5253 -0.4964
vn -0.2145 -0.8091 0.5471
vn 0.6686 -0.7432 0.0248
vn 0.7505 -0.6591 0.0473
vn 0.3892 -0.9211 0.0125
vn -0.5866 -0.7615 0.2757
vn -0.5979 -0.2719 0.7540
vn -0.6063 -0.2314 0.7609
vn 0.6962 -0.7178 -0.0032
vn -0.5059 -0.2892 0.8127
vn 0.8604 -0.2839 -0.4231
vn 0.4076 -0.4815 -0.7759
vn -0.2005 -0.4928 -0.8467
vn 0.0483 -0.4332 -0.9000
vn -0.2256 -0.8627 0.4526
vn -0.1161 -0.9843 0.1331
vn -0.7533 0.1174 0.6471
vn -0.4900 0.6818 0.5432
vn -0.1926 0.8100 0.5539
vn -0.1412 -0.4136 -0.8994
vn 0.1408 -0.6803 -0.7193
vn -0.3505 -0.5109 -0.7849
vn 0.2998 -0.6647 0.6843
vn 0.3337 -0.6026 0.7249
vn 0.8859 0.0529 0.4609
vn 0.4316 -0.5056 0.7471
vn 0.3639 -0.8087 -0.4622
vn 0.2669 -0.7042 -0.6579
vn 0.5146 -0.3240 0.7939
vn 0.6106 -0.6371 -0.4704
vn 0.5550 -0.0644 0.8294
vn 0.7296 0.2635 0.6310
vn 0.6289 0.3665 0.6857
vn 0.6089 0.3725 0.7004
vn 0.0194 -0.2484 0.9685
vn 0.1198 -0.7864 0.6060
vn 0.2270 -0.9739 0.0058
vn 0.7329 0.0661 0.6771
vn 0.9023 0.1353 0.4092
vn 0.2594 -0.9272 0.2703
vn 0.1326 -0.1470 0.9802
vn 0.0067 -0.2867 0.9580
vn -0.0448 -0.1100 0.9929
vn -0.7846 -0.6158 -0.0722
vn -0.6101 -0.7215 0.3274
vn -0.1018 0.9876 0.1199
vn -0.1392 0.9713 0.1929
vn -0.0107 0.9730 0.2304
vn 0.0349 0.8896 0.4554
vn -0.0098 0.9487 0.3159
vn -0.2248 0.8585 0.4610
vn -0.0005 0.6997 0.7144
vn -0.4460 0.7574 0.4768
vn 0.1958 -0.8177 0.5414
vn -0.1060 0.6919 0.7142
vn -0.8227 -0.2824 -0.4933
vn -0.7747 -0.0625 -0.6293
vn -0.3828 0.4100 0.8279
vn -0.1156 0.4871 0.8657
vn -0.8325 -0.5288 -0.1655
vn -0.8714 -0.2451 -0.4249
vn -0.1440 -0.3634 0.9205
vn -0.8829 -0.3672 0.2927
vn -0.2908 -0.3842 0.8763
vn -0.3516 -0.2584 0.8998
vn -0.3053 -0.2796 0.9103
vn -0.3127 -0.1159 0.9428
vn -0.5914 -0.2878 0.7533
vn -0.2486 -0.0930 0.9641
vn 0.3518 -0.4758 0.8061
vn 0.1066 -0.8777 0.4672
vn -0.1429 -0.3424 0.9286
vn -0.1792 -0.2580 0.9494
vn 0.3171 -0.8442 0.4322
vn -0.1542 -0.7732 0.6151
vn -0.1444 -0.7576 0.6366
vn -0.1384 -0.8247 0.5483
vn 0.2707 -0.9623 -0.0272
vn 0.3378 -0.9408 -0.0278
vn 0.1064 -0.9146 0.3902
vn 0.1026 -0.8929 -0.4384
vn -0.4922 -0.7862 0.3737
vn -0.3719 -0.8189 -0.4371
vn 0.0372 -0.9166 0.3982
vn -0.0428 -0.7803 0.6240
vn 0.0297 -0.8149 0.5788
vn 0.0730 -0.7818 0.6193
vn 0.0846 -0.8079 0.5832
vn -0.6080 -0.7935 -0.0264
vn -0.3780 -0.8383 0.3928
vn -0.0678 -0.9401 0.3341
vn -0.1064 -0.9146 0.3902
vn -0.3378 -0.9408 -0.0279
vn 0.9216 0.2316 -0.3115
vn 0.9535 0.1837 -0.2391
vn 0.9447 0.1434 -0.2950
vn 0.9809 -0.1714 -0.0925
vn 0.6003 0.6623 -0.4482
vn 0.4474 0.5954 -0.6673
vn -0.1026 -0.8929 -0.4384
vn 0.4421 0.3504 -0.8257
vn 0.3780 -0.8383 0.3928
vn 0.6080 -0.7935 -0.0264
vn 0.6359 0.2276 -0.7374
vn 0.5763 0.0903 -0.8123
vn 0.4424 0.1342 -0.8867
vn 0.3719 -0.8189 -0.4371
vn 0.8703 0.2136 0.4437
vn 0.7696 -0.1207 0.6270
vn 0.7693 0.3186 0.5538
vn 0.9218 0.0027 0.3877
vn 0.9095 0.2116 0.3578
vn 0.9349 0.0653 0.3488
vn -0.1621 -0.4990 -0.8513
vn -0.3227 -0.7619 -0.5616
vn -0.3650 -0.2577 -0.8946
vn -0.2432 -0.7011 -0.6703
vn -0.1819 -0.8406 -0.5101
vn -0.1816 -0.8417 -0.5086
vn -0.1786 -0.8228 -0.5395
vn -0.1185 -0.8573 -0.5011
vn -0.3780 -0.2274 -0.8974
vn 0.9610 -0.1709 0.2175
vn 0.8820 -0.1348 0.4515
vn 0.8753 -0.2067 0.4373
vn 0.8059 -0.3601 0.4699
vn 0.5487 -0.1233 0.8268
vn -0.4544 -0.4805 -0.7501
vn -0.6479 -0.1424 -0.7483
vn -0.1243 -0.3361 0.9336
vn 0.1604 -0.6828 0.7128
vn -0.2408 -0.1490 0.9591
vn -0.5954 0.1127 -0.7955
vn -0.4599 0.2168 -0.8611
vn -0.4884 0.0684 -0.8699
vn -0.4010 0.0999 -0.9106
vn -0.7148 -0.0573 -0.6970
vn -0.5954 0.0816 -0.7993
vn -0.7426 -0.2498 -0.6214
vn 0.1986 -0.1022 0.9747
vn -0.9308 0.2301 -0.2839
vn -0.2461 0.7893 -0.5625
vn -0.4850 0.5546 -0.6761
vn -0.4601 0.5957 -0.6583
vn -0.4569 0.5947 -0.6615
vn -0.1549 0.1977 0.9680
vn 0.0718 0.2982 0.9518
vn 0.7651 0.0638 0.6407
vn -0.5709 0.6999 -0.4292
vn -0.4880 0.4458 -0.7504
vn -0.6612 0.3055 -0.6852
vn -0.4579 0.4114 -0.7881
vn -0.4848 0.5941 -0.6419
vn -0.3751 -0.3968 0.8377
vn -0.7351 0.0147 0.6778
vn -0.6934 0.0148 0.7204
vn -0.3455 0.9343 -0.0877
vn -0.0125 0.9999 -0.0093
vn 0.0604 0.9963 -0.0614
vn -0.0266 0.9614 -0.2740
vn -0.5180 -0.4947 0.6979
vn -0.2612 0.9646 -0.0363
vn -0.0812 0.8906 -0.4475
vn 0.0122 0.9525 -0.3043
vn -0.0542 0.9694 -0.2393
vn -0.4198 0.3252 0.8473
vn -0.1857 -0.8872 0.4224
vn -0.0126 -0.9295 0.3686
vn 0.0891 -0.9661 0.2422
vn -0.0434 0.9856 0.1631
vn -0.2440 -0.6810 0.6904
vn -0.2410 -0.7817 0.5753
vn -0.2845 -0.6759 0.6799
vn 0.0245 0.9578 -0.2865
vn -0.2730 -0.3220 0.9065
vn -0.7133 0.0157 0.7007
vn -0.3267 0.9352 -0.1366
vn -0.5495 0.8353 -0.0188
vn -0.7280 0.6844 0.0406
vn -0.5789 -0.5275 0.6218
vn -0.7211 0.0386 0.6917
vn -0.9271 0.2927 -0.2340
vn -0.9330 0.2718 -0.2359
vn -0.5265 0.8495 0.0334
vn -0.4295 0.9026 -0.0286
vn -0.5341 0.5501 0.6420
vn -0.9181 0.3262 -0.2250
vn 0.0321 -0.7646 0.6437
vn -0.6142 -0.7831 0.0978
vn -0.1736 -0.7760 0.6064
vn -0.7796 0.3754 0.5014
vn -0.8638 0.4862 0.1321
vn -0.8443 -0.5199 0.1298
vn -0.6814 0.6670 0.3014
vn -0.8326 0.3351 0.4409
vn 0.0312 -0.8639 0.5026
vn 0.4693 -0.8772 -0.1015
vn 0.3544 -0.9254 0.1341
vn 0.3811 -0.9225 -0.0616
vn 0.0339 -0.8950 0.4448
vn 0.0549 -0.8662 0.4967
vn -0.0051 -0.9013 0.4333
vn 0.0864 -0.8694 0.4866
vn 0.0175 -0.8563 0.5163
vn -0.0497 -0.8317 0.5529
vn -0.1775 -0.8277 -0.5323
vn 0.3162 -0.9106 -0.2660
vn 0.4091 -0.9047 0.1194
vn 0.0839 -0.8527 0.5157
vn 0.1118 -0.7938 0.5978
vn -0.0562 -0.7979 0.6002
vn -0.0064 -0.7855 0.6189
vn 0.1198 -0.8129 0.5699
vn -0.0331 -0.8589 0.5111
vn 0.0532 -0.8529 0.5194
vn 0.8368 -0.5467 0.0300
vn 0.7397 -0.6078 -0.2887
vn 0.8657 -0.4258 -0.2630
vn 0.1536 -0.7603 0.6312
vn 0.0540 -0.7953 0.6038
vn 0.5866 -0.7231 -0.3647
vn 0.4034 -0.5665 0.7186
vn -0.2732 -0.6856 0.6748
vn -0.2572 -0.9382 0.2316
vn -0.2782 -0.8879 0.3665
vn -0.0291 -0.8870 0.4608
vn 0.4169 -0.6508 -0.6346
vn -0.0426 -0.9986 -0.0302
vn -0.4128 -0.5479 0.7276
vn -0.1009 -0.8031 0.5873
vn -0.0587 -0.7661 0.6401
vn -0.3783 -0.5063 0.7749
vn -0.5266 -0.8387 0.1388
vn -0.0559 -0.7212 0.6904
vn -0.0079 -0.7724 0.6351
vn -0.7374 -0.4252 0.5248
vn -0.1201 -0.8312 0.5428
vn -0.7748 0.2192 0.5929
vn -0.5893 0.7206 0.3653
vn -0.3936 0.0877 0.9151
vn -0.6797 0.4463 0.5821
vn -0.1619 -0.7910 0.5900
vn -0.3516 -0.8093 0.4705
vn 0.0067 0.9964 -0.0848
vn 0.3969 0.6920 -0.6030
vn 0.3119 0.9020 0.2987
vn -0.1260 -0.8002 0.5864
vn -0.0863 -0.7764 0.6243
vn -0.1601 -0.8143 0.5580
vn -0.4254 0.3365 0.8401
vn 0.0732 -0.4876 0.8700
vn -0.2201 -0.5511 0.8049
vn 0.2043 -0.6420 0.7390
vn -0.1326 -0.7375 0.6622
vn 0.0258 0.8664 0.4987
vn 0.0418 0.7883 0.6138
vn 0.2862 0.8006 0.5264
vn -0.3576 -0.7085 0.6083
vn -0.1775 -0.7787 0.6017
vn -0.5968 -0.6222 0.5066
vn -0.4336 -0.7144 0.5493
vn -0.8435 -0.2842 0.4557
vn -0.7308 -0.6443 0.2256
vn 0.0080 0.7359 0.6771
vn -0.8983 -0.4063 0.1674
vn -0.1440 0.4676 0.8721
vn -0.4745 -0.7081 0.5229
vn -0.3435 -0.6140 0.7107
vn -0.3741 0.3241 0.8689
vn -0.5322 -0.6976 0.4797
vn -0.4730 0.5493 0.6889
vn -0.2824 0.6243 0.7284
vn -0.2919 0.7203 0.6293
vn 0.0038 -0.9542 0.2990
vn 0.0157 -0.9341 0.3567
vn 0.2219 -0.9632 0.1517
vn 0.0565 -0.8825 0.4670
vn -0.1195 -0.7735 0.6224
vn 0.0598 -0.8894 0.4532
vn -0.1771 0.7923 0.5839
vn -0.0788 0.9174 0.3901
vn 0.1928 -0.9662 0.1711
vn -0.0258 -0.9339 0.3567
vn 0.1206 -0.9805 0.1553
vn -0.5964 -0.5736 0.5616
vn -0.5824 -0.5921 0.5569
vn -0.6927 -0.6243 0.3610
vn -0.7763 -0.4110 0.4780
vn -0.9281 -0.3469 0.1356
vn 0.4621 0.8836 -0.0754
vn 0.3553 0.9250 0.1349
vn 0.4164 0.9083 -0.0402
vn -0.1757 -0.8907 0.4192
vn -0.3481 -0.6933 0.6310
vn -0.9313 -0.3355 0.1416
vn -0.9659 -0.2228 0.1319
vn -0.9953 -0.0944 -0.0219
vn -0.9728 -0.1975 0.1209
vn -0.9832 -0.0865 -0.1608
vn -0.9901 -0.1074 -0.0907
vn -0.9844 -0.1029 -0.1426
vn 0.1442 0.9733 0.1787
vn -0.9790 -0.0868 -0.1843
vn -0.9814 -0.1095 -0.1578
vn -0.9842 -0.0933 -0.1503
vn -0.9708 -0.2391 -0.0199
vn -0.9420 -0.3340 0.0338
vn -0.9703 -0.1180 0.2114
vn 0.1516 0.7455 -0.6490
vn -0.9214 -0.0335 0.3873
vn -0.7953 -0.2762 0.5397
vn 0.6497 0.7601 -0.0022
vn -0.9143 -0.2795 0.2931
vn -0.7664 -0.4961 0.4081
vn 0.7278 0.6005 -0.3313
vn 0.8791 0.4008 -0.2578
vn -0.8154 -0.5746 0.0707
vn -0.8776 -0.4576 -0.1425
vn 0.6878 0.3224 -0.6504
vn -0.8913 -0.1110 0.4396
vn -0.9496 -0.1969 -0.2439
vn -0.9323 -0.1717 -0.3183
vn -0.9812 -0.0675 -0.1806
vn -0.8413 0.1491 0.5196
vn -0.8540 0.0727 0.5152
vn -0.8699 0.2146 0.4441
vn -0.9352 0.0662 0.3479
vn -0.9029 0.2803 0.3259
vn -0.4154 0.1085 0.9032
vn -0.8994 -0.3948 -0.1876
vn -0.9326 -0.3518 0.0801
vn -0.9320 -0.3108 0.1864
vn -0.7854 -0.4828 0.3874
vn -0.8816 -0.2845 0.3767
vn -0.7009 -0.2983 0.6479
vn -0.8748 -0.2068 0.4381
vn -0.2235 -0.1214 0.9671
vn -0.6696 -0.7006 0.2465
vn -0.8631 -0.5032 -0.0434
vn -0.9011 0.1241 0.4154
vn -0.8224 -0.1543 0.5475
vn -0.1797 -0.4542 0.8726
vn -0.7913 -0.6115 -0.0055
vn -0.7381 -0.6746 0.0111
vn -0.0740 0.2974 0.9519
vn 0.0073 0.5463 0.8376
vn -0.1997 -0.1027 0.9745
vn -0.7645 0.0630 0.6415
vn 0.1475 0.2095 0.9666
vn -0.4721 -0.8783 0.0760
vn -0.4903 -0.8665 -0.0935
vn -0.3237 -0.9143 -0.2434
vn 0.0242 -0.9993 -0.0271
vn 0.7359 0.0146 0.6769
vn 0.6956 0.0148 0.7183
vn 0.4210 0.3259 0.8465
vn 0.3782 -0.3957 0.8369
vn 0.1598 -0.9780 -0.1340
vn 0.5154 -0.4948 0.6996
vn 0.0444 -0.9981 -0.0435
vn -0.3848 -0.8997 -0.2059
vn -0.3938 -0.9176 0.0544
vn 0.1011 -0.9049 0.4134
vn -0.0901 -0.9661 0.2421
vn 0.0118 -0.9295 0.3686
vn 0.2412 -0.7823 0.5742
vn 0.2442 -0.6811 0.6903
vn -0.1868 -0.9777 0.0957
vn 0.0677 -0.9973 -0.0297
vn 0.2852 -0.6756 0.6799
vn 0.0379 -0.9935 -0.1069
vn 0.4006 -0.2850 0.8708
vn 0.6077 -0.2313 0.7597
vn -0.0146 -0.9986 0.0501
vn 0.5310 -0.6018 0.5966
vn 0.0543 -0.9964 0.0650
vn 0.1068 -0.9872 0.1181
vn 0.0754 -0.9942 -0.0773
vn 0.6712 -0.1386 0.7282
vn -0.1466 -0.9813 0.1249
vn 0.6329 -0.5413 0.5535
vn 0.8439 -0.5203 0.1310
vn 0.6148 -0.7827 0.0972
vn 0.2004 -0.7301 0.6533
vn -0.0314 -0.8640 0.5025
vn -0.3196 -0.9220 0.2186
vn -0.5671 -0.8158 0.1137
vn -0.2622 -0.9625 0.0693
vn -0.7761 -0.6227 -0.0997
vn -0.3542 -0.9255 0.1343
vn -0.4694 -0.8772 -0.1012
vn -0.4482 -0.8815 -0.1488
vn -0.0567 -0.8800 0.4715
vn -0.6862 -0.7011 0.1941
vn -0.7336 -0.6724 0.0988
vn 0.2837 -0.8523 -0.4395
vn -0.1758 -0.7288 -0.6618
vn -0.6574 -0.7136 -0.2420
vn -0.7396 -0.6078 -0.2890
vn -0.8663 -0.4249 -0.2628
vn -0.4155 -0.6512 -0.6351
vn -0.8791 -0.0999 -0.4660
vn -0.3833 0.6505 -0.6557
vn -0.0853 0.3728 -0.9240
vn -0.4897 0.3532 -0.7972
vn -0.4709 0.3869 -0.7928
vn 0.0433 -0.9985 -0.0322
vn 0.2122 0.5259 -0.8236
vn 0.1628 0.5647 -0.8091
vn 0.0762 0.6979 -0.7121
vn 0.1182 0.5143 -0.8494
vn 0.5270 -0.8384 0.1391
vn 0.8183 -0.2167 -0.5324
vn 0.6479 -0.4313 -0.6279
vn 0.7027 -0.0018 -0.7115
vn 0.7755 0.2188 0.5922
vn 0.7373 -0.4245 0.5256
vn 0.4928 -0.3085 -0.8136
vn 0.4717 -0.2747 -0.8379
vn -0.8865 0.4475 -0.1182
vn -0.3949 0.6914 -0.6050
vn -0.6815 0.3609 -0.6366
vn -0.9463 0.2369 -0.2202
vn -0.7386 0.5890 -0.3280
vn -0.5187 -0.0168 -0.8548
vn -0.3824 0.2518 -0.8890
vn -0.4003 0.2071 -0.8927
vn -0.8656 0.4987 0.0464
vn -0.9514 0.2465 -0.1846
vn -0.3725 0.8165 -0.4411
vn -0.0059 0.9963 -0.0862
vn 0.0858 -0.2887 -0.9536
vn 0.0977 -0.2894 -0.9522
vn 0.1583 -0.4689 -0.8690
vn 0.1104 -0.5177 -0.8484
vn 0.1339 -0.4904 -0.8612
vn -0.0336 -0.6650 -0.7461
vn -0.0918 -0.5807 -0.8089
vn -0.2546 -0.6907 -0.6769
vn 0.6561 0.5581 0.5080
vn 0.2060 0.6808 0.7029
vn 0.5894 0.7207 0.3650
vn -0.6193 0.7820 -0.0697
vn -0.2163 -0.3782 -0.9001
vn -0.5558 -0.4923 -0.6699
vn -0.5347 -0.2139 -0.8175
vn -0.5568 -0.2562 -0.7901
vn -0.1478 0.0370 0.9883
vn -0.1416 0.0571 0.9883
vn -0.1727 0.1135 0.9784
vn -0.1033 0.0133 0.9946
vn 0.1892 0.4387 0.8785
vn -0.0853 0.1522 0.9847
vn -0.0605 0.1060 0.9925
vn -0.0390 0.1611 0.9862
vn -0.0330 0.1350 0.9903
vn -0.0156 0.1737 0.9847
vn -0.0260 0.1763 0.9840
vn -0.0060 0.7582 0.6520
vn -0.4286 0.7720 0.4693
vn 0.0362 0.7123 0.7009
vn 0.2342 0.6879 0.6870
vn -0.8033 0.5666 0.1834
vn -0.8834 0.3912 0.2578
vn -0.9126 0.4035 0.0657
vn -0.9182 0.3895 0.0720
vn -0.4187 0.8064 0.4176
vn -0.7773 0.6001 0.1890
vn 0.1997 0.2882 0.9365
vn 0.2105 0.2928 0.9327
vn 0.4112 0.1790 0.8938
vn 0.3392 0.1610 0.9268
vn 0.4657 0.3039 0.8311
vn 0.4127 0.4765 0.7763
vn 0.4412 0.2269 0.8683
vn 0.5421 0.4433 0.7139
vn 0.5194 0.5410 0.6615
vn 0.1543 0.4662 0.8711
vn 0.4724 0.5483 0.6901
vn 0.2834 0.6690 0.6872
vn 0.6056 0.4331 0.6676
vn 0.6142 0.4328 0.6599
vn 0.5960 0.3089 0.7412
vn 0.5125 0.4844 0.7090
vn 0.3691 0.3023 0.8789
vn 0.1885 0.3931 0.8999
vn 0.3372 0.4528 0.8254
vn 0.2933 0.7204 0.6285
vn 0.2231 0.5016 0.8358
vn 0.7884 -0.2858 -0.5448
vn 0.6786 -0.4775 -0.5581
vn 0.7083 -0.4382 -0.5534
vn 0.1759 0.7922 0.5844
vn 0.0785 0.9177 0.3895
vn 0.7426 -0.2739 -0.6112
vn -0.1447 0.9732 0.1789
vn 0.7120 -0.4446 -0.5435
vn -0.7203 0.6443 0.2571
vn -0.8493 0.4937 0.1871
vn -0.7084 0.4368 0.5545
vn -0.6612 0.6253 0.4145
vn -0.3552 0.9250 0.1347
vn -0.4620 0.8836 -0.0759
vn -0.6839 0.7038 0.1923
vn -0.4598 0.8514 0.2525
vn 0.0419 0.9915 0.1232
vn 0.1517 0.9490 0.2763
vn 0.3628 0.7389 0.5678
vn 0.2552 0.5813 0.7726
vn 0.0483 0.7523 0.6571
vn -0.0359 0.4374 0.8985
vn 0.0292 0.4016 0.9154
vn -0.0300 0.3576 0.9334
vn -0.7276 0.6001 -0.3323
vn -0.8788 0.4015 -0.2580
vn 0.7644 -0.2290 -0.6027
vn -0.1877 -0.5361 -0.8230
vn 0.2607 -0.8954 -0.3609
vn 0.3144 0.2396 -0.9186
vn -0.5472 -0.2681 -0.7929
vn 0.2228 0.0902 -0.9707
vn -0.4420 -0.0315 -0.8965
vn 0.1279 0.9087 0.3973
vn 0.1440 0.9181 0.3694
vn 0.1173 0.8956 0.4290
vn 0.1833 -0.6557 -0.7324
vn 0.2164 -0.5633 -0.7974
vn -0.1378 -0.4730 -0.8702
vn 0.0883 0.9211 0.3792
vn 0.1185 0.9328 0.3404
vn 0.2497 -0.0306 -0.9678
vn 0.1353 0.9077 0.3973
vn 0.1946 0.8722 0.4487
vn 0.1279 0.9139 0.3852
vn 0.1947 0.8722 0.4487
vn 0.1906 0.8106 0.5537
vn 0.4902 0.6826 0.5421
vn 0.7526 0.1154 0.6483
vn 0.9759 -0.1606 -0.1475
vn 0.5034 -0.2910 0.8136
vn 0.9437 -0.2307 -0.2371
vn 0.6049 -0.2309 0.7621
vn -0.2330 -0.2188 -0.9475
vn 0.0392 -0.5516 -0.8332
vn -0.5713 -0.1843 -0.7998
vn 0.0580 -0.7361 -0.6743
vn 0.4754 0.8744 -0.0973
vn -0.0626 -0.2036 -0.9771
vn 0.1166 -0.5836 -0.8036
vn 0.5970 -0.2728 0.7544
vn 0.5848 -0.7621 0.2778
vn 0.5295 -0.7806 -0.3321
vn 0.2220 -0.8636 0.4526
vn 0.0112 -0.8810 0.4730
vn -0.0119 -0.5061 -0.8624
vn 0.7646 -0.6099 -0.2081
vn -0.2980 -0.1750 -0.9384
vn -0.3006 -0.1634 -0.9396
vn 0.1963 0.0565 -0.9789
vn 0.1494 0.0382 -0.9880
vn 0.8196 -0.4099 -0.4004
vn -0.0597 -0.1997 -0.9780
vn -0.0435 -0.1669 -0.9850
vn 0.9677 -0.0256 -0.2508
vn 0.8859 0.4481 -0.1203
vn 0.7243 0.6888 0.0295
vn 0.4389 0.8968 0.0564
vn 0.0826 0.8856 0.4570
vn 0.0385 -0.1388 -0.9896
vn -0.0485 -0.2763 -0.9598
vn -0.0257 -0.2550 -0.9666
vn -0.0366 -0.3757 -0.9260
vn -0.0625 -0.4047 -0.9123
vn 0.3930 0.9167 -0.0720
vn 0.0054 -0.4349 -0.9005
vn 0.0416 -0.4051 -0.9133
vn 0.8434 -0.2092 0.4949
vn 0.9444 0.2246 0.2401
vn 0.8161 0.2762 0.5077
vn 0.2713 0.8486 0.4541
vn 0.1204 0.8952 0.4291
vn 0.9715 -0.0104 0.2367
vn 0.7353 -0.5610 0.3804
vn 0.5614 -0.7721 0.2977
vn 0.6699 -0.5138 0.5359
vn 0.5079 -0.7619 0.4020
vn 0.5064 -0.8197 0.2676
vn -0.3323 -0.8514 0.4058
vn 0.1831 -0.9303 0.3179
vn 0.0171 -0.9730 0.2302
vn 0.5037 -0.8188 -0.2754
vn 0.6060 -0.7732 0.1871
vn 0.0416 -0.9935 -0.1061
vn -0.0844 -0.9832 -0.1616
vn -0.4253 -0.8925 -0.1502
vn 0.1735 -0.9363 0.3053
vn 0.0763 -0.9836 0.1636
vn 0.0749 -0.8954 0.4389
vn 0.2154 -0.8627 0.4575
vn 0.0538 -0.9178 0.3933
vn 0.3379 -0.9039 0.2622
vn 0.8611 -0.1736 -0.4779
vn 0.4605 -0.8805 -0.1125
vn 0.7443 0.4177 0.5212
vn -0.2642 -0.9008 0.3445
vn -0.3554 -0.9176 0.1782
vn 0.2414 -0.9473 -0.2108
vn 0.1239 -0.7897 0.6008
vn -0.0447 -0.8597 0.5089
vn -0.3722 -0.9124 -0.1700
vn 0.2063 -0.9343 0.2906
vn 0.2181 -0.8081 0.5471
vn 0.0776 -0.8046 0.5887
vn 0.1819 -0.8739 0.4509
vn 0.0715 -0.8185 0.5701
vn 0.1313 -0.7570 0.6401
vn 0.1445 -0.8434 0.5176
vn 0.2117 -0.7945 0.5691
vn 0.6368 -0.5366 -0.5536
vn 0.9586 -0.2480 -0.1397
vn -0.2998 -0.6647 0.6843
vn -0.8859 0.0528 0.4609
vn -0.3337 -0.6026 0.7249
vn -0.4316 -0.5056 0.7471
vn 0.7446 -0.6237 -0.2376
vn -0.5144 -0.3233 0.7943
vn 0.9862 0.1307 -0.1011
vn -0.5557 -0.0638 0.8289
vn 0.8375 -0.0567 0.5434
vn -0.6091 0.2137 0.7638
vn -0.6133 0.3443 0.7109
vn -0.6066 0.3756 0.7007
vn 0.6758 -0.7092 -0.2008
vn 0.9928 -0.0231 -0.1172
vn 0.9970 -0.0750 -0.0211
vn -0.7327 0.0662 0.6773
vn -0.9023 0.1353 0.4092
vn 0.9233 0.2391 -0.3007
vn 0.1018 0.9876 0.1199
vn 0.0097 0.9730 0.2306
vn 0.1396 0.9710 0.1939
vn -0.0349 0.8896 0.4554
vn 0.0092 0.9482 0.3175
vn 0.2216 0.8592 0.4612
vn -0.0008 0.7014 0.7128
vn 0.4442 0.7573 0.4788
vn 0.1048 0.6916 0.7147
vn 0.6744 0.6205 0.4002
vn 0.5940 0.7838 0.1813
vn 0.4912 0.6511 0.5786
vn 0.3807 0.4108 0.8284
vn -0.1140 0.9719 0.2059
vn 0.0497 0.9037 0.4253
vn 0.1414 0.9882 0.0590
vn -0.1595 0.9336 0.3207
vn 0.1156 0.4871 0.8657
vn 0.1707 0.9052 0.3892
vn 0.2982 0.9094 0.2900
vn 0.7329 0.6770 -0.0676
vn 0.1429 -0.3424 0.9286
vn 0.1807 -0.2574 0.9493
vn 0.3885 -0.2651 0.8825
vn 0.3026 -0.2813 0.9107
vn 0.3372 -0.0672 0.9390
vn 0.3137 -0.1154 0.9425
vn 0.5912 -0.2885 0.7532
vn 0.2462 -0.0934 0.9647
vn -0.3514 -0.4774 0.8054
vn -0.5351 -0.3761 -0.7564
vn -0.1833 -0.6557 -0.7324
vn 0.1378 -0.4730 -0.8702
vn -0.2164 -0.5633 -0.7974
vn -0.2497 -0.0306 -0.9678
vn 0.4914 -0.7861 0.3750
vn -0.0449 -0.7396 0.6716
vn -0.0197 -0.9744 0.2239
vn 0.1411 -0.7594 0.6351
vn 0.1670 -0.7515 0.6382
vn 0.1352 -0.8244 0.5496
vn -0.2228 0.0903 -0.9707
vn 0.4419 -0.0313 -0.8965
vn 0.0395 -0.7802 0.6242
vn -0.0738 -0.7832 0.6174
vn -0.0307 -0.8147 0.5790
vn 0.2329 -0.2188 -0.9476
vn -0.0809 -0.8083 0.5832
vn -0.6408 -0.2627 -0.7214
vn 0.5712 -0.1844 -0.7999
vn -0.0397 -0.5517 -0.8331
vn -0.9417 0.1481 -0.3021
vn -0.9027 0.4258 -0.0621
vn -0.9517 0.1893 -0.2419
vn -0.3874 0.2959 -0.8731
vn -0.4426 0.5996 -0.6668
vn -0.6417 0.2666 -0.7191
vn -0.5794 0.2324 -0.7812
vn -0.5023 0.2674 -0.8223
vn -0.9225 0.2280 -0.3115
vn 0.0380 0.1780 -0.9833
vn -0.1170 -0.5837 -0.8035
vn 0.0114 -0.5061 -0.8624
vn -0.4424 0.1342 -0.8867
vn -0.1963 0.0565 -0.9789
vn 0.3006 -0.1638 -0.9396
vn 0.0435 -0.1669 -0.9850
vn 0.0597 -0.1997 -0.9780
vn 0.1576 -0.8769 -0.4541
vn 0.1605 -0.5021 -0.8498
vn -0.0777 -0.8599 -0.5045
vn 0.3228 -0.7614 -0.5622
vn 0.7737 -0.2022 -0.6004
vn 0.4022 -0.2175 -0.8893
vn 0.3789 -0.2298 -0.8964
vn 0.2978 -0.1754 -0.9384
vn 0.1856 -0.8399 -0.5101
vn 0.1849 -0.8394 -0.5111
vn -0.1494 0.0382 -0.9880
vn -0.0385 -0.1388 -0.9896
vn 0.4545 -0.4765 -0.7526
vn 0.6479 -0.1424 -0.7483
vn 0.0366 -0.3757 -0.9260
vn 0.0257 -0.2550 -0.9666
vn -0.0181 -0.3666 -0.9302
vn 0.0621 -0.4048 -0.9123
vn 0.5954 0.1127 -0.7955
vn 0.4882 0.0720 -0.8697
vn 0.4613 0.2132 -0.8612
vn -0.0416 -0.4051 -0.9133
vn 0.4048 0.0998 -0.9089
vn 0.7146 -0.0565 -0.6973
vn 0.5957 0.0825 -0.7989
vn 0.7426 -0.2498 -0.6214
vn 0.5699 -0.2416 -0.7854
vn 0.2516 0.7862 -0.5644
vn 0.0485 -0.2762 -0.9599
vn 0.5710 0.7005 -0.4282
vn 0.4892 0.4483 -0.7481
vn 0.6559 0.3178 -0.6847
vn 0.5645 0.5320 -0.6312
vn 0.4733 0.5169 -0.7133
vn 0.4628 0.5973 -0.6550
vn 0.4578 0.5946 -0.6610
vn -0.8444 -0.2077 0.4938
vn -0.8159 0.2760 0.5081
vn -0.9081 -0.0514 0.4155
vn -0.8078 -0.2796 0.5190
vn -0.7351 -0.5611 0.3805
vn -0.6693 -0.5135 0.5370
vn -0.5546 -0.7730 0.3081
vn -0.5078 -0.7621 0.4018
vn 0.4848 0.5941 -0.6418
vn -0.2654 -0.7765 0.5715
vn -0.0171 -0.9730 0.2302
vn -0.1737 -0.9363 0.3052
vn -0.1824 -0.9299 0.3193
vn 0.0471 0.9855 0.1631
vn 0.0533 0.9884 0.1425
vn 0.3449 0.9345 -0.0882
vn 0.2703 0.9163 -0.2956
vn -0.0027 0.9793 -0.2022
vn 0.2296 0.8651 -0.4461
vn 0.2007 0.8442 -0.4970
vn -0.0123 0.9526 -0.3040
vn -0.2978 -0.9108 0.2858
vn 0.0542 0.9694 -0.2393
vn 0.3320 -0.8513 0.4062
vn -0.0208 0.9579 -0.2865
vn -0.8623 0.2373 0.4473
vn -0.0753 -0.9612 0.2653
vn 0.3262 0.9356 -0.1352
vn 0.7281 0.6843 0.0406
vn 0.5496 0.8352 -0.0189
vn 0.9340 0.2682 -0.2359
vn 0.9261 0.2953 -0.2347
vn -0.7443 0.4177 0.5211
vn -0.2414 -0.9472 -0.2108
vn 0.3559 -0.9174 0.1780
vn 0.2642 -0.9008 0.3445
vn 0.9180 0.3264 -0.2253
vn 0.7107 0.6909 0.1326
vn 0.5219 0.8126 0.2594
vn 0.4799 -0.8568 -0.1887
vn 0.3723 -0.9122 -0.1710
vn 0.4323 0.6926 0.5775
vn 0.6817 0.6662 0.3024
vn -0.6364 -0.5369 -0.5538
vn -0.2061 -0.9343 0.2908
vn 0.9070 0.3771 0.1874
vn 0.9708 0.2237 0.0870
vn -0.6599 -0.6307 0.4084
vn 0.8312 0.3387 0.4409
vn -0.7446 -0.6234 -0.2386
vn -0.9927 -0.0217 -0.1183
vn -0.6759 -0.7091 -0.2008
vn -0.9862 0.1315 -0.1004
vn -0.8095 -0.5779 0.1032
vn -0.0339 -0.8950 0.4448
vn 0.0061 -0.9012 0.4333
vn -0.0549 -0.8662 0.4967
vn -0.1048 -0.8480 0.5195
vn -0.0577 -0.8176 0.5729
vn -0.9970 -0.0740 -0.0227
vn -0.0174 -0.8569 0.5152
vn -0.0822 -0.8413 0.5343
vn -0.6753 0.6191 0.4008
vn -0.9236 0.2371 -0.3013
vn -0.8295 0.5557 0.0557
vn -0.4907 0.6516 0.5784
vn -0.1118 -0.7938 0.5978
vn -0.0660 -0.7614 0.6450
vn 0.0053 -0.7697 0.6384
vn -0.0540 -0.7953 0.6038
vn -0.0125 -0.8091 0.5876
vn -0.1212 -0.8136 0.5686
vn -0.0319 -0.8227 0.5676
vn -0.2369 -0.8028 0.5472
vn -0.1074 -0.8493 0.5168
vn -0.4035 -0.5658 0.7190
vn -0.1400 0.9885 0.0580
vn -0.7329 0.6769 -0.0679
vn -0.0504 0.9032 0.4263
vn -0.2115 0.9700 0.1199
vn 0.1595 0.9336 0.3207
vn -0.0451 -0.8082 0.5872
vn 0.1148 -0.8918 0.4376
vn 0.2572 -0.9382 0.2316
vn -0.2982 0.9094 0.2900
vn -0.1744 0.9045 0.3892
vn 0.3714 -0.5080 0.7772
vn 0.4096 -0.5473 0.7298
vn 0.0983 -0.8011 0.5904
vn -0.7189 -0.5055 -0.4771
vn -0.5828 -0.4763 -0.6584
vn -0.5881 -0.4310 -0.6844
vn 0.0586 -0.7661 0.6401
vn 0.0751 -0.7937 0.6037
vn -0.6768 -0.3566 -0.6440
vn -0.7625 -0.4602 -0.4547
vn 0.0314 -0.7285 0.6843
vn -0.7585 -0.3793 -0.5299
vn -0.7240 -0.2838 -0.6288
vn -0.8254 -0.1740 -0.5371
vn -0.6053 -0.5837 -0.5412
vn -0.6165 -0.5580 -0.5554
vn -0.5509 -0.5568 -0.6217
vn -0.0025 -0.7646 0.6445
vn 0.0789 -0.7729 0.6296
vn 0.0872 -0.7768 0.6236
vn 0.1274 -0.7421 0.6580
vn 0.1331 -0.7384 0.6610
vn -0.2040 -0.6436 0.7377
vn -0.5467 -0.5974 -0.5867
vn 0.2213 -0.5533 0.8031
vn -0.0695 -0.4881 0.8700
vn -0.4647 -0.7129 -0.5252
vn -0.0434 -0.6587 -0.7512
vn -0.0371 -0.6910 -0.7219
vn -0.1021 -0.9602 -0.2601
vn -0.5045 -0.8528 -0.1350
vn -0.3748 -0.9271 -0.0054
vn 0.3563 -0.7111 0.6062
vn 0.4544 -0.7112 0.5363
vn 0.5681 -0.5850 0.5788
vn 0.5964 -0.6217 0.5078
vn 0.8443 -0.2830 0.4550
vn 0.7311 -0.6443 0.2244
vn -0.2217 -0.9626 0.1559
vn -0.4524 -0.8374 -0.3069
vn -0.1012 -0.9775 0.1852
vn -0.6305 -0.7569 -0.1719
vn -0.6483 -0.7606 -0.0335
vn 0.8967 -0.4097 0.1674
vn 0.3433 -0.6144 0.7104
vn 0.5208 -0.6547 0.5479
vn -0.7079 -0.7039 -0.0591
vn -0.0546 -0.5857 0.8087
vn -0.0249 -0.8191 0.5731
vn 0.1533 -0.6521 0.7424
vn 0.3515 -0.8091 0.4710
vn 0.2084 -0.8239 0.5270
vn 0.0336 -0.9407 0.3375
vn 0.1201 -0.8312 0.5429
vn 0.2272 -0.8663 0.4448
vn 0.1410 -0.9126 0.3838
vn 0.3551 -0.7559 0.5500
vn 0.5322 -0.6976 0.4797
vn 0.1967 -0.8481 0.4919
vn 0.5572 -0.6554 0.5099
vn 0.2895 -0.8290 0.4785
vn -0.0038 -0.9542 0.2990
vn -0.2219 -0.9632 0.1517
vn -0.0157 -0.9341 0.3567
vn 0.3713 -0.6205 0.6907
vn 0.0038 -0.9360 0.3520
vn 0.0122 -0.9373 0.3484
vn 0.0359 -0.9291 0.3680
vn -0.0565 -0.8825 0.4670
vn -0.0598 -0.8894 0.4532
vn 0.3729 -0.7477 0.5495
vn 0.4687 -0.8218 0.3239
vn 0.6890 -0.6326 0.3536
vn 0.6320 -0.3029 0.7133
vn 0.1186 -0.7730 0.6232
vn 0.4002 -0.6827 0.6113
vn 0.3472 -0.6930 0.6319
vn 0.5829 -0.5918 0.5568
vn 0.8189 -0.3433 0.4600
vn 0.7767 -0.4105 0.4778
vn 0.9316 -0.3303 0.1517
vn 0.4009 -0.5651 0.7211
vn 0.4279 -0.3014 0.8521
vn 0.3873 -0.6413 0.6623
vn 0.4570 -0.2931 0.8398
vn 0.5218 -0.6919 0.4991
vn 0.9318 -0.3340 0.1424
vn 0.0548 -0.6686 0.7416
vn 0.2988 -0.3518 0.8871
vn 0.9661 -0.2225 0.1312
vn 0.9728 -0.1975 0.1209
vn 0.9954 -0.0932 -0.0224
vn 0.9864 -0.0744 -0.1469
vn 0.9831 -0.0845 -0.1626
vn 0.9822 -0.0676 -0.1751
vn 0.9843 -0.0936 -0.1498
vn 0.9791 -0.0878 -0.1835
vn 0.9794 -0.1180 -0.1641
vn 0.9811 -0.1098 -0.1593
vn 0.9703 -0.1181 0.2113
vn 0.8875 -0.1946 0.4177
vn 0.9417 -0.3346 0.0336
vn 0.2812 -0.8645 0.4167
vn 0.3028 -0.8051 0.5101
vn 0.3832 -0.8580 -0.3420
vn 0.6053 -0.5793 -0.5459
vn 0.7583 -0.4282 0.4915
vn 0.9309 -0.0909 0.3539
vn 0.8914 -0.1100 0.4397
vn 0.6844 -0.3312 -0.6495
vn 0.4341 -0.8957 -0.0965
vn 0.9143 -0.2795 0.2931
vn 0.7665 -0.4960 0.4080
vn 0.8147 -0.5754 0.0715
vn 0.8018 -0.5675 -0.1874
vn 0.7460 -0.3693 -0.5542
vn 0.9297 -0.3519 -0.1085
vn 0.5621 -0.3329 -0.7571
vn -0.1344 -0.9641 -0.2291
vn 0.6298 -0.6384 -0.4425
vn 0.6027 -0.7389 -0.3013
vn 0.2185 -0.9750 -0.0394
vn -0.1841 -0.9829 0.0006
vn 0.7255 -0.5623 -0.3968
vn 0.9040 -0.2438 -0.3513
vn 0.8900 -0.2368 -0.3897
vn 0.3233 -0.6952 -0.6420
vn -0.0337 -0.9983 -0.0471
vn 0.8964 -0.3080 -0.3186
vn 0.4674 -0.7726 0.4296
vn 0.9454 -0.3046 0.1157
vn 0.9516 -0.2931 0.0930
vn 0.8460 -0.4844 0.2228
vn 0.7551 -0.5765 -0.3121
vn 0.8566 -0.4750 0.2015
vn 0.9302 -0.3634 0.0515
vn 0.5656 -0.3855 -0.7290
vn 0.6331 -0.3599 -0.6853
vn 0.1742 -0.6826 -0.7097
vn 0.8997 -0.2813 -0.3338
vn 0.6194 -0.7575 -0.2063
vn 0.0542 -0.8989 -0.4348
vn 0.0963 -0.9883 -0.1184
vn 0.4721 -0.8782 0.0763
vn 0.6482 -0.7407 -0.1764
vn 0.9000 -0.4094 -0.1492
vn 0.2980 -0.9213 -0.2500
vn 0.6474 -0.5633 0.5134
vn 0.4305 -0.8590 -0.2770
vn 0.6268 -0.7329 0.2647
vn 0.6863 -0.7012 0.1930
vn 0.7338 -0.6719 0.1007
vn 0.3081 -0.9454 -0.1063
vn 0.4578 -0.3532 -0.8159
vn 0.5656 -0.8166 0.1152
vn 0.1733 -0.4408 -0.8807
vn 0.3556 -0.9324 0.0648
vn 0.1468 -0.9583 -0.2450
vn 0.1569 -0.5987 -0.7854
vn 0.0129 -0.7134 -0.7007
vn 0.9579 -0.2606 -0.1206
vn 0.1060 -0.9518 -0.2878
vn 0.1325 -0.9275 -0.3497
vn 0.1033 -0.7888 -0.6060
vn -0.0603 -0.6029 -0.7955
vn 0.2515 -0.9675 -0.0274
vn 0.1276 -0.9334 -0.3353
vn 0.2624 -0.8986 -0.3517
vn 0.0844 -0.9149 -0.3949
vn 0.0886 -0.9835 -0.1575
vn -0.1595 -0.9781 -0.1341
vn 0.0380 -0.9991 -0.0173
vn 0.9449 -0.2763 0.1753
vn 0.8915 -0.4335 0.1320
vn -0.0677 -0.9973 -0.0297
vn -0.0756 -0.9942 -0.0770
vn 0.0221 -0.9923 -0.1223
vn 0.1466 -0.9813 0.1249
vn 0.3212 -0.9216 0.2181
vn 0.6898 -0.6869 -0.2288
vn 0.1473 -0.9318 -0.3318
vn 0.8203 -0.4159 -0.3926
vn 0.1491 -0.9110 -0.3844
vn 0.4290 -0.7699 -0.4725
vn -0.0057 -0.9529 -0.3032
vn 0.0616 -0.9924 -0.1063
vn 0.8387 -0.3813 -0.3889
vn -0.1089 -0.6372 -0.7630
vn -0.0842 -0.7778 -0.6229
vn -0.5820 -0.7338 -0.3505
vn -0.0775 0.6977 -0.7122
vn 0.3834 0.6505 -0.6557
vn -0.1178 0.5134 -0.8500
vn 0.0853 0.3728 -0.9240
vn 0.4903 0.3534 -0.7967
vn -0.2087 0.5273 -0.8236
vn -0.2642 0.5237 -0.8099
vn 0.4733 0.3840 -0.7928
vn -0.8183 -0.2167 -0.5324
vn -0.7026 -0.0018 -0.7115
vn -0.6479 -0.4313 -0.6279
vn 0.4974 -0.7087 -0.5004
vn -0.4717 -0.2748 -0.8378
vn -0.4948 -0.3053 -0.8136
vn 0.5373 -0.6982 -0.4731
vn 0.8319 0.1544 -0.5330
vn 0.9514 0.2465 -0.1846
vn 0.3523 0.5176 -0.7797
vn 0.9468 0.2396 -0.2150
vn 0.3824 0.2488 -0.8899
vn 0.9408 0.0402 -0.3367
vn 0.4020 0.2038 -0.8927
vn 0.5574 -0.4614 -0.6902
vn 0.1727 -0.9349 -0.3100
vn -0.0858 -0.2886 -0.9536
vn -0.1410 -0.4608 -0.8763
vn -0.0839 -0.2841 -0.9551
vn -0.1114 -0.5169 -0.8488
vn -0.1346 -0.4896 -0.8615
vn 0.0319 -0.6648 -0.7464
vn 0.0899 -0.5810 -0.8089
vn 0.2537 -0.6897 -0.6782
vn 0.2153 -0.3766 -0.9010
vn 0.4158 -0.8572 -0.3039
vn 0.5893 -0.3859 -0.7098
vn 0.6787 -0.0975 -0.7279
vn 0.1945 -0.9744 -0.1131
vn 0.5347 -0.2139 -0.8175
vn 0.5563 -0.4930 -0.6689
vn 0.5568 -0.2562 -0.7901
vn 0.9885 -0.1083 -0.1054
vn 0.7989 0.1484 -0.5829
vn 0.9845 0.0791 -0.1565
vn 0.6037 0.4281 -0.6725
vn 0.8079 0.5555 -0.1968
vn 0.1683 -0.0027 0.9857
vn 0.1639 0.1021 0.9812
vn 0.0909 0.0082 0.9958
vn 0.3524 0.7025 -0.6183
vn 0.1478 0.0370 0.9883
vn 0.0854 0.1564 0.9840
vn 0.0594 0.1052 0.9927
vn 0.0390 0.1611 0.9862
vn 0.0323 0.1347 0.9904
vn 0.0150 0.1705 0.9852
vn 0.0260 0.1763 0.9840
vn 0.7364 0.5596 -0.3802
vn 0.8820 0.3943 -0.2581
vn 0.9340 0.3562 -0.0268
vn 0.6788 0.6107 -0.4076
vn 0.6396 0.6567 -0.3995
vn 0.4661 0.8028 -0.3718
vn 0.8037 0.5676 0.1786
vn 0.8184 0.5647 0.1062
vn 0.8838 0.3909 0.2570
vn 0.9182 0.3895 0.0720
vn 0.8591 0.3535 -0.3700
vn 0.6548 0.5592 -0.5085
vn 0.7749 0.6032 0.1889
vn -0.1966 0.2904 0.9365
vn -0.2210 0.2417 0.9448
vn -0.2105 0.2928 0.9327
vn 0.9102 0.3957 -0.1224
vn 0.3462 0.2423 -0.9063
vn 0.2596 0.3068 -0.9157
vn -0.3394 0.1609 0.9268
vn -0.4657 0.3039 0.8311
vn -0.4419 0.2256 0.8682
vn -0.4712 0.5101 0.7196
vn -0.5308 0.3709 0.7620
vn -0.6110 0.4376 0.6597
vn 0.1836 0.4566 -0.8705
vn 0.2484 0.6996 -0.6700
vn 0.2175 0.5624 -0.7977
vn -0.6060 0.4332 0.6672
vn -0.6142 0.4328 0.6599
vn -0.5960 0.3089 0.7412
vn -0.5125 0.4844 0.7090
vn -0.3691 0.3023 0.8789
vn -0.1888 0.3930 0.9000
vn -0.3370 0.4523 0.8258
vn 0.8154 -0.0986 -0.5704
vn 0.8168 0.2398 -0.5246
vn -0.2231 0.5016 0.8358
vn 0.5816 0.5048 -0.6379
vn -0.7426 -0.2739 -0.6112
vn -0.7884 -0.2858 -0.5448
vn -0.7712 -0.3990 -0.4960
vn -0.7083 -0.4382 -0.5534
vn -0.7120 -0.4446 -0.5435
vn 0.5045 0.7307 -0.4599
vn 0.8257 0.1283 -0.5492
vn 0.8407 0.0882 0.5342
vn 0.6872 0.7006 0.1921
vn 0.6620 0.6215 0.4188
vn 0.7228 0.6415 0.2571
vn 0.5747 0.7034 0.4183
vn 0.4590 0.8511 0.2549
vn 0.6790 -0.1883 -0.7096
vn 0.6047 0.2990 -0.7382
vn 0.0480 0.8979 0.4376
vn -0.0535 0.9610 0.2714
vn -0.0836 0.7258 0.6829
vn -0.0483 0.7521 0.6572
vn 0.0359 0.4374 0.8985
vn -0.2547 0.5818 0.7724
vn 0.6922 0.7098 -0.1305
vn 0.4273 0.7175 -0.5501
vn 0.8760 0.0926 -0.4733
vn -0.0292 0.4016 0.9154
vn 0.0300 0.3576 0.9334
vn 0.7629 0.0470 -0.6447
vn 0.0018 -0.9828 0.1845
vn -0.2172 -0.9008 0.3761
vn -0.1950 -0.9561 0.2189
vn 0.9131 0.1878 -0.3620
vn 0.1950 -0.9561 0.2189
vn 0.2164 -0.9008 0.3765
vn -0.0000 -0.9043 0.4270
vn 0.6276 -0.4388 -0.6431
vn 0.7266 0.3171 -0.6095
vn 0.8186 0.1752 -0.5470
vn -0.7527 0.6512 -0.0967
vn 0.0698 0.5555 -0.8286
vn 0.3891 0.2716 0.8803
vn -0.2683 0.8234 0.5000
vn 0.8497 -0.3735 -0.3721
vn 0.4996 0.8337 -0.2351
vn 0.7527 0.6513 -0.0964
vn -0.8183 0.1718 -0.5485
vn -0.0736 0.5550 -0.8286
vn 0.4050 -0.5395 -0.7382
vn 0.4212 -0.7153 -0.5577
vn -0.3922 0.2666 0.8804
vn 0.2677 0.8235 0.5002
vn 0.3716 0.8170 -0.4409
vn 0.4274 0.8211 -0.3784
vn 0.4800 0.8416 -0.2475
vn 0.6506 -0.4421 -0.6175
vn 0.3156 0.8424 -0.4366
vn 0.1300 0.9877 -0.0873
vn 0.8210 -0.0551 -0.5683
vn 0.2621 0.9621 -0.0748
vn 0.5161 0.8390 -0.1723
vn 0.4095 0.9083 -0.0850
vn 0.1434 0.9865 0.0788
vn 0.5997 0.6691 -0.4389
vn 0.3292 0.7109 -0.6215
vn 0.2722 0.8936 -0.3570
vn 0.5738 0.3110 -0.7576
vn 0.3678 0.5050 -0.7808
vn 0.1331 0.5759 -0.8066
vn 0.7088 0.6288 -0.3198
vn 0.7750 0.4633 -0.4297
vn 0.6055 0.6400 -0.4731
vn 0.7879 0.1443 -0.5987
vn 0.7288 0.2662 -0.6309
vn 0.6203 0.5068 -0.5986
vn 0.6720 0.3469 -0.6543
vn 0.6961 0.2531 -0.6718
vn 0.7534 0.2370 -0.6133
vn 0.7315 0.5399 -0.4166
vn 0.5630 0.4088 -0.7183
vn -0.0249 0.6062 -0.7950
vn 0.0291 0.5120 -0.8585
vn 0.5547 0.6455 -0.5250
vn 0.0019 0.5455 -0.8381
vn 0.0727 0.5359 -0.8412
vn -0.1994 0.7404 0.6419
vn -0.3124 0.6684 0.6750
vn -0.1261 0.6340 0.7630
vn -0.2620 0.5377 0.8014
vn 0.2511 0.4898 -0.8349
vn -0.2030 0.7247 0.6585
vn -0.3161 -0.9447 -0.0869
vn -0.7440 -0.4234 0.5169
vn -0.5413 -0.2626 -0.7988
vn -0.6307 -0.5929 0.5006
vn -0.3737 0.4874 0.7892
vn -0.4484 0.4995 0.7412
vn -0.3987 0.6672 0.6292
vn -0.5780 0.4884 0.6538
vn -0.3676 0.7881 0.4937
vn -0.4210 0.8549 0.3032
vn -0.6189 0.7271 0.2971
vn -0.6547 -0.5999 0.4599
vn -0.1947 -0.4354 -0.8789
vn 0.0719 -0.9973 0.0122
vn -0.1403 -0.8796 -0.4546
vn -0.2510 0.8296 0.4988
vn -0.2727 0.8135 0.5137
vn -0.2740 0.8058 0.5249
vn -0.4247 -0.6632 -0.6163
vn -0.1792 -0.9782 -0.1046
vn -0.2417 0.6587 0.7125
vn -0.2000 0.8527 0.4826
vn -0.4453 0.6963 0.5630
vn -0.2366 0.9038 0.3565
vn -0.3107 0.7884 0.5309
vn -0.2049 0.8533 0.4794
vn -0.5593 -0.7746 -0.2952
vn -0.0257 -0.6658 -0.7457
vn -0.4083 0.7286 0.5500
vn -0.3724 0.8284 0.4185
vn -0.4897 0.7677 0.4132
vn -0.1300 0.9877 -0.0873
vn -0.1434 0.9865 0.0787
vn -0.3162 0.8418 -0.4375
vn -0.6027 -0.7389 -0.3014
vn -0.1615 -0.7508 -0.6405
vn 0.1571 -0.9407 -0.3008
vn -0.7307 -0.5922 -0.3396
vn -0.3682 0.8186 -0.4409
vn -0.4823 0.8403 -0.2475
vn -0.4265 0.8210 -0.3795
vn -0.2620 0.9622 -0.0749
vn -0.5155 0.8393 -0.1730
vn -0.4105 0.9078 -0.0855
vn -0.6002 0.6687 -0.4389
vn -0.9748 -0.2138 -0.0644
vn -0.7116 -0.5532 -0.4331
vn -0.5620 -0.7456 -0.3581
vn -0.2702 0.8940 -0.3574
vn -0.3292 0.7109 -0.6215
vn -0.7826 -0.5377 -0.3138
vn -0.9019 -0.1699 0.3972
vn -0.7540 0.2364 -0.6129
vn -0.6216 0.5060 -0.5980
vn -0.7887 0.1423 -0.5980
vn -0.6744 0.3460 -0.6523
vn -0.7308 0.2673 -0.6281
vn -0.7088 0.6288 -0.3198
vn -0.6055 0.6400 -0.4731
vn -0.7750 0.4633 -0.4297
vn -0.8485 -0.2581 -0.4620
vn -0.4299 -0.7387 -0.5192
vn -0.3530 -0.9313 -0.0899
vn -0.6971 0.2528 -0.6710
vn -0.7310 0.5411 -0.4158
vn -0.5613 0.4094 -0.7193
vn -0.5545 0.6456 -0.5251
vn -0.9233 0.0831 -0.3750
vn -0.6007 -0.2223 -0.7680
vn -0.6335 -0.3603 -0.6847
vn -0.3948 -0.4724 -0.7880
vn 0.2066 0.7237 0.6585
vn 0.1262 0.6374 0.7602
vn 0.1775 0.7320 0.6577
vn 0.2658 0.5368 0.8007
vn 0.3750 0.4899 0.7870
vn 0.3114 0.6688 0.6751
vn 0.4474 0.4989 0.7423
vn 0.3972 0.6696 0.6275
vn -0.1804 -0.6795 -0.7111
vn 0.5792 0.4874 0.6534
vn 0.3698 0.7882 0.4919
vn 0.6184 0.7274 0.2974
vn 0.4176 0.8566 0.3032
vn -0.0616 -0.9304 -0.3614
vn -0.1060 -0.9518 -0.2878
vn -0.8086 -0.5473 0.2160
vn -0.1270 -0.6594 -0.7410
vn 0.0603 -0.6029 -0.7955
vn 0.4445 0.6924 0.5684
vn 0.3121 0.7891 0.5290
vn 0.2707 0.8110 0.5187
vn 0.2038 0.8546 0.4777
vn 0.2492 0.8297 0.4995
vn 0.2970 0.8039 0.5153
vn -0.1787 -0.8261 -0.5345
vn 0.2453 0.6574 0.7125
vn 0.1959 0.8509 0.4875
vn 0.2723 0.8149 0.5117
vn 0.4096 0.7304 0.5466
vn 0.3772 0.8262 0.4185
vn 0.4897 0.7677 0.4132
vn -0.8867 -0.4263 0.1790
vn -0.7584 -0.6268 -0.1785
vn 0.6303 -0.7571 -0.1719
vn 0.6470 -0.7618 -0.0341
vn 0.4542 -0.8370 -0.3054
vn 0.2211 -0.9628 0.1553
vn -0.1736 -0.9361 -0.3059
vn 0.3748 -0.9271 -0.0054
vn 0.1004 -0.9600 -0.2613
vn 0.5052 -0.8525 -0.1340
vn -0.1464 -0.9320 -0.3316
vn 0.7052 -0.7066 -0.0589
vn 0.1009 -0.9775 0.1851
vn 0.4672 -0.7112 -0.5252
vn 0.0378 -0.6889 -0.7239
vn 0.0472 -0.6585 -0.7511
vn -0.1481 -0.9635 -0.2229
vn -0.4186 -0.9081 -0.0072
vn 0.0019 -0.9529 -0.3032
vn -0.7215 -0.6873 -0.0842
vn 0.5529 -0.5561 -0.6205
vn 0.5639 -0.4581 -0.6872
vn 0.7251 -0.2839 -0.6274
vn 0.8254 -0.1740 -0.5371
vn 0.7585 -0.3793 -0.5299
vn 0.6870 -0.4760 -0.5491
vn 0.6762 -0.3579 -0.6440
vn -0.8210 -0.4155 -0.3916
vn 0.1089 -0.6372 -0.7630
vn 0.5467 -0.5974 -0.5867
vn 0.6148 -0.5564 -0.5589
vn 0.7181 -0.5061 -0.4777
vn 0.5881 -0.4310 -0.6844
vn 0.5429 -0.4600 -0.7026
vn 0.2755 -0.9560 -0.1009
vn 0.5826 -0.7334 -0.3502
vn -0.1790 -0.8350 0.5204
vn -0.0550 -0.6685 0.7416
vn -0.3856 -0.6422 0.6625
vn -0.3030 -0.3526 0.8854
vn -0.4974 -0.7087 -0.5004
vn -0.4290 -0.3042 0.8505
vn -0.4558 -0.2945 0.8399
vn -0.4003 -0.5643 0.7220
vn -0.6298 -0.3030 0.7152
vn -0.3029 -0.8051 0.5100
vn -0.5373 -0.6983 -0.4730
vn -0.9249 -0.2807 -0.2563
vn -0.3728 -0.7483 0.5488
vn -0.6892 -0.6324 0.3537
vn -0.4687 -0.8218 0.3240
vn -0.5574 -0.4614 -0.6902
vn -0.1945 -0.9744 -0.1131
vn -0.1727 -0.9349 -0.3100
vn -0.3681 -0.6225 0.6907
vn -0.5590 -0.6575 0.5052
vn -0.2952 -0.8290 0.4750
vn -0.3561 -0.7532 0.5530
vn -0.2272 -0.8651 0.4472
vn -0.1422 -0.9126 0.3833
vn -0.1146 -0.8154 -0.5675
vn -0.1960 -0.8485 0.4916
vn -0.3916 -0.7493 -0.5340
vn -0.7566 -0.2994 -0.5813
vn -0.2077 -0.8244 0.5265
vn -0.0329 -0.9411 0.3365
vn 0.0546 -0.5857 0.8087
vn 0.0250 -0.8192 0.5730
vn -0.1533 -0.6521 0.7425
vn -0.6037 0.4281 -0.6725
vn -0.9845 0.0790 -0.1564
vn -0.8612 0.2434 -0.4461
vn -0.9481 -0.1297 -0.2904
vn -0.5406 0.7728 -0.3324
vn -0.1493 0.7796 -0.6082
vn -0.4752 0.6737 -0.5660
vn -0.4686 0.6758 -0.5689
vn -0.6937 0.5322 -0.4853
vn -0.3524 0.7025 -0.6183
vn -0.9658 0.2262 -0.1264
vn -0.0961 0.9383 -0.3321
vn -0.2082 0.9526 -0.2219
vn -0.8820 0.3943 -0.2581
vn -0.8531 0.3717 -0.3661
vn -0.6794 0.6110 -0.4064
vn -0.0829 0.9336 -0.3486
vn 0.0116 0.8528 -0.5221
vn -0.2531 0.9291 -0.2697
vn -0.2224 0.9150 -0.3365
vn -0.4524 0.7070 -0.5436
vn -0.1925 0.7034 -0.6842
vn -0.7546 0.6148 -0.2295
vn -0.6226 0.6107 -0.4892
vn -0.4661 0.8028 -0.3718
vn -0.7156 0.4461 -0.5375
vn -0.3010 0.2551 -0.9189
vn -0.9095 0.3971 -0.1229
vn -0.2593 0.3075 -0.9155
vn 0.1353 -0.7385 0.6605
vn 0.2144 -0.7847 0.5816
vn 0.1739 -0.7197 0.6722
vn 0.1518 -0.7401 0.6552
vn -0.1836 0.4570 -0.8703
vn -0.5878 0.3319 -0.7378
vn -0.6549 0.2620 -0.7088
vn 0.1297 -0.8317 0.5399
vn 0.1325 -0.8384 0.5287
vn 0.1300 -0.8358 0.5334
vn -0.8152 -0.0991 -0.5707
vn 0.0948 -0.8097 0.5792
vn -0.2174 0.5624 -0.7978
vn -0.0076 -0.6037 0.7972
vn -0.6452 -0.6618 0.3818
vn 0.0898 -0.8465 0.5247
vn 0.1426 -0.9896 -0.0182
vn 0.2554 -0.9181 0.3032
vn -0.5979 0.3897 -0.7005
vn -0.6085 0.2146 -0.7640
vn -0.4548 -0.3565 0.8161
vn -0.7452 0.4941 -0.4478
vn 0.0999 0.9379 -0.3322
vn 0.2083 0.9526 -0.2219
vn 0.1493 0.7796 -0.6082
vn 0.5406 0.7728 -0.3324
vn 0.4752 0.6737 -0.5660
vn 0.4686 0.6758 -0.5689
vn -0.8499 0.0564 -0.5239
vn -0.7194 0.5266 -0.4529
vn -0.6266 0.3323 -0.7050
vn -0.6814 -0.1109 -0.7234
vn -0.0122 0.8536 -0.5208
vn 0.2518 0.9294 -0.2698
vn 0.0689 0.8705 -0.4874
vn 0.4524 0.7071 -0.5435
vn -0.7632 0.5629 -0.3172
vn 0.0829 0.9336 -0.3486
vn 0.1925 0.7034 -0.6842
vn -0.7645 -0.1873 -0.6168
vn -0.1326 -0.8381 0.5292
vn -0.1297 -0.8354 0.5341
vn -0.2143 -0.7847 0.5817
vn -0.0946 -0.8096 0.5793
vn -0.1353 -0.7385 0.6605
vn -0.7350 0.5028 -0.4549
vn -0.1739 -0.7197 0.6722
vn -0.1481 -0.7408 0.6551
vn -0.1259 -0.8323 0.5398
vn -0.4475 -0.2559 -0.8569
vn -0.6902 -0.4967 -0.5263
vn -0.5183 -0.7699 -0.3722
vn 0.4548 -0.3565 0.8161
vn 0.0070 -0.6038 0.7971
vn 0.6456 -0.6618 0.3811
vn -0.0899 -0.8466 0.5245
vn -0.1423 -0.9897 -0.0183
vn -0.2518 -0.9191 0.3032
vn 0.0377 0.8637 0.5025
vn 0.0327 0.8112 0.5839
vn 0.1172 0.8241 0.5542
vn 0.1776 0.7913 0.5851
vn 0.1927 0.7945 0.5758
vn -0.8085 -0.1355 -0.5727
vn -0.6504 -0.4512 -0.6110
vn 0.1189 0.7717 0.6248
vn 0.2414 0.7455 0.6212
vn 0.1677 0.7528 0.6365
vn 0.1526 0.7348 0.6609
vn -0.6883 0.3165 -0.6527
vn 0.1738 0.7528 0.6348
vn 0.1368 0.7131 0.6875
vn -0.5469 0.4956 -0.6748
vn -0.6829 -0.7269 0.0727
vn -0.5842 -0.7928 0.1737
vn 0.2202 -0.9711 0.0927
vn 0.2457 -0.9607 0.1292
vn 0.6955 -0.7166 -0.0521
vn 0.0883 -0.9961 0.0011
vn -0.2642 0.6139 -0.7438
vn -0.0628 0.6077 -0.7917
vn -0.4312 -0.1873 -0.8826
vn -0.4613 -0.5121 -0.7245
vn 0.0267 -0.9332 -0.3583
vn 0.6032 -0.7953 -0.0608
vn 0.4831 -0.8751 0.0274
vn 0.7221 -0.2046 -0.6608
vn -0.1786 0.0626 -0.9819
vn -0.4432 -0.1845 -0.8772
vn 0.0253 0.6062 -0.7949
vn -0.0291 0.5120 -0.8585
vn -0.2511 0.4898 -0.8349
vn -0.0727 0.5359 -0.8411
vn 0.0019 0.5453 -0.8382
vn -0.8442 0.0344 -0.5349
vn 0.2652 -0.8063 0.5287
vn 0.2634 -0.8078 0.5274
vn 0.2068 -0.8181 0.5366
vn 0.2547 -0.7906 0.5569
vn 0.1092 -0.3900 -0.9143
vn -0.2608 -0.8954 -0.3609
vn 0.1880 -0.5362 -0.8229
vn 0.2237 -0.8058 0.5483
vn -0.3143 0.2396 -0.9186
vn 0.2241 -0.8275 0.5148
vn 0.2109 -0.8243 0.5254
vn 0.8284 0.4347 0.3532
vn 0.7880 0.5261 0.3200
vn 0.3122 0.8012 0.5105
vn 0.7259 0.1863 0.6621
vn 0.9800 0.0584 0.1904
vn 0.9336 -0.1303 0.3338
vn 0.2294 -0.8195 0.5252
vn 0.3202 -0.9256 0.2018
vn 0.5019 -0.6738 0.5423
vn 0.7600 0.1699 0.6273
vn 0.9842 0.1399 0.1089
vn 0.5763 -0.7849 0.2275
vn 0.4348 -0.7467 0.5034
vn 0.6155 -0.7842 -0.0781
vn 0.6704 -0.7329 0.1160
vn 0.6429 -0.3754 0.6677
vn 0.9001 -0.3535 0.2545
vn -0.1110 0.9544 -0.2771
vn -0.7514 0.6126 -0.2453
vn -0.8113 0.5585 -0.1731
vn -0.4963 0.2575 -0.8291
vn 0.8459 -0.0909 0.5255
vn -0.4885 0.2359 -0.8401
vn -0.4229 0.4133 -0.8064
vn 0.0034 0.0819 -0.9966
vn 0.7839 0.3449 0.5163
vn 0.8560 0.3305 0.3975
vn 0.0755 0.9971 0.0022
vn -0.3393 0.6535 -0.6766
vn -0.8496 0.4972 -0.1757
vn -0.4739 0.3237 -0.8189
vn 0.4852 0.5055 -0.7135
vn 0.1908 0.9816 0.0048
vn 0.9491 0.0907 0.3016
vn 0.7171 0.6763 0.1686
vn 0.7449 0.2757 0.6075
vn 0.1026 0.9925 -0.0671
vn -0.2249 0.9142 0.3371
vn 0.7147 0.3945 0.5775
vn 0.1851 0.7988 0.5725
vn 0.1992 0.7962 0.5713
vn 0.1850 0.7990 0.5722
vn 0.1941 0.8116 0.5510
vn 0.8297 0.2166 0.5145
vn 0.2179 0.8041 0.5531
vn 0.2638 0.8454 0.4644
vn 0.2104 0.8233 0.5271
vn 0.7087 0.0293 0.7049
vn 0.3373 0.7449 0.5757
vn 0.4269 0.8114 0.3993
vn 0.4961 0.7145 0.4934
vn 0.5105 0.7335 0.4487
vn 0.5986 -0.4758 0.6444
vn 0.7760 -0.6048 0.1792
vn 0.9455 0.2300 -0.2305
vn 0.8867 0.2728 -0.3732
vn 0.1709 -0.9835 -0.0589
vn -0.7654 -0.6061 -0.2165
vn -0.5392 -0.8305 0.1397
vn -0.4735 -0.2342 -0.8491
vn 0.0068 -0.0886 -0.9960
vn -0.7319 -0.1807 -0.6570
vn -0.6110 -0.3490 -0.7106
vn 0.1434 -0.3999 -0.9053
vn 0.6749 -0.0239 0.7376
vn 0.6507 -0.7083 0.2736
vn 0.0197 0.0968 0.9951
vn 0.2831 0.0494 0.9578
vn -0.4774 -0.2554 -0.8407
vn -0.4693 -0.2425 -0.8491
vn -0.8455 -0.4398 -0.3030
vn -0.1425 -0.9848 0.0988
vn -0.2246 -0.9143 0.3369
vn 0.0409 -0.9975 0.0583
vn 0.3880 -0.4055 -0.8277
vn 0.2672 -0.9597 0.0870
vn -0.3093 -0.9285 -0.2053
vn 0.6415 -0.5471 -0.5378
vn -0.0849 -0.9341 -0.3467
vn 0.8027 0.3814 -0.4584
vn 0.4726 -0.3616 -0.8036
vn 0.3493 -0.7213 -0.5981
vn -0.5651 0.7978 -0.2103
vn -0.8116 0.5549 -0.1825
vn -0.5390 0.8342 -0.1165
vn -0.7985 0.5209 -0.3018
vn -0.7528 0.6174 -0.2284
vn 0.2581 -0.9307 -0.2593
vn -0.5821 0.3400 -0.7387
vn 0.9799 -0.1269 0.1540
vn 0.7267 0.6289 -0.2764
vn -0.5727 0.4486 -0.6862
vn 0.1103 -0.6756 -0.7290
vn -0.5323 0.5031 -0.6808
vn -0.6383 0.1146 -0.7612
vn -0.4809 0.1273 -0.8675
vn -0.8817 0.4096 -0.2340
vn -0.8411 0.3143 -0.4401
vn -0.7146 -0.4297 -0.5520
vn -0.8898 -0.0442 -0.4542
vn -0.5755 -0.5571 -0.5987
vn 0.6599 -0.7512 0.0107
vn -0.8317 -0.3426 -0.4369
vn -0.4416 -0.6458 -0.6229
vn -0.4605 -0.1521 -0.8745
vn -0.4915 -0.1083 -0.8641
vn 0.5967 -0.8025 -0.0065
vn 0.9012 -0.4092 0.1429
vn -0.8940 -0.3033 -0.3298
vn 0.4708 -0.8812 0.0425
vn -0.4472 -0.2144 -0.8683
vn -0.3195 -0.2764 -0.9064
vn 0.8266 0.5258 0.2007
vn 0.4280 0.9037 -0.0096
vn 0.9372 0.1024 0.3335
vn -0.4766 -0.7418 -0.4717
vn -0.1312 -0.7793 -0.6127
vn -0.5744 -0.6531 -0.4935
vn -0.2912 -0.8647 -0.4093
vn 0.3052 0.9491 -0.0773
vn 0.9633 -0.2101 -0.1673
vn 0.6379 -0.3405 -0.6908
vn 0.9063 0.4218 0.0274
vn -0.5042 -0.3457 -0.7914
vn 0.7123 0.6245 0.3203
vn 0.3878 0.9065 -0.1672
vn 0.1520 -0.8766 0.4565
vn 0.1887 -0.8308 0.5235
vn 0.1524 -0.8275 0.5404
vn 0.2179 -0.8020 0.5562
vn 0.2884 -0.7308 0.6187
vn 0.2322 0.9666 -0.1089
vn -0.2565 0.9153 0.3106
vn 0.0110 0.9177 0.3972
vn 0.5825 0.7734 0.2500
vn 0.2556 -0.7882 0.5599
vn 0.1750 -0.7744 0.6080
vn 0.3289 0.9385 -0.1054
vn 0.6636 0.7267 0.1778
vn 0.2270 -0.7642 0.6038
vn 0.2931 -0.7353 0.6111
vn 0.3020 -0.7254 0.6186
vn 0.2889 -0.7282 0.6215
vn 0.9802 0.1876 0.0637
vn 0.3451 0.8705 -0.3508
vn -0.4379 0.8911 -0.1192
vn -0.7248 0.6711 0.1558
vn 0.1427 0.9843 0.1041
vn -0.6933 0.7160 0.0821
vn 0.1755 0.9771 0.1200
vn -0.7768 0.3961 -0.4896
vn -0.8935 0.2850 0.3471
vn -0.4048 0.9124 0.0607
vn 0.6895 0.7185 -0.0912
vn -0.0810 0.9892 0.1225
vn 0.5119 0.7181 -0.4716
vn -0.0804 0.9830 0.1650
vn -0.4627 0.7226 0.5136
vn -0.4959 0.1886 -0.8476
vn -0.9099 0.3612 -0.2038
vn -0.7207 0.6874 -0.0901
vn -0.9967 0.0529 0.0617
vn -0.3984 0.0954 -0.9122
vn -0.4991 0.2127 -0.8400
vn -0.0929 0.9667 0.2383
vn 0.1187 0.9779 0.1723
vn 0.5242 0.6716 -0.5235
vn 0.7452 0.6616 0.0833
vn 0.6226 0.7785 0.0797
vn 0.9871 0.1362 -0.0846
vn 0.9014 0.3981 -0.1703
vn 0.4871 -0.0397 -0.8724
vn -0.8741 -0.0265 -0.4851
vn 0.1240 -0.8770 0.4643
vn 0.1239 -0.8765 0.4651
vn 0.1268 -0.8151 0.5653
vn 0.3236 -0.8642 0.3854
vn 0.2347 -0.7668 0.5974
vn 0.3994 -0.6782 0.6169
vn 0.9294 0.3123 -0.1966
vn 0.4146 -0.8039 0.4265
vn 0.3579 -0.7798 0.5137
vn 0.4511 -0.7310 0.5121
vn -0.0000 0.9778 0.2096
vn 0.1559 0.9829 0.0981
vn 0.3841 -0.6149 0.6888
vn 0.5417 0.8275 -0.1475
vn -0.1559 0.9829 0.0981
vn 0.4923 -0.6554 0.5728
vn -0.5417 0.8276 -0.1475
vn 0.5050 -0.5620 0.6550
vn -0.9929 0.0683 0.0976
vn -0.6680 0.7308 0.1403
vn -0.9294 0.3119 -0.1974
vn 0.6146 -0.6266 0.4791
vn 0.7390 -0.4854 0.4672
vn 0.5468 -0.5660 0.6170
vn 0.7804 -0.4196 0.4635
vn 0.7381 -0.4572 0.4962
vn 0.8652 -0.3429 0.3659
vn 0.8382 -0.1846 0.5132
vn 0.9450 -0.0317 0.3254
vn 0.8626 0.2367 0.4471
vn -0.3289 0.9385 -0.1054
vn 0.0350 0.9980 -0.0528
vn 0.4379 0.8911 -0.1192
vn 0.2573 0.9151 0.3105
vn -0.9063 0.4217 0.0272
vn -0.6499 0.7412 0.1679
vn -0.6644 0.7261 0.1773
vn 0.8308 0.2400 0.5022
vn 0.8106 0.3739 0.4508
vn 0.7770 0.3619 0.5151
vn 0.7746 0.4234 0.4698
vn 0.6575 0.5503 0.5146
vn 0.6676 0.4635 0.5827
vn 0.4844 0.7814 0.3933
vn -0.5175 0.8556 -0.0125
vn -0.4282 0.9036 -0.0095
vn -0.8265 0.5258 0.2010
vn 0.6177 0.5855 0.5250
vn -0.3053 0.9491 -0.0774
vn 0.7028 0.5606 0.4379
vn 0.8454 0.3037 0.4395
vn 0.8927 0.1696 0.4176
vn -0.9147 0.2266 -0.3346
vn -0.3667 0.9268 0.0814
vn -0.8634 0.0924 0.4959
vn -0.9637 -0.2086 -0.1669
vn -0.9155 0.3933 -0.0850
vn -0.6919 0.6866 0.2232
vn 0.8896 -0.2293 0.3949
vn -0.4093 0.9100 -0.0663
vn 0.5875 -0.3245 0.7413
vn 0.7118 -0.0261 0.7019
vn 0.7360 0.2007 0.6466
vn 0.6250 0.4152 0.6611
vn 0.6055 0.5523 0.5730
vn 0.4610 0.5310 0.7111
vn -0.1208 0.9911 0.0564
vn -0.9913 0.1291 -0.0266
vn -0.7378 0.3912 -0.5501
vn 0.3758 0.5633 0.7358
vn 0.2683 0.7775 0.5688
vn 0.2645 0.7776 0.5705
vn 0.2684 0.7774 0.5689
vn -0.0703 0.9579 0.2784
vn 0.2899 0.7801 0.5544
vn 0.5149 0.6512 -0.5576
vn 0.7869 0.5413 -0.2963
vn 0.0296 0.9970 0.0714
vn -0.1256 0.5307 -0.8382
vn -0.0439 0.7198 -0.6928
vn -0.0575 0.4719 -0.8798
vn 0.0319 -0.0614 -0.9976
vn -0.3874 -0.0781 -0.9186
vn -0.4188 0.6673 -0.6159
vn 0.4486 0.8937 0.0094
vn 0.6695 0.7091 0.2213
vn -0.2996 0.4021 -0.8652
vn -0.4070 0.5698 -0.7139
vn -0.3950 0.6320 -0.6667
vn -0.2822 0.3618 -0.8885
vn 0.1104 0.5821 -0.8056
vn 0.7693 0.5743 0.2799
vn 0.0239 0.0231 -0.9994
vn 0.0866 0.0507 -0.9950
vn 0.6942 0.5077 0.5102
vn 0.3989 0.6028 0.6911
vn -0.3147 -0.3695 -0.8743
vn -0.5820 -0.0957 -0.8076
vn -0.1540 -0.1370 -0.9785
vn 0.2065 0.6724 0.7108
vn -0.4737 0.1329 -0.8706
vn -0.4310 0.0934 -0.8975
vn -0.4230 0.0593 -0.9042
vn -0.4207 0.0059 -0.9072
vn -0.5897 -0.0932 -0.8022
vn -0.5085 -0.0816 -0.8572
vn 0.2750 0.8288 0.4874
vn -0.7280 -0.2434 -0.6409
vn -0.4498 -0.3239 -0.8324
vn -0.4811 -0.0700 -0.8739
vn -0.4984 -0.3497 -0.7933
vn 0.6716 0.5100 -0.5374
vn -0.5829 -0.3608 -0.7280
vn -0.5235 -0.1946 -0.8295
vn -0.4618 -0.1944 -0.8654
vn -0.3015 0.0862 -0.9496
vn -0.5472 -0.1498 -0.8235
vn -0.3754 -0.3955 -0.8382
vn 0.9894 0.0794 0.1213
vn 0.0941 0.9049 0.4151
vn 0.0803 0.9115 0.4033
vn 0.9118 -0.3966 -0.1069
vn 0.9115 -0.3967 -0.1084
vn 0.9204 -0.3722 -0.1197
vn -0.8006 0.5327 -0.2743
vn 0.9036 -0.4074 -0.1323
vn 0.9124 -0.3825 -0.1459
vn -0.1490 -0.4976 -0.8545
vn -0.0390 -0.5111 -0.8586
vn 0.0500 -0.3285 -0.9432
vn 0.1655 0.2845 -0.9443
vn 0.8088 0.5809 0.0914
vn 0.5115 0.7014 0.4965
vn 0.0321 0.9629 0.2678
vn -0.1783 -0.2677 -0.9469
vn 0.4748 0.1264 -0.8710
vn 0.4645 0.8801 0.0981
vn -0.6694 0.7091 0.2214
vn 0.1206 0.9294 0.3489
vn 0.1559 0.7496 0.6432
vn -0.0361 0.6616 0.7490
vn 0.0435 0.8012 0.5968
vn -0.0711 0.7544 0.6526
vn -0.2817 0.9484 0.1456
vn -0.7871 0.1474 -0.5990
vn 0.1852 0.9802 -0.0694
vn -0.7480 0.5847 0.3141
vn 0.2323 0.7784 0.5832
vn 0.2616 0.7309 0.6304
vn -0.6036 0.7783 0.1733
vn -0.2981 0.8937 0.3355
vn -0.0187 0.8619 0.5067
vn -0.2192 0.8414 0.4939
vn -0.2354 0.7588 0.6073
vn -0.6696 0.5811 0.4626
vn -0.4271 0.7521 0.5019
vn -0.9378 0.3420 0.0593
vn -0.7011 -0.2251 0.6766
vn -0.6069 0.6261 0.4895
vn -0.9372 0.1024 0.3335
vn -0.7513 0.5335 0.3885
vn -0.6758 0.5711 0.4660
vn -0.7834 0.3449 0.5171
vn -0.4329 0.8906 -0.1391
vn -0.8783 0.4483 -0.1663
vn -0.5156 0.8015 -0.3030
vn 0.7531 0.4307 0.4973
vn -0.8341 0.0046 0.5515
vn -0.9012 -0.4092 0.1430
vn -0.8645 0.3084 0.3969
vn -0.7980 0.2883 0.5293
vn -0.6155 -0.6295 -0.4742
vn -0.7036 -0.7104 0.0152
vn -0.7261 -0.6181 -0.3011
vn -0.5857 -0.7995 -0.1334
vn -0.8331 -0.4095 0.3718
vn -0.7912 -0.2497 0.5583
vn -0.8380 0.5280 0.1378
vn -0.6999 0.1439 0.6996
vn -0.9004 -0.3221 0.2924
vn -0.6144 0.1785 0.7685
vn -0.9382 0.3462 0.0015
vn -0.9796 0.1833 0.0823
vn -0.7976 0.0168 0.6029
vn -0.7469 0.4699 0.4704
vn -0.7632 0.5802 0.2844
vn -0.3933 0.5290 0.7520
vn -0.1337 0.8697 0.4751
vn -0.4754 0.8772 0.0672
vn -0.1243 0.8919 0.4347
vn -0.1974 0.7501 0.6312
vn -0.0887 0.7823 0.6165
vn 0.1386 0.7606 0.6342
vn -0.9894 0.1163 0.0867
vn 0.0046 0.8060 0.5920
vn -0.0558 0.9241 0.3780
vn 0.0262 0.8864 0.4621
vn 0.0471 0.8357 0.5471
vn 0.5198 0.7150 -0.4676
vn 0.9017 0.3867 -0.1935
vn 0.2429 0.9588 0.1471
vn -0.7259 0.0208 0.6875
vn -0.6242 0.3463 0.7004
vn -0.7439 0.1456 0.6522
vn -0.6704 -0.1965 0.7155
vn -0.6273 -0.3224 0.7089
vn -0.7134 -0.4343 0.5499
vn -0.6926 -0.6083 0.3877
vn -0.2568 -0.9313 -0.2584
vn 0.3088 -0.9288 -0.2051
vn -0.4877 -0.8283 -0.2758
vn -0.8561 -0.0396 0.5153
vn -0.7975 0.3880 -0.4621
vn 0.0127 0.5758 -0.8175
vn -0.4734 -0.3612 -0.8034
vn 0.9254 -0.1573 0.3448
vn -0.8541 -0.2069 0.4772
vn -0.7927 -0.5998 -0.1087
vn -0.4826 -0.7930 0.3717
vn -0.2980 -0.8236 0.4825
vn -0.2545 -0.8151 0.5205
vn -0.2416 -0.8560 0.4571
vn -0.0011 -0.7870 0.6170
vn -0.0073 -0.8472 0.5311
vn 0.2387 -0.8095 0.5364
vn 0.2101 -0.8667 0.4523
vn 0.2636 -0.7254 0.6359
vn 0.2388 -0.8433 0.4814
vn 0.2737 -0.7817 0.5604
vn 0.1873 -0.9793 0.0763
vn -0.0293 0.2507 0.9676
vn 0.4219 -0.6347 0.6474
vn 0.4548 -0.3202 0.8311
vn 0.9338 -0.3024 0.1913
vn 0.6853 0.1973 0.7010
vn 0.4366 -0.3740 0.8183
vn -0.8859 -0.4635 -0.0170
vn 0.6995 -0.4508 0.5545
vn 0.7095 0.0203 0.7045
vn 0.4551 -0.1410 0.8792
vn 0.5064 0.2759 0.8170
vn 0.3802 0.0466 0.9237
vn -0.9798 -0.1257 0.1558
vn -0.7267 0.6294 -0.2751
vn -0.9383 0.1678 -0.3023
vn -0.9667 0.1739 -0.1879
vn -0.5627 -0.5439 0.6225
vn 0.3661 -0.8199 0.4401
vn 0.8715 -0.4777 0.1104
vn -0.8873 0.2731 -0.3717
vn -0.4378 -0.8984 0.0337
vn -0.3888 -0.9122 0.1291
vn -0.7362 -0.6718 -0.0820
vn -0.3130 -0.9204 0.2345
vn 0.0673 -0.7377 0.6718
vn 0.1370 -0.8548 0.5005
vn 0.5255 -0.5101 -0.6809
vn -0.8908 0.3793 0.2504
vn -0.5324 -0.8425 0.0822
vn 0.0847 -0.8516 0.5173
vn -0.3111 -0.2205 -0.9245
vn -0.3537 -0.5982 -0.7190
vn -0.4719 -0.8802 -0.0512
vn -0.0086 -0.9127 0.4085
vn -0.3657 -0.9215 0.1310
vn -0.6612 -0.0044 0.7502
vn -0.0196 -0.8882 0.4591
vn -0.5974 -0.8019 -0.0057
vn -0.0617 -0.8993 0.4330
vn -0.8532 -0.5026 0.1395
vn -0.2091 -0.7070 0.6756
vn -0.7284 -0.4938 0.4750
vn -0.5008 -0.6941 0.5171
vn -0.2119 -0.8420 0.4961
vn -0.0505 -0.8810 0.4705
vn -0.7028 0.0558 0.7092
vn -0.7141 0.4386 0.5457
vn -0.8457 -0.4609 -0.2691
vn -0.7946 0.4216 -0.4369
vn -0.7579 -0.5598 -0.3349
vn -0.5894 -0.7258 0.3547
vn -0.7498 0.2354 0.6184
vn -0.1939 0.6619 0.7240
vn -0.6106 0.5540 0.5659
vn 0.3971 -0.6878 -0.6076
vn 0.1902 -0.6901 -0.6983
vn 0.4645 -0.4874 -0.7394
vn 0.1278 -0.4324 -0.8926
vn 0.0753 -0.3478 -0.9345
vn 0.1014 -0.4407 -0.8919
vn 0.0898 -0.3918 -0.9157
vn -0.2851 -0.3711 -0.8838
vn 0.0252 -0.5751 -0.8177
vn 0.0233 -0.1750 -0.9843
vn -0.1596 0.1318 -0.9783
vn -0.1690 0.1489 -0.9743
vn -0.1670 0.1360 -0.9765
vn 0.1659 0.0045 -0.9861
vn -0.0341 -0.3527 -0.9351
vn 0.3382 -0.2410 -0.9097
vn -0.4970 0.5865 0.6396
vn -0.3501 0.9118 0.2145
vn 0.4626 -0.8843 0.0633
vn 0.8273 0.2900 -0.4812
vn 0.6441 -0.7649 0.0060
vn 0.2459 -0.6020 -0.7597
vn -0.0809 0.8552 0.5119
vn 0.1445 0.0596 -0.9877
vn -0.0036 0.4047 -0.9144
vn 0.1251 0.3848 -0.9145
vn 0.2434 0.4824 -0.8415
vn 0.2155 0.4665 -0.8579
vn -0.0196 0.7286 0.6846
vn 0.3168 0.8091 0.4949
vn 0.0508 0.8694 0.4916
vn 0.2653 0.6100 -0.7467
vn -0.0361 0.0275 -0.9990
vn 0.3610 0.3410 -0.8680
vn -0.0841 -0.0812 -0.9931
vn 0.0731 0.3470 -0.9350
vn 0.3053 -0.1950 -0.9321
vn 0.3237 -0.2207 -0.9201
vn 0.2909 -0.2365 -0.9271
vn -0.2610 -0.9402 -0.2189
vn 0.6307 -0.6753 -0.3822
vn 0.5205 0.8225 -0.2294
vn 0.3872 0.4762 -0.7895
vn 0.1274 0.4740 -0.8713
vn 0.2987 0.3730 -0.8784
vn 0.2199 0.3380 -0.9151
vn 0.2262 -0.2052 -0.9522
vn 0.2839 -0.1415 -0.9484
vn 0.2714 -0.2375 -0.9327
vn 0.3230 -0.2206 -0.9203
vn 0.3304 -0.1391 -0.9336
vn 0.2069 -0.2279 -0.9514
vn 0.4767 0.5233 -0.7063
vn 0.4920 0.3672 -0.7894
vn 0.5739 0.4463 -0.6866
vn 0.5995 0.3331 -0.7277
vn 0.4489 0.2841 -0.8472
vn 0.4542 -0.0050 -0.8909
vn 0.3793 0.2505 -0.8908
vn -0.5244 0.0675 -0.8488
vn 0.5833 -0.1214 -0.8032
vn 0.2379 -0.0075 -0.9713
vn 0.2150 -0.0585 -0.9749
vn 0.3372 -0.1131 -0.9346
vn 0.2724 -0.1441 -0.9513
vn 0.3375 0.5694 -0.7496
vn -0.7125 -0.2139 -0.6683
vn 0.3165 -0.0399 -0.9478
vn -0.0752 0.1376 -0.9876
vn 0.1046 0.0479 -0.9934
vn 0.2000 0.1734 -0.9643
vn 0.1915 0.2849 -0.9392
vn 0.2717 0.2505 -0.9292
vn 0.1451 0.2496 -0.9574
vn 0.1451 0.2387 -0.9602
vn -0.4062 -0.1764 -0.8966
vn 0.5678 0.4098 -0.7140
vn 0.0794 0.6474 -0.7580
vn 0.4121 0.6911 -0.5938
vn 0.2427 0.2940 -0.9245
vn -0.1251 0.2921 -0.9482
vn -0.0052 0.4339 -0.9009
vn -0.1846 0.3474 -0.9194
vn -0.0365 0.3681 -0.9291
vn 0.0425 0.3758 -0.9257
vn -0.0226 0.3603 -0.9326
vn 0.1605 0.2959 -0.9416
vn 0.0971 0.2195 -0.9708
vn -0.0292 0.5172 -0.8554
vn 0.0450 0.4703 -0.8814
vn -0.1191 0.5428 -0.8314
vn -0.1318 -0.0905 -0.9871
vn -0.0371 0.6987 -0.7145
vn -0.0490 0.6568 -0.7525
vn -0.0416 0.6653 -0.7454
vn 0.8141 0.1893 -0.5490
vn -0.1993 0.4027 -0.8934
vn 0.1462 -0.4067 -0.9018
vn 0.4827 -0.3675 -0.7949
vn 0.4264 0.3030 -0.8522
vn 0.4748 0.0687 -0.8774
vn 0.3131 0.1094 -0.9434
vn 0.2188 -0.9175 0.3322
vn 0.2187 -0.9176 0.3318
vn 0.0191 -0.8238 0.5666
vn 0.0117 -0.9890 0.1475
vn -0.0227 0.0996 -0.9948
vn 0.1244 0.0463 -0.9912
vn 0.0922 -0.0162 -0.9956
vn 0.2209 -0.9579 0.1833
vn 0.5246 -0.7887 0.3205
vn 0.2408 0.0435 -0.9696
vn 0.4780 -0.5089 -0.7159
vn 0.6829 -0.5131 -0.5200
vn -0.0241 -0.9981 -0.0573
vn 0.2261 -0.0743 -0.9713
vn 0.2057 -0.0073 -0.9786
vn 0.3005 -0.6955 0.6526
vn 0.4968 -0.8463 0.1924
vn 0.8537 -0.4492 -0.2634
vn 0.6831 0.2341 0.6918
vn 0.5795 0.8026 -0.1415
vn -0.3272 0.9448 -0.0177
vn -0.9611 -0.2354 -0.1446
vn -0.4797 -0.0370 -0.8766
vn -0.0481 0.8143 -0.5785
vn -0.0015 -0.9952 0.0983
vn -0.4356 -0.1292 -0.8908
vn -0.4787 -0.0529 -0.8764
vn -0.4561 -0.0577 -0.8880
vn -0.3834 -0.6770 -0.6282
vn -0.0362 -0.0961 -0.9947
vn -0.0547 -0.9972 0.0502
vn -0.0398 -0.9980 -0.0482
vn 0.0251 -0.2381 -0.9709
vn -0.0950 -0.3644 -0.9264
vn -0.0836 -0.1436 -0.9861
vn 0.0563 0.2659 -0.9624
vn -0.3987 0.0137 -0.9170
vn 0.2759 -0.8704 -0.4078
vn 0.0244 -0.1240 -0.9920
vn 0.1905 0.0595 -0.9799
vn -0.1160 -0.1031 -0.9879
vn -0.1119 0.1506 -0.9822
vn -0.1998 -0.1622 -0.9663
vn -0.1190 -0.3746 -0.9195
vn -0.2530 -0.3872 -0.8866
vn -0.3596 -0.6729 -0.6465
vn 0.0745 0.6489 -0.7573
vn 0.3205 -0.6588 -0.6806
vn 0.2281 -0.9706 -0.0764
vn -0.7590 -0.0127 -0.6509
vn -0.0658 -0.2902 -0.9547
vn -0.9504 0.1088 0.2915
vn -0.6308 0.7667 0.1199
vn 0.2813 0.3338 -0.8997
vn -0.2449 0.7637 0.5973
vn -0.2315 0.7666 0.5990
vn -0.3317 0.6303 0.7019
vn -0.1024 0.5416 -0.8344
vn -0.3632 0.5764 0.7320
vn -0.4997 0.5786 0.6446
vn -0.5669 0.4377 0.6979
vn -0.5699 0.3870 0.7249
vn -0.7261 0.2790 0.6284
vn -0.7492 0.2712 0.6043
vn -0.5269 -0.2184 -0.8214
vn -0.6774 0.0480 0.7341
vn -0.7086 0.0486 0.7040
vn -0.7914 -0.0972 0.6035
vn -0.6983 -0.2055 0.6856
vn -0.6792 -0.2020 0.7056
vn -0.6593 -0.4272 0.6188
vn -0.6632 -0.3986 0.6334
vn -0.4801 -0.2969 -0.8255
vn -0.4403 -0.2289 -0.8682
vn -0.4767 -0.2231 -0.8503
vn -0.4976 -0.1490 -0.8545
vn -0.3896 0.5472 -0.7408
vn 0.6022 -0.4058 -0.6875
vn 0.7273 0.0930 -0.6799
vn -0.2320 0.1845 -0.9551
vn -0.3929 -0.4450 0.8047
vn -0.5889 -0.5179 0.6204
vn -0.3521 -0.6640 0.6597
vn -0.2827 0.2460 -0.9271
vn -0.0856 -0.7352 0.6725
vn -0.0964 -0.7684 0.6327
vn -0.2643 0.2830 -0.9220
vn 0.0915 -0.8705 0.4836
vn 0.0773 -0.9010 0.4269
vn 0.0691 -0.8173 0.5720
vn 0.2139 -0.6418 0.7365
vn 0.0417 -0.8379 0.5443
vn -0.0937 0.1102 -0.9895
vn -0.0794 0.0995 -0.9919
vn -0.3260 -0.0038 -0.9454
vn -0.0814 0.3247 -0.9423
vn -0.0964 0.3054 -0.9473
vn -0.0806 0.3580 -0.9302
vn -0.1316 -0.8823 0.4519
vn -0.0879 -0.8817 0.4636
vn -0.1922 -0.8954 0.4016
vn -0.1175 0.4274 -0.8964
vn -0.6290 0.2162 -0.7467
vn -0.2756 0.6908 -0.6685
vn -0.2587 0.2929 -0.9205
vn -0.2089 0.2786 -0.9374
vn -0.6212 -0.5852 0.5213
vn -0.3369 -0.8005 -0.4957
vn -0.0925 -0.7657 -0.6366
vn -0.6905 -0.7224 0.0372
vn -0.6476 0.5303 -0.5471
vn -0.7614 -0.6131 -0.2106
vn -0.6591 -0.6613 0.3581
vn -0.7116 -0.0435 0.7012
vn -0.5443 -0.6574 0.5211
vn -0.4444 0.2062 -0.8718
vn -0.3281 0.1690 -0.9294
vn -0.4321 0.1412 -0.8907
vn -0.3403 0.2379 -0.9097
vn -0.7209 -0.6853 0.1035
vn -0.5134 -0.6380 -0.5739
vn -0.8186 -0.4110 0.4013
vn -0.4072 0.2525 -0.8777
vn -0.3263 0.2370 -0.9151
vn -0.7295 -0.4466 0.5181
vn -0.8254 -0.1422 0.5463
vn -0.8311 0.1971 0.5200
vn 0.6519 0.0387 -0.7573
vn 0.0604 0.6409 -0.7653
vn 0.0638 0.0856 -0.9943
vn -0.1325 0.6027 -0.7869
vn 0.1472 0.4825 -0.8635
vn -0.1013 0.1811 -0.9782
vn -0.0430 -0.0106 -0.9990
vn -0.7726 0.3467 0.5319
vn 0.4131 -0.3679 -0.8331
vn 0.2902 0.6109 -0.7366
vn 0.3740 -0.0155 -0.9273
vn 0.8204 -0.4379 -0.3677
vn -0.8490 0.3048 0.4316
vn -0.9289 0.0676 0.3640
vn -0.8715 -0.3215 0.3703
vn 0.6485 -0.5526 -0.5235
vn -0.7590 0.5181 0.3942
vn -0.7223 -0.5724 0.3881
vn -0.5162 -0.6831 0.5167
vn 0.5103 0.5048 -0.6963
vn 0.5731 -0.2931 -0.7652
vn 0.8710 -0.1961 -0.4504
vn 0.1147 -0.4222 -0.8992
vn -0.4889 0.7534 0.4398
vn -0.5852 0.5379 0.6068
vn 0.1831 0.7667 -0.6153
vn -0.1527 0.8315 0.5342
vn -0.2143 0.8138 0.5401
vn 0.2652 0.5056 -0.8210
vn 0.6185 0.3798 -0.6879
vn -0.3764 0.0622 -0.9244
vn -0.0467 -0.7581 -0.6505
vn 0.0262 0.8108 0.5847
vn 0.0899 0.6954 0.7130
vn -0.1292 -0.5341 -0.8355
vn -0.0644 0.5988 0.7983
vn 0.2669 -0.1482 -0.9523
vn 0.0541 -0.9686 -0.2426
vn -0.0015 0.4874 0.8732
vn -0.0114 0.6122 0.7906
vn -0.3460 -0.1645 -0.9237
vn -0.2490 -0.5162 -0.8195
vn 0.0097 -0.5992 -0.8006
vn 0.0059 -0.3632 -0.9317
vn 0.0657 0.5265 0.8476
vn 0.1492 0.0726 -0.9861
vn 0.2334 -0.8177 0.5262
vn 0.4567 -0.7388 0.4955
vn -0.0658 0.1922 -0.9791
vn 0.1001 0.2208 -0.9702
vn 0.0219 0.0636 -0.9977
vn -0.2777 0.1595 -0.9473
vn -0.1062 0.1082 -0.9884
vn 0.2258 -0.8803 0.4172
vn 0.3627 0.1469 -0.9202
vn -0.0877 0.1031 -0.9908
vn -0.1487 -0.2690 -0.9516
vn -0.2224 -0.9166 0.3322
vn -0.0203 -0.8240 0.5663
vn -0.2177 -0.9172 0.3336
vn 0.0078 -0.8686 0.4954
vn -0.2212 -0.9579 0.1832
vn -0.5259 -0.7861 0.3247
vn -0.4784 -0.5086 -0.7159
vn -0.8627 0.0658 0.5015
vn -0.0250 -0.8962 0.4430
vn -0.3069 -0.8032 0.5106
vn -0.3457 -0.8464 0.4050
vn -0.1924 -0.9804 0.0426
vn -0.5700 0.0786 -0.8178
vn -0.2033 -0.1154 -0.9723
vn 0.0534 -0.1555 -0.9864
vn 0.0929 -0.1311 -0.9870
vn 0.0165 -0.0930 -0.9955
vn -0.3807 -0.8596 0.3408
vn -0.0884 0.0064 -0.9961
vn -0.8561 -0.4463 -0.2607
vn -0.5737 0.8075 -0.1372
vn 0.1306 -0.2650 -0.9554
vn 0.2278 -0.0482 -0.9725
vn 0.0200 0.4183 -0.9081
vn -0.2771 0.3998 -0.8737
vn -0.0563 0.2659 -0.9624
vn -0.0999 -0.3197 -0.9422
vn 0.5202 -0.4216 -0.7427
vn -0.2756 -0.8705 -0.4079
vn 0.0165 0.0771 -0.9969
vn 0.0398 -0.9980 -0.0483
vn 0.0510 -0.9974 0.0502
vn 0.0598 -0.2788 -0.9585
vn -0.0337 0.7196 -0.6936
vn 0.7582 0.5064 -0.4108
vn 0.7042 -0.2528 -0.6635
vn 0.6707 0.2246 -0.7069
vn 0.1188 -0.3748 -0.9194
vn -0.3204 -0.6588 -0.6807
vn 0.3368 -0.3474 -0.8752
vn -0.2282 -0.9706 -0.0764
vn 0.5347 0.7646 -0.3599
vn 0.2917 -0.5909 -0.7522
vn 0.8141 -0.0203 -0.5804
vn -0.1905 0.0595 -0.9799
vn 0.0158 -0.1896 -0.9817
vn 0.1995 -0.1623 -0.9664
vn 0.7659 -0.5321 -0.3609
vn 0.3738 -0.7765 0.5073
vn 0.4362 -0.6814 0.5877
vn 0.3081 -0.7586 0.5740
vn 0.2911 -0.8875 0.3573
vn 0.2969 -0.8110 0.5041
vn 0.2086 0.7690 0.6043
vn 0.2077 0.7435 0.6356
vn 0.4016 0.7217 0.5639
vn -0.0285 -0.9369 0.3486
vn 0.0976 -0.4438 0.8908
vn 0.7316 -0.0593 0.6792
vn 0.7203 -0.6924 0.0423
vn -0.3879 -0.7987 0.4600
vn -0.0000 -0.7115 0.7027
vn 0.8287 0.3592 -0.4292
vn 0.7215 -0.6909 0.0459
vn 0.4633 -0.6795 0.5689
vn -0.0136 -0.9065 0.4220
vn -0.2345 -0.9420 0.2403
vn 0.5404 0.5783 0.6112
vn 0.1633 -0.9425 0.2916
vn -0.0238 -0.8740 0.4854
vn 0.5484 0.6050 0.5773
vn 0.7438 0.4814 0.4636
vn 0.3035 0.6018 0.7387
vn 0.3008 0.8991 0.3179
vn -0.3623 -0.6005 0.7129
vn -0.0072 -0.9028 0.4299
vn -0.5701 -0.7366 0.3639
vn 0.5592 0.5761 -0.5962
vn 0.6050 0.6038 -0.5190
vn 0.7602 -0.4791 -0.4389
vn 0.9252 -0.3666 -0.0976
vn -0.7053 -0.6121 0.3576
vn 0.0980 -0.9948 -0.0289
vn -0.8812 -0.3028 -0.3632
vn -0.9085 -0.0908 -0.4079
vn -0.0899 -0.5783 0.8108
vn -0.1462 -0.8804 0.4511
vn 0.0454 -0.8327 0.5518
vn 0.0639 -0.8367 0.5439
vn 0.0192 -0.7462 0.6655
vn -0.0311 -0.8887 0.4574
vn 0.2536 -0.8393 0.4809
vn 0.4548 -0.7578 -0.4678
vn -0.0815 -0.9437 0.3206
vn -0.6069 -0.7638 0.2197
vn -0.5685 -0.7695 0.2909
vn -0.6577 -0.6761 0.3322
vn -0.2016 -0.8721 0.4458
vn -0.1721 -0.8123 0.5573
vn -0.7783 -0.5502 0.3026
vn -0.5869 -0.0194 0.8094
vn -0.3349 -0.6688 0.6638
vn -0.3799 -0.5910 0.7116
vn -0.3568 -0.7627 0.5395
vn -0.0596 -0.9941 -0.0911
vn 0.7480 -0.0829 -0.6585
vn 0.8017 0.3669 -0.4719
vn -0.2452 -0.7446 0.6209
vn -0.0850 -0.8559 0.5101
vn -0.4038 -0.8394 0.3639
vn -0.9398 -0.2537 -0.2288
vn -0.6089 -0.6630 0.4354
vn -0.8287 -0.4663 0.3094
vn -0.5357 -0.0016 0.8444
vn -0.0574 -0.8163 0.5748
vn 0.0898 -0.8281 0.5534
vn -0.0307 -0.9397 0.3407
vn 0.1530 -0.9630 0.2217
vn 0.2209 -0.9622 0.1593
vn 0.3151 -0.7362 0.5989
vn 0.3400 -0.7218 0.6028
vn 0.0776 -0.8525 0.5169
vn -0.6664 0.4086 0.6236
vn -0.4983 -0.0823 0.8631
vn -0.7135 -0.4285 0.5544
vn -0.4401 -0.0574 0.8961
vn -0.6175 -0.1305 0.7757
vn -0.1289 0.1130 0.9852
vn -0.6551 0.1185 0.7462
vn -0.6410 0.1005 0.7609
vn 0.2221 0.0249 0.9747
vn -0.3293 0.2199 0.9183
vn -0.6386 0.3662 0.6768
vn -0.3218 0.6703 0.6687
vn -0.4147 0.5426 0.7305
vn -0.2823 0.5464 0.7886
vn -0.1629 0.7299 0.6639
vn -0.3263 0.7477 0.5783
vn 0.8807 0.4599 0.1139
vn 0.4297 -0.8826 0.1906
vn 0.8388 0.4494 -0.3073
vn 0.7580 0.6329 -0.1579
vn -0.2174 0.7278 0.6504
vn -0.6904 0.7073 0.1521
vn -0.2133 -0.0794 0.9738
vn -0.6634 0.7365 0.1322
vn -0.0956 0.5443 0.8334
vn 0.4349 -0.6932 0.5748
vn 0.3204 -0.8557 0.4063
vn 0.2584 -0.8768 0.4054
vn 0.5237 -0.8059 0.2762
vn 0.2739 -0.8628 0.4250
vn 0.4214 -0.7008 0.5755
vn 0.1520 0.8182 0.5545
vn 0.2304 0.6442 0.7293
vn 0.0454 0.7984 0.6004
vn 0.7903 -0.5302 0.3071
vn 0.0744 0.8062 0.5870
vn 0.0069 0.6390 0.7692
vn -0.0532 0.8197 0.5704
vn 0.2713 -0.8838 0.3812
vn -0.0947 0.6478 0.7559
vn 0.0408 -0.4151 0.9089
vn -0.1689 0.7293 0.6630
vn 0.3692 0.0277 0.9289
vn 0.2608 0.9602 0.1001
vn 0.6433 -0.2951 -0.7065
vn 0.9780 -0.1958 -0.0714
vn 0.8045 0.3916 0.4465
vn 0.8621 0.3141 0.3977
vn -0.2245 0.6723 0.7055
vn -0.2027 0.6847 0.7001
vn 0.5966 -0.5986 0.5345
vn 0.6485 -0.5911 0.4797
vn 0.7543 -0.3823 0.5338
vn 0.6751 -0.3883 0.6273
vn 0.9048 -0.2075 -0.3717
vn 0.9783 0.1454 -0.1478
vn 0.6451 -0.4935 0.5834
vn 0.7361 -0.3837 0.5576
vn 0.2466 0.7488 0.6152
vn 0.1734 0.7949 0.5814
vn 0.9426 0.0388 0.3315
vn 0.0099 0.9997 -0.0224
vn -0.0076 0.7557 0.6549
vn 0.0082 0.7352 0.6778
vn 0.0151 0.9995 -0.0284
vn 0.0094 0.7350 0.6780
vn 0.7103 0.1890 0.6781
vn 0.7010 0.2008 0.6843
vn 0.7597 0.3428 0.5526
vn 0.6022 0.2799 0.7477
vn 0.7502 0.2151 0.6253
vn 0.6368 0.4655 0.6147
vn 0.6212 0.4779 0.6211
vn 0.5459 0.3121 0.7776
vn 0.6942 0.0915 0.7139
vn 0.6849 0.1976 0.7013
vn 0.7542 -0.1940 0.6274
vn 0.8052 -0.0847 0.5869
vn 0.6473 0.4100 0.6426
vn 0.7292 -0.3507 0.5875
vn 0.7537 -0.3703 0.5430
vn 0.6629 -0.4076 0.6281
vn 0.7363 -0.6302 0.2464
vn 0.7781 -0.5503 0.3027
vn 0.6578 -0.6759 0.3322
vn 0.5685 -0.7696 0.2909
vt 0.228592 0.061505
vt 0.208093 0.061505
vt 0.228592 0.099034
vt 0.145905 0.723382
vt 0.145152 0.713258
vt 0.143207 0.713586
vt 0.208093 0.100133
vt 0.188346 0.061505
vt 0.188346 0.101640
vt 0.169672 0.061505
vt 0.169672 0.102458
vt 0.152608 0.061505
vt 0.152608 0.103362
vt 0.131787 0.061505
vt 0.131787 0.104374
vt 0.112791 0.061505
vt 0.112791 0.105580
vt 0.143081 0.723513
vt 0.091326 0.105085
vt 0.091326 0.061505
vt 0.142642 0.733900
vt 0.069647 0.061505
vt 0.069647 0.104073
vt 0.049899 0.061505
vt 0.049899 0.103427
vt 0.144148 0.722987
vt 0.141952 0.729693
vt 0.143897 0.730021
vt 0.030367 0.102953
vt 0.030367 0.061505
vt 0.008902 0.103147
vt 0.008902 0.061505
vt 0.146093 0.722987
vt 0.143583 0.713455
vt 0.145403 0.723184
vt 0.142768 0.723644
vt 0.142642 0.733111
vt 0.143332 0.711614
vt 0.143270 0.727326
vt 0.145465 0.727194
vt 0.142893 0.734755
vt 0.144901 0.723907
vt 0.142266 0.723644
vt 0.143395 0.709576
vt 0.011294 0.620195
vt 0.015012 0.620915
vt 0.023288 0.618755
vt 0.068505 0.619355
vt 0.071024 0.618035
vt 0.063228 0.617915
vt 0.060898 0.682689
vt 0.073947 0.670067
vt 0.054562 0.649885
vt 0.085177 0.686567
vt 0.064913 0.715624
vt 0.085051 0.715821
vt 0.060459 0.724170
vt 0.081852 0.746390
vt 0.062027 0.743498
vt 0.026268 0.955311
vt 0.014223 0.918365
vt 0.013282 0.952353
vt 0.012592 0.977991
vt 0.029656 0.882077
vt 0.028276 0.921324
vt 0.038000 0.922507
vt 0.023884 0.977071
vt 0.014160 0.990745
vt 0.043583 0.953602
vt 0.056005 0.922704
vt 0.013659 0.878659
vt 0.013031 0.838295
vt 0.032793 0.841844
vt 0.015227 0.794052
vt 0.044336 0.885035
vt 0.067925 0.886547
vt 0.073759 0.867549
vt 0.057950 0.853678
vt 0.890814 0.791571
vt 0.896811 0.780530
vt 0.888535 0.786170
vt 0.052617 0.842765
vt 0.063909 0.800231
vt 0.016231 0.754805
vt 0.034549 0.717202
vt 0.016482 0.716347
vt 0.900649 0.789171
vt 0.896571 0.788571
vt 0.904247 0.788211
vt 0.040070 0.758684
vt 0.037247 0.797339
vt 0.071940 0.765455
vt 0.049355 0.740408
vt 0.046281 0.728115
vt 0.047975 0.715624
vt 0.050296 0.695968
vt 0.900889 0.724485
vt 0.901848 0.725565
vt 0.908445 0.727245
vt 0.036494 0.673682
vt 0.016670 0.670724
vt 0.055691 0.953470
vt 0.070622 0.962806
vt 0.067862 0.930199
vt 0.070999 0.970366
vt 0.045089 0.978517
vt 0.082291 0.959716
vt 0.103872 0.965501
vt 0.082730 0.989693
vt 0.095152 0.949723
vt 0.079844 0.930133
vt 0.090070 0.908965
vt 0.102053 0.938022
vt 0.114662 0.933420
vt 0.107385 0.902785
vt 0.082918 0.893319
vt 0.095152 0.879645
vt 0.100233 0.870507
vt 0.112529 0.828039
vt 0.130158 0.826987
vt 0.128590 0.793066
vt 0.126206 0.759736
vt 0.111651 0.759538
vt 0.106507 0.793066
vt 0.101739 0.797076
vt 0.118615 0.865905
vt 0.088564 0.835139
vt 0.122818 0.899827
vt 0.126143 0.932171
vt 0.125453 0.960570
vt 0.113972 0.962411
vt 0.128213 0.978583
vt 0.134675 0.979635
vt 0.140823 0.990745
vt 0.141199 0.980621
vt 0.293273 0.451460
vt 0.280559 0.469701
vt 0.280559 0.463461
vt 0.138188 0.960044
vt 0.136055 0.932434
vt 0.134612 0.899564
vt 0.280439 0.469341
vt 0.293393 0.451220
vt 0.280559 0.463101
vt 0.133922 0.864919
vt 0.077335 0.806082
vt 0.154142 0.280564
vt 0.157261 0.280204
vt 0.151024 0.280084
vt 0.095654 0.781627
vt 0.101551 0.771897
vt 0.100108 0.760919
vt 0.096908 0.744944
vt 0.107260 0.724696
vt 0.123257 0.721541
vt 0.123696 0.704120
vt 0.245057 0.218878
vt 0.250094 0.221519
vt 0.240139 0.221519
vt 0.962058 0.598113
vt 0.972853 0.598353
vt 0.984967 0.603394
vt 0.984967 0.427337
vt 0.972853 0.430938
vt 0.962058 0.430938
vt 0.805297 0.801292
vt 0.801818 0.797811
vt 0.802418 0.795411
vt 0.774232 0.785210
vt 0.775911 0.783170
vt 0.782628 0.788090
vt 0.791863 0.791451
vt 0.785866 0.789171
vt 0.791983 0.791331
vt 0.793782 0.790971
vt 0.793543 0.792411
vt 0.801099 0.798531
vt 0.015612 0.625236
vt 0.018970 0.623915
vt 0.027966 0.622955
vt 0.021849 0.632436
vt 0.024367 0.630156
vt 0.040679 0.626916
vt 0.037441 0.636757
vt 0.043798 0.636757
vt 0.055432 0.631596
vt 0.053873 0.623195
vt 0.040679 0.634716
vt 0.060469 0.630876
vt 0.062868 0.624996
vt 0.066346 0.625116
vt 0.040799 0.603274
vt 0.011654 0.601353
vt 0.354186 0.806608
vt 0.368740 0.808449
vt 0.378402 0.806476
vt 0.376896 0.803518
vt 0.365478 0.799114
vt 0.351488 0.798653
vt 0.356946 0.815549
vt 0.334926 0.808909
vt 0.338376 0.818507
vt 0.012253 0.607474
vt 0.359142 0.820676
vt 0.385240 0.825870
vt 0.384487 0.820545
vt 0.378527 0.812590
vt 0.009135 0.609154
vt 0.007096 0.601233
vt 0.007816 0.596793
vt 0.348853 0.796090
vt 0.010934 0.588992
vt 0.010334 0.580831
vt 0.016451 0.584312
vt 0.011774 0.576991
vt 0.359455 0.795104
vt 0.358389 0.792342
vt 0.348602 0.791948
vt 0.335992 0.796287
vt 0.324198 0.804504
vt 0.319869 0.807791
vt 0.321626 0.812130
vt 0.313408 0.812722
vt 0.015612 0.576871
vt 0.026526 0.574351
vt 0.313659 0.815417
vt 0.321689 0.817389
vt 0.019090 0.566790
vt 0.040199 0.556589
vt 0.040439 0.567390
vt 0.053633 0.571951
vt 0.053753 0.562230
vt 0.024607 0.567630
vt 0.028685 0.561990
vt 0.056511 0.566790
vt 0.062148 0.566910
vt 0.065387 0.585512
vt 0.066946 0.576991
vt 0.500045 0.461014
vt 0.495403 0.460291
vt 0.495340 0.452271
vt 0.500735 0.452271
vt 0.508828 0.452271
vt 0.508954 0.459174
vt 0.520371 0.452271
vt 0.521313 0.456610
vt 0.526457 0.452271
vt 0.525704 0.456478
vt 0.479343 0.562385
vt 0.464537 0.568565
vt 0.467046 0.562385
vt 0.479845 0.573889
vt 0.499543 0.574810
vt 0.069465 0.601353
vt 0.071744 0.607474
vt 0.497348 0.562385
vt 0.513910 0.467983
vt 0.500547 0.465748
vt 0.523006 0.461146
vt 0.075462 0.606514
vt 0.075462 0.598713
vt 0.074023 0.594033
vt 0.071384 0.588512
vt 0.071384 0.580591
vt 0.071024 0.577231
vt 0.180033 0.756120
vt 0.178339 0.767887
vt 0.203056 0.756843
vt 0.185365 0.742775
vt 0.174324 0.744550
vt 0.184738 0.747114
vt 0.175265 0.741000
vt 0.187184 0.738830
vt 0.203245 0.742643
vt 0.367156 0.721244
vt 0.353962 0.681881
vt 0.384667 0.696042
vt 0.380589 0.681161
vt 0.390904 0.663879
vt 0.401459 0.678160
vt 0.399180 0.665559
vt 0.406256 0.670720
vt 0.167611 0.749283
vt 0.153997 0.755923
vt 0.152492 0.759801
vt 0.164662 0.760722
vt 0.153056 0.766967
vt 0.146532 0.777420
vt 0.146218 0.784059
vt 0.177837 0.774593
vt 0.203182 0.769859
vt 0.223759 0.766638
vt 0.224135 0.759012
vt 0.379750 0.665679
vt 0.363917 0.661959
vt 0.348805 0.661599
vt 0.233483 0.763286
vt 0.233295 0.759933
vt 0.224637 0.754674
vt 0.552103 0.792771
vt 0.541429 0.821454
vt 0.534232 0.795891
vt 0.218928 0.751124
vt 0.527036 0.810893
vt 0.514202 0.804292
vt 0.445597 0.803932
vt 0.433603 0.811013
vt 0.426886 0.795171
vt 0.407816 0.792891
vt 0.418010 0.821574
vt 0.250214 0.717044
vt 0.250094 0.719444
vt 0.249495 0.719564
vt 0.250934 0.722204
vt 0.251294 0.722204
vt 0.251174 0.724605
vt 0.320619 0.653558
vt 0.318100 0.646237
vt 0.350844 0.653918
vt 0.304938 0.753030
vt 0.304499 0.770648
vt 0.284424 0.762891
vt 0.278339 0.750335
vt 0.294085 0.738962
vt 0.275202 0.762234
vt 0.346886 0.639277
vt 0.310904 0.622235
vt 0.338730 0.609274
vt 0.303708 0.610234
vt 0.272191 0.769991
vt 0.324097 0.598593
vt 0.287310 0.776236
vt 0.333932 0.597033
vt 0.338010 0.590672
vt 0.357561 0.579991
vt 0.370394 0.595713
vt 0.308326 0.782876
vt 0.363798 0.580351
vt 0.323696 0.783862
vt 0.369195 0.576271
vt 0.327210 0.774987
vt 0.381909 0.573271
vt 0.327147 0.760787
vt 0.323947 0.749875
vt 0.324637 0.742840
vt 0.321187 0.736004
vt 0.314600 0.734820
vt 0.403378 0.587672
vt 0.395822 0.575311
vt 0.402298 0.572071
vt 0.412853 0.576151
vt 0.412133 0.588512
vt 0.416091 0.574951
vt 0.432163 0.590312
vt 0.433243 0.577711
vt 0.436001 0.581312
vt 0.445117 0.594273
vt 0.441639 0.583232
vt 0.445717 0.579271
vt 0.457831 0.598113
vt 0.459030 0.583592
vt 0.460829 0.587072
vt 0.482418 0.604114
vt 0.479780 0.592833
vt 0.482538 0.595113
vt 0.485297 0.592833
vt 0.267046 0.711680
vt 0.270058 0.710431
vt 0.265603 0.700307
vt 0.504727 0.587192
vt 0.508085 0.597993
vt 0.506646 0.583952
vt 0.322128 0.680519
vt 0.330409 0.682163
vt 0.326833 0.675786
vt 0.321689 0.670724
vt 0.314600 0.674537
vt 0.305566 0.687356
vt 0.307134 0.702345
vt 0.319493 0.692418
vt 0.317172 0.685121
vt 0.317423 0.680256
vt 0.323696 0.685713
vt 0.325202 0.694719
vt 0.520319 0.579031
vt 0.325139 0.705040
vt 0.320497 0.702673
vt 0.318176 0.710562
vt 0.520799 0.594393
vt 0.524397 0.583112
vt 0.533633 0.590672
vt 0.530394 0.580591
vt 0.323257 0.712272
vt 0.533033 0.577591
vt 0.550424 0.574231
vt 0.553543 0.588632
vt 0.328464 0.714046
vt 0.563857 0.571951
vt 0.569735 0.575311
vt 0.562298 0.587672
vt 0.330785 0.706223
vt 0.585087 0.573511
vt 0.331977 0.693667
vt 0.553663 0.574831
vt 0.596601 0.595353
vt 0.597201 0.576391
vt 0.308138 0.675194
vt 0.310836 0.666648
vt 0.629345 0.590672
vt 0.633423 0.597033
vt 0.629105 0.609394
vt 0.304374 0.669278
vt 0.289882 0.679730
vt 0.286181 0.696100
vt 0.601759 0.579751
vt 0.285679 0.711943
vt 0.607995 0.579271
vt 0.306130 0.713126
vt 0.640859 0.597153
vt 0.656811 0.622355
vt 0.321124 0.715887
vt 0.273696 0.697743
vt 0.270748 0.687225
vt 0.266356 0.684529
vt 0.284550 0.676115
vt 0.304625 0.721409
vt 0.317737 0.720423
vt 0.663887 0.610474
vt 0.649375 0.646237
vt 0.283859 0.718451
vt 0.620949 0.639157
vt 0.590124 0.632796
vt 0.560379 0.631116
vt 0.266858 0.712666
vt 0.512403 0.638797
vt 0.266858 0.686436
vt 0.533872 0.633996
vt 0.482538 0.637237
vt 0.454232 0.638917
vt 0.431804 0.634116
vt 0.405537 0.631356
vt 0.376871 0.633036
vt 0.363678 0.650198
vt 0.380109 0.653558
vt 0.391504 0.657278
vt 0.405537 0.651638
vt 0.421129 0.648878
vt 0.432043 0.640717
vt 0.533633 0.640597
vt 0.545387 0.648998
vt 0.560499 0.651398
vt 0.575132 0.657158
vt 0.586886 0.653198
vt 0.604037 0.651038
vt 0.616991 0.653798
vt 0.026166 0.528147
vt 0.026166 0.508705
vt 0.042238 0.528147
vt 0.026166 0.550829
vt 0.009975 0.528147
vt 0.646736 0.653558
vt 0.559780 0.671200
vt 0.567336 0.665919
vt 0.565057 0.678760
vt 0.296031 0.217678
vt 0.280679 0.192356
vt 0.301669 0.208677
vt 0.581489 0.698802
vt 0.586646 0.682001
vt 0.598040 0.721604
vt 0.276721 0.200997
vt 0.613153 0.682481
vt 0.603078 0.662439
vt 0.618190 0.661959
vt 0.277321 0.210718
vt 0.274442 0.219358
vt 0.274202 0.229559
vt 0.287636 0.230879
vt 0.301189 0.227039
vt 0.731773 0.660759
vt 0.753243 0.679120
vt 0.751324 0.663879
vt 0.751444 0.627396
vt 0.730094 0.649118
vt 0.706466 0.665079
vt 0.724937 0.668800
vt 0.713663 0.674920
vt 0.587366 0.666399
vt 0.575252 0.664719
vt 0.716301 0.689201
vt 0.428445 0.849416
vt 0.441279 0.848096
vt 0.440079 0.858057
vt 0.440799 0.825894
vt 0.429165 0.840175
vt 0.418610 0.853977
vt 0.425327 0.857697
vt 0.432523 0.863697
vt 0.440679 0.861177
vt 0.254412 0.728205
vt 0.252013 0.725685
vt 0.249255 0.724965
vt 0.441159 0.868738
vt 0.246736 0.722564
vt 0.250454 0.721364
vt 0.432523 0.870898
vt 0.253333 0.718964
vt 0.249015 0.719084
vt 0.424487 0.869698
vt 0.246376 0.715484
vt 0.251174 0.715244
vt 0.424367 0.863457
vt 0.425567 0.858057
vt 0.424847 0.852176
vt 0.276601 0.200997
vt 0.248535 0.712724
vt 0.301189 0.226919
vt 0.249015 0.728925
vt 0.249135 0.726045
vt 0.245177 0.727845
vt 0.248655 0.722444
vt 0.253573 0.724125
vt 0.251774 0.721844
vt 0.251534 0.717644
vt 0.255012 0.720164
vt 0.254172 0.718484
vt 0.248295 0.714164
vt 0.251414 0.715964
vt 0.247936 0.712124
vt 0.251414 0.713804
vt 0.246736 0.710443
vt 0.245777 0.709243
vt 0.432643 0.870898
vt 0.249375 0.725085
vt 0.252013 0.725925
vt 0.246736 0.722444
vt 0.250094 0.721604
vt 0.253453 0.719084
vt 0.249015 0.719324
vt 0.246376 0.715724
vt 0.251054 0.715484
vt 0.248535 0.712844
vt 0.249135 0.728805
vt 0.244937 0.728205
vt 0.248535 0.722444
vt 0.251774 0.721964
vt 0.255132 0.720284
vt 0.251414 0.717764
vt 0.254172 0.718724
vt 0.248175 0.714164
vt 0.251174 0.715964
vt 0.247816 0.712244
vt 0.251294 0.713924
vt 0.246976 0.710563
vt 0.249135 0.711883
vt 0.247936 0.711283
vt 0.248775 0.714164
vt 0.247576 0.714284
vt 0.250934 0.720044
vt 0.249495 0.720164
vt 0.247816 0.728205
vt 0.250454 0.727845
vt 0.248415 0.711283
vt 0.249495 0.711883
vt 0.248175 0.714404
vt 0.249375 0.714284
vt 0.249015 0.720764
vt 0.250454 0.720644
vt 0.250574 0.727845
vt 0.389345 0.029261
vt 0.393303 0.009099
vt 0.393303 0.029381
vt 0.389944 0.009099
vt 0.252613 0.717284
vt 0.251894 0.719804
vt 0.251654 0.719684
vt 0.249375 0.722084
vt 0.249135 0.721964
vt 0.248775 0.724005
vt 0.387786 0.008979
vt 0.387066 0.029141
vt 0.383828 0.042582
vt 0.386346 0.048943
vt 0.393303 0.048943
vt 0.401099 0.048583
vt 0.397261 0.029261
vt 0.399540 0.029021
vt 0.403258 0.041982
vt 0.812493 0.959706
vt 0.806976 0.938104
vt 0.836961 0.959706
vt 0.835282 0.939424
vt 0.854352 0.959706
vt 0.854472 0.939784
vt 0.872703 0.959706
vt 0.398820 0.009099
vt 0.396661 0.009099
vt 0.873063 0.939544
vt 0.889135 0.959706
vt 0.890214 0.939664
vt 0.906406 0.959706
vt 0.905926 0.939664
vt 0.408295 0.046783
vt 0.409375 0.053983
vt 0.417890 0.044622
vt 0.401459 0.058304
vt 0.925117 0.959706
vt 0.923318 0.940384
vt 0.942268 0.959706
vt 0.942028 0.940624
vt 0.961698 0.959706
vt 0.962298 0.939664
vt 0.984487 0.959706
vt 0.988565 0.937744
vt 0.961099 0.931864
vt 0.987246 0.928383
vt 0.975851 0.901501
vt 0.393303 0.059384
vt 0.384667 0.059144
vt 0.376871 0.054343
vt 0.378550 0.047383
vt 0.957021 0.904621
vt 0.369075 0.044982
vt 0.955941 0.859497
vt 0.974772 0.857937
vt 0.955582 0.842215
vt 0.424367 0.011139
vt 0.411774 0.008139
vt 0.423887 0.008139
vt 0.411294 0.011019
vt 0.425207 0.017980
vt 0.410334 0.017980
vt 0.410094 0.023620
vt 0.974532 0.837055
vt 0.955701 0.819173
vt 0.974412 0.803692
vt 0.424727 0.024100
vt 0.412613 0.029141
vt 0.421249 0.029381
vt 0.937830 0.804412
vt 0.937950 0.820013
vt 0.938550 0.842575
vt 0.938910 0.859977
vt 0.416331 0.032861
vt 0.395822 0.126710
vt 0.405297 0.120109
vt 0.391983 0.119509
vt 0.382508 0.123470
vt 0.387786 0.131870
vt 0.955701 0.802372
vt 0.394382 0.138951
vt 0.939749 0.906301
vt 0.401099 0.134031
vt 0.409015 0.126230
vt 0.416691 0.118069
vt 0.413573 0.098987
vt 0.941429 0.933184
vt 0.401819 0.106908
vt 0.923198 0.932464
vt 0.872943 0.932344
vt 0.390184 0.111108
vt 0.379510 0.114589
vt 0.378550 0.103908
vt 0.905926 0.932704
vt 0.889974 0.932224
vt 0.388865 0.101028
vt 0.855072 0.932464
vt 0.398340 0.095267
vt 0.408775 0.085186
vt 0.427126 0.084106
vt 0.423408 0.068024
vt 0.452073 0.061544
vt 0.435402 0.069225
vt 0.443438 0.075465
vt 0.873183 0.906541
vt 0.889974 0.906301
vt 0.906286 0.906661
vt 0.922718 0.906301
vt 0.447156 0.054103
vt 0.919240 0.859857
vt 0.463588 0.055063
vt 0.458550 0.043182
vt 0.428925 0.102708
vt 0.436721 0.088666
vt 0.918520 0.842455
vt 0.434322 0.041502
vt 0.917561 0.820493
vt 0.916841 0.806452
vt 0.440799 0.035261
vt 0.462508 0.032621
vt 0.482178 0.031301
vt 0.902568 0.859137
vt 0.481579 0.039822
vt 0.500529 0.050983
vt 0.499570 0.042462
vt 0.483858 0.049903
vt 0.503648 0.032981
vt 0.901609 0.810893
vt 0.901968 0.833935
vt 0.478460 0.057223
vt 0.888655 0.859377
vt 0.887695 0.817853
vt 0.487816 0.058544
vt 0.887695 0.809332
vt 0.873662 0.808252
vt 0.495732 0.066224
vt 0.504967 0.059744
vt 0.510964 0.055663
vt 0.516601 0.049303
vt 0.519959 0.039102
vt 0.442718 0.010179
vt 0.442718 0.009099
vt 0.444037 0.008259
vt 0.873902 0.859617
vt 0.857591 0.859737
vt 0.857351 0.807892
vt 0.445357 0.009099
vt 0.841998 0.816653
vt 0.842478 0.805492
vt 0.445477 0.010179
vt 0.821848 0.804412
vt 0.458550 0.043302
vt 0.434322 0.041622
vt 0.408895 0.085186
vt 0.820769 0.837535
vt 0.413573 0.098867
vt 0.398460 0.095267
vt 0.392103 0.119509
vt 0.390304 0.111108
vt 0.401938 0.106908
vt 0.379630 0.114589
vt 0.382628 0.123470
vt 0.840799 0.859497
vt 0.378670 0.103908
vt 0.405417 0.120109
vt 0.856151 0.906061
vt 0.387906 0.131870
vt 0.401099 0.133911
vt 0.394502 0.138831
vt 0.820649 0.858417
vt 0.839240 0.904501
vt 0.409015 0.126110
vt 0.429045 0.102708
vt 0.818490 0.901741
vt 0.836481 0.931264
vt 0.463468 0.055183
vt 0.483738 0.050023
vt 0.481459 0.039942
vt 0.807815 0.928023
vt 0.499450 0.042462
vt 0.500409 0.051103
vt 0.487696 0.058664
vt 0.495612 0.066344
vt 0.516481 0.049423
vt 0.803857 0.981068
vt 0.816811 0.984308
vt 0.809015 0.970147
vt 0.851114 0.970147
vt 0.850754 0.987309
vt 0.860949 0.988029
vt 0.413932 0.009939
vt 0.410454 0.018460
vt 0.410454 0.008859
vt 0.413932 0.017380
vt 0.416211 0.010899
vt 0.830964 0.970147
vt 0.831324 0.986349
vt 0.416211 0.016060
vt 0.842358 0.990789
vt 0.419210 0.014860
vt 0.871384 0.986829
vt 0.870424 0.970147
vt 0.419210 0.011859
vt 0.880619 0.987309
vt 0.888415 0.970147
vt 0.430364 0.014860
vt 0.888175 0.981788
vt 0.896211 0.983108
vt 0.905327 0.970147
vt 0.430364 0.012099
vt 0.372313 0.016780
vt 0.360799 0.009099
vt 0.371234 0.009099
vt 0.360679 0.016660
vt 0.359959 0.026741
vt 0.373153 0.026741
vt 0.903288 0.981548
vt 0.911324 0.987909
vt 0.923438 0.970147
vt 0.921519 0.986829
vt 0.933273 0.988509
vt 0.944787 0.970147
vt 0.944787 0.987669
vt 0.965656 0.986349
vt 0.977650 0.984668
vt 0.964337 0.970147
vt 0.984367 0.970147
vt 0.989405 0.980948
vt 0.955222 0.989589
vt 0.358640 0.064664
vt 0.365477 0.069585
vt 0.358640 0.076785
vt 0.363318 0.088426
vt 0.363198 0.096947
vt 0.358640 0.094187
vt 0.358640 0.097547
vt 0.358640 0.089026
vt 0.358640 0.102588
vt 0.363798 0.105948
vt 0.358640 0.106788
vt 0.358640 0.110388
vt 0.363917 0.113869
vt 0.358640 0.113869
vt 0.358640 0.118429
vt 0.363798 0.122870
vt 0.358640 0.122389
vt 0.358640 0.130430
vt 0.363917 0.132230
vt 0.358640 0.135471
vt 0.363078 0.141231
vt 0.358640 0.126110
vt 0.358640 0.140991
vt 0.363318 0.151312
vt 0.358640 0.145432
vt 0.358640 0.150472
vt 0.358640 0.159113
vt 0.365837 0.167394
vt 0.358640 0.169194
vt 0.442118 0.856617
vt 0.557261 0.962106
vt 0.546346 0.967267
vt 0.548985 0.969307
vt 0.557621 0.965227
vt 0.569854 0.966547
vt 0.567696 0.968707
vt 0.575372 0.975308
vt 0.572133 0.975788
vt 0.570334 0.982988
vt 0.573093 0.984428
vt 0.564937 0.989709
vt 0.563857 0.987189
vt 0.555462 0.990549
vt 0.556181 0.987909
vt 0.549824 0.983708
vt 0.547546 0.985269
vt 0.542748 0.976028
vt 0.545986 0.976388
vt 0.744727 0.164753
vt 0.750004 0.155873
vt 0.755762 0.162593
vt 0.755042 0.171114
vt 0.749765 0.174834
vt 0.734772 0.169194
vt 0.738850 0.174114
vt 0.738490 0.155633
vt 0.734052 0.161873
vt 0.744967 0.153472
vt 0.744247 0.175794
vt 0.824727 0.232080
vt 0.830604 0.222959
vt 0.835402 0.230399
vt 0.829405 0.242520
vt 0.834562 0.238920
vt 0.823767 0.243361
vt 0.818370 0.241320
vt 0.814172 0.236400
vt 0.818370 0.221279
vt 0.813573 0.228239
vt 0.825687 0.220078
vt 0.919000 0.424937
vt 0.920559 0.432738
vt 0.917920 0.424697
vt 0.919120 0.424097
vt 0.920799 0.433698
vt 0.149105 0.139551
vt 0.142388 0.139551
vt 0.145747 0.145432
vt 0.145747 0.133550
vt 0.152463 0.133550
vt 0.155942 0.139551
vt 0.152463 0.145432
vt 0.212313 0.119749
vt 0.209675 0.124430
vt 0.206916 0.119749
vt 0.209675 0.114949
vt 0.215072 0.114949
vt 0.217711 0.119749
vt 0.215072 0.124430
vt 0.348085 0.731445
vt 0.342568 0.734566
vt 0.342568 0.728205
vt 0.348085 0.737806
vt 0.353723 0.734686
vt 0.353723 0.728205
vt 0.348205 0.724965
vt 0.552583 0.036822
vt 0.563738 0.037062
vt 0.561579 0.030581
vt 0.555462 0.026261
vt 0.548025 0.026861
vt 0.543108 0.031061
vt 0.541429 0.036462
vt 0.546106 0.047143
vt 0.542508 0.041862
vt 0.554742 0.047863
vt 0.561339 0.042102
vt 0.917681 0.568350
vt 0.917920 0.557189
vt 0.911444 0.559350
vt 0.907006 0.565470
vt 0.907725 0.572911
vt 0.911803 0.577831
vt 0.922718 0.578431
vt 0.917201 0.579511
vt 0.927995 0.574831
vt 0.928595 0.566310
vt 0.922838 0.559590
vt 0.602238 0.047863
vt 0.614232 0.048823
vt 0.613033 0.041502
vt 0.606076 0.036702
vt 0.598040 0.037302
vt 0.593003 0.041502
vt 0.590964 0.046903
vt 0.591803 0.052543
vt 0.595402 0.057704
vt 0.611474 0.053743
vt 0.603917 0.058544
vt 0.782868 0.905701
vt 0.791983 0.911582
vt 0.784547 0.916382
vt 0.776031 0.915542
vt 0.772433 0.910382
vt 0.771594 0.904741
vt 0.773633 0.899341
vt 0.793663 0.899341
vt 0.786706 0.894540
vt 0.794862 0.906661
vt 0.778670 0.895140
vt 0.672643 0.676000
vt 0.662928 0.676000
vt 0.667726 0.684401
vt 0.677441 0.667599
vt 0.667726 0.667599
vt 0.682358 0.676000
vt 0.677441 0.684401
vt 0.972493 0.634356
vt 0.968295 0.635436
vt 0.965297 0.627756
vt 0.972493 0.624876
vt 0.979569 0.628116
vt 0.976211 0.635316
vt 0.987126 0.633156
vt 0.981848 0.634716
vt 0.972373 0.616955
vt 0.978010 0.616955
vt 0.986046 0.624876
vt 0.983408 0.617195
vt 0.963498 0.616715
vt 0.968415 0.616715
vt 0.960739 0.624275
vt 0.959540 0.633276
vt 0.963498 0.635076
vt 0.573453 0.459500
vt 0.568895 0.462021
vt 0.565777 0.455540
vt 0.579570 0.453740
vt 0.572133 0.451220
vt 0.579210 0.460941
vt 0.583288 0.459500
vt 0.587246 0.457820
vt 0.585087 0.449899
vt 0.581849 0.442219
vt 0.576571 0.443179
vt 0.571174 0.444739
vt 0.567096 0.444739
vt 0.559300 0.461181
vt 0.560139 0.453140
vt 0.563498 0.462381
vt 0.562298 0.445219
vt 0.801938 0.836335
vt 0.793543 0.849296
vt 0.776271 0.810413
vt 0.779869 0.852776
vt 0.764037 0.834535
vt 0.783947 0.867658
vt 0.809734 0.865378
vt 0.745447 0.828654
vt 0.752283 0.801292
vt 0.727696 0.797211
vt 0.635342 0.844616
vt 0.667366 0.832615
vt 0.641339 0.862017
vt 0.618070 0.853256
vt 0.630304 0.833695
vt 0.660289 0.808492
vt 0.693633 0.797691
vt 0.726856 0.822894
vt 0.696871 0.823614
vt 0.149945 0.170034
vt 0.141309 0.170034
vt 0.145627 0.177595
vt 0.145627 0.162593
vt 0.154262 0.162593
vt 0.158580 0.170034
vt 0.154262 0.177595
vt 0.208475 0.136671
vt 0.212313 0.143391
vt 0.204517 0.143391
vt 0.208475 0.150112
vt 0.216151 0.150112
vt 0.216151 0.136671
vt 0.220109 0.143391
vt 0.365477 0.752447
vt 0.375912 0.758448
vt 0.365477 0.764568
vt 0.355042 0.758448
vt 0.355042 0.770569
vt 0.365477 0.776569
vt 0.375912 0.770569
vt 0.934232 0.618395
vt 0.926556 0.614435
vt 0.929675 0.620795
vt 0.932913 0.610114
vt 0.940229 0.612634
vt 0.939989 0.619715
vt 0.948025 0.616715
vt 0.944067 0.618395
vt 0.937351 0.602073
vt 0.942628 0.600993
vt 0.931953 0.603634
vt 0.945866 0.608674
vt 0.923078 0.603994
vt 0.927875 0.603634
vt 0.920079 0.620075
vt 0.920919 0.611914
vt 0.924277 0.621275
vt 0.777111 0.217078
vt 0.780469 0.209877
vt 0.773393 0.216118
vt 0.766196 0.209637
vt 0.769195 0.217318
vt 0.773393 0.206637
vt 0.786946 0.206757
vt 0.788025 0.214918
vt 0.773273 0.198836
vt 0.778910 0.198836
vt 0.782628 0.216478
vt 0.784307 0.198956
vt 0.764397 0.216958
vt 0.760439 0.215038
vt 0.769315 0.198476
vt 0.764277 0.198476
vt 0.704667 0.920943
vt 0.728175 0.921543
vt 0.706226 0.899581
vt 0.761639 0.206157
vt 0.728175 0.903421
vt 0.721099 0.890100
vt 0.160619 0.869218
vt 0.156181 0.862857
vt 0.152343 0.870538
vt 0.149825 0.865978
vt 0.157981 0.876539
vt 0.150904 0.876299
vt 0.152343 0.880379
vt 0.694832 0.908101
vt 0.169615 0.878939
vt 0.161939 0.882179
vt 0.168535 0.873658
vt 0.728175 0.954306
vt 0.167096 0.868258
vt 0.154022 0.884339
vt 0.700109 0.954066
vt 0.705147 0.983708
vt 0.689675 0.986349
vt 0.671564 0.956466
vt 0.675762 0.989349
vt 0.659330 0.991149
vt 0.648895 0.956226
vt 0.640979 0.988749
vt 0.626106 0.983708
vt 0.166616 0.859377
vt 0.166976 0.864177
vt 0.158700 0.857217
vt 0.150664 0.856377
vt 0.627426 0.950585
vt 0.615192 0.975428
vt 0.613153 0.944585
vt 0.604517 0.964627
vt 0.599959 0.939304
vt 0.149345 0.860577
vt 0.728175 0.984188
vt 0.932433 0.619235
vt 0.925237 0.612754
vt 0.928235 0.620435
vt 0.939510 0.612994
vt 0.932313 0.609754
vt 0.936031 0.620195
vt 0.599959 0.951065
vt 0.941668 0.619595
vt 0.612073 0.933904
vt 0.622868 0.931864
vt 0.937950 0.601953
vt 0.946946 0.618035
vt 0.599959 0.935464
vt 0.611953 0.930904
vt 0.945866 0.609874
vt 0.943228 0.602073
vt 0.932313 0.601953
vt 0.928355 0.601593
vt 0.919360 0.618155
vt 0.920679 0.609274
vt 0.923318 0.620075
vt 0.616151 0.915302
vt 0.923318 0.601593
vt 0.635821 0.928623
vt 0.630304 0.911342
vt 0.615552 0.894780
vt 0.624067 0.893460
vt 0.612793 0.874738
vt 0.878100 0.073425
vt 0.873662 0.075945
vt 0.870424 0.069465
vt 0.883857 0.074745
vt 0.884217 0.067664
vt 0.876901 0.065144
vt 0.639540 0.934504
vt 0.646616 0.936064
vt 0.650694 0.935224
vt 0.887935 0.073425
vt 0.657291 0.934744
vt 0.891893 0.071745
vt 0.889854 0.063704
vt 0.881339 0.057103
vt 0.886496 0.056023
vt 0.667006 0.929823
vt 0.681759 0.916982
vt 0.875821 0.058664
vt 0.867066 0.059024
vt 0.871863 0.058664
vt 0.900529 0.747047
vt 0.904247 0.744646
vt 0.901129 0.729645
vt 0.906646 0.743206
vt 0.863947 0.075105
vt 0.864907 0.067064
vt 0.908445 0.741646
vt 0.868145 0.076305
vt 0.910364 0.739726
vt 0.911923 0.737566
vt 0.913123 0.735406
vt 0.913123 0.733005
vt 0.572013 0.460700
vt 0.567815 0.461901
vt 0.564817 0.454220
vt 0.912283 0.730125
vt 0.909285 0.727605
vt 0.572013 0.451220
vt 0.579210 0.454460
vt 0.575732 0.461661
vt 0.581369 0.461061
vt 0.582928 0.443539
vt 0.585567 0.451340
vt 0.734532 0.838255
vt 0.707306 0.856497
vt 0.734532 0.860697
vt 0.707785 0.875579
vt 0.692313 0.859977
vt 0.675042 0.875579
vt 0.686556 0.888780
vt 0.661369 0.899341
vt 0.586646 0.459500
vt 0.667486 0.905221
vt 0.577651 0.443419
vt 0.571893 0.443419
vt 0.645297 0.918542
vt 0.654292 0.922263
vt 0.563018 0.443059
vt 0.567935 0.443059
vt 0.559060 0.459620
vt 0.560379 0.450740
vt 0.767156 0.975668
vt 0.763558 0.968227
vt 0.762238 0.977708
vt 0.757321 0.973147
vt 0.759719 0.962346
vt 0.751324 0.970147
vt 0.742688 0.963307
vt 0.563018 0.461541
vt 0.770994 0.983348
vt 0.766676 0.984909
vt 0.738730 0.954426
vt 0.753123 0.925143
vt 0.739330 0.931864
vt 0.752763 0.905821
vt 0.684397 0.642997
vt 0.669765 0.642997
vt 0.677081 0.655718
vt 0.677081 0.630276
vt 0.755042 0.954546
vt 0.691714 0.630276
vt 0.754322 0.942905
vt 0.743168 0.909902
vt 0.756601 0.878219
vt 0.745926 0.886740
vt 0.758520 0.866458
vt 0.699150 0.642997
vt 0.691714 0.655718
vt 0.908325 0.747407
vt 0.906166 0.741406
vt 0.907845 0.744767
vt 0.905926 0.739726
vt 0.906646 0.733606
vt 0.909285 0.732525
vt 0.906886 0.730605
vt 0.904847 0.729045
vt 0.253093 0.722204
vt 0.253453 0.720884
vt 0.251894 0.721604
vt 0.251774 0.723165
vt 0.251054 0.722084
vt 0.249975 0.722204
vt 0.892493 0.790491
vt 0.888415 0.788451
vt 0.888655 0.790251
vt 0.885417 0.783290
vt 0.900169 0.786890
vt 0.897291 0.782810
vt 0.894892 0.787850
vt 0.892733 0.783290
vt 0.884337 0.785450
vt 0.249135 0.721724
vt 0.249855 0.723285
vt 0.247816 0.722204
vt 0.248775 0.720884
vt 0.247816 0.720764
vt 0.881818 0.782450
vt 0.879779 0.782090
vt 0.248415 0.719564
vt 0.249375 0.720164
vt 0.250454 0.719924
vt 0.861189 0.788330
vt 0.865746 0.784850
vt 0.865866 0.787610
vt 0.870304 0.782330
vt 0.870664 0.786170
vt 0.877141 0.777049
vt 0.250694 0.719084
vt 0.874862 0.783170
vt 0.881579 0.780290
vt 0.893453 0.788571
vt 0.904127 0.785810
vt 0.903168 0.790011
vt 0.251654 0.720284
vt 0.252733 0.719684
vt 0.252133 0.720884
vt 0.878460 0.783050
vt 0.887935 0.785450
vt 0.886016 0.789171
vt 0.893333 0.784370
vt 0.907246 0.790491
vt 0.471144 0.663759
vt 0.481459 0.669400
vt 0.481699 0.661479
vt 0.312583 0.025301
vt 0.309825 0.068625
vt 0.348205 0.068865
vt 0.348205 0.105348
vt 0.460349 0.661239
vt 0.310184 0.105948
vt 0.309705 0.143631
vt 0.348205 0.141951
vt 0.325897 0.170634
vt 0.491893 0.663759
vt 0.443078 0.688241
vt 0.432643 0.671200
vt 0.423168 0.674200
vt 0.348205 0.035502
vt 0.445717 0.663639
vt 0.439360 0.665919
vt 0.453513 0.665199
vt 0.348205 0.170634
vt 0.460829 0.667959
vt 0.481819 0.686681
vt 0.301549 0.170994
vt 0.277801 0.143871
vt 0.276841 0.170034
vt 0.461908 0.687281
vt 0.482418 0.716924
vt 0.247216 0.140031
vt 0.247456 0.164753
vt 0.278760 0.104628
vt 0.278880 0.068145
vt 0.275882 0.029741
vt 0.248175 0.099587
vt 0.447396 0.718244
vt 0.454952 0.763488
vt 0.462628 0.716924
vt 0.247096 0.031661
vt 0.250454 0.066944
vt 0.468505 0.762288
vt 0.273723 0.011139
vt 0.241579 0.009099
vt 0.425447 0.689441
vt 0.408535 0.692562
vt 0.414892 0.682721
vt 0.419810 0.721844
vt 0.462988 0.804172
vt 0.462988 0.820733
vt 0.474742 0.806212
vt 0.487096 0.819533
vt 0.501849 0.818453
vt 0.490814 0.848456
vt 0.439480 0.766128
vt 0.423408 0.770809
vt 0.430604 0.719564
vt 0.486616 0.811373
vt 0.462988 0.850376
vt 0.476901 0.876299
vt 0.478820 0.900661
vt 0.462988 0.928503
vt 0.480739 0.929103
vt 0.481339 0.958146
vt 0.398820 0.727605
vt 0.392103 0.710323
vt 0.375912 0.737086
vt 0.462988 0.875939
vt 0.462988 0.899941
vt 0.407816 0.778730
vt 0.462988 0.953466
vt 0.462988 0.973147
vt 0.462988 0.990789
vt 0.482898 0.983468
vt 0.483977 0.977228
vt 0.427366 0.779690
vt 0.446076 0.788931
vt 0.492733 0.959946
vt 0.496211 0.931264
vt 0.499210 0.901741
vt 0.489735 0.978068
vt 0.461309 0.789651
vt 0.495012 0.876659
vt 0.518160 0.847376
vt 0.472223 0.788811
vt 0.517201 0.827574
vt 0.481099 0.787970
vt 0.495372 0.789171
vt 0.482178 0.762048
vt 0.502088 0.763248
vt 0.519720 0.875338
vt 0.547546 0.848696
vt 0.513243 0.788211
vt 0.533872 0.780410
vt 0.520439 0.766248
vt 0.522358 0.904981
vt 0.507726 0.933424
vt 0.523318 0.936664
vt 0.499929 0.717524
vt 0.516481 0.982148
vt 0.523917 0.966667
vt 0.514682 0.964387
vt 0.513363 0.946625
vt 0.531714 0.720404
vt 0.514322 0.718724
vt 0.536871 0.689921
vt 0.543468 0.942185
vt 0.545147 0.910022
vt 0.562898 0.924183
vt 0.565777 0.914102
vt 0.583887 0.916022
vt 0.587846 0.899701
vt 0.519240 0.688481
vt 0.605237 0.913622
vt 0.501609 0.687521
vt 0.568775 0.885899
vt 0.545986 0.879299
vt 0.502088 0.668079
vt 0.570814 0.871378
vt 0.502448 0.661359
vt 0.508925 0.665319
vt 0.517321 0.663519
vt 0.085777 0.667959
vt 0.094172 0.669880
vt 0.085777 0.659679
vt 0.113963 0.681401
vt 0.126796 0.689321
vt 0.125477 0.680441
vt 0.522838 0.666039
vt 0.530154 0.671560
vt 0.102928 0.658959
vt 0.102808 0.674680
vt 0.124037 0.657639
vt 0.177051 0.693762
vt 0.183048 0.704323
vt 0.201039 0.689561
vt 0.213513 0.705283
vt 0.217951 0.685721
vt 0.554622 0.693162
vt 0.547786 0.682961
vt 0.542988 0.723045
vt 0.149465 0.677080
vt 0.154742 0.699882
vt 0.232343 0.697842
vt 0.238940 0.682361
vt 0.252973 0.667239
vt 0.230424 0.667839
vt 0.286676 0.651158
vt 0.249855 0.660399
vt 0.240019 0.636637
vt 0.539390 0.674320
vt 0.276721 0.618275
vt 0.260529 0.565950
vt 0.233663 0.611794
vt 0.220349 0.569550
vt 0.251414 0.522746
vt 0.215672 0.523946
vt 0.538430 0.771649
vt 0.253813 0.474142
vt 0.216751 0.473182
vt 0.564217 0.728205
vt 0.219030 0.449539
vt 0.201039 0.458900
vt 0.570814 0.713204
vt 0.586166 0.737686
vt 0.179690 0.472462
vt 0.180529 0.524786
vt 0.552103 0.778730
vt 0.256811 0.443899
vt 0.201159 0.612874
vt 0.194082 0.628836
vt 0.209315 0.645397
vt 0.183048 0.572911
vt 0.215312 0.669640
vt 0.193723 0.671320
vt 0.170454 0.675160
vt 0.169135 0.655238
vt 0.189045 0.650798
vt 0.168535 0.637597
vt 0.147306 0.655958
vt 0.146826 0.636037
vt 0.149105 0.613715
vt 0.124157 0.635436
vt 0.103528 0.636997
vt 0.085777 0.638437
vt 0.104008 0.612754
vt 0.124997 0.611674
vt 0.140709 0.578671
vt 0.110364 0.577951
vt 0.085777 0.577351
vt 0.085777 0.612754
vt 0.111204 0.555389
vt 0.112163 0.524666
vt 0.085777 0.524906
vt 0.085777 0.541108
vt 0.112163 0.484103
vt 0.138670 0.466101
vt 0.140709 0.476182
vt 0.143468 0.524786
vt 0.175612 0.615395
vt 0.152703 0.483503
vt 0.166496 0.479902
vt 0.907006 0.729285
vt 0.906046 0.729525
vt 0.906766 0.725805
vt 0.905686 0.726045
vt 0.904607 0.745607
vt 0.903887 0.745487
vt 0.905806 0.737806
vt 0.904847 0.737806
vt 0.909764 0.748127
vt 0.904847 0.734446
vt 0.904367 0.734446
vt 0.909525 0.725445
vt 0.908805 0.725565
vt 0.909165 0.727125
vt 0.908205 0.729765
vt 0.906526 0.730005
vt 0.905926 0.731205
vt 0.906046 0.731325
vt 0.906886 0.727125
vt 0.909764 0.746807
vt 0.910004 0.746927
vt 0.908805 0.745967
vt 0.909764 0.745727
vt 0.905447 0.743686
vt 0.907126 0.743446
vt 0.903647 0.737686
vt 0.905327 0.737686
vt 0.904367 0.733125
vt 0.905926 0.733245
vt 0.907965 0.725565
vt 0.909405 0.725685
vt 0.227066 0.730605
vt 0.226706 0.730365
vt 0.227546 0.729045
vt 0.226946 0.728805
vt 0.227906 0.724725
vt 0.227186 0.724605
vt 0.229465 0.719924
vt 0.228745 0.719924
vt 0.230784 0.715604
vt 0.230064 0.715604
vt 0.228505 0.720284
vt 0.229585 0.715004
vt 0.230424 0.715244
vt 0.231144 0.713204
vt 0.229585 0.720404
vt 0.231504 0.714284
vt 0.231264 0.714164
vt 0.230304 0.715004
vt 0.229945 0.714884
vt 0.228865 0.715964
vt 0.228385 0.717524
vt 0.229225 0.715964
vt 0.228745 0.717524
vt 0.228505 0.719084
vt 0.228865 0.719084
vt 0.229465 0.722084
vt 0.229825 0.722084
vt 0.228625 0.724965
vt 0.228985 0.724965
vt 0.227186 0.727605
vt 0.226946 0.727485
vt 0.226106 0.729405
vt 0.911564 0.729405
vt 0.908205 0.734926
vt 0.910124 0.739726
vt 0.910244 0.728445
vt 0.905806 0.743566
vt 0.227426 0.730485
vt 0.227666 0.730485
vt 0.226706 0.729165
vt 0.227066 0.729165
vt 0.227786 0.725565
vt 0.228265 0.725565
vt 0.227906 0.722324
vt 0.227186 0.722324
vt 0.229945 0.719204
vt 0.231384 0.716684
vt 0.229105 0.719204
vt 0.230904 0.716684
vt 0.231504 0.713684
vt 0.231024 0.713684
vt 0.729495 0.022060
vt 0.728895 0.009099
vt 0.717621 0.020020
vt 0.740169 0.022420
vt 0.782028 0.976628
vt 0.779869 0.977108
vt 0.779869 0.961626
vt 0.783348 0.976748
vt 0.782268 0.977588
vt 0.782268 0.976388
vt 0.781069 0.977108
vt 0.783108 0.975668
vt 0.785387 0.975788
vt 0.788385 0.974588
vt 0.786226 0.976388
vt 0.788265 0.976028
vt 0.791024 0.974948
vt 0.789705 0.973747
vt 0.793423 0.972547
vt 0.793543 0.970867
vt 0.792583 0.968947
vt 0.797021 0.964747
vt 0.797501 0.962106
vt 0.797980 0.959346
vt 0.797501 0.954546
vt 0.795582 0.949865
vt 0.793423 0.947945
vt 0.791264 0.946025
vt 0.784907 0.944465
vt 0.782388 0.944585
vt 0.779869 0.944825
vt 0.896691 0.711043
vt 0.878220 0.679961
vt 0.859030 0.679961
vt 0.896091 0.679361
vt 0.926556 0.705883
vt 0.947546 0.680441
vt 0.922598 0.679361
vt 0.947546 0.701923
vt 0.958820 0.680801
vt 0.989405 0.677680
vt 0.978130 0.680921
vt 0.989405 0.703963
vt 0.969375 0.700602
vt 0.970334 0.680321
vt 0.976211 0.652838
vt 0.970934 0.652358
vt 0.979330 0.654758
vt 0.989405 0.654758
vt 0.985327 0.654878
vt 0.983048 0.657879
vt 0.964697 0.650318
vt 0.961459 0.656678
vt 0.955102 0.656198
vt 0.950544 0.650558
vt 0.942868 0.650078
vt 0.932913 0.642037
vt 0.924517 0.640597
vt 0.915042 0.643237
vt 0.894772 0.648038
vt 0.884457 0.645757
vt 0.874142 0.643477
vt 0.855672 0.639517
vt 0.838280 0.679241
vt 0.836841 0.633516
vt 0.818130 0.678520
vt 0.787905 0.629676
vt 0.793303 0.679601
vt 0.814532 0.629076
vt 0.772193 0.683921
vt 0.766196 0.634116
vt 0.776991 0.631836
vt 0.825687 0.631236
vt 0.734772 0.150352
vt 0.724817 0.148672
vt 0.719420 0.163073
vt 0.727216 0.179275
vt 0.716901 0.178435
vt 0.737770 0.178435
vt 0.752283 0.151912
vt 0.761759 0.150832
vt 0.767156 0.165353
vt 0.759959 0.182395
vt 0.768235 0.182275
vt 0.751324 0.180115
vt 0.815612 0.216718
vt 0.805656 0.214918
vt 0.805297 0.246361
vt 0.797381 0.244801
vt 0.800739 0.229799
vt 0.813333 0.247441
vt 0.833123 0.219118
vt 0.842238 0.218998
vt 0.849914 0.248641
vt 0.846796 0.234000
vt 0.831684 0.249241
vt 0.841878 0.250681
vt 0.879779 0.177835
vt 0.861309 0.176394
vt 0.875222 0.204477
vt 0.847036 0.175434
vt 0.855791 0.201357
vt 0.892493 0.182995
vt 0.888535 0.211438
vt 0.894892 0.150712
vt 0.924037 0.219838
vt 0.906886 0.216238
vt 0.904607 0.248881
vt 0.919839 0.254042
vt 0.934952 0.255602
vt 0.925597 0.190196
vt 0.937591 0.221519
vt 0.949944 0.257042
vt 0.909165 0.186955
vt 0.910844 0.154312
vt 0.896691 0.112549
vt 0.926436 0.116149
vt 0.927396 0.156833
vt 0.942988 0.190916
vt 0.958940 0.191876
vt 0.956421 0.222479
vt 0.963857 0.225479
vt 0.963977 0.194156
vt 0.961579 0.157193
vt 0.944427 0.156353
vt 0.960739 0.115069
vt 0.964937 0.262322
vt 0.989405 0.261602
vt 0.989405 0.226199
vt 0.989405 0.159473
vt 0.989285 0.112309
vt 0.989405 0.194396
vt 0.950184 0.296525
vt 0.961579 0.295805
vt 0.965177 0.294965
vt 0.989405 0.294965
vt 0.948985 0.308527
vt 0.975971 0.327248
vt 0.961938 0.320528
vt 0.989525 0.329048
vt 0.954262 0.315727
vt 0.939150 0.305046
vt 0.914802 0.285244
vt 0.928115 0.290405
vt 0.903767 0.259922
vt 0.885057 0.246961
vt 0.877740 0.238920
vt 0.868625 0.225719
vt 0.857351 0.211798
vt 0.849675 0.209757
vt 0.838280 0.205317
vt 0.825567 0.200757
vt 0.864547 0.218638
vt 0.775791 0.116989
vt 0.770634 0.115789
vt 0.764157 0.132710
vt 0.770154 0.137991
vt 0.784067 0.127910
vt 0.779030 0.144471
vt 0.787546 0.145672
vt 0.783228 0.167514
vt 0.790544 0.158273
vt 0.785746 0.174354
vt 0.798460 0.163193
vt 0.794022 0.184435
vt 0.796541 0.131870
vt 0.807815 0.137031
vt 0.752163 0.100787
vt 0.761878 0.088786
vt 0.748565 0.102108
vt 0.762958 0.118069
vt 0.772193 0.091667
vt 0.758400 0.111468
vt 0.753603 0.104748
vt 0.793183 0.097667
vt 0.800619 0.099467
vt 0.813812 0.139551
vt 0.817411 0.101748
vt 0.832643 0.174474
vt 0.814652 0.197396
vt 0.806376 0.167154
vt 0.804097 0.190076
vt 0.820169 0.172314
vt 0.837441 0.144592
vt 0.704907 0.594273
vt 0.682718 0.613594
vt 0.679959 0.601593
vt 0.825567 0.142911
vt 0.729854 0.601593
vt 0.727096 0.613594
vt 0.704907 0.607954
vt 0.840799 0.103068
vt 0.647336 0.678760
vt 0.649615 0.674680
vt 0.634382 0.677080
vt 0.633783 0.670240
vt 0.648655 0.682481
vt 0.634622 0.681401
vt 0.851953 0.144712
vt 0.865866 0.145432
vt 0.882058 0.145792
vt 0.870304 0.105708
vt 0.825447 0.069465
vt 0.794022 0.070665
vt 0.772793 0.070785
vt 0.755282 0.066704
vt 0.750604 0.083386
vt 0.743528 0.096467
vt 0.742568 0.062024
vt 0.736571 0.076545
vt 0.765716 0.912662
vt 0.764277 0.922863
vt 0.730214 0.088546
vt 0.956541 0.222479
vt 0.964097 0.194156
vt 0.766316 0.930904
vt 0.781069 0.927663
vt 0.795941 0.923223
vt 0.795941 0.914102
vt 0.959060 0.191876
vt 0.961698 0.157073
vt 0.937710 0.221519
vt 0.785147 0.881819
vt 0.800019 0.886620
vt 0.944547 0.156353
vt 0.767516 0.894300
vt 0.768595 0.886259
vt 0.770154 0.878339
vt 0.925716 0.190196
vt 0.927516 0.156713
vt 0.798220 0.896580
vt 0.534832 0.052063
vt 0.534952 0.060344
vt 0.904727 0.248761
vt 0.924157 0.219838
vt 0.919839 0.253922
vt 0.907006 0.216238
vt 0.537231 0.043422
vt 0.551983 0.059264
vt 0.566496 0.053863
vt 0.892613 0.182875
vt 0.910964 0.154192
vt 0.909285 0.186955
vt 0.565417 0.044382
vt 0.888655 0.211438
vt 0.875342 0.204477
vt 0.537950 0.019420
vt 0.538790 0.009099
vt 0.554142 0.011499
vt 0.538790 0.029861
vt 0.847156 0.175434
vt 0.855911 0.201357
vt 0.568655 0.017020
vt 0.566856 0.026861
vt 0.895012 0.150712
vt 0.896811 0.112429
vt 0.926556 0.116029
vt 0.585087 0.054823
vt 0.583648 0.065024
vt 0.585687 0.073065
vt 0.600439 0.069825
vt 0.960979 0.115069
vt 0.615312 0.065384
vt 0.615312 0.056263
vt 0.989525 0.226199
vt 0.989405 0.261722
vt 0.964817 0.262322
vt 0.989525 0.159473
vt 0.989525 0.112309
vt 0.587965 0.028421
vt 0.589645 0.020500
vt 0.604517 0.023860
vt 0.989525 0.194396
vt 0.586886 0.036462
vt 0.619390 0.028781
vt 0.617591 0.038742
vt 0.950064 0.296645
vt 0.924277 0.583712
vt 0.932913 0.586112
vt 0.965057 0.294965
vt 0.940109 0.568950
vt 0.934712 0.554549
vt 0.989405 0.295085
vt 0.941189 0.585992
vt 0.925237 0.555629
vt 0.975731 0.327368
vt 0.961818 0.320528
vt 0.989405 0.329168
vt 0.954142 0.315847
vt 0.900169 0.582992
vt 0.889854 0.582152
vt 0.892373 0.566790
vt 0.897770 0.552269
vt 0.948865 0.308527
vt 0.939030 0.305046
vt 0.910724 0.582152
vt 0.907725 0.554069
vt 0.914802 0.285124
vt 0.927995 0.290285
vt 0.903767 0.259802
vt 0.885177 0.246841
vt 0.877860 0.238800
vt 0.868745 0.225599
vt 0.864667 0.218638
vt 0.857471 0.211798
vt 0.849794 0.209757
vt 0.838520 0.205317
vt 0.825687 0.200877
vt 0.770034 0.138111
vt 0.763917 0.132710
vt 0.775672 0.116989
vt 0.770514 0.115669
vt 0.295192 0.472822
vt 0.287036 0.465861
vt 0.296511 0.464181
vt 0.296031 0.455780
vt 0.783947 0.127910
vt 0.778910 0.144471
vt 0.787426 0.145672
vt 0.278400 0.471501
vt 0.286436 0.473902
vt 0.783108 0.167634
vt 0.790424 0.158393
vt 0.785746 0.174474
vt 0.280679 0.487703
vt 0.288595 0.480862
vt 0.291114 0.469581
vt 0.305267 0.465501
vt 0.798460 0.163313
vt 0.807696 0.137031
vt 0.794022 0.184555
vt 0.796421 0.131870
vt 0.761639 0.088786
vt 0.751803 0.100908
vt 0.748445 0.101868
vt 0.074262 0.546028
vt 0.058190 0.528147
vt 0.058310 0.550949
vt 0.042478 0.548429
vt 0.762718 0.117949
vt 0.772073 0.091667
vt 0.793063 0.097667
vt 0.043558 0.510385
vt 0.067186 0.498024
vt 0.068985 0.513745
vt 0.753483 0.104388
vt 0.073183 0.529347
vt 0.758160 0.111228
vt 0.099570 0.450380
vt 0.115882 0.435138
vt 0.094532 0.434178
vt 0.083618 0.413896
vt 0.070544 0.449899
vt 0.800499 0.099347
vt 0.817411 0.101628
vt 0.096931 0.478102
vt 0.814772 0.197516
vt 0.804097 0.190196
vt 0.288355 0.480502
vt 0.290994 0.469341
vt 0.305267 0.465261
vt 0.280439 0.487223
vt 0.837441 0.144471
vt 0.066946 0.498024
vt 0.068865 0.513745
vt 0.073183 0.529227
vt 0.074382 0.545908
vt 0.058430 0.550949
vt 0.042598 0.548549
vt 0.043438 0.510505
vt 0.865866 0.145312
vt 0.116961 0.342130
vt 0.124877 0.342130
vt 0.116961 0.322688
vt 0.124877 0.322688
vt 0.124877 0.313687
vt 0.882178 0.145672
vt 0.870304 0.105588
vt 0.102928 0.322688
vt 0.113603 0.313687
vt 0.102928 0.313687
vt 0.102928 0.300126
vt 0.825327 0.069345
vt 0.113603 0.300126
vt 0.108685 0.291485
vt 0.793782 0.070545
vt 0.154022 0.298206
vt 0.157261 0.295685
vt 0.157261 0.301326
vt 0.145987 0.298206
vt 0.772553 0.070785
vt 0.755162 0.066824
vt 0.151024 0.295685
vt 0.149945 0.301326
vt 0.145867 0.311647
vt 0.149945 0.313447
vt 0.145867 0.317647
vt 0.141189 0.314167
vt 0.141189 0.301326
vt 0.750484 0.083266
vt 0.743528 0.096347
vt 0.730214 0.088426
vt 0.736451 0.076545
vt 0.742568 0.062144
vt 0.141189 0.295685
vt 0.194322 0.214798
vt 0.207996 0.214798
vt 0.194322 0.181795
vt 0.207996 0.181795
vt 0.207996 0.166674
vt 0.189525 0.166674
vt 0.172613 0.181795
vt 0.297591 0.312247
vt 0.272403 0.312127
vt 0.291714 0.269163
vt 0.317141 0.267483
vt 0.327336 0.312607
vt 0.354682 0.305646
vt 0.172613 0.166674
vt 0.189525 0.144111
vt 0.172613 0.144111
vt 0.353483 0.258122
vt 0.353483 0.360611
vt 0.181249 0.128270
vt 0.203198 0.321488
vt 0.205717 0.367932
vt 0.189045 0.327368
vt 0.224907 0.314287
vt 0.229945 0.363852
vt 0.240139 0.198236
vt 0.245057 0.193556
vt 0.251174 0.363012
vt 0.250094 0.198236
vt 0.230904 0.193556
vt 0.250094 0.188156
vt 0.246856 0.311887
vt 0.276481 0.364212
vt 0.237621 0.188156
vt 0.230904 0.174114
vt 0.237621 0.174114
vt 0.230904 0.164393
vt 0.224427 0.174114
vt 0.333093 0.366852
vt 0.301789 0.365172
vt 0.350004 0.433698
vt 0.224427 0.187435
vt 0.224427 0.198236
vt 0.302388 0.432498
vt 0.276841 0.431178
vt 0.252253 0.428057
vt 0.205837 0.428298
vt 0.196721 0.370932
vt 0.176091 0.377773
vt 0.172014 0.334329
vt 0.176931 0.433098
vt 0.138790 0.384373
vt 0.154622 0.372852
vt 0.167936 0.430218
vt 0.159180 0.433698
vt 0.128475 0.367812
vt 0.125477 0.396015
vt 0.119240 0.374533
vt 0.110964 0.404535
vt 0.106886 0.385454
vt 0.110964 0.380293
vt 0.962058 0.561390
vt 0.972853 0.558269
vt 0.972853 0.592113
vt 0.134832 0.355211
vt 0.984967 0.555989
vt 0.141189 0.343570
vt 0.148145 0.334329
vt 0.167336 0.319568
vt 0.984967 0.585032
vt 0.984967 0.530427
vt 0.972853 0.531027
vt 0.962058 0.531627
vt 0.972853 0.504865
vt 0.962058 0.503784
vt 0.972853 0.486383
vt 0.169975 0.310687
vt 0.962058 0.469221
vt 0.972853 0.470421
vt 0.984967 0.488183
vt 0.984967 0.505225
vt 0.198280 0.287885
vt 0.219270 0.275524
vt 0.962058 0.486503
vt 0.181729 0.296645
vt 0.984967 0.471621
vt 0.984967 0.448819
vt 0.266766 0.262682
vt 0.289075 0.256442
vt 0.240859 0.269523
vt 0.962058 0.446419
vt 0.972853 0.445819
vt 0.295672 0.250921
vt 0.330694 0.214558
vt 0.314382 0.232800
vt 0.353123 0.202197
vt 0.385986 0.252241
vt 0.302748 0.243961
vt 0.418370 0.248161
vt 0.417291 0.191036
vt 0.443678 0.187915
vt 0.383108 0.196436
vt 0.414292 0.142671
vt 0.382268 0.173514
vt 0.464907 0.187795
vt 0.451234 0.111228
vt 0.436361 0.123470
vt 0.580289 0.182395
vt 0.601639 0.129710
vt 0.601159 0.186835
vt 0.532433 0.181675
vt 0.577890 0.130790
vt 0.585087 0.131510
vt 0.532433 0.129470
vt 0.487096 0.131750
vt 0.485417 0.183115
vt 0.479899 0.132710
vt 0.463468 0.131150
vt 0.462988 0.107028
vt 0.605357 0.428178
vt 0.640979 0.425777
vt 0.639540 0.453980
vt 0.663648 0.429018
vt 0.650334 0.460460
vt 0.681519 0.471261
vt 0.475702 0.096467
vt 0.682478 0.419537
vt 0.681998 0.430818
vt 0.696751 0.422897
vt 0.532433 0.076665
vt 0.510844 0.079426
vt 0.696871 0.431658
vt 0.488415 0.089746
vt 0.553663 0.079306
vt 0.700469 0.480022
vt 0.575971 0.089146
vt 0.716661 0.431298
vt 0.601399 0.105588
vt 0.613273 0.109308
vt 0.588565 0.095387
vt 0.717980 0.409336
vt 0.730214 0.432738
vt 0.720019 0.487223
vt 0.743648 0.424817
vt 0.761519 0.433818
vt 0.762238 0.422657
vt 0.796781 0.435018
vt 0.797860 0.422777
vt 0.816451 0.420977
vt 0.651654 0.139311
vt 0.623108 0.186235
vt 0.628985 0.120949
vt 0.650334 0.188636
vt 0.717860 0.197996
vt 0.686076 0.193076
vt 0.686196 0.169794
vt 0.830964 0.439219
vt 0.831444 0.430818
vt 0.863947 0.442339
vt 0.868865 0.419177
vt 0.881818 0.431538
vt 0.884097 0.444619
vt 0.904247 0.446899
vt 0.785387 0.267483
vt 0.787905 0.253922
vt 0.811653 0.260162
vt 0.873423 0.491063
vt 0.780229 0.248401
vt 0.854472 0.488543
vt 0.825207 0.485783
vt 0.792703 0.482422
vt 0.757441 0.266403
vt 0.772073 0.240960
vt 0.759719 0.229319
vt 0.741489 0.210598
vt 0.719180 0.257042
vt 0.684757 0.251521
vt 0.757920 0.481462
vt 0.650574 0.247801
vt 0.755762 0.505465
vt 0.792463 0.519866
vt 0.820889 0.536547
vt 0.844637 0.537988
vt 0.850994 0.539188
vt 0.892373 0.493704
vt 0.621309 0.246601
vt 0.597800 0.246481
vt 0.579330 0.241200
vt 0.882898 0.536307
vt 0.903288 0.538588
vt 0.930634 0.503904
vt 0.938910 0.472822
vt 0.532433 0.240720
vt 0.923078 0.533067
vt 0.486976 0.241320
vt 0.468985 0.246481
vt 0.446436 0.246841
vt 0.921519 0.422777
vt 0.925117 0.427097
vt 0.925597 0.426497
vt 0.928115 0.429978
vt 0.928475 0.429018
vt 0.930514 0.432138
vt 0.417411 0.298566
vt 0.385267 0.301566
vt 0.931833 0.429978
vt 0.933632 0.431898
vt 0.934952 0.436578
vt 0.937950 0.432498
vt 0.937111 0.437058
vt 0.382628 0.357851
vt 0.935911 0.437898
vt 0.935911 0.439459
vt 0.378310 0.433098
vt 0.406736 0.432618
vt 0.915282 0.423257
vt 0.914802 0.425897
vt 0.918040 0.423257
vt 0.414772 0.356771
vt 0.919600 0.426737
vt 0.921279 0.423857
vt 0.927755 0.426257
vt 0.925956 0.429498
vt 0.928595 0.431538
vt 0.931114 0.427697
vt 0.446676 0.299286
vt 0.936151 0.436938
vt 0.938550 0.439219
vt 0.940349 0.436578
vt 0.932793 0.430818
vt 0.485537 0.295445
vt 0.931474 0.433458
vt 0.939749 0.433218
vt 0.940949 0.441619
vt 0.942028 0.441739
vt 0.941668 0.449779
vt 0.940709 0.449899
vt 0.472103 0.299286
vt 0.532433 0.295805
vt 0.580889 0.296405
vt 0.936151 0.449299
vt 0.936511 0.442219
vt 0.938430 0.437178
vt 0.594682 0.300366
vt 0.936991 0.437298
vt 0.938430 0.435498
vt 0.934232 0.431778
vt 0.930754 0.431298
vt 0.929794 0.426497
vt 0.933393 0.427457
vt 0.621309 0.300846
vt 0.932553 0.434418
vt 0.933273 0.429738
vt 0.932673 0.426377
vt 0.686316 0.303486
vt 0.652253 0.300366
vt 0.304067 0.500544
vt 0.315702 0.495264
vt 0.305507 0.512905
vt 0.341009 0.505345
vt 0.319180 0.487703
vt 0.317621 0.481342
vt 0.323738 0.468981
vt 0.719060 0.307566
vt 0.266766 0.509425
vt 0.269405 0.522146
vt 0.748205 0.314527
vt 0.780109 0.313567
vt 0.339450 0.455900
vt 0.359120 0.451940
vt 0.390904 0.505825
vt 0.807096 0.312727
vt 0.381789 0.457580
vt 0.394262 0.463941
vt 0.397021 0.474502
vt 0.414412 0.475822
vt 0.839120 0.266763
vt 0.435522 0.477502
vt 0.436001 0.509425
vt 0.834082 0.311527
vt 0.472823 0.478942
vt 0.476541 0.480982
vt 0.471264 0.511825
vt 0.474502 0.509665
vt 0.509525 0.483503
vt 0.861908 0.272403
vt 0.804577 0.368532
vt 0.831803 0.366252
vt 0.551624 0.480502
vt 0.559180 0.479782
vt 0.553783 0.507745
vt 0.558700 0.510625
vt 0.581729 0.477742
vt 0.585327 0.509185
vt 0.778190 0.369492
vt 0.511684 0.511465
vt 0.556061 0.528987
vt 0.472103 0.533187
vt 0.748085 0.371532
vt 0.721818 0.366852
vt 0.512403 0.533307
vt 0.436361 0.533307
vt 0.689675 0.363732
vt 0.391983 0.556829
vt 0.347006 0.561150
vt 0.654892 0.362171
vt 0.622388 0.363492
vt 0.347246 0.568830
vt 0.313423 0.566190
vt 0.281399 0.570751
vt 0.590124 0.361691
vt 0.315102 0.583832
vt 0.532433 0.357851
vt 0.582688 0.358451
vt 0.285837 0.600153
vt 0.483138 0.356171
vt 0.475822 0.359411
vt 0.444997 0.359171
vt 0.513123 0.549989
vt 0.436841 0.550709
vt 0.472943 0.549389
vt 0.556061 0.548669
vt 0.595762 0.552389
vt 0.600439 0.508945
vt 0.603198 0.476902
vt 0.952703 0.349810
vt 0.960619 0.361331
vt 0.951504 0.380173
vt 0.619750 0.506545
vt 0.977770 0.403695
vt 0.966856 0.390014
vt 0.989405 0.381013
vt 0.944067 0.411856
vt 0.984127 0.372972
vt 0.643618 0.569910
vt 0.642298 0.561990
vt 0.686676 0.569910
vt 0.686676 0.559950
vt 0.721219 0.561630
vt 0.720739 0.576391
vt 0.753962 0.589832
vt 0.754562 0.562950
vt 0.793902 0.567510
vt 0.769315 0.597753
vt 0.772073 0.602553
vt 0.972253 0.366372
vt 0.928715 0.404655
vt 0.791743 0.601833
vt 0.823767 0.607474
vt 0.828205 0.567150
vt 0.833123 0.573271
vt 0.852793 0.611794
vt 0.934232 0.370092
vt 0.860109 0.587552
vt 0.884457 0.597633
vt 0.881698 0.608794
vt 0.895132 0.630516
vt 0.877141 0.625356
vt 0.945387 0.338649
vt 0.937710 0.329768
vt 0.912403 0.376213
vt 0.915282 0.405615
vt 0.882778 0.406696
vt 0.796301 0.548429
vt 0.772193 0.538228
vt 0.913363 0.331449
vt 0.889974 0.371172
vt 0.895372 0.325208
vt 0.880259 0.368892
vt 0.880259 0.319808
vt 0.755762 0.527187
vt 0.740649 0.510865
vt 0.765597 0.539188
vt 0.917321 0.316087
vt 0.914322 0.306966
vt 0.725297 0.511225
vt 0.694112 0.500064
vt 0.693633 0.508345
vt 0.688835 0.510625
vt 0.726256 0.503664
vt 0.901609 0.293165
vt 0.689555 0.502464
vt 0.678160 0.491423
vt 0.884097 0.284644
vt 0.663887 0.506545
vt 0.857351 0.313207
vt 0.647696 0.506185
vt 0.854352 0.365892
vt 0.639899 0.485903
vt 0.652013 0.488183
vt 0.665207 0.489023
vt 0.833003 0.407056
vt 0.779270 0.404415
vt 0.633183 0.484823
vt 0.630184 0.482422
vt 0.626466 0.479542
vt 0.614232 0.477742
vt 0.724457 0.396855
vt 0.657171 0.393374
vt 0.690874 0.395174
vt 0.926676 0.428778
vt 0.925956 0.424937
vt 0.922118 0.425417
vt 0.923078 0.430218
vt 0.919000 0.427937
vt 0.918160 0.430098
vt 0.919959 0.431058
vt 0.919480 0.431298
vt 0.920199 0.431898
vt 0.919719 0.432018
vt 0.920079 0.432978
vt 0.920439 0.432858
vt 0.921039 0.433458
vt 0.584847 0.389774
vt 0.622028 0.394454
vt 0.932913 0.430098
vt 0.931953 0.436578
vt 0.933992 0.430098
vt 0.934952 0.430338
vt 0.559180 0.419657
vt 0.936151 0.431538
vt 0.937710 0.433938
vt 0.939030 0.436338
vt 0.934832 0.439219
vt 0.940229 0.438738
vt 0.477141 0.435018
vt 0.473902 0.464181
vt 0.532433 0.437658
vt 0.938070 0.442819
vt 0.940349 0.441739
vt 0.943348 0.447019
vt 0.940709 0.440659
vt 0.945147 0.445339
vt 0.249255 0.725445
vt 0.247096 0.726285
vt 0.248055 0.725205
vt 0.926556 0.429138
vt 0.926676 0.428057
vt 0.924397 0.429258
vt 0.924277 0.426737
vt 0.917800 0.425537
vt 0.920919 0.424097
vt 0.917920 0.423137
vt 0.252373 0.720644
vt 0.251534 0.723285
vt 0.250094 0.723165
vt 0.245897 0.726405
vt 0.251894 0.717164
vt 0.251054 0.720764
vt 0.930634 0.428418
vt 0.927156 0.429978
vt 0.928595 0.427457
vt 0.924877 0.428057
vt 0.924997 0.426017
vt 0.922118 0.424937
vt 0.921638 0.426377
vt 0.246976 0.712604
vt 0.247576 0.712364
vt 0.248655 0.714284
vt 0.250214 0.717284
vt 0.920439 0.424937
vt 0.921878 0.424817
vt 0.249495 0.713924
vt 0.252013 0.723885
vt 0.251174 0.723885
vt 0.250454 0.726285
vt 0.250934 0.722084
vt 0.252133 0.721844
vt 0.923678 0.429018
vt 0.248415 0.727365
vt 0.248055 0.727005
vt 0.247336 0.727365
vt 0.249615 0.726045
vt 0.939390 0.446899
vt 0.941668 0.442699
vt 0.939749 0.443659
vt 0.938310 0.439819
vt 0.939629 0.439099
vt 0.935432 0.436218
vt 0.936631 0.435378
vt 0.936271 0.434898
vt 0.933033 0.434658
vt 0.930754 0.430578
vt 0.930514 0.432858
vt 0.251174 0.719924
vt 0.925956 0.430938
vt 0.249255 0.719564
vt 0.251054 0.719804
vt 0.251774 0.719684
vt 0.251294 0.719204
vt 0.248895 0.714404
vt 0.252373 0.717044
vt 0.251294 0.714284
vt 0.292313 0.809932
vt 0.292553 0.793851
vt 0.258610 0.811013
vt 0.258610 0.787490
vt 0.247336 0.711523
vt 0.248895 0.712004
vt 0.241459 0.785570
vt 0.233543 0.811853
vt 0.246376 0.711043
vt 0.228265 0.784850
vt 0.216631 0.787490
vt 0.199240 0.789291
vt 0.246856 0.710803
vt 0.248055 0.712364
vt 0.218310 0.824934
vt 0.164457 0.813293
vt 0.152223 0.820733
vt 0.195282 0.853496
vt 0.142028 0.823734
vt 0.773153 0.781010
vt 0.775432 0.783530
vt 0.784067 0.785570
vt 0.773033 0.783290
vt 0.184847 0.795291
vt 0.784667 0.787970
vt 0.775672 0.786050
vt 0.914322 0.069945
vt 0.912643 0.044742
vt 0.936151 0.056023
vt 0.768595 0.793011
vt 0.770634 0.790611
vt 0.767756 0.789051
vt 0.915881 0.082186
vt 0.932673 0.072225
vt 0.939030 0.063464
vt 0.767156 0.793251
vt 0.957740 0.066224
vt 0.957860 0.054223
vt 0.969495 0.063104
vt 0.983528 0.060464
vt 0.989525 0.048343
vt 0.780949 0.787250
vt 0.775072 0.786410
vt 0.774352 0.782810
vt 0.986406 0.037422
vt 0.960019 0.022180
vt 0.787306 0.790611
vt 0.781788 0.784010
vt 0.773633 0.784010
vt 0.773752 0.782570
vt 0.788265 0.787850
vt 0.247096 0.962106
vt 0.238820 0.943145
vt 0.252733 0.952026
vt 0.788625 0.788691
vt 0.230304 0.917222
vt 0.262568 0.949625
vt 0.256451 0.904861
vt 0.271684 0.944585
vt 0.275762 0.900061
vt 0.284997 0.944225
vt 0.789105 0.791211
vt 0.297471 0.944345
vt 0.297471 0.897180
vt 0.307786 0.943745
vt 0.324457 0.899221
vt 0.318100 0.943025
vt 0.349525 0.906541
vt 0.329615 0.945665
vt 0.794022 0.793491
vt 0.794502 0.792171
vt 0.797381 0.794331
vt 0.797381 0.794211
vt 0.792703 0.790611
vt 0.786346 0.785570
vt 0.376631 0.919863
vt 0.347366 0.951786
vt 0.361639 0.949745
vt 0.779030 0.785090
vt 0.399900 0.940865
vt 0.386826 0.955266
vt 0.779630 0.783890
vt 0.405537 0.963787
vt 0.412493 0.962586
vt 0.415612 0.960666
vt 0.430964 0.979868
vt 0.444277 0.941465
vt 0.778430 0.782210
vt 0.766796 0.789051
vt 0.765477 0.786410
vt 0.759600 0.792891
vt 0.432163 0.913622
vt 0.415372 0.891060
vt 0.411294 0.889140
vt 0.762118 0.791691
vt 0.773633 0.783050
vt 0.773513 0.786290
vt 0.764037 0.786170
vt 0.760679 0.789531
vt 0.358160 0.956586
vt 0.755881 0.790971
vt 0.756961 0.792651
vt 0.755762 0.791811
vt 0.777950 0.786890
vt 0.406496 0.882419
vt 0.395702 0.882899
vt 0.397741 0.878819
vt 0.367636 0.866338
vt 0.788985 0.788330
vt 0.789345 0.790611
vt 0.776271 0.781010
vt 0.331534 0.855417
vt 0.297951 0.852176
vt 0.266886 0.856257
vt 0.685597 0.089386
vt 0.687995 0.091787
vt 0.685477 0.091547
vt 0.701908 0.090227
vt 0.702868 0.089746
vt 0.702148 0.091307
vt 0.701429 0.091187
vt 0.240259 0.862737
vt 0.698550 0.093107
vt 0.698310 0.091187
vt 0.700229 0.092747
vt 0.697830 0.093347
vt 0.262808 0.835735
vt 0.297711 0.831294
vt 0.335132 0.834535
vt 0.696991 0.093467
vt 0.234022 0.845696
vt 0.373033 0.847616
vt 0.390064 0.862737
vt 0.694712 0.092747
vt 0.695552 0.094427
vt 0.694712 0.094787
vt 0.693273 0.095987
vt 0.196121 0.871258
vt 0.202358 0.879419
vt 0.693393 0.093827
vt 0.203798 0.937624
vt 0.171654 0.904261
vt 0.691114 0.093947
vt 0.691234 0.092387
vt 0.691474 0.095507
vt 0.689435 0.095387
vt 0.159300 0.935104
vt 0.189045 0.957426
vt 0.689195 0.094067
vt 0.214712 0.947345
vt 0.688595 0.093227
vt 0.688715 0.095147
vt 0.167096 0.973507
vt 0.153543 0.966547
vt 0.686916 0.093467
vt 0.684877 0.093347
vt 0.683558 0.092027
vt 0.684277 0.090707
vt 0.158100 0.983228
vt 0.682958 0.089746
vt 0.449195 0.973267
vt 0.444517 0.989949
vt 0.679240 0.083386
vt 0.681279 0.082306
vt 0.680919 0.085426
vt 0.678160 0.079666
vt 0.681159 0.079546
vt 0.440319 0.990789
vt 0.682718 0.085306
vt 0.680319 0.087586
vt 0.681039 0.076665
vt 0.892613 0.040422
vt 0.857950 0.039822
vt 0.893453 0.024100
vt 0.859390 0.016060
vt 0.842838 0.012699
vt 0.832163 0.038022
vt 0.830124 0.010659
vt 0.818610 0.011619
vt 0.801459 0.010899
vt 0.815132 0.048943
vt 0.771953 0.054943
vt 0.786466 0.014740
vt 0.677920 0.076545
vt 0.679839 0.072825
vt 0.681878 0.073305
vt 0.682718 0.069705
vt 0.680319 0.068505
vt 0.762118 0.026861
vt 0.682958 0.065504
vt 0.749045 0.032501
vt 0.738370 0.034301
vt 0.684877 0.067784
vt 0.686796 0.065744
vt 0.686316 0.065024
vt 0.689675 0.063584
vt 0.689794 0.065024
vt 0.692673 0.063944
vt 0.692673 0.062984
vt 0.696511 0.063944
vt 0.696391 0.065144
vt 0.694832 0.063224
vt 0.696991 0.063224
vt 0.698310 0.066344
vt 0.699150 0.065384
vt 0.698910 0.067664
vt 0.725896 0.039582
vt 0.725776 0.046543
vt 0.723378 0.040662
vt 0.711743 0.043782
vt 0.718820 0.034661
vt 0.813093 0.694242
vt 0.811893 0.707803
vt 0.796181 0.696282
vt 0.711743 0.034301
vt 0.777351 0.709963
vt 0.776031 0.728925
vt 0.774112 0.712244
vt 0.697351 0.045942
vt 0.711743 0.064184
vt 0.777111 0.704083
vt 0.773752 0.704083
vt 0.729734 0.044742
vt 0.696391 0.036702
vt 0.708625 0.031421
vt 0.798220 0.734806
vt 0.708025 0.027101
vt 0.701189 0.022300
vt 0.798340 0.743566
vt 0.775192 0.744646
vt 0.797381 0.708043
vt 0.809495 0.744646
vt 0.683438 0.039462
vt 0.686676 0.012339
vt 0.676841 0.013059
vt 0.815851 0.695442
vt 0.814292 0.707083
vt 0.698310 0.018460
vt 0.694352 0.009099
vt 0.673003 0.011499
vt 0.667006 0.014020
vt 0.663168 0.017980
vt 0.618310 0.714524
vt 0.633183 0.704083
vt 0.643018 0.708283
vt 0.626466 0.750287
vt 0.621189 0.717404
vt 0.642298 0.700842
vt 0.657411 0.697602
vt 0.657890 0.022060
vt 0.678640 0.045942
vt 0.686196 0.044142
vt 0.684757 0.049663
vt 0.606316 0.755087
vt 0.601039 0.735766
vt 0.679360 0.053863
vt 0.672763 0.057223
vt 0.581849 0.755448
vt 0.585327 0.764688
vt 0.598760 0.769009
vt 0.617471 0.717164
vt 0.609195 0.765528
vt 0.614232 0.774169
vt 0.652133 0.028061
vt 0.646016 0.032861
vt 0.639660 0.043902
vt 0.634862 0.055663
vt 0.663168 0.065744
vt 0.632343 0.785090
vt 0.648415 0.767449
vt 0.648655 0.783050
vt 0.649135 0.788451
vt 0.653453 0.789771
vt 0.664967 0.780770
vt 0.660529 0.757848
vt 0.646976 0.746927
vt 0.643498 0.038262
vt 0.637740 0.063464
vt 0.635821 0.072465
vt 0.657051 0.074505
vt 0.636781 0.086626
vt 0.655372 0.093347
vt 0.640499 0.097787
vt 0.648535 0.111348
vt 0.657531 0.706003
vt 0.671923 0.106908
vt 0.655492 0.125510
vt 0.667486 0.133310
vt 0.679600 0.133070
vt 0.698670 0.106428
vt 0.703228 0.135111
vt 0.692433 0.132230
vt 0.660649 0.707083
vt 0.658130 0.745847
vt 0.660289 0.695682
vt 0.661129 0.698922
vt 0.712703 0.131390
vt 0.717860 0.124190
vt 0.720859 0.099347
vt 0.722778 0.124910
vt 0.729495 0.109428
vt 0.672403 0.745367
vt 0.675762 0.704803
vt 0.677081 0.694722
vt 0.672883 0.738646
vt 0.835402 0.791811
vt 0.809734 0.780290
vt 0.837321 0.781370
vt 0.700229 0.730245
vt 0.816451 0.763248
vt 0.843078 0.751367
vt 0.846916 0.770569
vt 0.863348 0.759048
vt 0.852193 0.712124
vt 0.870784 0.727845
vt 0.702628 0.707563
vt 0.854832 0.703723
vt 0.851354 0.702163
vt 0.703588 0.699402
vt 0.705746 0.702043
vt 0.704427 0.709723
vt 0.873063 0.765288
vt 0.885297 0.748727
vt 0.725297 0.711043
vt 0.723378 0.729765
vt 0.848595 0.711043
vt 0.743048 0.712964
vt 0.743168 0.719684
vt 0.724457 0.716564
vt 0.828445 0.708043
vt 0.829645 0.693642
vt 0.744247 0.729405
vt 0.745327 0.720644
vt 0.822328 0.746807
vt 0.745087 0.715124
vt 0.758520 0.711523
vt 0.759360 0.718964
vt 0.759959 0.729405
vt 0.776991 0.769609
vt 0.747246 0.766488
vt 0.745567 0.746447
vt 0.720379 0.771409
vt 0.722898 0.746447
vt 0.706586 0.776809
vt 0.698670 0.746447
vt 0.691234 0.784370
vt 0.675402 0.781730
vt 0.682238 0.788691
vt 0.674202 0.790371
vt 0.668085 0.787610
s 1
f 1/1/1 2/2/2 3/3/3
f 4572/4/4 4575/5/5 4574/6/5
f 3/3/3 2/2/2 4/7/6
f 2/2/2 5/8/7 4/7/6
f 4/7/6 5/8/7 6/9/8
f 5/8/7 7/10/9 6/9/8
f 6/9/8 7/10/9 8/11/10
f 7/10/9 9/12/11 8/11/10
f 8/11/10 9/12/11 10/13/12
f 9/12/11 11/14/13 10/13/12
f 10/13/12 11/14/13 12/15/14
f 11/14/13 13/16/15 12/15/14
f 12/15/14 13/16/15 14/17/16
f 4573/18/17 4572/4/4 4574/6/5
f 14/17/16 13/16/15 15/19/18
f 13/16/15 16/20/19 15/19/18
f 4571/21/20 4572/4/4 4573/18/17
f 16/20/19 17/22/21 15/19/18
f 15/19/18 17/22/21 18/23/22
f 17/22/21 19/24/23 18/23/22
f 18/23/22 19/24/23 20/25/24
f 4568/26/25 4570/27/26 4569/28/26
f 20/25/24 19/24/23 21/29/27
f 19/24/23 22/30/28 21/29/27
f 21/29/27 22/30/28 23/31/29
f 22/30/28 24/32/30 23/31/29
f 4567/33/31 4568/26/25 4569/28/26
f 4566/34/32 4568/26/25 4567/33/31
f 4563/35/33 4564/36/33 4565/37/34
f 4562/38/35 4564/36/33 4563/35/33
f 25/1/36 26/3/37 27/2/38
f 26/3/37 28/7/39 27/2/38
f 27/2/38 28/7/39 29/8/40
f 28/7/39 30/9/41 29/8/40
f 29/8/40 30/9/41 31/10/42
f 30/9/41 32/11/43 31/10/42
f 31/10/42 32/11/43 33/12/44
f 32/11/43 34/13/45 33/12/44
f 33/12/44 34/13/45 35/14/46
f 34/13/45 36/15/47 35/14/46
f 35/14/46 36/15/47 37/16/48
f 36/15/47 38/17/49 37/16/48
f 4559/39/50 4560/40/51 4561/41/52
f 38/17/49 39/19/53 37/16/48
f 37/16/48 39/19/53 40/20/54
f 4558/42/55 4560/40/51 4559/39/50
f 40/20/54 39/19/53 41/22/56
f 39/19/53 42/23/57 41/22/56
f 41/22/56 42/23/57 43/24/58
f 42/23/57 44/25/59 43/24/58
f 4557/43/60 4558/42/55 4559/39/50
f 44/25/59 45/29/61 43/24/58
f 43/24/58 45/29/61 46/30/62
f 45/29/61 47/31/63 46/30/62
f 46/30/62 47/31/63 48/32/64
f 4556/44/65 4558/42/55 4557/43/60
f 4552/4/66 4554/6/67 4555/5/67
f 4553/18/68 4554/6/67 4552/4/66
f 4551/21/69 4553/18/68 4552/4/66
f 4548/26/70 4549/28/71 4550/27/71
f 49/45/72 50/46/72 51/47/72
f 4547/33/73 4549/28/71 4548/26/70
f 4546/34/74 4547/33/73 4548/26/70
f 4543/35/75 4545/37/76 4544/36/75
f 4542/38/77 4543/35/75 4544/36/75
f 4539/39/78 4541/41/79 4540/40/80
f 4537/42/81 4539/39/78 4540/40/80
f 4538/43/82 4539/39/78 4537/42/81
f 4536/44/83 4538/43/82 4537/42/81
f 52/48/84 53/49/84 54/50/84
f 4533/51/85 4534/52/86 4535/53/87
f 4532/54/88 4534/52/86 4533/51/85
f 4531/55/89 4532/54/88 4533/51/85
f 4530/56/90 4532/54/88 4531/55/89
f 4529/57/91 4530/56/90 4531/55/89
f 4528/58/92 4530/56/90 4529/57/91
f 4527/59/93 4528/58/92 4529/57/91
f 4521/60/94 4520/61/95 4526/62/96
f 55/46/97 56/45/97 57/47/97
f 4524/63/98 4521/60/94 4526/62/96
f 4511/64/99 4519/65/100 4512/66/101
f 4523/67/102 4524/63/98 4525/68/103
f 4521/60/94 4524/63/98 4523/67/102
f 4522/69/104 4521/60/94 4523/67/102
f 4514/70/105 4521/60/94 4522/69/104
f 4512/66/101 4521/60/94 4514/70/105
f 4519/65/100 4521/60/94 4512/66/101
f 4520/61/95 4521/60/94 4519/65/100
f 4518/71/106 4520/61/95 4519/65/100
f 4511/64/99 4518/71/106 4519/65/100
f 4517/72/107 4518/71/106 4511/64/99
f 58/49/108 59/48/108 60/50/108
f 4506/73/109 4517/72/107 4511/64/99
f 4507/74/110 4517/72/107 4506/73/109
f 4510/75/111 4513/76/112 4516/77/113
f 4515/78/114 4510/75/111 4516/77/113
f 61/79/115 62/80/116 63/81/116
f 4509/82/117 4510/75/111 4515/78/114
f 4512/66/101 4514/70/105 4513/76/112
f 4510/75/111 4512/66/101 4513/76/112
f 4511/64/99 4512/66/101 4510/75/111
f 4506/73/109 4511/64/99 4510/75/111
f 4509/82/117 4506/73/109 4510/75/111
f 4504/83/118 4506/73/109 4509/82/117
f 4508/84/119 4497/85/120 4496/86/121
f 64/87/122 65/88/122 66/89/122
f 4501/90/123 4497/85/120 4508/84/119
f 4505/91/124 4501/90/123 4508/84/119
f 4507/74/110 4505/91/124 4508/84/119
f 4506/73/109 4505/91/124 4507/74/110
f 4504/83/118 4505/91/124 4506/73/109
f 4501/90/123 4505/91/124 4504/83/118
f 4503/92/125 4501/90/123 4504/83/118
f 4502/93/126 4501/90/123 4503/92/125
f 4500/94/127 4501/90/123 4502/93/126
f 4497/85/120 4501/90/123 4500/94/127
f 4499/95/128 4497/85/120 4500/94/127
f 4498/96/129 4497/85/120 4499/95/128
f 67/97/130 68/98/130 69/99/130
f 4495/100/131 4497/85/120 4498/96/129
f 4496/86/121 4497/85/120 4495/100/131
f 4494/101/132 4496/86/121 4495/100/131
f 4490/102/133 4492/103/134 4493/104/135
f 70/80/136 71/79/137 72/81/136
f 4491/105/138 4492/103/134 4490/102/133
f 4489/106/139 4491/105/138 4490/102/133
f 4486/107/140 4487/108/141 4488/109/142
f 4485/110/143 4487/108/141 4486/107/140
f 4484/111/144 4485/110/143 4486/107/140
f 4483/112/145 4476/113/146 4477/114/147
f 4478/115/148 4483/112/145 4477/114/147
f 4482/116/149 4483/112/145 4478/115/148
f 4481/117/150 4482/116/149 4478/115/148
f 4479/118/151 4481/117/150 4478/115/148
f 4461/119/152 4463/120/153 4480/121/154
f 4480/121/154 4451/122/155 4452/123/156
f 73/88/157 74/87/157 75/89/157
f 4456/124/158 4480/121/154 4452/123/156
f 4461/119/152 4480/121/154 4456/124/158
f 4458/125/159 4461/119/152 4456/124/158
f 4462/126/160 4460/127/161 4479/118/151
f 4478/115/148 4462/126/160 4479/118/151
f 4465/128/162 4462/126/160 4478/115/148
f 4477/114/147 4465/128/162 4478/115/148
f 4467/129/163 4465/128/162 4477/114/147
f 76/98/164 77/97/164 78/99/164
f 4469/130/165 4467/129/163 4477/114/147
f 4476/113/146 4469/130/165 4477/114/147
f 4475/131/166 4469/130/165 4476/113/146
f 4474/132/167 4469/130/165 4475/131/166
f 4472/133/168 4469/130/165 4474/132/167
f 4473/134/169 4472/133/168 4474/132/167
f 4471/135/170 4472/133/168 4473/134/169
f 4469/130/165 4472/133/168 4471/135/170
f 79/136/171 80/137/171 81/138/171
f 4470/139/172 4469/130/165 4471/135/170
f 4468/140/173 4469/130/165 4470/139/172
f 4467/129/163 4469/130/165 4468/140/173
f 4466/141/174 4467/129/163 4468/140/173
f 82/142/175 83/143/175 84/144/175
f 4465/128/162 4467/129/163 4466/141/174
f 4464/145/176 4465/128/162 4466/141/174
f 4462/126/160 4465/128/162 4464/145/176
f 4463/120/153 4462/126/160 4464/145/176
f 4461/119/152 4462/126/160 4463/120/153
f 4460/127/161 4462/126/160 4461/119/152
f 4458/125/159 4460/127/161 4461/119/152
f 4459/146/177 4460/127/161 4458/125/159
f 85/147/178 86/148/178 87/149/178
f 4457/150/179 4459/146/177 4458/125/159
f 4456/124/158 4457/150/179 4458/125/159
f 4455/151/180 4457/150/179 4456/124/158
f 4452/123/156 4455/151/180 4456/124/158
f 4454/152/181 4455/151/180 4452/123/156
f 4453/153/182 4454/152/181 4452/123/156
f 4449/154/183 4453/153/182 4452/123/156
f 4451/122/155 4449/154/183 4452/123/156
f 4450/155/184 4449/154/183 4451/122/155
f 4448/156/185 4449/154/183 4450/155/184
f 4445/51/186 4447/53/187 4446/52/188
f 4444/54/189 4445/51/186 4446/52/188
f 88/157/190 89/158/190 90/159/190
f 4443/55/191 4445/51/186 4444/54/189
f 4442/56/192 4443/55/191 4444/54/189
f 4440/57/193 4443/55/191 4442/56/192
f 4441/58/194 4440/57/193 4442/56/192
f 91/148/195 92/147/195 93/149/195
f 4439/59/196 4440/57/193 4441/58/194
f 4438/76/197 4433/70/198 4434/66/199
f 4435/75/200 4438/76/197 4434/66/199
f 4437/77/201 4438/76/197 4435/75/200
f 4436/78/202 4437/77/201 4435/75/200
f 4431/82/203 4436/78/202 4435/75/200
f 4418/73/204 4431/82/203 4435/75/200
f 4421/64/205 4418/73/204 4435/75/200
f 94/160/206 95/161/206 96/162/206
f 4434/66/199 4421/64/205 4435/75/200
f 4423/65/207 4421/64/205 4434/66/199
f 4425/60/208 4423/65/207 4434/66/199
f 4433/70/198 4425/60/208 4434/66/199
f 4432/69/209 4425/60/208 4433/70/198
f 4428/67/210 4425/60/208 4432/69/209
f 4418/73/204 4416/83/211 4431/82/203
f 4430/84/212 4417/91/213 4419/74/214
f 97/163/215 98/164/215 99/165/215
f 4413/90/216 4417/91/213 4430/84/212
f 4409/85/217 4413/90/216 4430/84/212
f 4408/86/218 4409/85/217 4430/84/212
f 4427/63/219 4428/67/210 4429/68/220
f 4425/60/208 4428/67/210 4427/63/219
f 4426/62/221 4425/60/208 4427/63/219
f 4424/61/222 4425/60/208 4426/62/221
f 4423/65/207 4425/60/208 4424/61/222
f 100/158/223 101/157/223 102/159/223
f 4422/71/224 4423/65/207 4424/61/222
f 4421/64/205 4423/65/207 4422/71/224
f 4420/72/225 4421/64/205 4422/71/224
f 4418/73/204 4421/64/205 4420/72/225
f 4419/74/214 4418/73/204 4420/72/225
f 4417/91/213 4418/73/204 4419/74/214
f 4416/83/211 4418/73/204 4417/91/213
f 4413/90/216 4416/83/211 4417/91/213
f 4415/92/226 4416/83/211 4413/90/216
f 4414/93/227 4415/92/226 4413/90/216
f 4412/94/228 4414/93/227 4413/90/216
f 4409/85/217 4412/94/228 4413/90/216
f 103/166/229 104/167/229 105/168/229
f 4411/95/230 4412/94/228 4409/85/217
f 4410/96/231 4411/95/230 4409/85/217
f 4407/100/232 4410/96/231 4409/85/217
f 4408/86/218 4407/100/232 4409/85/217
f 106/169/233 107/170/233 108/171/233
f 4406/101/234 4407/100/232 4408/86/218
f 4402/102/235 4405/104/236 4404/103/237
f 4403/105/238 4402/102/235 4404/103/237
f 4401/106/239 4402/102/235 4403/105/238
f 4398/107/240 4400/109/241 4399/108/242
f 4397/110/243 4398/107/240 4399/108/242
f 4396/111/244 4398/107/240 4397/110/243
f 4395/112/245 4389/114/246 4388/113/247
f 4390/115/248 4389/114/246 4395/112/245
f 4394/116/249 4390/115/248 4395/112/245
f 4393/117/250 4390/115/248 4394/116/249
f 4391/118/251 4390/115/248 4393/117/250
f 109/172/252 110/173/252 111/174/252
f 4392/121/253 4375/120/254 4373/119/255
f 4392/121/253 4364/123/256 4363/122/257
f 4368/124/258 4364/123/256 4392/121/253
f 4373/119/255 4368/124/258 4392/121/253
f 112/175/259 113/176/259 114/177/259
f 4370/125/260 4368/124/258 4373/119/255
f 4374/126/261 4391/118/251 4372/127/262
f 4390/115/248 4391/118/251 4374/126/261
f 4377/128/263 4390/115/248 4374/126/261
f 4389/114/246 4390/115/248 4377/128/263
f 4379/129/264 4389/114/246 4377/128/263
f 4381/130/265 4389/114/246 4379/129/264
f 4388/113/247 4389/114/246 4381/130/265
f 4387/131/266 4388/113/247 4381/130/265
f 117/178/267 116/47/268 118/179/269
f 116/47/268 119/180/270 118/179/269
f 118/179/269 119/180/270 120/181/271
f 4386/132/272 4387/131/266 4381/130/265
f 120/181/271 119/180/270 121/182/273
f 119/180/270 122/183/274 121/182/273
f 121/182/273 122/183/274 123/184/275
f 4384/133/276 4386/132/272 4381/130/265
f 4385/134/277 4386/132/272 4384/133/276
f 4383/135/278 4385/134/277 4384/133/276
f 4381/130/265 4383/135/278 4384/133/276
f 115/45/279 116/47/268 117/178/267
f 4382/139/280 4383/135/278 4381/130/265
f 4380/140/281 4382/139/280 4381/130/265
f 4379/129/264 4380/140/281 4381/130/265
f 4378/141/282 4380/140/281 4379/129/264
f 125/185/283 122/183/274 126/186/284
f 122/183/274 127/187/285 126/186/284
f 4377/128/263 4378/141/282 4379/129/264
f 4376/145/286 4378/141/282 4377/128/263
f 4374/126/261 4376/145/286 4377/128/263
f 4375/120/254 4376/145/286 4374/126/261
f 4373/119/255 4375/120/254 4374/126/261
f 123/184/275 122/183/274 124/188/287
f 4372/127/262 4373/119/255 4374/126/261
f 124/188/287 122/183/274 125/185/283
f 4370/125/260 4373/119/255 4372/127/262
f 126/186/284 127/187/285 128/189/288
f 4371/146/289 4370/125/260 4372/127/262
f 128/189/288 127/187/285 129/190/290
f 127/187/285 130/50/291 129/190/290
f 129/190/290 130/50/291 131/191/292
f 4369/150/293 4370/125/260 4371/146/289
f 4368/124/258 4370/125/260 4369/150/293
f 4367/151/294 4368/124/258 4369/150/293
f 4364/123/256 4368/124/258 4367/151/294
f 130/50/291 132/49/295 131/191/292
f 4366/152/296 4364/123/256 4367/151/294
f 4365/153/297 4364/123/256 4366/152/296
f 4362/154/298 4364/123/256 4365/153/297
f 4363/122/257 4364/123/256 4362/154/298
f 4361/155/299 4363/122/257 4362/154/298
f 122/183/274 119/180/270 133/192/300
f 4360/156/301 4361/155/299 4362/154/298
f 119/180/270 116/47/268 133/192/300
f 133/192/300 116/47/268 134/193/302
f 4350/194/303 4352/195/304 4359/196/305
f 4358/197/306 4350/194/303 4359/196/305
f 4357/198/307 4350/194/303 4358/197/306
f 4349/199/308 4350/194/303 4357/198/307
f 4351/200/309 4338/201/310 4339/202/311
f 136/46/312 135/203/313 116/47/268
f 135/203/313 134/193/302 116/47/268
f 4356/204/314 4351/200/309 4339/202/311
f 4355/205/315 4351/200/309 4356/204/314
f 4354/206/316 4351/200/309 4355/205/315
f 122/183/274 133/192/300 127/187/285
f 133/192/300 130/50/291 127/187/285
f 4353/207/317 4351/200/309 4354/206/316
f 4352/195/304 4351/200/309 4353/207/317
f 4350/194/303 4351/200/309 4352/195/304
f 4338/201/310 4351/200/309 4350/194/303
f 135/203/313 137/208/318 134/193/302
f 4349/199/308 4338/201/310 4350/194/303
f 138/209/319 139/210/320 134/193/302
f 4345/211/321 4338/201/310 4349/199/308
f 139/210/320 140/212/322 134/193/302
f 140/212/322 142/213/323 141/214/324
f 141/214/324 142/213/323 143/215/325
f 4348/216/326 4345/211/321 4349/199/308
f 4347/217/327 4345/211/321 4348/216/326
f 4346/218/328 4345/211/321 4347/217/327
f 4344/219/329 4345/211/321 4346/218/328
f 4338/201/310 4345/211/321 4344/219/329
f 137/208/318 138/209/319 134/193/302
f 4343/220/330 4338/201/310 4344/219/329
f 4341/221/331 4338/201/310 4343/220/330
f 134/193/302 140/212/322 141/214/324
f 4342/222/332 4338/201/310 4341/221/331
f 4340/223/333 4342/222/332 4341/221/331
f 141/214/324 144/224/334 145/225/335
f 4336/222/336 4340/223/333 4335/226/337
f 4337/227/338 4339/202/311 4338/201/310
f 4336/222/336 4337/227/338 4338/201/310
f 4335/226/337 4337/227/338 4336/222/336
f 143/215/325 144/224/334 141/214/324
f 4325/194/339 4334/196/340 4327/195/341
f 145/225/335 133/192/300 141/214/324
f 4333/197/342 4334/196/340 4325/194/339
f 4332/198/343 4333/197/342 4325/194/339
f 4324/199/344 4332/198/343 4325/194/339
f 4326/200/345 4314/202/346 4313/201/347
f 134/193/302 141/214/324 133/192/300
f 4331/204/348 4314/202/346 4326/200/345
f 4330/205/349 4331/204/348 4326/200/345
f 4329/206/350 4330/205/349 4326/200/345
f 4328/207/351 4329/206/350 4326/200/345
f 144/224/334 146/228/352 145/225/335
f 4327/195/341 4328/207/351 4326/200/345
f 4325/194/339 4327/195/341 4326/200/345
f 4313/201/347 4325/194/339 4326/200/345
f 4324/199/344 4325/194/339 4313/201/347
f 149/229/353 150/230/354 145/225/335
f 145/225/335 150/230/354 133/192/300
f 4320/211/355 4324/199/344 4313/201/347
f 133/192/300 150/230/354 151/231/356
f 150/230/354 152/232/357 151/231/356
f 4323/216/358 4324/199/344 4320/211/355
f 4322/217/359 4323/216/358 4320/211/355
f 4321/218/360 4322/217/359 4320/211/355
f 4319/219/361 4321/218/360 4320/211/355
f 146/228/352 147/233/362 145/225/335
f 147/233/362 148/234/363 145/225/335
f 4313/201/347 4319/219/361 4320/211/355
f 148/234/363 149/229/353 145/225/335
f 152/232/357 153/235/364 151/231/356
f 4318/220/365 4319/219/361 4313/201/347
f 153/235/364 154/236/366 151/231/356
f 4316/221/367 4318/220/365 4313/201/347
f 4317/222/368 4316/221/367 4313/201/347
f 4315/223/369 4316/221/367 4317/222/368
f 4315/223/369 4311/222/370 4310/226/371
f 4312/227/372 4313/201/347 4314/202/346
f 4311/222/370 4313/201/347 4312/227/372
f 133/192/300 151/231/356 156/237/373
f 4310/226/371 4311/222/370 4312/227/372
f 156/237/373 151/231/356 155/238/374
f 4306/239/375 4309/240/376 4308/241/377
f 155/238/374 151/231/356 154/236/366
f 4307/242/378 4306/239/375 4308/241/377
f 4305/243/379 4306/239/375 4307/242/378
f 4304/244/380 4306/239/375 4305/243/379
f 4303/245/381 4304/244/380 4305/243/379
f 4302/246/382 4304/244/380 4303/245/381
f 149/229/353 152/232/357 150/230/354
f 4301/247/383 4302/246/382 4303/245/381
f 4300/248/384 4302/246/382 4301/247/383
f 4296/249/385 4298/250/386 4299/251/387
f 4297/252/388 4298/250/386 4296/249/385
f 4295/253/389 4297/252/388 4296/249/385
f 133/192/300 157/254/390 130/50/291
f 130/50/291 158/255/391 159/48/392
f 4294/256/393 4295/253/389 4296/249/385
f 4291/257/394 4293/258/395 4292/239/396
f 4289/244/397 4291/257/394 4292/239/396
f 4290/259/398 4291/257/394 4289/244/397
f 158/255/391 130/50/291 157/254/390
f 157/254/390 133/192/300 156/237/373
f 4288/246/399 4290/259/398 4289/244/397
f 4284/239/400 4286/241/401 4287/240/402
f 4285/242/403 4286/241/401 4284/239/400
f 4283/243/404 4285/242/403 4284/239/400
f 4282/244/405 4283/243/404 4284/239/400
f 4281/245/406 4283/243/404 4282/244/405
f 4280/246/407 4281/245/406 4282/244/405
f 4279/247/408 4281/245/406 4280/246/407
f 4278/248/409 4279/247/408 4280/246/407
f 4274/249/410 4277/251/411 4276/250/412
f 158/255/391 157/254/390 160/260/413
f 4275/252/414 4274/249/410 4276/250/412
f 160/260/413 157/254/390 161/261/415
f 4273/253/416 4274/249/410 4275/252/414
f 161/261/415 157/254/390 162/262/417
f 4272/256/418 4274/249/410 4273/253/416
f 162/262/417 157/254/390 163/263/419
f 157/254/390 156/237/373 163/263/419
f 163/263/419 156/237/373 164/264/420
f 4269/257/421 4270/239/422 4271/258/423
f 164/264/420 156/237/373 165/265/424
f 156/237/373 155/238/374 165/265/424
f 4267/244/425 4270/239/422 4269/257/421
f 4268/259/426 4267/244/425 4269/257/421
f 4266/246/427 4267/244/425 4268/259/426
f 4257/266/428 4251/267/429 4244/268/430
f 4262/269/431 4265/270/432 4261/271/433
f 4264/272/434 4265/270/432 4262/269/431
f 4263/273/435 4264/272/434 4262/269/431
f 4242/274/436 4263/273/435 4262/269/431
f 166/275/437 168/276/438 167/277/439
f 4244/268/430 4242/274/436 4262/269/431
f 168/276/438 169/278/440 167/277/439
f 169/278/440 171/279/441 170/280/442
f 4261/271/433 4244/268/430 4262/269/431
f 170/280/442 172/281/443 173/282/444
f 4257/266/428 4244/268/430 4261/271/433
f 4260/283/445 4257/266/428 4261/271/433
f 4259/284/446 4257/266/428 4260/283/445
f 4258/285/447 4257/266/428 4259/284/446
f 4256/286/448 4257/266/428 4258/285/447
f 167/277/439 169/278/440 170/280/442
f 4251/267/429 4257/266/428 4256/286/448
f 171/279/441 172/281/443 170/280/442
f 4255/287/449 4251/267/429 4256/286/448
f 4254/288/450 4251/267/429 4255/287/449
f 4253/289/451 4251/267/429 4254/288/450
f 4252/290/452 4251/267/429 4253/289/451
f 4250/291/453 4251/267/429 4252/290/452
f 4244/268/430 4251/267/429 4250/291/453
f 4249/292/454 4244/268/430 4250/291/453
f 4246/293/455 4244/268/430 4249/292/454
f 171/279/441 169/278/440 174/294/456
f 174/294/456 169/278/440 175/295/457
f 169/278/440 168/276/438 175/295/457
f 175/295/457 168/276/438 176/296/458
f 4248/297/459 4246/293/455 4249/292/454
f 4247/298/460 4246/293/455 4248/297/459
f 4245/299/461 4246/293/455 4247/298/460
f 4244/268/430 4246/293/455 4245/299/461
f 177/300/462 179/301/463 178/302/464
f 4243/303/465 4244/268/430 4245/299/461
f 179/301/463 180/304/466 178/302/464
f 178/302/464 180/304/466 181/305/467
f 4242/274/436 4244/268/430 4243/303/465
f 4227/267/468 4233/266/469 4219/268/470
f 4238/269/471 4237/271/472 4241/270/473
f 4240/272/474 4238/269/471 4241/270/473
f 4239/273/475 4238/269/471 4240/272/474
f 4218/274/476 4238/269/471 4239/273/475
f 4219/268/470 4238/269/471 4218/274/476
f 4237/271/472 4238/269/471 4219/268/470
f 4233/266/469 4237/271/472 4219/268/470
f 182/306/477 184/307/478 183/308/479
f 183/308/479 184/307/478 185/309/480
f 184/307/478 186/310/481 185/309/480
f 4236/283/482 4237/271/472 4233/266/469
f 4235/284/483 4236/283/482 4233/266/469
f 4234/285/484 4235/284/483 4233/266/469
f 4232/286/485 4234/285/484 4233/266/469
f 4227/267/468 4232/286/485 4233/266/469
f 4231/287/486 4232/286/485 4227/267/468
f 4230/288/487 4231/287/486 4227/267/468
f 4229/289/488 4230/288/487 4227/267/468
f 4228/290/489 4229/289/488 4227/267/468
f 187/311/490 188/312/491 189/313/492
f 4226/291/493 4228/290/489 4227/267/468
f 4219/268/470 4226/291/493 4227/267/468
f 4225/292/494 4226/291/493 4219/268/470
f 4222/293/495 4225/292/494 4219/268/470
f 4224/297/496 4225/292/494 4222/293/495
f 189/313/492 188/312/491 190/314/497
f 188/312/491 191/315/498 190/314/497
f 190/314/497 191/315/498 192/316/499
f 4223/298/500 4224/297/496 4222/293/495
f 4221/299/501 4223/298/500 4222/293/495
f 4219/268/470 4221/299/501 4222/293/495
f 4220/303/502 4221/299/501 4219/268/470
f 193/317/503 195/318/504 194/319/505
f 4218/274/476 4220/303/502 4219/268/470
f 4203/320/506 4209/321/507 4214/322/508
f 4217/323/509 4205/324/510 4203/320/506
f 4214/322/508 4217/323/509 4203/320/506
f 4216/325/511 4217/323/509 4214/322/508
f 194/319/505 195/318/504 196/326/512
f 195/318/504 197/327/513 196/326/512
f 196/326/512 197/327/513 198/328/514
f 197/327/513 199/329/515 198/328/514
f 4215/330/516 4216/325/511 4214/322/508
f 199/329/515 200/331/517 198/328/514
f 4213/332/518 4215/330/516 4214/322/508
f 200/331/517 201/333/519 198/328/514
f 4209/321/507 4213/332/518 4214/322/508
f 201/333/519 202/334/520 198/328/514
f 202/334/520 204/335/521 203/336/522
f 4212/337/523 4213/332/518 4209/321/507
f 204/335/521 205/338/524 203/336/522
f 4211/339/525 4212/337/523 4209/321/507
f 205/338/524 206/340/526 203/336/522
f 4210/341/527 4211/339/525 4209/321/507
f 206/340/526 207/342/528 203/336/522
f 4208/343/529 4210/341/527 4209/321/507
f 4203/320/506 4208/343/529 4209/321/507
f 4207/344/530 4208/343/529 4203/320/506
f 4206/345/531 4207/344/530 4203/320/506
f 198/328/514 202/334/520 203/336/522
f 4202/346/532 4206/345/531 4203/320/506
f 4203/320/506 4205/324/510 4204/347/533
f 4202/346/532 4203/320/506 4204/347/533
f 203/336/522 207/342/528 208/348/534
f 207/342/528 209/349/535 208/348/534
f 4193/321/536 4187/320/537 4198/322/538
f 209/349/535 210/350/539 208/348/534
f 4201/323/540 4187/320/537 4189/324/541
f 208/348/534 211/351/542 212/352/543
f 212/352/543 213/353/544 214/354/545
f 213/353/544 215/355/546 214/354/545
f 4198/322/538 4187/320/537 4201/323/540
f 4200/325/547 4198/322/538 4201/323/540
f 4199/330/548 4198/322/538 4200/325/547
f 4197/332/549 4198/322/538 4199/330/548
f 4193/321/536 4198/322/538 4197/332/549
f 210/350/539 211/351/542 208/348/534
f 211/351/542 213/353/544 212/352/543
f 4196/337/550 4193/321/536 4197/332/549
f 215/355/546 216/356/551 214/354/545
f 214/354/545 216/356/551 217/357/552
f 4195/339/553 4193/321/536 4196/337/550
f 218/358/554 219/359/555 217/357/552
f 217/357/552 219/359/555 220/360/556
f 4194/341/557 4193/321/536 4195/339/553
f 4192/343/558 4193/321/536 4194/341/557
f 4187/320/537 4193/321/536 4192/343/558
f 4191/344/559 4187/320/537 4192/343/558
f 216/356/551 218/358/554 217/357/552
f 4190/345/560 4187/320/537 4191/344/559
f 219/359/555 221/361/561 220/360/556
f 4186/346/562 4187/320/537 4190/345/560
f 221/361/561 222/362/563 220/360/556
f 220/360/556 222/362/563 223/363/564
f 4187/320/537 4188/347/565 4189/324/541
f 224/364/566 225/365/567 223/363/564
f 4186/346/562 4188/347/565 4187/320/537
f 225/365/567 226/366/568 223/363/564
f 4184/367/569 4154/368/570 4185/369/571
f 226/366/568 227/370/572 223/363/564
f 223/363/564 227/370/572 228/371/573
f 227/370/572 229/372/574 228/371/573
f 4170/373/575 4172/374/576 4183/375/577
f 4182/376/578 4170/373/575 4183/375/577
f 4168/377/579 4170/373/575 4182/376/578
f 4165/378/580 4164/379/581 4180/380/582
f 222/362/563 224/364/566 223/363/564
f 4181/381/583 4165/378/580 4180/380/582
f 4169/382/584 4165/378/580 4181/381/583
f 4171/383/585 4169/382/584 4181/381/583
f 4174/384/586 4171/383/585 4181/381/583
f 229/372/574 230/385/587 228/371/573
f 4180/380/582 4174/384/586 4181/381/583
f 4176/386/588 4174/384/586 4180/380/582
f 4179/387/589 4176/386/588 4180/380/582
f 4164/379/581 4179/387/589 4180/380/582
f 4163/388/590 4179/387/589 4164/379/581
f 228/371/573 230/385/587 231/389/591
f 230/385/587 232/390/592 231/389/591
f 231/389/591 232/390/592 233/391/593
f 232/390/592 234/392/594 233/391/593
f 4178/393/595 4179/387/589 4163/388/590
f 234/392/594 235/394/596 233/391/593
f 4176/386/588 4179/387/589 4178/393/595
f 235/394/596 236/395/597 233/391/593
f 233/391/593 236/395/597 237/396/598
f 4177/397/599 4176/386/588 4178/393/595
f 240/398/600 241/399/601 239/400/602
f 4175/401/603 4176/386/588 4177/397/599
f 241/399/601 242/402/604 239/400/602
f 4174/384/586 4176/386/588 4175/401/603
f 4173/403/605 4174/384/586 4175/401/603
f 4171/383/585 4174/384/586 4173/403/605
f 4172/374/576 4171/383/585 4173/403/605
f 4170/373/575 4171/383/585 4172/374/576
f 236/395/597 238/404/606 237/396/598
f 237/396/598 238/404/606 239/400/602
f 238/404/606 240/398/600 239/400/602
f 4169/382/584 4171/383/585 4170/373/575
f 4168/377/579 4169/382/584 4170/373/575
f 239/400/602 242/402/604 243/405/607
f 242/402/604 244/406/608 243/405/607
f 4165/378/580 4169/382/584 4168/377/579
f 4166/407/609 4165/378/580 4168/377/579
f 4167/408/610 4166/407/609 4168/377/579
f 248/409/611 249/410/612 247/411/613
f 4161/412/614 4166/407/609 4167/408/610
f 4150/413/615 4166/407/609 4161/412/614
f 4165/378/580 4166/407/609 4150/413/615
f 4152/414/616 4165/378/580 4150/413/615
f 4164/379/581 4165/378/580 4152/414/616
f 244/406/608 245/415/617 243/405/607
f 4153/416/618 4164/379/581 4152/414/616
f 245/415/617 246/417/619 243/405/607
f 243/405/607 246/417/619 247/411/613
f 246/417/619 248/409/611 247/411/613
f 4157/418/620 4164/379/581 4153/416/618
f 4163/388/590 4164/379/581 4157/418/620
f 249/410/612 250/419/621 247/411/613
f 247/411/613 250/419/621 251/420/622
f 4159/421/623 4163/388/590 4157/418/620
f 4151/422/624 4149/423/625 4162/424/626
f 4148/425/627 4150/413/615 4161/412/614
f 4158/426/628 4160/427/629 4159/421/623
f 252/428/630 251/420/622 250/419/621
f 4157/418/620 4158/426/628 4159/421/623
f 251/420/622 253/429/631 247/411/613
f 4156/430/632 4158/426/628 4157/418/620
f 253/429/631 254/431/633 247/411/613
f 247/411/613 254/431/633 243/405/607
f 254/431/633 255/432/634 243/405/607
f 243/405/607 255/432/634 239/400/602
f 239/400/602 256/433/635 237/396/598
f 4153/416/618 4156/430/632 4157/418/620
f 4155/434/636 4156/430/632 4153/416/618
f 4154/368/637 4155/434/636 4153/416/618
f 4151/422/624 4154/368/637 4153/416/618
f 4152/414/616 4151/422/624 4153/416/618
f 255/432/634 256/433/635 239/400/602
f 4150/413/615 4151/422/624 4152/414/616
f 4149/423/625 4151/422/624 4150/413/615
f 4148/425/627 4149/423/625 4150/413/615
f 231/389/591 258/435/638 228/371/573
f 4147/436/639 4149/423/625 4148/425/627
f 228/371/573 258/435/638 223/363/564
f 4146/383/640 4141/382/641 4142/373/642
f 4140/381/643 4141/382/641 4146/383/640
f 4138/384/644 4140/381/643 4146/383/640
f 4139/403/645 4138/384/644 4146/383/640
f 237/396/598 256/433/635 233/391/593
f 256/433/635 257/437/646 233/391/593
f 4145/374/647 4139/403/645 4146/383/640
f 257/437/646 258/435/638 233/391/593
f 233/391/593 258/435/638 231/389/591
f 4142/373/642 4145/374/647 4146/383/640
f 4144/375/648 4145/374/647 4142/373/642
f 258/435/638 259/438/649 223/363/564
f 223/363/564 259/438/649 220/360/556
f 259/438/649 260/439/650 220/360/556
f 220/360/556 260/439/650 217/357/552
f 260/439/650 261/440/651 217/357/552
f 4143/376/652 4144/375/648 4142/373/642
f 4119/377/653 4143/376/652 4142/373/642
f 4141/382/641 4119/377/653 4142/373/642
f 4120/378/654 4119/377/653 4141/382/641
f 4140/381/643 4120/378/654 4141/382/641
f 217/357/552 261/440/651 214/354/545
f 4132/380/655 4120/378/654 4140/381/643
f 214/354/545 261/440/651 212/352/543
f 261/440/651 262/441/656 212/352/543
f 4138/384/644 4132/380/655 4140/381/643
f 208/348/534 262/441/656 203/336/522
f 203/336/522 263/442/657 198/328/514
f 4134/386/658 4132/380/655 4138/384/644
f 198/328/514 263/442/657 196/326/512
f 4130/388/659 4133/387/660 4135/393/661
f 196/326/512 263/442/657 194/319/505
f 263/442/657 264/443/662 194/319/505
f 4131/379/663 4133/387/660 4130/388/659
f 4137/401/664 4138/384/644 4139/403/645
f 4134/386/658 4138/384/644 4137/401/664
f 4136/397/665 4134/386/658 4137/401/664
f 212/352/543 262/441/656 208/348/534
f 4135/393/661 4134/386/658 4136/397/665
f 262/441/656 263/442/657 203/336/522
f 4133/387/660 4134/386/658 4135/393/661
f 4132/380/655 4134/386/658 4133/387/660
f 4131/379/663 4132/380/655 4133/387/660
f 4120/378/654 4132/380/655 4131/379/663
f 4121/414/666 4120/378/654 4131/379/663
f 265/444/667 263/442/657 266/445/668
f 266/445/668 262/441/656 267/446/669
f 4122/416/670 4121/414/666 4131/379/663
f 4126/418/671 4122/416/670 4131/379/663
f 4130/388/659 4126/418/671 4131/379/663
f 4128/421/672 4126/418/671 4130/388/659
f 4127/426/673 4128/421/672 4129/427/674
f 264/443/662 263/442/657 265/444/667
f 263/442/657 262/441/656 266/445/668
f 4126/418/671 4128/421/672 4127/426/673
f 267/446/669 262/441/656 268/447/675
f 262/441/656 261/440/651 268/447/675
f 268/447/675 261/440/651 269/448/676
f 4125/430/677 4126/418/671 4127/426/673
f 4122/416/670 4126/418/671 4125/430/677
f 4124/434/678 4122/416/670 4125/430/677
f 4123/368/679 4122/416/670 4124/434/678
f 269/448/676 261/440/651 260/439/650
f 4115/422/680 4122/416/670 4123/368/679
f 4121/414/666 4122/416/670 4115/422/680
f 4114/413/681 4121/414/666 4115/422/680
f 4120/378/654 4121/414/666 4114/413/681
f 258/435/638 257/437/646 270/449/682
f 257/437/646 256/433/635 271/450/683
f 271/450/683 256/433/635 272/451/684
f 4117/407/685 4120/378/654 4114/413/681
f 272/451/684 256/433/635 273/452/686
f 256/433/635 255/432/634 273/452/686
f 4119/377/653 4120/378/654 4117/407/685
f 4118/408/687 4119/377/653 4117/407/685
f 4116/412/688 4118/408/687 4117/407/685
f 4114/413/681 4116/412/688 4117/407/685
f 270/449/682 257/437/646 271/450/683
f 4112/425/689 4116/412/688 4114/413/681
f 273/452/686 255/432/634 274/453/690
f 4113/423/691 4114/413/681 4115/422/680
f 274/453/690 255/432/634 275/454/692
f 4112/425/689 4114/413/681 4113/423/691
f 275/454/692 255/432/634 276/455/693
f 255/432/634 254/431/633 276/455/693
f 4111/436/694 4112/425/689 4113/423/691
f 4108/368/695 4110/367/695 4109/369/695
f 4105/423/696 4106/422/696 4107/424/696
f 4102/456/697 4100/457/698 4104/458/699
f 4103/459/700 4102/456/697 4104/458/699
f 4101/460/701 4102/456/697 4103/459/700
f 254/431/633 253/429/631 276/455/693
f 276/455/693 253/429/631 277/461/702
f 4100/457/698 4102/456/697 4101/460/701
f 4096/456/703 4099/458/704 4095/457/705
f 4098/459/706 4099/458/704 4096/456/703
f 4097/460/707 4098/459/706 4096/456/703
f 278/462/708 280/463/709 279/464/710
f 4095/457/705 4097/460/707 4096/456/703
f 4088/465/711 4093/466/712 4094/467/713
f 282/468/714 281/469/715 283/470/716
f 4092/471/717 4093/466/712 4088/465/711
f 284/472/718 285/473/719 286/474/720
f 4091/475/721 4092/471/717 4088/465/711
f 4090/476/722 4091/475/721 4088/465/711
f 4089/477/723 4090/476/722 4088/465/711
f 4087/478/724 4089/477/723 4088/465/711
f 4086/479/725 4087/478/724 4088/465/711
f 280/463/709 281/469/715 279/464/710
f 279/464/710 281/469/715 282/468/714
f 4081/480/726 4085/481/727 4084/482/728
f 4083/483/729 4081/480/726 4084/482/728
f 283/470/716 281/469/715 284/472/718
f 281/469/715 285/473/719 284/472/718
f 4082/484/730 4081/480/726 4083/483/729
f 4080/485/731 4081/480/726 4082/484/730
f 4079/486/732 4081/480/726 4080/485/731
f 4078/487/733 4079/486/732 4080/485/731
f 285/473/719 281/469/715 287/488/734
f 287/488/734 281/469/715 288/489/735
f 4077/490/736 4079/486/732 4078/487/733
f 4072/491/737 4076/492/738 4070/493/739
f 4075/494/740 4076/492/738 4072/491/737
f 4074/495/741 4075/494/740 4072/491/737
f 4073/496/742 4074/495/741 4072/491/737
f 281/469/715 280/463/709 288/489/735
f 4071/497/743 4073/496/742 4072/491/737
f 4070/493/739 4071/497/743 4072/491/737
f 4063/498/744 4071/497/743 4070/493/739
f 4069/499/745 4063/498/744 4070/493/739
f 289/500/746 290/501/747 291/502/748
f 4068/503/749 4063/498/744 4069/499/745
f 291/502/748 290/501/747 292/504/750
f 290/501/747 293/505/751 292/504/750
f 4067/506/752 4063/498/744 4068/503/749
f 293/505/751 294/507/753 292/504/750
f 292/504/750 294/507/753 295/508/754
f 4066/509/755 4063/498/744 4067/506/752
f 295/508/754 294/507/753 296/510/756
f 294/507/753 297/511/757 296/510/756
f 4065/512/758 4063/498/744 4066/509/755
f 4064/513/759 4063/498/744 4065/512/758
f 4062/514/760 4063/498/744 4064/513/759
f 4055/465/761 4061/467/762 4060/466/763
f 4059/515/764 4055/465/761 4060/466/763
f 4058/475/765 4055/465/761 4059/515/764
f 4057/476/766 4055/465/761 4058/475/765
f 296/510/756 297/511/757 298/516/767
f 4056/477/768 4055/465/761 4057/476/766
f 4054/478/769 4055/465/761 4056/477/768
f 4053/517/770 4055/465/761 4054/478/769
f 4048/480/771 4051/482/772 4052/481/773
f 4050/483/774 4051/482/772 4048/480/771
f 4049/484/775 4050/483/774 4048/480/771
f 4047/485/776 4049/484/775 4048/480/771
f 4046/486/777 4047/485/776 4048/480/771
f 299/518/778 300/519/779 301/520/780
f 4045/487/781 4047/485/776 4046/486/777
f 301/520/780 300/519/779 302/521/782
f 300/519/779 303/522/783 302/521/782
f 4044/490/784 4045/487/781 4046/486/777
f 303/522/783 304/523/785 302/521/782
f 302/521/782 304/523/785 305/524/786
f 304/523/785 306/525/787 305/524/786
f 305/524/786 306/525/787 307/526/788
f 4039/491/789 4037/493/790 4043/492/791
f 4042/494/792 4039/491/789 4043/492/791
f 4041/495/793 4039/491/789 4042/494/792
f 4040/496/794 4039/491/789 4041/495/793
f 4038/497/795 4039/491/789 4040/496/794
f 4037/493/790 4039/491/789 4038/497/795
f 305/524/786 307/526/788 308/527/796
f 307/526/788 309/528/797 308/527/796
f 308/527/796 309/528/797 310/529/798
f 309/528/797 311/530/799 310/529/798
f 4031/498/800 4037/493/790 4038/497/795
f 311/530/799 312/531/801 310/529/798
f 310/529/798 312/531/801 313/532/802
f 4036/499/803 4037/493/790 4031/498/800
f 4035/503/804 4036/499/803 4031/498/800
f 4034/533/805 4035/503/804 4031/498/800
f 4033/509/806 4034/533/805 4031/498/800
f 4032/512/807 4033/509/806 4031/498/800
f 4030/513/808 4032/512/807 4031/498/800
f 4029/514/809 4030/513/808 4031/498/800
f 4022/465/810 4028/467/811 4027/466/812
f 4026/471/813 4022/465/810 4027/466/812
f 4025/475/814 4022/465/810 4026/471/813
f 314/500/815 316/534/816 315/535/817
f 4024/476/818 4022/465/810 4025/475/814
f 316/534/816 317/536/819 315/535/817
f 315/535/817 317/536/819 318/537/820
f 4023/477/821 4022/465/810 4024/476/818
f 318/537/820 317/536/819 319/538/822
f 317/536/819 320/539/823 319/538/822
f 4021/478/824 4022/465/810 4023/477/821
f 320/539/823 321/540/825 319/538/822
f 319/538/822 321/540/825 322/541/826
f 4020/479/827 4022/465/810 4021/478/824
f 4015/480/828 4018/482/829 4019/481/830
f 4017/483/831 4018/482/829 4015/480/828
f 4016/484/832 4017/483/831 4015/480/828
f 4014/485/833 4016/484/832 4015/480/828
f 4013/486/834 4014/485/833 4015/480/828
f 4012/487/835 4014/485/833 4013/486/834
f 321/540/825 323/542/836 322/541/826
f 4011/490/837 4012/487/835 4013/486/834
f 4006/491/838 4004/493/839 4010/492/840
f 4009/494/841 4006/491/838 4010/492/840
f 4008/495/842 4006/491/838 4009/494/841
f 4007/496/843 4006/491/838 4008/495/842
f 4005/497/844 4006/491/838 4007/496/843
f 4004/493/839 4006/491/838 4005/497/844
f 3997/498/845 4004/493/839 4005/497/844
f 324/543/846 326/544/847 325/519/848
f 325/519/848 326/544/847 327/522/849
f 326/544/847 328/545/850 327/522/849
f 327/522/849 328/545/850 329/546/851
f 4003/499/852 4004/493/839 3997/498/845
f 329/546/851 328/545/850 330/547/853
f 328/545/850 331/548/854 330/547/853
f 330/547/853 331/548/854 332/549/855
f 4002/503/856 4003/499/852 3997/498/845
f 4001/506/857 4002/503/856 3997/498/845
f 4000/509/858 4001/506/857 3997/498/845
f 3999/512/859 4000/509/858 3997/498/845
f 3998/513/860 3999/512/859 3997/498/845
f 331/548/854 333/550/861 332/549/855
f 332/549/855 333/550/861 334/551/862
f 333/550/861 335/552/863 334/551/862
f 334/551/862 335/552/863 336/553/864
f 3996/514/865 3998/513/860 3997/498/845
f 336/553/864 335/552/863 337/554/866
f 335/552/863 338/532/867 337/554/866
f 3989/465/868 3994/466/869 3995/467/870
f 3993/515/764 3994/466/869 3989/465/868
f 3992/475/871 3993/515/764 3989/465/868
f 3991/476/872 3992/475/871 3989/465/868
f 3990/477/873 3991/476/872 3989/465/868
f 3988/478/874 3990/477/873 3989/465/868
f 3987/517/875 3988/478/874 3989/465/868
f 3982/480/876 3986/481/877 3985/482/829
f 3984/483/878 3982/480/876 3985/482/829
f 3983/484/879 3982/480/876 3984/483/878
f 339/555/880 340/556/881 341/557/882
f 340/556/881 342/558/883 341/557/882
f 341/557/882 342/558/883 343/559/884
f 342/558/883 344/560/885 343/559/884
f 3981/485/886 3982/480/876 3983/484/879
f 344/560/885 345/561/887 343/559/884
f 343/559/884 345/561/887 346/562/888
f 3980/486/889 3982/480/876 3981/485/886
f 3979/487/890 3980/486/889 3981/485/886
f 3978/490/891 3980/486/889 3979/487/890
f 3973/491/892 3977/492/893 3971/493/894
f 3976/494/895 3977/492/893 3973/491/892
f 3975/495/896 3976/494/895 3973/491/892
f 3974/496/897 3975/495/896 3973/491/892
f 3972/497/898 3974/496/897 3973/491/892
f 3971/493/894 3972/497/898 3973/491/892
f 3965/498/899 3972/497/898 3971/493/894
f 347/563/900 349/564/901 348/565/902
f 3970/499/903 3965/498/899 3971/493/894
f 349/564/901 350/566/904 348/565/902
f 348/565/902 350/566/904 351/567/905
f 350/566/904 352/568/906 351/567/905
f 351/567/905 352/568/906 353/561/907
f 352/568/906 354/569/908 353/561/907
f 3969/503/909 3965/498/899 3970/499/903
f 3968/533/910 3965/498/899 3969/503/909
f 3967/509/911 3965/498/899 3968/533/910
f 3966/512/912 3965/498/899 3967/509/911
f 3964/513/913 3965/498/899 3966/512/912
f 3963/514/914 3965/498/899 3964/513/913
f 3959/570/915 3955/571/916 3954/572/917
f 3962/573/918 3955/571/916 3959/570/915
f 355/574/919 356/575/920 357/576/921
f 356/575/920 358/577/922 357/576/921
f 357/576/921 358/577/922 359/578/923
f 358/577/922 360/579/924 359/578/923
f 3961/580/925 3962/573/918 3959/570/915
f 3960/581/926 3961/580/925 3959/570/915
f 3943/582/927 3960/581/926 3959/570/915
f 3942/583/928 3943/582/927 3959/570/915
f 3954/572/917 3942/583/928 3959/570/915
f 3945/584/929 3942/583/928 3954/572/917
f 3948/585/930 3945/584/929 3954/572/917
f 3953/586/931 3958/587/932 3952/588/933
f 361/589/934 362/590/935 363/591/936
f 362/590/935 364/592/937 363/591/936
f 363/591/936 364/592/937 365/593/938
f 364/592/937 366/594/939 365/593/938
f 365/593/938 366/594/939 367/595/940
f 3957/596/941 3958/587/932 3953/586/931
f 3956/597/942 3957/596/941 3953/586/931
f 3955/571/916 3956/597/942 3953/586/931
f 3954/572/917 3955/571/916 3953/586/931
f 3948/585/930 3954/572/917 3953/586/931
f 366/594/939 368/598/943 367/595/940
f 367/595/940 368/598/943 369/599/944
f 368/598/943 370/600/945 369/599/944
f 369/599/944 370/600/945 371/601/946
f 370/600/945 372/602/947 371/601/946
f 3952/588/933 3948/585/930 3953/586/931
f 3950/603/948 3948/585/930 3952/588/933
f 3949/604/949 3950/603/948 3951/605/950
f 3948/585/930 3950/603/948 3949/604/949
f 3947/606/951 3948/585/930 3949/604/949
f 371/601/946 372/602/947 373/607/952
f 372/602/947 374/608/953 373/607/952
f 373/607/952 374/608/953 375/609/954
f 374/608/953 376/610/955 375/609/954
f 375/609/954 376/610/955 377/611/956
f 376/610/955 378/612/957 377/611/956
f 377/611/956 378/612/957 379/613/958
f 3945/584/929 3948/585/930 3947/606/951
f 379/613/958 378/612/957 380/614/959
f 378/612/957 381/615/960 380/614/959
f 380/614/959 381/615/960 382/616/961
f 381/615/960 383/617/962 382/616/961
f 3946/618/963 3945/584/929 3947/606/951
f 3944/619/964 3945/584/929 3946/618/963
f 3942/583/928 3945/584/929 3944/619/964
f 3940/620/965 3942/583/928 3944/619/964
f 3941/621/966 3943/582/927 3942/583/928
f 3940/620/965 3941/621/966 3942/583/928
f 381/615/960 384/622/967 383/617/962
f 3939/623/968 3941/621/966 3940/620/965
f 384/622/967 385/624/969 383/617/962
f 383/617/962 385/624/969 386/625/970
f 385/624/969 387/626/971 386/625/970
f 3936/627/972 3937/628/973 3938/629/974
f 3935/630/975 3937/628/973 3936/627/972
f 3933/631/976 3935/630/975 3936/627/972
f 3934/632/976 3935/630/975 3933/631/976
f 3932/633/976 3934/632/976 3933/631/976
f 386/625/970 387/626/971 388/634/977
f 387/626/971 389/635/978 388/634/977
f 388/634/977 389/635/978 390/636/979
f 3931/637/976 3932/633/976 3933/631/976
f 3929/638/980 3932/633/976 3931/637/976
f 3930/639/981 3929/638/980 3931/637/976
f 392/640/982 389/635/978 393/641/983
f 394/642/984 385/624/969 395/643/985
f 3928/644/986 3929/638/980 3930/639/981
f 3924/645/987 3922/646/988 3920/647/989
f 3921/648/990 3924/645/987 3920/647/989
f 3927/649/991 3924/645/987 3921/648/990
f 390/636/979 389/635/978 391/650/992
f 391/650/992 389/635/978 392/640/982
f 3926/651/993 3924/645/987 3927/649/991
f 389/635/978 387/626/971 393/641/983
f 393/641/983 387/626/971 394/642/984
f 387/626/971 385/624/969 394/642/984
f 384/622/967 381/615/960 396/652/994
f 3925/653/995 3924/645/987 3926/651/993
f 3923/654/996 3924/645/987 3925/653/995
f 3922/646/988 3924/645/987 3923/654/996
f 3911/655/997 3922/646/988 3923/654/996
f 3910/656/998 3922/646/988 3911/655/997
f 385/624/969 384/622/967 395/643/985
f 395/643/985 384/622/967 396/652/994
f 396/652/994 381/615/960 397/657/999
f 381/615/960 378/612/957 397/657/999
f 3915/658/1000 3922/646/988 3910/656/998
f 378/612/957 376/610/955 397/657/999
f 397/657/999 376/610/955 398/659/1001
f 370/600/945 368/598/943 401/660/1002
f 3920/647/989 3922/646/988 3915/658/1000
f 3917/661/1003 3920/647/989 3915/658/1000
f 3919/662/1004 3921/648/990 3920/647/989
f 3917/661/1003 3919/662/1004 3920/647/989
f 376/610/955 374/608/953 398/659/1001
f 3918/663/1005 3919/662/1004 3917/661/1003
f 398/659/1001 374/608/953 399/664/1006
f 374/608/953 372/602/947 399/664/1006
f 399/664/1006 372/602/947 400/665/1007
f 372/602/947 370/600/945 400/665/1007
f 400/665/1007 370/600/945 401/660/1002
f 3916/666/1008 3918/663/1005 3917/661/1003
f 3915/658/1000 3916/666/1008 3917/661/1003
f 366/594/939 402/667/1009 401/660/1002
f 3914/668/1010 3916/666/1008 3915/658/1000
f 3910/656/998 3914/668/1010 3915/658/1000
f 3913/669/1011 3914/668/1010 3910/656/998
f 3906/670/1012 3913/669/1011 3910/656/998
f 3904/671/1013 3913/669/1011 3906/670/1012
f 368/598/943 366/594/939 401/660/1002
f 3912/672/1014 3905/673/1015 3907/674/1016
f 402/667/1009 403/675/1017 401/660/1002
f 401/660/1002 403/675/1017 400/665/1007
f 403/675/1017 404/676/1018 400/665/1007
f 400/665/1007 404/676/1018 399/664/1006
f 404/676/1018 405/677/1019 399/664/1006
f 399/664/1006 405/677/1019 398/659/1001
f 405/677/1019 406/678/1020 398/659/1001
f 398/659/1001 406/678/1020 397/657/999
f 3903/679/1021 3905/673/1015 3912/672/1014
f 397/657/999 406/678/1020 396/652/994
f 406/678/1020 407/680/1022 396/652/994
f 396/652/994 407/680/1022 395/643/985
f 3896/681/1023 3903/679/1021 3912/672/1014
f 3897/682/1024 3903/679/1021 3896/681/1023
f 3909/683/1025 3910/656/998 3911/655/997
f 3906/670/1012 3910/656/998 3909/683/1025
f 3908/684/1026 3906/670/1012 3909/683/1025
f 407/680/1022 408/685/1027 395/643/985
f 3907/674/1016 3906/670/1012 3908/684/1026
f 3905/673/1015 3906/670/1012 3907/674/1016
f 3904/671/1013 3906/670/1012 3905/673/1015
f 3903/679/1021 3904/671/1013 3905/673/1015
f 395/643/985 408/685/1027 394/642/984
f 3902/686/1028 3904/671/1013 3903/679/1021
f 408/685/1027 409/687/1029 394/642/984
f 394/642/984 409/687/1029 393/641/983
f 409/687/1029 410/688/1030 393/641/983
f 393/641/983 410/688/1030 392/640/982
f 3897/682/1024 3902/686/1028 3903/679/1021
f 3901/689/1031 3902/686/1028 3897/682/1024
f 3900/690/1032 3901/689/1031 3897/682/1024
f 3899/691/1033 3900/690/1032 3897/682/1024
f 408/685/1027 407/680/1022 413/692/1034
f 3898/693/1035 3889/694/1036 3888/695/1037
f 407/680/1022 406/678/1020 413/692/1034
f 413/692/1034 406/678/1020 405/677/1019
f 3894/696/1038 3889/694/1036 3898/693/1035
f 3899/691/1033 3888/695/1037 3886/697/1039
f 3898/693/1035 3888/695/1037 3899/691/1033
f 3897/682/1024 3898/693/1035 3899/691/1033
f 410/688/1030 409/687/1029 411/698/1040
f 411/698/1040 409/687/1029 412/699/1041
f 409/687/1029 408/685/1027 412/699/1041
f 412/699/1041 408/685/1027 413/692/1034
f 3894/696/1038 3898/693/1035 3897/682/1024
f 3896/681/1023 3894/696/1038 3897/682/1024
f 3895/700/1042 3894/696/1038 3896/681/1023
f 405/677/1019 414/701/1043 413/692/1034
f 413/692/1034 414/701/1043 412/699/1041
f 414/701/1043 415/702/1044 412/699/1041
f 412/699/1041 415/702/1044 411/698/1040
f 3893/703/1045 3894/696/1038 3895/700/1042
f 411/698/1040 415/702/1044 416/704/1046
f 3889/694/1036 3894/696/1038 3893/703/1045
f 416/704/1046 415/702/1044 417/705/1047
f 3892/706/1048 3889/694/1036 3893/703/1045
f 417/705/1047 415/702/1044 414/701/1043
f 3891/707/1049 3889/694/1036 3892/706/1048
f 3890/708/1050 3889/694/1036 3891/707/1049
f 3887/709/1051 3889/694/1036 3890/708/1050
f 3888/695/1037 3889/694/1036 3887/709/1051
f 3886/697/1039 3888/695/1037 3887/709/1051
f 3885/710/1052 3886/697/1039 3887/709/1051
f 3881/711/976 3884/712/976 3883/713/976
f 414/701/1043 418/714/1053 417/705/1047
f 418/714/1053 420/715/1054 419/716/1055
f 3882/717/976 3881/711/976 3883/713/976
f 420/715/1054 421/718/1056 419/716/1055
f 419/716/1055 421/718/1056 422/719/1057
f 3880/720/1058 3881/711/976 3882/717/976
f 422/719/1057 421/718/1056 423/721/1059
f 3879/689/1060 3851/690/1061 3852/722/1062
f 3853/679/1063 3879/689/1060 3852/722/1062
f 3878/723/1064 3879/689/1060 3853/679/1063
f 3877/671/1065 3878/723/1064 3853/679/1063
f 3856/673/1066 3877/671/1065 3853/679/1063
f 417/705/1047 418/714/1053 419/716/1055
f 3857/670/1067 3877/671/1065 3856/673/1066
f 3876/724/1068 3877/671/1065 3857/670/1067
f 424/725/1069 423/721/1059 421/718/1056
f 3860/726/1070 3876/724/1068 3857/670/1067
f 3871/727/1071 3876/724/1068 3860/726/1070
f 3869/728/1072 3873/729/1073 3870/730/1074
f 3875/731/1075 3869/728/1072 3868/732/1076
f 3873/729/1073 3869/728/1072 3875/731/1075
f 424/725/1069 421/718/1056 425/733/1077
f 3874/734/1078 3873/729/1073 3875/731/1075
f 421/718/1056 420/715/1054 425/733/1077
f 3872/666/1079 3873/729/1073 3874/734/1078
f 420/715/1054 418/714/1053 403/675/1017
f 403/675/1017 418/714/1053 404/676/1018
f 404/676/1018 414/701/1043 405/677/1019
f 3870/730/1074 3873/729/1073 3872/666/1079
f 3871/727/1071 3870/730/1074 3872/666/1079
f 3860/726/1070 3870/730/1074 3871/727/1071
f 3862/735/1080 3870/730/1074 3860/726/1070
f 414/701/1043 404/676/1018 418/714/1053
f 403/675/1017 426/736/1081 420/715/1054
f 420/715/1054 426/736/1081 425/733/1077
f 3869/728/1072 3870/730/1074 3862/735/1080
f 3864/645/1082 3869/728/1072 3862/735/1080
f 3868/732/1076 3869/728/1072 3864/645/1082
f 3866/737/1083 3868/732/1076 3864/645/1082
f 3865/738/1084 3867/739/1085 3866/737/1083
f 424/725/1069 425/733/1077 428/740/1086
f 428/740/1086 425/733/1077 427/741/1087
f 425/733/1077 426/736/1081 427/741/1087
f 427/741/1087 426/736/1081 402/667/1009
f 426/736/1081 403/675/1017 402/667/1009
f 3864/645/1082 3865/738/1084 3866/737/1083
f 3863/742/1088 3865/738/1084 3864/645/1082
f 3862/735/1080 3863/742/1088 3864/645/1082
f 3861/655/1089 3863/742/1088 3862/735/1080
f 3860/726/1070 3861/655/1089 3862/735/1080
f 3859/743/1090 3861/655/1089 3860/726/1070
f 427/741/1087 430/744/1091 428/740/1086
f 3857/670/1067 3859/743/1090 3860/726/1070
f 3858/684/1092 3859/743/1090 3857/670/1067
f 3855/674/1093 3858/684/1092 3857/670/1067
f 3856/673/1066 3855/674/1093 3857/670/1067
f 430/744/1091 427/741/1087 429/745/1094
f 427/741/1087 402/667/1009 429/745/1094
f 3853/679/1063 3855/674/1093 3856/673/1066
f 3854/672/1095 3855/674/1093 3853/679/1063
f 3848/746/1096 3854/672/1095 3853/679/1063
f 3852/722/1062 3848/746/1096 3853/679/1063
f 3847/747/1097 3848/746/1096 3852/722/1062
f 3849/748/1098 3847/747/1097 3852/722/1062
f 402/667/1009 366/594/939 429/745/1094
f 366/594/939 364/592/937 429/745/1094
f 429/745/1094 364/592/937 431/749/1099
f 364/592/937 362/590/935 431/749/1099
f 3851/690/1061 3849/748/1098 3852/722/1062
f 3850/691/1100 3849/748/1098 3851/690/1061
f 3839/697/1101 3849/748/1098 3850/691/1100
f 3841/750/1102 3849/748/1098 3839/697/1101
f 431/749/1099 430/744/1091 429/745/1094
f 3842/751/1103 3849/748/1098 3841/750/1102
f 3847/747/1097 3849/748/1098 3842/751/1103
f 3845/752/1104 3848/746/1096 3847/747/1097
f 3842/751/1103 3845/752/1104 3847/747/1097
f 3844/707/1105 3846/753/1106 3845/752/1104
f 3842/751/1103 3844/707/1105 3845/752/1104
f 3843/708/1107 3844/707/1105 3842/751/1103
f 3840/754/1108 3843/708/1107 3842/751/1103
f 432/755/1109 433/756/1110 434/757/1111
f 3841/750/1102 3840/754/1108 3842/751/1103
f 3839/697/1101 3840/754/1108 3841/750/1102
f 438/758/1112 439/759/1113 440/760/1114
f 3838/710/1115 3840/754/1108 3839/697/1101
f 3835/761/1116 3836/762/1117 3837/763/1118
f 3834/764/1119 3836/762/1117 3835/761/1116
f 3832/765/1120 3834/764/1119 3835/761/1116
f 434/757/1111 433/756/1110 435/766/1121
f 433/756/1110 436/767/1122 435/766/1121
f 3833/768/1123 3834/764/1119 3832/765/1120
f 436/767/1122 437/769/1124 435/766/1121
f 435/766/1121 437/769/1124 438/758/1112
f 437/769/1124 439/759/1113 438/758/1112
f 3831/770/1125 3833/768/1123 3832/765/1120
f 440/760/1114 442/771/1126 441/772/1127
f 3829/773/1128 3831/770/1125 3832/765/1120
f 442/771/1126 443/774/1129 441/772/1127
f 441/772/1127 443/774/1129 444/775/1130
f 3830/776/1131 3831/770/1125 3829/773/1128
f 445/777/1132 446/778/1133 444/775/1130
f 444/775/1130 446/778/1133 447/779/1134
f 3828/780/1135 3830/776/1131 3829/773/1128
f 3824/781/1136 3826/782/1137 3827/783/1138
f 3825/784/1136 3826/782/1137 3824/781/1136
f 3823/785/1139 3825/784/1136 3824/781/1136
f 438/758/1112 440/760/1114 441/772/1127
f 3822/786/1140 3823/785/1139 3824/781/1136
f 3818/570/1141 3813/572/917 3814/571/1142
f 443/774/1129 445/777/1132 444/775/1130
f 3821/573/1143 3818/570/1141 3814/571/1142
f 446/778/1133 448/787/1144 447/779/1134
f 3820/580/1145 3818/570/1141 3821/573/1143
f 447/779/1134 449/788/1146 450/789/1147
f 449/788/1146 451/790/1148 450/789/1147
f 3819/581/1149 3818/570/1141 3820/580/1145
f 451/790/1148 452/791/1150 450/789/1147
f 450/789/1147 452/791/1150 453/792/1151
f 452/791/1150 454/793/1152 453/792/1151
f 3802/582/1153 3818/570/1141 3819/581/1149
f 3801/583/1154 3818/570/1141 3802/582/1153
f 3813/572/917 3818/570/1141 3801/583/1154
f 3804/584/1155 3813/572/917 3801/583/1154
f 448/787/1144 449/788/1146 447/779/1134
f 3807/585/1156 3813/572/917 3804/584/1155
f 3812/586/1157 3811/588/1158 3817/587/1159
f 3816/596/1160 3812/586/1157 3817/587/1159
f 457/794/1161 458/795/1162 456/796/1163
f 456/796/1163 458/795/1162 459/797/1164
f 458/795/1162 460/798/1165 459/797/1164
f 3815/597/1166 3812/586/1157 3816/596/1160
f 3814/571/1142 3812/586/1157 3815/597/1166
f 3813/572/917 3812/586/1157 3814/571/1142
f 3807/585/1156 3812/586/1157 3813/572/917
f 454/793/1152 455/799/1167 453/792/1151
f 3811/588/1158 3812/586/1157 3807/585/1156
f 453/792/1151 455/799/1167 456/796/1163
f 455/799/1167 457/794/1161 456/796/1163
f 3809/603/1168 3811/588/1158 3807/585/1156
f 3808/604/1169 3810/605/1170 3809/603/1168
f 3807/585/1156 3808/604/1169 3809/603/1168
f 3806/606/1171 3808/604/1169 3807/585/1156
f 3804/584/1155 3806/606/1171 3807/585/1156
f 461/800/1172 462/801/1173 463/802/1174
f 462/801/1173 464/803/1175 463/802/1174
f 3805/618/1176 3806/606/1171 3804/584/1155
f 464/803/1175 467/804/1177 466/805/1178
f 466/805/1178 467/804/1177 468/806/1179
f 3803/619/1180 3805/618/1176 3804/584/1155
f 3801/583/1154 3803/619/1180 3804/584/1155
f 3799/620/1181 3803/619/1180 3801/583/1154
f 3800/621/1182 3801/583/1154 3802/582/1153
f 463/802/1174 464/803/1175 465/807/1183
f 3799/620/1181 3801/583/1154 3800/621/1182
f 465/807/1183 464/803/1175 466/805/1178
f 3798/623/1184 3799/620/1181 3800/621/1182
f 468/806/1179 467/804/1177 469/808/1185
f 467/804/1177 470/809/1186 469/808/1185
f 469/808/1185 470/809/1186 471/810/1187
f 3795/627/1188 3797/629/1189 3796/628/1190
f 471/810/1187 470/809/1186 472/811/1191
f 470/809/1186 473/812/1192 472/811/1191
f 472/811/1191 473/812/1192 474/813/1193
f 3794/630/1194 3795/627/1188 3796/628/1190
f 474/813/1193 473/812/1192 475/814/1195
f 473/812/1192 476/815/1196 475/814/1195
f 3792/631/1197 3795/627/1188 3794/630/1194
f 3793/632/1197 3792/631/1197 3794/630/1194
f 3791/633/1197 3792/631/1197 3793/632/1197
f 3790/637/1197 3792/631/1197 3791/633/1197
f 3788/638/1198 3790/637/1197 3791/633/1197
f 3789/639/1199 3790/637/1197 3788/638/1198
f 3787/644/1200 3789/639/1199 3788/638/1198
f 475/814/1195 476/815/1196 477/816/1201
f 3783/645/1202 3779/647/1203 3781/646/1204
f 3780/648/1205 3779/647/1203 3783/645/1202
f 480/817/1206 479/818/1207 481/819/1208
f 479/818/1207 482/820/1209 481/819/1208
f 3786/649/1210 3780/648/1205 3783/645/1202
f 3785/651/1211 3786/649/1210 3783/645/1202
f 3784/653/1212 3785/651/1211 3783/645/1202
f 3782/654/1213 3784/653/1212 3783/645/1202
f 477/816/1201 476/815/1196 478/821/1214
f 476/815/1196 479/818/1207 478/821/1214
f 478/821/1214 479/818/1207 480/817/1206
f 3781/646/1204 3782/654/1213 3783/645/1202
f 481/819/1208 482/820/1209 483/822/1215
f 3770/655/1216 3782/654/1213 3781/646/1204
f 482/820/1209 485/823/1217 484/824/1218
f 484/824/1218 485/823/1217 486/825/1219
f 3769/656/1220 3770/655/1216 3781/646/1204
f 486/825/1219 485/823/1217 487/826/1221
f 485/823/1217 488/827/1222 487/826/1221
f 487/826/1221 488/827/1222 489/828/1223
f 3774/658/1224 3769/656/1220 3781/646/1204
f 3779/647/1203 3774/658/1224 3781/646/1204
f 3776/661/1225 3774/658/1224 3779/647/1203
f 3778/662/1226 3779/647/1203 3780/648/1205
f 483/822/1215 482/820/1209 484/824/1218
f 3776/661/1225 3779/647/1203 3778/662/1226
f 3777/663/1227 3776/661/1225 3778/662/1226
f 3775/666/1228 3776/661/1225 3777/663/1227
f 3774/658/1224 3776/661/1225 3775/666/1228
f 3773/668/1229 3774/658/1224 3775/666/1228
f 3769/656/1220 3774/658/1224 3773/668/1229
f 490/45/1230 492/178/1231 491/47/1232
f 3772/669/1233 3769/656/1220 3773/668/1229
f 492/178/1231 493/179/1234 491/47/1232
f 491/47/1232 493/179/1234 494/180/1235
f 493/179/1234 495/181/1236 494/180/1235
f 3765/670/1237 3769/656/1220 3772/669/1233
f 495/181/1236 496/182/1238 494/180/1235
f 3763/671/1239 3765/670/1237 3772/669/1233
f 3771/672/1240 3766/674/1241 3764/673/1242
f 3762/679/1243 3771/672/1240 3764/673/1242
f 3755/681/1244 3771/672/1240 3762/679/1243
f 3756/682/1245 3755/681/1244 3762/679/1243
f 494/180/1235 496/182/1238 497/183/1246
f 496/182/1238 498/184/1247 497/183/1246
f 3768/683/1248 3770/655/1216 3769/656/1220
f 3765/670/1237 3768/683/1248 3769/656/1220
f 3767/684/1249 3768/683/1248 3765/670/1237
f 501/186/1250 503/189/1251 502/187/1252
f 3766/674/1241 3767/684/1249 3765/670/1237
f 3764/673/1242 3766/674/1241 3765/670/1237
f 3763/671/1239 3764/673/1242 3765/670/1237
f 3762/679/1243 3764/673/1242 3763/671/1239
f 3761/686/1253 3762/679/1243 3763/671/1239
f 498/184/1247 499/188/1254 497/183/1246
f 3756/682/1245 3762/679/1243 3761/686/1253
f 499/188/1254 500/185/1255 497/183/1246
f 3760/689/1256 3756/682/1245 3761/686/1253
f 500/185/1255 501/186/1250 497/183/1246
f 497/183/1246 501/186/1250 502/187/1252
f 3759/690/1257 3756/682/1245 3760/689/1256
f 503/189/1251 504/190/1258 502/187/1252
f 502/187/1252 504/190/1258 505/50/1259
f 504/190/1258 506/191/1260 505/50/1259
f 3758/691/1261 3756/682/1245 3759/690/1257
f 3757/693/1262 3747/695/1263 3748/694/1264
f 3753/696/1265 3757/693/1262 3748/694/1264
f 3758/691/1261 3745/697/1266 3747/695/1263
f 505/50/1259 506/191/1260 507/49/1267
f 3757/693/1262 3758/691/1261 3747/695/1263
f 3756/682/1245 3758/691/1261 3757/693/1262
f 3753/696/1265 3756/682/1245 3757/693/1262
f 3755/681/1244 3756/682/1245 3753/696/1265
f 505/50/1259 508/192/1268 502/187/1252
f 502/187/1252 508/192/1268 497/183/1246
f 3754/700/1269 3755/681/1244 3753/696/1265
f 497/183/1246 508/192/1268 494/180/1235
f 3752/703/1270 3754/700/1269 3753/696/1265
f 508/192/1268 509/193/1271 491/47/1232
f 3748/694/1264 3752/703/1270 3753/696/1265
f 509/193/1271 510/203/1272 491/47/1232
f 491/47/1232 510/203/1272 511/46/1273
f 3751/706/1274 3752/703/1270 3748/694/1264
f 3750/707/1275 3751/706/1274 3748/694/1264
f 3749/708/1276 3750/707/1275 3748/694/1264
f 3746/709/1277 3749/708/1276 3748/694/1264
f 3747/695/1263 3746/709/1277 3748/694/1264
f 491/47/1232 494/180/1235 508/192/1268
f 3745/697/1266 3746/709/1277 3747/695/1263
f 3744/710/1278 3746/709/1277 3745/697/1266
f 3740/711/1197 3742/713/1197 3743/712/1197
f 3741/717/1197 3742/713/1197 3740/711/1197
f 3739/720/1197 3741/717/1197 3740/711/1197
f 3738/689/1279 3711/722/1280 3710/690/1281
f 510/203/1272 509/193/1271 512/208/1282
f 512/208/1282 509/193/1271 513/209/1283
f 3712/679/1284 3711/722/1280 3738/689/1279
f 513/209/1283 509/193/1271 514/210/1285
f 3737/723/1286 3712/679/1284 3738/689/1279
f 514/210/1285 509/193/1271 515/212/1287
f 509/193/1271 516/214/1288 515/212/1287
f 515/212/1287 516/214/1288 517/213/1289
f 516/214/1288 518/215/1290 517/213/1289
f 3736/671/1291 3712/679/1284 3737/723/1286
f 3715/673/1292 3712/679/1284 3736/671/1291
f 3716/670/1293 3715/673/1292 3736/671/1291
f 3735/724/1294 3716/670/1293 3736/671/1291
f 3719/726/1295 3716/670/1293 3735/724/1294
f 3730/727/1296 3719/726/1295 3735/724/1294
f 3732/729/1297 3728/728/1298 3729/730/1299
f 3734/731/1300 3727/732/1301 3728/728/1298
f 3732/729/1297 3734/731/1300 3728/728/1298
f 518/215/1290 516/214/1288 519/224/1302
f 516/214/1288 520/225/1303 519/224/1302
f 519/224/1302 520/225/1303 521/228/1304
f 3733/734/1305 3734/731/1300 3732/729/1297
f 3731/666/1306 3733/734/1305 3732/729/1297
f 3729/730/1299 3731/666/1306 3732/729/1297
f 3730/727/1296 3731/666/1306 3729/730/1299
f 3719/726/1295 3730/727/1296 3729/730/1299
f 520/225/1303 516/214/1288 508/192/1268
f 516/214/1288 509/193/1271 508/192/1268
f 3721/735/1307 3719/726/1295 3729/730/1299
f 3728/728/1298 3721/735/1307 3729/730/1299
f 3723/645/1308 3721/735/1307 3728/728/1298
f 3727/732/1301 3723/645/1308 3728/728/1298
f 3725/737/1309 3723/645/1308 3727/732/1301
f 3724/738/1310 3725/737/1309 3726/739/1311
f 3723/645/1308 3725/737/1309 3724/738/1310
f 3722/742/1312 3723/645/1308 3724/738/1310
f 3721/735/1307 3723/645/1308 3722/742/1312
f 3720/655/1313 3721/735/1307 3722/742/1312
f 522/233/1314 520/225/1303 523/234/1315
f 3719/726/1295 3721/735/1307 3720/655/1313
f 523/234/1315 520/225/1303 524/229/1316
f 3718/743/1317 3719/726/1295 3720/655/1313
f 524/229/1316 520/225/1303 525/230/1318
f 3716/670/1293 3719/726/1295 3718/743/1317
f 508/192/1268 526/231/1319 525/230/1318
f 3717/684/1320 3716/670/1293 3718/743/1317
f 3714/674/1321 3716/670/1293 3717/684/1320
f 3715/673/1292 3716/670/1293 3714/674/1321
f 3712/679/1284 3715/673/1292 3714/674/1321
f 521/228/1304 520/225/1303 522/233/1314
f 3713/672/1322 3712/679/1284 3714/674/1321
f 524/229/1316 525/230/1318 527/232/1323
f 525/230/1318 526/231/1319 527/232/1323
f 527/232/1323 526/231/1319 528/235/1324
f 3707/746/1325 3712/679/1284 3713/672/1322
f 528/235/1324 526/231/1319 529/236/1326
f 3711/722/1280 3712/679/1284 3707/746/1325
f 526/231/1319 531/237/1327 530/238/1328
f 3706/747/1329 3711/722/1280 3707/746/1325
f 3708/748/1330 3711/722/1280 3706/747/1329
f 3710/690/1281 3711/722/1280 3708/748/1330
f 3709/691/1331 3710/690/1281 3708/748/1330
f 520/225/1303 508/192/1268 525/230/1318
f 3698/697/1332 3709/691/1331 3708/748/1330
f 508/192/1268 531/237/1327 526/231/1319
f 3700/750/1333 3698/697/1332 3708/748/1330
f 3701/751/1334 3700/750/1333 3708/748/1330
f 530/238/1328 529/236/1326 526/231/1319
f 3706/747/1329 3701/751/1334 3708/748/1330
f 3704/752/1335 3706/747/1329 3707/746/1325
f 3701/751/1334 3706/747/1329 3704/752/1335
f 3703/707/1336 3704/752/1335 3705/753/1337
f 3701/751/1334 3704/752/1335 3703/707/1336
f 3702/708/1338 3701/751/1334 3703/707/1336
f 3699/754/1339 3701/751/1334 3702/708/1338
f 3700/750/1333 3701/751/1334 3699/754/1339
f 3698/697/1332 3700/750/1333 3699/754/1339
f 3697/710/1340 3698/697/1332 3699/754/1339
f 531/237/1327 508/192/1268 532/254/1341
f 508/192/1268 505/50/1259 532/254/1341
f 532/254/1341 505/50/1259 533/255/1342
f 505/50/1259 534/48/1343 533/255/1342
f 3694/761/1344 3696/763/1345 3695/762/1346
f 3693/764/1347 3694/761/1344 3695/762/1346
f 3691/765/1348 3694/761/1344 3693/764/1347
f 3692/768/1348 3691/765/1348 3693/764/1347
f 3690/770/1349 3691/765/1348 3692/768/1348
f 3688/773/1350 3691/765/1348 3690/770/1349
f 531/237/1327 532/254/1341 535/262/1351
f 3689/776/1352 3688/773/1350 3690/770/1349
f 535/262/1351 532/254/1341 536/261/1353
f 3687/780/1352 3688/773/1350 3689/776/1352
f 536/261/1353 532/254/1341 537/260/1354
f 532/254/1341 533/255/1342 537/260/1354
f 3682/781/1355 3686/783/1356 3685/782/1137
f 3684/784/1355 3682/781/1355 3685/782/1137
f 3683/785/1357 3682/781/1355 3684/784/1355
f 3681/786/1358 3682/781/1355 3683/785/1357
f 3678/493/1359 3680/492/1359 3679/829/1359
f 535/262/1351 538/263/1360 531/237/1327
f 3675/492/1361 3676/493/1361 3677/829/1361
f 538/263/1360 539/264/1362 531/237/1327
f 3672/492/1363 3674/493/1363 3673/829/1363
f 539/264/1362 540/265/1364 531/237/1327
f 3669/493/1365 3670/492/1365 3671/829/1365
f 3668/830/1366 3652/831/1367 3651/832/1368
f 531/237/1327 540/265/1364 530/238/1328
f 3667/833/1369 3668/830/1366 3651/832/1368
f 3666/834/1370 3668/830/1366 3667/833/1369
f 3665/835/1371 3666/834/1370 3667/833/1369
f 3664/836/1372 3666/834/1370 3665/835/1371
f 542/276/1373 543/277/1374 544/278/1375
f 3663/837/1376 3664/836/1372 3665/835/1371
f 3661/838/1377 3662/839/1378 3663/837/1376
f 3660/840/1379 3662/839/1378 3661/838/1377
f 3659/841/1380 3660/840/1379 3661/838/1377
f 541/275/1381 543/277/1374 542/276/1373
f 543/277/1374 545/280/1382 544/278/1375
f 544/278/1375 545/280/1382 546/279/1383
f 546/279/1383 545/280/1382 547/281/1384
f 545/280/1382 548/282/1385 547/281/1384
f 3662/839/1378 3664/836/1372 3663/837/1376
f 546/279/1383 549/294/1386 544/278/1375
f 549/294/1386 550/295/1387 544/278/1375
f 544/278/1375 550/295/1387 542/276/1373
f 3658/842/1388 3660/840/1379 3659/841/1380
f 3657/843/1389 3658/842/1388 3659/841/1380
f 550/295/1387 551/296/1390 542/276/1373
f 3655/844/1391 3656/845/1392 3657/843/1389
f 3654/846/1393 3656/845/1392 3655/844/1391
f 552/300/1394 553/302/1395 554/301/1396
f 3651/832/1368 3652/831/1367 3653/847/1397
f 554/301/1396 553/302/1395 555/304/1398
f 553/302/1395 556/305/1399 555/304/1398
f 3656/845/1392 3658/842/1388 3657/843/1389
f 3653/847/1397 3654/846/1393 3655/844/1391
f 3652/831/1367 3654/846/1393 3653/847/1397
f 3650/846/1400 3634/831/1401 3633/847/1402
f 3649/844/1403 3650/846/1400 3633/847/1402
f 558/308/1404 560/309/1405 559/307/1406
f 557/306/1407 558/308/1404 559/307/1406
f 3648/845/1408 3650/846/1400 3649/844/1403
f 559/307/1406 560/309/1405 561/310/1409
f 3647/843/1410 3648/845/1408 3649/844/1403
f 3645/841/1411 3646/842/1412 3647/843/1410
f 3644/840/1413 3646/842/1412 3645/841/1411
f 562/311/1414 564/313/1415 563/312/1416
f 3643/838/1417 3644/840/1413 3645/841/1411
f 564/313/1415 565/314/1418 563/312/1416
f 563/312/1416 565/314/1418 566/315/1419
f 565/314/1418 567/316/1420 566/315/1419
f 3642/839/1421 3644/840/1413 3643/838/1417
f 3646/842/1412 3648/845/1408 3647/843/1410
f 568/317/1422 569/319/1423 570/318/1424
f 570/318/1424 571/326/1425 572/327/1426
f 571/326/1425 573/328/1427 572/327/1426
f 3641/837/1428 3642/839/1421 3643/838/1417
f 3640/836/1429 3642/839/1421 3641/837/1428
f 3639/835/1430 3640/836/1429 3641/837/1428
f 3637/833/1431 3638/834/1432 3639/835/1430
f 569/319/1423 571/326/1425 570/318/1424
f 572/327/1426 573/328/1427 574/329/1433
f 3636/830/1434 3638/834/1432 3637/833/1431
f 574/329/1433 573/328/1427 575/331/1435
f 3635/832/1436 3636/830/1434 3637/833/1431
f 575/331/1435 573/328/1427 576/333/1437
f 3634/831/1401 3636/830/1434 3635/832/1436
f 3633/847/1402 3634/831/1401 3635/832/1436
f 3638/834/1432 3640/836/1429 3639/835/1430
f 578/336/1438 583/348/1439 582/342/1440
f 576/333/1437 573/328/1427 577/334/1441
f 573/328/1427 578/336/1438 577/334/1441
f 577/334/1441 578/336/1438 579/335/1442
f 579/335/1442 578/336/1438 580/338/1443
f 580/338/1443 578/336/1438 581/340/1444
f 581/340/1444 578/336/1438 582/342/1440
f 582/342/1440 583/348/1439 584/349/1445
f 3623/848/1446 3622/849/1447 3632/850/1448
f 586/351/1449 587/352/1450 588/353/1451
f 587/352/1450 589/354/1452 588/353/1451
f 588/353/1451 589/354/1452 590/355/1453
f 3631/851/1454 3623/848/1446 3632/850/1448
f 3630/852/1455 3623/848/1446 3631/851/1454
f 584/349/1445 583/348/1439 585/350/1456
f 3627/853/1457 3623/848/1446 3628/854/1458
f 585/350/1456 583/348/1439 586/351/1449
f 583/348/1439 587/352/1450 586/351/1449
f 3625/855/1459 3623/848/1446 3626/856/1460
f 594/359/1461 595/360/1462 596/361/1463
f 595/360/1462 597/362/1464 596/361/1463
f 3624/857/1465 3623/848/1446 3625/855/1459
f 3623/848/1446 3630/852/1455 3629/858/1466
f 3628/854/1458 3623/848/1446 3629/858/1466
f 590/355/1453 589/354/1452 591/356/1467
f 589/354/1452 592/357/1468 591/356/1467
f 591/356/1467 592/357/1468 593/358/1469
f 593/358/1469 592/357/1468 594/359/1461
f 592/357/1468 595/360/1462 594/359/1461
f 3626/856/1460 3623/848/1446 3627/853/1457
f 595/360/1462 598/363/1470 597/362/1464
f 597/362/1464 598/363/1470 599/364/1471
f 599/364/1471 598/363/1470 600/365/1472
f 3622/849/1447 3623/848/1446 3624/857/1465
f 602/370/1473 603/371/1474 604/372/1475
f 3612/859/1476 3611/860/1477 3621/861/1478
f 3619/862/1479 3612/859/1476 3620/863/1480
f 3620/863/1480 3612/859/1476 3621/861/1478
f 600/365/1472 598/363/1470 601/366/1481
f 3618/864/1482 3612/859/1476 3619/862/1479
f 601/366/1481 598/363/1470 602/370/1473
f 598/363/1470 603/371/1474 602/370/1473
f 3617/865/1483 3612/859/1476 3618/864/1482
f 603/371/1474 606/389/1484 605/385/1485
f 605/385/1485 606/389/1484 607/390/1486
f 606/389/1484 608/391/1487 607/390/1486
f 607/390/1486 608/391/1487 609/392/1488
f 3616/866/1489 3612/859/1476 3617/865/1483
f 609/392/1488 608/391/1487 610/394/1490
f 608/391/1487 611/395/1491 610/394/1490
f 3614/867/1492 3612/859/1476 3615/868/1493
f 3613/869/1494 3612/859/1476 3614/867/1492
f 3611/860/1477 3612/859/1476 3613/869/1494
f 604/372/1475 603/371/1474 605/385/1485
f 608/391/1487 612/396/1495 611/395/1491
f 611/395/1491 612/396/1495 613/404/1496
f 612/396/1495 614/400/1497 613/404/1496
f 613/404/1496 614/400/1497 615/398/1498
f 615/398/1498 614/400/1497 616/399/1499
f 614/400/1497 617/405/1500 616/399/1499
f 616/399/1499 617/405/1500 618/402/1501
f 3615/868/1493 3612/859/1476 3616/866/1489
f 618/402/1501 617/405/1500 619/406/1502
f 3608/870/1503 3607/871/1504 3609/872/1505
f 619/406/1502 617/405/1500 620/415/1506
f 3606/873/1507 3607/871/1504 3608/870/1503
f 620/415/1506 617/405/1500 621/417/1508
f 617/405/1500 622/411/1509 621/417/1508
f 621/417/1508 622/411/1509 623/409/1510
f 623/409/1510 622/411/1509 624/410/1511
f 622/411/1509 625/419/1512 624/410/1511
f 3610/874/1513 3607/871/1504 3605/874/1514
f 3609/872/1505 3607/871/1504 3610/874/1513
f 3605/874/1514 3607/871/1504 3606/873/1507
f 3600/875/1515 3604/876/1516 3598/877/1517
f 622/411/1509 626/420/1518 625/419/1512
f 625/419/1512 626/420/1518 627/428/1519
f 3603/878/1520 3604/876/1516 3600/875/1515
f 626/420/1518 622/411/1509 628/429/1521
f 3602/879/1522 3603/878/1520 3600/875/1515
f 628/429/1521 622/411/1509 629/431/1523
f 622/411/1509 617/405/1500 629/431/1523
f 629/431/1523 617/405/1500 630/432/1524
f 3601/880/1525 3602/879/1522 3600/875/1515
f 3599/881/1526 3601/880/1525 3600/875/1515
f 3598/877/1517 3599/881/1526 3600/875/1515
f 3593/882/1527 3591/883/1528 3597/884/1529
f 3596/885/1530 3593/882/1527 3597/884/1529
f 617/405/1500 614/400/1497 630/432/1524
f 630/432/1524 614/400/1497 631/433/1531
f 614/400/1497 612/396/1495 631/433/1531
f 3595/886/1532 3593/882/1527 3596/885/1530
f 612/396/1495 608/391/1487 631/433/1531
f 631/433/1531 608/391/1487 632/437/1533
f 3594/887/1534 3593/882/1527 3595/886/1532
f 3591/883/1528 3593/882/1527 3592/888/1535
f 603/371/1474 598/363/1470 633/435/1536
f 633/435/1536 598/363/1470 634/438/1537
f 3592/888/1535 3593/882/1527 3594/887/1534
f 632/437/1533 608/391/1487 633/435/1536
f 608/391/1487 606/389/1484 633/435/1536
f 606/389/1484 603/371/1474 633/435/1536
f 3586/889/1538 3590/890/1539 3584/891/1540
f 634/438/1537 595/360/1462 635/439/1541
f 635/439/1541 592/357/1468 636/440/1542
f 592/357/1468 589/354/1452 636/440/1542
f 3589/892/1543 3590/890/1539 3586/889/1538
f 636/440/1542 587/352/1450 637/441/1544
f 3588/893/1545 3589/892/1543 3586/889/1538
f 3587/894/1546 3588/893/1545 3586/889/1538
f 3585/895/1547 3587/894/1546 3586/889/1538
f 3584/891/1540 3585/895/1547 3586/889/1538
f 598/363/1470 595/360/1462 634/438/1537
f 595/360/1462 592/357/1468 635/439/1541
f 589/354/1452 587/352/1450 636/440/1542
f 587/352/1450 583/348/1439 637/441/1544
f 578/336/1438 573/328/1427 638/442/1548
f 583/348/1439 578/336/1438 637/441/1544
f 637/441/1544 578/336/1438 638/442/1548
f 3574/896/1549 3573/897/1550 3583/898/1551
f 573/328/1427 571/326/1425 638/442/1548
f 3582/899/1552 3574/896/1549 3583/898/1551
f 571/326/1425 569/319/1423 638/442/1548
f 3581/900/1553 3574/896/1549 3582/899/1552
f 569/319/1423 639/443/1554 638/442/1548
f 3580/901/1555 3574/896/1549 3581/900/1553
f 639/443/1554 640/444/1556 638/442/1548
f 3579/902/1557 3574/896/1549 3580/901/1555
f 641/445/1558 642/446/1559 637/441/1544
f 642/446/1559 643/447/1560 637/441/1544
f 637/441/1544 643/447/1560 636/440/1542
f 643/447/1560 644/448/1561 636/440/1542
f 3577/903/1562 3574/896/1549 3578/904/1563
f 3576/905/1564 3574/896/1549 3577/903/1562
f 640/444/1556 641/445/1558 638/442/1548
f 638/442/1548 641/445/1558 637/441/1544
f 636/440/1542 644/448/1561 635/439/1541
f 3578/904/1563 3574/896/1549 3579/902/1557
f 3575/906/1565 3574/896/1549 3576/905/1564
f 3573/897/1550 3574/896/1549 3575/906/1565
f 3563/907/1566 3562/908/1567 3572/909/1568
f 3571/910/1569 3563/907/1566 3572/909/1568
f 3570/911/1570 3563/907/1566 3571/910/1569
f 3569/912/1571 3563/907/1566 3570/911/1570
f 633/435/1536 645/449/1572 632/437/1533
f 645/449/1572 646/450/1573 632/437/1533
f 632/437/1533 646/450/1573 631/433/1531
f 646/450/1573 647/451/1574 631/433/1531
f 647/451/1574 648/452/1575 631/433/1531
f 631/433/1531 648/452/1575 630/432/1524
f 648/452/1575 649/453/1576 630/432/1524
f 3567/913/1577 3563/907/1566 3568/914/1578
f 649/453/1576 650/454/1579 630/432/1524
f 630/432/1524 651/455/1580 629/431/1523
f 629/431/1523 651/455/1580 628/429/1521
f 3568/914/1578 3563/907/1566 3569/912/1571
f 650/454/1579 651/455/1580 630/432/1524
f 651/455/1580 652/461/1581 628/429/1521
f 3566/915/1582 3563/907/1566 3567/913/1577
f 3565/916/1583 3563/907/1566 3566/915/1582
f 3564/917/1584 3563/907/1566 3565/916/1583
f 3562/908/1567 3563/907/1566 3564/917/1584
f 653/462/1585 654/464/1586 655/463/1587
f 654/464/1586 656/469/1588 655/463/1587
f 655/463/1587 656/469/1588 657/489/1589
f 657/489/1589 656/469/1588 658/488/1590
f 658/488/1590 656/469/1588 659/473/1591
f 656/469/1588 660/472/1592 659/473/1591
f 659/473/1591 660/472/1592 661/474/1593
f 3552/918/1594 3551/919/1595 3561/920/1596
f 3560/921/1597 3552/918/1594 3561/920/1596
f 3559/922/1598 3552/918/1594 3560/921/1597
f 3558/923/1599 3552/918/1594 3559/922/1598
f 3557/924/1600 3552/918/1594 3558/923/1599
f 3556/925/1601 3552/918/1594 3557/924/1600
f 3555/926/1602 3552/918/1594 3556/925/1601
f 3553/927/1603 3552/918/1594 3554/928/1604
f 660/472/1592 656/469/1588 662/470/1605
f 656/469/1588 654/464/1586 663/468/1606
f 3554/928/1604 3552/918/1594 3555/926/1602
f 662/470/1605 656/469/1588 663/468/1606
f 3551/919/1595 3552/918/1594 3553/927/1603
f 3541/896/1607 3540/897/1608 3550/898/1609
f 3549/899/1610 3541/896/1607 3550/898/1609
f 664/500/1611 665/502/1612 666/501/1613
f 665/502/1612 667/504/1614 666/501/1613
f 666/501/1613 667/504/1614 668/505/1615
f 3548/900/1616 3541/896/1607 3549/899/1610
f 668/505/1615 667/504/1614 669/507/1617
f 667/504/1614 670/508/1618 669/507/1617
f 670/508/1618 671/510/1619 669/507/1617
f 669/507/1617 671/510/1619 672/511/1620
f 3547/901/1621 3541/896/1607 3548/900/1616
f 671/510/1619 673/516/1622 672/511/1620
f 3542/906/1623 3541/896/1607 3543/905/1624
f 3546/902/1625 3541/896/1607 3547/901/1621
f 3545/904/1626 3541/896/1607 3546/902/1625
f 3544/903/1627 3541/896/1607 3545/904/1626
f 3543/905/1624 3541/896/1607 3544/903/1627
f 674/518/1628 676/520/1629 675/519/1630
f 3540/897/1608 3541/896/1607 3542/906/1623
f 676/520/1629 677/521/1631 675/519/1630
f 675/519/1630 677/521/1631 678/522/1632
f 678/522/1632 677/521/1631 679/523/1633
f 677/521/1631 680/524/1634 679/523/1633
f 679/523/1633 680/524/1634 681/525/1635
f 680/524/1634 682/526/1636 681/525/1635
f 3530/929/1637 3529/930/1638 3539/931/1639
f 3538/932/1640 3530/929/1637 3539/931/1639
f 3537/933/1641 3530/929/1637 3538/932/1640
f 3536/934/1642 3530/929/1637 3537/933/1641
f 680/524/1634 683/527/1643 682/526/1636
f 682/526/1636 683/527/1643 684/528/1644
f 683/527/1643 685/529/1645 684/528/1644
f 684/528/1644 685/529/1645 686/530/1646
f 3535/935/1647 3530/929/1637 3536/934/1642
f 686/530/1646 685/529/1645 687/531/1648
f 685/529/1645 688/532/1649 687/531/1648
f 3532/936/1650 3530/929/1637 3533/937/1651
f 3531/938/1652 3530/929/1637 3532/936/1650
f 3529/930/1638 3530/929/1637 3531/938/1652
f 3534/939/1653 3530/929/1637 3535/935/1647
f 3533/937/1651 3530/929/1637 3534/939/1653
f 689/500/1654 690/535/1655 691/534/1656
f 691/534/1656 690/535/1655 692/536/1657
f 690/535/1655 693/537/1658 692/536/1657
f 693/537/1658 694/538/1659 692/536/1657
f 692/536/1657 694/538/1659 695/539/1660
f 3520/859/1661 3518/860/1662 3528/861/1663
f 695/539/1660 694/538/1659 696/540/1664
f 694/538/1659 697/541/1665 696/540/1664
f 3527/863/1666 3520/859/1661 3528/861/1663
f 3526/862/1667 3520/859/1661 3527/863/1666
f 3525/864/1668 3520/859/1661 3526/862/1667
f 3524/865/1669 3520/859/1661 3525/864/1668
f 696/540/1664 697/541/1665 698/542/1670
f 3523/866/1671 3520/859/1661 3524/865/1669
f 3521/867/1672 3520/859/1661 3522/868/1673
f 699/543/1674 700/519/1675 701/544/1676
f 700/519/1675 702/522/1677 701/544/1676
f 701/544/1676 702/522/1677 703/545/1678
f 702/522/1677 704/546/1679 703/545/1678
f 3522/868/1673 3520/859/1661 3523/866/1671
f 704/546/1679 705/547/1680 703/545/1678
f 703/545/1678 705/547/1680 706/548/1681
f 705/547/1680 707/549/1682 706/548/1681
f 3519/869/1683 3520/859/1661 3521/867/1672
f 3518/860/1662 3520/859/1661 3519/869/1683
f 3513/940/1684 3517/941/1685 3511/942/1686
f 706/548/1681 707/549/1682 708/550/1687
f 707/549/1682 709/551/1688 708/550/1687
f 708/550/1687 709/551/1688 710/552/1689
f 709/551/1688 711/553/1690 710/552/1689
f 3515/943/1691 3516/944/1692 3513/940/1684
f 711/553/1690 712/554/1693 710/552/1689
f 710/552/1689 712/554/1693 713/532/1694
f 3514/945/1695 3515/943/1691 3513/940/1684
f 3512/946/1696 3514/945/1695 3513/940/1684
f 3516/944/1692 3517/941/1685 3513/940/1684
f 3511/942/1686 3512/946/1696 3513/940/1684
f 3505/940/1697 3504/942/1698 3510/941/1699
f 714/555/1700 716/557/1701 715/556/1702
f 715/556/1702 716/557/1701 717/558/1703
f 716/557/1701 718/559/1704 717/558/1703
f 717/558/1703 718/559/1704 719/560/1705
f 719/560/1705 718/559/1704 720/561/1706
f 718/559/1704 721/562/1707 720/561/1706
f 3508/943/1708 3505/940/1697 3509/944/1709
f 3504/942/1698 3505/940/1697 3506/946/1710
f 3509/944/1709 3505/940/1697 3510/941/1699
f 3507/945/1711 3505/940/1697 3508/943/1708
f 3506/946/1710 3505/940/1697 3507/945/1711
f 722/563/1712 723/565/1713 724/564/1714
f 724/564/1714 723/565/1713 725/566/1715
f 723/565/1713 726/567/1716 725/566/1715
f 725/566/1715 726/567/1716 727/568/1717
f 726/567/1716 728/561/1718 727/568/1717
f 727/568/1717 728/561/1718 729/569/1719
f 3503/947/1720 3487/948/1721 3489/949/1722
f 3494/950/1723 3503/947/1720 3489/949/1722
f 3497/951/1724 3503/947/1720 3494/950/1723
f 3502/952/1725 3503/947/1720 3497/951/1724
f 730/574/1726 732/576/1727 731/575/1728
f 731/575/1728 732/576/1727 733/577/1729
f 732/576/1727 734/578/1730 733/577/1729
f 733/577/1729 734/578/1730 735/579/1731
f 3500/953/1732 3501/954/1733 3497/951/1724
f 3495/955/1734 3496/956/1735 3494/950/1723
f 3497/951/1724 3501/954/1733 3502/952/1725
f 736/589/1736 738/591/1737 737/590/1738
f 738/591/1737 740/593/1739 739/592/1740
f 739/592/1740 740/593/1739 741/594/1741
f 740/593/1739 742/595/1742 741/594/1741
f 741/594/1741 742/595/1742 743/598/1743
f 742/595/1742 744/599/1744 743/598/1743
f 3499/957/1745 3500/953/1732 3497/951/1724
f 3498/958/1746 3499/957/1745 3497/951/1724
f 3496/956/1735 3498/958/1746 3497/951/1724
f 3494/950/1723 3496/956/1735 3497/951/1724
f 737/590/1738 738/591/1737 739/592/1740
f 743/598/1743 744/599/1744 745/600/1747
f 744/599/1744 746/601/1748 745/600/1747
f 745/600/1747 746/601/1748 747/602/1749
f 746/601/1748 748/607/1750 747/602/1749
f 747/602/1749 748/607/1750 749/608/1751
f 3492/959/1752 3493/960/1753 3489/949/1722
f 748/607/1750 750/609/1754 749/608/1751
f 749/608/1751 750/609/1754 751/610/1755
f 750/609/1754 752/611/1756 751/610/1755
f 751/610/1755 752/611/1756 753/612/1757
f 752/611/1756 754/613/1758 753/612/1757
f 754/613/1758 755/614/1759 753/612/1757
f 756/615/1760 757/616/1761 758/617/1762
f 3493/960/1753 3495/955/1734 3494/950/1723
f 3489/949/1722 3493/960/1753 3494/950/1723
f 3491/961/1763 3492/959/1752 3489/949/1722
f 753/612/1757 755/614/1759 756/615/1760
f 755/614/1759 757/616/1761 756/615/1760
f 3490/962/1764 3491/961/1763 3489/949/1722
f 756/615/1760 758/617/1762 759/622/1765
f 3488/963/1766 3490/962/1764 3489/949/1722
f 759/622/1765 758/617/1762 760/624/1767
f 3487/948/1721 3488/963/1766 3489/949/1722
f 3486/964/1768 3470/965/1769 3471/966/1770
f 3480/967/1771 3486/964/1768 3477/968/1772
f 3485/969/1773 3486/964/1768 3480/967/1771
f 758/617/1762 761/625/1774 760/624/1767
f 760/624/1767 761/625/1774 762/626/1775
f 761/625/1774 763/634/1776 762/626/1775
f 762/626/1775 763/634/1776 764/635/1777
f 763/634/1776 765/636/1778 764/635/1777
f 765/636/1778 766/650/1779 764/635/1777
f 3477/968/1772 3486/964/1768 3471/966/1770
f 766/650/1779 767/640/1780 764/635/1777
f 769/642/1781 770/643/1782 760/624/1767
f 767/640/1780 768/641/1783 764/635/1777
f 764/635/1777 768/641/1783 762/626/1775
f 768/641/1783 769/642/1781 762/626/1775
f 762/626/1775 769/642/1781 760/624/1767
f 771/652/1784 772/657/1785 756/615/1760
f 753/612/1757 772/657/1785 751/610/1755
f 3480/967/1771 3484/970/1786 3485/969/1773
f 3483/971/1787 3484/970/1786 3480/967/1771
f 760/624/1767 770/643/1782 759/622/1765
f 770/643/1782 771/652/1784 759/622/1765
f 759/622/1765 771/652/1784 756/615/1760
f 756/615/1760 772/657/1785 753/612/1757
f 3482/972/1788 3483/971/1787 3480/967/1771
f 772/657/1785 773/659/1789 751/610/1755
f 751/610/1755 773/659/1789 749/608/1751
f 745/600/1747 776/660/1790 743/598/1743
f 3481/973/1791 3482/972/1788 3480/967/1771
f 3479/974/1792 3481/973/1791 3480/967/1771
f 3477/968/1772 3479/974/1792 3480/967/1771
f 3478/975/1793 3479/974/1792 3477/968/1772
f 3476/976/1794 3478/975/1793 3477/968/1772
f 773/659/1789 774/664/1795 749/608/1751
f 749/608/1751 774/664/1795 747/602/1749
f 774/664/1795 775/665/1796 747/602/1749
f 747/602/1749 775/665/1796 745/600/1747
f 775/665/1796 776/660/1790 745/600/1747
f 3471/966/1770 3476/976/1794 3477/968/1772
f 3473/977/1797 3474/978/1798 3471/966/1770
f 3472/979/1799 3473/977/1797 3471/966/1770
f 743/598/1743 776/660/1790 741/594/1741
f 776/660/1790 777/667/1800 741/594/1741
f 777/667/1800 778/745/1801 741/594/1741
f 741/594/1741 778/745/1801 739/592/1740
f 778/745/1801 779/749/1802 739/592/1740
f 739/592/1740 779/749/1802 737/590/1738
f 3475/980/1803 3476/976/1794 3471/966/1770
f 3474/978/1798 3475/980/1803 3471/966/1770
f 778/745/1801 777/667/1800 781/741/1804
f 781/741/1804 777/667/1800 782/736/1805
f 3470/965/1769 3472/979/1799 3471/966/1770
f 782/736/1805 777/667/1800 783/675/1806
f 777/667/1800 776/660/1790 783/675/1806
f 783/675/1806 776/660/1790 775/665/1796
f 3469/981/1807 3465/982/1808 3464/983/1809
f 3465/982/1808 3466/984/1810 3463/985/1811
f 3467/986/1812 3466/984/1810 3465/982/1808
f 779/749/1802 778/745/1801 780/744/1813
f 780/744/1813 778/745/1801 781/741/1804
f 3469/981/1807 3468/987/1814 3465/982/1808
f 775/665/1796 774/664/1795 784/676/1815
f 774/664/1795 773/659/1789 785/677/1816
f 785/677/1816 773/659/1789 786/678/1817
f 786/678/1817 772/657/1785 771/652/1784
f 3463/985/1811 3464/983/1809 3465/982/1808
f 3451/988/1818 3462/989/1819 3463/985/1811
f 783/675/1806 775/665/1796 784/676/1815
f 3452/990/1820 3462/989/1819 3451/988/1818
f 784/676/1815 774/664/1795 785/677/1816
f 773/659/1789 772/657/1785 786/678/1817
f 3465/982/1808 3468/987/1814 3467/986/1812
f 786/678/1817 771/652/1784 787/680/1821
f 771/652/1784 770/643/1782 787/680/1821
f 787/680/1821 770/643/1782 788/685/1822
f 788/685/1822 769/642/1781 789/687/1823
f 769/642/1781 768/641/1783 789/687/1823
f 3462/989/1819 3464/983/1809 3463/985/1811
f 770/643/1782 769/642/1781 788/685/1822
f 789/687/1823 768/641/1783 790/688/1824
f 768/641/1783 767/640/1780 790/688/1824
f 3458/991/1825 3456/992/1826 3461/993/1827
f 3460/994/1828 3458/991/1825 3461/993/1827
f 3459/995/1829 3458/991/1825 3460/994/1828
f 790/688/1824 791/698/1830 789/687/1823
f 3456/992/1826 3458/991/1825 3457/996/1831
f 791/698/1830 792/699/1832 789/687/1823
f 3455/997/1833 3456/992/1826 3457/996/1831
f 3451/988/1818 3453/998/1834 3452/990/1820
f 789/687/1823 792/699/1832 788/685/1822
f 792/699/1832 793/692/1835 788/685/1822
f 788/685/1822 793/692/1835 787/680/1821
f 3457/996/1831 3458/991/1825 3459/995/1829
f 787/680/1821 793/692/1835 786/678/1817
f 786/678/1817 793/692/1835 785/677/1816
f 793/692/1835 792/699/1832 794/701/1836
f 3454/999/1837 3456/992/1826 3455/997/1833
f 3452/990/1820 3454/999/1837 3455/997/1833
f 796/704/1838 797/705/1839 795/702/1840
f 3453/998/1834 3454/999/1837 3452/990/1820
f 797/705/1839 794/701/1836 795/702/1840
f 795/702/1840 794/701/1836 792/699/1832
f 794/701/1836 785/677/1816 793/692/1835
f 3446/1000/1841 3450/1001/1842 3444/1002/1843
f 3449/1003/1844 3450/1001/1842 3446/1000/1841
f 3448/1004/1845 3449/1003/1844 3446/1000/1841
f 792/699/1832 791/698/1830 795/702/1840
f 791/698/1830 796/704/1838 795/702/1840
f 794/701/1836 797/705/1839 798/714/1846
f 797/705/1839 799/716/1847 798/714/1846
f 798/714/1846 799/716/1847 800/715/1848
f 800/715/1848 799/716/1847 801/718/1849
f 802/719/1850 803/721/1851 801/718/1849
f 801/718/1849 803/721/1851 804/725/1852
f 3447/1005/1853 3448/1004/1845 3446/1000/1841
f 3445/1006/1854 3447/1005/1853 3446/1000/1841
f 3444/1002/1843 3445/1006/1854 3446/1000/1841
f 800/715/1848 801/718/1849 805/733/1855
f 3442/1007/1856 3439/1008/1857 3443/1009/1858
f 801/718/1849 799/716/1847 802/719/1850
f 3437/1010/1859 3439/1008/1857 3438/1011/1860
f 3443/1009/1858 3439/1008/1857 3437/1010/1859
f 804/725/1852 805/733/1855 801/718/1849
f 3441/1012/1861 3439/1008/1857 3442/1007/1856
f 3440/1013/1862 3439/1008/1857 3441/1012/1861
f 782/736/1805 783/675/1806 800/715/1848
f 3438/1011/1860 3439/1008/1857 3440/1013/1862
f 785/677/1816 794/701/1836 784/676/1815
f 794/701/1836 798/714/1846 784/676/1815
f 784/676/1815 798/714/1846 783/675/1806
f 798/714/1846 800/715/1848 783/675/1806
f 800/715/1848 805/733/1855 782/736/1805
f 782/736/1805 805/733/1855 781/741/1804
f 805/733/1855 806/740/1863 781/741/1804
f 781/741/1804 806/740/1863 780/744/1813
f 3434/1014/1864 3435/1015/1865 3431/1016/1866
f 3433/1017/1867 3434/1014/1864 3431/1016/1866
f 3432/1018/1868 3433/1017/1867 3431/1016/1866
f 3430/1019/1869 3432/1018/1868 3431/1016/1866
f 3436/1020/1870 3430/1019/1869 3431/1016/1866
f 3435/1015/1865 3436/1020/1870 3431/1016/1866
f 804/725/1852 806/740/1863 805/733/1855
f 3428/457/1871 3429/458/1872 3426/456/1873
f 3427/460/1874 3428/457/1871 3426/456/1873
f 3425/459/1875 3427/460/1874 3426/456/1873
f 3429/458/1872 3425/459/1875 3426/456/1873
f 812/769/1876 813/758/1877 814/759/1878
f 813/758/1877 815/760/1879 814/759/1878
f 807/755/1880 808/757/1881 809/756/1882
f 808/757/1881 810/766/1883 809/756/1882
f 809/756/1882 810/766/1883 811/767/1884
f 811/767/1884 810/766/1883 812/769/1876
f 810/766/1883 813/758/1877 812/769/1876
f 3424/1021/1885 3410/1022/1886 3408/1023/1887
f 815/760/1879 816/772/1888 817/771/1889
f 3415/1024/1890 3410/1022/1886 3424/1021/1885
f 818/774/1891 819/775/1892 820/777/1893
f 3418/1025/1894 3415/1024/1890 3424/1021/1885
f 3423/1026/1895 3418/1025/1894 3424/1021/1885
f 3421/1027/1896 3418/1025/1894 3422/1028/1897
f 813/758/1877 816/772/1888 815/760/1879
f 3417/1029/1898 3418/1025/1894 3419/1030/1899
f 817/771/1889 816/772/1888 818/774/1891
f 816/772/1888 819/775/1892 818/774/1891
f 820/777/1893 819/775/1892 821/778/1900
f 819/775/1892 822/779/1901 821/778/1900
f 821/778/1900 822/779/1901 823/787/1902
f 3416/1031/1903 3415/1024/1890 3417/1029/1898
f 822/779/1901 825/789/1904 824/788/1905
f 824/788/1905 825/789/1904 826/790/1906
f 3418/1025/1894 3423/1026/1895 3422/1028/1897
f 826/790/1906 825/789/1904 827/791/1907
f 825/789/1904 828/792/1908 827/791/1907
f 827/791/1907 828/792/1908 829/793/1909
f 3420/1032/1910 3418/1025/1894 3421/1027/1896
f 3419/1030/1899 3418/1025/1894 3420/1032/1910
f 823/787/1902 822/779/1901 824/788/1905
f 3415/1024/1890 3418/1025/1894 3417/1029/1898
f 829/793/1909 828/792/1908 830/799/1911
f 828/792/1908 831/796/1912 830/799/1911
f 830/799/1911 831/796/1912 832/794/1913
f 832/794/1913 831/796/1912 833/795/1914
f 831/796/1912 834/797/1915 833/795/1914
f 833/795/1914 834/797/1915 835/798/1916
f 3413/1033/1917 3410/1022/1886 3414/1034/1918
f 3411/1035/1919 3410/1022/1886 3412/1036/1920
f 3414/1034/1918 3415/1024/1890 3416/1031/1903
f 3410/1022/1886 3415/1024/1890 3414/1034/1918
f 3412/1036/1920 3410/1022/1886 3413/1033/1917
f 836/800/1921 838/802/1922 837/801/1923
f 837/801/1923 838/802/1922 839/803/1924
f 838/802/1922 840/807/1925 839/803/1924
f 840/807/1925 841/805/1926 839/803/1924
f 839/803/1924 841/805/1926 842/804/1927
f 841/805/1926 843/806/1928 842/804/1927
f 842/804/1927 843/806/1928 844/808/1929
f 3409/1037/1930 3410/1022/1886 3411/1035/1919
f 3408/1023/1887 3410/1022/1886 3409/1037/1930
f 3406/1038/1931 3401/1039/1932 3407/1040/1933
f 842/804/1927 844/808/1929 845/809/1934
f 844/808/1929 846/810/1935 845/809/1934
f 3407/1040/1933 3393/1041/1936 3391/1042/1937
f 846/810/1935 847/811/1938 845/809/1934
f 845/809/1934 847/811/1938 848/812/1939
f 847/811/1938 849/813/1940 848/812/1939
f 3398/1043/1941 3393/1041/1936 3407/1040/1933
f 849/813/1940 850/814/1942 848/812/1939
f 848/812/1939 850/814/1942 851/815/1943
f 3401/1039/1932 3398/1043/1941 3407/1040/1933
f 3403/1044/1944 3401/1039/1932 3404/1045/1945
f 850/814/1942 852/816/1946 851/815/1943
f 852/816/1946 853/821/1947 851/815/1943
f 851/815/1943 853/821/1947 854/818/1948
f 853/821/1947 855/817/1949 854/818/1948
f 3399/1046/1950 3398/1043/1941 3400/1047/1951
f 855/817/1949 856/819/1952 854/818/1948
f 3401/1039/1932 3406/1038/1931 3405/1048/1953
f 3404/1045/1945 3401/1039/1932 3405/1048/1953
f 3402/1049/1954 3401/1039/1932 3403/1044/1944
f 3400/1047/1951 3401/1039/1932 3402/1049/1954
f 854/818/1948 856/819/1952 857/820/1955
f 856/819/1952 858/822/1956 857/820/1955
f 3398/1043/1941 3401/1039/1932 3400/1047/1951
f 858/822/1956 859/824/1957 857/820/1955
f 857/820/1955 859/824/1957 860/823/1958
f 859/824/1957 861/825/1959 860/823/1958
f 861/825/1959 862/826/1960 860/823/1958
f 860/823/1958 862/826/1960 863/827/1961
f 862/826/1960 864/828/1962 863/827/1961
f 3392/1050/1963 3393/1041/1936 3394/1051/1964
f 3397/1052/1965 3398/1043/1941 3399/1046/1950
f 3393/1041/1936 3398/1043/1941 3397/1052/1965
f 3396/1053/1966 3393/1041/1936 3397/1052/1965
f 865/1054/1967 866/1055/1968 867/1056/1969
f 3395/1057/1970 3393/1041/1936 3396/1053/1966
f 3394/1051/1964 3393/1041/1936 3395/1057/1970
f 3391/1042/1937 3393/1041/1936 3392/1050/1963
f 866/1055/1968 868/1058/1971 867/1056/1969
f 867/1056/1969 868/1058/1971 869/1059/1972
f 3381/1060/1973 3376/1061/1974 3390/1062/1975
f 3390/1062/1975 3376/1061/1974 3374/1063/1976
f 3384/1064/1977 3381/1060/1973 3390/1062/1975
f 3389/1065/1978 3384/1064/1977 3390/1062/1975
f 3388/1066/1979 3384/1064/1977 3389/1065/1978
f 870/1067/1980 871/1054/1981 867/1056/1982
f 3385/1068/1983 3384/1064/1977 3386/1069/1984
f 3383/1070/1985 3384/1064/1977 3385/1068/1983
f 866/1055/1986 873/1054/1987 872/1071/1988
f 3381/1060/1973 3384/1064/1977 3383/1070/1985
f 3382/1072/1989 3381/1060/1973 3383/1070/1985
f 3387/1073/1990 3384/1064/1977 3388/1066/1979
f 3386/1069/1984 3384/1064/1977 3387/1073/1990
f 873/1054/1987 874/1074/1991 872/1071/1988
f 872/1071/1988 874/1074/1991 875/1075/1992
f 875/1075/1992 874/1074/1991 876/1076/1993
f 874/1074/1991 877/1077/1994 876/1076/1993
f 876/1076/1993 877/1077/1994 878/1078/1995
f 878/1078/1995 877/1077/1994 879/1079/1996
f 877/1077/1994 880/1080/1997 879/1079/1996
f 879/1079/1996 880/1080/1997 881/1081/1998
f 880/1080/1997 882/1082/1999 881/1081/1998
f 3379/1083/2000 3376/1061/1974 3380/1084/2001
f 3378/1085/2002 3376/1061/1974 3379/1083/2000
f 3377/1086/2003 3376/1061/1974 3378/1085/2002
f 880/1080/1997 883/1087/2004 882/1082/1999
f 882/1082/1999 883/1087/2004 884/1088/2005
f 883/1087/2004 885/1089/2006 884/1088/2005
f 884/1088/2005 885/1089/2006 886/1090/2007
f 885/1089/2006 887/1091/2008 886/1090/2007
f 3375/1092/2009 3376/1061/1974 3377/1086/2003
f 3374/1063/1976 3376/1061/1974 3375/1092/2009
f 3380/1084/2001 3381/1060/1973 3382/1072/1989
f 3376/1061/1974 3381/1060/1973 3380/1084/2001
f 875/1075/1992 888/1093/2010 872/1071/1988
f 3373/1094/2011 3358/1095/2012 3357/1096/2013
f 3367/1097/2014 3364/1098/2015 3373/1094/2011
f 3372/1099/2016 3367/1097/2014 3373/1094/2011
f 3364/1098/2015 3358/1095/2012 3373/1094/2011
f 889/1100/2017 886/1090/2007 887/1091/2008
f 3371/1101/2018 3367/1097/2014 3372/1099/2016
f 891/1102/2019 885/1089/2006 893/1103/2020
f 893/1103/2020 885/1089/2006 883/1087/2004
f 3364/1098/2015 3367/1097/2014 3366/1104/2021
f 3370/1105/2022 3367/1097/2014 3371/1101/2018
f 887/1091/2008 885/1089/2006 890/1106/2023
f 890/1106/2023 885/1089/2006 891/1102/2019
f 891/1102/2019 893/1103/2020 892/1107/2024
f 3369/1108/2025 3367/1097/2014 3370/1105/2022
f 3368/1109/2026 3367/1097/2014 3369/1108/2025
f 3366/1104/2021 3367/1097/2014 3368/1109/2026
f 890/1106/2023 891/1102/2019 892/1107/2024
f 3365/1110/2027 3364/1098/2015 3366/1104/2021
f 3363/1111/2028 3364/1098/2015 3365/1110/2027
f 3360/1112/2029 3358/1095/2012 3361/1113/2030
f 3359/1114/2031 3358/1095/2012 3360/1112/2029
f 3357/1096/2013 3358/1095/2012 3359/1114/2031
f 892/1107/2024 893/1103/2020 894/1115/2032
f 3358/1095/2012 3364/1098/2015 3363/1111/2028
f 3362/1116/2033 3358/1095/2012 3363/1111/2028
f 3361/1113/2030 3358/1095/2012 3362/1116/2033
f 896/1117/2034 897/1118/2035 894/1115/2036
f 894/1115/2036 897/1118/2035 898/1119/2037
f 897/1118/2035 899/1120/2038 898/1119/2037
f 898/1119/2037 899/1120/2038 900/1121/2039
f 3356/1122/2040 3340/1123/2041 3342/1124/2042
f 895/1103/2043 896/1117/2034 894/1115/2036
f 3355/1125/2044 3356/1122/2040 3350/1126/2045
f 3347/1127/2046 3356/1122/2040 3342/1124/2042
f 3350/1126/2045 3356/1122/2040 3347/1127/2046
f 883/1087/2004 880/1080/1997 903/1128/2047
f 903/1128/2047 880/1080/1997 904/1129/2048
f 904/1129/2048 880/1080/1997 905/1130/2049
f 3354/1131/2050 3355/1125/2044 3350/1126/2045
f 880/1080/1997 877/1077/1994 906/1132/2051
f 3353/1133/2052 3354/1131/2050 3350/1126/2045
f 3352/1134/2053 3353/1133/2052 3350/1126/2045
f 3349/1135/2054 3351/1136/2055 3350/1126/2045
f 901/1103/2056 883/1087/2004 902/1117/2057
f 3347/1127/2046 3349/1135/2054 3350/1126/2045
f 902/1117/2057 883/1087/2004 903/1128/2047
f 905/1130/2049 880/1080/1997 906/1132/2051
f 3351/1136/2055 3352/1134/2053 3350/1126/2045
f 906/1132/2051 877/1077/1994 907/1137/2058
f 877/1077/1994 874/1074/1991 907/1137/2058
f 907/1137/2058 874/1074/1991 908/1138/2059
f 874/1074/1991 909/1054/2060 908/1138/2059
f 908/1138/2059 909/1054/2060 910/1067/1980
f 3348/1139/2061 3349/1135/2054 3347/1127/2046
f 3345/1140/2062 3346/1141/2063 3342/1124/2042
f 911/1142/2064 913/1143/2065 912/1144/2066
f 913/1143/2065 914/1145/2067 912/1144/2066
f 3343/1146/2068 3344/1147/2069 3342/1124/2042
f 914/1145/2067 915/1148/2070 912/1144/2066
f 3341/1149/2071 3343/1146/2068 3342/1124/2042
f 915/1148/2070 916/1150/2072 912/1144/2066
f 3346/1141/2063 3348/1139/2061 3347/1127/2046
f 917/1151/2073 918/1152/2074 912/1144/2066
f 3342/1124/2042 3346/1141/2063 3347/1127/2046
f 3344/1147/2069 3345/1140/2062 3342/1124/2042
f 3340/1123/2041 3341/1149/2071 3342/1124/2042
f 916/1150/2072 917/1151/2073 912/1144/2066
f 918/1152/2074 919/1153/2075 912/1144/2066
f 3339/1154/2076 3323/1155/2077 3324/1156/2078
f 912/1144/2066 920/1157/2079 921/1158/2080
f 3330/1159/2081 3339/1154/2076 3324/1156/2078
f 3333/1160/2082 3339/1154/2076 3330/1159/2081
f 3338/1161/2083 3339/1154/2076 3333/1160/2082
f 3337/1162/2084 3338/1161/2083 3333/1160/2082
f 919/1153/2075 920/1157/2079 912/1144/2066
f 3334/1163/2085 3335/1164/2086 3333/1160/2082
f 922/1165/2087 924/1166/2088 923/1167/2089
f 923/1167/2089 924/1166/2088 925/1168/2090
f 926/1169/2091 927/1170/2092 925/1168/2090
f 925/1168/2090 927/1170/2092 928/1171/2093
f 927/1170/2092 929/1172/2094 928/1171/2093
f 3336/1173/2095 3337/1162/2084 3333/1160/2082
f 3335/1164/2086 3336/1173/2095 3333/1160/2082
f 924/1166/2088 926/1169/2091 925/1168/2090
f 928/1171/2093 929/1172/2094 930/1174/2096
f 3332/1175/2097 3334/1163/2085 3333/1160/2082
f 3330/1159/2081 3332/1175/2097 3333/1160/2082
f 3331/1176/2098 3332/1175/2097 3330/1159/2081
f 929/1172/2094 931/1177/2099 930/1174/2096
f 930/1174/2096 931/1177/2099 932/1178/2100
f 3328/1179/2101 3329/1180/2102 3324/1156/2078
f 3326/1181/2103 3327/1182/2104 3324/1156/2078
f 935/1183/2105 937/1184/2106 936/1185/2107
f 936/1185/2107 937/1184/2106 938/1186/2108
f 937/1184/2106 939/1187/2109 938/1186/2108
f 938/1186/2108 939/1187/2109 940/1188/2110
f 939/1187/2109 941/1189/2111 940/1188/2110
f 3325/1190/2112 3326/1181/2103 3324/1156/2078
f 3329/1180/2102 3331/1176/2098 3330/1159/2081
f 3324/1156/2078 3329/1180/2102 3330/1159/2081
f 933/1191/2113 935/1183/2105 934/1192/2114
f 934/1192/2114 935/1183/2105 936/1185/2107
f 3327/1182/2104 3328/1179/2101 3324/1156/2078
f 944/1193/2115 945/1194/2116 946/1195/2117
f 945/1194/2116 947/1196/2118 946/1195/2117
f 3323/1155/2077 3325/1190/2112 3324/1156/2078
f 3318/1197/2119 3322/1198/2120 3316/1199/2121
f 3321/1200/2122 3322/1198/2120 3318/1197/2119
f 939/1187/2109 942/1201/2123 941/1189/2111
f 3320/1202/2124 3321/1200/2122 3318/1197/2119
f 942/1201/2123 943/1203/2125 941/1189/2111
f 941/1189/2111 943/1203/2125 944/1193/2115
f 943/1203/2125 945/1194/2116 944/1193/2115
f 946/1195/2117 947/1196/2118 948/1204/2126
f 947/1196/2118 950/1205/2127 949/1206/2128
f 949/1206/2128 950/1205/2127 951/1207/2129
f 948/1204/2126 947/1196/2118 949/1206/2128
f 3319/1208/2130 3320/1202/2124 3318/1197/2119
f 3317/1209/2131 3319/1208/2130 3318/1197/2119
f 3316/1199/2121 3317/1209/2131 3318/1197/2119
f 3310/1197/2132 3309/1199/2133 3315/1198/2134
f 952/1210/2135 954/1211/2136 953/1212/2137
f 953/1212/2137 954/1211/2136 955/1213/2138
f 954/1211/2136 956/1214/2139 955/1213/2138
f 955/1213/2138 956/1214/2139 957/1215/2140
f 3314/1200/2141 3310/1197/2132 3315/1198/2134
f 957/1215/2140 956/1214/2139 958/99/2142
f 3311/1209/2143 3310/1197/2132 3312/1208/2144
f 956/1214/2139 959/1216/2145 958/99/2142
f 959/1216/2145 960/1217/2146 958/99/2142
f 958/99/2142 960/1217/2146 961/97/2147
f 3313/1202/2148 3310/1197/2132 3314/1200/2141
f 3312/1208/2144 3310/1197/2132 3313/1202/2148
f 3309/1199/2133 3310/1197/2132 3311/1209/2143
f 3308/1218/2149 3292/1219/2150 3291/1220/2151
f 3306/1221/2152 3308/1218/2149 3307/1222/2153
f 3305/1223/2154 3306/1221/2152 3307/1222/2153
f 966/1224/2155 967/1225/2156 968/1226/2157
f 967/1225/2156 969/1227/2158 968/1226/2157
f 3307/1222/2153 3308/1218/2149 3291/1220/2151
f 962/1228/2159 963/1229/2160 964/1230/2161
f 963/1229/2160 965/1231/2162 964/1230/2161
f 964/1230/2161 965/1231/2162 966/1224/2155
f 965/1231/2162 967/1225/2156 966/1224/2155
f 968/1226/2157 969/1227/2158 970/1232/2163
f 3303/1233/2164 3304/1234/2165 3305/1223/2154
f 3302/1235/2166 3304/1234/2165 3303/1233/2164
f 3301/1236/2167 3302/1235/2166 3303/1233/2164
f 3300/1237/2168 3302/1235/2166 3301/1236/2167
f 969/1227/2158 971/1238/2169 970/1232/2163
f 970/1232/2163 971/1238/2169 972/1239/2170
f 3298/1240/2171 3300/1237/2168 3299/1241/2172
f 3304/1234/2165 3306/1221/2152 3305/1223/2154
f 3299/1241/2172 3300/1237/2168 3301/1236/2167
f 3297/1242/2173 3298/1240/2171 3299/1241/2172
f 973/1243/2174 975/1244/2175 974/1245/2176
f 975/1244/2175 976/1246/2177 974/1245/2176
f 974/1245/2176 976/1246/2177 977/1247/2178
f 976/1246/2177 978/1248/2179 977/1247/2178
f 977/1247/2178 978/1248/2179 979/1247/2180
f 3296/1249/2181 3298/1240/2171 3297/1242/2173
f 979/1247/2180 978/1248/2179 980/1250/2182
f 978/1248/2179 981/1251/2183 980/1250/2182
f 986/1252/2184 987/1253/2185 988/1254/2186
f 3294/1255/2187 3296/1249/2181 3297/1242/2173
f 3295/1256/2188 3296/1249/2181 3294/1255/2187
f 3293/1257/2189 3292/1219/2150 3294/1255/2187
f 980/1250/2182 981/1251/2183 982/1258/2190
f 3291/1220/2151 3292/1219/2150 3293/1257/2189
f 981/1251/2183 983/1259/2191 982/1258/2190
f 982/1258/2190 983/1259/2191 984/1260/2192
f 983/1259/2191 985/1261/2193 984/1260/2192
f 984/1260/2192 985/1261/2193 986/1252/2184
f 985/1261/2193 987/1253/2185 986/1252/2184
f 989/1262/2194 988/1254/2186 987/1253/2185
f 3292/1219/2150 3295/1256/2188 3294/1255/2187
f 3289/1263/2195 3251/1264/2196 3290/1265/2197
f 992/1266/2198 993/1267/2199 991/1268/2200
f 991/1268/2200 993/1267/2199 994/1269/2201
f 3284/1270/2202 3251/1264/2196 3289/1263/2195
f 995/1271/2203 996/1272/2204 994/1269/2201
f 994/1269/2201 996/1272/2204 997/1273/2205
f 996/1272/2204 998/1274/2206 997/1273/2205
f 3251/1264/2196 3250/1275/2207 3290/1265/2197
f 3280/1276/2208 3288/1277/2209 3279/1278/2210
f 990/1279/2211 992/1266/2198 991/1268/2200
f 993/1267/2199 995/1271/2203 994/1269/2201
f 3286/1280/2212 3287/1281/2213 3280/1276/2208
f 3285/1282/2214 3286/1280/2212 3280/1276/2208
f 3287/1281/2213 3288/1277/2209 3280/1276/2208
f 998/1274/2206 999/1283/2215 997/1273/2205
f 3283/1284/2216 3252/1285/2217 3251/1264/2196
f 998/1274/2206 996/1272/2204 1000/1286/2218
f 996/1272/2204 1001/1287/2219 1000/1286/2218
f 1000/1286/2218 1001/1287/2219 1002/1288/2220
f 3284/1270/2202 3283/1284/2216 3251/1264/2196
f 3285/1282/2214 3283/1284/2216 3284/1270/2202
f 3281/1289/2221 3283/1284/2216 3285/1282/2214
f 3253/1290/2222 3252/1285/2217 3281/1289/2221
f 1001/1287/2219 1003/1291/2223 1002/1288/2220
f 1002/1288/2220 1003/1291/2223 1004/1292/2224
f 3285/1282/2214 3280/1276/2208 3281/1289/2221
f 996/1272/2204 995/1271/2203 1006/1293/2225
f 1007/1294/2226 993/1267/2199 1008/1295/2227
f 3281/1289/2221 3252/1285/2217 3283/1284/2216
f 1003/1291/2223 1001/1287/2219 1005/1296/2228
f 1005/1296/2228 1001/1287/2219 1006/1293/2225
f 1001/1287/2219 996/1272/2204 1006/1293/2225
f 1006/1293/2225 995/1271/2203 1007/1294/2226
f 995/1271/2203 993/1267/2199 1007/1294/2226
f 993/1267/2199 992/1266/2198 1008/1295/2227
f 3276/1297/2229 3263/1298/2230 3282/1299/2231
f 1008/1295/2227 1010/1300/2232 1007/1294/2226
f 1010/1300/2232 1011/1301/2233 1007/1294/2226
f 1007/1294/2226 1011/1301/2233 1006/1293/2225
f 1011/1301/2233 1005/1296/2228 1006/1293/2225
f 3258/1302/2234 3282/1299/2231 3263/1298/2230
f 3253/1290/2222 3282/1299/2231 3258/1302/2234
f 3281/1289/2221 3282/1299/2231 3253/1290/2222
f 992/1266/2198 1009/1303/2235 1008/1295/2227
f 1008/1295/2227 1009/1303/2235 1010/1300/2232
f 1009/1303/2235 1012/1304/2236 1010/1300/2232
f 3279/1278/2210 3277/1305/2237 3280/1276/2208
f 3273/1306/2238 3277/1305/2237 3278/1307/2239
f 3274/1308/2240 3277/1305/2237 3273/1306/2238
f 3276/1297/2229 3282/1299/2231 3281/1289/2221
f 3280/1276/2208 3276/1297/2229 3281/1289/2221
f 3277/1305/2237 3276/1297/2229 3280/1276/2208
f 3278/1307/2239 3277/1305/2237 3279/1278/2210
f 1013/1309/2241 1015/1310/2242 1014/1311/2243
f 1015/1310/2242 1016/1312/2244 1014/1311/2243
f 1018/1313/2245 1016/1312/2244 1019/1314/2246
f 3265/1315/2247 3274/1308/2240 3267/1316/2248
f 1015/1310/2242 1019/1314/2246 1016/1312/2244
f 3275/1317/2249 3274/1308/2240 3265/1315/2247
f 3277/1305/2237 3274/1308/2240 3275/1317/2249
f 1018/1313/2245 1017/1318/2250 1016/1312/2244
f 1016/1312/2244 1017/1318/2250 1014/1311/2243
f 3276/1297/2229 3277/1305/2237 3275/1317/2249
f 3263/1298/2230 3276/1297/2229 3275/1317/2249
f 3265/1315/2247 3263/1298/2230 3275/1317/2249
f 1015/1310/2242 1020/1319/2251 1019/1314/2246
f 1019/1314/2246 1020/1319/2251 1021/1320/2252
f 1024/1321/2253 1025/1322/2254 1026/1323/2255
f 1025/1322/2254 1027/1324/2256 1026/1323/2255
f 3271/1325/2257 3267/1316/2248 3274/1308/2240
f 3272/1326/2258 3271/1325/2257 3273/1306/2238
f 3270/1327/2259 3271/1325/2257 3272/1326/2258
f 1020/1319/2251 1022/1328/2260 1021/1320/2252
f 1022/1328/2260 1023/1329/2261 1021/1320/2252
f 1021/1320/2252 1023/1329/2261 1024/1321/2253
f 1023/1329/2261 1025/1322/2254 1024/1321/2253
f 3269/1330/2262 3267/1316/2248 3270/1327/2259
f 1025/1322/2254 1028/1331/2263 1027/1324/2256
f 1030/1332/2264 1032/1333/2265 1031/1334/2266
f 3271/1325/2257 3274/1308/2240 3273/1306/2238
f 1027/1324/2256 1028/1331/2263 1029/1335/2267
f 1028/1331/2263 1030/1332/2264 1029/1335/2267
f 1029/1335/2267 1030/1332/2264 1031/1334/2266
f 3267/1316/2248 3271/1325/2257 3270/1327/2259
f 3268/1336/2268 3267/1316/2248 3269/1330/2262
f 3266/1337/2269 3267/1316/2248 3268/1336/2268
f 1029/1335/2267 1034/1338/2270 1027/1324/2256
f 3265/1315/2247 3267/1316/2248 3266/1337/2269
f 1035/1339/2271 1036/1340/2272 1026/1323/2255
f 1031/1334/2266 1033/1341/2273 1029/1335/2267
f 1033/1341/2273 1034/1338/2270 1029/1335/2267
f 1027/1324/2256 1034/1338/2270 1026/1323/2255
f 1034/1338/2270 1035/1339/2271 1026/1323/2255
f 3264/1342/2274 3265/1315/2247 3266/1337/2269
f 1026/1323/2255 1036/1340/2272 1024/1321/2253
f 3263/1298/2230 3265/1315/2247 3264/1342/2274
f 1021/1320/2252 1037/1343/2275 1019/1314/2246
f 1037/1343/2275 1038/1344/2276 1019/1314/2246
f 3262/1345/2277 3263/1298/2230 3264/1342/2274
f 1038/1344/2276 1039/1346/2278 1019/1314/2246
f 1019/1314/2246 1039/1346/2278 1018/1313/2245
f 3258/1302/2234 3263/1298/2230 3262/1345/2277
f 3259/1347/2279 3258/1302/2234 3262/1345/2277
f 3260/1348/2280 3257/1349/2281 3259/1347/2279
f 3256/1350/2282 3257/1349/2281 3260/1348/2280
f 1021/1320/2252 1024/1321/2253 1037/1343/2275
f 1024/1321/2253 1036/1340/2272 1037/1343/2275
f 1040/1351/2283 1041/1352/2284 1038/1344/2276
f 1038/1344/2276 1041/1352/2284 1039/1346/2278
f 3261/1353/2285 3236/1354/2286 3237/1355/2287
f 3256/1350/2282 3261/1353/2285 3237/1355/2287
f 3260/1348/2280 3261/1353/2285 3256/1350/2282
f 1038/1344/2276 1037/1343/2275 1040/1351/2283
f 1037/1343/2275 1036/1340/2272 1040/1351/2283
f 1040/1351/2283 1036/1340/2272 1042/1356/2288
f 1036/1340/2272 1043/1357/2289 1042/1356/2288
f 1042/1356/2288 1043/1357/2289 1044/1358/2290
f 3258/1302/2234 3259/1347/2279 3257/1349/2281
f 3253/1290/2222 3258/1302/2234 3257/1349/2281
f 3254/1359/2291 3253/1290/2222 3257/1349/2281
f 1048/1360/2292 1047/1361/2293 1046/1362/2294
f 1047/1361/2293 1044/1358/2290 1046/1362/2294
f 1046/1362/2294 1044/1358/2290 1045/1363/2295
f 1045/1363/2295 1044/1358/2290 1043/1357/2289
f 3238/1364/2296 3255/1365/2297 3237/1355/2287
f 3239/1366/2298 3255/1365/2297 3238/1364/2296
f 1047/1361/2293 1049/1367/2299 1044/1358/2290
f 3256/1350/2282 3254/1359/2291 3257/1349/2281
f 1044/1358/2290 1049/1367/2299 1042/1356/2288
f 3255/1365/2297 3254/1359/2291 3256/1350/2282
f 1042/1356/2288 1049/1367/2299 1050/1368/2300
f 1050/1368/2300 1051/1369/2301 1052/1370/2302
f 1051/1369/2301 1053/1371/2303 1052/1370/2302
f 1052/1370/2302 1053/1371/2303 1054/1372/2304
f 3237/1355/2287 3255/1365/2297 3256/1350/2282
f 3243/1373/2305 3255/1365/2297 3239/1366/2298
f 1049/1367/2299 1051/1369/2301 1050/1368/2300
f 1053/1371/2303 1055/1374/2306 1054/1372/2304
f 3254/1359/2291 3255/1365/2297 3243/1373/2305
f 3246/1375/2307 3254/1359/2291 3243/1373/2305
f 1056/1376/2308 1057/1377/2309 1050/1368/2300
f 3253/1290/2222 3254/1359/2291 3246/1375/2307
f 1042/1356/2288 1057/1377/2309 1040/1351/2283
f 3252/1285/2217 3253/1290/2222 3246/1375/2307
f 1040/1351/2283 1057/1377/2309 1041/1352/2284
f 3251/1264/2196 3252/1285/2217 3246/1375/2307
f 1041/1352/2284 1057/1377/2309 1056/1376/2308
f 3248/1378/2310 3251/1264/2196 3246/1375/2307
f 1050/1368/2300 1052/1370/2302 1056/1376/2308
f 3250/1275/2207 3251/1264/2196 3248/1378/2310
f 1052/1370/2302 1054/1372/2304 1056/1376/2308
f 1057/1377/2309 1042/1356/2288 1050/1368/2300
f 1041/1352/2284 1056/1376/2308 1058/1379/2311
f 1058/1379/2311 1056/1376/2308 1054/1372/2304
f 3248/1378/2310 3249/1380/2312 3250/1275/2207
f 3247/1381/2313 3249/1380/2312 3248/1378/2310
f 3246/1375/2307 3247/1381/2313 3248/1378/2310
f 3245/1382/2314 3247/1381/2313 3246/1375/2307
f 1059/1383/2315 1061/1384/2316 1060/1385/2317
f 1065/1386/2318 1067/1387/2319 1066/1388/2320
f 3243/1373/2305 3245/1382/2314 3246/1375/2307
f 3244/1389/2321 3245/1382/2314 3243/1373/2305
f 3242/1390/2322 3244/1389/2321 3243/1373/2305
f 3239/1366/2298 3242/1390/2322 3243/1373/2305
f 1060/1385/2317 1061/1384/2316 1062/1391/2323
f 1061/1384/2316 1063/1392/2324 1062/1391/2323
f 1062/1391/2323 1063/1392/2324 1064/1393/2325
f 1063/1392/2324 1065/1386/2318 1064/1393/2325
f 1064/1393/2325 1065/1386/2318 1066/1388/2320
f 1070/1394/2326 1071/1395/2327 1072/1396/2328
f 1072/1396/2328 1073/1397/2329 1074/1398/2330
f 3233/1399/2331 3240/1400/2332 3239/1366/2298
f 3239/1366/2298 3238/1364/2296 3234/1401/2333
f 1066/1388/2320 1067/1387/2319 1068/1402/2334
f 3233/1399/2331 3239/1366/2298 3234/1401/2333
f 1067/1387/2319 1069/1403/2335 1068/1402/2334
f 1068/1402/2334 1069/1403/2335 1070/1394/2326
f 1069/1403/2335 1071/1395/2327 1070/1394/2326
f 1071/1395/2327 1073/1397/2329 1072/1396/2328
f 1075/1404/2336 1076/1405/2337 1074/1398/2330
f 1076/1405/2337 1078/1406/2338 1077/1407/2339
f 1078/1406/2338 1080/1408/2340 1079/1409/2341
f 1079/1409/2341 1080/1408/2340 1081/1410/2342
f 3241/1411/2343 3242/1390/2322 3239/1366/2298
f 3240/1400/2332 3241/1411/2343 3239/1366/2298
f 1073/1397/2329 1075/1404/2336 1074/1398/2330
f 1074/1398/2330 1076/1405/2337 1077/1407/2339
f 1077/1407/2339 1078/1406/2338 1079/1409/2341
f 1080/1408/2340 1082/1412/2344 1081/1410/2342
f 1082/1412/2344 1084/1413/2345 1083/1414/2346
f 1083/1414/2346 1084/1413/2345 1085/1415/2347
f 3237/1355/2287 3234/1401/2333 3238/1364/2296
f 1084/1413/2345 1087/1416/2348 1086/1417/2349
f 3235/1418/2350 3234/1401/2333 3237/1355/2287
f 1081/1410/2342 1082/1412/2344 1083/1414/2346
f 3237/1355/2287 3236/1354/2286 3235/1418/2350
f 1085/1415/2347 1084/1413/2345 1086/1417/2349
f 1087/1416/2348 1088/1419/2351 1086/1417/2349
f 1086/1417/2349 1088/1419/2351 1089/1420/2352
f 3230/1421/2353 3234/1401/2333 3235/1418/2350
f 1091/1422/2354 1092/1423/2355 1089/1420/2352
f 3232/1424/2356 3233/1399/2331 3230/1421/2353
f 3231/1425/2357 3232/1424/2356 3230/1421/2353
f 1093/1426/2358 1094/1427/2359 1089/1420/2352
f 3235/1418/2350 3236/1354/2286 3229/1428/2360
f 3230/1421/2353 3235/1418/2350 3229/1428/2360
f 1088/1419/2351 1090/1429/2361 1089/1420/2352
f 1090/1429/2361 1091/1422/2354 1089/1420/2352
f 3233/1399/2331 3234/1401/2333 3230/1421/2353
f 1092/1423/2355 1093/1426/2358 1089/1420/2352
f 1089/1420/2352 1094/1427/2359 1086/1417/2349
f 3229/1428/2360 3231/1425/2357 3230/1421/2353
f 1085/1415/2347 1096/1430/2362 1083/1414/2346
f 1096/1430/2362 1097/1431/2363 1083/1414/2346
f 1097/1431/2363 1098/1432/2364 1081/1410/2342
f 3226/1221/2365 3227/1222/2366 3228/1218/2367
f 3225/1223/2368 3227/1222/2366 3226/1221/2365
f 3228/1218/2367 3211/1220/2369 3212/1219/2370
f 1086/1417/2349 1094/1427/2359 1085/1415/2347
f 1094/1427/2359 1095/1433/2371 1085/1415/2347
f 3227/1222/2366 3211/1220/2369 3228/1218/2367
f 1095/1433/2371 1096/1430/2362 1085/1415/2347
f 1083/1414/2346 1097/1431/2363 1081/1410/2342
f 1081/1410/2342 1098/1432/2364 1079/1409/2341
f 1099/1434/2372 1100/1435/2373 1074/1398/2330
f 1074/1398/2330 1100/1435/2373 1072/1396/2328
f 1079/1409/2341 1098/1432/2364 1077/1407/2339
f 1098/1432/2364 1099/1434/2372 1077/1407/2339
f 1077/1407/2339 1099/1434/2372 1074/1398/2330
f 1100/1435/2373 1101/1436/2374 1072/1396/2328
f 3220/1237/2375 3221/1236/2376 3222/1235/2377
f 3219/1241/2378 3221/1236/2376 3220/1237/2375
f 1068/1402/2334 1101/1436/2374 1102/1437/2379
f 1101/1436/2374 1100/1435/2373 1102/1437/2379
f 1102/1437/2379 1100/1435/2373 1103/1438/2380
f 1100/1435/2373 1099/1434/2372 1103/1438/2380
f 3224/1234/2381 3225/1223/2368 3226/1221/2365
f 3223/1233/2382 3225/1223/2368 3224/1234/2381
f 3222/1235/2377 3223/1233/2382 3224/1234/2381
f 1072/1396/2328 1101/1436/2374 1070/1394/2326
f 1070/1394/2326 1101/1436/2374 1068/1402/2334
f 3221/1236/2376 3223/1233/2382 3222/1235/2377
f 1099/1434/2372 1098/1432/2364 1103/1438/2380
f 1098/1432/2364 1097/1431/2363 1103/1438/2380
f 3218/1240/2383 3219/1241/2378 3220/1237/2375
f 1103/1438/2380 1104/1439/2384 1102/1437/2379
f 1104/1439/2384 1105/1440/2385 1102/1437/2379
f 3215/1256/2386 3214/1255/2387 3216/1249/2388
f 1097/1431/2363 1104/1439/2384 1103/1438/2380
f 1102/1437/2379 1105/1440/2385 1068/1402/2334
f 1068/1402/2334 1105/1440/2385 1066/1388/2320
f 3211/1220/2369 3213/1257/2389 3212/1219/2370
f 1066/1388/2320 1105/1440/2385 1064/1393/2325
f 3217/1242/2390 3219/1241/2378 3218/1240/2383
f 1105/1440/2385 1104/1439/2384 1106/1441/2391
f 3216/1249/2388 3217/1242/2390 3218/1240/2383
f 1104/1439/2384 1107/1442/2392 1106/1441/2391
f 3214/1255/2387 3217/1242/2390 3216/1249/2388
f 1107/1442/2392 1108/1443/2393 1106/1441/2391
f 1064/1393/2325 1109/1444/2394 1062/1391/2323
f 3212/1219/2370 3214/1255/2387 3215/1256/2386
f 3213/1257/2389 3214/1255/2387 3212/1219/2370
f 1064/1393/2325 1105/1440/2385 1106/1441/2391
f 3167/1264/2395 3210/1265/2396 3166/1275/2397
f 1106/1441/2391 1108/1443/2393 1064/1393/2325
f 1108/1443/2393 1109/1444/2394 1064/1393/2325
f 1062/1391/2323 1109/1444/2394 1060/1385/2317
f 3209/1263/2398 3210/1265/2396 3167/1264/2395
f 1060/1385/2317 1109/1444/2394 1110/1445/2399
f 3204/1270/2400 3209/1263/2398 3167/1264/2395
f 1110/1445/2399 1109/1444/2394 1111/1446/2401
f 1112/1447/2402 1107/1442/2392 1113/1448/2403
f 3200/1276/2404 3199/1278/2405 3208/1277/2406
f 3207/1281/2407 3200/1276/2404 3208/1277/2406
f 1109/1444/2394 1108/1443/2393 1111/1446/2401
f 1111/1446/2401 1108/1443/2393 1112/1447/2402
f 1108/1443/2393 1107/1442/2392 1112/1447/2402
f 3206/1280/2408 3200/1276/2404 3207/1281/2407
f 1113/1448/2403 1114/1449/2409 1112/1447/2402
f 1112/1447/2402 1114/1449/2409 1111/1446/2401
f 1114/1449/2409 1115/1450/2410 1111/1446/2401
f 3205/1282/2411 3200/1276/2404 3206/1280/2408
f 1115/1450/2410 1116/1451/2412 1111/1446/2401
f 3203/1284/2413 3167/1264/2395 3168/1285/2414
f 3204/1270/2400 3167/1264/2395 3203/1284/2413
f 1110/1445/2399 1111/1446/2401 1116/1451/2412
f 1115/1450/2410 1114/1449/2409 1117/1452/2415
f 3201/1289/2416 3205/1282/2411 3203/1284/2413
f 1118/1453/2417 1119/1454/2418 1117/1452/2415
f 1117/1452/2415 1119/1454/2418 1120/1455/2419
f 3169/1290/2420 3201/1289/2416 3168/1285/2414
f 3205/1282/2411 3201/1289/2416 3200/1276/2404
f 3204/1270/2400 3203/1284/2413 3205/1282/2411
f 1114/1449/2409 1113/1448/2403 1117/1452/2415
f 1113/1448/2403 1118/1453/2417 1117/1452/2415
f 1119/1454/2418 1118/1453/2417 1121/1456/2421
f 3201/1289/2416 3203/1284/2413 3168/1285/2414
f 3202/1299/2422 3201/1289/2416 3169/1290/2420
f 3176/1302/2423 3202/1299/2422 3169/1290/2420
f 3183/1298/2424 3202/1299/2422 3176/1302/2423
f 3202/1299/2422 3183/1298/2424 3196/1297/2425
f 1120/1455/2419 1115/1450/2410 1117/1452/2415
f 3197/1305/2426 3200/1276/2404 3196/1297/2425
f 3199/1278/2405 3200/1276/2404 3197/1305/2426
f 1121/1456/2421 1118/1453/2417 1122/1457/2427
f 1122/1457/2427 1118/1453/2417 1123/1458/2428
f 1118/1453/2417 1113/1448/2403 1124/1459/2429
f 1124/1459/2429 1113/1448/2403 1095/1433/2371
f 1113/1448/2403 1107/1442/2392 1095/1433/2371
f 1125/1460/2430 1104/1439/2384 1097/1431/2363
f 3201/1289/2416 3202/1299/2422 3196/1297/2425
f 3200/1276/2404 3201/1289/2416 3196/1297/2425
f 1123/1458/2428 1118/1453/2417 1124/1459/2429
f 3198/1307/2431 3199/1278/2405 3197/1305/2426
f 1095/1433/2371 1107/1442/2392 1125/1460/2430
f 1107/1442/2392 1104/1439/2384 1125/1460/2430
f 3193/1306/2432 3198/1307/2431 3197/1305/2426
f 3194/1308/2433 3193/1306/2432 3197/1305/2426
f 1097/1431/2363 1096/1430/2362 1125/1460/2430
f 1125/1460/2430 1096/1430/2362 1095/1433/2371
f 3196/1297/2425 3183/1298/2424 3195/1317/2434
f 3195/1317/2434 3194/1308/2433 3197/1305/2426
f 1095/1433/2371 1094/1427/2359 1124/1459/2429
f 3196/1297/2425 3195/1317/2434 3197/1305/2426
f 1126/1461/2435 1094/1427/2359 1127/1462/2436
f 3185/1315/2437 3195/1317/2434 3183/1298/2424
f 3194/1308/2433 3195/1317/2434 3185/1315/2437
f 3187/1316/2438 3194/1308/2433 3185/1315/2437
f 1094/1427/2359 1126/1461/2435 1124/1459/2429
f 3193/1306/2432 3194/1308/2433 3191/1325/2439
f 3192/1326/2440 3193/1306/2432 3191/1325/2439
f 3190/1327/2441 3192/1326/2440 3191/1325/2439
f 1124/1459/2429 1126/1461/2435 1123/1458/2428
f 3187/1316/2438 3188/1336/2442 3189/1330/2443
f 3190/1327/2441 3187/1316/2438 3189/1330/2443
f 3191/1325/2439 3187/1316/2438 3190/1327/2441
f 3194/1308/2433 3187/1316/2438 3191/1325/2439
f 1094/1427/2359 1093/1426/2358 1127/1462/2436
f 1132/1463/2444 1133/1464/2445 1134/1465/2446
f 1133/1464/2445 1135/1466/2447 1134/1465/2446
f 3186/1337/2448 3188/1336/2442 3187/1316/2438
f 3185/1315/2437 3186/1337/2448 3187/1316/2438
f 1128/1467/2449 1129/1468/2450 1130/1469/2451
f 1129/1468/2450 1131/1470/2452 1130/1469/2451
f 1130/1469/2451 1131/1470/2452 1132/1463/2444
f 1131/1470/2452 1133/1464/2445 1132/1463/2444
f 3183/1298/2424 3184/1342/2453 3185/1315/2437
f 1136/1471/2454 1137/1472/2455 1138/1473/2456
f 3177/1347/2457 3182/1345/2458 3176/1302/2423
f 1137/1472/2455 1140/1474/2459 1139/1475/2460
f 3184/1342/2453 3186/1337/2448 3185/1315/2437
f 3182/1345/2458 3184/1342/2453 3183/1298/2424
f 1138/1473/2456 1137/1472/2455 1139/1475/2460
f 3176/1302/2423 3182/1345/2458 3183/1298/2424
f 3149/1428/2461 3180/1354/2462 3181/1418/2463
f 1142/1476/2464 1144/1477/2465 1143/1478/2466
f 1143/1478/2466 1144/1477/2465 1145/1479/2467
f 1144/1477/2465 1146/1480/2468 1145/1479/2467
f 3149/1428/2461 3181/1418/2463 3151/1421/2469
f 1141/1481/2470 1142/1476/2464 1143/1478/2466
f 3173/1355/2471 3181/1418/2463 3180/1354/2462
f 3179/1353/2472 3173/1355/2471 3180/1354/2462
f 1147/1482/2473 1148/1483/2474 1149/1484/2475
f 1148/1483/2474 1150/1485/2476 1149/1484/2475
f 1149/1484/2475 1150/1485/2476 1151/1486/2477
f 1150/1485/2476 1152/1487/2478 1151/1486/2477
f 1151/1486/2477 1152/1487/2478 1153/1488/2479
f 1152/1487/2478 1154/1489/2480 1153/1488/2479
f 3175/1349/2481 3174/1350/2482 3178/1348/2483
f 3181/1418/2463 3154/1401/2484 3151/1421/2469
f 3173/1355/2471 3154/1401/2484 3181/1418/2463
f 1153/1488/2479 1154/1489/2480 1155/1490/2485
f 1154/1489/2480 1156/1491/2486 1155/1490/2485
f 3174/1350/2482 3173/1355/2471 3179/1353/2472
f 3178/1348/2483 3174/1350/2482 3179/1353/2472
f 1155/1490/2485 1156/1491/2486 1157/1492/2487
f 1156/1491/2486 1158/1493/2488 1157/1492/2487
f 1159/1494/2489 1160/1495/2490 1161/1496/2491
f 1160/1495/2490 1162/1497/2492 1161/1496/2491
f 3175/1349/2481 3178/1348/2483 3177/1347/2457
f 3176/1302/2423 3175/1349/2481 3177/1347/2457
f 3169/1290/2420 3175/1349/2481 3176/1302/2423
f 3170/1359/2493 3175/1349/2481 3169/1290/2420
f 1161/1496/2491 1162/1497/2492 1163/1498/2494
f 1162/1497/2492 1164/1499/2495 1163/1498/2494
f 1163/1498/2494 1164/1499/2495 1165/1500/2496
f 1164/1499/2495 1166/1501/2497 1165/1500/2496
f 1165/1500/2496 1166/1501/2497 1167/1502/2498
f 1166/1501/2497 1168/1503/2499 1167/1502/2498
f 3174/1350/2482 3175/1349/2481 3170/1359/2493
f 3171/1365/2500 3174/1350/2482 3170/1359/2493
f 3173/1355/2471 3174/1350/2482 3171/1365/2500
f 3172/1364/2501 3173/1355/2471 3171/1365/2500
f 3159/1373/2502 3170/1359/2493 3162/1375/2503
f 3171/1365/2500 3170/1359/2493 3159/1373/2502
f 1171/1504/2504 1172/1505/2505 1170/1506/2506
f 1170/1506/2506 1172/1505/2505 1173/1507/2507
f 3154/1401/2484 3173/1355/2471 3172/1364/2501
f 3155/1366/2508 3154/1401/2484 3172/1364/2501
f 1169/1508/2509 1171/1504/2504 1170/1506/2506
f 3171/1365/2500 3155/1366/2508 3172/1364/2501
f 3159/1373/2502 3155/1366/2508 3171/1365/2500
f 1174/1509/2510 1176/1510/2511 1175/1511/2512
f 1176/1510/2511 1177/1512/2513 1175/1511/2512
f 1178/1513/2514 1180/1514/2515 1179/1515/2516
f 1179/1515/2516 1180/1514/2515 1181/1516/2517
f 1180/1514/2515 1182/1517/2518 1181/1516/2517
f 3164/1378/2519 3162/1375/2503 3167/1264/2395
f 3166/1275/2397 3164/1378/2519 3167/1264/2395
f 3165/1380/2520 3164/1378/2519 3166/1275/2397
f 3163/1381/2521 3164/1378/2519 3165/1380/2520
f 3162/1375/2503 3170/1359/2493 3169/1290/2420
f 1177/1512/2513 1178/1513/2514 1175/1511/2512
f 1175/1511/2512 1178/1513/2514 1179/1515/2516
f 1183/1518/2522 1184/1519/2523 1185/1520/2524
f 1184/1519/2523 1186/1521/2525 1185/1520/2524
f 1185/1520/2524 1186/1521/2525 1187/1522/2526
f 3168/1285/2414 3162/1375/2503 3169/1290/2420
f 3167/1264/2395 3162/1375/2503 3168/1285/2414
f 1181/1516/2517 1182/1517/2518 1183/1518/2522
f 1182/1517/2518 1184/1519/2523 1183/1518/2522
f 1187/1522/2526 1186/1521/2525 1188/1523/2527
f 1186/1521/2525 1189/1524/2528 1188/1523/2527
f 3159/1373/2502 3162/1375/2503 3161/1382/2529
f 1189/1524/2528 1190/1525/2530 1188/1523/2527
f 3162/1375/2503 3164/1378/2519 3163/1381/2521
f 3161/1382/2529 3162/1375/2503 3163/1381/2521
f 1193/1526/2531 1192/1527/2532 1194/1528/2533
f 3160/1389/2534 3159/1373/2502 3161/1382/2529
f 3158/1390/2535 3159/1373/2502 3160/1389/2534
f 3155/1366/2508 3159/1373/2502 3158/1390/2535
f 1191/1529/2536 1192/1527/2532 1193/1526/2531
f 3157/1411/2537 3155/1366/2508 3158/1390/2535
f 1192/1527/2532 1195/1530/2538 1194/1528/2533
f 1196/1531/2539 1197/1532/2540 1198/1533/2541
f 1197/1532/2540 1199/1534/2542 1198/1533/2541
f 3155/1366/2508 3157/1411/2537 3156/1400/2543
f 3153/1399/2544 3155/1366/2508 3156/1400/2543
f 1198/1533/2541 1199/1534/2542 1200/1535/2545
f 1199/1534/2542 1201/1536/2546 1200/1535/2545
f 3154/1401/2484 3155/1366/2508 3153/1399/2544
f 1201/1536/2546 1202/1537/2547 1200/1535/2545
f 1200/1535/2545 1202/1537/2547 1203/1538/2548
f 1202/1537/2547 1204/1539/2549 1203/1538/2548
f 1204/1539/2549 1206/1540/2550 1205/1541/2551
f 1205/1541/2551 1206/1540/2550 1207/1542/2552
f 1207/1542/2552 1208/1543/2553 1209/1544/2554
f 3151/1421/2469 3154/1401/2484 3153/1399/2544
f 3152/1424/2555 3151/1421/2469 3153/1399/2544
f 3150/1425/2556 3151/1421/2469 3152/1424/2555
f 3149/1428/2461 3151/1421/2469 3150/1425/2556
f 1203/1538/2548 1204/1539/2549 1205/1541/2551
f 1206/1540/2550 1208/1543/2553 1207/1542/2552
f 3146/1545/2557 3147/1546/2558 3148/1547/2559
f 3145/1548/2560 3147/1546/2558 3146/1545/2557
f 3140/1549/2561 3144/1550/2562 3119/1551/2563
f 1210/1054/2564 1212/1056/2565 1211/1055/2566
f 3141/1552/2567 3142/1553/2568 3140/1549/2561
f 3139/1554/2569 3141/1552/2567 3140/1549/2561
f 1211/1055/2566 1212/1056/2565 1213/1058/2570
f 1212/1056/2565 1214/1059/2571 1213/1058/2570
f 3143/1555/2572 3144/1550/2562 3140/1549/2561
f 3142/1553/2568 3143/1555/2572 3140/1549/2561
f 1215/1054/2573 1216/1067/2574 1212/1056/2575
f 3119/1551/2563 3139/1554/2569 3140/1549/2561
f 1216/1067/2576 1217/1054/2577 1218/1138/2578
f 1220/1137/2579 1221/1077/2580 1222/1132/2581
f 1222/1132/2581 1223/1080/2582 1224/1130/2583
f 3119/1551/2563 3138/1556/2584 3139/1554/2569
f 3137/1557/2585 3138/1556/2584 3119/1551/2563
f 3133/1558/2586 3137/1557/2585 3119/1551/2563
f 3136/1559/2587 3137/1557/2585 3133/1558/2586
f 1217/1054/2577 1219/1074/2588 1218/1138/2578
f 1218/1138/2578 1219/1074/2588 1220/1137/2579
f 1219/1074/2588 1221/1077/2580 1220/1137/2579
f 1221/1077/2580 1223/1080/2582 1222/1132/2581
f 3135/1560/2589 3136/1559/2587 3133/1558/2586
f 3134/1561/2590 3135/1560/2589 3133/1558/2586
f 1225/1129/2591 1223/1080/2582 1226/1128/2592
f 1227/1087/2593 1229/1103/2594 1228/1117/2595
f 3132/1562/2596 3134/1561/2590 3133/1558/2586
f 1224/1130/2583 1223/1080/2582 1225/1129/2591
f 1223/1080/2582 1227/1087/2593 1226/1128/2592
f 1226/1128/2592 1227/1087/2593 1228/1117/2595
f 3119/1551/2563 3132/1562/2596 3133/1558/2586
f 1231/1082/2597 1227/1087/2593 1223/1080/2582
f 3131/1563/2598 3132/1562/2596 3119/1551/2563
f 3130/1564/2599 3131/1563/2598 3119/1551/2563
f 3129/1565/2600 3130/1564/2599 3119/1551/2563
f 3128/1566/2601 3129/1565/2600 3119/1551/2563
f 1230/1081/2602 1231/1082/2597 1223/1080/2582
f 3127/1567/2603 3128/1566/2601 3119/1551/2563
f 3126/1568/2604 3127/1567/2603 3119/1551/2563
f 1230/1081/2602 1223/1080/2582 1232/1079/2605
f 1233/1078/2606 1221/1077/2580 1234/1076/2607
f 1221/1077/2580 1219/1074/2588 1234/1076/2607
f 1234/1076/2607 1219/1074/2588 1235/1075/2608
f 1219/1074/2588 1236/1071/2609 1235/1075/2608
f 1223/1080/2582 1221/1077/2580 1232/1079/2605
f 1232/1079/2605 1221/1077/2580 1233/1078/2606
f 3119/1551/2563 3125/1569/2610 3126/1568/2604
f 3124/1570/2611 3125/1569/2610 3119/1551/2563
f 3123/1571/2612 3124/1570/2611 3119/1551/2563
f 3122/1572/2613 3123/1571/2612 3119/1551/2563
f 3121/1573/2614 3122/1572/2613 3119/1551/2563
f 1237/1093/2615 1235/1075/2608 1236/1071/2609
f 3120/1574/2616 3121/1573/2614 3119/1551/2563
f 3118/1575/2617 3120/1574/2616 3119/1551/2563
f 3117/1576/2618 3089/1577/2619 3087/1578/2620
f 1219/1074/2588 1238/1054/2621 1236/1071/2609
f 1238/1054/2621 1211/1055/2622 1236/1071/2609
f 3091/1579/2623 3089/1577/2619 3117/1576/2618
f 3116/1580/2624 3091/1579/2623 3117/1576/2618
f 3098/1581/2625 3094/1582/2626 3116/1580/2624
f 3114/1583/2627 3098/1581/2625 3116/1580/2624
f 3101/1584/2628 3098/1581/2625 3114/1583/2627
f 3109/1585/2629 3106/1586/2630 3115/1587/2631
f 1227/1087/2593 1239/1088/2632 1240/1089/2633
f 1240/1089/2633 1241/1090/2634 1242/1091/2635
f 1241/1090/2634 1243/1100/2636 1242/1091/2635
f 3094/1582/2626 3091/1579/2623 3116/1580/2624
f 1231/1082/2597 1239/1088/2632 1227/1087/2593
f 1239/1088/2632 1241/1090/2634 1240/1089/2633
f 3113/1588/2637 3101/1584/2628 3114/1583/2627
f 3115/1587/2631 3106/1586/2630 3113/1588/2637
f 1242/1091/2635 1244/1106/2638 1240/1089/2633
f 1244/1106/2638 1245/1102/2639 1240/1089/2633
f 1246/1103/2640 1245/1102/2639 1247/1107/2641
f 1247/1107/2641 1245/1102/2639 1244/1106/2638
f 3104/1589/2642 3101/1584/2628 3113/1588/2637
f 3106/1586/2630 3104/1589/2642 3113/1588/2637
f 3107/1590/2643 3105/1591/2644 3106/1586/2630
f 3108/1592/2645 3107/1590/2643 3106/1586/2630
f 1245/1102/2639 1246/1103/2640 1240/1089/2633
f 1246/1103/2640 1227/1087/2593 1240/1089/2633
f 3109/1585/2629 3112/1593/2646 3111/1594/2647
f 3110/1595/2648 3109/1585/2629 3111/1594/2647
f 3108/1592/2645 3109/1585/2629 3110/1595/2648
f 3106/1586/2630 3109/1585/2629 3108/1592/2645
f 3104/1589/2642 3106/1586/2630 3105/1591/2644
f 1246/1103/2640 1247/1107/2641 1248/1115/2649
f 3103/1596/2650 3104/1589/2642 3105/1591/2644
f 3101/1584/2628 3104/1589/2642 3103/1596/2650
f 3102/1597/2651 3101/1584/2628 3103/1596/2650
f 3100/1598/2652 3101/1584/2628 3102/1597/2651
f 1249/1103/2653 1248/1115/2654 1228/1117/2655
f 3098/1581/2625 3101/1584/2628 3100/1598/2652
f 1248/1115/2654 1251/1119/2656 1250/1118/2657
f 1251/1119/2656 1253/1121/2658 1252/1120/2659
f 1228/1117/2655 1248/1115/2654 1250/1118/2657
f 1250/1118/2657 1251/1119/2656 1252/1120/2659
f 3099/1599/2660 3098/1581/2625 3100/1598/2652
f 3097/1600/2661 3098/1581/2625 3099/1599/2660
f 1254/1142/2662 1255/1144/2663 1256/1143/2664
f 3094/1582/2626 3098/1581/2625 3097/1600/2661
f 1256/1143/2664 1255/1144/2663 1257/1145/2665
f 3096/1601/2666 3094/1582/2626 3097/1600/2661
f 1257/1145/2665 1255/1144/2663 1258/1148/2667
f 3095/1602/2668 3094/1582/2626 3096/1601/2666
f 1258/1148/2667 1255/1144/2663 1259/1150/2669
f 3093/1603/2670 3094/1582/2626 3095/1602/2668
f 1259/1150/2669 1255/1144/2663 1260/1151/2671
f 3091/1579/2623 3094/1582/2626 3093/1603/2670
f 1260/1151/2671 1255/1144/2663 1261/1152/2672
f 1255/1144/2663 1262/1153/2673 1261/1152/2672
f 3092/1604/2674 3091/1579/2623 3093/1603/2670
f 3090/1605/2675 3091/1579/2623 3092/1604/2674
f 3089/1577/2619 3091/1579/2623 3090/1605/2675
f 3088/1606/2676 3089/1577/2619 3090/1605/2675
f 1262/1153/2673 1255/1144/2663 1263/1157/2677
f 1255/1144/2663 1264/1158/2678 1263/1157/2677
f 3087/1578/2620 3089/1577/2619 3088/1606/2676
f 3086/1607/2679 3087/1578/2620 3088/1606/2676
f 1265/1165/2680 1266/1167/2681 1267/1166/2682
f 1266/1167/2681 1268/1168/2683 1267/1166/2682
f 1267/1166/2682 1268/1168/2683 1269/1169/2684
f 1269/1169/2684 1268/1168/2683 1270/1170/2685
f 1268/1168/2683 1271/1171/2686 1270/1170/2685
f 1270/1170/2685 1271/1171/2686 1272/1172/2687
f 1271/1171/2686 1273/1174/2688 1272/1172/2687
f 3085/1608/2689 3087/1578/2620 3086/1607/2679
f 3084/1609/2690 3085/1608/2689 3086/1607/2679
f 3082/1610/2691 3085/1608/2689 3084/1609/2690
f 1272/1172/2687 1273/1174/2688 1274/1177/2692
f 3079/1611/2693 3080/1612/2694 3081/1613/2695
f 3078/1614/2696 3080/1612/2694 3079/1611/2693
f 1273/1174/2688 1275/1178/2697 1274/1177/2692
f 3076/1615/2698 3078/1614/2696 3077/1616/2699
f 3082/1610/2691 3084/1609/2690 3083/1617/2700
f 3081/1613/2695 3082/1610/2691 3083/1617/2700
f 3080/1612/2694 3082/1610/2691 3081/1613/2695
f 1276/1191/2701 1277/1192/2702 1278/1183/2703
f 1277/1192/2702 1279/1185/2704 1278/1183/2703
f 1280/1184/2705 1281/1186/2706 1282/1187/2707
f 1281/1186/2706 1283/1188/2708 1282/1187/2707
f 1282/1187/2707 1283/1188/2708 1284/1189/2709
f 3077/1616/2699 3078/1614/2696 3079/1611/2693
f 3071/1549/2710 3075/1552/2711 3070/1554/2712
f 1278/1183/2703 1279/1185/2704 1280/1184/2705
f 1279/1185/2704 1281/1186/2706 1280/1184/2705
f 3074/1553/2713 3075/1552/2711 3071/1549/2710
f 3073/1555/2714 3074/1553/2713 3071/1549/2710
f 1285/1201/2715 1284/1189/2709 1286/1203/2716
f 1284/1189/2709 1287/1193/2717 1286/1203/2716
f 1287/1193/2717 1289/1195/2718 1288/1194/2719
f 1288/1194/2719 1289/1195/2718 1290/1196/2720
f 3072/1550/2721 3073/1555/2714 3071/1549/2710
f 3050/1551/2722 3072/1550/2721 3071/1549/2710
f 1282/1187/2707 1284/1189/2709 1285/1201/2715
f 1286/1203/2716 1287/1193/2717 1288/1194/2719
f 1289/1195/2718 1291/1204/2723 1290/1196/2720
f 1290/1196/2720 1292/1206/2724 1293/1205/2725
f 3070/1554/2712 3050/1551/2722 3071/1549/2710
f 3069/1556/2726 3050/1551/2722 3070/1554/2712
f 1291/1204/2723 1292/1206/2724 1290/1196/2720
f 1292/1206/2724 1294/1207/2727 1293/1205/2725
f 3067/1559/2728 3064/1558/2729 3068/1557/2730
f 1296/1212/2731 1298/1213/2732 1297/1211/2733
f 1297/1211/2733 1298/1213/2732 1299/1214/2734
f 1298/1213/2732 1300/1215/2735 1299/1214/2734
f 1300/1215/2735 1301/99/2736 1299/1214/2734
f 1299/1214/2734 1301/99/2736 1302/1216/2737
f 1301/99/2736 1303/1217/2738 1302/1216/2737
f 3068/1557/2730 3050/1551/2722 3069/1556/2726
f 3064/1558/2729 3050/1551/2722 3068/1557/2730
f 1295/1210/2739 1296/1212/2731 1297/1211/2733
f 3066/1560/2740 3064/1558/2729 3067/1559/2728
f 3065/1561/2741 3064/1558/2729 3066/1560/2740
f 3063/1562/2742 3064/1558/2729 3065/1561/2741
f 1304/97/2743 1303/1217/2738 1301/99/2736
f 3060/1565/2744 3050/1551/2722 3061/1564/2745
f 3057/1568/2746 3050/1551/2722 3058/1567/2747
f 1307/1230/2748 1309/1224/2749 1308/1231/2750
f 1308/1231/2750 1309/1224/2749 1310/1225/2751
f 1309/1224/2749 1311/1226/2752 1310/1225/2751
f 1310/1225/2751 1311/1226/2752 1312/1227/2753
f 1311/1226/2752 1313/1232/2754 1312/1227/2753
f 3050/1551/2722 3064/1558/2729 3063/1562/2742
f 3062/1563/2755 3050/1551/2722 3063/1562/2742
f 3061/1564/2745 3050/1551/2722 3062/1563/2755
f 1305/1228/2756 1307/1230/2748 1306/1229/2757
f 3059/1566/2758 3050/1551/2722 3060/1565/2744
f 1306/1229/2757 1307/1230/2748 1308/1231/2750
f 3058/1567/2747 3050/1551/2722 3059/1566/2758
f 3056/1569/2759 3050/1551/2722 3057/1568/2746
f 1312/1227/2753 1313/1232/2754 1314/1238/2760
f 1313/1232/2754 1315/1239/2761 1314/1238/2760
f 3053/1572/2762 3050/1551/2722 3054/1571/2763
f 3051/1574/2764 3050/1551/2722 3052/1573/2765
f 1316/1243/2766 1317/1245/2767 1318/1244/2768
f 3049/1575/2769 3050/1551/2722 3051/1574/2764
f 1318/1244/2768 1317/1245/2767 1319/1246/2770
f 1317/1245/2767 1320/1247/2771 1319/1246/2770
f 1319/1246/2770 1320/1247/2771 1321/1248/2772
f 1320/1247/2771 1322/1247/2773 1321/1248/2772
f 1321/1248/2772 1323/1250/2774 1324/1251/2775
f 3055/1570/2776 3050/1551/2722 3056/1569/2759
f 3054/1571/2763 3050/1551/2722 3055/1570/2776
f 3052/1573/2765 3050/1551/2722 3053/1572/2762
f 1322/1247/2773 1323/1250/2774 1321/1248/2772
f 1324/1251/2775 1325/1258/2777 1326/1259/2778
f 1325/1258/2777 1327/1260/2779 1326/1259/2778
f 1326/1259/2778 1327/1260/2779 1328/1261/2780
f 1327/1260/2779 1329/1252/2781 1328/1261/2780
f 1328/1261/2780 1329/1252/2781 1330/1253/2782
f 1329/1252/2781 1331/1254/2783 1330/1253/2782
f 3048/1576/2784 3018/1578/2785 3020/1577/2786
f 1323/1250/2774 1325/1258/2777 1324/1251/2775
f 3022/1579/2787 3048/1576/2784 3020/1577/2786
f 3047/1580/2788 3048/1576/2784 3022/1579/2787
f 3025/1582/2789 3047/1580/2788 3022/1579/2787
f 3029/1581/2790 3047/1580/2788 3025/1582/2789
f 3045/1583/2791 3047/1580/2788 3029/1581/2790
f 1331/1254/2783 1332/1262/2792 1330/1253/2782
f 3032/1584/2793 3045/1583/2791 3029/1581/2790
f 3046/1587/2794 3044/1588/2795 3037/1586/2796
f 1333/1279/2797 1334/1268/2798 1335/1266/2799
f 1335/1266/2799 1334/1268/2798 1336/1267/2800
f 1334/1268/2798 1337/1269/2801 1336/1267/2800
f 1336/1267/2800 1337/1269/2801 1338/1271/2802
f 1338/1271/2802 1337/1269/2801 1339/1272/2803
f 1337/1269/2801 1340/1273/2804 1339/1272/2803
f 3035/1589/2805 3044/1588/2795 3032/1584/2793
f 3037/1586/2796 3044/1588/2795 3035/1589/2805
f 1339/1272/2803 1340/1273/2804 1341/1274/2806
f 3040/1585/2807 3046/1587/2794 3037/1586/2796
f 3044/1588/2795 3045/1583/2791 3032/1584/2793
f 1342/1283/2808 1341/1274/2806 1340/1273/2804
f 3038/1590/2809 3037/1586/2796 3036/1591/2810
f 1343/1286/2811 1345/1288/2812 1344/1287/2813
f 1345/1288/2812 1347/1292/2814 1346/1291/2815
f 3040/1585/2807 3037/1586/2796 3039/1592/2816
f 3041/1595/2817 3040/1585/2807 3039/1592/2816
f 3042/1594/2818 3040/1585/2807 3041/1595/2817
f 1341/1274/2806 1343/1286/2811 1339/1272/2803
f 3040/1585/2807 3042/1594/2818 3043/1593/2819
f 1339/1272/2803 1343/1286/2811 1344/1287/2813
f 1344/1287/2813 1345/1288/2812 1346/1291/2815
f 3038/1590/2809 3039/1592/2816 3037/1586/2796
f 1348/1296/2820 1349/1293/2821 1344/1287/2813
f 1344/1287/2813 1349/1293/2821 1339/1272/2803
f 1349/1293/2821 1350/1294/2822 1338/1271/2802
f 3035/1589/2805 3036/1591/2810 3037/1586/2796
f 3034/1596/2823 3036/1591/2810 3035/1589/2805
f 3032/1584/2793 3034/1596/2823 3035/1589/2805
f 3033/1597/2824 3034/1596/2823 3032/1584/2793
f 1346/1291/2815 1348/1296/2820 1344/1287/2813
f 1339/1272/2803 1349/1293/2821 1338/1271/2802
f 1338/1271/2802 1350/1294/2822 1336/1267/2800
f 1350/1294/2822 1351/1295/2825 1336/1267/2800
f 1336/1267/2800 1351/1295/2825 1335/1266/2799
f 1335/1266/2799 1351/1295/2825 1352/1303/2826
f 3030/1599/2827 3031/1598/2828 3029/1581/2790
f 1352/1303/2826 1351/1295/2825 1353/1300/2829
f 1351/1295/2825 1350/1294/2822 1353/1300/2829
f 1353/1300/2829 1350/1294/2822 1354/1301/2830
f 3028/1600/2831 3030/1599/2827 3029/1581/2790
f 1352/1303/2826 1353/1300/2829 1355/1304/2832
f 3031/1598/2828 3033/1597/2824 3032/1584/2793
f 3029/1581/2790 3031/1598/2828 3032/1584/2793
f 1350/1294/2822 1349/1293/2821 1354/1301/2830
f 1354/1301/2830 1349/1293/2821 1348/1296/2820
f 3027/1601/2833 3028/1600/2831 3025/1582/2789
f 3021/1605/2834 3023/1604/2835 3022/1579/2787
f 3025/1582/2789 3028/1600/2831 3029/1581/2790
f 3026/1602/2836 3027/1601/2833 3025/1582/2789
f 3024/1603/2837 3026/1602/2836 3025/1582/2789
f 3022/1579/2787 3024/1603/2837 3025/1582/2789
f 3023/1604/2835 3024/1603/2837 3022/1579/2787
f 3020/1577/2786 3021/1605/2834 3022/1579/2787
f 1356/1309/2838 1357/1311/2839 1358/1310/2840
f 1357/1311/2839 1359/1312/2841 1358/1310/2840
f 1358/1310/2840 1359/1312/2841 1362/1314/2842
f 3019/1606/2843 3021/1605/2834 3020/1577/2786
f 1362/1314/2842 1359/1312/2841 1361/1313/2844
f 3018/1578/2785 3019/1606/2843 3020/1577/2786
f 1361/1313/2844 1359/1312/2841 1360/1318/2845
f 1359/1312/2841 1357/1311/2839 1360/1318/2845
f 3016/1608/2846 3017/1607/2847 3018/1578/2785
f 3015/1609/2848 3017/1607/2847 3016/1608/2846
f 3013/1610/2849 3015/1609/2848 3016/1608/2846
f 1358/1310/2840 1362/1314/2842 1363/1319/2850
f 1363/1319/2850 1364/1320/2851 1365/1328/2852
f 1365/1328/2852 1364/1320/2851 1366/1329/2853
f 1364/1320/2851 1367/1321/2854 1366/1329/2853
f 1366/1329/2853 1367/1321/2854 1368/1322/2855
f 1367/1321/2854 1369/1323/2856 1368/1322/2855
f 3017/1607/2847 3019/1606/2843 3018/1578/2785
f 1362/1314/2842 1364/1320/2851 1363/1319/2850
f 1369/1323/2856 1370/1324/2857 1368/1322/2855
f 1370/1324/2857 1372/1335/2858 1371/1331/2859
f 3012/1613/2860 3014/1617/2861 3013/1610/2849
f 3011/1612/2862 3012/1613/2860 3013/1610/2849
f 3010/1611/2863 3012/1613/2860 3011/1612/2862
f 1368/1322/2855 1370/1324/2857 1371/1331/2859
f 3008/1614/2864 3010/1611/2863 3011/1612/2862
f 1371/1331/2859 1372/1335/2858 1373/1332/2865
f 1372/1335/2858 1374/1334/2866 1373/1332/2865
f 1373/1332/2865 1374/1334/2866 1375/1333/2867
f 3009/1616/2868 3010/1611/2863 3008/1614/2864
f 3007/1615/2869 3009/1616/2868 3008/1614/2864
f 3013/1610/2849 3014/1617/2861 3015/1609/2848
f 1374/1334/2866 1372/1335/2858 1376/1341/2870
f 1376/1341/2870 1372/1335/2858 1377/1338/2871
f 1370/1324/2857 1369/1323/2856 1377/1338/2871
f 1372/1335/2858 1370/1324/2857 1377/1338/2871
f 1377/1338/2871 1369/1323/2856 1378/1339/2872
f 3004/855/2873 3005/1618/2874 3006/857/2875
f 1378/1339/2872 1369/1323/2856 1379/1340/2876
f 1369/1323/2856 1367/1321/2854 1379/1340/2876
f 1367/1321/2854 1364/1320/2851 1380/1343/2877
f 3003/1619/2878 3005/1618/2874 3004/855/2873
f 1364/1320/2851 1362/1314/2842 1380/1343/2877
f 3002/856/2879 3003/1619/2878 3004/855/2873
f 1362/1314/2842 1381/1344/2880 1380/1343/2877
f 3001/1620/2881 3003/1619/2878 3002/856/2879
f 2998/1621/2882 3000/1622/2883 2999/853/2884
f 1379/1340/2876 1367/1321/2854 1380/1343/2877
f 2996/1623/2885 2998/1621/2882 2997/854/2886
f 1381/1344/2880 1382/1351/2887 1380/1343/2877
f 1380/1343/2877 1382/1351/2887 1379/1340/2876
f 1382/1351/2887 1383/1356/2888 1379/1340/2876
f 1384/1357/2889 1385/1358/2890 1386/1363/2891
f 2999/853/2884 3001/1620/2881 3002/856/2879
f 1386/1363/2891 1385/1358/2890 1387/1362/2892
f 3000/1622/2883 3001/1620/2881 2999/853/2884
f 2997/854/2886 2998/1621/2882 2999/853/2884
f 1379/1340/2876 1383/1356/2888 1384/1357/2889
f 1384/1357/2889 1383/1356/2888 1385/1358/2890
f 2995/858/2893 2996/1623/2885 2997/854/2886
f 1385/1358/2890 1388/1361/2894 1387/1362/2892
f 1388/1361/2894 1389/1360/2895 1387/1362/2892
f 2992/849/2896 2994/857/2897 2993/1624/2898
f 2991/1625/2899 2992/849/2896 2993/1624/2898
f 2990/850/2900 2992/849/2896 2991/1625/2899
f 2989/1626/2901 2990/850/2900 2991/1625/2899
f 1388/1361/2894 1385/1358/2890 1390/1367/2902
f 1385/1358/2890 1383/1356/2888 1390/1367/2902
f 1391/1368/2903 1393/1370/2904 1392/1369/2905
f 1392/1369/2905 1393/1370/2904 1394/1371/2906
f 1393/1370/2904 1395/1372/2907 1394/1371/2906
f 2987/1627/2908 2986/851/2909 2988/1628/2910
f 2985/852/2911 2986/851/2909 2984/1629/2912
f 1396/1374/2913 1394/1371/2906 1395/1372/2907
f 1392/1369/2905 1390/1367/2902 1391/1368/2903
f 1390/1367/2902 1383/1356/2888 1391/1368/2903
f 2986/851/2909 2990/850/2900 2989/1626/2901
f 1383/1356/2888 1397/1377/2914 1391/1368/2903
f 2988/1628/2910 2986/851/2909 2989/1626/2901
f 1391/1368/2903 1398/1376/2915 1393/1370/2904
f 2984/1629/2912 2986/851/2909 2987/1627/2908
f 2983/858/2916 2985/852/2911 2984/1629/2912
f 1395/1372/2907 1393/1370/2904 1398/1376/2915
f 1398/1376/2915 1391/1368/2903 1397/1377/2914
f 2980/867/2917 2981/1630/2918 2982/869/2919
f 1383/1356/2888 1382/1351/2887 1397/1377/2914
f 1382/1351/2887 1399/1352/2920 1397/1377/2914
f 1397/1377/2914 1399/1352/2920 1398/1376/2915
f 2978/868/2921 2979/1631/2922 2980/867/2917
f 2979/1631/2922 2981/1630/2918 2980/867/2917
f 1399/1352/2920 1381/1344/2880 1401/1346/2923
f 2974/1632/2924 2976/1633/2925 2975/866/2926
f 1399/1352/2920 1400/1379/2927 1398/1376/2915
f 1398/1376/2915 1400/1379/2927 1395/1372/2907
f 2977/1634/2928 2979/1631/2922 2978/868/2921
f 2975/866/2926 2977/1634/2928 2978/868/2921
f 1382/1351/2887 1381/1344/2880 1399/1352/2920
f 1381/1344/2880 1362/1314/2842 1401/1346/2923
f 1401/1346/2923 1362/1314/2842 1361/1313/2844
f 2976/1633/2925 2977/1634/2928 2975/866/2926
f 2973/865/2929 2974/1632/2924 2975/866/2926
f 2972/1635/2930 2974/1632/2924 2973/865/2929
f 1402/1383/2931 1404/1385/2932 1403/1384/2933
f 2971/864/2934 2972/1635/2930 2973/865/2929
f 1403/1384/2933 1405/1391/2935 1406/1392/2936
f 1406/1392/2936 1407/1393/2937 1408/1386/2938
f 1407/1393/2937 1409/1388/2939 1408/1386/2938
f 2968/860/2940 2970/869/2941 2969/1636/2942
f 2967/1637/2943 2968/860/2940 2969/1636/2942
f 1404/1385/2932 1405/1391/2935 1403/1384/2933
f 1405/1391/2935 1407/1393/2937 1406/1392/2936
f 1408/1386/2938 1409/1388/2939 1410/1387/2944
f 1410/1387/2944 1411/1402/2945 1412/1403/2946
f 1414/1395/2947 1415/1396/2948 1416/1397/2949
f 1415/1396/2948 1417/1398/2950 1416/1397/2949
f 2966/861/2951 2968/860/2940 2967/1637/2943
f 2964/1638/2952 2962/863/2953 2965/1639/2954
f 1409/1388/2939 1411/1402/2945 1410/1387/2944
f 1411/1402/2945 1413/1394/2955 1412/1403/2946
f 1412/1403/2946 1413/1394/2955 1414/1395/2947
f 1413/1394/2955 1415/1396/2948 1414/1395/2947
f 1416/1397/2949 1417/1398/2950 1418/1404/2956
f 2961/1640/2957 2962/863/2953 2963/1641/2958
f 1418/1404/2956 1417/1398/2950 1419/1405/2959
f 1417/1398/2950 1420/1407/2960 1419/1405/2959
f 1419/1405/2959 1420/1407/2960 1421/1406/2961
f 1421/1406/2961 1422/1409/2962 1423/1408/2963
f 2965/1639/2954 2966/861/2951 2967/1637/2943
f 2962/863/2953 2966/861/2951 2965/1639/2954
f 1420/1407/2960 1422/1409/2962 1421/1406/2961
f 1422/1409/2962 1424/1410/2964 1423/1408/2963
f 1424/1410/2964 1426/1414/2965 1425/1412/2966
f 1426/1414/2965 1428/1415/2967 1427/1413/2968
f 2963/1641/2958 2962/863/2953 2964/1638/2952
f 1428/1415/2967 1429/1417/2969 1427/1413/2968
f 1429/1417/2969 1431/1419/2970 1430/1416/2971
f 2960/862/2972 2962/863/2953 2961/1640/2957
f 2959/864/2973 2960/862/2972 2961/1640/2957
f 1423/1408/2963 1424/1410/2964 1425/1412/2966
f 1425/1412/2966 1426/1414/2965 1427/1413/2968
f 1427/1413/2968 1429/1417/2969 1430/1416/2971
f 2879/1642/2974 2880/1643/2975 2913/1644/2976
f 1429/1417/2969 1432/1420/2977 1431/1419/2970
f 1431/1419/2970 1432/1420/2977 1433/1429/2978
f 2880/1643/2975 2881/1645/2979 2910/1646/2980
f 1434/1422/2981 1432/1420/2977 1435/1423/2982
f 2913/1644/2976 2880/1643/2975 2910/1646/2980
f 1436/1426/2983 1432/1420/2977 1437/1427/2984
f 2957/1647/2985 2913/1644/2976 2917/1648/2986
f 2879/1642/2974 2913/1644/2976 2957/1647/2985
f 1433/1429/2978 1432/1420/2977 1434/1422/2981
f 2878/1649/2987 2879/1642/2974 2957/1647/2985
f 2958/1650/2988 2919/1651/2989 2920/1652/2990
f 1435/1423/2982 1432/1420/2977 1436/1426/2983
f 2922/1653/2991 2958/1650/2988 2920/1652/2990
f 1432/1420/2977 1429/1417/2969 1437/1427/2984
f 2924/1654/2992 2958/1650/2988 2922/1653/2991
f 1429/1417/2969 1428/1415/2967 1437/1427/2984
f 1437/1427/2984 1428/1415/2967 1438/1433/2993
f 1428/1415/2967 1426/1414/2965 1439/1430/2994
f 1439/1430/2994 1426/1414/2965 1440/1431/2995
f 1426/1414/2965 1424/1410/2964 1440/1431/2995
f 2954/1655/2996 2919/1651/2989 2958/1650/2988
f 2953/1656/2997 2954/1655/2996 2958/1650/2988
f 2924/1654/2992 2953/1656/2997 2958/1650/2988
f 1438/1433/2993 1428/1415/2967 1439/1430/2994
f 1440/1431/2995 1424/1410/2964 1441/1432/2998
f 2927/1657/2999 2953/1656/2997 2924/1654/2992
f 1442/1434/3000 1417/1398/2950 1443/1435/3001
f 1443/1435/3001 1415/1396/2948 1444/1436/3002
f 1424/1410/2964 1422/1409/2962 1441/1432/2998
f 1422/1409/2962 1420/1407/2960 1441/1432/2998
f 1441/1432/2998 1420/1407/2960 1442/1434/3000
f 1420/1407/2960 1417/1398/2950 1442/1434/3000
f 1417/1398/2950 1415/1396/2948 1443/1435/3001
f 2917/1648/2986 2919/1651/2989 2955/1658/3003
f 1444/1436/3002 1445/1437/3004 1443/1435/3001
f 1445/1437/3004 1446/1438/3005 1443/1435/3001
f 1443/1435/3001 1446/1438/3005 1442/1434/3000
f 2878/1649/2987 2957/1647/2985 2956/1659/3006
f 2877/1660/3007 2878/1649/2987 2956/1659/3006
f 2948/1661/3008 2877/1660/3007 2956/1659/3006
f 1415/1396/2948 1413/1394/2955 1444/1436/3002
f 1413/1394/2955 1411/1402/2945 1444/1436/3002
f 2955/1658/3003 2919/1651/2989 2954/1655/2996
f 1411/1402/2945 1445/1437/3004 1444/1436/3002
f 1442/1434/3000 1446/1438/3005 1441/1432/2998
f 2957/1647/2985 2917/1648/2986 2955/1658/3003
f 1441/1432/2998 1446/1438/3005 1440/1431/2995
f 2956/1659/3006 2957/1647/2985 2955/1658/3003
f 1440/1431/2995 1446/1438/3005 1447/1439/3009
f 1446/1438/3005 1445/1437/3004 1447/1439/3009
f 1447/1439/3009 1445/1437/3004 1448/1440/3010
f 1445/1437/3004 1411/1402/2945 1448/1440/3010
f 1448/1440/3010 1409/1388/2939 1407/1393/2937
f 2949/1662/3011 2948/1661/3008 2956/1659/3006
f 2954/1655/2996 2949/1662/3011 2955/1658/3003
f 1411/1402/2945 1409/1388/2939 1448/1440/3010
f 2950/1663/3012 2949/1662/3011 2954/1655/2996
f 1407/1393/2937 1449/1441/3013 1448/1440/3010
f 1448/1440/3010 1449/1441/3013 1447/1439/3009
f 1449/1441/3013 1450/1442/3014 1447/1439/3009
f 1447/1439/3009 1451/1460/3015 1440/1431/2995
f 1440/1431/2995 1451/1460/3015 1439/1430/2994
f 2955/1658/3003 2949/1662/3011 2956/1659/3006
f 2953/1656/2997 2950/1663/3012 2954/1655/2996
f 1447/1439/3009 1450/1442/3014 1451/1460/3015
f 1450/1442/3014 1438/1433/2993 1451/1460/3015
f 2951/1664/3016 2950/1663/3012 2953/1656/2997
f 1438/1433/2993 1439/1430/2994 1451/1460/3015
f 2952/1665/3017 2951/1664/3016 2953/1656/2997
f 1452/1448/3018 1453/1459/3019 1438/1433/2993
f 1438/1433/2993 1453/1459/3019 1437/1427/2984
f 1453/1459/3019 1454/1461/3020 1437/1427/2984
f 1437/1427/2984 1455/1462/3021 1436/1426/2983
f 2952/1665/3017 2953/1656/2997 2927/1657/2999
f 2939/1666/3022 2952/1665/3017 2927/1657/2999
f 2942/1667/3023 2952/1665/3017 2939/1666/3022
f 2951/1664/3016 2952/1665/3017 2942/1667/3023
f 1455/1462/3021 1437/1427/2984 1454/1461/3020
f 1454/1461/3020 1453/1459/3019 1456/1458/3024
f 2944/1668/3025 2951/1664/3016 2942/1667/3023
f 1453/1459/3019 1452/1448/3018 1457/1453/3026
f 1457/1453/3026 1452/1448/3018 1458/1452/3027
f 2950/1663/3012 2951/1664/3016 2944/1668/3025
f 2947/1669/3028 2950/1663/3012 2944/1668/3025
f 2948/1661/3008 2949/1662/3011 2947/1669/3028
f 1438/1433/2993 1450/1442/3014 1452/1448/3018
f 2945/1670/3029 2948/1661/3008 2947/1669/3028
f 2944/1668/3025 2945/1670/3029 2947/1669/3028
f 2937/1671/3030 2938/1672/3031 2940/1673/3032
f 2943/1674/3033 2946/1675/3034 2945/1670/3029
f 1456/1458/3024 1453/1459/3019 1457/1453/3026
f 2947/1669/3028 2949/1662/3011 2950/1663/3012
f 1459/1449/3035 1452/1448/3018 1460/1447/3036
f 1450/1442/3014 1449/1441/3013 1461/1443/3037
f 2942/1667/3023 2943/1674/3033 2944/1668/3025
f 1461/1443/3037 1460/1447/3036 1450/1442/3014
f 1450/1442/3014 1460/1447/3036 1452/1448/3018
f 1452/1448/3018 1459/1449/3035 1458/1452/3027
f 2944/1668/3025 2943/1674/3033 2945/1670/3029
f 2941/1676/3038 2943/1674/3033 2942/1667/3023
f 2939/1666/3022 2941/1676/3038 2942/1667/3023
f 1449/1441/3013 1407/1393/2937 1461/1443/3037
f 1461/1443/3037 1407/1393/2937 1462/1444/3039
f 1407/1393/2937 1405/1391/2935 1462/1444/3039
f 1405/1391/2935 1404/1385/2932 1462/1444/3039
f 1404/1385/2932 1463/1445/3040 1462/1444/3039
f 2927/1657/2999 2937/1671/3030 2939/1666/3022
f 1463/1445/3040 1464/1446/3041 1462/1444/3039
f 2928/1677/3042 2937/1671/3030 2927/1657/2999
f 1461/1443/3037 1464/1446/3041 1460/1447/3036
f 1464/1446/3041 1459/1449/3035 1460/1447/3036
f 2940/1673/3032 2941/1676/3038 2939/1666/3022
f 2937/1671/3030 2940/1673/3032 2939/1666/3022
f 2930/1678/3043 2937/1671/3030 2928/1677/3042
f 1462/1444/3039 1464/1446/3041 1461/1443/3037
f 1459/1449/3035 1465/1450/3044 1458/1452/3027
f 1465/1450/3044 1466/1455/3045 1458/1452/3027
f 1467/1454/3046 1468/1456/3047 1457/1453/3026
f 1457/1453/3026 1468/1456/3047 1469/1457/3048
f 2932/1679/3049 2935/1680/3050 2938/1672/3031
f 2937/1671/3030 2932/1679/3049 2938/1672/3031
f 2930/1678/3043 2932/1679/3049 2937/1671/3030
f 1464/1446/3041 1465/1450/3044 1459/1449/3035
f 2929/1681/3051 2930/1678/3043 2928/1677/3042
f 1466/1455/3045 1467/1454/3046 1458/1452/3027
f 1458/1452/3027 1467/1454/3046 1457/1453/3026
f 1457/1453/3026 1469/1457/3048 1456/1458/3024
f 2934/1682/3052 2932/1679/3049 2933/1683/3053
f 2934/1682/3052 2936/1684/3054 2935/1680/3050
f 2932/1679/3049 2934/1682/3052 2935/1680/3050
f 1465/1450/3044 1464/1446/3041 1470/1451/3055
f 1464/1446/3041 1463/1445/3040 1470/1451/3055
f 2931/1685/3056 2933/1683/3053 2932/1679/3049
f 2930/1678/3043 2931/1685/3056 2932/1679/3049
f 2929/1681/3051 2931/1685/3056 2930/1678/3043
f 2926/1686/3057 2929/1681/3051 2928/1677/3042
f 2924/1654/2992 2926/1686/3057 2927/1657/2999
f 2923/1687/3058 2925/1688/3059 2924/1654/2992
f 1472/1469/3060 1475/1463/3061 1474/1470/3062
f 1474/1470/3062 1475/1463/3061 1476/1464/3063
f 1475/1463/3061 1477/1465/3064 1476/1464/3063
f 2922/1653/2991 2923/1687/3058 2924/1654/2992
f 2927/1657/2999 2926/1686/3057 2928/1677/3042
f 1471/1467/3065 1472/1469/3060 1473/1468/3066
f 1473/1468/3066 1472/1469/3060 1474/1470/3062
f 1476/1464/3063 1477/1465/3064 1478/1466/3067
f 2925/1688/3059 2926/1686/3057 2924/1654/2992
f 1479/1471/3068 1481/1473/3069 1480/1472/3070
f 2921/1689/3071 2923/1687/3058 2922/1653/2991
f 1481/1473/3069 1482/1475/3072 1480/1472/3070
f 1480/1472/3070 1482/1475/3072 1483/1474/3073
f 2920/1652/2990 2921/1689/3071 2922/1653/2991
f 2919/1651/2989 2918/1690/3074 2920/1652/2990
f 2917/1648/2986 2918/1690/3074 2919/1651/2989
f 2913/1644/2976 2916/1691/3075 2917/1648/2986
f 2918/1690/3074 2921/1689/3071 2920/1652/2990
f 1484/1481/3076 1486/1478/3077 1485/1476/3078
f 1486/1478/3077 1488/1479/3079 1487/1477/3080
f 2916/1691/3075 2918/1690/3074 2917/1648/2986
f 1485/1476/3078 1486/1478/3077 1487/1477/3080
f 1487/1477/3080 1488/1479/3079 1489/1480/3081
f 2915/1692/3082 2916/1691/3075 2913/1644/2976
f 2910/1646/2980 2912/1693/3083 2913/1644/2976
f 1490/1482/3084 1492/1484/3085 1491/1483/3086
f 1493/1485/3087 1494/1486/3088 1495/1487/3089
f 1495/1487/3089 1496/1488/3090 1497/1489/3091
f 1496/1488/3090 1498/1490/3092 1497/1489/3091
f 2911/1694/3093 2912/1693/3083 2910/1646/2980
f 2909/1695/3094 2911/1694/3093 2910/1646/2980
f 2888/1696/3095 2909/1695/3094 2881/1645/2979
f 2913/1644/2976 2914/1697/3096 2915/1692/3082
f 1491/1483/3086 1492/1484/3085 1493/1485/3087
f 1492/1484/3085 1494/1486/3088 1493/1485/3087
f 1494/1486/3088 1496/1488/3090 1495/1487/3089
f 1498/1490/3092 1500/1492/3097 1499/1491/3098
f 1499/1491/3098 1500/1492/3097 1501/1493/3099
f 2912/1693/3083 2914/1697/3096 2913/1644/2976
f 1497/1489/3091 1498/1490/3092 1499/1491/3098
f 2881/1645/2979 2909/1695/3094 2910/1646/2980
f 2896/1698/3100 2897/1699/3101 2908/1700/3102
f 2907/1701/3103 2896/1698/3100 2908/1700/3102
f 2895/1702/3104 2896/1698/3100 2907/1701/3103
f 1503/1495/3105 1504/1496/3106 1505/1497/3107
f 2906/1703/3108 2895/1702/3104 2907/1701/3103
f 1502/1494/3109 1504/1496/3106 1503/1495/3105
f 1504/1496/3106 1506/1498/3110 1505/1497/3107
f 1505/1497/3107 1506/1498/3110 1507/1499/3111
f 1506/1498/3110 1508/1500/3112 1507/1499/3111
f 1507/1499/3111 1508/1500/3112 1509/1501/3113
f 1508/1500/3112 1510/1502/3114 1509/1501/3113
f 1509/1501/3113 1510/1502/3114 1511/1503/3115
f 2903/1704/3116 2895/1702/3104 2906/1703/3108
f 2905/1705/3117 2902/1706/3118 2903/1704/3116
f 2904/1707/3119 2902/1706/3118 2905/1705/3117
f 2892/1708/3120 2904/1707/3119 2891/1709/3121
f 1514/1504/3122 1513/1506/3123 1515/1505/3124
f 1513/1506/3123 1516/1507/3125 1515/1505/3124
f 2894/1710/3126 2895/1702/3104 2903/1704/3116
f 2902/1706/3118 2894/1710/3126 2903/1704/3116
f 2892/1708/3120 2893/1711/3127 2902/1706/3118
f 1512/1508/3128 1513/1506/3123 1514/1504/3122
f 2904/1707/3119 2892/1708/3120 2902/1706/3118
f 2893/1711/3127 2894/1710/3126 2902/1706/3118
f 1517/1509/3129 1518/1511/3130 1519/1510/3131
f 2901/1712/3132 2864/1713/3133 2863/1714/3134
f 1519/1510/3131 1518/1511/3130 1520/1512/3135
f 1520/1512/3135 1518/1511/3130 1521/1513/3136
f 1518/1511/3130 1522/1515/3137 1521/1513/3136
f 1522/1515/3137 1524/1516/3138 1523/1514/3139
f 1523/1514/3139 1524/1516/3138 1525/1517/3140
f 2898/1715/3141 2866/1716/3142 2899/1717/3143
f 1521/1513/3136 1522/1515/3137 1523/1514/3139
f 1525/1517/3140 1526/1518/3144 1527/1519/3145
f 1527/1519/3145 1528/1520/3146 1529/1521/3147
f 1528/1520/3146 1530/1522/3148 1529/1521/3147
f 1530/1522/3148 1531/1523/3149 1529/1521/3147
f 1529/1521/3147 1531/1523/3149 1532/1524/3150
f 2864/1713/3133 2901/1712/3132 2900/1718/3151
f 2899/1717/3143 2864/1713/3133 2900/1718/3151
f 2866/1716/3142 2864/1713/3133 2899/1717/3143
f 1524/1516/3138 1526/1518/3144 1525/1517/3140
f 1526/1518/3144 1528/1520/3146 1527/1519/3145
f 2897/1699/3101 2866/1716/3142 2898/1715/3141
f 2868/1719/3152 2866/1716/3142 2897/1699/3101
f 2896/1698/3100 2868/1719/3152 2897/1699/3101
f 2895/1702/3104 2868/1719/3152 2896/1698/3100
f 1533/1525/3153 1532/1524/3150 1531/1523/3149
f 2869/1720/3154 2868/1719/3152 2895/1702/3104
f 2894/1710/3126 2869/1720/3154 2895/1702/3104
f 1534/1529/3155 1536/1526/3156 1535/1527/3157
f 1535/1527/3157 1537/1528/3158 1538/1530/3159
f 2892/1708/3120 2884/1721/3160 2893/1711/3127
f 2871/1722/3161 2869/1720/3154 2894/1710/3126
f 1536/1526/3156 1537/1528/3158 1535/1527/3157
f 2893/1711/3127 2871/1722/3161 2894/1710/3126
f 2884/1721/3160 2871/1722/3161 2893/1711/3127
f 1541/1533/3162 1543/1535/3163 1542/1534/3164
f 1539/1531/3165 1541/1533/3162 1540/1532/3166
f 1540/1532/3166 1541/1533/3162 1542/1534/3164
f 1542/1534/3164 1543/1535/3163 1544/1536/3167
f 2888/1696/3095 2887/1723/3168 2889/1724/3169
f 1544/1536/3167 1543/1535/3163 1545/1537/3170
f 1543/1535/3163 1546/1538/3171 1545/1537/3170
f 1545/1537/3170 1546/1538/3171 1547/1539/3172
f 1548/1541/3173 1550/1542/3174 1549/1540/3175
f 2885/1725/3176 2884/1721/3160 2892/1708/3120
f 2891/1709/3121 2885/1725/3176 2892/1708/3120
f 2890/1726/3177 2885/1725/3176 2891/1709/3121
f 2886/1727/3178 2885/1725/3176 2890/1726/3177
f 1546/1538/3171 1548/1541/3173 1547/1539/3172
f 2889/1724/3169 2886/1727/3178 2890/1726/3177
f 1547/1539/3172 1548/1541/3173 1549/1540/3175
f 1549/1540/3175 1550/1542/3174 1551/1543/3179
f 1550/1542/3174 1552/1544/3180 1551/1543/3179
f 2887/1723/3168 2886/1727/3178 2889/1724/3169
f 2881/1645/2979 2887/1723/3168 2888/1696/3095
f 2882/1728/3181 2887/1723/3168 2881/1645/2979
f 2886/1727/3178 2887/1723/3168 2882/1728/3181
f 1555/1729/3182 1557/1730/3183 1558/1731/3184
f 2883/1732/3185 2871/1722/3161 2884/1721/3160
f 2882/1728/3181 2883/1732/3185 2886/1727/3178
f 1553/1733/3186 1554/1734/3187 1555/1729/3182
f 1554/1734/3187 1556/1735/3188 1555/1729/3182
f 1556/1735/3188 1557/1730/3183 1555/1729/3182
f 2885/1725/3176 2886/1727/3178 2883/1732/3185
f 2884/1721/3160 2885/1725/3176 2883/1732/3185
f 2872/1736/3189 2871/1722/3161 2883/1732/3185
f 1562/1737/3190 1560/1738/3191 1561/1739/3192
f 1560/1738/3191 1559/1740/3193 1561/1739/3192
f 2882/1728/3181 2872/1736/3189 2883/1732/3185
f 1560/1738/3191 1562/1737/3190 1564/1741/3194
f 1564/1741/3194 1562/1737/3190 1563/1742/3195
f 1562/1737/3190 1561/1739/3192 1563/1742/3195
f 2874/1743/3196 2872/1736/3189 2882/1728/3181
f 2881/1645/2979 2874/1743/3196 2882/1728/3181
f 2880/1643/2975 2874/1743/3196 2881/1645/2979
f 1568/1737/3197 1567/1739/3198 1566/1738/3199
f 1566/1738/3199 1567/1739/3198 1565/1740/3200
f 2875/1744/3201 2874/1743/3196 2880/1643/2975
f 2879/1642/2974 2875/1744/3201 2880/1643/2975
f 2876/1745/3202 2875/1744/3201 2879/1642/2974
f 2878/1649/2987 2876/1745/3202 2879/1642/2974
f 1566/1738/3199 1570/1741/3203 1568/1737/3197
f 1570/1741/3203 1569/1742/3204 1568/1737/3197
f 1568/1737/3197 1569/1742/3204 1567/1739/3198
f 1571/864/3205 1573/862/3206 1572/1640/3207
f 2874/1743/3196 2875/1744/3201 2873/1746/3208
f 1573/862/3206 1574/863/3209 1572/1640/3207
f 1572/1640/3207 1574/863/3209 1575/1641/3210
f 2872/1736/3189 2874/1743/3196 2873/1746/3208
f 2870/1747/3211 2872/1736/3189 2873/1746/3208
f 1577/1639/3212 1578/861/3213 1579/1637/3214
f 2871/1722/3161 2872/1736/3189 2870/1747/3211
f 2876/1745/3202 2878/1649/2987 2877/1660/3007
f 2873/1746/3208 2876/1745/3202 2877/1660/3007
f 2875/1744/3201 2876/1745/3202 2873/1746/3208
f 1575/1641/3210 1574/863/3209 1576/1638/3215
f 1576/1638/3215 1574/863/3209 1577/1639/3212
f 1574/863/3209 1578/861/3213 1577/1639/3212
f 1580/860/3216 1582/869/3217 1581/1636/3218
f 2869/1720/3154 2871/1722/3161 2870/1747/3211
f 2867/1748/3219 2869/1720/3154 2870/1747/3211
f 2868/1719/3152 2869/1720/3154 2867/1748/3219
f 1578/861/3213 1580/860/3216 1579/1637/3214
f 1579/1637/3214 1580/860/3216 1581/1636/3218
f 2864/1713/3133 2866/1716/3142 2865/1749/3220
f 2858/1750/3221 2864/1713/3133 2865/1749/3220
f 1583/864/3222 1584/1635/3223 1585/865/3224
f 1588/1633/3225 1589/1634/3226 1587/866/3227
f 1587/866/3227 1589/1634/3226 1590/868/3228
f 1589/1634/3226 1591/1631/3229 1590/868/3228
f 2866/1716/3142 2868/1719/3152 2867/1748/3219
f 2865/1749/3220 2866/1716/3142 2867/1748/3219
f 1584/1635/3223 1586/1632/3230 1585/865/3224
f 1585/865/3224 1586/1632/3230 1587/866/3227
f 1586/1632/3230 1588/1633/3225 1587/866/3227
f 1590/868/3228 1591/1631/3229 1592/867/3231
f 1591/1631/3229 1593/1630/3232 1592/867/3231
f 2860/1751/3233 2864/1713/3133 2858/1750/3221
f 2863/1714/3134 2864/1713/3133 2860/1751/3233
f 2862/1752/3234 2863/1714/3134 2860/1751/3233
f 1592/867/3231 1593/1630/3232 1594/869/3235
f 2858/1750/3221 2857/1753/3236 2859/1754/3237
f 2860/1751/3233 2858/1750/3221 2859/1754/3237
f 1597/933/3238 1598/932/3239 1596/1755/3240
f 1596/1755/3240 1598/932/3239 1599/1756/3241
f 2861/1757/3242 2862/1752/3234 2860/1751/3233
f 2859/1754/3237 2861/1757/3242 2860/1751/3233
f 1595/934/3243 1597/933/3238 1596/1755/3240
f 2837/1666/3244 2856/1758/3245 2840/1759/3246
f 2825/1657/3247 2856/1758/3245 2837/1666/3244
f 1599/1756/3241 1598/932/3239 1600/1760/3248
f 1600/1760/3248 1598/932/3239 1601/1761/3249
f 1598/932/3239 1602/931/3250 1601/1761/3249
f 1601/1761/3249 1602/931/3250 1603/1762/3251
f 1602/931/3250 1604/930/3252 1603/1762/3251
f 1604/930/3252 1606/938/3253 1605/1763/3254
f 2855/1764/3255 2842/1765/3256 2840/1759/3246
f 2856/1758/3245 2855/1764/3255 2840/1759/3246
f 2822/1654/3257 2853/1766/3258 2825/1657/3247
f 1603/1762/3251 1604/930/3252 1605/1763/3254
f 2853/1766/3258 2856/1758/3245 2825/1657/3247
f 2855/1764/3255 2856/1758/3245 2853/1766/3258
f 1613/1767/3259 1615/1768/3260 1614/937/3261
f 2845/1769/3262 2842/1765/3256 2854/1663/3263
f 1607/934/3264 1608/1770/3265 1609/935/3266
f 1608/1770/3265 1610/1771/3267 1609/935/3266
f 1609/935/3266 1610/1771/3267 1611/939/3268
f 1610/1771/3267 1612/1772/3269 1611/939/3268
f 2851/1773/3270 2847/1774/3271 2854/1663/3263
f 1612/1772/3269 1613/1767/3259 1611/939/3268
f 1611/939/3268 1613/1767/3259 1614/937/3261
f 2853/1766/3258 2851/1773/3270 2854/1663/3263
f 2855/1764/3255 2853/1766/3258 2854/1663/3263
f 2842/1765/3256 2855/1764/3255 2854/1663/3263
f 1614/937/3261 1615/1768/3260 1616/936/3272
f 2847/1774/3271 2845/1769/3262 2854/1663/3263
f 1615/1768/3260 1617/1775/3273 1616/936/3272
f 1616/936/3272 1617/1775/3273 1618/938/3274
f 1623/1776/3275 1624/1777/3276 1622/903/3277
f 2818/1778/3278 2852/1779/3279 2820/1780/3280
f 2817/1781/3281 2852/1779/3279 2818/1778/3278
f 2851/1773/3270 2852/1779/3279 2817/1781/3281
f 2853/1766/3258 2852/1779/3279 2851/1773/3270
f 2822/1654/3257 2852/1779/3279 2853/1766/3258
f 1619/902/3282 1621/1782/3283 1620/904/3284
f 2820/1780/3280 2852/1779/3279 2822/1654/3257
f 1620/904/3284 1621/1782/3283 1622/903/3277
f 1621/1782/3283 1623/1776/3275 1622/903/3277
f 1624/1777/3276 1625/1783/3285 1622/903/3277
f 1622/903/3277 1625/1783/3285 1626/905/3286
f 1625/1783/3285 1627/1784/3287 1626/905/3286
f 1626/905/3286 1627/1784/3287 1628/906/3288
f 2849/1785/3289 2848/1786/3290 2850/1787/3291
f 1627/1784/3287 1629/1788/3292 1628/906/3288
f 1628/906/3288 1629/1788/3292 1630/897/3293
f 2815/1789/3294 2811/1790/3295 2849/1785/3289
f 2817/1781/3281 2815/1789/3294 2850/1787/3291
f 2851/1773/3270 2817/1781/3281 2850/1787/3291
f 1634/1791/3296 1635/900/3297 1636/1792/3298
f 2847/1774/3271 2851/1773/3270 2850/1787/3291
f 1635/900/3297 1638/899/3299 1637/1793/3300
f 2848/1786/3290 2847/1774/3271 2850/1787/3291
f 2815/1789/3294 2849/1785/3289 2850/1787/3291
f 1631/902/3301 1633/901/3302 1632/1794/3303
f 1632/1794/3303 1633/901/3302 1634/1791/3296
f 1633/901/3302 1635/900/3297 1634/1791/3296
f 2779/1795/3304 2778/1643/3305 2808/1796/3306
f 1636/1792/3298 1635/900/3297 1637/1793/3300
f 1637/1793/3300 1638/899/3299 1639/1797/3307
f 1638/899/3299 1640/898/3308 1639/1797/3307
f 1639/1797/3307 1640/898/3308 1641/1798/3309
f 1640/898/3308 1642/897/3310 1641/1798/3309
f 2811/1790/3295 2808/1796/3306 2778/1643/3305
f 2849/1785/3289 2811/1790/3295 2777/1642/3311
f 2776/1799/3312 2849/1785/3289 2777/1642/3311
f 2848/1786/3290 2849/1785/3289 2776/1799/3312
f 2775/1800/3313 2848/1786/3290 2776/1799/3312
f 2846/1801/3314 2848/1786/3290 2775/1800/3313
f 1643/924/3315 1644/1802/3316 1645/925/3317
f 2777/1642/3311 2811/1790/3295 2778/1643/3305
f 1647/1803/3318 1648/1804/3319 1646/926/3320
f 1648/1804/3319 1649/1805/3321 1646/926/3320
f 1646/926/3320 1649/1805/3321 1650/928/3322
f 2845/1769/3262 2847/1774/3271 2846/1801/3314
f 1645/925/3317 1644/1802/3316 1646/926/3320
f 1644/1802/3316 1647/1803/3318 1646/926/3320
f 2843/1806/3323 2845/1769/3262 2846/1801/3314
f 2842/1765/3256 2845/1769/3262 2843/1806/3323
f 1649/1805/3321 1651/1807/3324 1650/928/3322
f 1650/928/3322 1651/1807/3324 1652/927/3325
f 1651/1807/3324 1653/1808/3326 1652/927/3325
f 1652/927/3325 1653/1808/3326 1654/919/3327
f 2838/1809/3328 2836/1810/3329 2835/1811/3330
f 2841/1812/3331 2843/1806/3323 2844/1813/3332
f 2846/1801/3314 2847/1774/3271 2848/1786/3290
f 1657/923/3333 1659/922/3334 1658/1814/3335
f 1660/1815/3336 1659/922/3334 1661/1816/3337
f 1659/922/3334 1662/921/3338 1661/1816/3337
f 2842/1765/3256 2843/1806/3323 2841/1812/3331
f 2840/1759/3246 2842/1765/3256 2841/1812/3331
f 2839/1817/3339 2840/1759/3246 2841/1812/3331
f 1655/924/3340 1657/923/3333 1656/1818/3341
f 1656/1818/3341 1657/923/3333 1658/1814/3335
f 1658/1814/3335 1659/922/3334 1660/1815/3336
f 1661/1816/3337 1662/921/3338 1663/1819/3342
f 1662/921/3338 1664/920/3343 1663/1819/3342
f 2837/1666/3244 2840/1759/3246 2839/1817/3339
f 1663/1819/3342 1664/920/3343 1665/1820/3344
f 1664/920/3343 1666/919/3345 1665/1820/3344
f 2838/1809/3328 2837/1666/3244 2839/1817/3339
f 2835/1811/3330 2837/1666/3244 2838/1809/3328
f 2825/1657/3247 2837/1666/3244 2835/1811/3330
f 2826/1821/3346 2825/1657/3247 2835/1811/3330
f 2828/1678/3347 2826/1821/3346 2835/1811/3330
f 1669/913/3348 1668/1822/3349 1670/915/3350
f 1668/1822/3349 1671/1823/3351 1670/915/3350
f 2830/1824/3352 2828/1678/3347 2835/1811/3330
f 2836/1810/3329 2830/1824/3352 2835/1811/3330
f 1673/1825/3353 1675/1826/3354 1674/916/3355
f 2833/1827/3356 2830/1824/3352 2836/1810/3329
f 1667/914/3357 1668/1822/3349 1669/913/3348
f 1671/1823/3351 1672/1828/3358 1670/915/3350
f 1672/1828/3358 1673/1825/3353 1670/915/3350
f 1670/915/3350 1673/1825/3353 1674/916/3355
f 1674/916/3355 1675/1826/3354 1676/917/3359
f 1675/1826/3354 1677/1829/3360 1676/917/3359
f 1676/917/3359 1677/1829/3360 1678/908/3361
f 2832/1830/3362 2831/1831/3363 2830/1824/3352
f 2833/1827/3356 2832/1830/3362 2830/1824/3352
f 2832/1830/3362 2833/1827/3356 2834/1832/3364
f 2829/1833/3365 2830/1824/3352 2831/1831/3363
f 1681/912/3366 1683/911/3367 1682/1834/3368
f 1682/1834/3368 1683/911/3367 1684/1835/3369
f 2828/1678/3347 2830/1824/3352 2829/1833/3365
f 1684/1835/3369 1683/911/3367 1685/1836/3370
f 1685/1836/3370 1686/910/3371 1687/1837/3372
f 2827/1838/3373 2828/1678/3347 2829/1833/3365
f 2826/1821/3346 2828/1678/3347 2827/1838/3373
f 2824/1839/3374 2826/1821/3346 2827/1838/3373
f 1679/914/3375 1681/912/3366 1680/1840/3376
f 1680/1840/3376 1681/912/3366 1682/1834/3368
f 1683/911/3367 1686/910/3371 1685/1836/3370
f 1688/909/3377 1690/908/3378 1689/1841/3379
f 2820/1780/3280 2822/1654/3257 2821/1842/3380
f 1686/910/3371 1688/909/3377 1687/1837/3372
f 1687/1837/3372 1688/909/3377 1689/1841/3379
f 2825/1657/3247 2826/1821/3346 2824/1839/3374
f 2822/1654/3257 2825/1657/3247 2824/1839/3374
f 2823/1843/3381 2822/1654/3257 2824/1839/3374
f 2821/1842/3380 2822/1654/3257 2823/1843/3381
f 1693/904/3382 1692/1782/3383 1694/903/3384
f 1692/1782/3383 1695/1776/3385 1694/903/3384
f 2819/1844/3386 2820/1780/3280 2821/1842/3380
f 1695/1776/3385 1696/1777/3387 1694/903/3384
f 1696/1777/3387 1697/1783/3388 1694/903/3384
f 1694/903/3384 1697/1783/3388 1698/905/3389
f 1697/1783/3388 1699/1784/3390 1698/905/3389
f 1691/902/3391 1692/1782/3383 1693/904/3382
f 2818/1778/3278 2820/1780/3280 2819/1844/3386
f 2816/1845/3392 2818/1778/3278 2819/1844/3386
f 2817/1781/3281 2818/1778/3278 2816/1845/3392
f 2815/1789/3294 2817/1781/3281 2816/1845/3392
f 2814/1846/3393 2815/1789/3294 2816/1845/3392
f 1698/905/3389 1699/1784/3390 1700/906/3394
f 2811/1790/3295 2815/1789/3294 2814/1846/3393
f 1699/1784/3390 1701/1788/3395 1700/906/3394
f 1700/906/3394 1701/1788/3395 1702/897/3396
f 2813/1847/3397 2811/1790/3295 2814/1846/3393
f 2812/1848/3398 2811/1790/3295 2813/1847/3397
f 2810/1849/3399 2811/1790/3295 2812/1848/3398
f 2808/1796/3306 2811/1790/3295 2810/1849/3399
f 1703/902/3400 1705/901/3401 1704/1794/3402
f 1705/901/3401 1707/900/3403 1706/1791/3404
f 1706/1791/3404 1707/900/3403 1708/1792/3405
f 2809/1850/3406 2808/1796/3306 2810/1849/3399
f 1708/1792/3405 1707/900/3403 1709/1793/3407
f 2807/1851/3408 2808/1796/3306 2809/1850/3406
f 2786/1852/3409 2779/1795/3304 2807/1851/3408
f 1704/1794/3402 1705/901/3401 1706/1791/3404
f 1707/900/3403 1710/899/3410 1709/1793/3407
f 1709/1793/3407 1710/899/3410 1711/1797/3411
f 1710/899/3410 1712/898/3412 1711/1797/3411
f 1711/1797/3411 1712/898/3412 1713/1798/3413
f 1712/898/3412 1714/897/3414 1713/1798/3413
f 2779/1795/3304 2808/1796/3306 2807/1851/3408
f 2805/1853/3415 2806/1854/3416 2794/1855/3417
f 2794/1855/3417 2806/1854/3416 2795/1856/3418
f 1718/1857/3419 1716/1858/3420 1719/1859/3421
f 1716/1858/3420 1720/1860/3422 1719/1859/3421
f 2793/1861/3423 2805/1853/3415 2794/1855/3417
f 2804/1862/3424 2805/1853/3415 2793/1861/3423
f 2801/1863/3425 2804/1862/3424 2793/1861/3423
f 1715/1864/3426 1716/1858/3420 1717/1865/3427
f 2803/1866/3428 2801/1863/3425 2800/1867/3429
f 1717/1865/3427 1716/1858/3420 1718/1857/3419
f 2802/1868/3430 2803/1866/3428 2800/1867/3429
f 1721/1869/3431 1722/137/3432 1723/1870/3433
f 1722/137/3432 1724/1871/3434 1723/1870/3433
f 1723/1870/3433 1724/1871/3434 1725/1872/3435
f 1725/1872/3435 1724/1871/3434 1726/136/3436
f 1726/136/3436 1724/1871/3434 1722/137/3432
f 2790/1873/3437 2800/1867/3429 2791/1874/3438
f 2802/1868/3430 2800/1867/3429 2790/1873/3437
f 2789/1875/3439 2802/1868/3430 2790/1873/3437
f 2792/1876/3440 2801/1863/3425 2793/1861/3423
f 2800/1867/3429 2801/1863/3425 2792/1876/3440
f 2791/1874/3438 2800/1867/3429 2792/1876/3440
f 2762/1877/3441 2799/1878/3442 2761/1879/3443
f 1732/1880/3444 1728/1881/3445 1733/1882/3446
f 1728/1881/3445 1734/1883/3447 1733/1882/3446
f 2795/1856/3418 2796/1884/3448 2764/1885/3449
f 2766/1886/3450 2795/1856/3418 2764/1885/3449
f 1727/1887/3451 1728/1881/3445 1729/1888/3452
f 2794/1855/3417 2795/1856/3418 2766/1886/3450
f 1729/1888/3452 1728/1881/3445 1730/1889/3453
f 2762/1877/3441 2798/1890/3454 2799/1878/3442
f 1730/1889/3453 1728/1881/3445 1731/1891/3455
f 2797/1892/3456 2798/1890/3454 2762/1877/3441
f 1731/1891/3455 1728/1881/3445 1732/1880/3444
f 2764/1885/3449 2797/1892/3456 2762/1877/3441
f 2796/1884/3448 2797/1892/3456 2764/1885/3449
f 1737/1893/3457 1736/1894/3458 1738/1895/3459
f 1736/1894/3458 1739/1896/3460 1738/1895/3459
f 1738/1895/3459 1739/1896/3460 1740/1897/3461
f 2792/1876/3440 2793/1861/3423 2767/1898/3462
f 2791/1874/3438 2792/1876/3440 2769/1899/3463
f 1735/1900/3464 1736/1894/3458 1737/1893/3457
f 2790/1873/3437 2791/1874/3438 2782/1721/3465
f 2793/1861/3423 2794/1855/3417 2766/1886/3450
f 2767/1898/3462 2793/1861/3423 2766/1886/3450
f 1741/1864/3466 1743/1865/3467 1742/1858/3468
f 1743/1865/3467 1744/1857/3469 1742/1858/3468
f 2769/1899/3463 2792/1876/3440 2767/1898/3462
f 1744/1857/3469 1745/1859/3470 1742/1858/3468
f 2782/1721/3465 2791/1874/3438 2769/1899/3463
f 1742/1858/3468 1745/1859/3470 1746/1860/3471
f 2787/1901/3472 2788/1902/3473 2784/1727/3474
f 2786/1852/3409 2787/1901/3472 2785/1723/3475
f 1748/142/3476 1749/1903/3477 1750/1904/3478
f 1749/1903/3477 1751/1905/3479 1750/1904/3478
f 2783/1725/3480 2790/1873/3437 2782/1721/3465
f 2789/1875/3439 2790/1873/3437 2783/1725/3480
f 1748/142/3476 1747/1906/3481 1749/1903/3477
f 2788/1902/3473 2789/1875/3439 2783/1725/3480
f 2784/1727/3474 2788/1902/3473 2783/1725/3480
f 2785/1723/3475 2787/1901/3472 2784/1727/3474
f 1751/1905/3479 1752/143/3482 1750/1904/3478
f 1750/1904/3478 1752/143/3482 1748/142/3476
f 2779/1795/3304 2786/1852/3409 2785/1723/3475
f 2780/1907/3483 2779/1795/3304 2785/1723/3475
f 2784/1727/3474 2780/1907/3483 2785/1723/3475
f 1755/1908/3484 1756/1909/3485 1754/1881/3486
f 1756/1909/3485 1757/1910/3487 1754/1881/3486
f 1757/1910/3487 1758/1911/3488 1754/1881/3486
f 2780/1907/3483 2784/1727/3474 2781/1732/3489
f 1758/1911/3488 1759/1912/3490 1754/1881/3486
f 1754/1881/3486 1759/1912/3490 1760/1913/3491
f 1753/1914/3492 1755/1908/3484 1754/1881/3486
f 2783/1725/3480 2781/1732/3489 2784/1727/3474
f 2782/1721/3465 2781/1732/3489 2783/1725/3480
f 2769/1899/3463 2781/1732/3489 2782/1721/3465
f 2770/1736/3493 2781/1732/3489 2769/1899/3463
f 2780/1907/3483 2781/1732/3489 2770/1736/3493
f 2772/1743/3494 2780/1907/3483 2770/1736/3493
f 2777/1642/3311 2778/1643/3305 2773/1915/3495
f 1761/1900/3496 1763/1893/3497 1762/1894/3498
f 1763/1893/3497 1764/1895/3499 1762/1894/3498
f 1762/1894/3498 1764/1895/3499 1765/1896/3500
f 1764/1895/3499 1766/1897/3501 1765/1896/3500
f 2779/1795/3304 2780/1907/3483 2772/1743/3494
f 2778/1643/3305 2779/1795/3304 2772/1743/3494
f 2773/1915/3495 2778/1643/3305 2772/1743/3494
f 1767/1916/3502 1768/1917/3503 1769/1918/3504
f 1768/1917/3503 1770/1919/3505 1769/1918/3504
f 1770/1919/3505 1771/1920/3506 1769/1918/3504
f 2776/1799/3312 2777/1642/3311 2774/1921/3507
f 2774/1921/3507 2771/1922/3508 2775/1800/3313
f 1773/1923/3509 1772/1924/3510 1774/1925/3511
f 1772/1924/3510 1775/1926/3512 1774/1925/3511
f 2776/1799/3312 2774/1921/3507 2775/1800/3313
f 2773/1915/3495 2774/1921/3507 2777/1642/3311
f 1771/1920/3506 1772/1924/3510 1769/1918/3504
f 1769/1918/3504 1772/1924/3510 1773/1923/3509
f 2769/1899/3463 2768/1927/3513 2770/1736/3493
f 1772/1924/3510 1776/1928/3514 1775/1926/3512
f 1775/1926/3512 1776/1928/3514 1777/1929/3515
f 2773/1915/3495 2771/1922/3508 2774/1921/3507
f 2772/1743/3494 2771/1922/3508 2773/1915/3495
f 2770/1736/3493 2771/1922/3508 2772/1743/3494
f 2768/1927/3513 2771/1922/3508 2770/1736/3493
f 2765/1930/3516 2768/1927/3513 2767/1898/3462
f 1779/147/3517 1781/1931/3518 1782/148/3519
f 2766/1886/3450 2765/1930/3516 2767/1898/3462
f 1782/148/3519 1781/1931/3518 1783/1932/3520
f 1783/1932/3520 1781/1931/3518 1784/1933/3521
f 1781/1931/3518 1785/1934/3522 1784/1933/3521
f 2763/1935/3523 2765/1930/3516 2764/1885/3449
f 2762/1877/3441 2763/1935/3523 2764/1885/3449
f 2756/1936/3524 2763/1935/3523 2762/1877/3441
f 2767/1898/3462 2768/1927/3513 2769/1899/3463
f 1778/149/3525 1780/1937/3526 1779/147/3517
f 1780/1937/3526 1781/1931/3518 1779/147/3517
f 2764/1885/3449 2765/1930/3516 2766/1886/3450
f 1784/1933/3521 1785/1934/3522 1786/1938/3527
f 1786/1938/3527 1787/1939/3528 1788/1940/3529
f 1788/1940/3529 1787/1939/3528 1789/1941/3530
f 1789/1941/3530 1787/1939/3528 1790/1942/3531
f 1787/1939/3528 1785/1934/3522 1791/1943/3532
f 2761/1879/3443 2758/1944/3533 2762/1877/3441
f 2760/1945/3534 2758/1944/3533 2761/1879/3443
f 2759/1946/3535 2758/1944/3533 2760/1945/3534
f 1785/1934/3522 1787/1939/3528 1786/1938/3527
f 2757/1947/3536 2758/1944/3533 2759/1946/3535
f 2756/1936/3524 2757/1947/3536 2755/1948/3537
f 2758/1944/3533 2757/1947/3536 2756/1936/3524
f 1790/1942/3531 1787/1939/3528 1791/1943/3532
f 1791/1943/3532 1785/1934/3522 1792/1949/3538
f 1792/1949/3538 1781/1931/3518 1780/1937/3526
f 2762/1877/3441 2758/1944/3533 2756/1936/3524
f 1785/1934/3522 1781/1931/3518 1792/1949/3538
f 1793/1950/3539 1795/1951/3540 1794/1952/3541
f 1795/1951/3540 1796/1953/3542 1794/1952/3541
f 2752/1545/3543 2754/1547/3544 2753/1546/3545
f 1796/1953/3542 1797/1954/3546 1794/1952/3541
f 2751/1548/3547 2752/1545/3543 2753/1546/3545
f 1794/1952/3541 1798/1955/3548 1799/1956/3549
f 2750/1957/3550 2711/1958/3551 2708/1959/3552
f 2704/1960/3553 2750/1957/3550 2708/1959/3552
f 2749/1961/3554 2750/1957/3550 2704/1960/3553
f 1797/1954/3546 1798/1955/3548 1794/1952/3541
f 2657/1962/3555 2749/1961/3554 2704/1960/3553
f 1799/1956/3549 1798/1955/3548 1800/1963/3556
f 1798/1955/3548 1801/1964/3557 1800/1963/3556
f 1800/1963/3556 1801/1964/3557 1802/1965/3558
f 2657/1962/3555 2704/1960/3553 2658/1966/3559
f 2656/1967/3560 2749/1961/3554 2657/1962/3555
f 1801/1964/3557 1803/1968/3561 1802/1965/3558
f 2717/1969/3562 2740/1970/3563 2719/1971/3564
f 2715/1972/3565 2741/1973/3566 2717/1969/3562
f 1805/1974/3567 1807/1975/3568 1806/157/3569
f 1806/157/3569 1807/1975/3568 1808/158/3570
f 2743/1976/3571 2741/1973/3566 2715/1972/3565
f 1808/158/3570 1807/1975/3568 1809/1977/3572
f 1807/1975/3568 1811/1978/3573 1810/1979/3574
f 2711/1958/3551 2743/1976/3571 2713/1980/3575
f 2750/1957/3550 2744/1981/3576 2711/1958/3551
f 2741/1973/3566 2740/1970/3563 2717/1969/3562
f 1804/159/3577 1805/1974/3567 1806/157/3569
f 2713/1980/3575 2743/1976/3571 2715/1972/3565
f 1809/1977/3572 1807/1975/3568 1810/1979/3574
f 1810/1979/3574 1811/1978/3573 1812/1982/3578
f 1811/1978/3573 1813/1983/3579 1812/1982/3578
f 1812/1982/3578 1813/1983/3579 1814/1984/3580
f 1814/1984/3580 1813/1983/3579 1815/1985/3581
f 2744/1981/3576 2743/1976/3571 2711/1958/3551
f 1815/1985/3581 1813/1983/3579 1816/1986/3582
f 1813/1983/3579 1811/1978/3573 1816/1986/3582
f 2748/1987/3583 2747/1988/3584 2749/1961/3554
f 2656/1967/3560 2748/1987/3583 2749/1961/3554
f 2655/1989/3585 2748/1987/3583 2656/1967/3560
f 1816/1986/3582 1811/1978/3573 1817/1990/3586
f 1817/1990/3586 1811/1978/3573 1818/1991/3587
f 1811/1978/3573 1807/1975/3568 1818/1991/3587
f 1818/1991/3587 1807/1975/3568 1805/1974/3567
f 2747/1988/3584 2744/1981/3576 2750/1957/3550
f 2749/1961/3554 2747/1988/3584 2750/1957/3550
f 2746/1992/3588 2748/1987/3583 2655/1989/3585
f 2747/1988/3584 2748/1987/3583 2746/1992/3588
f 1819/1916/3589 1821/1918/3590 1820/1917/3591
f 1820/1917/3591 1821/1918/3590 1822/1919/3592
f 2745/1993/3593 2744/1981/3576 2746/1992/3588
f 1822/1919/3592 1821/1918/3590 1823/1920/3594
f 1823/1920/3594 1821/1918/3590 1824/1924/3595
f 1821/1918/3590 1825/1923/3596 1824/1924/3595
f 2743/1976/3571 2744/1981/3576 2742/1994/3597
f 1825/1923/3596 1826/1925/3598 1824/1924/3595
f 1824/1924/3595 1826/1925/3598 1827/1928/3599
f 2744/1981/3576 2747/1988/3584 2746/1992/3588
f 2742/1994/3597 2744/1981/3576 2745/1993/3593
f 1826/1925/3598 1828/1926/3600 1827/1928/3599
f 1827/1928/3599 1828/1926/3600 1829/1929/3601
f 2741/1973/3566 2743/1976/3571 2742/1994/3597
f 2738/1995/3602 2741/1973/3566 2742/1994/3597
f 2740/1970/3563 2741/1973/3566 2738/1995/3602
f 2739/1996/3603 2740/1970/3563 2738/1995/3602
f 2739/1996/3603 2724/1997/3604 2721/1998/3605
f 2719/1971/3564 2739/1996/3603 2721/1998/3605
f 1830/149/3606 1832/147/3607 1831/1937/3608
f 2740/1970/3563 2739/1996/3603 2719/1971/3564
f 1835/1932/3609 1836/1933/3610 1833/1931/3611
f 1833/1931/3611 1836/1933/3610 1837/1934/3612
f 1836/1933/3610 1838/1938/3613 1837/1934/3612
f 2724/1997/3604 2739/1996/3603 2738/1995/3602
f 2737/1999/3614 2724/1997/3604 2738/1995/3602
f 2728/2000/3615 2725/2001/3616 2736/2002/3617
f 1831/1937/3608 1832/147/3607 1833/1931/3611
f 1832/147/3607 1834/148/3618 1833/1931/3611
f 1834/148/3618 1835/1932/3609 1833/1931/3611
f 1838/1938/3613 1840/1940/3619 1839/1939/3620
f 1837/1934/3612 1843/1943/3621 1844/1949/3622
f 2736/2002/3617 2724/1997/3604 2737/1999/3614
f 2725/2001/3616 2724/1997/3604 2736/2002/3617
f 2735/2003/3623 2728/2000/3615 2736/2002/3617
f 1837/1934/3612 1838/1938/3613 1839/1939/3620
f 1840/1940/3619 1841/1941/3624 1839/1939/3620
f 1841/1941/3624 1842/1942/3625 1839/1939/3620
f 1839/1939/3620 1842/1942/3625 1837/1934/3612
f 1842/1942/3625 1843/1943/3621 1837/1934/3612
f 1844/1949/3622 1831/1937/3608 1833/1931/3611
f 2729/2004/3626 2730/2005/3627 2731/2006/3628
f 2735/2003/3623 2730/2005/3627 2728/2000/3615
f 1837/1934/3612 1844/1949/3622 1833/1931/3611
f 2734/2007/3629 2730/2005/3627 2735/2003/3623
f 2733/2008/3630 2730/2005/3627 2734/2007/3629
f 2732/2009/3631 2730/2005/3627 2733/2008/3630
f 2731/2006/3628 2730/2005/3627 2732/2009/3631
f 1845/2010/3632 1846/2011/3633 1847/160/3634
f 1847/160/3634 1848/2012/3635 1849/161/3636
f 2728/2000/3615 2730/2005/3627 2729/2004/3626
f 2727/2013/3637 2728/2000/3615 2729/2004/3626
f 2725/2001/3616 2728/2000/3615 2727/2013/3637
f 1852/2014/3638 1848/2012/3635 1846/2011/3633
f 1848/2012/3635 1847/160/3634 1846/2011/3633
f 2726/2015/3639 2725/2001/3616 2727/2013/3637
f 2723/2016/3640 2725/2001/3616 2726/2015/3639
f 2721/1998/3605 2724/1997/3604 2723/2016/3640
f 1849/161/3636 1848/2012/3635 1850/162/3641
f 2722/2017/3642 2721/1998/3605 2723/2016/3640
f 1850/162/3641 1848/2012/3635 1851/2018/3643
f 1851/2018/3643 1848/2012/3635 1852/2014/3638
f 1852/2014/3638 1846/2011/3633 1853/2019/3644
f 1853/2019/3644 1846/2011/3633 1854/2020/3645
f 1855/2010/3646 1856/2021/3647 1854/2020/3645
f 1854/2020/3645 1856/2021/3647 1857/2022/3648
f 1857/2022/3648 1858/2023/3649 1859/2024/3650
f 2724/1997/3604 2725/2001/3616 2723/2016/3640
f 1846/2011/3633 1855/2010/3646 1854/2020/3645
f 1856/2021/3647 1858/2023/3649 1857/2022/3648
f 2719/1971/3564 2721/1998/3605 2720/2025/3651
f 1861/2026/3652 1862/2027/3653 1859/2024/3650
f 1862/2027/3653 1863/2028/3654 1859/2024/3650
f 1863/2028/3654 1864/2029/3655 1859/2024/3650
f 1864/2029/3655 1854/2020/3645 1857/2022/3648
f 2715/1972/3565 2717/1969/3562 2716/2030/3656
f 2714/2031/3657 2715/1972/3565 2716/2030/3656
f 2720/2025/3651 2721/1998/3605 2722/2017/3642
f 1858/2023/3649 1860/2032/3658 1859/2024/3650
f 1860/2032/3658 1861/2026/3652 1859/2024/3650
f 2718/2033/3659 2719/1971/3564 2720/2025/3651
f 2717/1969/3562 2719/1971/3564 2718/2033/3659
f 1863/2028/3654 1862/2027/3653 1865/2034/3660
f 1862/2027/3653 1866/2035/3661 1865/2034/3660
f 2716/2030/3656 2717/1969/3562 2718/2033/3659
f 1859/2024/3650 1864/2029/3655 1857/2022/3648
f 2708/1959/3552 2711/1958/3551 2710/2036/3662
f 2709/2037/3663 2708/1959/3552 2710/2036/3662
f 1853/2019/3644 1854/2020/3645 1864/2029/3655
f 2713/1980/3575 2715/1972/3565 2714/2031/3657
f 2712/2038/3664 2713/1980/3575 2714/2031/3657
f 2711/1958/3551 2713/1980/3575 2712/2038/3664
f 2710/2036/3662 2711/1958/3551 2712/2038/3664
f 1861/2026/3652 1868/2039/3665 1867/2040/3666
f 1867/2040/3666 1868/2039/3665 1869/164/3667
f 1868/2039/3665 1870/165/3668 1869/164/3667
f 2707/2041/3669 2708/1959/3552 2709/2037/3663
f 2704/1960/3553 2708/1959/3552 2707/2041/3669
f 2703/2042/3670 2704/1960/3553 2705/2043/3671
f 1861/2026/3652 1867/2040/3666 1862/2027/3653
f 2658/1966/3559 2704/1960/3553 2703/2042/3670
f 1862/2027/3653 1867/2040/3666 1866/2035/3661
f 2702/2044/3672 2658/1966/3559 2703/2042/3670
f 1866/2035/3661 1867/2040/3666 1871/163/3673
f 1867/2040/3666 1869/164/3667 1871/163/3673
f 2659/2045/3674 2658/1966/3559 2702/2044/3672
f 2706/2046/3675 2704/1960/3553 2707/2041/3669
f 2705/2043/3671 2704/1960/3553 2706/2046/3675
f 1872/1950/3676 1873/1952/3677 1874/1951/3678
f 1876/1954/3679 1873/1952/3677 1877/1955/3680
f 2660/2047/3681 2699/2048/3682 2661/2049/3683
f 2701/2050/3684 2699/2048/3682 2660/2047/3681
f 2659/2045/3674 2701/2050/3684 2660/2047/3681
f 2702/2044/3672 2701/2050/3684 2659/2045/3674
f 1874/1951/3678 1873/1952/3677 1875/1953/3685
f 1875/1953/3685 1873/1952/3677 1876/1954/3679
f 1873/1952/3677 1878/1956/3686 1877/1955/3680
f 2698/2051/3687 2699/2048/3682 2700/2052/3688
f 1878/1956/3686 1879/1963/3689 1877/1955/3680
f 1879/1963/3689 1880/1965/3690 1877/1955/3680
f 1877/1955/3680 1880/1965/3690 1881/1964/3691
f 1880/1965/3690 1882/1968/3692 1881/1964/3691
f 2662/2053/3693 2661/2049/3683 2696/2054/3694
f 2700/2052/3688 2701/2050/3684 2702/2044/3672
f 2699/2048/3682 2701/2050/3684 2700/2052/3688
f 2661/2049/3683 2699/2048/3682 2698/2051/3687
f 2697/2055/3695 2661/2049/3683 2698/2051/3687
f 2696/2054/3694 2661/2049/3683 2697/2055/3695
f 1884/157/3696 1887/158/3697 1886/1975/3698
f 1887/158/3697 1888/1977/3699 1886/1975/3698
f 2665/2056/3700 2680/2057/3701 2666/2058/3702
f 1888/1977/3699 1889/1979/3703 1886/1975/3698
f 1886/1975/3698 1889/1979/3703 1890/1978/3704
f 1889/1979/3703 1891/1982/3705 1890/1978/3704
f 2664/2059/3706 2684/2060/3707 2665/2056/3700
f 1883/159/3708 1884/157/3696 1885/1974/3709
f 1885/1974/3709 1884/157/3696 1886/1975/3698
f 1890/1978/3704 1891/1982/3705 1892/1983/3710
f 2682/2061/3711 2680/2057/3701 2665/2056/3700
f 2684/2060/3707 2682/2061/3711 2665/2056/3700
f 1895/1986/3712 1896/1990/3713 1892/1983/3710
f 1892/1983/3710 1896/1990/3713 1890/1978/3704
f 2687/2062/3714 2684/2060/3707 2664/2059/3706
f 2690/2063/3715 2687/2062/3714 2664/2059/3706
f 2663/2064/3716 2690/2063/3715 2664/2059/3706
f 2693/2065/3717 2690/2063/3715 2663/2064/3716
f 1891/1982/3705 1893/1984/3718 1892/1983/3710
f 2695/2066/3719 2696/2054/3694 2694/2067/3720
f 1893/1984/3718 1894/1985/3721 1892/1983/3710
f 2662/2053/3693 2696/2054/3694 2695/2066/3719
f 1894/1985/3721 1895/1986/3712 1892/1983/3710
f 2663/2064/3716 2662/2053/3693 2695/2066/3719
f 1896/1990/3713 1897/1991/3722 1890/1978/3704
f 1890/1978/3704 1897/1991/3722 1886/1975/3698
f 1897/1991/3722 1885/1974/3709 1886/1975/3698
f 2693/2065/3717 2663/2064/3716 2695/2066/3719
f 1898/2068/3723 1899/2069/3724 1900/2070/3725
f 1899/2069/3724 1901/2071/3726 1900/2070/3725
f 1900/2070/3725 1901/2071/3726 1902/2072/3727
f 2693/2065/3717 2695/2066/3719 2694/2067/3720
f 1902/2072/3727 1901/2071/3726 1903/2073/3728
f 2692/2074/3729 2693/2065/3717 2694/2067/3720
f 1901/2071/3726 1905/2075/3730 1904/2076/3731
f 1904/2076/3731 1905/2075/3730 1906/2077/3732
f 2690/2063/3715 2693/2065/3717 2692/2074/3729
f 2688/2078/3733 2687/2062/3714 2689/2079/3734
f 1901/2071/3726 1904/2076/3731 1903/2073/3728
f 1903/2073/3728 1904/2076/3731 1907/2080/3735
f 2691/2081/3736 2690/2063/3715 2692/2074/3729
f 2689/2079/3734 2690/2063/3715 2691/2081/3736
f 2687/2062/3714 2690/2063/3715 2689/2079/3734
f 1906/2077/3732 1907/2080/3735 1904/2076/3731
f 2686/2082/3737 2687/2062/3714 2688/2078/3733
f 2684/2060/3707 2687/2062/3714 2686/2082/3737
f 1903/2073/3728 1907/2080/3735 1908/2083/3738
f 2685/2084/3739 2684/2060/3707 2686/2082/3737
f 1908/2083/3738 1907/2080/3735 1909/2085/3740
f 1907/2080/3735 1906/2077/3732 1909/2085/3740
f 2680/2057/3701 2682/2061/3711 2681/2086/3741
f 2666/2058/3702 2680/2057/3701 2679/2087/3742
f 2683/2088/3743 2684/2060/3707 2685/2084/3739
f 1906/2077/3732 1910/2089/3744 1909/2085/3740
f 2682/2061/3711 2684/2060/3707 2683/2088/3743
f 1910/2089/3744 1911/2090/3745 1909/2085/3740
f 1909/2085/3740 1911/2090/3745 1912/2091/3746
f 2681/2086/3741 2682/2061/3711 2683/2088/3743
f 1911/2090/3745 1914/2092/3747 1913/2093/3748
f 1914/2092/3747 1915/2094/3749 1913/2093/3748
f 1913/2093/3748 1915/2094/3749 1916/2095/3750
f 1916/2095/3750 1917/2096/3751 1918/2097/3752
f 2679/2087/3742 2680/2057/3701 2681/2086/3741
f 1912/2091/3746 1908/2083/3738 1909/2085/3740
f 2677/2098/3753 2667/2099/3754 2678/2100/3755
f 2668/2101/3756 2667/2099/3754 2677/2098/3753
f 1912/2091/3746 1911/2090/3745 1913/2093/3748
f 2670/2102/3757 2669/2103/3758 2676/2104/3759
f 1915/2094/3749 1917/2096/3751 1916/2095/3750
f 2667/2099/3754 2666/2058/3702 2679/2087/3742
f 1916/2095/3750 1918/2097/3752 1919/2105/3760
f 1918/2097/3752 1920/2106/3761 1919/2105/3760
f 1919/2105/3760 1920/2106/3761 1921/2107/3762
f 1920/2106/3761 1922/2108/3763 1921/2107/3762
f 2678/2100/3755 2667/2099/3754 2679/2087/3742
f 2676/2104/3759 2668/2101/3756 2677/2098/3753
f 2669/2103/3758 2668/2101/3756 2676/2104/3759
f 1922/2108/3763 1923/2109/3764 1921/2107/3762
f 1921/2107/3762 1923/2109/3764 1924/2110/3765
f 1923/2109/3764 1925/2111/3766 1924/2110/3765
f 2639/2112/3767 2675/2113/3768 2638/2114/3769
f 1925/2111/3766 1926/2115/3770 1924/2110/3765
f 2674/2116/3771 2675/2113/3768 2639/2112/3767
f 1926/2115/3770 1927/2117/3772 1924/2110/3765
f 1924/2110/3765 1927/2117/3772 1921/2107/3762
f 1921/2107/3762 1927/2117/3772 1919/2105/3760
f 1927/2117/3772 1928/2118/3773 1919/2105/3760
f 1928/2118/3773 1929/2119/3774 1919/2105/3760
f 2640/2120/3775 2674/2116/3771 2639/2112/3767
f 2673/2121/3776 2674/2116/3771 2640/2120/3775
f 2672/2122/3777 2673/2121/3776 2640/2120/3775
f 2670/2102/3757 2671/2123/3778 2641/2124/3779
f 2642/2125/3780 2670/2102/3757 2641/2124/3779
f 1919/2105/3760 1929/2119/3774 1916/2095/3750
f 1929/2119/3774 1930/2126/3781 1916/2095/3750
f 1916/2095/3750 1930/2126/3781 1913/2093/3748
f 2669/2103/3758 2670/2102/3757 2642/2125/3780
f 1913/2093/3748 1930/2126/3781 1912/2091/3746
f 2643/2127/3782 2669/2103/3758 2642/2125/3780
f 1931/2128/3783 1929/2119/3774 1932/2129/3784
f 2671/2123/3778 2672/2122/3777 2640/2120/3775
f 2641/2124/3779 2671/2123/3778 2640/2120/3775
f 1912/2091/3746 1930/2126/3781 1931/2128/3783
f 1930/2126/3781 1929/2119/3774 1931/2128/3783
f 1929/2119/3774 1928/2118/3773 1932/2129/3784
f 1932/2129/3784 1928/2118/3773 1933/2130/3785
f 2668/2101/3756 2669/2103/3758 2643/2127/3782
f 1934/2131/3786 1927/2117/3772 1935/2132/3787
f 1927/2117/3772 1926/2115/3770 1935/2132/3787
f 1926/2115/3770 1936/2133/3788 1935/2132/3787
f 2644/2134/3789 2667/2099/3754 2643/2127/3782
f 2666/2058/3702 2667/2099/3754 2644/2134/3789
f 2645/2135/3790 2666/2058/3702 2644/2134/3789
f 2646/2136/3791 2666/2058/3702 2645/2135/3790
f 1933/2130/3785 1928/2118/3773 1934/2131/3786
f 1928/2118/3773 1927/2117/3772 1934/2131/3786
f 1935/2132/3787 1936/2133/3788 1937/2137/3792
f 2667/2099/3754 2668/2101/3756 2643/2127/3782
f 1937/2137/3792 1936/2133/3788 1938/2138/3793
f 1938/2138/3793 1936/2133/3788 1939/2139/3794
f 1939/2139/3794 1925/2111/3766 1941/2140/3795
f 2665/2056/3700 2666/2058/3702 2646/2136/3791
f 2647/2141/3796 2665/2056/3700 2646/2136/3791
f 1940/2142/3797 1938/2138/3793 1939/2139/3794
f 2663/2064/3716 2664/2059/3706 2647/2141/3796
f 2648/2143/3798 2663/2064/3716 2647/2141/3796
f 1939/2139/3794 1936/2133/3788 1925/2111/3766
f 1925/2111/3766 1936/2133/3788 1926/2115/3770
f 2664/2059/3706 2665/2056/3700 2647/2141/3796
f 2662/2053/3693 2663/2064/3716 2648/2143/3798
f 2649/2144/3799 2662/2053/3693 2648/2143/3798
f 2650/2145/3800 2662/2053/3693 2649/2144/3799
f 1942/2146/3801 1943/2147/3802 1944/2148/3803
f 1943/2147/3802 1946/2149/3804 1945/2150/3805
f 1946/2149/3804 1947/2151/3806 1945/2150/3805
f 2659/2045/3674 2660/2047/3681 2651/2152/3807
f 2652/2153/3808 2659/2045/3674 2651/2152/3807
f 2658/1966/3559 2659/2045/3674 2652/2153/3808
f 2650/2145/3800 2661/2049/3683 2662/2053/3693
f 1944/2148/3803 1943/2147/3802 1945/2150/3805
f 2660/2047/3681 2661/2049/3683 2650/2145/3800
f 1945/2150/3805 1947/2151/3806 1948/2154/3809
f 2651/2152/3807 2660/2047/3681 2650/2145/3800
f 1948/2154/3809 1947/2151/3806 1949/2155/3810
f 1947/2151/3806 1950/2156/3811 1949/2155/3810
f 1951/2157/3812 1950/2156/3811 1952/2158/3813
f 2657/1962/3555 2658/1966/3559 2652/2153/3808
f 2653/2159/3814 2657/1962/3555 2652/2153/3808
f 1949/2155/3810 1950/2156/3811 1951/2157/3812
f 1950/2156/3811 1953/2160/3815 1952/2158/3813
f 1952/2158/3813 1953/2160/3815 1954/2161/3816
f 2655/1989/3585 2656/1967/3560 2653/2159/3814
f 2654/2162/3817 2655/1989/3585 2653/2159/3814
f 2569/2163/3818 2654/2162/3817 2653/2159/3814
f 1955/2164/3819 1957/2165/3820 1956/2166/3821
f 2623/2167/3822 2569/2163/3818 2653/2159/3814
f 1957/2165/3820 1958/2168/3823 1956/2166/3821
f 1956/2166/3821 1958/2168/3823 1959/2169/3824
f 2656/1967/3560 2657/1962/3555 2653/2159/3814
f 2652/2153/3808 2623/2167/3822 2653/2159/3814
f 1959/2169/3824 1958/2168/3823 1960/2170/3825
f 1958/2168/3823 1961/2171/3826 1960/2170/3825
f 1961/2171/3826 1962/2172/3827 1960/2170/3825
f 1960/2170/3825 1962/2172/3827 1963/2173/3828
f 2624/2174/3829 2623/2167/3822 2651/2152/3807
f 1967/2175/3830 1969/2176/3831 1968/2177/3832
f 2650/2145/3800 2624/2174/3829 2651/2152/3807
f 1963/2173/3828 1962/2172/3827 1964/2178/3833
f 2648/2143/3798 2626/2179/3834 2649/2144/3799
f 1962/2172/3827 1965/2180/3835 1964/2178/3833
f 1964/2178/3833 1965/2180/3835 1966/2181/3836
f 1965/2180/3835 1967/2175/3830 1966/2181/3836
f 1966/2181/3836 1967/2175/3830 1968/2177/3832
f 2651/2152/3807 2623/2167/3822 2652/2153/3808
f 1969/2176/3831 1970/2182/3837 1968/2177/3832
f 1968/2177/3832 1970/2182/3837 1971/2183/3838
f 1971/2183/3838 1970/2182/3837 1972/2184/3839
f 1970/2182/3837 1973/2185/3840 1972/2184/3839
f 2625/2186/3841 2624/2174/3829 2650/2145/3800
f 2649/2144/3799 2625/2186/3841 2650/2145/3800
f 2626/2179/3834 2625/2186/3841 2649/2144/3799
f 2627/2187/3842 2626/2179/3834 2648/2143/3798
f 2647/2141/3796 2627/2187/3842 2648/2143/3798
f 2646/2136/3791 2627/2187/3842 2647/2141/3796
f 2628/2188/3843 2627/2187/3842 2646/2136/3791
f 1974/2189/3844 1975/2190/3845 1976/2191/3846
f 2645/2135/3790 2628/2188/3843 2646/2136/3791
f 2644/2134/3789 2629/2192/3847 2645/2135/3790
f 1975/2190/3845 1977/2193/3848 1976/2191/3846
f 1976/2191/3846 1977/2193/3848 1978/2194/3849
f 2629/2192/3847 2628/2188/3843 2645/2135/3790
f 1979/2194/3850 1981/2193/3851 1980/2195/3852
f 1984/2196/3853 1986/2197/3854 1985/2198/3855
f 2630/2199/3856 2629/2192/3847 2644/2134/3789
f 1981/2193/3851 1982/2200/3857 1980/2195/3852
f 1980/2195/3852 1982/2200/3857 1983/2201/3858
f 1982/2200/3857 1984/2196/3853 1983/2201/3858
f 1983/2201/3858 1984/2196/3853 1985/2198/3855
f 1985/2198/3855 1986/2197/3854 1987/2202/3859
f 2641/2124/3779 2632/2203/3860 2642/2125/3780
f 2631/2204/3861 2630/2199/3856 2644/2134/3789
f 1990/2205/3862 1992/2206/3863 1991/2207/3864
f 1991/2207/3864 1992/2206/3863 1993/2208/3865
f 1992/2206/3863 1994/2209/3866 1993/2208/3865
f 2643/2127/3782 2631/2204/3861 2644/2134/3789
f 1994/2209/3866 1995/2210/3867 1993/2208/3865
f 1993/2208/3865 1995/2210/3867 1996/2211/3868
f 2642/2125/3780 2631/2204/3861 2643/2127/3782
f 2632/2203/3860 2631/2204/3861 2642/2125/3780
f 2633/2212/3869 2632/2203/3860 2641/2124/3779
f 1988/2213/3870 1990/2205/3862 1989/2214/3871
f 1989/2214/3871 1990/2205/3862 1991/2207/3864
f 2640/2120/3775 2633/2212/3869 2641/2124/3779
f 2634/2215/3872 2633/2212/3869 2640/2120/3775
f 2635/2216/3873 2634/2215/3872 2640/2120/3775
f 1996/2211/3868 1997/2217/3874 1993/2208/3865
f 2639/2112/3767 2635/2216/3873 2640/2120/3775
f 1997/2217/3874 1998/2218/3875 1993/2208/3865
f 1993/2208/3865 1998/2218/3875 1999/2219/3876
f 2636/2220/3877 2635/2216/3873 2639/2112/3767
f 2000/2221/3878 2001/2222/3879 1999/2219/3876
f 2638/2114/3769 2636/2220/3877 2639/2112/3767
f 1999/2219/3876 2002/2223/3880 2003/2224/3881
f 2637/2225/3882 2636/2220/3877 2638/2114/3769
f 1998/2218/3875 2000/2221/3878 1999/2219/3876
f 2001/2222/3879 2002/2223/3880 1999/2219/3876
f 2003/2224/3881 2005/2226/3883 2004/2227/3884
f 2598/2228/3885 2636/2220/3877 2637/2225/3882
f 2006/2229/3886 2008/2230/3887 2007/2231/3888
f 2007/2231/3888 2008/2230/3887 2009/2232/3889
f 2008/2230/3887 2010/2233/3890 2009/2232/3889
f 2598/2228/3885 2637/2225/3882 2599/2234/3891
f 1999/2219/3876 2003/2224/3881 2004/2227/3884
f 2590/2235/3892 2636/2220/3877 2592/2236/3893
f 2005/2226/3883 2006/2229/3886 2004/2227/3884
f 2004/2227/3884 2006/2229/3886 2007/2231/3888
f 2012/2237/3894 2014/2238/3895 2013/2239/3896
f 2013/2239/3896 2014/2238/3895 2015/2240/3897
f 2015/2240/3897 2016/2241/3898 2017/2242/3899
f 2635/2216/3873 2636/2220/3877 2590/2235/3892
f 2589/2243/3900 2635/2216/3873 2590/2235/3892
f 2634/2215/3872 2635/2216/3873 2589/2243/3900
f 2009/2232/3889 2010/2233/3890 2011/2244/3901
f 2010/2233/3890 2012/2237/3894 2011/2244/3901
f 2011/2244/3901 2012/2237/3894 2013/2239/3896
f 2014/2238/3895 2016/2241/3898 2015/2240/3897
f 2636/2220/3877 2598/2228/3885 2592/2236/3893
f 2017/2242/3899 2018/2245/3902 2015/2240/3897
f 2009/2232/3889 2020/2246/3903 2007/2231/3888
f 2587/2247/3904 2634/2215/3872 2589/2243/3900
f 2586/2248/3905 2634/2215/3872 2587/2247/3904
f 2015/2240/3897 2018/2245/3902 2013/2239/3896
f 2633/2212/3869 2634/2215/3872 2586/2248/3905
f 2013/2239/3896 2018/2245/3902 2011/2244/3901
f 2018/2245/3902 2019/2249/3906 2011/2244/3901
f 2011/2244/3901 2019/2249/3906 2009/2232/3889
f 2019/2249/3906 2020/2246/3903 2009/2232/3889
f 2007/2231/3888 2021/2250/3907 2004/2227/3884
f 2583/2251/3908 2633/2212/3869 2586/2248/3905
f 2021/2250/3907 2022/2252/3909 1999/2219/3876
f 2632/2203/3860 2633/2212/3869 2583/2251/3908
f 2023/2253/3910 1991/2207/3864 1993/2208/3865
f 2582/2254/3911 2632/2203/3860 2583/2251/3908
f 2579/2255/3912 2630/2199/3856 2582/2254/3911
f 2020/2246/3903 2021/2250/3907 2007/2231/3888
f 2004/2227/3884 2021/2250/3907 1999/2219/3876
f 1999/2219/3876 2022/2252/3909 2023/2253/3910
f 2023/2253/3910 2024/2256/3913 2025/2257/3914
f 2631/2204/3861 2632/2203/3860 2582/2254/3911
f 2630/2199/3856 2631/2204/3861 2582/2254/3911
f 1999/2219/3876 2023/2253/3910 1993/2208/3865
f 1991/2207/3864 2025/2257/3914 2027/2258/3915
f 2578/2259/3916 2630/2199/3856 2579/2255/3912
f 2629/2192/3847 2630/2199/3856 2578/2259/3916
f 2026/2260/3917 2025/2257/3914 2024/2256/3913
f 2024/2256/3913 2023/2253/3910 2022/2252/3909
f 2574/2261/3918 2628/2188/3843 2577/2262/3919
f 2023/2253/3910 2025/2257/3914 1991/2207/3864
f 2025/2257/3914 2026/2260/3917 2027/2258/3915
f 2027/2258/3915 2026/2260/3917 2028/2263/3920
f 2626/2179/3834 2627/2187/3842 2574/2261/3918
f 2577/2262/3919 2629/2192/3847 2578/2259/3916
f 2628/2188/3843 2629/2192/3847 2577/2262/3919
f 2627/2187/3842 2628/2188/3843 2574/2261/3918
f 2572/2264/3921 2626/2179/3834 2574/2261/3918
f 2625/2186/3841 2626/2179/3834 2572/2264/3921
f 2624/2174/3829 2625/2186/3841 2571/2265/3922
f 1989/2214/3871 1991/2207/3864 2027/2258/3915
f 2570/2266/3923 2624/2174/3829 2571/2265/3922
f 2020/2246/3903 2019/2249/3906 2031/2267/3924
f 2571/2265/3922 2625/2186/3841 2572/2264/3921
f 2623/2167/3822 2624/2174/3829 2570/2266/3923
f 2022/2252/3909 2021/2250/3907 2029/2268/3925
f 2569/2163/3818 2623/2167/3822 2570/2266/3923
f 2029/2268/3925 2021/2250/3907 2030/2269/3926
f 2021/2250/3907 2020/2246/3903 2030/2269/3926
f 2030/2269/3926 2020/2246/3903 2031/2267/3924
f 2031/2267/3924 2019/2249/3906 2032/2270/3927
f 2019/2249/3906 2018/2245/3902 2032/2270/3927
f 2032/2270/3927 2018/2245/3902 2033/2271/3928
f 2018/2245/3902 2017/2242/3899 2033/2271/3928
f 2017/2242/3899 2016/2241/3898 2034/2272/3929
f 2016/2241/3898 2035/2273/3930 2034/2272/3929
f 2613/2274/3931 2617/2275/3932 2614/2276/3933
f 2035/2273/3930 2036/2277/3934 2034/2272/3929
f 2036/2277/3934 2033/2271/3928 2034/2272/3929
f 2034/2272/3929 2033/2271/3928 2017/2242/3899
f 2621/2278/3935 2620/2279/3936 2622/2280/3937
f 2616/2279/3938 2620/2279/3936 2615/2281/3939
f 2619/2282/3940 2620/2279/3936 2616/2279/3938
f 2622/2280/3937 2620/2279/3936 2619/2282/3940
f 2615/2281/3939 2620/2279/3936 2621/2278/3935
f 2038/2283/3941 2037/2284/3942 2039/2285/3943
f 2037/2284/3942 2040/2286/3944 2039/2285/3943
f 2040/2286/3944 2042/2287/3945 2041/2288/3946
f 2041/2288/3946 2042/2287/3945 2043/2289/3947
f 2036/2277/3934 2037/2284/3942 2033/2271/3928
f 2033/2271/3928 2037/2284/3942 2038/2283/3941
f 2614/2276/3933 2617/2275/3932 2616/2279/3938
f 2039/2285/3943 2040/2286/3944 2041/2288/3946
f 2042/2287/3945 2044/2290/3948 2043/2289/3947
f 2044/2290/3948 2046/2291/3949 2045/2292/3950
f 2045/2292/3950 2046/2291/3949 2047/2293/3951
f 2615/2281/3939 2614/2276/3933 2616/2279/3938
f 2616/2279/3938 2618/2294/3952 2619/2282/3940
f 2617/2275/3932 2618/2294/3952 2616/2279/3938
f 2610/2295/3953 2614/2276/3933 2615/2281/3939
f 2043/2289/3947 2044/2290/3948 2045/2292/3950
f 2047/2293/3951 2046/2291/3949 2048/2296/3954
f 2048/2296/3954 2046/2291/3949 2049/2297/3955
f 2046/2291/3949 2050/2298/3956 2049/2297/3955
f 2049/2297/3955 2051/2299/3957 2052/2300/3958
f 2614/2276/3933 2611/2301/3959 2613/2274/3931
f 2610/2295/3953 2611/2301/3959 2614/2276/3933
f 2050/2298/3956 2051/2299/3957 2049/2297/3955
f 2051/2299/3957 2053/2302/3960 2052/2300/3958
f 2053/2302/3960 2054/2303/3961 2052/2300/3958
f 2052/2300/3958 2054/2303/3961 2055/2304/3962
f 2054/2303/3961 2056/2305/3963 2055/2304/3962
f 2056/2305/3963 2057/2306/3964 2055/2304/3962
f 2612/2307/3965 2613/2274/3931 2611/2301/3959
f 2606/2308/3966 2612/2307/3965 2611/2301/3959
f 2607/2309/3967 2606/2308/3966 2611/2301/3959
f 2610/2295/3953 2607/2309/3967 2611/2301/3959
f 2052/2300/3958 2055/2304/3962 2057/2306/3964
f 2609/2310/3968 2607/2309/3967 2610/2295/3953
f 2594/2311/3969 2607/2309/3967 2609/2310/3968
f 2058/2312/3970 2046/2291/3949 2059/2313/3971
f 2604/2314/3972 2608/2315/3973 2602/2316/3974
f 2595/2317/3975 2596/2318/3976 2602/2316/3974
f 2061/2319/3977 2044/2290/3948 2062/2320/3978
f 2044/2290/3948 2042/2287/3945 2062/2320/3978
f 2594/2311/3969 2595/2317/3975 2608/2315/3973
f 2607/2309/3967 2594/2311/3969 2608/2315/3973
f 2604/2314/3972 2607/2309/3967 2608/2315/3973
f 2050/2298/3956 2046/2291/3949 2058/2312/3970
f 2606/2308/3966 2607/2309/3967 2604/2314/3972
f 2046/2291/3949 2044/2290/3948 2059/2313/3971
f 2059/2313/3971 2044/2290/3948 2060/2321/3979
f 2605/2322/3980 2606/2308/3966 2604/2314/3972
f 2060/2321/3979 2044/2290/3948 2061/2319/3977
f 2603/2323/3981 2605/2322/3980 2604/2314/3972
f 2602/2316/3974 2603/2323/3981 2604/2314/3972
f 2042/2287/3945 2063/2324/3982 2062/2320/3978
f 2608/2315/3973 2595/2317/3975 2602/2316/3974
f 2065/2325/3983 2063/2324/3982 2066/2326/3984
f 2063/2324/3982 2042/2287/3945 2066/2326/3984
f 2066/2326/3984 2040/2286/3944 2067/2327/3985
f 2062/2320/3978 2063/2324/3982 2064/2328/3986
f 2064/2328/3986 2063/2324/3982 2065/2325/3983
f 2065/2325/3983 2066/2326/3984 2067/2327/3985
f 2040/2286/3944 2066/2326/3984 2042/2287/3945
f 2601/2329/3987 2603/2323/3981 2602/2316/3974
f 2065/2325/3983 2067/2327/3985 2068/2330/3988
f 2596/2318/3976 2601/2329/3987 2602/2316/3974
f 2068/2330/3988 2067/2327/3985 2069/2331/3989
f 2600/2332/3990 2601/2329/3987 2596/2318/3976
f 2069/2331/3989 2067/2327/3985 2070/2333/3991
f 2067/2327/3985 2040/2286/3944 2070/2333/3991
f 2597/2334/3992 2600/2332/3990 2596/2318/3976
f 2040/2286/3944 2037/2284/3942 2070/2333/3991
f 2070/2333/3991 2037/2284/3942 2071/2335/3993
f 2037/2284/3942 2036/2277/3934 2071/2335/3993
f 2599/2234/3891 2600/2332/3990 2597/2334/3992
f 2598/2228/3885 2599/2234/3891 2597/2334/3992
f 2592/2236/3893 2598/2228/3885 2597/2334/3992
f 2595/2317/3975 2594/2311/3969 2593/2336/3994
f 2596/2318/3976 2595/2317/3975 2593/2336/3994
f 2036/2277/3934 2072/2337/3995 2071/2335/3993
f 2597/2334/3992 2596/2318/3976 2593/2336/3994
f 2072/2337/3995 2073/2338/3996 2071/2335/3993
f 2071/2335/3993 2073/2338/3996 2070/2333/3991
f 2073/2338/3996 2074/2339/3997 2070/2333/3991
f 2070/2333/3991 2074/2339/3997 2069/2331/3989
f 2592/2236/3893 2597/2334/3992 2593/2336/3994
f 2591/2340/3998 2592/2236/3893 2593/2336/3994
f 2588/2341/3999 2590/2235/3892 2591/2340/3998
f 2072/2337/3995 2036/2277/3934 2075/2342/4000
f 2589/2243/3900 2590/2235/3892 2588/2341/3999
f 2075/2342/4000 2036/2277/3934 2076/2343/4001
f 2076/2343/4001 2036/2277/3934 2077/2344/4002
f 2077/2344/4002 2036/2277/3934 2078/2345/4003
f 2036/2277/3934 2035/2273/3930 2078/2345/4003
f 2591/2340/3998 2593/2336/3994 2594/2311/3969
f 2590/2235/3892 2592/2236/3893 2591/2340/3998
f 2587/2247/3904 2589/2243/3900 2588/2341/3999
f 2585/2346/4004 2587/2247/3904 2588/2341/3999
f 2581/2347/4005 2583/2251/3908 2584/2348/4006
f 2079/2196/4007 2080/2349/4008 2081/2197/4009
f 2582/2254/3911 2583/2251/3908 2581/2347/4005
f 2081/2197/4009 2080/2349/4008 2082/2350/4010
f 2082/2350/4010 2080/2349/4008 2083/2351/4011
f 2080/2349/4008 2084/2352/4012 2083/2351/4011
f 2083/2351/4011 2084/2352/4012 2085/2353/4013
f 2085/2353/4013 2084/2352/4012 2086/2354/4014
f 2084/2352/4012 2087/2355/4015 2086/2354/4014
f 2586/2248/3905 2587/2247/3904 2585/2346/4004
f 2583/2251/3908 2586/2248/3905 2585/2346/4004
f 2584/2348/4006 2583/2251/3908 2585/2346/4004
f 2579/2255/3912 2582/2254/3911 2581/2347/4005
f 2086/2354/4014 2087/2355/4015 2088/2356/4016
f 2087/2355/4015 2089/2357/4017 2088/2356/4016
f 2088/2356/4016 2089/2357/4017 2090/2358/4018
f 2090/2358/4018 2089/2357/4017 2091/2359/4019
f 2089/2357/4017 2092/2360/4020 2091/2359/4019
f 2091/2359/4019 2092/2360/4020 2093/874/4021
f 2092/2360/4020 2094/2361/4022 2093/874/4021
f 2574/2261/3918 2577/2262/3919 2576/2362/4023
f 2580/2363/4024 2579/2255/3912 2581/2347/4005
f 2576/2362/4023 2579/2255/3912 2580/2363/4024
f 2578/2259/3916 2579/2255/3912 2576/2362/4023
f 2577/2262/3919 2578/2259/3916 2576/2362/4023
f 2095/2364/4025 2096/2365/4026 2097/2366/4027
f 2097/2366/4027 2096/2365/4026 2098/2367/4028
f 2575/2368/4029 2574/2261/3918 2576/2362/4023
f 2098/2367/4028 2096/2365/4026 2099/2369/4030
f 2099/2369/4030 2096/2365/4026 2100/2370/4031
f 2100/2370/4031 2096/2365/4026 2101/2371/4032
f 2096/2365/4026 2102/2372/4033 2101/2371/4032
f 2101/2371/4032 2102/2372/4033 2103/2373/4034
f 2570/2266/3923 2571/2265/3922 2568/2374/4035
f 2569/2163/3818 2570/2266/3923 2568/2374/4035
f 2567/2375/4036 2569/2163/3818 2568/2374/4035
f 2573/2376/4037 2574/2261/3918 2575/2368/4029
f 2572/2264/3921 2574/2261/3918 2573/2376/4037
f 2102/2372/4033 2104/2377/4038 2103/2373/4034
f 2103/2373/4034 2104/2377/4038 2105/2378/4039
f 2104/2377/4038 2106/2379/4040 2105/2378/4039
f 2105/2378/4039 2106/2379/4040 2107/2380/4041
f 2106/2379/4040 2108/2381/4042 2107/2380/4041
f 2568/2374/4035 2572/2264/3921 2573/2376/4037
f 2571/2265/3922 2572/2264/3921 2568/2374/4035
f 2564/2382/4043 2565/2383/4044 2563/2384/4045
f 2109/2385/4046 2110/2386/4047 2111/2387/4048
f 2110/2386/4047 2112/2388/4049 2111/2387/4048
f 2111/2387/4048 2112/2388/4049 2113/2389/4050
f 2112/2388/4049 2114/2390/4051 2113/2389/4050
f 2113/2389/4050 2114/2390/4051 2115/2391/4052
f 2560/2392/4053 2562/2393/4054 2561/2394/4055
f 2563/2384/4045 2565/2383/4044 2566/2395/4056
f 2562/2393/4054 2564/2382/4043 2563/2384/4045
f 2561/2394/4055 2562/2393/4054 2563/2384/4045
f 2558/2396/4057 2560/2392/4053 2559/2397/4058
f 2116/2364/4059 2118/2398/4060 2117/2365/4061
f 2117/2365/4061 2118/2398/4060 2119/2399/4062
f 2118/2398/4060 2120/2400/4063 2119/2399/4062
f 2119/2399/4062 2120/2400/4063 2121/2401/4064
f 2120/2400/4063 2122/2402/4065 2121/2401/4064
f 2122/2402/4065 2123/2403/4066 2121/2401/4064
f 2121/2401/4064 2123/2403/4066 2124/2404/4067
f 2553/2405/4068 2555/2406/4069 2554/2407/4070
f 2559/2397/4058 2560/2392/4053 2561/2394/4055
f 2557/2408/4071 2558/2396/4057 2559/2397/4058
f 2124/2404/4067 2123/2403/4066 2125/2409/4072
f 2123/2403/4066 2126/2410/4073 2125/2409/4072
f 2556/2411/4074 2558/2396/4057 2557/2408/4071
f 2126/2410/4073 2127/873/4075 2125/2409/4072
f 2554/2407/4070 2556/2411/4074 2557/2408/4071
f 2555/2406/4069 2556/2411/4074 2554/2407/4070
f 2127/873/4075 2128/870/4076 2125/2409/4072
f 2125/2409/4072 2128/870/4076 2124/2404/4067
f 2546/2412/4077 2547/2413/4078 2548/2414/4079
f 2544/2415/4080 2547/2413/4078 2546/2412/4077
f 2545/2416/4081 2544/2415/4080 2546/2412/4077
f 2124/2404/4067 2129/2417/4082 2121/2401/4064
f 2550/2418/4083 2551/2419/4084 2552/2420/4085
f 2549/2421/4086 2551/2419/4084 2550/2418/4083
f 2548/2414/4079 2549/2421/4086 2550/2418/4083
f 2547/2413/4078 2549/2421/4086 2548/2414/4079
f 2130/2422/4087 2132/2423/4088 2131/2424/4089
f 2131/2424/4089 2132/2423/4088 2133/2425/4090
f 2132/2423/4088 2134/2426/4091 2133/2425/4090
f 2133/2425/4090 2134/2426/4091 2135/2427/4092
f 2134/2426/4091 2136/2428/4093 2135/2427/4092
f 2136/2428/4093 2137/2429/4094 2135/2427/4092
f 2135/2427/4092 2137/2429/4094 2138/2430/4095
f 2137/2429/4094 2139/2431/4096 2138/2430/4095
f 2138/2430/4095 2139/2431/4096 2140/2432/4097
f 2543/2433/4098 2544/2415/4080 2545/2416/4081
f 2140/2432/4097 2139/2431/4096 2141/2434/4099
f 2139/2431/4096 2142/2385/4100 2141/2434/4099
f 2141/2434/4099 2142/2385/4100 2143/2387/4101
f 2540/2435/4102 2544/2415/4080 2543/2433/4098
f 2542/2436/4103 2540/2435/4102 2543/2433/4098
f 2541/2437/4104 2540/2435/4102 2542/2436/4103
f 2539/2438/4105 2540/2435/4102 2541/2437/4104
f 2536/2439/4106 2540/2435/4102 2539/2438/4105
f 2538/2440/4107 2536/2439/4106 2539/2438/4105
f 2537/2441/4108 2536/2439/4106 2538/2440/4107
f 2144/2442/4109 2146/2443/4110 2145/2444/4111
f 2146/2443/4110 2147/2445/4112 2145/2444/4111
f 2531/556/4113 2533/2446/4114 2534/2447/4115
f 2145/2444/4111 2148/2448/4116 2149/2449/4117
f 2532/2450/4118 2533/2446/4114 2531/556/4113
f 2150/2451/4119 2151/2452/4120 2149/2449/4117
f 2149/2449/4117 2151/2452/4120 2152/2453/4121
f 2530/2454/4122 2532/2450/4118 2531/556/4113
f 2534/2447/4115 2536/2439/4106 2537/2441/4108
f 2535/2455/4123 2536/2439/4106 2534/2447/4115
f 2533/2446/4114 2535/2455/4123 2534/2447/4115
f 2147/2445/4112 2148/2448/4116 2145/2444/4111
f 2148/2448/4116 2150/2451/4119 2149/2449/4117
f 2149/2449/4117 2152/2453/4121 2153/2456/4124
f 2155/2457/4125 2157/2458/4126 2156/2459/4127
f 2156/2459/4127 2157/2458/4126 2158/2460/4128
f 2525/2461/4129 2524/2462/4130 2526/2463/4131
f 2522/2464/4132 2524/2462/4130 2525/2461/4129
f 2152/2453/4121 2154/2465/4133 2153/2456/4124
f 2527/2466/4134 2529/176/4135 2528/175/4136
f 2154/2465/4133 2155/2457/4125 2153/2456/4124
f 2153/2456/4124 2155/2457/4125 2156/2459/4127
f 2526/2463/4131 2527/2466/4134 2528/175/4136
f 2524/2462/4130 2527/2466/4134 2526/2463/4131
f 2523/2467/4137 2527/2466/4134 2524/2462/4130
f 2161/2468/4138 2164/2469/4139 2163/2470/4140
f 2520/2471/4141 2521/2472/4142 2519/2473/4143
f 2159/2474/4144 2161/2468/4138 2160/2475/4145
f 2160/2475/4145 2161/2468/4138 2162/2476/4146
f 2523/2467/4137 2524/2462/4130 2522/2464/4132
f 2162/2476/4146 2161/2468/4138 2163/2470/4140
f 2521/2472/4142 2523/2467/4137 2522/2464/4132
f 2519/2473/4143 2521/2472/4142 2522/2464/4132
f 2518/2477/4147 2520/2471/4141 2519/2473/4143
f 2165/2478/4148 2166/2479/4149 2167/2480/4150
f 2167/2480/4150 2166/2479/4149 2168/2481/4151
f 2168/2481/4151 2166/2479/4149 2169/2482/4152
f 2513/2483/4153 2515/2484/4154 2514/2485/4155
f 2169/2482/4152 2166/2479/4149 2170/2486/4156
f 2166/2479/4149 2171/2487/4157 2170/2486/4156
f 2510/2488/4158 2513/2483/4153 2512/2489/4159
f 2514/2485/4155 2516/2490/4160 2517/2491/4161
f 2515/2484/4154 2516/2490/4160 2514/2485/4155
f 2512/2489/4159 2513/2483/4153 2514/2485/4155
f 2510/2488/4158 2512/2489/4159 2511/2492/4162
f 2172/2493/4163 2173/2494/4164 2174/2495/4165
f 2508/2496/4166 2510/2488/4158 2511/2492/4162
f 2173/2494/4164 2175/2497/4167 2174/2495/4165
f 2174/2495/4165 2175/2497/4167 2176/2498/4168
f 2175/2497/4167 2177/2499/4169 2176/2498/4168
f 2176/2498/4168 2177/2499/4169 2178/2500/4170
f 2177/2499/4169 2179/2501/4171 2178/2500/4170
f 2178/2500/4170 2179/2501/4171 2180/2502/4172
f 2509/2503/4173 2510/2488/4158 2508/2496/4166
f 2180/2502/4172 2179/2501/4171 2181/2504/4174
f 2179/2501/4171 2182/2505/4175 2181/2504/4174
f 2181/2504/4174 2182/2505/4175 2183/2506/4176
f 2182/2505/4175 2184/2507/4177 2183/2506/4176
f 2183/2506/4176 2184/2507/4177 2185/2508/4178
f 2184/2507/4177 2186/2509/4179 2185/2508/4178
f 2185/2508/4178 2186/2509/4179 2187/2510/4180
f 2507/2511/4181 2509/2503/4173 2508/2496/4166
f 2506/2512/4182 2507/2511/4181 2508/2496/4166
f 2505/2513/4183 2507/2511/4181 2506/2512/4182
f 2504/2514/4184 2505/2513/4183 2506/2512/4182
f 2501/173/4185 2503/172/4186 2502/2515/4187
f 2499/2516/4188 2501/173/4185 2502/2515/4187
f 2186/2509/4179 2189/2517/4189 2188/2518/4190
f 2188/2518/4190 2189/2517/4189 2190/2519/4191
f 2500/2520/4192 2501/173/4185 2499/2516/4188
f 2189/2517/4189 2192/2521/4193 2191/2522/4194
f 2498/2523/4195 2500/2520/4192 2499/2516/4188
f 2187/2510/4180 2186/2509/4179 2188/2518/4190
f 2190/2519/4191 2189/2517/4189 2191/2522/4194
f 2191/2522/4194 2192/2521/4193 2193/2524/4196
f 2193/2524/4196 2192/2521/4193 2194/2525/4197
f 2192/2521/4193 2195/2526/4198 2194/2525/4197
f 2194/2525/4197 2195/2526/4198 2196/2527/4199
f 2195/2526/4198 2197/2528/4200 2196/2527/4199
f 2495/2529/4201 2496/2520/4202 2497/2523/4203
f 2493/2530/4204 2496/2520/4202 2495/2529/4201
f 2494/2531/4205 2493/2530/4204 2495/2529/4201
f 2492/2532/4206 2493/2530/4204 2494/2531/4205
f 2197/2528/4200 2195/2526/4198 2198/2533/4207
f 2195/2526/4198 2192/2521/4193 2198/2533/4207
f 2192/2521/4193 2189/2517/4189 2199/2534/4208
f 2199/2534/4208 2189/2517/4189 2200/2535/4209
f 2486/2536/4210 2489/2537/4211 2490/2538/4212
f 2488/2539/4213 2489/2537/4211 2486/2536/4210
f 2487/2540/4214 2488/2539/4213 2486/2536/4210
f 2188/2518/4190 2190/2519/4191 2201/2541/4215
f 2485/2542/4216 2487/2540/4214 2486/2536/4210
f 2484/2543/4217 2485/2542/4216 2486/2536/4210
f 2483/2544/4218 2485/2542/4216 2484/2543/4217
f 2489/2537/4211 2491/2545/4219 2490/2538/4212
f 2198/2533/4207 2192/2521/4193 2199/2534/4208
f 2200/2535/4209 2189/2517/4189 2202/2546/4220
f 2189/2517/4189 2203/2547/4221 2202/2546/4220
f 2202/2546/4220 2203/2547/4221 2204/2548/4222
f 2203/2547/4221 2189/2517/4189 2205/2549/4223
f 2189/2517/4189 2186/2509/4179 2205/2549/4223
f 2480/167/4224 2481/2550/4225 2482/168/4226
f 2479/2551/4227 2481/2550/4225 2480/167/4224
f 2476/2552/4228 2477/2545/4229 2478/2537/4230
f 2205/2549/4223 2204/2548/4222 2203/2547/4221
f 2475/2551/4231 2477/2545/4229 2476/2552/4228
f 2474/2550/4232 2475/2551/4231 2476/2552/4228
f 2205/2549/4223 2186/2509/4179 2206/2553/4233
f 2206/2553/4233 2184/2507/4177 2207/2554/4234
f 2184/2507/4177 2182/2505/4175 2207/2554/4234
f 2207/2554/4234 2182/2505/4175 2208/2555/4235
f 2182/2505/4175 2179/2501/4171 2208/2555/4235
f 2446/2556/4236 2453/2557/4237 2448/2558/4238
f 2471/2559/4239 2473/2560/4240 2472/2561/4241
f 2470/2562/4242 2471/2559/4239 2472/2561/4241
f 2186/2509/4179 2184/2507/4177 2206/2553/4233
f 2179/2501/4171 2177/2499/4169 2208/2555/4235
f 2177/2499/4169 2209/2563/4243 2208/2555/4235
f 2468/2564/4244 2466/2565/4245 2469/2566/4246
f 2467/2567/4247 2466/2565/4245 2468/2564/4244
f 2208/2555/4235 2211/2568/4248 2207/2554/4234
f 2211/2568/4248 2212/2569/4249 2207/2554/4234
f 2207/2554/4234 2212/2569/4249 2206/2553/4233
f 2212/2569/4249 2213/2570/4250 2206/2553/4233
f 2206/2553/4233 2213/2570/4250 2205/2549/4223
f 2465/2571/4251 2466/2565/4245 2467/2567/4247
f 2466/2565/4245 2471/2559/4239 2470/2562/4242
f 2469/2566/4246 2466/2565/4245 2470/2562/4242
f 2209/2563/4243 2210/2572/4252 2208/2555/4235
f 2210/2572/4252 2211/2568/4248 2208/2555/4235
f 2214/2573/4253 2215/2574/4254 2205/2549/4223
f 2213/2570/4250 2214/2573/4253 2205/2549/4223
f 2205/2549/4223 2215/2574/4254 2204/2548/4222
f 2462/2575/4255 2466/2565/4245 2465/2571/4251
f 2464/2576/4256 2462/2575/4255 2465/2571/4251
f 2463/2577/4257 2462/2575/4255 2464/2576/4256
f 2461/2578/4258 2462/2575/4255 2463/2577/4257
f 2210/2572/4252 2209/2563/4243 2216/2579/4259
f 2209/2563/4243 2177/2499/4169 2217/2580/4260
f 2460/2581/4261 2462/2575/4255 2461/2578/4258
f 2177/2499/4169 2175/2497/4167 2217/2580/4260
f 2218/2582/4262 2219/2583/4263 2217/2580/4260
f 2456/2584/4264 2455/2585/4265 2460/2581/4261
f 2217/2580/4260 2216/2579/4259 2209/2563/4243
f 2459/2586/4266 2460/2581/4261 2461/2578/4258
f 2456/2584/4264 2460/2581/4261 2459/2586/4266
f 2458/2587/4267 2456/2584/4264 2459/2586/4266
f 2175/2497/4167 2218/2582/4262 2217/2580/4260
f 2219/2583/4263 2218/2582/4262 2220/2588/4268
f 2220/2588/4268 2218/2582/4262 2221/2589/4269
f 2455/2585/4265 2456/2584/4264 2454/2590/4270
f 2221/2589/4269 2218/2582/4262 2222/2591/4271
f 2452/2592/4272 2453/2557/4237 2454/2590/4270
f 2456/2584/4264 2458/2587/4267 2457/2593/4273
f 2454/2590/4270 2456/2584/4264 2457/2593/4273
f 2219/2583/4263 2216/2579/4259 2217/2580/4260
f 2453/2557/4237 2455/2585/4265 2454/2590/4270
f 2221/2589/4269 2223/2594/4274 2220/2588/4268
f 2220/2588/4268 2223/2594/4274 2224/2595/4275
f 2173/2494/4164 2222/2591/4271 2175/2497/4167
f 2175/2497/4167 2222/2591/4271 2218/2582/4262
f 2448/2558/4238 2453/2557/4237 2452/2592/4272
f 2451/2596/4276 2448/2558/4238 2452/2592/4272
f 2450/2597/4277 2448/2558/4238 2451/2596/4276
f 2449/2598/4278 2448/2558/4238 2450/2597/4277
f 2447/2599/4279 2448/2558/4238 2449/2598/4278
f 2223/2594/4274 2225/2600/4280 2224/2595/4275
f 2446/2556/4236 2448/2558/4238 2447/2599/4279
f 2445/2601/4281 2446/2556/4236 2447/2599/4279
f 2197/2528/4200 2226/2602/4282 2196/2527/4199
f 2226/2602/4282 2227/2603/4283 2196/2527/4199
f 2441/2604/4284 2440/2605/4285 2442/2606/4286
f 2438/2607/4287 2440/2605/4285 2441/2604/4284
f 2439/2608/4288 2440/2605/4285 2438/2607/4287
f 2196/2527/4199 2227/2603/4283 2228/2609/4289
f 2443/2610/4290 2446/2556/4236 2445/2601/4281
f 2444/2611/4291 2443/2610/4290 2445/2601/4281
f 2442/2606/4286 2443/2610/4290 2444/2611/4291
f 2440/2605/4285 2443/2610/4290 2442/2606/4286
f 2436/2612/4292 2439/2608/4288 2438/2607/4287
f 2229/2613/4293 2231/2614/4294 2230/2615/4295
f 2230/2615/4295 2231/2614/4294 2232/2616/4296
f 2232/2616/4296 2231/2614/4294 2233/2617/4297
f 2231/2614/4294 2234/2618/4298 2233/2617/4297
f 2233/2617/4297 2234/2618/4298 2235/2619/4299
f 2235/2619/4299 2234/2618/4298 2236/2620/4300
f 2236/2620/4300 2234/2618/4298 2237/2621/4301
f 2238/2622/4302 2240/2623/4303 2239/2624/4304
f 2437/2625/4305 2436/2612/4292 2438/2607/4287
f 2434/2626/4306 2436/2612/4292 2437/2625/4305
f 2435/2627/4307 2436/2612/4292 2434/2626/4306
f 2432/2628/4308 2435/2627/4307 2434/2626/4306
f 2234/2618/4298 2238/2622/4302 2237/2621/4301
f 2433/2629/4309 2432/2628/4308 2434/2626/4306
f 2237/2621/4301 2238/2622/4302 2239/2624/4304
f 2239/2624/4304 2240/2623/4303 2241/2630/4310
f 2430/2631/4311 2432/2628/4308 2433/2629/4309
f 2241/2630/4310 2240/2623/4303 2242/2632/4312
f 2240/2623/4303 2243/2633/4313 2242/2632/4312
f 2431/2634/4314 2432/2628/4308 2430/2631/4311
f 2428/2635/4315 2431/2634/4314 2430/2631/4311
f 2429/2636/4316 2428/2635/4315 2430/2631/4311
f 2426/2637/4317 2428/2635/4315 2429/2636/4316
f 2244/2474/4318 2245/2475/4319 2246/2468/4320
f 2245/2475/4319 2247/2476/4321 2246/2468/4320
f 2427/2638/4322 2428/2635/4315 2426/2637/4317
f 2246/2468/4320 2248/2470/4323 2249/2469/4324
f 2247/2476/4321 2248/2470/4323 2246/2468/4320
f 2424/2639/4325 2427/2638/4322 2426/2637/4317
f 2425/2640/4326 2424/2639/4325 2426/2637/4317
f 2421/2641/4327 2422/2642/4328 2423/2643/4329
f 2254/2482/4330 2255/2486/4331 2251/2479/4332
f 2251/2479/4332 2255/2486/4331 2256/2487/4333
f 2420/2644/4334 2418/2645/4335 2421/2641/4327
f 2419/2646/4336 2418/2645/4335 2420/2644/4334
f 2423/2643/4329 2424/2639/4325 2425/2640/4326
f 2250/2478/4337 2252/2480/4338 2251/2479/4332
f 2422/2642/4328 2424/2639/4325 2423/2643/4329
f 2252/2480/4338 2253/2481/4339 2251/2479/4332
f 2253/2481/4339 2254/2482/4330 2251/2479/4332
f 2418/2645/4335 2422/2642/4328 2421/2641/4327
f 2417/2647/4340 2418/2645/4335 2419/2646/4336
f 2258/2648/4341 2259/2649/4342 2260/2650/4343
f 2259/2649/4342 2261/2651/4344 2260/2650/4343
f 2260/2650/4343 2261/2651/4344 2262/2652/4345
f 2416/2653/4346 2408/2654/4347 2410/2655/4348
f 2262/2652/4345 2261/2651/4344 2263/2656/4349
f 2412/2657/4350 2413/2658/4351 2414/2659/4352
f 2263/2656/4349 2261/2651/4344 2264/2660/4353
f 2261/2651/4344 2265/2661/4354 2264/2660/4353
f 2411/2662/4355 2414/2659/4352 2415/2663/4356
f 2257/2664/4357 2259/2649/4342 2258/2648/4341
f 2412/2657/4350 2414/2659/4352 2411/2662/4355
f 2263/2656/4349 2266/2665/4358 2267/2666/4359
f 2413/2658/4351 2412/2657/4350 2407/2667/4360
f 2267/2666/4359 2266/2665/4358 2268/2668/4361
f 2266/2665/4358 2269/2669/4362 2268/2668/4361
f 2331/2670/4363 2413/2658/4351 2407/2667/4360
f 2413/2658/4351 2331/2670/4363 2333/2671/4364
f 2259/2649/4342 2265/2661/4354 2261/2651/4344
f 2409/2672/4365 2407/2667/4360 2412/2657/4350
f 2411/2662/4355 2409/2672/4365 2412/2657/4350
f 2331/2670/4363 2407/2667/4360 2329/2673/4366
f 2264/2660/4353 2266/2665/4358 2263/2656/4349
f 2409/2672/4365 2411/2662/4355 2410/2655/4348
f 2408/2654/4347 2409/2672/4365 2410/2655/4348
f 2407/2667/4360 2409/2672/4365 2408/2654/4347
f 2329/2673/4366 2407/2667/4360 2408/2654/4347
f 2266/2665/4358 2273/2674/4367 2272/2675/4368
f 2272/2675/4368 2273/2674/4367 2274/2676/4369
f 2327/2677/4370 2328/2678/4371 2405/2653/4372
f 2328/2678/4371 2329/2673/4366 2406/2654/4373
f 2269/2669/4362 2266/2665/4358 2270/2679/4374
f 2270/2679/4374 2266/2665/4358 2271/2680/4375
f 2405/2653/4372 2328/2678/4371 2406/2654/4373
f 2271/2680/4375 2266/2665/4358 2272/2675/4368
f 2274/2676/4369 2273/2674/4367 2275/2681/4376
f 2276/2682/4377 2273/2674/4367 2277/2683/4378
f 2402/2684/4379 2403/2685/4380 2384/2686/4381
f 2385/2687/4382 2401/2688/4383 2384/2686/4381
f 2384/2686/4381 2404/2689/4384 2381/2690/4385
f 2403/2685/4380 2404/2689/4384 2384/2686/4381
f 2275/2681/4376 2273/2674/4367 2276/2682/4377
f 2401/2688/4383 2402/2684/4379 2384/2686/4381
f 2277/2683/4378 2273/2674/4367 2278/2691/4386
f 2278/2691/4386 2273/2674/4367 2279/2692/4387
f 2273/2674/4367 2280/2693/4388 2279/2692/4387
f 2280/2693/4388 2281/2694/4389 2279/2692/4387
f 2392/2695/4390 2397/2696/4391 2385/2687/4382
f 2282/2697/4392 2283/2698/4393 2279/2692/4387
f 2396/2699/4394 2397/2696/4391 2392/2695/4390
f 2395/2700/4395 2396/2699/4394 2392/2695/4390
f 2394/2701/4396 2395/2700/4395 2392/2695/4390
f 2398/2702/4397 2400/2684/4398 2399/2688/4399
f 2385/2687/4382 2398/2702/4397 2399/2688/4399
f 2397/2696/4391 2398/2702/4397 2385/2687/4382
f 2264/2660/4353 2273/2674/4367 2266/2665/4358
f 2393/2703/4400 2394/2701/4396 2392/2695/4390
f 2391/2704/4401 2393/2703/4400 2392/2695/4390
f 2385/2687/4382 2391/2704/4401 2392/2695/4390
f 2281/2694/4389 2282/2697/4392 2279/2692/4387
f 2279/2692/4387 2283/2698/4393 2284/2705/4402
f 2284/2705/4402 2283/2698/4393 2285/2706/4403
f 2287/2707/4404 2283/2698/4393 2288/2708/4405
f 2283/2698/4393 2289/2709/4406 2288/2708/4405
f 2390/2710/4407 2391/2704/4401 2385/2687/4382
f 2386/2711/4408 2390/2710/4407 2385/2687/4382
f 2387/2712/4409 2390/2710/4407 2386/2711/4408
f 2284/2705/4402 2278/2691/4386 2279/2692/4387
f 2389/2713/4410 2390/2710/4407 2387/2712/4409
f 2388/2714/4411 2389/2713/4410 2387/2712/4409
f 2345/2715/4412 2388/2714/4411 2387/2712/4409
f 2386/2711/4408 2345/2715/4412 2387/2712/4409
f 2346/2716/4413 2345/2715/4412 2386/2711/4408
f 2378/2717/4414 2385/2687/4382 2384/2686/4381
f 2346/2716/4413 2386/2711/4408 2378/2717/4414
f 2285/2706/4403 2283/2698/4393 2286/2718/4415
f 2286/2718/4415 2283/2698/4393 2287/2707/4404
f 2290/2719/4416 2289/2709/4406 2291/2720/4417
f 2289/2709/4406 2292/2721/4418 2291/2720/4417
f 2291/2720/4417 2292/2721/4418 2293/2722/4419
f 2292/2721/4418 2294/2723/4420 2293/2722/4419
f 2293/2722/4419 2294/2723/4420 2295/2724/4421
f 2294/2723/4420 2296/2725/4422 2295/2724/4421
f 2385/2687/4382 2378/2717/4414 2386/2711/4408
f 2379/2726/4423 2378/2717/4414 2384/2686/4381
f 2288/2708/4405 2289/2709/4406 2290/2719/4416
f 2296/2725/4422 2297/2727/4424 2298/2728/4425
f 2299/2729/4426 2297/2727/4424 2300/2730/4427
f 2301/2731/4428 2303/2732/4429 2302/2733/4430
f 2379/2726/4423 2381/2690/4385 2380/2734/4431
f 2384/2686/4381 2381/2690/4385 2379/2726/4423
f 2294/2723/4420 2297/2727/4424 2296/2725/4422
f 2346/2716/4413 2378/2717/4414 2374/2735/4432
f 2298/2728/4425 2297/2727/4424 2299/2729/4426
f 2381/2690/4385 2383/2736/4433 2382/2737/4434
f 2297/2727/4424 2301/2731/4428 2300/2730/4427
f 2300/2730/4427 2301/2731/4428 2302/2733/4430
f 2380/2734/4431 2381/2690/4385 2382/2737/4434
f 2303/2732/4429 2301/2731/4428 2304/2738/4435
f 2374/2735/4432 2379/2726/4423 2380/2734/4431
f 2304/2738/4435 2301/2731/4428 2305/2739/4436
f 2301/2731/4428 2306/2740/4437 2305/2739/4436
f 2305/2739/4436 2306/2740/4437 2307/2741/4438
f 2306/2740/4437 2308/2742/4439 2307/2741/4438
f 2378/2717/4414 2379/2726/4423 2374/2735/4432
f 2347/2743/4440 2346/2716/4413 2374/2735/4432
f 2372/2744/4441 2376/2737/4442 2371/2745/4443
f 2375/2734/4444 2376/2737/4442 2372/2744/4441
f 2374/2735/4432 2375/2734/4444 2372/2744/4441
f 2373/2746/4445 2374/2735/4432 2372/2744/4441
f 2347/2743/4440 2374/2735/4432 2373/2746/4445
f 2309/2747/4446 2310/2748/4447 2311/2749/4448
f 2348/2750/4449 2347/2743/4440 2373/2746/4445
f 2312/2751/4450 2313/2752/4451 2311/2749/4448
f 2311/2749/4448 2313/2752/4451 2314/2753/4452
f 2376/2737/4442 2377/2736/4453 2371/2745/4443
f 2310/2748/4447 2312/2751/4450 2311/2749/4448
f 2314/2753/4452 2313/2752/4451 2315/2754/4454
f 2313/2752/4451 2316/2755/4455 2315/2754/4454
f 2315/2754/4454 2316/2755/4455 2317/2756/4456
f 2367/2757/4457 2348/2750/4449 2372/2744/4441
f 2317/2756/4456 2316/2755/4455 2318/2758/4458
f 2371/2745/4443 2367/2757/4457 2372/2744/4441
f 2318/2758/4458 2316/2755/4455 2319/2759/4459
f 2370/2760/4460 2367/2757/4457 2371/2745/4443
f 2369/2761/4461 2367/2757/4457 2370/2760/4460
f 2368/2762/4462 2367/2757/4457 2369/2761/4461
f 2348/2750/4449 2367/2757/4457 2368/2762/4462
f 2315/2754/4454 2317/2756/4456 2321/2763/4463
f 2372/2744/4441 2348/2750/4449 2373/2746/4445
f 2317/2756/4456 2322/2764/4464 2321/2763/4463
f 2364/2762/4465 2366/2761/4466 2365/2765/4467
f 2348/2750/4449 2364/2762/4465 2349/2766/4468
f 2319/2759/4459 2316/2755/4455 2320/2767/4469
f 2316/2755/4455 2313/2752/4451 2320/2767/4469
f 2362/2768/4470 2360/2769/4471 2365/2765/4467
f 2359/2770/4472 2365/2765/4467 2360/2769/4471
f 2364/2762/4465 2365/2765/4467 2359/2770/4472
f 2325/2771/4473 2327/2677/4370 2326/2772/4474
f 2349/2766/4468 2364/2762/4465 2359/2770/4472
f 2350/2773/4475 2349/2766/4468 2359/2770/4472
f 2360/2769/4471 2350/2773/4475 2359/2770/4472
f 2361/2774/4476 2350/2773/4475 2360/2769/4471
f 2312/2751/4450 2323/2775/4477 2313/2752/4451
f 2313/2752/4451 2323/2775/4477 2324/2767/4478
f 2323/2775/4477 2325/2771/4473 2324/2767/4478
f 2324/2767/4478 2325/2771/4473 2326/2772/4474
f 2361/2774/4476 2362/2768/4470 2363/2776/4479
f 2328/2678/4371 2323/2775/4477 2329/2673/4366
f 2323/2775/4477 2312/2751/4450 2329/2673/4366
f 2329/2673/4366 2312/2751/4450 2310/2748/4447
f 2360/2769/4471 2362/2768/4470 2361/2774/4476
f 2326/2772/4474 2330/2759/4480 2324/2767/4478
f 2357/2774/4481 2358/2776/4482 2355/2777/4483
f 2353/2778/4484 2351/2779/4485 2357/2774/4481
f 2355/2777/4483 2353/2778/4484 2357/2774/4481
f 2357/2774/4481 2351/2779/4485 2350/2773/4475
f 2327/2677/4370 2325/2771/4473 2328/2678/4371
f 2325/2771/4473 2323/2775/4477 2328/2678/4371
f 2356/2663/4486 2354/2659/4487 2355/2777/4483
f 2329/2673/4366 2310/2748/4447 2331/2670/4363
f 2310/2748/4447 2332/2780/4488 2331/2670/4363
f 2331/2670/4363 2332/2780/4488 2333/2671/4364
f 2332/2780/4488 2335/2781/4489 2334/2782/4490
f 2353/2778/4484 2355/2777/4483 2354/2659/4487
f 2334/2782/4490 2336/2783/4491 2337/2784/4492
f 2352/2658/4493 2353/2778/4484 2354/2659/4487
f 2351/2779/4485 2353/2778/4484 2352/2658/4493
f 2337/2784/4492 2350/2773/4475 2334/2782/4490
f 2333/2671/4364 2332/2780/4488 2334/2782/4490
f 2335/2781/4489 2336/2783/4491 2334/2782/4490
f 2337/2784/4492 2338/2785/4494 2339/2786/4495
f 2339/2786/4495 2340/2787/4496 2341/2788/4497
f 2340/2787/4496 2342/2789/4498 2341/2788/4497
f 2342/2789/4498 2343/2790/4499 2341/2788/4497
f 2341/2788/4497 2343/2790/4499 2344/2791/4500
f 2333/2671/4364 2351/2779/4485 2352/2658/4493
f 2334/2782/4490 2351/2779/4485 2333/2671/4364
f 2350/2773/4475 2351/2779/4485 2334/2782/4490
f 2336/2783/4491 2338/2785/4494 2337/2784/4492
f 2338/2785/4494 2340/2787/4496 2339/2786/4495
f 2349/2766/4468 2350/2773/4475 2337/2784/4492
f 2344/2791/4500 2345/2715/4412 2341/2788/4497
f 2348/2750/4449 2349/2766/4468 2339/2786/4495
f 2347/2743/4440 2348/2750/4449 2339/2786/4495
f 2341/2788/4497 2347/2743/4440 2339/2786/4495
f 2339/2786/4495 2349/2766/4468 2337/2784/4492
f 2346/2716/4413 2347/2743/4440 2341/2788/4497
f 2345/2715/4412 2346/2716/4413 2341/2788/4497
