mtllib model_3.mtl
o model_3
v -0.21278099715709686 -0.042650364339351654 0.12348110973834991 
v -0.20945224165916443 -0.06578470766544342 0.1213868036866188 
v -0.20945224165916443 -0.06578470766544342 0.12348110973834991 
v -0.19966179132461548 -0.08772245049476624 0.1213868036866188 
v -0.19966179132461548 -0.08772245049476624 0.12348110973834991 
v -0.18399707973003387 -0.10739993304014206 0.1213868036866188 
v -0.18399707973003387 -0.10739993304014206 0.12348110973834991 
v -0.1630455106496811 -0.12388648092746735 0.1213868036866188 
v -0.1630455106496811 -0.12388648092746735 0.12348110973834991 
v -0.13798196613788605 -0.13625138998031616 0.1213868036866188 
v -0.13798196613788605 -0.13625138998031616 0.12348110973834991 
v -0.10998127609491348 -0.14382988214492798 0.1213868036866188 
v -0.10998127609491348 -0.14382988214492798 0.12348110973834991 
v -0.08060992509126663 -0.1464889943599701 0.1213868036866188 
v -0.08060992509126663 -0.1464889943599701 0.12348110973834991 
v 0.05586894974112511 -0.1464889943599701 0.1213868036866188 
v 0.05586894974112511 -0.1464889943599701 0.12348110973834991 
v 0.08524029701948166 -0.14382988214492798 0.1213868036866188 
v 0.08524029701948166 -0.14382988214492798 0.12348110973834991 
v 0.11324098706245422 -0.13625138998031616 0.1213868036866188 
v 0.11324098706245422 -0.13625138998031616 0.12348110973834991 
v 0.13830453157424927 -0.12388648092746735 0.1213868036866188 
v 0.13830453157424927 -0.12388648092746735 0.12348110973834991 
v 0.15925610065460205 -0.10739993304014206 0.1213868036866188 
v 0.15925610065460205 -0.10739993304014206 0.12348110973834991 
v 0.17492082715034485 -0.08772245049476624 0.1213868036866188 
v 0.17492082715034485 -0.08772245049476624 0.12348110973834991 
v 0.1847112625837326 -0.06578470766544342 0.1213868036866188 
v 0.1847112625837326 -0.06578470766544342 0.12348110973834991 
v 0.18804001808166504 -0.042650364339351654 0.1213868036866188 
v 0.18804001808166504 -0.042650364339351654 0.12348110973834991 
v 0.18804001808166504 0.021833296865224838 0.1213868036866188 
v 0.18804001808166504 0.021833296865224838 0.12348110973834991 
v 0.1847112625837326 0.044967640191316605 0.1213868036866188 
v 0.1847112625837326 0.044967640191316605 0.12348110973834991 
v 0.17492082715034485 0.06690537929534912 0.1213868036866188 
v 0.17492082715034485 0.06690537929534912 0.12348110973834991 
v 0.15925610065460205 0.08658286929130554 0.1213868036866188 
v 0.15925610065460205 0.08658286929130554 0.12348110973834991 
v 0.13830453157424927 0.10306940972805023 0.1213868036866188 
v 0.13830453157424927 0.10306940972805023 0.12348110973834991 
v 0.11324098706245422 0.11543431878089905 0.1213868036866188 
v 0.11324098706245422 0.11543431878089905 0.12348110973834991 
v 0.08524029701948166 0.12301281094551086 0.1213868036866188 
v 0.08524029701948166 0.12301281094551086 0.12348110973834991 
v 0.05586894974112511 0.12567193806171417 0.1213868036866188 
v 0.05586894974112511 0.12567193806171417 0.12348110973834991 
v -0.08060992509126663 0.12567193806171417 0.1213868036866188 
v -0.08060992509126663 0.12567193806171417 0.12348110973834991 
v -0.10998127609491348 0.12301281094551086 0.1213868036866188 
v -0.10998127609491348 0.12301281094551086 0.12348110973834991 
v -0.13798196613788605 0.11543431878089905 0.1213868036866188 
v -0.13798196613788605 0.11543431878089905 0.12348110973834991 
v -0.1630455106496811 0.10306940972805023 0.1213868036866188 
v -0.1630455106496811 0.10306940972805023 0.12348110973834991 
v -0.18399707973003387 0.08658286929130554 0.1213868036866188 
v -0.18399707973003387 0.08658286929130554 0.12348110973834991 
v -0.19966179132461548 0.06690537929534912 0.1213868036866188 
v -0.19966179132461548 0.06690537929534912 0.12348110973834991 
v -0.20945224165916443 0.044967640191316605 0.1213868036866188 
v -0.20945224165916443 0.044967640191316605 0.12348110973834991 
v -0.21278099715709686 0.021833296865224838 0.1213868036866188 
v -0.21278099715709686 0.021833296865224838 0.12348110973834991 
v -0.21278099715709686 -0.042650364339351654 0.1213868036866188 
v 0.11187031865119934 -0.1347888708114624 0.12013021111488342 
v 0.08406544476747513 -0.14236736297607422 0.1202000230550766 
v 0.08308640122413635 -0.14090484380722046 0.1211075559258461 
v 0.05430247634649277 -0.14343100786209106 0.1211075559258461 
v 0.05508571118116379 -0.14489352703094482 0.1202000230550766 
v -0.07904345542192459 -0.14343100786209106 0.1211075559258461 
v -0.07982669025659561 -0.14489352703094482 0.1202000230550766 
v -0.10782737284898758 -0.14090484380722046 0.1211075559258461 
v -0.10880642384290695 -0.14236736297607422 0.1202000230550766 
v -0.13504482805728912 -0.13332635164260864 0.1211075559258461 
v -0.13661129772663116 -0.1347888708114624 0.12013021111488342 
v -0.1595209538936615 -0.12122736126184464 0.1211075559258461 
v -0.1612832397222519 -0.12255691736936569 0.12013021111488342 
v -0.17988508939743042 -0.10513968765735626 0.1211075559258461 
v -0.18203899264335632 -0.10633628815412521 0.12013021111488342 
v -0.19535399973392487 -0.08586106449365616 0.1211075559258461 
v -0.19770370423793793 -0.086924709379673 0.12006040662527084 
v -0.2047528326511383 -0.06445515155792236 0.1211075559258461 
v -0.20729835331439972 -0.06511992961168289 0.12006040662527084 
v -0.20808158814907074 -0.04185262694954872 0.1211075559258461 
v -0.21062709391117096 -0.04225149750709534 0.12006040662527084 
v -0.20808158814907074 0.021035559475421906 0.1211075559258461 
v -0.21062709391117096 0.021434428170323372 0.12006040662527084 
v -0.2047528326511383 0.04363808035850525 0.1211075559258461 
v -0.20729835331439972 0.04430285841226578 0.12006040662527084 
v -0.19535399973392487 0.06504399329423904 0.1211075559258461 
v -0.19770370423793793 0.06610764563083649 0.12006040662527084 
v -0.17988508939743042 0.08432261645793915 0.1211075559258461 
v -0.18203899264335632 0.0855192169547081 0.12013021111488342 
v -0.1595209538936615 0.10041029006242752 0.1211075559258461 
v -0.1612832397222519 0.10173985362052917 0.12013021111488342 
v -0.13504482805728912 0.11250928789377213 0.1211075559258461 
v -0.13661129772663116 0.11397180706262589 0.12013021111488342 
v -0.10782737284898758 0.12008778005838394 0.1211075559258461 
v -0.10880642384290695 0.1215502992272377 0.1202000230550766 
v -0.07904345542192459 0.12261394411325455 0.1211075559258461 
v -0.07982669025659561 0.1240764632821083 0.1202000230550766 
v 0.05430247634649277 0.12261394411325455 0.1211075559258461 
v 0.05508571118116379 0.1240764632821083 0.1202000230550766 
v 0.08308640122413635 0.12008778005838394 0.1211075559258461 
v 0.08406544476747513 0.1215502992272377 0.1202000230550766 
v 0.1103038489818573 0.11250928789377213 0.1211075559258461 
v 0.11187031865119934 0.11397180706262589 0.12013021111488342 
v 0.13477997481822968 0.10041029006242752 0.1211075559258461 
v 0.13654226064682007 0.10173985362052917 0.12013021111488342 
v 0.1551441103219986 0.08432261645793915 0.1211075559258461 
v 0.1572980135679245 0.0855192169547081 0.12013021111488342 
v 0.17061302065849304 0.06504399329423904 0.1211075559258461 
v 0.1729627251625061 0.06610764563083649 0.12006040662527084 
v 0.18001185357570648 0.04363808035850525 0.1211075559258461 
v 0.1825573742389679 0.04430285841226578 0.12006040662527084 
v 0.18334060907363892 0.021035559475421906 0.1211075559258461 
v 0.18588612973690033 0.021434428170323372 0.12006040662527084 
v 0.18334060907363892 -0.04185262694954872 0.1211075559258461 
v 0.18588612973690033 -0.04225149750709534 0.12006040662527084 
v 0.18001185357570648 -0.06445515155792236 0.1211075559258461 
v 0.1825573742389679 -0.06511992961168289 0.12006040662527084 
v 0.17061302065849304 -0.08586106449365616 0.1211075559258461 
v 0.1729627251625061 -0.086924709379673 0.12006040662527084 
v 0.1551441103219986 -0.10513968765735626 0.1211075559258461 
v 0.1572980135679245 -0.10633628815412521 0.12013021111488342 
v 0.13477997481822968 -0.12122736126184464 0.1211075559258461 
v 0.13654226064682007 -0.12255691736936569 0.12013021111488342 
v 0.1103038489818573 -0.13332635164260864 0.1211075559258461 
v 0.1847112625837326 -0.06578470766544342 0.1213868036866188 
v 0.17492082715034485 -0.08772245049476624 0.1213868036866188 
v 0.18804001808166504 -0.042650364339351654 0.1213868036866188 
v 0.18804001808166504 0.021833296865224838 0.1213868036866188 
v 0.1847112625837326 0.044967640191316605 0.1213868036866188 
v 0.17492082715034485 0.06690537929534912 0.1213868036866188 
v 0.15925610065460205 0.08658286929130554 0.1213868036866188 
v 0.1572980135679245 0.0855192169547081 0.12013021111488342 
v 0.13830453157424927 0.10306940972805023 0.1213868036866188 
v 0.13654226064682007 0.10173985362052917 0.12013021111488342 
v 0.11324098706245422 0.11543431878089905 0.1213868036866188 
v 0.11187031865119934 0.11397180706262589 0.12013021111488342 
v 0.08524029701948166 0.12301281094551086 0.1213868036866188 
v 0.08406544476747513 0.1215502992272377 0.1202000230550766 
v 0.05508571118116379 0.1240764632821083 0.1202000230550766 
v -0.07982669025659561 0.1240764632821083 0.1202000230550766 
v -0.10998127609491348 0.12301281094551086 0.1213868036866188 
v -0.10880642384290695 0.1215502992272377 0.1202000230550766 
v -0.13798196613788605 0.11543431878089905 0.1213868036866188 
v -0.13661129772663116 0.11397180706262589 0.12013021111488342 
v -0.1630455106496811 0.10306940972805023 0.1213868036866188 
v -0.1612832397222519 0.10173985362052917 0.12013021111488342 
v -0.18399707973003387 0.08658286929130554 0.1213868036866188 
v -0.18203899264335632 0.0855192169547081 0.12013021111488342 
v -0.19966179132461548 0.06690537929534912 0.1213868036866188 
v -0.20945224165916443 0.044967640191316605 0.1213868036866188 
v -0.21278099715709686 0.021833296865224838 0.1213868036866188 
v -0.21278099715709686 -0.042650364339351654 0.1213868036866188 
v -0.20945224165916443 -0.06578470766544342 0.1213868036866188 
v -0.19966179132461548 -0.08772245049476624 0.1213868036866188 
v -0.18399707973003387 -0.10739993304014206 0.1213868036866188 
v -0.18203899264335632 -0.10633628815412521 0.12013021111488342 
v -0.1630455106496811 -0.12388648092746735 0.1213868036866188 
v -0.1612832397222519 -0.12255691736936569 0.12013021111488342 
v -0.13798196613788605 -0.13625138998031616 0.1213868036866188 
v -0.13661129772663116 -0.1347888708114624 0.12013021111488342 
v -0.10998127609491348 -0.14382988214492798 0.1213868036866188 
v -0.10880642384290695 -0.14236736297607422 0.1202000230550766 
v -0.07982669025659561 -0.14489352703094482 0.1202000230550766 
v 0.05508571118116379 -0.14489352703094482 0.1202000230550766 
v 0.08524029701948166 -0.14382988214492798 0.1213868036866188 
v 0.08406544476747513 -0.14236736297607422 0.1202000230550766 
v 0.11324098706245422 -0.13625138998031616 0.1213868036866188 
v 0.11187031865119934 -0.1347888708114624 0.12013021111488342 
v 0.13830453157424927 -0.12388648092746735 0.1213868036866188 
v 0.13654226064682007 -0.12255691736936569 0.12013021111488342 
v 0.15925610065460205 -0.10739993304014206 0.1213868036866188 
v 0.1572980135679245 -0.10633628815412521 0.12013021111488342 
v -0.07963088154792786 -0.13399113714694977 0.12550561130046844 
v -0.08041411638259888 -0.1446276158094406 0.12550561130046844 
v 0.05488990247249603 -0.13399113714694977 0.12550561130046844 
v 0.05567313730716705 -0.1446276158094406 0.12550561130046844 
v 0.08171573281288147 -0.13159792125225067 0.12550561130046844 
v 0.08484867960214615 -0.14210145175457 0.12550561130046844 
v 0.10619185864925385 -0.12481717020273209 0.12550561130046844 
v 0.11226194351911545 -0.1345229595899582 0.12550561130046844 
v 0.1281224638223648 -0.11391478031873703 0.12550561130046844 
v 0.13693387806415558 -0.12242396175861359 0.12550561130046844 
v 0.14652851223945618 -0.09942257404327393 0.12550561130046844 
v 0.15749381482601166 -0.10633628815412521 0.12550561130046844 
v 0.16023515164852142 -0.082138292491436 0.12550561130046844 
v 0.1729627251625061 -0.086924709379673 0.12550561130046844 
v 0.16885073482990265 -0.0628596767783165 0.12550561130046844 
v 0.1825573742389679 -0.0653858408331871 0.12550561130046844 
v 0.17178787291049957 -0.04198558256030083 0.12550561130046844 
v 0.18588612973690033 -0.04251740872859955 0.12550561130046844 
v 0.17178787291049957 0.02116851508617401 0.12550561130046844 
v 0.18588612973690033 0.021700339391827583 0.12550561130046844 
v 0.16885073482990265 0.04204260930418968 0.12550561130046844 
v 0.1825573742389679 0.04456877335906029 0.12550561130046844 
v 0.16023515164852142 0.06132122874259949 0.12550561130046844 
v 0.1729627251625061 0.06610764563083649 0.12550561130046844 
v 0.14652851223945618 0.07860551029443741 0.12550561130046844 
v 0.15749381482601166 0.0855192169547081 0.12550561130046844 
v 0.1281224638223648 0.09309770911931992 0.12550561130046844 
v 0.13693387806415558 0.10160689800977707 0.12550561130046844 
v 0.10619185864925385 0.10400010645389557 0.12550561130046844 
v 0.11226194351911545 0.11370588839054108 0.12550561130046844 
v 0.08171573281288147 0.11078085750341415 0.12550561130046844 
v 0.08484867960214615 0.1212843805551529 0.12550561130046844 
v 0.05488990247249603 0.11317406594753265 0.12550561130046844 
v 0.05567313730716705 0.1238105446100235 0.12550561130046844 
v -0.07963088154792786 0.11317406594753265 0.12550561130046844 
v -0.08041411638259888 0.1238105446100235 0.12550561130046844 
v -0.1064567118883133 0.11078085750341415 0.12550561130046844 
v -0.10958965867757797 0.1212843805551529 0.12550561130046844 
v -0.13093283772468567 0.10400010645389557 0.12550561130046844 
v -0.13700291514396667 0.11370588839054108 0.12550561130046844 
v -0.15286344289779663 0.09309770911931992 0.12550561130046844 
v -0.1616748571395874 0.10160689800977707 0.12550561130046844 
v -0.171269491314888 0.07860551029443741 0.12550561130046844 
v -0.18223479390144348 0.0855192169547081 0.12550561130046844 
v -0.18497611582279205 0.06132122874259949 0.12550561130046844 
v -0.19770370423793793 0.06610764563083649 0.12550561130046844 
v -0.19359171390533447 0.04204260930418968 0.12550561130046844 
v -0.20729835331439972 0.04456877335906029 0.12550561130046844 
v -0.1965288519859314 0.02116851508617401 0.12550561130046844 
v -0.21062709391117096 0.021700339391827583 0.12550561130046844 
v -0.1965288519859314 -0.04198558256030083 0.12550561130046844 
v -0.21062709391117096 -0.04251740872859955 0.12550561130046844 
v -0.19359171390533447 -0.0628596767783165 0.12550561130046844 
v -0.20729835331439972 -0.0653858408331871 0.12550561130046844 
v -0.18497611582279205 -0.082138292491436 0.12550561130046844 
v -0.19770370423793793 -0.086924709379673 0.12550561130046844 
v -0.171269491314888 -0.09942257404327393 0.12550561130046844 
v -0.18223479390144348 -0.10633628815412521 0.12550561130046844 
v -0.15286344289779663 -0.11391478031873703 0.12550561130046844 
v -0.1616748571395874 -0.12242396175861359 0.12550561130046844 
v -0.13093283772468567 -0.12481717020273209 0.12550561130046844 
v -0.13700291514396667 -0.1345229595899582 0.12550561130046844 
v -0.1064567118883133 -0.13159792125225067 0.12550561130046844 
v -0.10958965867757797 -0.14210145175457 0.12550561130046844 
v -0.10998127609491348 -0.14382988214492798 0.12348110973834991 
v -0.13798196613788605 -0.13625138998031616 0.12348110973834991 
v -0.1630455106496811 -0.12388648092746735 0.12348110973834991 
v -0.18399707973003387 -0.10739993304014206 0.12348110973834991 
v -0.19966179132461548 -0.08772245049476624 0.12348110973834991 
v -0.20945224165916443 -0.06578470766544342 0.12348110973834991 
v -0.21278099715709686 -0.042650364339351654 0.12348110973834991 
v -0.21278099715709686 0.021833296865224838 0.12348110973834991 
v -0.20945224165916443 0.044967640191316605 0.12348110973834991 
v -0.19966179132461548 0.06690537929534912 0.12348110973834991 
v -0.18399707973003387 0.08658286929130554 0.12348110973834991 
v -0.1630455106496811 0.10306940972805023 0.12348110973834991 
v -0.13798196613788605 0.11543431878089905 0.12348110973834991 
v -0.10998127609491348 0.12301281094551086 0.12348110973834991 
v -0.08060992509126663 0.12567193806171417 0.12348110973834991 
v 0.05586894974112511 0.12567193806171417 0.12348110973834991 
v 0.08524029701948166 0.12301281094551086 0.12348110973834991 
v 0.11324098706245422 0.11543431878089905 0.12348110973834991 
v 0.13830453157424927 0.10306940972805023 0.12348110973834991 
v 0.15925610065460205 0.08658286929130554 0.12348110973834991 
v 0.17492082715034485 0.06690537929534912 0.12348110973834991 
v 0.1847112625837326 0.044967640191316605 0.12348110973834991 
v 0.18804001808166504 0.021833296865224838 0.12348110973834991 
v 0.18804001808166504 -0.042650364339351654 0.12348110973834991 
v 0.1847112625837326 -0.06578470766544342 0.12348110973834991 
v 0.17492082715034485 -0.08772245049476624 0.12348110973834991 
v 0.15925610065460205 -0.10739993304014206 0.12348110973834991 
v 0.13830453157424927 -0.12388648092746735 0.12348110973834991 
v 0.11324098706245422 -0.13625138998031616 0.12348110973834991 
v 0.08524029701948166 -0.14382988214492798 0.12348110973834991 
v 0.05586894974112511 -0.1464889943599701 0.12348110973834991 
v -0.08060992509126663 -0.1464889943599701 0.12348110973834991 
v 0.08856905251741409 -0.09596572071313858 0.029655935242772102 
v 0.07270852476358414 -0.10035327076911926 0.029655935242772102 
v 0.09405170381069183 -0.10487376898527145 0.03168043866753578 
v 0.07544984668493271 -0.11005905270576477 0.03168043866753578 
v 0.10325472801923752 -0.1157761663198471 0.04012749716639519 
v 0.07819117605686188 -0.11923301964998245 0.037474699318408966 
v 0.05332343280315399 -0.11205339431762695 0.03168043866753578 
v 0.05410666763782501 -0.12136031687259674 0.037474699318408966 
v -0.07806440442800522 -0.11205339431762695 0.03168043866753578 
v -0.07747697830200195 -0.10208169370889664 0.029655935242772102 
v -0.09744949638843536 -0.10035327076911926 0.029655935242772102 
v 0.05273600295186043 -0.10208169370889664 0.029655935242772102 
v 0.08054088056087494 -0.1274762898683548 0.04682929441332817 
v 0.10403796285390854 -0.12109440565109253 0.04682929441332817 
v 0.12498952448368073 -0.1107238382101059 0.04682929441332817 
v 0.12126915156841278 -0.10700106620788574 0.0415935143828392 
v 0.14241652190685272 -0.09689640998840332 0.04682929441332817 
v 0.1377171128988266 -0.0939713791012764 0.0415935143828392 
v 0.15573154389858246 -0.08040986955165863 0.04682929441332817 
v 0.15024888515472412 -0.07841552793979645 0.0415935143828392 
v 0.16395550966262817 -0.062061939388513565 0.04682929441332817 
v 0.156906396150589 -0.0629926323890686 0.04012749716639519 
v 0.1725711077451706 -0.06352445483207703 0.05918573588132858 
v 0.16375970840454102 -0.08346785604953766 0.05918573588132858 
v 0.1494656503200531 -0.101283960044384 0.05918573588132858 
v 0.13047218322753906 -0.11617503315210342 0.05918573588132858 
v 0.10775833576917648 -0.1274762898683548 0.05918573588132858 
v 0.08249897509813309 -0.13439001142978668 0.05918573588132858 
v 0.05469409376382828 -0.1297365427017212 0.04682929441332817 
v -0.07884764671325684 -0.12136031687259674 0.037474699318408966 
v -0.10019082576036453 -0.11005905270576477 0.03168043866753578 
v -0.11331003159284592 -0.09596572071313858 0.029655935242772102 
v -0.11879268288612366 -0.10487376898527145 0.03168043866753578 
v -0.1029321476817131 -0.11923301964998245 0.037474699318408966 
v -0.1281915158033371 -0.11630798876285553 0.041104841977357864 
v 0.17922861874103546 -0.06472106277942657 0.07405535131692886 
v -0.0794350728392601 -0.1297365427017212 0.04682929441332817 
v 0.05528151988983154 -0.13678321242332458 0.05918573588132858 
v 0.08406544476747513 -0.1395752876996994 0.07405535131692886 
v 0.11069546639919281 -0.1322627067565918 0.07405535131692886 
v 0.13477997481822968 -0.120429627597332 0.07405535131692886 
v 0.15475249290466309 -0.10460785776376724 0.07405535131692886 
v 0.16982978582382202 -0.08572810888290405 0.07405535131692886 
v 0.18177413940429688 -0.065252885222435 0.08410804718732834 
v 0.17217949032783508 -0.08665879815816879 0.08410804718732834 
v 0.1782495677471161 -0.06405627727508545 0.09576638787984848 
v 0.15671057999134064 -0.1059374213218689 0.08410804718732834 
v 0.13634644448757172 -0.12189213931560516 0.08410804718732834 
v 0.11187031865119934 -0.13399113714694977 0.08410804718732834 
v 0.0846528708934784 -0.14156962931156158 0.08410804718732834 
v 0.0554773285984993 -0.14210145175457 0.07405535131692886 
v -0.08002249896526337 -0.13678321242332458 0.05918573588132858 
v -0.10528185963630676 -0.1274762898683548 0.04682929441332817 
v -0.12877893447875977 -0.12109440565109253 0.04682929441332817 
v -0.14718498289585114 -0.10700106620788574 0.041104841977357864 
v -0.14973050355911255 -0.1107238382101059 0.04682929441332817 
v -0.1630455106496811 -0.09450320154428482 0.041104841977357864 
v -0.16715750098228455 -0.09689640998840332 0.04682929441332817 
v -0.17498986423015594 -0.0794791728258133 0.041104841977357864 
v -0.1804725080728531 -0.08040986955165863 0.04682929441332817 
v -0.18243061006069183 -0.0628596767783165 0.041104841977357864 
v -0.18869648873806 -0.062061939388513565 0.04682929441332817 
v -0.18850068747997284 -0.08346785604953766 0.05918573588132858 
v -0.17420662939548492 -0.101283960044384 0.05918573588132858 
v -0.1552131474018097 -0.11617503315210342 0.05918573588132858 
v -0.1324993073940277 -0.1274762898683548 0.05918573588132858 
v -0.10723994672298431 -0.13439001142978668 0.05918573588132858 
v -0.08021830767393112 -0.14210145175457 0.07405535131692886 
v 0.05567313730716705 -0.1440957933664322 0.08410804718732834 
v 0.08249897509813309 -0.1393093764781952 0.09583619236946106 
v 0.10932480543851852 -0.13199679553508759 0.09576638787984848 
v 0.13360512256622314 -0.12003075331449509 0.09576638787984848 
v 0.1537734419107437 -0.10420899093151093 0.09576638787984848 
v 0.16885073482990265 -0.08519628643989563 0.09576638787984848 
v 0.17237530648708344 -0.06246080622076988 0.1017700806260109 
v 0.16317227482795715 -0.08293603360652924 0.1017700806260109 
v 0.14848659932613373 -0.101283960044384 0.1017700806260109 
v 0.12890569865703583 -0.11670685559511185 0.1017700806260109 
v 0.10560443252325058 -0.12814107537269592 0.1017700806260109 
v 0.07956183701753616 -0.13532069325447083 0.1017700806260109 
v 0.05410666763782501 -0.1418355405330658 0.09583619236946106 
v 0.05195276811718941 -0.13784685730934143 0.1017700806260109 
v -0.07884764671325684 -0.1418355405330658 0.09583619236946106 
v -0.07669374346733093 -0.13784685730934143 0.1017700806260109 
v -0.10723994672298431 -0.1393093764781952 0.09583619236946106 
v -0.10430281609296799 -0.13532069325447083 0.1017700806260109 
v -0.08041411638259888 -0.1440957933664322 0.08410804718732834 
v -0.10880642384290695 -0.1395752876996994 0.07405535131692886 
v -0.13543644547462463 -0.1322627067565918 0.07405535131692886 
v -0.10939384996891022 -0.14156962931156158 0.08410804718732834 
v -0.13661129772663116 -0.13399113714694977 0.08410804718732834 
v -0.13406577706336975 -0.13199679553508759 0.09576638787984848 
v -0.1303454041481018 -0.12814107537269592 0.1017700806260109 
v -0.15834610164165497 -0.12003075331449509 0.09576638787984848 
v -0.15364667773246765 -0.11670685559511185 0.1017700806260109 
v -0.1595209538936615 -0.120429627597332 0.07405535131692886 
v -0.16108742356300354 -0.12189213931560516 0.08410804718732834 
v -0.1794934719800949 -0.10460785776376724 0.07405535131692886 
v -0.18145155906677246 -0.1059374213218689 0.08410804718732834 
v -0.17851442098617554 -0.10420899093151093 0.09576638787984848 
v -0.17322757840156555 -0.101283960044384 0.1017700806260109 
v -0.19359171390533447 -0.08519628643989563 0.09576638787984848 
v -0.18791325390338898 -0.08293603360652924 0.1017700806260109 
v -0.19457076489925385 -0.08572810888290405 0.07405535131692886 
v -0.19731208682060242 -0.06352445483207703 0.05918573588132858 
v -0.20396959781646729 -0.06472106277942657 0.07405535131692886 
v -0.1969204694032669 -0.08665879815816879 0.08410804718732834 
v -0.2065151184797287 -0.065252885222435 0.08410804718732834 
v -0.2029905468225479 -0.06405627727508545 0.09576638787984848 
v -0.19711628556251526 -0.06246080622076988 0.1017700806260109 
v -0.20631930232048035 -0.041719671338796616 0.09576638787984848 
v -0.20024922490119934 -0.04078897833824158 0.1017700806260109 
v -0.20964805781841278 -0.04251740872859955 0.08410804718732834 
v -0.20710253715515137 -0.04238445311784744 0.07405535131692886 
v -0.2004450261592865 -0.04211853817105293 0.05918573588132858 
v -0.19143782556056976 -0.041719671338796616 0.04682929441332817 
v -0.1808641403913498 -0.04118784889578819 0.037474699318408966 
v -0.16891978681087494 -0.04065602272748947 0.03168043866753578 
v -0.16637426614761353 -0.0580732598900795 0.03168043866753578 
v -0.15638801455497742 -0.04012420028448105 0.029655935242772102 
v -0.15403829514980316 -0.055813007056713104 0.029655935242772102 
v -0.15638801455497742 0.019307132810354233 0.029655935242772102 
v -0.16891978681087494 0.019838955253362656 0.03168043866753578 
v -0.1808641403913498 0.020370779559016228 0.037474699318408966 
v -0.19143782556056976 0.0209026038646698 0.04682929441332817 
v -0.2004450261592865 0.021301472559571266 0.05918573588132858 
v -0.20710253715515137 0.021567383781075478 0.07405535131692886 
v -0.20964805781841278 0.021700339391827583 0.08410804718732834 
v -0.20631930232048035 0.0209026038646698 0.09576638787984848 
v -0.20024922490119934 0.01997191272675991 0.1017700806260109 
v -0.2029905468225479 0.04323921352624893 0.09576638787984848 
v -0.19711628556251526 0.041643738746643066 0.1017700806260109 
v -0.15403829514980316 0.03499593958258629 0.029655935242772102 
v -0.16637426614761353 0.03725619241595268 0.03168043866753578 
v -0.2065151184797287 0.04443581774830818 0.08410804718732834 
v -0.20396959781646729 0.04390399158000946 0.07405535131692886 
v -0.19731208682060242 0.04270738735795021 0.05918573588132858 
v -0.18869648873806 0.04124487191438675 0.04682929441332817 
v -0.17616471648216248 0.042840342968702316 0.03538038954138756 
v -0.17498986423015594 -0.0794791728258133 0.041104841977357864 
v -0.18243061006069183 -0.0628596767783165 0.041104841977357864 
v -0.17596891522407532 -0.082138292491436 0.02407110296189785 
v -0.17968927323818207 -0.06791200488805771 0.023233378306031227 
v -0.18066832423210144 -0.07296433299779892 0.015274993143975735 
v -0.17812280356884003 -0.08532924205064774 0.014995750971138477 
v -0.17890603840351105 -0.086924709379673 0.01031845435500145 
v -0.1804725080728531 -0.07695300877094269 0.011086368933320045 
v -0.17890603840351105 -0.08120760321617126 0.007107176352292299 
v -0.17714376747608185 -0.08838722854852676 0.005920399446040392 
v -0.17420662939548492 -0.09104634821414948 0.0009638610063120723 
v -0.1655910313129425 -0.10181578248739243 0.0009638610063120723 
v -0.16637426614761353 -0.10181578248739243 0.005850588902831078 
v -0.1542341113090515 -0.110856793820858 0.0009638610063120723 
v -0.15227602422237396 -0.11298409104347229 0.005850588902831078 
v -0.1473807990550995 -0.11418069154024124 0.002778931288048625 
v -0.14287719130516052 -0.11617503315210342 0.007037365809082985 
v -0.13896100223064423 -0.11737163364887238 0.011086368933320045 
v -0.1516885906457901 -0.11364886909723282 0.01031845435500145 
v -0.16598264873027802 -0.10075213760137558 0.010388265363872051 
v -0.16480779647827148 -0.09928961843252182 0.014995750971138477 
v -0.15051373839378357 -0.11258521676063538 0.014995750971138477 
v -0.13543644547462463 -0.11737163364887238 0.015205182135105133 
v -0.13093283772468567 -0.11590912193059921 0.023233378306031227 
v -0.14796821773052216 -0.10966018587350845 0.024001292884349823 
v -0.14718498289585114 -0.10700106620788574 0.041104841977357864 
v -0.1630455106496811 -0.09450320154428482 0.041104841977357864 
v -0.16245809197425842 -0.09623163193464279 0.024001292884349823 
v -0.17636053264141083 -0.08625993132591248 0.002778931288048625 
v -0.1281915158033371 -0.11630798876285553 0.041104841977357864 
v -0.11331003159284592 -0.09596572071313858 0.029655935242772102 
v -0.11605135351419449 -0.09928961843252182 0.020091909915208817 
v -0.11879268288612366 -0.10487376898527145 0.03168043866753578 
v -0.12172981351613998 -0.10859654098749161 0.02113906666636467 
v -0.1281915158033371 -0.11630798876285553 0.041104841977357864 
v -0.13093283772468567 -0.11590912193059921 0.023233378306031227 
v -0.13543644547462463 -0.11737163364887238 0.015205182135105133 
v -0.12701666355133057 -0.11032497137784958 0.012273145839571953 
v -0.1299537867307663 -0.11032497137784958 0.009061867371201515 
v -0.12368790805339813 -0.10141691565513611 0.008643005043268204 
v -0.13484901189804077 -0.10952723026275635 0.004873243626207113 
v -0.12897475063800812 -0.101283960044384 0.0044543808326125145 
v -0.1338699758052826 -0.10101804882287979 0.0012431025970727205 
v -0.13974423706531525 -0.10819767415523529 0.0012431025970727205 
v -0.14287719130516052 -0.11617503315210342 0.007037365809082985 
v -0.1473807990550995 -0.11418069154024124 0.002778931288048625 
v -0.1542341113090515 -0.110856793820858 0.0009638610063120723 
v -0.14640174806118011 -0.10500672459602356 -0.0007813990232534707 
v -0.13974423706531525 -0.09822597354650497 -0.0007813990232534707 
v -0.15756286680698395 -0.09623163193464279 -0.0007813990232534707 
v -0.1491430699825287 -0.09064748138189316 -0.0007813990232534707 
v -0.12114238739013672 -0.101283960044384 0.011225990019738674 
v -0.13896100223064423 -0.11737163364887238 0.011086368933320045 
v -0.1655910313129425 -0.10181578248739243 0.0009638610063120723 
v -0.17420662939548492 -0.09104634821414948 0.0009638610063120723 
v -0.16598264873027802 -0.08572810888290405 -0.0007813990232534707 
v -0.15638801455497742 -0.08173942565917969 -0.0007813990232534707 
v -0.16794073581695557 -0.08107464760541916 0.0012431025970727205 
v -0.15815028548240662 -0.07775074988603592 0.0012431025970727205 
v -0.15834610164165497 -0.07283137738704681 0.004524191375821829 
v -0.1695072054862976 -0.07588936388492584 0.00494305370375514 
v -0.17048625648021698 -0.07070408016443253 0.009061867371201515 
v -0.1804725080728531 -0.07695300877094269 0.011086368933320045 
v -0.17890603840351105 -0.08120760321617126 0.007107176352292299 
v -0.17636053264141083 -0.08625993132591248 0.002778931288048625 
v -0.15834610164165497 -0.06751313805580139 0.008643005043268204 
v -0.15834610164165497 -0.06485401839017868 0.011295800097286701 
v -0.17048625648021698 -0.06751313805580139 0.01234295591711998 
v -0.16931140422821045 -0.06166307255625725 0.021069256588816643 
v -0.17968927323818207 -0.06791200488805771 0.023233378306031227 
v -0.16637426614761353 -0.0580732598900795 0.03168043866753578 
v -0.18243061006069183 -0.0628596767783165 0.041104841977357864 
v -0.18066832423210144 -0.07296433299779892 0.015274993143975735 
v -0.15677963197231293 -0.05913690850138664 0.020091909915208817 
v -0.15403829514980316 -0.055813007056713104 0.029655935242772102 
v -0.15403829514980316 -0.055813007056713104 0.029655935242772102 
v -0.14855565130710602 -0.06831087172031403 0.029655935242772102 
v -0.15677963197231293 -0.05913690850138664 0.020091909915208817 
v -0.1512969732284546 -0.07163476943969727 0.020091909915208817 
v -0.15364667773246765 -0.07509163022041321 0.011225990019738674 
v -0.14503107964992523 -0.08612697571516037 0.011225990019738674 
v -0.15442991256713867 -0.07628823071718216 0.008643005043268204 
v -0.15834610164165497 -0.06751313805580139 0.008643005043268204 
v -0.15834610164165497 -0.06485401839017868 0.011295800097286701 
v -0.1395484358072281 -0.0796121284365654 0.029655935242772102 
v -0.14228975772857666 -0.08293603360652924 0.020091909915208817 
v -0.12760408222675323 -0.08891905099153519 0.029655935242772102 
v -0.1303454041481018 -0.09224294871091843 0.020091909915208817 
v -0.11331003159284592 -0.09596572071313858 0.029655935242772102 
v -0.11605135351419449 -0.09928961843252182 0.020091909915208817 
v -0.12114238739013672 -0.101283960044384 0.011225990019738674 
v -0.13328254222869873 -0.09530094265937805 0.011225990019738674 
v -0.1342615932226181 -0.09623163193464279 0.008643005043268204 
v -0.14581432938575745 -0.08719062060117722 0.008643005043268204 
v -0.12368790805339813 -0.10141691565513611 0.008643005043268204 
v -0.12897475063800812 -0.101283960044384 0.0044543808326125145 
v -0.13700291514396667 -0.09742823243141174 0.0043845707550644875 
v -0.14757660031318665 -0.08905200660228729 0.0043845707550644875 
v -0.1556047648191452 -0.07908030599355698 0.0043845707550644875 
v -0.15834610164165497 -0.07283137738704681 0.004524191375821829 
v -0.15815028548240662 -0.07775074988603592 0.0012431025970727205 
v -0.15638801455497742 -0.08173942565917969 -0.0007813990232534707 
v -0.1491430699825287 -0.09064748138189316 -0.0007813990232534707 
v -0.13974423706531525 -0.09822597354650497 -0.0007813990232534707 
v -0.1338699758052826 -0.10101804882287979 0.0012431025970727205 
v 0.05195276811718941 -0.13851164281368256 0.11363784968852997 
v -0.07669374346733093 -0.13784685730934143 0.1017700806260109 
v -0.07669374346733093 -0.13851164281368256 0.11363784968852997 
v -0.10430281609296799 -0.13532069325447083 0.1017700806260109 
v 0.05195276811718941 -0.13784685730934143 0.1017700806260109 
v 0.07975764572620392 -0.13611842691898346 0.11363784968852997 
v 0.07956183701753616 -0.13532069325447083 0.1017700806260109 
v 0.10599604994058609 -0.12880584597587585 0.11363784968852997 
v 0.10560443252325058 -0.12814107537269592 0.1017700806260109 
v 0.1294931322336197 -0.11723867803812027 0.11363784968852997 
v 0.12890569865703583 -0.11670685559511185 0.1017700806260109 
v 0.14926983416080475 -0.10181578248739243 0.11363784968852997 
v 0.14848659932613373 -0.101283960044384 0.1017700806260109 
v 0.16415132582187653 -0.08320194482803345 0.11363784968852997 
v 0.16317227482795715 -0.08293603360652924 0.1017700806260109 
v 0.1733543425798416 -0.06259376555681229 0.11363784968852997 
v 0.17237530648708344 -0.06246080622076988 0.1017700806260109 
v 0.17629148066043854 -0.04078897833824158 0.11363784968852997 
v 0.17550824582576752 -0.04078897833824158 0.1017700806260109 
v 0.17629148066043854 0.01997191272675991 0.11363784968852997 
v 0.17550824582576752 0.01997191272675991 0.1017700806260109 
v 0.1733543425798416 0.04177669435739517 0.11363784968852997 
v 0.17237530648708344 0.041643738746643066 0.1017700806260109 
v 0.16415132582187653 0.06238487735390663 0.11363784968852997 
v 0.16317227482795715 0.06211896240711212 0.1017700806260109 
v 0.16610941290855408 0.06331557035446167 0.11943210661411285 
v 0.17550824582576752 0.04230852052569389 0.11943210661411285 
v 0.1786411851644516 0.020370779559016228 0.11943210661411285 
v 0.1786411851644516 -0.04118784889578819 0.11943210661411285 
v 0.17061302065849304 0.06504399329423904 0.1211075559258461 
v 0.18001185357570648 0.04363808035850525 0.1211075559258461 
v 0.18334060907363892 0.021035559475421906 0.1211075559258461 
v 0.18334060907363892 -0.04185262694954872 0.1211075559258461 
v 0.17550824582576752 -0.06312558799982071 0.11943210661411285 
v 0.18001185357570648 -0.06445515155792236 0.1211075559258461 
v 0.16610941290855408 -0.08413263410329819 0.11943210661411285 
v 0.17061302065849304 -0.08586106449365616 0.1211075559258461 
v 0.1512279361486435 -0.10287943482398987 0.11943210661411285 
v 0.1551441103219986 -0.10513968765735626 0.1211075559258461 
v 0.13125541806221008 -0.11843528598546982 0.11943210661411285 
v 0.13477997481822968 -0.12122736126184464 0.1211075559258461 
v 0.10736671835184097 -0.13026836514472961 0.11943210661411285 
v 0.1103038489818573 -0.13332635164260864 0.1211075559258461 
v 0.0807366892695427 -0.13758094608783722 0.11943210661411285 
v 0.08308640122413635 -0.14090484380722046 0.1211075559258461 
v 0.05273600295186043 -0.14010711014270782 0.11943210661411285 
v 0.05430247634649277 -0.14343100786209106 0.1211075559258461 
v -0.07747697830200195 -0.14010711014270782 0.11943210661411285 
v -0.07904345542192459 -0.14343100786209106 0.1211075559258461 
v -0.10547766834497452 -0.13758094608783722 0.11943210661411285 
v -0.10782737284898758 -0.14090484380722046 0.1211075559258461 
v -0.1321076899766922 -0.13026836514472961 0.11943210661411285 
v -0.13504482805728912 -0.13332635164260864 0.1211075559258461 
v -0.1559963971376419 -0.11843528598546982 0.11943210661411285 
v -0.1595209538936615 -0.12122736126184464 0.1211075559258461 
v -0.17596891522407532 -0.10287943482398987 0.11943210661411285 
v -0.17988508939743042 -0.10513968765735626 0.1211075559258461 
v -0.1908503919839859 -0.08413263410329819 0.11943210661411285 
v -0.19535399973392487 -0.08586106449365616 0.1211075559258461 
v -0.18889230489730835 -0.08320194482803345 0.11363784968852997 
v -0.17401081323623657 -0.10181578248739243 0.11363784968852997 
v -0.1542341113090515 -0.11723867803812027 0.11363784968852997 
v -0.13073702156543732 -0.12880584597587585 0.11363784968852997 
v -0.10449862480163574 -0.13611842691898346 0.11363784968852997 
v -0.1303454041481018 -0.12814107537269592 0.1017700806260109 
v -0.15364667773246765 -0.11670685559511185 0.1017700806260109 
v -0.17322757840156555 -0.101283960044384 0.1017700806260109 
v -0.18791325390338898 -0.08293603360652924 0.1017700806260109 
v -0.11331003159284592 0.07514864951372147 0.029655935242772102 
v -0.11879268288612366 0.08405670523643494 0.03168043866753578 
v -0.09744949638843536 0.07953619956970215 0.029655935242772102 
v -0.10019082576036453 0.08924198895692825 0.03168043866753578 
v -0.07747697830200195 0.08126462996006012 0.029655935242772102 
v -0.07806440442800522 0.09123633056879044 0.03168043866753578 
v 0.05273600295186043 0.08126462996006012 0.029655935242772102 
v 0.05332343280315399 0.09123633056879044 0.03168043866753578 
v 0.07270852476358414 0.07953619956970215 0.029655935242772102 
v 0.07544984668493271 0.08924198895692825 0.03168043866753578 
v 0.08856905251741409 0.07514864951372147 0.029655935242772102 
v 0.09405170381069183 0.08405670523643494 0.03168043866753578 
v 0.07819117605686188 0.09841594845056534 0.037474699318408966 
v 0.10325472801923752 0.09429431706666946 0.03956901282072067 
v -0.12760408222675323 0.09083745628595352 0.03538038954138756 
v -0.1029321476817131 0.09841594845056534 0.037474699318408966 
v -0.07884764671325684 0.10054324567317963 0.037474699318408966 
v 0.05410666763782501 0.10054324567317963 0.037474699318408966 
v 0.05469409376382828 0.10891947895288467 0.04682929441332817 
v 0.08054088056087494 0.10665922611951828 0.04682929441332817 
v 0.10403796285390854 0.10027733445167542 0.04682929441332817 
v 0.12166076898574829 0.08512035012245178 0.03956901282072067 
v 0.12498952448368073 0.08990676701068878 0.04682929441332817 
v 0.13712967932224274 0.07302135229110718 0.03956901282072067 
v 0.14241652190685272 0.0760793462395668 0.04682929441332817 
v 0.14887821674346924 0.058396197855472565 0.03956901282072067 
v 0.15573154389858246 0.059592798352241516 0.04682929441332817 
v 0.15612316131591797 0.04217556491494179 0.03956901282072067 
v 0.16395550966262817 0.04124487191438675 0.04682929441332817 
v 0.15612316131591797 0.020370779559016228 0.037474699318408966 
v 0.14417880773544312 0.019838955253362656 0.03168043866753578 
v 0.1416332870721817 0.03725619241595268 0.03168043866753578 
v 0.1316470354795456 0.019307132810354233 0.029655935242772102 
v 0.12929731607437134 0.03499593958258629 0.029655935242772102 
v 0.1316470354795456 -0.04012420028448105 0.029655935242772102 
v 0.14417880773544312 -0.04065602272748947 0.03168043866753578 
v 0.12929731607437134 -0.055813007056713104 0.029655935242772102 
v 0.1416332870721817 -0.0580732598900795 0.03168043866753578 
v 0.15612316131591797 -0.04118784889578819 0.037474699318408966 
v 0.156906396150589 -0.0629926323890686 0.04012749716639519 
v 0.16669684648513794 -0.041719671338796616 0.04682929441332817 
v 0.16395550966262817 -0.062061939388513565 0.04682929441332817 
v 0.16669684648513794 0.0209026038646698 0.04682929441332817 
v 0.1725711077451706 0.04270738735795021 0.05918573588132858 
v 0.17570406198501587 0.021301472559571266 0.05918573588132858 
v 0.17570406198501587 -0.04211853817105293 0.05918573588132858 
v 0.1725711077451706 -0.06352445483207703 0.05918573588132858 
v 0.18236155807971954 -0.04238445311784744 0.07405535131692886 
v 0.17922861874103546 -0.06472106277942657 0.07405535131692886 
v -0.0794350728392601 0.10891947895288467 0.04682929441332817 
v -0.10528185963630676 0.10665922611951828 0.04682929441332817 
v 0.18236155807971954 0.021567383781075478 0.07405535131692886 
v 0.17922861874103546 0.04390399158000946 0.07405535131692886 
v 0.16982978582382202 0.06491103768348694 0.07405535131692886 
v 0.16375970840454102 0.06265078485012054 0.05918573588132858 
v 0.1494656503200531 0.08046688884496689 0.05918573588132858 
v 0.13047218322753906 0.09535796195268631 0.05918573588132858 
v 0.10775833576917648 0.10665922611951828 0.05918573588132858 
v 0.08249897509813309 0.11357293277978897 0.05918573588132858 
v 0.05528151988983154 0.11596614122390747 0.05918573588132858 
v -0.08002249896526337 0.11596614122390747 0.05918573588132858 
v -0.10723994672298431 0.11357293277978897 0.05918573588132858 
v -0.1324993073940277 0.10665922611951828 0.05918573588132858 
v -0.12877893447875977 0.10027733445167542 0.04682929441332817 
v -0.14973050355911255 0.08990676701068878 0.04682929441332817 
v -0.14463946223258972 0.08246123045682907 0.03538038954138756 
v -0.16715750098228455 0.0760793462395668 0.04682929441332817 
v -0.15873771905899048 0.0711599737405777 0.03538038954138756 
v -0.1804725080728531 0.059592798352241516 0.04682929441332817 
v -0.1695072054862976 0.05786437168717384 0.03538038954138756 
v -0.18869648873806 0.04124487191438675 0.04682929441332817 
v -0.17616471648216248 0.042840342968702316 0.03538038954138756 
v -0.19731208682060242 0.04270738735795021 0.05918573588132858 
v -0.18850068747997284 0.06265078485012054 0.05918573588132858 
v -0.17420662939548492 0.08046688884496689 0.05918573588132858 
v -0.1552131474018097 0.09535796195268631 0.05918573588132858 
v -0.1595209538936615 0.09961255639791489 0.07405535131692886 
v -0.13543644547462463 0.11144564300775528 0.07405535131692886 
v -0.10880642384290695 0.11875821650028229 0.07405535131692886 
v -0.08021830767393112 0.1212843805551529 0.07405535131692886 
v 0.0554773285984993 0.1212843805551529 0.07405535131692886 
v 0.08406544476747513 0.11875821650028229 0.07405535131692886 
v 0.11069546639919281 0.11144564300775528 0.07405535131692886 
v 0.13477997481822968 0.09961255639791489 0.07405535131692886 
v 0.15475249290466309 0.08379079401493073 0.07405535131692886 
v 0.15671057999134064 0.08512035012245178 0.08410804718732834 
v 0.17217949032783508 0.06584173440933228 0.08410804718732834 
v 0.18177413940429688 0.04443581774830818 0.08410804718732834 
v 0.18490707874298096 0.021700339391827583 0.08410804718732834 
v 0.18490707874298096 -0.04251740872859955 0.08410804718732834 
v 0.18177413940429688 -0.065252885222435 0.08410804718732834 
v 0.18157832324504852 -0.041719671338796616 0.09576638787984848 
v 0.1782495677471161 -0.06405627727508545 0.09576638787984848 
v 0.17550824582576752 -0.04078897833824158 0.1017700806260109 
v 0.17237530648708344 -0.06246080622076988 0.1017700806260109 
v -0.20396959781646729 0.04390399158000946 0.07405535131692886 
v 0.17550824582576752 0.01997191272675991 0.1017700806260109 
v 0.18157832324504852 0.0209026038646698 0.09576638787984848 
v 0.17237530648708344 0.041643738746643066 0.1017700806260109 
v 0.1782495677471161 0.04323921352624893 0.09576638787984848 
v 0.16317227482795715 0.06211896240711212 0.1017700806260109 
v 0.16885073482990265 0.06437921524047852 0.09576638787984848 
v 0.14848659932613373 0.08046688884496689 0.1017700806260109 
v 0.1537734419107437 0.08339192718267441 0.09576638787984848 
v 0.12890569865703583 0.09588978439569473 0.1017700806260109 
v 0.13360512256622314 0.09921368956565857 0.09576638787984848 
v 0.10560443252325058 0.10732400417327881 0.1017700806260109 
v 0.13634644448757172 0.10107507556676865 0.08410804718732834 
v 0.11187031865119934 0.11317406594753265 0.08410804718732834 
v 0.0846528708934784 0.12075255811214447 0.08410804718732834 
v 0.05567313730716705 0.12327872216701508 0.08410804718732834 
v -0.08041411638259888 0.12327872216701508 0.08410804718732834 
v -0.10939384996891022 0.12075255811214447 0.08410804718732834 
v -0.13661129772663116 0.11317406594753265 0.08410804718732834 
v -0.16108742356300354 0.10107507556676865 0.08410804718732834 
v -0.18145155906677246 0.08512035012245178 0.08410804718732834 
v -0.1794934719800949 0.08379079401493073 0.07405535131692886 
v -0.19457076489925385 0.06491103768348694 0.07405535131692886 
v -0.2065151184797287 0.04443581774830818 0.08410804718732834 
v -0.1969204694032669 0.06584173440933228 0.08410804718732834 
v -0.2029905468225479 0.04323921352624893 0.09576638787984848 
v -0.19359171390533447 0.06437921524047852 0.09576638787984848 
v -0.19711628556251526 0.041643738746643066 0.1017700806260109 
v -0.18791325390338898 0.06211896240711212 0.1017700806260109 
v -0.17851442098617554 0.08339192718267441 0.09576638787984848 
v -0.15834610164165497 0.09921368956565857 0.09576638787984848 
v -0.17322757840156555 0.08046688884496689 0.1017700806260109 
v -0.15364667773246765 0.09588978439569473 0.1017700806260109 
v -0.13406577706336975 0.11117972433567047 0.09576638787984848 
v -0.1303454041481018 0.10732400417327881 0.1017700806260109 
v -0.10723994672298431 0.11849230527877808 0.09583619236946106 
v -0.10430281609296799 0.11450362950563431 0.1017700806260109 
v -0.07884764671325684 0.12101846933364868 0.09583619236946106 
v -0.07669374346733093 0.11702979356050491 0.1017700806260109 
v 0.05410666763782501 0.12101846933364868 0.09583619236946106 
v 0.08249897509813309 0.11849230527877808 0.09583619236946106 
v 0.05195276811718941 0.11702979356050491 0.1017700806260109 
v 0.07956183701753616 0.11450362950563431 0.1017700806260109 
v 0.10932480543851852 0.11117972433567047 0.09576638787984848 
v -0.15403829514980316 0.03499593958258629 0.029655935242772102 
v -0.15677963197231293 0.03831984102725983 0.020091909915208817 
v -0.14855565130710602 0.04749380424618721 0.029655935242772102 
v -0.1512969732284546 0.05081770569086075 0.020091909915208817 
v -0.1395484358072281 0.05879506468772888 0.029655935242772102 
v -0.14228975772857666 0.06211896240711212 0.020091909915208817 
v -0.12760408222675323 0.06810198724269867 0.029655935242772102 
v -0.15834610164165497 0.044036947190761566 0.011295800097286701 
v -0.15364667773246765 0.054274559020996094 0.011225990019738674 
v -0.15834610164165497 0.04669606685638428 0.008643005043268204 
v -0.15442991256713867 0.055471163243055344 0.008643005043268204 
v -0.15834610164165497 0.0520143061876297 0.004524191375821829 
v -0.1556047648191452 0.05826323851943016 0.0043845707550644875 
v -0.15815028548240662 0.056933678686618805 0.0012431025970727205 
v -0.15638801455497742 0.06092235818505287 -0.0007813990232534707 
v -0.14757660031318665 0.06823494285345078 0.0043845707550644875 
v -0.1491430699825287 0.06983041018247604 -0.0007813990232534707 
v -0.14503107964992523 0.06530990451574326 0.011225990019738674 
v -0.1303454041481018 0.07142588496208191 0.020091909915208817 
v -0.11605135351419449 0.0784725546836853 0.020091909915208817 
v -0.11331003159284592 0.07514864951372147 0.029655935242772102 
v -0.14581432938575745 0.0663735568523407 0.008643005043268204 
v -0.13328254222869873 0.07448387145996094 0.011225990019738674 
v -0.1342615932226181 0.07541456073522568 0.008643005043268204 
v -0.13700291514396667 0.07661116868257523 0.0043845707550644875 
v -0.12114238739013672 0.08046688884496689 0.011225990019738674 
v -0.12368790805339813 0.080599844455719 0.008643005043268204 
v -0.12897475063800812 0.08046688884496689 0.0044543808326125145 
v -0.1338699758052826 0.08020097762346268 0.0012431025970727205 
v -0.1395484358072281 0.07740890234708786 -0.0007813990232534707 
v -0.1804725080728531 0.05613594502210617 0.011086368933320045 
v -0.17048625648021698 0.04988701269030571 0.009061867371201515 
v -0.18066832423210144 0.052147265523672104 0.015274993143975735 
v -0.17048625648021698 0.04669606685638428 0.01234295591711998 
v -0.15834610164165497 0.04669606685638428 0.008643005043268204 
v -0.15834610164165497 0.044036947190761566 0.011295800097286701 
v -0.15677963197231293 0.03831984102725983 0.020091909915208817 
v -0.16931140422821045 0.04084600508213043 0.021069256588816643 
v -0.17968927323818207 0.04709493741393089 0.023233378306031227 
v -0.17616471648216248 0.042840342968702316 0.03538038954138756 
v -0.16637426614761353 0.03725619241595268 0.03168043866753578 
v -0.15403829514980316 0.03499593958258629 0.029655935242772102 
v -0.17890603840351105 0.06039053574204445 0.007107176352292299 
v -0.1695072054862976 0.055072296410799026 0.00494305370375514 
v -0.16794073581695557 0.06025758013129234 0.0012431025970727205 
v -0.15815028548240662 0.056933678686618805 0.0012431025970727205 
v -0.15638801455497742 0.06092235818505287 -0.0007813990232534707 
v -0.16598264873027802 0.06491103768348694 -0.0007813990232534707 
v -0.17636053264141083 0.06557582318782806 0.002778931288048625 
v -0.17420662939548492 0.07022927701473236 0.0009638610063120723 
v -0.15756286680698395 0.07541456073522568 -0.0007813990232534707 
v -0.1655910313129425 0.08099871873855591 0.0009638610063120723 
v -0.14640174806118011 0.08418966084718704 -0.0007813990232534707 
v -0.1542341113090515 0.09003972262144089 0.0009638610063120723 
v -0.13974423706531525 0.08751355856657028 0.0012431025970727205 
v -0.1473807990550995 0.09336362034082413 0.002778931288048625 
v -0.14287719130516052 0.09535796195268631 0.007037365809082985 
v -0.13484901189804077 0.08871016651391983 0.004873243626207113 
v -0.13896100223064423 0.09655456990003586 0.011086368933320045 
v -0.15834610164165497 0.0520143061876297 0.004524191375821829 
v -0.1491430699825287 0.06983041018247604 -0.0007813990232534707 
v -0.1395484358072281 0.07740890234708786 -0.0007813990232534707 
v -0.1338699758052826 0.08020097762346268 0.0012431025970727205 
v -0.12897475063800812 0.08046688884496689 0.0044543808326125145 
v -0.1299537867307663 0.08950790017843246 0.009061867371201515 
v -0.12368790805339813 0.080599844455719 0.008643005043268204 
v -0.12701666355133057 0.08950790017843246 0.012273145839571953 
v -0.12114238739013672 0.08046688884496689 0.011225990019738674 
v -0.12172981351613998 0.0877794697880745 0.02113906666636467 
v -0.13093283772468567 0.0950920507311821 0.023233378306031227 
v -0.12760408222675323 0.09083745628595352 0.03538038954138756 
v -0.11879268288612366 0.08405670523643494 0.03168043866753578 
v -0.11605135351419449 0.0784725546836853 0.020091909915208817 
v -0.11331003159284592 0.07514864951372147 0.029655935242772102 
v -0.13543644547462463 0.09655456990003586 0.015205182135105133 
v -0.1473807990550995 0.09336362034082413 0.002778931288048625 
v -0.14287719130516052 0.09535796195268631 0.007037365809082985 
v -0.1542341113090515 0.09003972262144089 0.0009638610063120723 
v -0.15227602422237396 0.09216701984405518 0.005850588902831078 
v -0.1655910313129425 0.08099871873855591 0.0009638610063120723 
v -0.16637426614761353 0.08099871873855591 0.005850588902831078 
v -0.17714376747608185 0.06757015734910965 0.005920399446040392 
v -0.17420662939548492 0.07022927701473236 0.0009638610063120723 
v -0.17890603840351105 0.06039053574204445 0.007107176352292299 
v -0.17636053264141083 0.06557582318782806 0.002778931288048625 
v -0.1804725080728531 0.05613594502210617 0.011086368933320045 
v -0.17890603840351105 0.06610764563083649 0.01031845435500145 
v -0.18066832423210144 0.052147265523672104 0.015274993143975735 
v -0.17812280356884003 0.06451217085123062 0.014995750971138477 
v -0.17968927323818207 0.04709493741393089 0.023233378306031227 
v -0.17596891522407532 0.06132122874259949 0.02407110296189785 
v -0.17616471648216248 0.042840342968702316 0.03538038954138756 
v -0.1695072054862976 0.05786437168717384 0.03538038954138756 
v -0.16245809197425842 0.07541456073522568 0.024001292884349823 
v -0.15873771905899048 0.0711599737405777 0.03538038954138756 
v -0.14463946223258972 0.08246123045682907 0.03538038954138756 
v -0.14796821773052216 0.08884312212467194 0.024001292884349823 
v -0.12760408222675323 0.09083745628595352 0.03538038954138756 
v -0.13093283772468567 0.0950920507311821 0.023233378306031227 
v -0.13543644547462463 0.09655456990003586 0.015205182135105133 
v -0.15051373839378357 0.09176815301179886 0.014995750971138477 
v -0.1516885906457901 0.0928317978978157 0.01031845435500145 
v -0.13896100223064423 0.09655456990003586 0.011086368933320045 
v -0.16480779647827148 0.0784725546836853 0.014995750971138477 
v -0.16598264873027802 0.07993506640195847 0.010388265363872051 
v -0.20024922490119934 0.01997191272675991 0.1017700806260109 
v -0.20103245973587036 0.01997191272675991 0.11363784968852997 
v -0.19711628556251526 0.041643738746643066 0.1017700806260109 
v -0.19809532165527344 0.04177669435739517 0.11363784968852997 
v -0.18791325390338898 0.06211896240711212 0.1017700806260109 
v -0.18889230489730835 0.06238487735390663 0.11363784968852997 
v -0.17322757840156555 0.08046688884496689 0.1017700806260109 
v -0.17401081323623657 0.08099871873855591 0.11363784968852997 
v -0.15364667773246765 0.09588978439569473 0.1017700806260109 
v -0.1542341113090515 0.09642161428928375 0.11363784968852997 
v -0.1303454041481018 0.10732400417327881 0.1017700806260109 
v -0.13073702156543732 0.10798878222703934 0.11363784968852997 
v -0.10430281609296799 0.11450362950563431 0.1017700806260109 
v -0.10449862480163574 0.11530136317014694 0.11363784968852997 
v -0.07669374346733093 0.11702979356050491 0.1017700806260109 
v -0.07669374346733093 0.11769457161426544 0.11363784968852997 
v 0.05195276811718941 0.11702979356050491 0.1017700806260109 
v 0.05195276811718941 0.11769457161426544 0.11363784968852997 
v 0.07956183701753616 0.11450362950563431 0.1017700806260109 
v 0.07975764572620392 0.11530136317014694 0.11363784968852997 
v 0.10560443252325058 0.10732400417327881 0.1017700806260109 
v 0.10599604994058609 0.10798878222703934 0.11363784968852997 
v 0.12890569865703583 0.09588978439569473 0.1017700806260109 
v 0.1294931322336197 0.09642161428928375 0.11363784968852997 
v 0.14848659932613373 0.08046688884496689 0.1017700806260109 
v 0.14926983416080475 0.08099871873855591 0.11363784968852997 
v 0.16317227482795715 0.06211896240711212 0.1017700806260109 
v 0.16415132582187653 0.06238487735390663 0.11363784968852997 
v 0.1512279361486435 0.08206236362457275 0.11943210661411285 
v 0.16610941290855408 0.06331557035446167 0.11943210661411285 
v 0.1551441103219986 0.08432261645793915 0.1211075559258461 
v 0.17061302065849304 0.06504399329423904 0.1211075559258461 
v 0.13477997481822968 0.10041029006242752 0.1211075559258461 
v 0.13125541806221008 0.0976182147860527 0.11943210661411285 
v 0.10736671835184097 0.1094513013958931 0.11943210661411285 
v 0.0807366892695427 0.1167638823390007 0.11943210661411285 
v 0.05273600295186043 0.11929004639387131 0.11943210661411285 
v -0.07747697830200195 0.11929004639387131 0.11943210661411285 
v 0.1103038489818573 0.11250928789377213 0.1211075559258461 
v 0.08308640122413635 0.12008778005838394 0.1211075559258461 
v 0.05430247634649277 0.12261394411325455 0.1211075559258461 
v -0.07904345542192459 0.12261394411325455 0.1211075559258461 
v -0.10782737284898758 0.12008778005838394 0.1211075559258461 
v -0.10547766834497452 0.1167638823390007 0.11943210661411285 
v -0.13504482805728912 0.11250928789377213 0.1211075559258461 
v -0.1321076899766922 0.1094513013958931 0.11943210661411285 
v -0.1559963971376419 0.0976182147860527 0.11943210661411285 
v -0.17596891522407532 0.08206236362457275 0.11943210661411285 
v -0.17988508939743042 0.08432261645793915 0.1211075559258461 
v -0.19535399973392487 0.06504399329423904 0.1211075559258461 
v -0.1908503919839859 0.06331557035446167 0.11943210661411285 
v -0.20024922490119934 0.04230852052569389 0.11943210661411285 
v -0.1595209538936615 0.10041029006242752 0.1211075559258461 
v -0.2047528326511383 0.04363808035850525 0.1211075559258461 
v -0.20808158814907074 0.021035559475421906 0.1211075559258461 
v -0.20338216423988342 0.020370779559016228 0.11943210661411285 
v -0.20808158814907074 -0.04185262694954872 0.1211075559258461 
v -0.20338216423988342 -0.04118784889578819 0.11943210661411285 
v -0.2047528326511383 -0.06445515155792236 0.1211075559258461 
v -0.20103245973587036 -0.04078897833824158 0.11363784968852997 
v -0.20024922490119934 -0.04078897833824158 0.1017700806260109 
v -0.19809532165527344 -0.06259376555681229 0.11363784968852997 
v -0.19711628556251526 -0.06246080622076988 0.1017700806260109 
v -0.18889230489730835 -0.08320194482803345 0.11363784968852997 
v -0.18791325390338898 -0.08293603360652924 0.1017700806260109 
v -0.1908503919839859 -0.08413263410329819 0.11943210661411285 
v -0.20024922490119934 -0.06312558799982071 0.11943210661411285 
v -0.19535399973392487 -0.08586106449365616 0.1211075559258461 
v 0.15612316131591797 0.04217556491494179 0.03956901282072067 
v 0.15494830906391144 0.04709493741393089 0.023233378306031227 
v 0.14887821674346924 0.058396197855472565 0.03956901282072067 
v 0.1512279361486435 0.06132122874259949 0.02407110296189785 
v 0.13712967932224274 0.07302135229110718 0.03956901282072067 
v 0.1377171128988266 0.07541456073522568 0.024001292884349823 
v 0.12166076898574829 0.08512035012245178 0.03956901282072067 
v 0.12322724610567093 0.08884312212467194 0.024001292884349823 
v 0.10325472801923752 0.09429431706666946 0.03956901282072067 
v 0.10619185864925385 0.0950920507311821 0.023233378306031227 
v 0.15612316131591797 0.051881350576877594 0.015205182135105133 
v 0.1533818244934082 0.06451217085123062 0.01492594089359045 
v 0.14006681740283966 0.0784725546836853 0.014995750971138477 
v 0.15592734515666962 0.05533820763230324 0.011086368933320045 
v 0.15416505932807922 0.06610764563083649 0.01031845435500145 
v 0.15455667674541473 0.05945984274148941 0.007037365809082985 
v 0.15240278840065002 0.06757015734910965 0.005850588902831078 
v 0.15220697224140167 0.06424625962972641 0.002778931288048625 
v 0.1494656503200531 0.07022927701473236 0.0009638610063120723 
v 0.14182910323143005 0.08099871873855591 0.0057807788252830505 
v 0.14085005223751068 0.0808657631278038 0.0009638610063120723 
v 0.1412416696548462 0.07993506640195847 0.010388265363872051 
v 0.1259685754776001 0.09176815301179886 0.01492594089359045 
v 0.12694761157035828 0.0928317978978157 0.01031845435500145 
v 0.11069546639919281 0.09655456990003586 0.015205182135105133 
v 0.12753504514694214 0.09216701984405518 0.005850588902831078 
v 0.114220030605793 0.09655456990003586 0.011086368933320045 
v 0.1181362122297287 0.09535796195268631 0.007037365809082985 
v 0.1294931322336197 0.08990676701068878 0.0009638610063120723 
v 0.12263981997966766 0.09323066473007202 0.002778931288048625 
v 0.08856905251741409 0.07514864951372147 0.029655935242772102 
v 0.09131037443876266 0.0784725546836853 0.020091909915208817 
v 0.10286311060190201 0.06810198724269867 0.029655935242772102 
v 0.10560443252325058 0.07142588496208191 0.020091909915208817 
v 0.11480745673179626 0.05879506468772888 0.029655935242772102 
v 0.11754878610372543 0.06211896240711212 0.020091909915208817 
v 0.1238146722316742 0.04749380424618721 0.029655935242772102 
v 0.12655599415302277 0.05081770569086075 0.020091909915208817 
v 0.12929731607437134 0.03499593958258629 0.029655935242772102 
v 0.1320386528968811 0.03831984102725983 0.020091909915208817 
v 0.09659721702337265 0.08046688884496689 0.011225990019738674 
v 0.1085415706038475 0.07448387145996094 0.011225990019738674 
v 0.120290108025074 0.06530990451574326 0.011156179010868073 
v 0.09894692897796631 0.080599844455719 0.008643005043268204 
v 0.10952061414718628 0.07541456073522568 0.008643005043268204 
v 0.1042337715625763 0.08046688884496689 0.0044543808326125145 
v 0.11226194351911545 0.07661116868257523 0.0043845707550644875 
v 0.10912899672985077 0.08006802201271057 0.0012431025970727205 
v 0.11500326544046402 0.07727594673633575 -0.0007813990232534707 
v 0.12283562868833542 0.06823494285345078 0.004314760211855173 
v 0.12440209835767746 0.06983041018247604 -0.0007813990232534707 
v 0.12107334285974503 0.06624060124158859 0.008643005043268204 
v 0.12910151481628418 0.054274559020996094 0.011225990019738674 
v 0.12968894839286804 0.055471163243055344 0.008643005043268204 
v 0.13360512256622314 0.043771035969257355 0.011225990019738674 
v 0.13086380064487457 0.05826323851943016 0.0043845707550644875 
v 0.1338009238243103 0.046164244413375854 0.008643005043268204 
v 0.13399673998355865 0.051216572523117065 0.0044543808326125145 
v 0.1316470354795456 0.060789402574300766 -0.0007813990232534707 
v 0.1338009238243103 0.05587003380060196 0.0012431025970727205 
v 0.156906396150589 -0.0629926323890686 0.04012749716639519 
v 0.15494830906391144 -0.06804496049880981 0.022814515978097916 
v 0.1416332870721817 -0.0580732598900795 0.03168043866753578 
v 0.14457042515277863 -0.06166307255625725 0.021069256588816643 
v 0.12929731607437134 -0.055813007056713104 0.029655935242772102 
v 0.1320386528968811 -0.05913690850138664 0.020091909915208817 
v 0.1459410935640335 -0.06724722683429718 0.012273145839571953 
v 0.13360512256622314 -0.06458810716867447 0.011225990019738674 
v 0.1459410935640335 -0.070039302110672 0.009061867371201515 
v 0.1338009238243103 -0.06698131561279297 0.008643005043268204 
v 0.1451578587293625 -0.0749586746096611 0.004873243626207113 
v 0.13399673998355865 -0.07216659933328629 0.0044543808326125145 
v 0.15612316131591797 -0.07283137738704681 0.014716509729623795 
v 0.15592734515666962 -0.07628823071718216 0.010667506605386734 
v 0.15455667674541473 -0.08040986955165863 0.0066185034811496735 
v 0.15220697224140167 -0.08519628643989563 0.0023600689601153135 
v 0.1437871903181076 -0.07987804710865021 0.0012431025970727205 
v 0.14104586839675903 -0.08572810888290405 -0.0007813990232534707 
v 0.1316470354795456 -0.08173942565917969 -0.0007813990232534707 
v 0.12440209835767746 -0.09064748138189316 -0.0007813990232534707 
v 0.13282188773155212 -0.09623163193464279 -0.0007813990232534707 
v 0.1494656503200531 -0.09117930382490158 0.0005449986201710999 
v 0.14085005223751068 -0.10194873809814453 0.0005449986201710999 
v 0.12166076898574829 -0.10500672459602356 -0.0007813990232534707 
v 0.1294931322336197 -0.110856793820858 0.0005449986201710999 
v 0.1338009238243103 -0.07668709754943848 0.0012431025970727205 
v 0.11480745673179626 -0.09822597354650497 -0.0007813990232534707 
v 0.10795414447784424 -0.10154987126588821 0.0012431025970727205 
v 0.11363260447978973 -0.10886245220899582 0.0012431025970727205 
v 0.12126915156841278 -0.11484546959400177 0.0023600689601153135 
v 0.10912899672985077 -0.11005905270576477 0.004803433082997799 
v 0.11715716868638992 -0.11683981120586395 0.006548692937940359 
v 0.11343679577112198 -0.1179034635424614 0.010597696527838707 
v 0.10442958027124405 -0.1107238382101059 0.009061867371201515 
v 0.10188405960798264 -0.11045792698860168 0.012203335762023926 
v 0.09620559960603714 -0.10141691565513611 0.011156179010868073 
v 0.09816369414329529 -0.10168282687664032 0.008643005043268204 
v 0.10345053672790527 -0.10181578248739243 0.0043845707550644875 
v 0.1103038489818573 -0.11763754487037659 0.014716509729623795 
v 0.10619185864925385 -0.11590912193059921 0.022814515978097916 
v 0.09698883444070816 -0.10859654098749161 0.02113906666636467 
v 0.09405170381069183 -0.10487376898527145 0.03168043866753578 
v 0.08856905251741409 -0.09596572071313858 0.029655935242772102 
v 0.09131037443876266 -0.09928961843252182 0.020091909915208817 
v 0.10325472801923752 -0.1157761663198471 0.04012749716639519 
v 0.12929731607437134 0.03499593958258629 0.029655935242772102 
v 0.1320386528968811 0.03831984102725983 0.020091909915208817 
v 0.1416332870721817 0.03725619241595268 0.03168043866753578 
v 0.14457042515277863 0.04084600508213043 0.021069256588816643 
v 0.15612316131591797 0.04217556491494179 0.03956901282072067 
v 0.15494830906391144 0.04709493741393089 0.023233378306031227 
v 0.1459410935640335 0.04629720002412796 0.012273145839571953 
v 0.15612316131591797 0.051881350576877594 0.015205182135105133 
v 0.1459410935640335 0.04922223091125488 0.009061867371201515 
v 0.15592734515666962 0.05533820763230324 0.011086368933320045 
v 0.1451578587293625 0.05414160341024399 0.004873243626207113 
v 0.15455667674541473 0.05945984274148941 0.007037365809082985 
v 0.13360512256622314 0.043771035969257355 0.011225990019738674 
v 0.1338009238243103 0.046164244413375854 0.008643005043268204 
v 0.13399673998355865 0.051216572523117065 0.0044543808326125145 
v 0.1338009238243103 0.05587003380060196 0.0012431025970727205 
v 0.1437871903181076 0.05892802029848099 0.0012431025970727205 
v 0.1316470354795456 0.060789402574300766 -0.0007813990232534707 
v 0.1412416696548462 0.06477808207273483 -0.0007813990232534707 
v 0.12440209835767746 0.06983041018247604 -0.0007813990232534707 
v 0.13282188773155212 0.07528160512447357 -0.0007813990232534707 
v 0.1494656503200531 0.07022927701473236 0.0009638610063120723 
v 0.14085005223751068 0.0808657631278038 0.0009638610063120723 
v 0.12166076898574829 0.08405670523643494 -0.0007813990232534707 
v 0.1294931322336197 0.08990676701068878 0.0009638610063120723 
v 0.15220697224140167 0.06424625962972641 0.002778931288048625 
v 0.11500326544046402 0.07727594673633575 -0.0007813990232534707 
v 0.10912899672985077 0.08006802201271057 0.0012431025970727205 
v 0.11500326544046402 0.08738060295581818 0.0012431025970727205 
v 0.1042337715625763 0.08046688884496689 0.0044543808326125145 
v 0.11010804027318954 0.08857721090316772 0.004873243626207113 
v 0.09894692897796631 0.080599844455719 0.008643005043268204 
v 0.10521281510591507 0.08950790017843246 0.009061867371201515 
v 0.1181362122297287 0.09535796195268631 0.007037365809082985 
v 0.114220030605793 0.09655456990003586 0.011086368933320045 
v 0.10227568447589874 0.08950790017843246 0.012273145839571953 
v 0.11069546639919281 0.09655456990003586 0.015205182135105133 
v 0.12263981997966766 0.09323066473007202 0.002778931288048625 
v 0.09659721702337265 0.08046688884496689 0.011225990019738674 
v 0.09131037443876266 0.0784725546836853 0.020091909915208817 
v 0.09698883444070816 0.0877794697880745 0.02113906666636467 
v 0.08856905251741409 0.07514864951372147 0.029655935242772102 
v 0.09405170381069183 0.08405670523643494 0.03168043866753578 
v 0.10619185864925385 0.0950920507311821 0.023233378306031227 
v 0.10325472801923752 0.09429431706666946 0.03956901282072067 
v 0.10286311060190201 -0.08891905099153519 0.029655935242772102 
v 0.10560443252325058 -0.09224294871091843 0.020091909915208817 
v 0.08856905251741409 -0.09596572071313858 0.029655935242772102 
v 0.09131037443876266 -0.09928961843252182 0.020091909915208817 
v 0.1085415706038475 -0.09530094265937805 0.011156179010868073 
v 0.09620559960603714 -0.10141691565513611 0.011156179010868073 
v 0.10952061414718628 -0.09623163193464279 0.008643005043268204 
v 0.09816369414329529 -0.10168282687664032 0.008643005043268204 
v 0.11226194351911545 -0.09742823243141174 0.004314760211855173 
v 0.10345053672790527 -0.10181578248739243 0.0043845707550644875 
v 0.11480745673179626 -0.09822597354650497 -0.0007813990232534707 
v 0.10795414447784424 -0.10154987126588821 0.0012431025970727205 
v 0.12440209835767746 -0.09064748138189316 -0.0007813990232534707 
v 0.12283562868833542 -0.08905200660228729 0.004314760211855173 
v 0.1338009238243103 -0.07668709754943848 0.0012431025970727205 
v 0.1316470354795456 -0.08173942565917969 -0.0007813990232534707 
v 0.13399673998355865 -0.07216659933328629 0.0044543808326125145 
v 0.13086380064487457 -0.07908030599355698 0.004314760211855173 
v 0.12968894839286804 -0.07628823071718216 0.008643005043268204 
v 0.1338009238243103 -0.06698131561279297 0.008643005043268204 
v 0.13360512256622314 -0.06458810716867447 0.011225990019738674 
v 0.12910151481628418 -0.07522458583116531 0.011156179010868073 
v 0.12655599415302277 -0.07163476943969727 0.020091909915208817 
v 0.11754878610372543 -0.08293603360652924 0.020091909915208817 
v 0.1238146722316742 -0.06831087172031403 0.029655935242772102 
v 0.11480745673179626 -0.0796121284365654 0.029655935242772102 
v 0.120290108025074 -0.08612697571516037 0.011156179010868073 
v 0.12107334285974503 -0.08719062060117722 0.008643005043268204 
v 0.1320386528968811 -0.05913690850138664 0.020091909915208817 
v 0.12929731607437134 -0.055813007056713104 0.029655935242772102 
v 0.10325472801923752 -0.1157761663198471 0.04012749716639519 
v 0.12126915156841278 -0.10700106620788574 0.0415935143828392 
v 0.10619185864925385 -0.11590912193059921 0.022814515978097916 
v 0.12322724610567093 -0.10966018587350845 0.024001292884349823 
v 0.1103038489818573 -0.11763754487037659 0.014716509729623795 
v 0.1259685754776001 -0.11258521676063538 0.014856130816042423 
v 0.11343679577112198 -0.1179034635424614 0.010597696527838707 
v 0.1377171128988266 -0.0939713791012764 0.0415935143828392 
v 0.1377171128988266 -0.09623163193464279 0.024001292884349823 
v 0.1512279361486435 -0.082138292491436 0.02407110296189785 
v 0.15024888515472412 -0.07841552793979645 0.0415935143828392 
v 0.15494830906391144 -0.06804496049880981 0.022814515978097916 
v 0.156906396150589 -0.0629926323890686 0.04012749716639519 
v 0.1533818244934082 -0.08532924205064774 0.01492594089359045 
v 0.15612316131591797 -0.07283137738704681 0.014716509729623795 
v 0.15592734515666962 -0.07628823071718216 0.010667506605386734 
v 0.15416505932807922 -0.086924709379673 0.01031845435500145 
v 0.15240278840065002 -0.08838722854852676 0.005850588902831078 
v 0.1416332870721817 -0.10181578248739243 0.0057807788252830505 
v 0.1494656503200531 -0.09117930382490158 0.0005449986201710999 
v 0.14085005223751068 -0.10194873809814453 0.0005449986201710999 
v 0.1294931322336197 -0.110856793820858 0.0005449986201710999 
v 0.12753504514694214 -0.11298409104347229 0.0057807788252830505 
v 0.12126915156841278 -0.11484546959400177 0.0023600689601153135 
v 0.11715716868638992 -0.11683981120586395 0.006548692937940359 
v 0.12694761157035828 -0.11364886909723282 0.01031845435500145 
v 0.14006681740283966 -0.09928961843252182 0.01492594089359045 
v 0.1412416696548462 -0.10075213760137558 0.010388265363872051 
v 0.15455667674541473 -0.08040986955165863 0.0066185034811496735 
v 0.15220697224140167 -0.08519628643989563 0.0023600689601153135 
v -0.07963088154792786 -0.13399113714694977 0.12550561130046844 
v 0.05488990247249603 -0.13199679553508759 0.12348110973834991 
v -0.07963088154792786 -0.13199679553508759 0.12348110973834991 
v 0.05488990247249603 -0.13199679553508759 0.11803590506315231 
v -0.1064567118883133 -0.13159792125225067 0.12550561130046844 
v 0.05488990247249603 -0.13399113714694977 0.12550561130046844 
v 0.0811283066868782 -0.1297365427017212 0.12348110973834991 
v 0.08171573281288147 -0.13159792125225067 0.12550561130046844 
v 0.10521281510591507 -0.12308874726295471 0.12348110973834991 
v 0.10619185864925385 -0.12481717020273209 0.12550561130046844 
v 0.12675181031227112 -0.11245226114988327 0.12348110973834991 
v 0.1281224638223648 -0.11391478031873703 0.12550561130046844 
v 0.14476624131202698 -0.09835892915725708 0.12348110973834991 
v 0.14652851223945618 -0.09942257404327393 0.12550561130046844 
v 0.15827704966068268 -0.08134055882692337 0.12348110973834991 
v 0.16023515164852142 -0.082138292491436 0.12550561130046844 
v 0.16669684648513794 -0.06246080622076988 0.12348110973834991 
v 0.16885073482990265 -0.0628596767783165 0.12550561130046844 
v 0.16963396966457367 -0.04185262694954872 0.12348110973834991 
v 0.17178787291049957 -0.04198558256030083 0.12550561130046844 
v 0.16963396966457367 0.021035559475421906 0.12348110973834991 
v 0.17178787291049957 0.02116851508617401 0.12550561130046844 
v 0.16669684648513794 0.041643738746643066 0.12348110973834991 
v 0.16885073482990265 0.04204260930418968 0.12550561130046844 
v 0.15827704966068268 0.060523491352796555 0.12348110973834991 
v 0.16023515164852142 0.06132122874259949 0.12550561130046844 
v 0.14476624131202698 0.07754185795783997 0.12348110973834991 
v 0.14652851223945618 0.07860551029443741 0.12550561130046844 
v 0.14476624131202698 0.07754185795783997 0.11803590506315231 
v 0.15827704966068268 0.060523491352796555 0.11803590506315231 
v 0.14319975674152374 0.07661116868257523 0.10456249117851257 
v 0.15651477873325348 0.059858713299036026 0.10456249117851257 
v 0.13928358256816864 0.07448387145996094 0.08955325931310654 
v 0.15240278840065002 0.058130282908678055 0.08955325931310654 
v 0.1341925412416458 0.07169179618358612 0.07691757380962372 
v 0.1469201296567917 0.05587003380060196 0.0769873857498169 
v 0.12910151481628418 0.0687667652964592 0.0670045018196106 
v 0.1412416696548462 0.05347682535648346 0.0670045018196106 
v 0.15475249290466309 0.03818688541650772 0.0769873857498169 
v 0.14887821674346924 0.03645845502614975 0.0670045018196106 
v 0.16062676906585693 0.039915312081575394 0.08955325931310654 
v 0.16493456065654755 0.04124487191438675 0.10456249117851257 
v 0.16669684648513794 0.041643738746643066 0.11803590506315231 
v 0.16963396966457367 0.021035559475421906 0.11803590506315231 
v 0.16787169873714447 0.020769648253917694 0.10456249117851257 
v 0.1633680909872055 0.01997191272675991 0.08955325931310654 
v 0.15749381482601166 0.018908264115452766 0.0769873857498169 
v 0.15142373740673065 0.017844615504145622 0.0670045018196106 
v 0.15749381482601166 -0.03972533345222473 0.0769873857498169 
v 0.15142373740673065 -0.03866168484091759 0.0670045018196106 
v 0.1633680909872055 -0.04078897833824158 0.08955325931310654 
v 0.16787169873714447 -0.04158671572804451 0.10456249117851257 
v 0.16963396966457367 -0.04185262694954872 0.11803590506315231 
v 0.16669684648513794 -0.06246080622076988 0.11803590506315231 
v 0.16493456065654755 -0.062061939388513565 0.10456249117851257 
v 0.16062676906585693 -0.06073237955570221 0.08955325931310654 
v 0.15475249290466309 -0.05900395289063454 0.0769873857498169 
v 0.14887821674346924 -0.057275522500276566 0.0670045018196106 
v 0.1469201296567917 -0.07668709754943848 0.0769873857498169 
v 0.1412416696548462 -0.07429388910531998 0.0670045018196106 
v 0.15240278840065002 -0.07894735038280487 0.08955325931310654 
v 0.15651477873325348 -0.08067578077316284 0.10456249117851257 
v 0.15827704966068268 -0.08134055882692337 0.11803590506315231 
v 0.14476624131202698 -0.09835892915725708 0.11803590506315231 
v 0.14319975674152374 -0.09742823243141174 0.10456249117851257 
v 0.13928358256816864 -0.09530094265937805 0.08955325931310654 
v 0.1341925412416458 -0.09250886738300323 0.07691757380962372 
v 0.12910151481628418 -0.08958382904529572 0.0670045018196106 
v 0.11735297739505768 -0.10567151010036469 0.07691757380962372 
v 0.11284936964511871 -0.10234760493040085 0.0670045018196106 
v 0.1220523864030838 -0.10899540781974792 0.08948344737291336 
v 0.12538114190101624 -0.11138861626386642 0.10456249117851257 
v 0.12675181031227112 -0.11245226114988327 0.11803590506315231 
v 0.10521281510591507 -0.12308874726295471 0.11803590506315231 
v 0.10403796285390854 -0.12202509492635727 0.10456249117851257 
v 0.10110082477331161 -0.11923301964998245 0.08948344737291336 
v 0.09738045930862427 -0.1155102550983429 0.07684776932001114 
v 0.09346427768468857 -0.11192043870687485 0.0670045018196106 
v 0.07486242055892944 -0.12175918370485306 0.07684776932001114 
v 0.07172947376966476 -0.11777050048112869 0.0670045018196106 
v 0.07799536734819412 -0.12561491131782532 0.08948344737291336 
v 0.08014926314353943 -0.12853993475437164 0.10456249117851257 
v 0.0811283066868782 -0.12960359454154968 0.11803590506315231 
v 0.05410666763782501 -0.13080018758773804 0.10456249117851257 
v 0.05254019424319267 -0.1278751641511917 0.08941363543272018 
v 0.05038629472255707 -0.12388648092746735 0.07677795737981796 
v 0.04803658649325371 -0.11989779770374298 0.0670045018196106 
v -0.07512727379798889 -0.12388648092746735 0.07677795737981796 
v -0.07277756184339523 -0.11989779770374298 0.0670045018196106 
v -0.0772811695933342 -0.1278751641511917 0.08941363543272018 
v -0.07884764671325684 -0.13080018758773804 0.10456249117851257 
v -0.07963088154792786 -0.13199679553508759 0.11803590506315231 
v -0.10586928576231003 -0.1297365427017212 0.12348110973834991 
v -0.13093283772468567 -0.12481717020273209 0.12550561130046844 
v -0.1299537867307663 -0.12308874726295471 0.12348110973834991 
v -0.15286344289779663 -0.11391478031873703 0.12550561130046844 
v -0.15149278938770294 -0.11245226114988327 0.12348110973834991 
v -0.1299537867307663 -0.12308874726295471 0.11803590506315231 
v -0.15149278938770294 -0.11245226114988327 0.11803590506315231 
v -0.10586928576231003 -0.12960359454154968 0.11803590506315231 
v -0.10489024221897125 -0.12853993475437164 0.10456249117851257 
v -0.12877893447875977 -0.12202509492635727 0.10456249117851257 
v -0.15012212097644806 -0.11138861626386642 0.10456249117851257 
v -0.12584181129932404 -0.11923301964998245 0.08948344737291336 
v -0.14679336547851562 -0.10899540781974792 0.08948344737291336 
v -0.10273633897304535 -0.12561491131782532 0.08948344737291336 
v -0.09960339963436127 -0.12175918370485306 0.07684776932001114 
v -0.09647045284509659 -0.11777050048112869 0.0670045018196106 
v -0.1221214309334755 -0.1155102550983429 0.07684776932001114 
v -0.1182052493095398 -0.11192043870687485 0.0670045018196106 
v -0.1420939564704895 -0.10567151010036469 0.07691757380962372 
v -0.13759034872055054 -0.10234760493040085 0.0670045018196106 
v -0.15286344289779663 -0.11391478031873703 0.12550561130046844 
v -0.15149278938770294 -0.11245226114988327 0.12348110973834991 
v -0.171269491314888 -0.09942257404327393 0.12550561130046844 
v -0.1695072054862976 -0.09835892915725708 0.12348110973834991 
v -0.18497611582279205 -0.082138292491436 0.12550561130046844 
v -0.1830180287361145 -0.08134055882692337 0.12348110973834991 
v -0.19359171390533447 -0.0628596767783165 0.12550561130046844 
v -0.19143782556056976 -0.06246080622076988 0.12348110973834991 
v -0.1965288519859314 -0.04198558256030083 0.12550561130046844 
v -0.1943749487400055 -0.04185262694954872 0.12348110973834991 
v -0.1965288519859314 0.02116851508617401 0.12550561130046844 
v -0.1943749487400055 0.021035559475421906 0.12348110973834991 
v -0.19359171390533447 0.04204260930418968 0.12550561130046844 
v -0.19143782556056976 0.041643738746643066 0.12348110973834991 
v -0.18497611582279205 0.06132122874259949 0.12550561130046844 
v -0.1830180287361145 0.060523491352796555 0.12348110973834991 
v -0.171269491314888 0.07860551029443741 0.12550561130046844 
v -0.1695072054862976 0.07754185795783997 0.12348110973834991 
v -0.15286344289779663 0.09309770911931992 0.12550561130046844 
v -0.15149278938770294 0.09163519740104675 0.12348110973834991 
v -0.13093283772468567 0.10400010645389557 0.12550561130046844 
v -0.1299537867307663 0.1022716760635376 0.12348110973834991 
v -0.1064567118883133 0.11078085750341415 0.12550561130046844 
v -0.10586928576231003 0.10891947895288467 0.12348110973834991 
v -0.07963088154792786 0.11317406594753265 0.12550561130046844 
v -0.07963088154792786 0.11117972433567047 0.12348110973834991 
v 0.05488990247249603 0.11317406594753265 0.12550561130046844 
v 0.05488990247249603 0.11117972433567047 0.12348110973834991 
v 0.08171573281288147 0.11078085750341415 0.12550561130046844 
v 0.0811283066868782 0.10891947895288467 0.12348110973834991 
v 0.10619185864925385 0.10400010645389557 0.12550561130046844 
v 0.10521281510591507 0.1022716760635376 0.12348110973834991 
v 0.1281224638223648 0.09309770911931992 0.12550561130046844 
v 0.12675181031227112 0.09163519740104675 0.12348110973834991 
v 0.14652851223945618 0.07860551029443741 0.12550561130046844 
v 0.14476624131202698 0.07754185795783997 0.12348110973834991 
v 0.12675181031227112 0.09163519740104675 0.11803590506315231 
v 0.14476624131202698 0.07754185795783997 0.11803590506315231 
v -0.15149278938770294 -0.11245226114988327 0.11803590506315231 
v 0.10521281510591507 0.1022716760635376 0.11803590506315231 
v 0.0811283066868782 0.10878652334213257 0.11803590506315231 
v 0.05488990247249603 0.11117972433567047 0.11803590506315231 
v -0.07963088154792786 0.11117972433567047 0.11803590506315231 
v -0.10586928576231003 0.10878652334213257 0.11803590506315231 
v -0.1299537867307663 0.1022716760635376 0.11803590506315231 
v -0.15149278938770294 0.09163519740104675 0.11803590506315231 
v -0.1695072054862976 0.07754185795783997 0.11803590506315231 
v -0.1830180287361145 0.060523491352796555 0.11803590506315231 
v -0.19143782556056976 0.041643738746643066 0.11803590506315231 
v -0.1943749487400055 0.021035559475421906 0.11803590506315231 
v -0.1943749487400055 -0.04185262694954872 0.11803590506315231 
v -0.19143782556056976 -0.06246080622076988 0.11803590506315231 
v -0.1830180287361145 -0.08134055882692337 0.11803590506315231 
v -0.1695072054862976 -0.09835892915725708 0.11803590506315231 
v -0.15012212097644806 -0.11138861626386642 0.10456249117851257 
v -0.16794073581695557 -0.09742823243141174 0.10456249117851257 
v -0.14679336547851562 -0.10899540781974792 0.08948344737291336 
v -0.16402456164360046 -0.09530094265937805 0.08955325931310654 
v -0.1420939564704895 -0.10567151010036469 0.07691757380962372 
v -0.15893352031707764 -0.09250886738300323 0.07691757380962372 
v -0.13759034872055054 -0.10234760493040085 0.0670045018196106 
v -0.153842493891716 -0.08958382904529572 0.0670045018196106 
v -0.1716611087322235 -0.07668709754943848 0.0769873857498169 
v -0.16598264873027802 -0.07429388910531998 0.0670045018196106 
v -0.1812557578086853 -0.08067578077316284 0.10456249117851257 
v -0.18967553973197937 -0.062061939388513565 0.10456249117851257 
v -0.1926126778125763 -0.04158671572804451 0.10456249117851257 
v -0.17714376747608185 -0.07894735038280487 0.08955325931310654 
v -0.18536773324012756 -0.06073237955570221 0.08955325931310654 
v -0.1794934719800949 -0.05900395289063454 0.0769873857498169 
v -0.17361919581890106 -0.057275522500276566 0.0670045018196106 
v -0.18223479390144348 -0.03972533345222473 0.0769873857498169 
v -0.17616471648216248 -0.03866168484091759 0.0670045018196106 
v -0.18810907006263733 -0.04078897833824158 0.08955325931310654 
v -0.1926126778125763 0.020769648253917694 0.10456249117851257 
v -0.18967553973197937 0.04124487191438675 0.10456249117851257 
v -0.18810907006263733 0.01997191272675991 0.08955325931310654 
v -0.18223479390144348 0.018908264115452766 0.0769873857498169 
v -0.17616471648216248 0.017844615504145622 0.0670045018196106 
v -0.1794934719800949 0.03818688541650772 0.0769873857498169 
v -0.17361919581890106 0.03645845502614975 0.0670045018196106 
v -0.18536773324012756 0.039915312081575394 0.08955325931310654 
v -0.1812557578086853 0.059858713299036026 0.10456249117851257 
v -0.16794073581695557 0.07661116868257523 0.10456249117851257 
v -0.17714376747608185 0.058130282908678055 0.08955325931310654 
v -0.1716611087322235 0.05587003380060196 0.0769873857498169 
v -0.16598264873027802 0.05347682535648346 0.0670045018196106 
v -0.15893352031707764 0.07169179618358612 0.07691757380962372 
v -0.153842493891716 0.0687667652964592 0.0670045018196106 
v -0.16402456164360046 0.07448387145996094 0.08955325931310654 
v -0.15012212097644806 0.09057154506444931 0.10456249117851257 
v -0.12877893447875977 0.10120803117752075 0.10456249117851257 
v -0.14679336547851562 0.08817833662033081 0.08948344737291336 
v -0.1420939564704895 0.08485443890094757 0.07691757380962372 
v -0.13759034872055054 0.08153054118156433 0.0670045018196106 
v -0.1221214309334755 0.09469318389892578 0.07684776932001114 
v -0.1182052493095398 0.09110337495803833 0.0670045018196106 
v -0.12584181129932404 0.09841594845056534 0.08948344737291336 
v -0.10489024221897125 0.10772287100553513 0.10456249117851257 
v -0.07884764671325684 0.10998312383890152 0.10456249117851257 
v -0.10273633897304535 0.1047978401184082 0.08948344737291336 
v -0.09960339963436127 0.10094211250543594 0.07684776932001114 
v -0.09647045284509659 0.09695343673229218 0.0670045018196106 
v -0.07512727379798889 0.10306940972805023 0.07677795737981796 
v -0.07277756184339523 0.09908073395490646 0.0670045018196106 
v -0.0772811695933342 0.1070580929517746 0.08941363543272018 
v 0.05410666763782501 0.10998312383890152 0.10456249117851257 
v 0.08014926314353943 0.10772287100553513 0.10456249117851257 
v 0.05254019424319267 0.1070580929517746 0.08941363543272018 
v 0.05038629472255707 0.10306940972805023 0.07677795737981796 
v 0.04803658649325371 0.09908073395490646 0.0670045018196106 
v 0.07486242055892944 0.10094211250543594 0.07684776932001114 
v 0.07172947376966476 0.09695343673229218 0.0670045018196106 
v 0.07799536734819412 0.1047978401184082 0.08948344737291336 
v 0.10403796285390854 0.10120803117752075 0.10456249117851257 
v 0.12538114190101624 0.09057154506444931 0.10456249117851257 
v 0.14319975674152374 0.07661116868257523 0.10456249117851257 
v 0.1220523864030838 0.08817833662033081 0.08948344737291336 
v 0.13928358256816864 0.07448387145996094 0.08955325931310654 
v 0.10110082477331161 0.09841594845056534 0.08948344737291336 
v 0.09738045930862427 0.09469318389892578 0.07684776932001114 
v 0.11735297739505768 0.08485443890094757 0.07691757380962372 
v 0.1341925412416458 0.07169179618358612 0.07691757380962372 
v 0.11284936964511871 0.08153054118156433 0.0670045018196106 
v 0.09346427768468857 0.09110337495803833 0.0670045018196106 
v 0.12910151481628418 0.0687667652964592 0.0670045018196106 
v -0.14855565130710602 -0.06831087172031403 0.029655935242772102 
v -0.15403829514980316 -0.055813007056713104 0.029655935242772102 
v -0.1395484358072281 -0.0796121284365654 0.029655935242772102 
v -0.14503107964992523 -0.06458810716867447 0.029655935242772102 
v -0.12760408222675323 -0.08891905099153519 0.029655935242772102 
v -0.15638801455497742 -0.04012420028448105 0.029655935242772102 
v -0.14718498289585114 -0.04597426578402519 0.029655935242772102 
v -0.15638801455497742 0.019307132810354233 0.029655935242772102 
v -0.14718498289585114 0.025157196447253227 0.029655935242772102 
v -0.15403829514980316 0.03499593958258629 0.029655935242772102 
v -0.14503107964992523 0.043771035969257355 0.029655935242772102 
v -0.14855565130710602 0.04749380424618721 0.029655935242772102 
v -0.1395484358072281 0.05879506468772888 0.029655935242772102 
v -0.1324993073940277 0.051216572523117065 0.029655935242772102 
v -0.12760408222675323 0.06810198724269867 0.029655935242772102 
v -0.11703039705753326 0.056667767465114594 0.029655935242772102 
v -0.11331003159284592 0.07514864951372147 0.029655935242772102 
v -0.09979920834302902 0.06012462452054024 0.029655935242772102 
v -0.09744949638843536 0.07953619956970215 0.029655935242772102 
v -0.07826022058725357 0.06145418435335159 0.029655935242772102 
v -0.07747697830200195 0.08126462996006012 0.029655935242772102 
v 0.05351924151182175 0.06145418435335159 0.029655935242772102 
v 0.05273600295186043 0.08126462996006012 0.029655935242772102 
v 0.0750582292675972 0.06012462452054024 0.029655935242772102 
v 0.07270852476358414 0.07953619956970215 0.029655935242772102 
v 0.09228942543268204 0.056667767465114594 0.029655935242772102 
v 0.08856905251741409 0.07514864951372147 0.029655935242772102 
v 0.10775833576917648 0.051216572523117065 0.029655935242772102 
v 0.10286311060190201 0.06810198724269867 0.029655935242772102 
v 0.120290108025074 0.043771035969257355 0.029655935242772102 
v 0.11480745673179626 0.05879506468772888 0.029655935242772102 
v 0.12929731607437134 0.03499593958258629 0.029655935242772102 
v 0.1238146722316742 0.04749380424618721 0.029655935242772102 
v 0.1316470354795456 0.019307132810354233 0.029655935242772102 
v 0.12244401127099991 0.025157196447253227 0.029655935242772102 
v 0.10952061414718628 0.029943611472845078 0.029655935242772102 
v 0.09385589510202408 0.03353342413902283 0.029655935242772102 
v 0.07603727281093597 0.03579367697238922 0.029655935242772102 
v 0.05391085892915726 0.03672436624765396 0.029655935242772102 
v -0.07865183800458908 0.03672436624765396 0.029655935242772102 
v -0.1007782518863678 0.03579367697238922 0.029655935242772102 
v -0.1185968741774559 0.03353342413902283 0.029655935242772102 
v -0.1342615932226181 0.029943611472845078 0.029655935242772102 
v -0.1342615932226181 -0.05076067894697189 0.029655935242772102 
v 0.1316470354795456 -0.04012420028448105 0.029655935242772102 
v -0.1185968741774559 -0.05435049161314964 0.029655935242772102 
v -0.1007782518863678 -0.05661074444651604 0.029655935242772102 
v -0.07865183800458908 -0.057541437447071075 0.029655935242772102 
v 0.05391085892915726 -0.057541437447071075 0.029655935242772102 
v 0.07603727281093597 -0.05661074444651604 0.029655935242772102 
v 0.09385589510202408 -0.05435049161314964 0.029655935242772102 
v 0.10952061414718628 -0.05076067894697189 0.029655935242772102 
v 0.12244401127099991 -0.04597426578402519 0.029655935242772102 
v 0.12929731607437134 -0.055813007056713104 0.029655935242772102 
v 0.120290108025074 -0.06458810716867447 0.029655935242772102 
v 0.1238146722316742 -0.06831087172031403 0.029655935242772102 
v 0.11480745673179626 -0.0796121284365654 0.029655935242772102 
v 0.10775833576917648 -0.07203364372253418 0.029655935242772102 
v 0.09228942543268204 -0.07748483866453171 0.029655935242772102 
v 0.0750582292675972 -0.08094169199466705 0.029655935242772102 
v 0.05351924151182175 -0.08227125555276871 0.029655935242772102 
v -0.07826022058725357 -0.08227125555276871 0.029655935242772102 
v -0.09979920834302902 -0.08094169199466705 0.029655935242772102 
v -0.11703039705753326 -0.07748483866453171 0.029655935242772102 
v -0.1324993073940277 -0.07203364372253418 0.029655935242772102 
v -0.11331003159284592 -0.09596572071313858 0.029655935242772102 
v -0.09744949638843536 -0.10035327076911926 0.029655935242772102 
v -0.07747697830200195 -0.10208169370889664 0.029655935242772102 
v 0.05273600295186043 -0.10208169370889664 0.029655935242772102 
v 0.07270852476358414 -0.10035327076911926 0.029655935242772102 
v 0.08856905251741409 -0.09596572071313858 0.029655935242772102 
v 0.10286311060190201 -0.08891905099153519 0.029655935242772102 
v -0.1926126778125763 0.04204260930418968 0.10972846299409866 
v -0.19417914748191833 0.03167203813791275 0.10979827493429184 
v -0.18419288098812103 0.061055317521095276 0.11000770330429077 
v -0.18595516681671143 0.04682902246713638 0.10958884656429291 
v -0.17048625648021698 0.07807368040084839 0.11049637943506241 
v -0.19574561715126038 0.02116851508617401 0.10979827493429184 
v -0.18771745264530182 0.032735686749219894 0.10993789881467819 
v -0.19574561715126038 0.008537695743143559 0.10986808687448502 
v -0.18771745264530182 0.015451407991349697 0.11042656749486923 
v -0.19574561715126038 -0.0040931240655481815 0.10979827493429184 
v -0.18771745264530182 -0.0018328720470890403 0.11049637943506241 
v -0.19574561715126038 -0.01672394387423992 0.10979827493429184 
v -0.18771745264530182 -0.018984196707606316 0.11049637943506241 
v -0.19574561715126038 -0.02935476414859295 0.10986808687448502 
v -0.18771745264530182 -0.03626847639679909 0.11042656749486923 
v -0.19574561715126038 -0.04198558256030083 0.10979827493429184 
v -0.18771745264530182 -0.05355275422334671 0.10993789881467819 
v -0.19417914748191833 -0.052489109337329865 0.10979827493429184 
v -0.18595516681671143 -0.0676460936665535 0.10958884656429291 
v -0.1926126778125763 -0.0628596767783165 0.10972846299409866 
v -0.18419288098812103 -0.0818723812699318 0.11000770330429077 
v -0.17224854230880737 -0.08134055882692337 0.11168315261602402 
v -0.17048625648021698 -0.0988907516002655 0.11049637943506241 
v -0.15403829514980316 -0.09277477860450745 0.11433595418930054 
v -0.15247182548046112 -0.1131170466542244 0.11126429587602615 
v -0.1321076899766922 -0.101283960044384 0.11608120799064636 
v -0.13073702156543732 -0.12388648092746735 0.1120322048664093 
v -0.10743575543165207 -0.10660219937562943 0.11608120799064636 
v -0.10665252059698105 -0.13053427636623383 0.1120322048664093 
v -0.08041411638259888 -0.10859654098749161 0.11461519449949265 
v -0.08002249896526337 -0.13279452919960022 0.11105486005544662 
v -0.05319666489958763 -0.10859654098749161 0.1129397451877594 
v -0.053000856190919876 -0.13279452919960022 0.10958884656429291 
v -0.025979213416576385 -0.10859654098749161 0.11300954967737198 
v -0.025979213416576385 -0.13279452919960022 0.10896054655313492 
v 0.0010424279607832432 -0.10859654098749161 0.1129397451877594 
v 0.0010424279607832432 -0.13279452919960022 0.10958884656429291 
v 0.0282598789781332 -0.10859654098749161 0.11461519449949265 
v 0.028064070269465446 -0.13279452919960022 0.11105486005544662 
v 0.0554773285984993 -0.10859654098749161 0.11615101993083954 
v 0.05528151988983154 -0.13279452919960022 0.11217182874679565 
v 0.08249897509813309 -0.10660219937562943 0.1156623512506485 
v 0.08171573281288147 -0.13053427636623383 0.11154353618621826 
v 0.10717090964317322 -0.101283960044384 0.11238125711679459 
v 0.10580024123191833 -0.12388648092746735 0.11028695106506348 
v 0.12910151481628418 -0.09277477860450745 0.10868130624294281 
v 0.12753504514694214 -0.1131170466542244 0.10916998237371445 
v 0.14750756323337555 -0.08134055882692337 0.10553984344005585 
v 0.14574527740478516 -0.0988907516002655 0.10826244950294495 
v 0.16101838648319244 -0.0676460936665535 0.10330590605735779 
v 0.15925610065460205 -0.0818723812699318 0.10763414949178696 
v 0.16924235224723816 -0.052489109337329865 0.10735490918159485 
v 0.16767588257789612 -0.0628596767783165 0.10735490918159485 
v 0.1708088368177414 -0.04198558256030083 0.10728509724140167 
v 0.16278065741062164 -0.05355275422334671 0.1035851463675499 
v 0.1490740329027176 -0.06379036605358124 0.10623794049024582 
v 0.13066798448562622 -0.07229955494403839 0.11000770330429077 
v 0.10834576189517975 -0.07881439477205276 0.11433595418930054 
v 0.08328220993280411 -0.08280307799577713 0.11629064381122589 
v 0.05567313730716705 -0.08426558971405029 0.1147548109292984 
v 0.028455687686800957 -0.08426558971405029 0.11342841386795044 
v 0.0012382370186969638 -0.08426558971405029 0.11852457374334335 
v -0.02617502212524414 -0.08426558971405029 0.12166604399681091 
v -0.053392473608255386 -0.08426558971405029 0.11852457374334335 
v -0.08060992509126663 -0.08426558971405029 0.11342841386795044 
v -0.10821899771690369 -0.08280307799577713 0.11468499898910522 
v -0.13328254222869873 -0.07881439477205276 0.11629064381122589 
v -0.1556047648191452 -0.07229955494403839 0.11545291543006897 
v -0.17401081323623657 -0.06379036605358124 0.11252088099718094 
v -0.17401081323623657 -0.04238445311784744 0.11342841386795044 
v 0.1708088368177414 -0.02935476414859295 0.10735490918159485 
v -0.1556047648191452 -0.04756973683834076 0.11601140350103378 
v -0.13328254222869873 -0.05142546072602272 0.11580196768045425 
v -0.10821899771690369 -0.05381866917014122 0.1129397451877594 
v -0.08060992509126663 -0.05474935844540596 0.12006040662527084 
v -0.053392473608255386 -0.05474935844540596 0.12815840542316437 
v -0.02617502212524414 -0.05474935844540596 0.1352790743112564 
v 0.0012382370186969638 -0.05474935844540596 0.13360361754894257 
v 0.028455687686800957 -0.05474935844540596 0.12006040662527084 
v 0.05567313730716705 -0.05474935844540596 0.1129397451877594 
v 0.08328220993280411 -0.05381866917014122 0.11601140350103378 
v 0.10834576189517975 -0.05142546072602272 0.11552272737026215 
v 0.13066798448562622 -0.04756973683834076 0.11126429587602615 
v 0.1490740329027176 -0.04238445311784744 0.10707566887140274 
v 0.16278065741062164 -0.03626847639679909 0.10400401055812836 
v 0.1708088368177414 -0.01672394387423992 0.10735490918159485 
v 0.16278065741062164 -0.018984196707606316 0.10400401055812836 
v 0.1708088368177414 -0.0040931240655481815 0.10735490918159485 
v 0.1490740329027176 -0.021111492067575455 0.10721529275178909 
v 0.13066798448562622 -0.022839920595288277 0.11161334812641144 
v 0.10834576189517975 -0.024036524817347527 0.11580196768045425 
v 0.08328220993280411 -0.02483426034450531 0.11573215574026108 
v 0.05567313730716705 -0.025233127176761627 0.11321898549795151 
v 0.028455687686800957 -0.025233127176761627 0.12431883811950684 
v 0.0012382370186969638 -0.025233127176761627 0.14212049543857574 
v -0.02617502212524414 -0.025233127176761627 0.13974693417549133 
v -0.053392473608255386 -0.025233127176761627 0.12976405024528503 
v -0.08060992509126663 -0.025233127176761627 0.12431883811950684 
v -0.10821899771690369 -0.02483426034450531 0.11314917355775833 
v -0.13328254222869873 -0.024036524817347527 0.11552272737026215 
v -0.1556047648191452 -0.022839920595288277 0.11615101993083954 
v -0.17401081323623657 -0.021111492067575455 0.11363784968852997 
v -0.17401081323623657 0.0002944240113720298 0.11363784968852997 
v -0.1556047648191452 0.0020228519570082426 0.11615101993083954 
v -0.13328254222869873 0.003219455946236849 0.11552272737026215 
v -0.10821899771690369 0.00401719193905592 0.11314917355775833 
v -0.08060992509126663 0.004416060168296099 0.12431883811950684 
v -0.053392473608255386 0.004416060168296099 0.12976405024528503 
v -0.02617502212524414 0.004416060168296099 0.13974693417549133 
v 0.0012382370186969638 0.004416060168296099 0.14212049543857574 
v 0.028455687686800957 0.004416060168296099 0.13311494886875153 
v 0.05567313730716705 0.004416060168296099 0.11321898549795151 
v 0.08328220993280411 0.00401719193905592 0.11573215574026108 
v 0.10834576189517975 0.003219455946236849 0.11580196768045425 
v 0.13066798448562622 0.0020228519570082426 0.11161334812641144 
v 0.1490740329027176 0.0002944240113720298 0.10721529275178909 
v 0.16278065741062164 -0.0018328720470890403 0.10400401055812836 
v 0.1708088368177414 0.008537695743143559 0.10735490918159485 
v 0.16278065741062164 0.015451407991349697 0.10400401055812836 
v 0.1708088368177414 0.02116851508617401 0.10728509724140167 
v 0.1490740329027176 0.021567383781075478 0.10707566887140274 
v 0.13066798448562622 0.026752667501568794 0.11126429587602615 
v 0.10834576189517975 0.030608391389250755 0.11552272737026215 
v 0.08328220993280411 0.033001601696014404 0.11601140350103378 
v 0.05567313730716705 0.033932290971279144 0.1129397451877594 
v 0.028455687686800957 0.033932290971279144 0.12885650992393494 
v 0.0012382370186969638 0.033932290971279144 0.13360361754894257 
v -0.02617502212524414 0.033932290971279144 0.1407242864370346 
v -0.053392473608255386 0.033932290971279144 0.13360361754894257 
v -0.08060992509126663 0.033932290971279144 0.12006040662527084 
v -0.10821899771690369 0.033001601696014404 0.1129397451877594 
v -0.13328254222869873 0.030608391389250755 0.11580196768045425 
v -0.1556047648191452 0.026752667501568794 0.11601140350103378 
v -0.17401081323623657 0.021567383781075478 0.11342841386795044 
v -0.17401081323623657 0.04297329857945442 0.11252088099718094 
v -0.1556047648191452 0.05148248374462128 0.11545291543006897 
v -0.13328254222869873 0.05799732729792595 0.11629064381122589 
v -0.10821899771690369 0.061986006796360016 0.11468499898910522 
v -0.08060992509126663 0.06344852596521378 0.11342841386795044 
v -0.053392473608255386 0.06344852596521378 0.11852457374334335 
v -0.02617502212524414 0.06344852596521378 0.12166604399681091 
v 0.0012382370186969638 0.06344852596521378 0.11852457374334335 
v 0.028455687686800957 0.06344852596521378 0.11342841386795044 
v 0.05567313730716705 0.06344852596521378 0.1147548109292984 
v 0.08328220993280411 0.061986006796360016 0.11629064381122589 
v 0.10834576189517975 0.05799732729792595 0.11433595418930054 
v 0.13066798448562622 0.05148248374462128 0.11000770330429077 
v 0.1490740329027176 0.04297329857945442 0.10623794049024582 
v 0.16278065741062164 0.032735686749219894 0.1035851463675499 
v 0.16924235224723816 0.03167203813791275 0.10735490918159485 
v 0.16101838648319244 0.04682902246713638 0.10330590605735779 
v 0.16767588257789612 0.04204260930418968 0.10735490918159485 
v 0.15925610065460205 0.061055317521095276 0.10763414949178696 
v 0.14750756323337555 0.060523491352796555 0.10553984344005585 
v 0.12910151481628418 0.07195770740509033 0.10868130624294281 
v 0.10717090964317322 0.08046688884496689 0.11238125711679459 
v 0.08249897509813309 0.08578513562679291 0.1156623512506485 
v 0.0554773285984993 0.0877794697880745 0.11615101993083954 
v 0.0282598789781332 0.0877794697880745 0.11461519449949265 
v 0.0010424279607832432 0.0877794697880745 0.1129397451877594 
v -0.025979213416576385 0.0877794697880745 0.11300954967737198 
v -0.05319666489958763 0.0877794697880745 0.1129397451877594 
v -0.08041411638259888 0.0877794697880745 0.11461519449949265 
v -0.10743575543165207 0.08578513562679291 0.11608120799064636 
v -0.1321076899766922 0.08046688884496689 0.11608120799064636 
v -0.15403829514980316 0.07195770740509033 0.11433595418930054 
v -0.17224854230880737 0.060523491352796555 0.11168315261602402 
v -0.15247182548046112 0.09229997545480728 0.11126429587602615 
v -0.13073702156543732 0.10306940972805023 0.1120322048664093 
v -0.10665252059698105 0.10971721261739731 0.1120322048664093 
v -0.08002249896526337 0.1119774654507637 0.11105486005544662 
v -0.053000856190919876 0.1119774654507637 0.10958884656429291 
v -0.025979213416576385 0.1119774654507637 0.10896054655313492 
v 0.0010424279607832432 0.1119774654507637 0.10958884656429291 
v 0.028064070269465446 0.1119774654507637 0.11105486005544662 
v 0.05528151988983154 0.1119774654507637 0.11217182874679565 
v 0.08171573281288147 0.10971721261739731 0.11154353618621826 
v 0.10580024123191833 0.10306940972805023 0.11028695106506348 
v 0.12753504514694214 0.09229997545480728 0.10916998237371445 
v 0.14574527740478516 0.07807368040084839 0.10826244950294495 
vn -0.9169253706932068 -0.06781371682882309 0.3932546079158783 
vn -0.9612131118774414 -0.2757980227470398 0.002184694167226553 
vn -0.8866702914237976 -0.24962587654590607 0.3892335295677185 
vn -0.855779230594635 -0.5173366069793701 0.002184694167226553 
vn -0.7897447943687439 -0.4806383550167084 0.3811691105365753 
vn -0.7017449736595154 -0.7124248743057251 0.002184694167226553 
vn -0.6542279720306396 -0.6555622220039368 0.37712597846984863 
vn -0.5302026271820068 -0.8478681445121765 0.002184694167226553 
vn -0.4969896376132965 -0.7853832840919495 0.3690181374549866 
vn -0.354604035615921 -0.935014009475708 0.002184694167226553 
vn -0.3372083306312561 -0.869513988494873 0.36088213324546814 
vn -0.18025460839271545 -0.9836175441741943 0.002184694167226553 
vn -0.16318395733833313 -0.9182238578796387 0.36088213324546814 
vn -0.04341556876897812 -0.894568145275116 -0.44481781125068665 
vn -0.04334818571805954 -0.9316034913063049 0.36088213324546814 
vn 0.03964288905262947 -0.8947432637214661 -0.44481781125068665 
vn 0.03958114981651306 -0.9317710995674133 0.36088213324546814 
vn 0.18025460839271545 -0.9836175441741943 0.002184694167226553 
vn 0.16689521074295044 -0.9175565838813782 0.36088213324546814 
vn 0.354604035615921 -0.935014009475708 0.002184694167226553 
vn 0.33368992805480957 -0.8708702921867371 0.36088213324546814 
vn 0.5302026271820068 -0.8478681445121765 0.002184694167226553 
vn 0.4969896376132965 -0.7853832840919495 0.3690181374549866 
vn 0.7017449736595154 -0.7124248743057251 0.002184694167226553 
vn 0.6568937301635742 -0.6528909802436829 0.37712597846984863 
vn 0.855779230594635 -0.5173366069793701 0.002184694167226553 
vn 0.7897447943687439 -0.4806383550167084 0.3811691105365753 
vn 0.9612131118774414 -0.2757980227470398 0.002184694167226553 
vn 0.8856403827667236 -0.2532555162906647 0.3892335295677185 
vn 0.9976887702941895 -0.06791467219591141 0.002184694167226553 
vn 0.9169253706932068 -0.06781371682882309 0.3932546079158783 
vn 0.9976887702941895 0.06791467219591141 0.002184694167226553 
vn 0.9169253706932068 0.06781371682882309 0.3932546079158783 
vn 0.9612131118774414 0.2757980227470398 0.002184694167226553 
vn 0.8856403827667236 0.2532555162906647 0.3892335295677185 
vn 0.855779230594635 0.5173366069793701 0.002184694167226553 
vn 0.7897447943687439 0.4806383550167084 0.3811691105365753 
vn 0.7017449736595154 0.7124248743057251 0.002184694167226553 
vn 0.6568937301635742 0.6528909802436829 0.37712597846984863 
vn 0.5302026271820068 0.8478681445121765 0.002184694167226553 
vn 0.4969896376132965 0.7853832840919495 0.3690181374549866 
vn 0.354604035615921 0.935014009475708 0.002184694167226553 
vn 0.33368992805480957 0.8708702921867371 0.36088213324546814 
vn 0.18025460839271545 0.9836175441741943 0.002184694167226553 
vn 0.16689521074295044 0.9175565838813782 0.36088213324546814 
vn 0.03964288905262947 0.8947432637214661 -0.44481781125068665 
vn 0.03958114981651306 0.9317710995674133 0.36088213324546814 
vn -0.04341556876897812 0.894568145275116 -0.44481781125068665 
vn -0.04334818571805954 0.9316034913063049 0.36088213324546814 
vn -0.18025460839271545 0.9836175441741943 0.002184694167226553 
vn -0.16318395733833313 0.9182238578796387 0.36088213324546814 
vn -0.354604035615921 0.935014009475708 0.002184694167226553 
vn -0.3372083306312561 0.869513988494873 0.36088213324546814 
vn -0.5302026271820068 0.8478681445121765 0.002184694167226553 
vn -0.4969896376132965 0.7853832840919495 0.3690181374549866 
vn -0.7017449736595154 0.7124248743057251 0.002184694167226553 
vn -0.6542279720306396 0.6555622220039368 0.37712597846984863 
vn -0.855779230594635 0.5173366069793701 0.002184694167226553 
vn -0.7897447943687439 0.4806383550167084 0.3811691105365753 
vn -0.9612131118774414 0.2757980227470398 0.002184694167226553 
vn -0.8866702914237976 0.24962587654590607 0.3892335295677185 
vn -0.9976887702941895 0.06791467219591141 0.002184694167226553 
vn -0.9169253706932068 0.06781371682882309 0.3932546079158783 
vn -0.9976887702941895 -0.06791467219591141 0.002184694167226553 
vn -0.17140959203243256 0.412583589553833 -0.8946471214294434 
vn -0.0995679646730423 0.47510403394699097 -0.87427818775177 
vn 0.001910788007080555 0.074186772108078 -0.9972425103187561 
vn -0.0151072321459651 0.5192018747329712 -0.8545181155204773 
vn -0.02830859087407589 0.5149053335189819 -0.8567795157432556 
vn 0.0151072321459651 0.5192018747329712 -0.8545181155204773 
vn 0.024537183344364166 0.5150988698005676 -0.8567795157432556 
vn 0.001910788007080555 0.074186772108078 -0.9972425103187561 
vn 0.0958612933754921 0.47586578130722046 -0.87427818775177 
vn 0.01130101177841425 0.06893312186002731 -0.9975572824478149 
vn 0.16790977120399475 0.41402027010917664 -0.8946471214294434 
vn 0.0260293111205101 0.05531509965658188 -0.9981296062469482 
vn 0.23010201752185822 0.3456481099128723 -0.9097144603729248 
vn 0.03367573395371437 0.045705076307058334 -0.9983872175216675 
vn 0.2751384377479553 0.27246707677841187 -0.9219872951507568 
vn 0.04370872303843498 0.02891741879284382 -0.9986256957054138 
vn -0.09610963612794876 -0.0679430216550827 -0.9930492043495178 
vn 0.050186581909656525 0.015098893083631992 -0.9986256957054138 
vn -0.121819406747818 -0.03362002223730087 -0.9919826984405518 
vn 0.0393143892288208 0 -0.9992268681526184 
vn -0.10875212401151657 -0.007604689337313175 -0.9940398335456848 
vn 0.0393143892288208 0 -0.9992268681526184 
vn -0.10875212401151657 0.007604689337313175 -0.9940398335456848 
vn 0.050186581909656525 -0.015098893083631992 -0.9986256957054138 
vn -0.121819406747818 0.03362002223730087 -0.9919826984405518 
vn 0.04370872303843498 -0.02891741879284382 -0.9986256957054138 
vn -0.09610963612794876 0.0679430216550827 -0.9930492043495178 
vn 0.03367573395371437 -0.045705076307058334 -0.9983872175216675 
vn 0.2751384377479553 -0.27246707677841187 -0.9219872951507568 
vn 0.0260293111205101 -0.05531509965658188 -0.9981296062469482 
vn 0.23010201752185822 -0.3456481099128723 -0.9097144603729248 
vn 0.01130101177841425 -0.06893312186002731 -0.9975572824478149 
vn 0.16790977120399475 -0.41402027010917664 -0.8946471214294434 
vn 0.001910788007080555 -0.074186772108078 -0.9972425103187561 
vn 0.0958612933754921 -0.47586578130722046 -0.87427818775177 
vn 0.0151072321459651 -0.5192018747329712 -0.8545181155204773 
vn 0.024537183344364166 -0.5150988698005676 -0.8567795157432556 
vn -0.0151072321459651 -0.5192018747329712 -0.8545181155204773 
vn -0.02830859087407589 -0.5149053335189819 -0.8567795157432556 
vn 0.001910788007080555 -0.074186772108078 -0.9972425103187561 
vn -0.0995679646730423 -0.47510403394699097 -0.87427818775177 
vn -0.01130101177841425 -0.06893312186002731 -0.9975572824478149 
vn -0.17140959203243256 -0.412583589553833 -0.8946471214294434 
vn -0.0260293111205101 -0.05531509965658188 -0.9981296062469482 
vn -0.22694502770900726 -0.3477290868759155 -0.9097144603729248 
vn -0.036653295159339905 -0.043353721499443054 -0.9983872175216675 
vn -0.2751384377479553 -0.27246707677841187 -0.9219872951507568 
vn -0.04148128628730774 -0.03203080594539642 -0.9986256957054138 
vn 0.0982593521475792 0.06479518115520477 -0.9930492043495178 
vn -0.05115484818816185 -0.01139522809535265 -0.9986256957054138 
vn 0.12075912952423096 0.037249255925416946 -0.9919826984405518 
vn -0.0393143892288208 -8.131124117386705e-15 -0.9992268681526184 
vn 0.10875212401151657 0.007604689337313175 -0.9940398335456848 
vn -0.0393143892288208 -8.131124117386705e-15 -0.9992268681526184 
vn 0.10875212401151657 -0.007604689337313175 -0.9940398335456848 
vn -0.05115484818816185 0.01139522809535265 -0.9986256957054138 
vn 0.12075912952423096 -0.037249255925416946 -0.9919826984405518 
vn -0.04148128628730774 0.03203080594539642 -0.9986256957054138 
vn 0.0982593521475792 -0.06479518115520477 -0.9930492043495178 
vn -0.036653295159339905 0.043353721499443054 -0.9983872175216675 
vn -0.2751384377479553 0.27246707677841187 -0.9219872951507568 
vn -0.0260293111205101 0.05531509965658188 -0.9981296062469482 
vn -0.22694502770900726 0.3477290868759155 -0.9097144603729248 
vn -0.01130101177841425 0.06893312186002731 -0.9975572824478149 
vn 0.4958448112010956 -0.14165741205215454 -0.8567795157432556 
vn 0.44600754976272583 -0.266225665807724 -0.8545181155204773 
vn 0.521786630153656 -0.037749357521533966 -0.8522403836250305 
vn 0.521786630153656 0.037749357521533966 -0.8522403836250305 
vn 0.4958448112010956 0.14165741205215454 -0.8567795157432556 
vn 0.44600754976272583 0.266225665807724 -0.8545181155204773 
vn 0.37653934955596924 0.3685230016708374 -0.8499464392662048 
vn 0.3650200068950653 0.38506266474723816 -0.8476362228393555 
vn 0.29658374190330505 0.4532274603843689 -0.8406086564064026 
vn 0.28242096304893494 0.4664784371852875 -0.838234007358551 
vn 0.20856401324272156 0.5195798873901367 -0.8285757899284363 
vn 0.1855994611978531 0.5320488810539246 -0.8261215686798096 
vn 0.11273172497749329 0.5667406320571899 -0.8161473870277405 
vn 0.08852306008338928 0.5746256113052368 -0.8136147856712341 
vn 0.018891816958785057 0.5987411737442017 -0.8007197380065918 
vn -0.018891816958785057 0.5987411737442017 -0.8007197380065918 
vn -0.11273172497749329 0.5667406320571899 -0.8161473870277405 
vn -0.09225871413946152 0.5740377306938171 -0.8136147856712341 
vn -0.212069571018219 0.5181589722633362 -0.8285757899284363 
vn -0.1855994611978531 0.5320488810539246 -0.8261215686798096 
vn -0.29658374190330505 0.4532274603843689 -0.8406086564064026 
vn -0.2791791260242462 0.46842581033706665 -0.838234007358551 
vn -0.37653934955596924 0.3685230016708374 -0.8499464392662048 
vn -0.3677538335323334 0.3824525773525238 -0.8476362228393555 
vn -0.44600754976272583 0.266225665807724 -0.8545181155204773 
vn -0.49479416012763977 0.14528468251228333 -0.8567795157432556 
vn -0.5215004086494446 0.041516710072755814 -0.8522403836250305 
vn -0.5215004086494446 -0.041516710072755814 -0.8522403836250305 
vn -0.49479416012763977 -0.14528468251228333 -0.8567795157432556 
vn -0.44600754976272583 -0.266225665807724 -0.8545181155204773 
vn -0.37653934955596924 -0.3685230016708374 -0.8499464392662048 
vn -0.3677538335323334 -0.3824525773525238 -0.8476362228393555 
vn -0.29658374190330505 -0.4532274603843689 -0.8406086564064026 
vn -0.2791791260242462 -0.46842581033706665 -0.838234007358551 
vn -0.212069571018219 -0.5181589722633362 -0.8285757899284363 
vn -0.1855994611978531 -0.5320488810539246 -0.8261215686798096 
vn -0.11273172497749329 -0.5667406320571899 -0.8161473870277405 
vn -0.09225871413946152 -0.5740377306938171 -0.8136147856712341 
vn -0.018891816958785057 -0.5987411737442017 -0.8007197380065918 
vn 0.018891816958785057 -0.5987411737442017 -0.8007197380065918 
vn 0.11273172497749329 -0.5667406320571899 -0.8161473870277405 
vn 0.08852306008338928 -0.5746256113052368 -0.8136147856712341 
vn 0.20856401324272156 -0.5195798873901367 -0.8285757899284363 
vn 0.1855994611978531 -0.5320488810539246 -0.8261215686798096 
vn 0.29658374190330505 -0.4532274603843689 -0.8406086564064026 
vn 0.28242096304893494 -0.4664784371852875 -0.838234007358551 
vn 0.37653934955596924 -0.3685230016708374 -0.8499464392662048 
vn 0.3650200068950653 -0.38506266474723816 -0.8476362228393555 
vn 0.02070431597530842 0.38666626811027527 0.9219872951507568 
vn -0.016945602372288704 -0.41090622544288635 0.9115201234817505 
vn -0.016942566260695457 0.3868493437767029 0.9219872951507568 
vn 0.020708395168185234 -0.41073378920555115 0.9115201234817505 
vn -0.0655476525425911 0.36933016777038574 0.926983654499054 
vn 0.07114671915769577 -0.4131236970424652 0.9078915119171143 
vn -0.13589227199554443 0.3452676236629486 0.9286137819290161 
vn 0.1453496664762497 -0.38896405696868896 0.9097144603729248 
vn -0.1943344920873642 0.3065030574798584 0.931820809841156 
vn 0.21319179236888885 -0.3516821563243866 0.9115201234817505 
vn -0.24862736463546753 0.247298002243042 0.9364978075027466 
vn 0.280468225479126 -0.2897718846797943 0.9150791168212891 
vn -0.29596421122550964 0.17232298851013184 0.9395264387130737 
vn 0.3369954526424408 -0.21413150429725647 0.916832447052002 
vn -0.3210963308811188 0.09285597503185272 0.9424833655357361 
vn 0.37510672211647034 -0.1112096831202507 0.9202865362167358 
vn -0.3458463251590729 0.0225111935287714 0.9380210638046265 
vn 0.37795743346214294 -0.030028581619262695 0.9253358840942383 
vn -0.3458463251590729 -0.0225111935287714 0.9380210638046265 
vn 0.37795743346214294 0.030028581619262695 0.9253358840942383 
vn -0.3210963308811188 -0.09285597503185272 0.9424833655357361 
vn 0.37510672211647034 0.1112096831202507 0.9202865362167358 
vn -0.29596421122550964 -0.17232298851013184 0.9395264387130737 
vn 0.3369954526424408 0.21413150429725647 0.916832447052002 
vn -0.24862736463546753 -0.247298002243042 0.9364978075027466 
vn 0.280468225479126 0.2897718846797943 0.9150791168212891 
vn -0.1943344920873642 -0.3065030574798584 0.931820809841156 
vn 0.21319179236888885 0.3516821563243866 0.9115201234817505 
vn -0.13589227199554443 -0.3452676236629486 0.9286137819290161 
vn 0.1453496664762497 0.38896405696868896 0.9097144603729248 
vn -0.0655476525425911 -0.36933016777038574 0.926983654499054 
vn 0.07114671915769577 0.4131236970424652 0.9078915119171143 
vn -0.016942566260695457 -0.3868493437767029 0.9219872951507568 
vn 0.020708395168185234 0.41073378920555115 0.9115201234817505 
vn 0.02070431597530842 -0.38666626811027527 0.9219872951507568 
vn -0.016945602372288704 0.41090622544288635 0.9115201234817505 
vn 0.06925126910209656 -0.36865368485450745 0.926983654499054 
vn -0.07114671915769577 0.4131236970424652 0.9078915119171143 
vn 0.13589227199554443 -0.3452676236629486 0.9286137819290161 
vn -0.1418222337961197 0.39026403427124023 0.9097144603729248 
vn 0.19750189781188965 -0.3044717013835907 0.931820809841156 
vn -0.21640391647815704 0.3497147858142853 0.9115201234817505 
vn 0.2512645721435547 -0.2446180284023285 0.9364978075027466 
vn -0.2777547538280487 0.2923738658428192 0.9150791168212891 
vn 0.29596421122550964 -0.17232298851013184 0.9395264387130737 
vn -0.3390005826950073 0.21094273030757904 0.916832447052002 
vn 0.3221215307712555 -0.08923456072807312 0.9424833655357361 
vn -0.37615782022476196 0.10760083049535751 0.9202865362167358 
vn 0.3458463251590729 -0.0225111935287714 0.9380210638046265 
vn -0.37823647260665894 0.026281462982296944 0.9253358840942383 
vn 0.3458463251590729 0.0225111935287714 0.9380210638046265 
vn -0.37823647260665894 -0.026281462982296944 0.9253358840942383 
vn 0.3221215307712555 0.08923456072807312 0.9424833655357361 
vn -0.37615782022476196 -0.10760083049535751 0.9202865362167358 
vn 0.29596421122550964 0.17232298851013184 0.9395264387130737 
vn -0.3390005826950073 -0.21094273030757904 0.916832447052002 
vn 0.2512645721435547 0.2446180284023285 0.9364978075027466 
vn -0.2777547538280487 -0.2923738658428192 0.9150791168212891 
vn 0.19750189781188965 0.3044717013835907 0.931820809841156 
vn -0.21640391647815704 -0.3497147858142853 0.9115201234817505 
vn 0.13589227199554443 0.3452676236629486 0.9286137819290161 
vn -0.1418222337961197 -0.39026403427124023 0.9097144603729248 
vn 0.06925126910209656 0.36865368485450745 0.926983654499054 
vn -0.07114671915769577 -0.4131236970424652 0.9078915119171143 
vn -0.16318395733833313 -0.9182238578796387 0.36088213324546814 
vn -0.3372083306312561 -0.869513988494873 0.36088213324546814 
vn -0.4969896376132965 -0.7853832840919495 0.3690181374549866 
vn -0.6542279720306396 -0.6555622220039368 0.37712597846984863 
vn -0.7897447943687439 -0.4806383550167084 0.3811691105365753 
vn -0.8866702914237976 -0.24962587654590607 0.3892335295677185 
vn -0.9169253706932068 -0.06781371682882309 0.3932546079158783 
vn -0.9169253706932068 0.06781371682882309 0.3932546079158783 
vn -0.8866702914237976 0.24962587654590607 0.3892335295677185 
vn -0.7897447943687439 0.4806383550167084 0.3811691105365753 
vn -0.6542279720306396 0.6555622220039368 0.37712597846984863 
vn -0.4969896376132965 0.7853832840919495 0.3690181374549866 
vn -0.3372083306312561 0.869513988494873 0.36088213324546814 
vn -0.16318395733833313 0.9182238578796387 0.36088213324546814 
vn -0.04334818571805954 0.9316034913063049 0.36088213324546814 
vn 0.03958114981651306 0.9317710995674133 0.36088213324546814 
vn 0.16689521074295044 0.9175565838813782 0.36088213324546814 
vn 0.33368992805480957 0.8708702921867371 0.36088213324546814 
vn 0.4969896376132965 0.7853832840919495 0.3690181374549866 
vn 0.6568937301635742 0.6528909802436829 0.37712597846984863 
vn 0.7897447943687439 0.4806383550167084 0.3811691105365753 
vn 0.8856403827667236 0.2532555162906647 0.3892335295677185 
vn 0.9169253706932068 0.06781371682882309 0.3932546079158783 
vn 0.9169253706932068 -0.06781371682882309 0.3932546079158783 
vn 0.8856403827667236 -0.2532555162906647 0.3892335295677185 
vn 0.7897447943687439 -0.4806383550167084 0.3811691105365753 
vn 0.6568937301635742 -0.6528909802436829 0.37712597846984863 
vn 0.4969896376132965 -0.7853832840919495 0.3690181374549866 
vn 0.33368992805480957 -0.8708702921867371 0.36088213324546814 
vn 0.16689521074295044 -0.9175565838813782 0.36088213324546814 
vn 0.03958114981651306 -0.9317710995674133 0.36088213324546814 
vn -0.04334818571805954 -0.9316034913063049 0.36088213324546814 
vn 0.017045442014932632 -0.07222728431224823 -0.9972425103187561 
vn 0.02073531225323677 -0.09816078841686249 -0.994954526424408 
vn 0.11014726758003235 -0.3879404067993164 -0.9150791168212891 
vn 0.06761396676301956 -0.3689574897289276 -0.926983654499054 
vn 0.30641233921051025 -0.7915564179420471 -0.528724730014801 
vn 0.11092091351747513 -0.6338996887207031 -0.7654199600219727 
vn 0.01513451337814331 -0.3707389831542969 -0.9286137819290161 
vn 0.028332604095339775 -0.6429071426391602 -0.7654199600219727 
vn -0.01513451337814331 -0.3707389831542969 -0.9286137819290161 
vn -0.0018985996721312404 -0.10030896961688995 -0.994954526424408 
vn -0.017005911096930504 -0.09887514263391495 -0.994954526424408 
vn 0.005693079438060522 -0.10016527771949768 -0.994954526424408 
vn 0.1390232890844345 -0.8029364347457886 -0.5796254277229309 
vn 0.28461161255836487 -0.76356440782547 -0.5796254277229309 
vn 0.430892676115036 -0.6733397245407104 -0.6007870435714722 
vn 0.5063584446907043 -0.8040914535522461 -0.31150925159454346 
vn 0.5461230278015137 -0.5501276850700378 -0.6317508816719055 
vn 0.6605602502822876 -0.6712338328361511 -0.3363112509250641 
vn 0.6562100052833557 -0.4021259844303131 -0.6385006904602051 
vn 0.7988559603691101 -0.4750312864780426 -0.3690181374549866 
vn 0.7311022877693176 -0.20143568515777588 -0.651853621006012 
vn 0.740094006061554 -0.23054656386375427 -0.6317508816719055 
vn 0.8355399370193481 -0.23853981494903564 -0.4949462115764618 
vn 0.7476477026939392 -0.4592662751674652 -0.4796847105026245 
vn 0.6236851215362549 -0.6317012906074524 -0.46040233969688416 
vn 0.474784791469574 -0.7594185471534729 -0.44481781125068665 
vn 0.3232872188091278 -0.8434220552444458 -0.42909738421440125 
vn 0.15781235694885254 -0.8949983716011047 -0.417220801115036 
vn 0.037738628685474396 -0.8114656209945679 -0.5831804275512695 
vn -0.03210733085870743 -0.642729640007019 -0.7654199600219727 
vn -0.0695590227842331 -0.3727131485939026 -0.9253358840942383 
vn -0.020741011947393417 -0.07125403732061386 -0.9972425103187561 
vn -0.12276585400104523 -0.3925043046474457 -0.9115201234817505 
vn -0.11464132368564606 -0.6332374215126038 -0.7654199600219727 
vn -0.3063887059688568 -0.7865743637084961 -0.5361219048500061 
vn 0.9093825221061707 -0.26093587279319763 -0.3239381015300751 
vn -0.037738628685474396 -0.8114656209945679 -0.5831804275512695 
vn 0.04150111973285675 -0.909673273563385 -0.41324591636657715 
vn 0.17464679479599 -0.9469728469848633 -0.26970529556274414 
vn 0.33995628356933594 -0.8996682167053223 -0.27391019463539124 
vn 0.510301411151886 -0.8108724355697632 -0.2864931523799896 
vn 0.6707363724708557 -0.6787456274032593 -0.2990269064903259 
vn 0.8091952204704285 -0.49554312229156494 -0.31565824151039124 
vn 0.9608277678489685 -0.27568745613098145 0.028397228568792343 
vn 0.8554361462593079 -0.5171291828155518 0.028397228568792343 
vn 0.8264496326446533 -0.23837657272815704 0.5100564956665039 
vn 0.706821620464325 -0.706821620464325 0.028397228568792343 
vn 0.5364367961883545 -0.8435983657836914 0.024029340595006943 
vn 0.36161357164382935 -0.9322026371955872 0.0152922747656703 
vn 0.18025116622447968 -0.9835987687110901 0.006554040592163801 
vn 0.04152994602918625 -0.9632172584533691 -0.26549527049064636 
vn -0.04150111973285675 -0.909673273563385 -0.41324591636657715 
vn -0.14271390438079834 -0.7997083067893982 -0.5831804275512695 
vn -0.2811465561389923 -0.767536461353302 -0.5760593414306641 
vn -0.5071011781692505 -0.8128776550292969 -0.2864931523799896 
vn -0.4337066411972046 -0.6958179473876953 -0.5724822878837585 
vn -0.6707363724708557 -0.6787456274032593 -0.2990269064903259 
vn -0.5674372315406799 -0.5741181969642639 -0.590256929397583 
vn -0.8053314685821533 -0.4881966710090637 -0.3363112509250641 
vn -0.6741257309913635 -0.40956050157546997 -0.6146662831306458 
vn -0.7393497228622437 -0.22353869676589966 -0.6351318359375 
vn -0.730090320110321 -0.20507314801216125 -0.651853621006012 
vn -0.7476477026939392 -0.4592662751674652 -0.4796847105026245 
vn -0.6236851215362549 -0.6317012906074524 -0.46040233969688416 
vn -0.47798293828964233 -0.7574096918106079 -0.44481781125068665 
vn -0.3197561800479889 -0.8447670936584473 -0.42909738421440125 
vn -0.15781235694885254 -0.8949983716011047 -0.417220801115036 
vn -0.04152994602918625 -0.9632172584533691 -0.26549527049064636 
vn 0.04529581964015961 -0.9989712238311768 -0.002184694167226553 
vn 0.1650383621454239 -0.8973661661148071 0.40926313400268555 
vn 0.32288840413093567 -0.8374664187431335 0.4409002661705017 
vn 0.47195538878440857 -0.747061550617218 0.46814218163490295 
vn 0.6139400601387024 -0.6179436445236206 0.4911448359489441 
vn 0.738517701625824 -0.44526243209838867 0.5062933564186096 
vn 0.8937944173812866 -0.2606538236141205 0.3649536371231079 
vn 0.7951326966285706 -0.48736852407455444 0.36088213324546814 
vn 0.6546879410743713 -0.6707034707069397 0.34862664341926575 
vn 0.499274879693985 -0.8019323348999023 0.3280687630176544 
vn 0.330709308385849 -0.8908385634422302 0.31150925159454346 
vn 0.15954311192035675 -0.943426251411438 0.29067665338516235 
vn 0.0433727502822876 -0.9201174378395081 0.3892335295677185 
vn 0.03959574177861214 -0.9609398245811462 0.27391019463539124 
vn -0.039603643119335175 -0.9202873706817627 0.3892335295677185 
vn -0.035826556384563446 -0.9610877633094788 0.27391019463539124 
vn -0.1650383621454239 -0.8973661661148071 0.40926313400268555 
vn -0.16326062381267548 -0.9427900314331055 0.29067665338516235 
vn -0.04529581964015961 -0.9989712238311768 -0.002184694167226553 
vn -0.1709313541650772 -0.9476505517959595 -0.26970529556274414 
vn -0.33995628356933594 -0.8996682167053223 -0.27391019463539124 
vn -0.18025116622447968 -0.9835987687110901 0.006554040592163801 
vn -0.36161357164382935 -0.9322026371955872 0.0152922747656703 
vn -0.3193635046482086 -0.8388170003890991 0.4409002661705017 
vn -0.32716861367225647 -0.8921449780464172 0.31150925159454346 
vn -0.47195538878440857 -0.747061550617218 0.46814218163490295 
vn -0.4960697293281555 -0.8039189577102661 0.3280687630176544 
vn -0.5134937167167664 -0.8088546991348267 -0.2864931523799896 
vn -0.5364367961883545 -0.8435983657836914 0.024029340595006943 
vn -0.6707363724708557 -0.6787456274032593 -0.2990269064903259 
vn -0.706821620464325 -0.706821620464325 0.028397228568792343 
vn -0.6166120171546936 -0.6152774691581726 0.4911448359489441 
vn -0.6546879410743713 -0.6707034707069397 0.34862664341926575 
vn -0.738517701625824 -0.44526243209838867 0.5062933564186096 
vn -0.7931556701660156 -0.49057942628860474 0.36088213324546814 
vn -0.8111619353294373 -0.49231719970703125 -0.31565824151039124 
vn -0.8344955444335938 -0.2421681433916092 -0.4949462115764618 
vn -0.9083336591720581 -0.2645638883113861 -0.3239381015300751 
vn -0.8554361462593079 -0.5171291828155518 0.028397228568792343 
vn -0.9608277678489685 -0.27568745613098145 0.028397228568792343 
vn -0.8264496326446533 -0.23837657272815704 0.5100564956665039 
vn -0.8948436379432678 -0.2570285201072693 0.3649536371231079 
vn -0.858022153377533 -0.06033504381775856 0.5100564956665039 
vn -0.931712806224823 -0.06784074008464813 0.3568037748336792 
vn -0.9968618750572205 -0.07542550563812256 0.024029340595006943 
vn -0.9422100782394409 -0.06790438294410706 -0.3280687630176544 
vn -0.8643758893013 -0.0641448050737381 -0.4987381398677826 
vn -0.742305338382721 -0.04904739931225777 -0.6682642698287964 
vn -0.5544003844261169 -0.045339640229940414 -0.8310141563415527 
vn -0.31212058663368225 -0.030265269801020622 -0.949560284614563 
vn -0.32108786702156067 -0.056403256952762604 -0.9453682899475098 
vn -0.08283717930316925 -0.003774212207645178 -0.9965559244155884 
vn -0.055633947253227234 -0.011308097280561924 -0.9983872175216675 
vn -0.08283717930316925 0.003774212207645178 -0.9965559244155884 
vn -0.2925461530685425 0.011352122761309147 -0.9561840295791626 
vn -0.5554283857345581 0.03024507313966751 -0.8310141563415527 
vn -0.742305338382721 0.04904739931225777 -0.6682642698287964 
vn -0.8643758893013 0.0641448050737381 -0.4987381398677826 
vn -0.9422100782394409 0.06790438294410706 -0.3280687630176544 
vn -0.9968618750572205 0.07542550563812256 0.024029340595006943 
vn -0.858022153377533 0.06033504381775856 0.5100564956665039 
vn -0.931712806224823 0.06784074008464813 0.3568037748336792 
vn -0.8264496326446533 0.23837657272815704 0.5100564956665039 
vn -0.8948436379432678 0.2570285201072693 0.3649536371231079 
vn -0.055633947253227234 0.011308097280561924 -0.9983872175216675 
vn -0.29215484857559204 0.01891177147626877 -0.9561840295791626 
vn -0.9608277678489685 0.27568745613098145 0.028397228568792343 
vn -0.9083336591720581 0.2645638883113861 -0.3239381015300751 
vn -0.8344955444335938 0.2421681433916092 -0.4949462115764618 
vn -0.7330032587051392 0.20520730316638947 -0.6485338807106018 
vn -0.601186215877533 0.16434837877750397 -0.7820260524749756 
vn -0.8053314685821533 -0.4881966710090637 -0.3363112509250641 
vn -0.7393497228622437 -0.22353869676589966 -0.6351318359375 
vn -0.8564081192016602 -0.47339698672294617 0.2060592919588089 
vn -0.9489118456840515 -0.2900676131248474 0.1242060661315918 
vn -0.947228729724884 -0.20236894488334656 0.24860523641109467 
vn -0.8489802479743958 -0.4327889084815979 0.30319350957870483 
vn -0.9030740857124329 -0.4241196811199188 0.06767380982637405 
vn -0.9809861183166504 -0.1802152395248413 0.07203252613544464 
vn -0.7912441492080688 0.17230020463466644 -0.5867242813110352 
vn -0.8908268213272095 -0.4170202910900116 -0.18033768236637115 
vn -0.6421387791633606 -0.2828633785247803 -0.7124928832054138 
vn -0.6912857890129089 -0.7139754295349121 -0.1111890971660614 
vn -0.7070915699005127 -0.7070915699005127 -0.006554040592163801 
vn -0.540912389755249 -0.8311986327171326 -0.12854042649269104 
vn -0.47263312339782715 -0.8789819478988647 -0.0633138045668602 
vn -0.050979215651750565 -0.7789962291717529 -0.6249527335166931 
vn 0.04150111973285675 -0.909673273563385 -0.41324591636657715 
vn -0.2971814274787903 -0.934171736240387 0.1975002884864807 
vn -0.47541603446006775 -0.8636822700500488 0.16742929816246033 
vn -0.686607837677002 -0.6919414401054382 0.22312943637371063 
vn -0.6504982113838196 -0.6638355851173401 0.3690181374549866 
vn -0.4751540422439575 -0.8078911304473877 0.34862664341926575 
vn -0.29836195707321167 -0.8962985277175903 0.3280687630176544 
vn -0.35566067695617676 -0.9116167426109314 0.2060592919588089 
vn -0.49785828590393066 -0.8321178555488586 0.24437066912651062 
vn -0.5071011781692505 -0.8128776550292969 -0.2864931523799896 
vn -0.6707363724708557 -0.6787456274032593 -0.2990269064903259 
vn -0.6782006621360779 -0.6915484666824341 0.24860523641109467 
vn -0.7005509734153748 0.10159094631671906 -0.7063339352607727 
vn -0.3063887059688568 -0.7865743637084961 -0.5361219048500061 
vn 0.8462496399879456 -0.5299824476242065 -0.05459024757146835 
vn 0.8268950581550598 -0.5354918241500854 -0.17173540592193604 
vn 0.7759130597114563 -0.6280792355537415 -0.058952588587999344 
vn 0.7393200397491455 -0.6499357223510742 -0.1760382205247879 
vn 0.6888185739517212 -0.7221636176109314 -0.0633138045668602 
vn 0.6350412964820862 -0.7617085576057434 -0.12854042649269104 
vn 0.5361464023590088 -0.7777646780014038 -0.3280687630176544 
vn 0.6455653309822083 -0.6522449254989624 -0.3972681760787964 
vn 0.5371299982070923 -0.6025679707527161 -0.590256929397583 
vn 0.6167932152748108 -0.4649447798728943 -0.6351318359375 
vn 0.44948020577430725 -0.5428540706634521 -0.7094202041625977 
vn 0.5228773951530457 -0.41352710127830505 -0.7453821301460266 
vn 0.3848879635334015 -0.31418874859809875 -0.8678402304649353 
vn 0.29912546277046204 -0.42006292939186096 -0.8567795157432556 
vn 0.04150111973285675 -0.909673273563385 -0.41324591636657715 
vn -0.050979215651750565 -0.7789962291717529 -0.6249527335166931 
vn -0.03394921123981476 -0.23128566145896912 -0.9722933769226074 
vn 0.048730362206697464 -0.18918287754058838 -0.9807319641113281 
vn 0.12273872643709183 -0.11068443953990936 -0.9862475395202637 
vn -0.06441111862659454 -0.07115552574396133 -0.9953833818435669 
vn 2.0682311115474694e-13 4.2775797696334704e-26 -1 
vn 0.7379311323165894 -0.5109447836875916 -0.4409002661705017 
vn 0.43822234869003296 -0.7187291383743286 -0.5398051738739014 
vn -0.12295684218406677 -0.12295684218406677 -0.9847655892372131 
vn -0.6421387791633606 -0.2828633785247803 -0.7124928832054138 
vn -0.16294290125370026 0.12959721684455872 -0.9780870079994202 
vn -0.061421867460012436 0.17183871567249298 -0.983208417892456 
vn -0.28056058287620544 0.40543901920318604 -0.8700028657913208 
vn -0.1647646427154541 0.46066147089004517 -0.872148871421814 
vn -0.1822357028722763 0.5706470608711243 -0.8007197380065918 
vn -0.3168868124485016 0.528693675994873 -0.7874425053596497 
vn -0.35020917654037476 0.611617922782898 -0.7094202041625977 
vn -0.4768439829349518 0.5555502772331238 -0.681163489818573 
vn -0.7912441492080688 0.17230020463466644 -0.5867242813110352 
vn -0.7005509734153748 0.10159094631671906 -0.7063339352607727 
vn -0.2009037435054779 0.6525341272354126 -0.7306414246559143 
vn -0.21092258393764496 0.7737947106361389 -0.5972883701324463 
vn -0.3748281002044678 0.7348094582557678 -0.5652954578399658 
vn -0.35872578620910645 0.8574038743972778 -0.3690181374549866 
vn -0.5010416507720947 0.7974032759666443 -0.3363112509250641 
vn -0.3435080945491791 0.9008409380912781 -0.26549527049064636 
vn -0.47005826234817505 0.8443727493286133 -0.25706008076667786 
vn -0.5227450132369995 0.6745348572731018 -0.5212872624397278 
vn -0.2113429307937622 0.901726245880127 -0.37712597846984863 
vn -0.20795805752277374 0.9402194023132324 -0.26970529556274414 
vn 0.8490155339241028 0.3741486668586731 -0.37307560443878174 
vn 0.7932859063148499 0.46818238496780396 -0.3892335295677185 
vn 0.8473145365715027 0.373943954706192 -0.37712597846984863 
vn 0.78546541929245 0.4745756685733795 -0.3972681760787964 
vn 0.7777097225189209 0.47370395064353943 -0.41324591636657715 
vn 0.6333472728729248 0.6386898159980774 -0.43697428703308105 
vn 0.7654290199279785 0.45355111360549927 -0.456519216299057 
vn 0.8323004245758057 0.37387123703956604 -0.40926313400268555 
vn 0.8417072296142578 0.37420082092285156 -0.3892335295677185 
vn 0.644507884979248 0.6458430886268616 -0.40926313400268555 
vn 0.6399462819099426 0.6452871561050415 -0.417220801115036 
vn 0.4853205978870392 0.7726368308067322 -0.40926313400268555 
vn 0.4803116023540497 0.7715099453926086 -0.417220801115036 
vn 0.40469443798065186 0.8217064142227173 -0.401274174451828 
vn 0.4027158319950104 0.820715606212616 -0.405272513628006 
vn 0.4011072516441345 0.8154997229576111 -0.417220801115036 
vn 0.478618323802948 0.766028642654419 -0.42909738421440125 
vn 0.4613589942455292 0.7512423396110535 -0.4719987213611603 
vn 0.6139400601387024 0.6179436445236206 -0.4911448359489441 
vn 0.4009300470352173 0.8051760792732239 -0.43697428703308105 
vn 0.4020882248878479 0.7845650315284729 -0.4719987213611603 
vn 0.48684099316596985 0.7349850535392761 -0.4719987213611603 
vn 0.624169111251831 0.6255044341087341 -0.46814218163490295 
vn 0.7426329255104065 0.47889381647109985 -0.46814218163490295 
vn 0.8043924570083618 0.38018813729286194 -0.456519216299057 
vn 0.7810804843902588 0.43423208594322205 -0.4487268626689911 
vn 0.7402397990226746 0.5303516387939453 -0.41324591636657715 
vn 0.6436623334884644 0.6516730785369873 -0.401274174451828 
vn 0.5305092334747314 0.7378934621810913 -0.417220801115036 
vn 0.45020222663879395 0.7697054147720337 -0.45262736082077026 
vn 0.04530958831310272 -0.9848423600196838 -0.16742929816246033 
vn -0.035826556384563446 -0.9610877633094788 0.27391019463539124 
vn -0.04530958831310272 -0.9848423600196838 -0.16742929816246033 
vn -0.16326062381267548 -0.9427900314331055 0.29067665338516235 
vn 0.03959574177861214 -0.9609398245811462 0.27391019463539124 
vn 0.1727200299501419 -0.9698838591575623 -0.17173540592193604 
vn 0.15954311192035675 -0.943426251411438 0.29067665338516235 
vn 0.3436167240142822 -0.920781135559082 -0.18463370203971863 
vn 0.330709308385849 -0.8908385634422302 0.31150925159454346 
vn 0.5224652886390686 -0.8294719457626343 -0.1975002884864807 
vn 0.499274879693985 -0.8019323348999023 0.3280687630176544 
vn 0.6852236390113831 -0.6985757946968079 -0.2060592919588089 
vn 0.6546879410743713 -0.6707034707069397 0.34862664341926575 
vn 0.8321646451950073 -0.5095083713531494 -0.21886809170246124 
vn 0.7951326966285706 -0.48736852407455444 0.36088213324546814 
vn 0.9371196031570435 -0.2683655619621277 -0.22312943637371063 
vn 0.8937944173812866 -0.2606538236141205 0.3649536371231079 
vn 0.9724201560020447 -0.06791412085294724 -0.22312943637371063 
vn 0.931712806224823 -0.06784074008464813 0.3568037748336792 
vn 0.9724201560020447 0.06791412085294724 -0.22312943637371063 
vn 0.931712806224823 0.06784074008464813 0.3568037748336792 
vn 0.9371196031570435 0.2683655619621277 -0.22312943637371063 
vn 0.8937944173812866 0.2606538236141205 0.3649536371231079 
vn 0.8321646451950073 0.5095083713531494 -0.21886809170246124 
vn 0.7951326966285706 0.48736852407455444 0.36088213324546814 
vn 0.5773738622665405 0.3522631824016571 -0.736579954624176 
vn 0.6434260010719299 0.18642103672027588 -0.7424622178077698 
vn 0.6812580823898315 0.0452827513217926 -0.7306414246559143 
vn 0.6812580823898315 -0.0452827513217926 -0.7306414246559143 
vn -0.04148128628730774 -0.03203080594539642 -0.9986256957054138 
vn -0.05115484818816185 -0.01139522809535265 -0.9986256957054138 
vn -0.0393143892288208 -8.131124117386705e-15 -0.9992268681526184 
vn -0.0393143892288208 -8.131124117386705e-15 -0.9992268681526184 
vn 0.6434260010719299 -0.18642103672027588 -0.7424622178077698 
vn -0.05115484818816185 0.01139522809535265 -0.9986256957054138 
vn 0.5773738622665405 -0.3522631824016571 -0.736579954624176 
vn -0.04148128628730774 0.03203080594539642 -0.9986256957054138 
vn 0.4895157516002655 -0.4895157516002655 -0.7216291427612305 
vn -0.036653295159339905 0.043353721499443054 -0.9983872175216675 
vn 0.3744423985481262 -0.6007372736930847 -0.7063339352607727 
vn -0.0260293111205101 0.05531509965658188 -0.9981296062469482 
vn 0.2585829496383667 -0.6785498857498169 -0.6875353455543518 
vn -0.01130101177841425 0.06893312186002731 -0.9975572824478149 
vn 0.13331036269664764 -0.7318819761276245 -0.6682642698287964 
vn 0.001910788007080555 0.074186772108078 -0.9972425103187561 
vn 0.032101619988679886 -0.7605085968971252 -0.6485338807106018 
vn 0.020780963823199272 -0.42661720514297485 -0.9041935205459595 
vn -0.035875629633665085 -0.7603398561477661 -0.6485338807106018 
vn -0.024555474519729614 -0.4264165759086609 -0.9041935205459595 
vn -0.12959416210651398 -0.7325491309165955 -0.6682642698287964 
vn 0.001910788007080555 0.074186772108078 -0.9972425103187561 
vn -0.2585829496383667 -0.6785498857498169 -0.6875353455543518 
vn 0.01130101177841425 0.06893312186002731 -0.9975572824478149 
vn -0.3776412606239319 -0.598731517791748 -0.7063339352607727 
vn 0.0260293111205101 0.05531509965658188 -0.9981296062469482 
vn -0.4895157516002655 -0.4895157516002655 -0.7216291427612305 
vn 0.03367573395371437 0.045705076307058334 -0.9983872175216675 
vn -0.5773738622665405 -0.3522631824016571 -0.736579954624176 
vn 0.04370872303843498 0.02891741879284382 -0.9986256957054138 
vn -0.8321646451950073 -0.5095083713531494 -0.21886809170246124 
vn -0.6852236390113831 -0.6985757946968079 -0.2060592919588089 
vn -0.5224652886390686 -0.8294719457626343 -0.1975002884864807 
vn -0.3436167240142822 -0.920781135559082 -0.18463370203971863 
vn -0.1727200299501419 -0.9698838591575623 -0.17173540592193604 
vn -0.32716861367225647 -0.8921449780464172 0.31150925159454346 
vn -0.4960697293281555 -0.8039189577102661 0.3280687630176544 
vn -0.6546879410743713 -0.6707034707069397 0.34862664341926575 
vn -0.7931556701660156 -0.49057942628860474 0.36088213324546814 
vn -0.020741011947393417 0.07125403732061386 -0.9972425103187561 
vn -0.0751696527004242 0.36335378885269165 -0.9286137819290161 
vn -0.017005911096930504 0.09887514263391495 -0.994954526424408 
vn -0.05650915205478668 0.3543664813041687 -0.933397650718689 
vn -0.0018985996721312404 0.10030896961688995 -0.994954526424408 
vn -0.01513451337814331 0.3707389831542969 -0.9286137819290161 
vn 0.005693079438060522 0.10016527771949768 -0.994954526424408 
vn 0.01513451337814331 0.3707389831542969 -0.9286137819290161 
vn 0.02073531225323677 0.09816078841686249 -0.994954526424408 
vn 0.06761396676301956 0.3689574897289276 -0.926983654499054 
vn 0.017045442014932632 0.07222728431224823 -0.9972425103187561 
vn 0.11014726758003235 0.3879404067993164 -0.9150791168212891 
vn 0.11092091351747513 0.6338996887207031 -0.7654199600219727 
vn 0.3064119517803192 0.7964743375778198 -0.5212872624397278 
vn -0.23519708216190338 0.66766357421875 -0.7063339352607727 
vn -0.09790535271167755 0.6326497197151184 -0.7682244777679443 
vn -0.03210733085870743 0.642729640007019 -0.7654199600219727 
vn 0.028332604095339775 0.6429071426391602 -0.7654199600219727 
vn 0.037738628685474396 0.8114656209945679 -0.5831804275512695 
vn 0.14271390438079834 0.7997083067893982 -0.5831804275512695 
vn 0.2811465561389923 0.767536461353302 -0.5760593414306641 
vn 0.5139598250389099 0.8222702145576477 -0.24437066912651062 
vn 0.4337066411972046 0.6958179473876953 -0.5724822878837585 
vn 0.6752876043319702 0.6913080215454102 -0.25706008076667786 
vn 0.5701190233230591 0.5714552402496338 -0.590256929397583 
vn 0.8169451355934143 0.49564245343208313 -0.2948545813560486 
vn 0.6741257309913635 0.40956050157546997 -0.6146662831306458 
vn 0.7479668259620667 0.2235613316297531 -0.6249527335166931 
vn 0.7311022877693176 0.20143568515777588 -0.651853621006012 
vn 0.5549656748771667 0.03779585286974907 -0.8310141563415527 
vn 0.30860060453414917 0.02267485484480858 -0.9509214162826538 
vn 0.3133313059806824 0.05268925055861473 -0.9481810927391052 
vn 0.08257955312728882 0.007540601771324873 -0.9965559244155884 
vn 0.056265007704496384 0.0075669074431061745 -0.9983872175216675 
vn 0.08257955312728882 -0.007540601771324873 -0.9965559244155884 
vn 0.3079540729522705 -0.030212054029107094 -0.9509214162826538 
vn 0.056265007704496384 -0.0075669074431061745 -0.9983872175216675 
vn 0.3133313059806824 -0.05268925055861473 -0.9481810927391052 
vn 0.5549656748771667 -0.03779585286974907 -0.8310141563415527 
vn 0.740094006061554 -0.23054656386375427 -0.6317508816719055 
vn 0.7420468330383301 -0.05281415209174156 -0.6682642698287964 
vn 0.7311022877693176 -0.20143568515777588 -0.651853621006012 
vn 0.7420468330383301 0.05281415209174156 -0.6682642698287964 
vn 0.8355399370193481 0.23853981494903564 -0.4949462115764618 
vn 0.8646472096443176 0.06037789210677147 -0.4987381398677826 
vn 0.8646472096443176 -0.06037789210677147 -0.4987381398677826 
vn 0.8355399370193481 -0.23853981494903564 -0.4949462115764618 
vn 0.9422100782394409 -0.06790438294410706 -0.3280687630176544 
vn 0.9093825221061707 -0.26093587279319763 -0.3239381015300751 
vn -0.037738628685474396 0.8114656209945679 -0.5831804275512695 
vn -0.1390232890844345 0.8029364347457886 -0.5796254277229309 
vn 0.9422100782394409 0.06790438294410706 -0.3280687630176544 
vn 0.9093825221061707 0.26093587279319763 -0.3239381015300751 
vn 0.8091952204704285 0.49554312229156494 -0.31565824151039124 
vn 0.7476477026939392 0.4592662751674652 -0.4796847105026245 
vn 0.6236851215362549 0.6317012906074524 -0.46040233969688416 
vn 0.474784791469574 0.7594185471534729 -0.44481781125068665 
vn 0.3232872188091278 0.8434220552444458 -0.42909738421440125 
vn 0.15781235694885254 0.8949983716011047 -0.417220801115036 
vn 0.04150111973285675 0.909673273563385 -0.41324591636657715 
vn -0.04150111973285675 0.909673273563385 -0.41324591636657715 
vn -0.15781235694885254 0.8949983716011047 -0.417220801115036 
vn -0.3197561800479889 0.8447670936584473 -0.42909738421440125 
vn -0.284761518239975 0.7688789963722229 -0.5724822878837585 
vn -0.4337066411972046 0.6958179473876953 -0.5724822878837585 
vn -0.4154157042503357 0.6641709208488464 -0.6215357780456543 
vn -0.5674372315406799 0.5741181969642639 -0.590256929397583 
vn -0.5380265116691589 0.558048665523529 -0.6317508816719055 
vn -0.6741257309913635 0.40956050157546997 -0.6146662831306458 
vn -0.6296019554138184 0.40706801414489746 -0.661737859249115 
vn -0.7330032587051392 0.20520730316638947 -0.6485338807106018 
vn -0.601186215877533 0.16434837877750397 -0.7820260524749756 
vn -0.8344955444335938 0.2421681433916092 -0.4949462115764618 
vn -0.7476477026939392 0.4592662751674652 -0.4796847105026245 
vn -0.6236851215362549 0.6317012906074524 -0.46040233969688416 
vn -0.47798293828964233 0.7574096918106079 -0.44481781125068665 
vn -0.5134937167167664 0.8088546991348267 -0.2864931523799896 
vn -0.33995628356933594 0.8996682167053223 -0.27391019463539124 
vn -0.1709313541650772 0.9476505517959595 -0.26970529556274414 
vn -0.04152994602918625 0.9632172584533691 -0.26549527049064636 
vn 0.04152994602918625 0.9632172584533691 -0.26549527049064636 
vn 0.17464679479599 0.9469728469848633 -0.26970529556274414 
vn 0.33995628356933594 0.8996682167053223 -0.27391019463539124 
vn 0.510301411151886 0.8108724355697632 -0.2864931523799896 
vn 0.6707363724708557 0.6787456274032593 -0.2990269064903259 
vn 0.706821620464325 0.706821620464325 0.028397228568792343 
vn 0.8554361462593079 0.5171291828155518 0.028397228568792343 
vn 0.9608277678489685 0.27568745613098145 0.028397228568792343 
vn 0.9968618750572205 0.07542550563812256 0.024029340595006943 
vn 0.9968618750572205 -0.07542550563812256 0.024029340595006943 
vn 0.9608277678489685 -0.27568745613098145 0.028397228568792343 
vn 0.858022153377533 -0.06033504381775856 0.5100564956665039 
vn 0.8264496326446533 -0.23837657272815704 0.5100564956665039 
vn 0.931712806224823 -0.06784074008464813 0.3568037748336792 
vn 0.8937944173812866 -0.2606538236141205 0.3649536371231079 
vn -0.9083336591720581 0.2645638883113861 -0.3239381015300751 
vn 0.931712806224823 0.06784074008464813 0.3568037748336792 
vn 0.858022153377533 0.06033504381775856 0.5100564956665039 
vn 0.8937944173812866 0.2606538236141205 0.3649536371231079 
vn 0.8264496326446533 0.23837657272815704 0.5100564956665039 
vn 0.7951326966285706 0.48736852407455444 0.36088213324546814 
vn 0.738517701625824 0.44526243209838867 0.5062933564186096 
vn 0.6546879410743713 0.6707034707069397 0.34862664341926575 
vn 0.6139400601387024 0.6179436445236206 0.4911448359489441 
vn 0.499274879693985 0.8019323348999023 0.3280687630176544 
vn 0.47195538878440857 0.747061550617218 0.46814218163490295 
vn 0.330709308385849 0.8908385634422302 0.31150925159454346 
vn 0.5364367961883545 0.8435983657836914 0.024029340595006943 
vn 0.36161357164382935 0.9322026371955872 0.0152922747656703 
vn 0.18025116622447968 0.9835987687110901 0.006554040592163801 
vn 0.04529581964015961 0.9989712238311768 -0.002184694167226553 
vn -0.04529581964015961 0.9989712238311768 -0.002184694167226553 
vn -0.18025116622447968 0.9835987687110901 0.006554040592163801 
vn -0.36161357164382935 0.9322026371955872 0.0152922747656703 
vn -0.5364367961883545 0.8435983657836914 0.024029340595006943 
vn -0.706821620464325 0.706821620464325 0.028397228568792343 
vn -0.6707363724708557 0.6787456274032593 -0.2990269064903259 
vn -0.8111619353294373 0.49231719970703125 -0.31565824151039124 
vn -0.9608277678489685 0.27568745613098145 0.028397228568792343 
vn -0.8554361462593079 0.5171291828155518 0.028397228568792343 
vn -0.8264496326446533 0.23837657272815704 0.5100564956665039 
vn -0.738517701625824 0.44526243209838867 0.5062933564186096 
vn -0.8948436379432678 0.2570285201072693 0.3649536371231079 
vn -0.7931556701660156 0.49057942628860474 0.36088213324546814 
vn -0.6166120171546936 0.6152774691581726 0.4911448359489441 
vn -0.47195538878440857 0.747061550617218 0.46814218163490295 
vn -0.6546879410743713 0.6707034707069397 0.34862664341926575 
vn -0.4960697293281555 0.8039189577102661 0.3280687630176544 
vn -0.3193635046482086 0.8388170003890991 0.4409002661705017 
vn -0.32716861367225647 0.8921449780464172 0.31150925159454346 
vn -0.1650383621454239 0.8973661661148071 0.40926313400268555 
vn -0.16326062381267548 0.9427900314331055 0.29067665338516235 
vn -0.039603643119335175 0.9202873706817627 0.3892335295677185 
vn -0.035826556384563446 0.9610877633094788 0.27391019463539124 
vn 0.0433727502822876 0.9201174378395081 0.3892335295677185 
vn 0.1650383621454239 0.8973661661148071 0.40926313400268555 
vn 0.03959574177861214 0.9609398245811462 0.27391019463539124 
vn 0.15954311192035675 0.943426251411438 0.29067665338516235 
vn 0.32288840413093567 0.8374664187431335 0.4409002661705017 
vn 0.8490155339241028 -0.3741486668586731 -0.37307560443878174 
vn 0.8473145365715027 -0.373943954706192 -0.37712597846984863 
vn 0.7932859063148499 -0.46818238496780396 -0.3892335295677185 
vn 0.78546541929245 -0.4745756685733795 -0.3972681760787964 
vn 0.644507884979248 -0.6458430886268616 -0.40926313400268555 
vn 0.6399462819099426 -0.6452871561050415 -0.417220801115036 
vn 0.4853205978870392 -0.7726368308067322 -0.40926313400268555 
vn 0.8417072296142578 -0.37420082092285156 -0.3892335295677185 
vn 0.7777097225189209 -0.47370395064353943 -0.41324591636657715 
vn 0.8323004245758057 -0.37387123703956604 -0.40926313400268555 
vn 0.7654290199279785 -0.45355111360549927 -0.456519216299057 
vn 0.8043924570083618 -0.38018813729286194 -0.456519216299057 
vn 0.7426329255104065 -0.47889381647109985 -0.46814218163490295 
vn 0.7810804843902588 -0.43423208594322205 -0.4487268626689911 
vn 0.7402397990226746 -0.5303516387939453 -0.41324591636657715 
vn 0.624169111251831 -0.6255044341087341 -0.46814218163490295 
vn 0.6436623334884644 -0.6516730785369873 -0.401274174451828 
vn 0.6333472728729248 -0.6386898159980774 -0.43697428703308105 
vn 0.4803116023540497 -0.7715099453926086 -0.417220801115036 
vn 0.4027158319950104 -0.820715606212616 -0.405272513628006 
vn 0.40469443798065186 -0.8217064142227173 -0.401274174451828 
vn 0.6139400601387024 -0.6179436445236206 -0.4911448359489441 
vn 0.478618323802948 -0.766028642654419 -0.42909738421440125 
vn 0.4613589942455292 -0.7512423396110535 -0.4719987213611603 
vn 0.48684099316596985 -0.7349850535392761 -0.4719987213611603 
vn 0.4011072516441345 -0.8154997229576111 -0.417220801115036 
vn 0.4009300470352173 -0.8051760792732239 -0.43697428703308105 
vn 0.4020882248878479 -0.7845650315284729 -0.4719987213611603 
vn 0.45020222663879395 -0.7697054147720337 -0.45262736082077026 
vn 0.5305092334747314 -0.7378934621810913 -0.417220801115036 
vn -0.4768439829349518 -0.5555502772331238 -0.681163489818573 
vn -0.35020917654037476 -0.611617922782898 -0.7094202041625977 
vn -0.5227450132369995 -0.6745348572731018 -0.5212872624397278 
vn -0.3748281002044678 -0.7348094582557678 -0.5652954578399658 
vn -0.2009037435054779 -0.6525341272354126 -0.7306414246559143 
vn -0.21092258393764496 -0.7737947106361389 -0.5972883701324463 
vn -0.2113429307937622 -0.901726245880127 -0.37712597846984863 
vn -0.3849722146987915 -0.8578511476516724 -0.34042292833328247 
vn -0.5353754162788391 -0.7914758324623108 -0.2948545813560486 
vn -0.5357760190963745 -0.832414448261261 -0.1415284425020218 
vn -0.3663453459739685 -0.9053931832313538 -0.21460255980491638 
vn -0.20795805752277374 -0.9402194023132324 -0.26970529556274414 
vn -0.7912441492080688 -0.17230020463466644 -0.5867242813110352 
vn -0.3168868124485016 -0.528693675994873 -0.7874425053596497 
vn -0.2786371111869812 -0.4021414518356323 -0.872148871421814 
vn -0.1647646427154541 -0.46066147089004517 -0.872148871421814 
vn -0.06851693242788315 -0.16913491487503052 -0.983208417892456 
vn -0.16294290125370026 -0.12959721684455872 -0.9780870079994202 
vn -0.6979501843452454 -0.09792092442512512 -0.7094202041625977 
vn -0.6421387791633606 0.2828633785247803 -0.7124928832054138 
vn -0.06441111862659454 0.07115552574396133 -0.9953833818435669 
vn -0.1286441832780838 0.12329546362161636 -0.9839963912963867 
vn 0.048730362206697464 0.18918287754058838 -0.9807319641113281 
vn -0.033872365951538086 0.2355874925851822 -0.9712626934051514 
vn 0.29912546277046204 0.42006292939186096 -0.8567795157432556 
vn -0.050979215651750565 0.7789962291717529 -0.6249527335166931 
vn 0.04150111973285675 0.909673273563385 -0.41324591636657715 
vn 0.44948020577430725 0.5428540706634521 -0.7094202041625977 
vn 0.43822234869003296 0.7187291383743286 -0.5398051738739014 
vn -0.18942077457904816 -0.5683024525642395 -0.8007197380065918 
vn 2.0682311115474694e-13 4.2775797696334704e-26 -1 
vn 0.12273872643709183 0.11068443953990936 -0.9862475395202637 
vn 0.3848879635334015 0.31418874859809875 -0.8678402304649353 
vn 0.5275337100028992 0.40757042169570923 -0.7453821301460266 
vn 0.5371299982070923 0.6025679707527161 -0.590256929397583 
vn 0.6167932152748108 0.4649447798728943 -0.6351318359375 
vn 0.6455653309822083 0.6522449254989624 -0.3972681760787964 
vn 0.7379311323165894 0.5109447836875916 -0.4409002661705017 
vn 0.7327553033828735 0.6673938632011414 -0.1328723281621933 
vn 0.6134008765220642 0.7864799499511719 -0.07203252613544464 
vn 0.6293850541114807 0.7719278931617737 0.08945280313491821 
vn 0.7632953524589539 0.645957350730896 0.010923261754214764 
vn 0.8268950581550598 0.5354918241500854 -0.17173540592193604 
vn 0.8462496399879456 0.5299824476242065 -0.05459024757146835 
vn 0.5361464023590088 0.7777646780014038 -0.3280687630176544 
vn -0.050979215651750565 0.7789962291717529 -0.6249527335166931 
vn 0.04150111973285675 0.909673273563385 -0.41324591636657715 
vn -0.5453705787658691 0.8289413452148438 -0.1242060661315918 
vn -0.47263312339782715 0.8789819478988647 -0.0633138045668602 
vn -0.6912857890129089 0.7139754295349121 -0.1111890971660614 
vn -0.7070915699005127 0.7070915699005127 -0.006554040592163801 
vn -0.8908268213272095 0.4170202910900116 -0.18033768236637115 
vn -0.6421387791633606 0.2828633785247803 -0.7124928832054138 
vn -0.7912441492080688 -0.17230020463466644 -0.5867242813110352 
vn -0.6979501843452454 -0.09792092442512512 -0.7094202041625977 
vn -0.9809861183166504 0.1802152395248413 0.07203252613544464 
vn -0.9030740857124329 0.4241196811199188 0.06767380982637405 
vn -0.947228729724884 0.20236894488334656 0.24860523641109467 
vn -0.8489802479743958 0.4327889084815979 0.30319350957870483 
vn -0.885256290435791 0.26065003871917725 0.3852050006389618 
vn -0.8060819506645203 0.43126097321510315 0.405272513628006 
vn -0.8448559045791626 0.2852138876914978 0.45262736082077026 
vn -0.7616940140724182 0.43976423144340515 0.4758462607860565 
vn -0.6286340355873108 0.6406451463699341 0.4409002661705017 
vn -0.6141124367713928 0.6207829117774963 0.48733407258987427 
vn -0.4635377824306488 0.7425273656845093 0.4835140109062195 
vn -0.46031543612480164 0.7771648168563843 0.42909738421440125 
vn -0.3417262136936188 0.8126748204231262 0.4719987213611603 
vn -0.32649776339530945 0.8461678624153137 0.42118772864341736 
vn -0.29836195707321167 0.8962985277175903 0.3280687630176544 
vn -0.4751540422439575 0.8078911304473877 0.34862664341926575 
vn -0.47541603446006775 0.8636822700500488 0.16742929816246033 
vn -0.2971814274787903 0.934171736240387 0.1975002884864807 
vn -0.6504982113838196 0.6638355851173401 0.3690181374549866 
vn -0.686607837677002 0.6919414401054382 0.22312943637371063 
vn -0.931712806224823 0.06784074008464813 0.3568037748336792 
vn -0.9721497893333435 0.07168049365282059 -0.22312943637371063 
vn -0.8948436379432678 0.2570285201072693 0.3649536371231079 
vn -0.9360730051994324 0.2719936668872833 -0.22312943637371063 
vn -0.7931556701660156 0.49057942628860474 0.36088213324546814 
vn -0.8321646451950073 0.5095083713531494 -0.21886809170246124 
vn -0.6546879410743713 0.6707034707069397 0.34862664341926575 
vn -0.6852236390113831 0.6985757946968079 -0.2060592919588089 
vn -0.4960697293281555 0.8039189577102661 0.3280687630176544 
vn -0.5224652886390686 0.8294719457626343 -0.1975002884864807 
vn -0.32716861367225647 0.8921449780464172 0.31150925159454346 
vn -0.3436167240142822 0.920781135559082 -0.18463370203971863 
vn -0.16326062381267548 0.9427900314331055 0.29067665338516235 
vn -0.1727200299501419 0.9698838591575623 -0.17173540592193604 
vn -0.035826556384563446 0.9610877633094788 0.27391019463539124 
vn -0.04530958831310272 0.9848423600196838 -0.16742929816246033 
vn 0.03959574177861214 0.9609398245811462 0.27391019463539124 
vn 0.04530958831310272 0.9848423600196838 -0.16742929816246033 
vn 0.15954311192035675 0.943426251411438 0.29067665338516235 
vn 0.1727200299501419 0.9698838591575623 -0.17173540592193604 
vn 0.330709308385849 0.8908385634422302 0.31150925159454346 
vn 0.3436167240142822 0.920781135559082 -0.18463370203971863 
vn 0.499274879693985 0.8019323348999023 0.3280687630176544 
vn 0.5224652886390686 0.8294719457626343 -0.1975002884864807 
vn 0.6546879410743713 0.6707034707069397 0.34862664341926575 
vn 0.6852236390113831 0.6985757946968079 -0.2060592919588089 
vn 0.7951326966285706 0.48736852407455444 0.36088213324546814 
vn 0.8321646451950073 0.5095083713531494 -0.21886809170246124 
vn 0.4895157516002655 0.4895157516002655 -0.7216291427612305 
vn 0.5773738622665405 0.3522631824016571 -0.736579954624176 
vn -0.036653295159339905 -0.043353721499443054 -0.9983872175216675 
vn -0.04148128628730774 -0.03203080594539642 -0.9986256957054138 
vn -0.0260293111205101 -0.05531509965658188 -0.9981296062469482 
vn 0.3744423985481262 0.6007372736930847 -0.7063339352607727 
vn 0.2585829496383667 0.6785498857498169 -0.6875353455543518 
vn 0.13331036269664764 0.7318819761276245 -0.6682642698287964 
vn 0.032101619988679886 0.7605085968971252 -0.6485338807106018 
vn -0.035875629633665085 0.7603398561477661 -0.6485338807106018 
vn -0.01130101177841425 -0.06893312186002731 -0.9975572824478149 
vn 0.001910788007080555 -0.074186772108078 -0.9972425103187561 
vn 0.020780963823199272 0.42661720514297485 -0.9041935205459595 
vn -0.024555474519729614 0.4264165759086609 -0.9041935205459595 
vn 0.001910788007080555 -0.074186772108078 -0.9972425103187561 
vn -0.12959416210651398 0.7325491309165955 -0.6682642698287964 
vn 0.01130101177841425 -0.06893312186002731 -0.9975572824478149 
vn -0.2585829496383667 0.6785498857498169 -0.6875353455543518 
vn -0.3776412606239319 0.598731517791748 -0.7063339352607727 
vn -0.4895157516002655 0.4895157516002655 -0.7216291427612305 
vn 0.03367573395371437 -0.045705076307058334 -0.9983872175216675 
vn 0.04370872303843498 -0.02891741879284382 -0.9986256957054138 
vn -0.5773738622665405 0.3522631824016571 -0.736579954624176 
vn -0.6444672346115112 0.18278904259204865 -0.7424622178077698 
vn 0.0260293111205101 -0.05531509965658188 -0.9981296062469482 
vn 0.050186581909656525 -0.015098893083631992 -0.9986256957054138 
vn 0.0393143892288208 0 -0.9992268681526184 
vn -0.6812580823898315 0.0452827513217926 -0.7306414246559143 
vn 0.0393143892288208 0 -0.9992268681526184 
vn -0.6812580823898315 -0.0452827513217926 -0.7306414246559143 
vn 0.050186581909656525 0.015098893083631992 -0.9986256957054138 
vn -0.9721497893333435 -0.07168049365282059 -0.22312943637371063 
vn -0.931712806224823 -0.06784074008464813 0.3568037748336792 
vn -0.9360730051994324 -0.2719936668872833 -0.22312943637371063 
vn -0.8948436379432678 -0.2570285201072693 0.3649536371231079 
vn -0.8321646451950073 -0.5095083713531494 -0.21886809170246124 
vn -0.7931556701660156 -0.49057942628860474 0.36088213324546814 
vn -0.5773738622665405 -0.3522631824016571 -0.736579954624176 
vn -0.6444672346115112 -0.18278904259204865 -0.7424622178077698 
vn 0.04370872303843498 0.02891741879284382 -0.9986256957054138 
vn 0.7479668259620667 0.2235613316297531 -0.6249527335166931 
vn 0.9399059414863586 0.2899225950241089 0.18033768236637115 
vn 0.8169451355934143 0.49564245343208313 -0.2948545813560486 
vn 0.8492860198020935 0.46345192193984985 0.25283506512641907 
vn 0.6752876043319702 0.6913080215454102 -0.25706008076667786 
vn 0.6692012548446655 0.683868944644928 0.29067665338516235 
vn 0.5139598250389099 0.8222702145576477 -0.24437066912651062 
vn 0.49204713106155396 0.8220773935317993 0.2864931523799896 
vn 0.3064119517803192 0.7964743375778198 -0.5212872624397278 
vn 0.34877970814704895 0.9024561643600464 0.25283506512641907 
vn 0.9444960355758667 0.2097657322883606 0.25283506512641907 
vn 0.8458114862442017 0.43604612350463867 0.30735430121421814 
vn 0.6504982113838196 0.6638355851173401 0.3690181374549866 
vn 0.9770890474319458 0.19507694244384766 0.08510008454322815 
vn 0.8989602327346802 0.43052366375923157 0.08074574917554855 
vn 0.9502686262130737 0.18757666647434235 -0.24860523641109467 
vn 0.8852822780609131 0.43709883093833923 -0.15880759060382843 
vn 0.9112557768821716 0.23178674280643463 -0.34042292833328247 
vn 0.8241831064224243 0.5353807806968689 -0.18463370203971863 
vn 0.7070645689964294 0.7070645689964294 -0.010923261754214764 
vn 0.6926013827323914 0.7112908363342285 -0.11986933648586273 
vn 0.686607837677002 0.6919414401054382 0.22312943637371063 
vn 0.4751540422439575 0.8078911304473877 0.34862664341926575 
vn 0.47871747612953186 0.8618566989898682 0.16742929816246033 
vn 0.2947816848754883 0.8974823951721191 0.3280687630176544 
vn 0.46788159012794495 0.8808507919311523 -0.07203252613544464 
vn 0.2971814274787903 0.934171736240387 0.1975002884864807 
vn -0.03775494545698166 0.908020555973053 -0.417220801115036 
vn 0.543760359287262 0.8286553025245667 -0.1328723281621933 
vn 0.05095721781253815 0.7762537002563477 -0.6283578276634216 
vn -0.40469443798065186 -0.8217064142227173 -0.401274174451828 
vn -0.4061005115509033 -0.819046139717102 -0.405272513628006 
vn -0.4821183979511261 -0.7746389508247375 -0.40926313400268555 
vn -0.4803116023540497 -0.7715099453926086 -0.417220801115036 
vn -0.6418291330337524 -0.6485052704811096 -0.40926313400268555 
vn -0.6399462819099426 -0.6452871561050415 -0.417220801115036 
vn -0.7932859063148499 -0.46818238496780396 -0.3892335295677185 
vn -0.7835047245025635 -0.4778057336807251 -0.3972681760787964 
vn -0.8490155339241028 -0.3741486668586731 -0.37307560443878174 
vn -0.8457837700843811 -0.3773933947086334 -0.37712597846984863 
vn -0.4011072516441345 -0.8154997229576111 -0.417220801115036 
vn -0.4818185865879059 -0.764019787311554 -0.42909738421440125 
vn -0.6333472728729248 -0.6386898159980774 -0.43697428703308105 
vn -0.4009300470352173 -0.8051760792732239 -0.43697428703308105 
vn -0.46773087978363037 -0.7497137784957886 -0.46814218163490295 
vn -0.4020112454891205 -0.7869116067886353 -0.46814218163490295 
vn -0.4868018627166748 -0.7374733090400696 -0.46814218163490295 
vn -0.44562825560569763 -0.7768864631652832 -0.44481781125068665 
vn -0.5272790789604187 -0.7424315214157104 -0.41324591636657715 
vn -0.6242721676826477 -0.6282765865325928 -0.4642767012119293 
vn -0.6482453942298889 -0.6495813131332397 -0.3972681760787964 
vn -0.6112566590309143 -0.6205981373786926 -0.4911448359489441 
vn -0.7777097225189209 -0.47370395064353943 -0.41324591636657715 
vn -0.7654290199279785 -0.45355111360549927 -0.456519216299057 
vn -0.8417072296142578 -0.37420082092285156 -0.3892335295677185 
vn -0.7471607327461243 -0.47935429215431213 -0.46040233969688416 
vn -0.8304533362388611 -0.37359750270843506 -0.41324591636657715 
vn -0.8098305463790894 -0.3732330799102783 -0.45262736082077026 
vn -0.7443261742591858 -0.5277141332626343 -0.40926313400268555 
vn -0.7912529706954956 -0.4277525246143341 -0.43697428703308105 
vn 0.4733632802963257 0.8450577855110168 -0.24860523641109467 
vn 0.5018056035041809 0.8036904335021973 -0.3198012113571167 
vn 0.34527286887168884 0.9013985395431519 -0.2612801790237427 
vn 0.36418822407722473 0.8619492650032043 -0.3527185618877411 
vn 0.21164408326148987 0.9393965005874634 -0.26970529556274414 
vn 0.21504931151866913 0.9058490991592407 -0.3649536371231079 
vn 0.37212613224983215 0.760290801525116 -0.5324283838272095 
vn 0.21288864314556122 0.7969438433647156 -0.5652954578399658 
vn 0.3429364860057831 0.6468468308448792 -0.681163489818573 
vn 0.19947580993175507 0.6824009418487549 -0.7032341957092285 
vn 0.3090605139732361 0.5529298782348633 -0.7737894654273987 
vn 0.18432976305484772 0.5917794108390808 -0.7847417593002319 
vn 0.5104787349700928 0.7058244943618774 -0.4911448359489441 
vn 0.4658680558204651 0.5911033153533936 -0.6584556698799133 
vn 0.42447754740715027 0.5097883343696594 -0.7482877969741821 
vn 0.3411571681499481 0.3344738185405731 -0.8784868121147156 
vn 0.25543832778930664 0.3946118950843811 -0.882628321647644 
vn 0.12827450037002563 0.11092323064804077 -0.9855159521102905 
vn 0.055653609335422516 0.1418030858039856 -0.9883291721343994 
vn -2.0682311115474694e-13 0 -1 
vn 0.05040980502963066 -0.05446264147758484 -0.9972425103187561 
vn 0.18380744755268097 0.052182283252477646 -0.9815762042999268 
vn 0.09548581391572952 -0.09548581391572952 -0.990840494632721 
vn -0.04318879544734955 -0.15506190061569214 -0.986960232257843 
vn 0.02083614096045494 -0.18129269778728485 -0.983208417892456 
vn 0.14694343507289886 0.44244763255119324 -0.8846737742424011 
vn -0.10621902346611023 -0.09022325277328491 -0.9902410507202148 
vn -0.3898147642612457 -0.3018932044506073 -0.8700028657913208 
vn -0.30468347668647766 -0.40198948979377747 -0.8634653687477112 
vn -0.2066669464111328 -0.44344690442085266 -0.872148871421814 
vn -0.48181143403053284 -0.539248526096344 -0.6907016038894653 
vn -0.4113948345184326 -0.6471270322799683 -0.641857385635376 
vn -0.4824351370334625 -0.7147890329360962 -0.5062933564186096 
vn -0.5725625157356262 -0.607288658618927 -0.5507928133010864 
vn -0.6707034707069397 -0.6546879410743713 -0.34862664341926575 
vn -0.7589502334594727 -0.5159190893173218 -0.3972681760787964 
vn -0.651269257068634 -0.4769120216369629 -0.590256929397583 
vn -0.5521318912506104 -0.41235536336898804 -0.7246471047401428 
vn -0.5681460499763489 -0.7729905843734741 -0.28230419754981995 
vn -0.6469501256942749 -0.7550095915794373 -0.10684575140476227 
vn -0.7486955523490906 -0.644660472869873 -0.15449213981628418 
vn -0.7786539196968079 -0.6254401206970215 -0.05022686347365379 
vn -0.8442400097846985 -0.53317791223526 -0.05459024757146835 
vn -0.8300381302833557 -0.5358814001083374 -0.15449213981628418 
vn -0.6922049522399902 -0.7202423214912415 -0.04586252197623253 
vn 0.21164408326148987 -0.9393965005874634 -0.26970529556274414 
vn 0.21504931151866913 -0.9058490991592407 -0.3649536371231079 
vn 0.34877970814704895 -0.9024561643600464 -0.25283506512641907 
vn 0.36737528443336487 -0.8622614741325378 -0.34862664341926575 
vn 0.47824469208717346 -0.8459545373916626 -0.23588760197162628 
vn 0.5063584446907043 -0.8040914535522461 -0.31150925159454346 
vn 0.37555283308029175 -0.7611899971961975 -0.528724730014801 
vn 0.521816611289978 -0.7027955651283264 -0.4835140109062195 
vn 0.3562098443508148 -0.6396333575248718 -0.681163489818573 
vn 0.4887982904911041 -0.5835066437721252 -0.6485338807106018 
vn 0.31949999928474426 -0.5508689880371094 -0.7710143327713013 
vn 0.4497379958629608 -0.49647313356399536 -0.7424622178077698 
vn 0.2092645913362503 -0.8004482388496399 -0.5616858005523682 
vn 0.19947580993175507 -0.6824009418487549 -0.7032341957092285 
vn 0.18250055611133575 -0.5959268808364868 -0.7820260524749756 
vn 0.14694343507289886 -0.44244763255119324 -0.8846737742424011 
vn 0.2668219804763794 -0.3916754126548767 -0.8805659413337708 
vn 0.055653609335422516 -0.1418030858039856 -0.9883291721343994 
vn 0.14763079583644867 -0.09978099912405014 -0.9839963912963867 
vn -2.0682311115474694e-13 0 -1 
vn 0.06718908995389938 0.06853850185871124 -0.9953833818435669 
vn 0.21891836822032928 -0.03025614097714424 -0.9752739667892456 
vn 0.12295684218406677 0.12295684218406677 -0.9847655892372131 
vn -0.048730362206697464 0.18918287754058838 -0.9807319641113281 
vn 0.033872365951538086 0.2355874925851822 -0.9712626934051514 
vn 0.3705883324146271 -0.32520660758018494 -0.8700028657913208 
vn -0.1252443790435791 0.10784102976322174 -0.9862475395202637 
vn -0.38248690962791443 0.3171073794364929 -0.8678402304649353 
vn -0.2960413098335266 0.4222421646118164 -0.8567795157432556 
vn -0.5239832997322083 0.40682533383369446 -0.7482877969741821 
vn -0.44948020577430725 0.5428540706634521 -0.7094202041625977 
vn -0.6136348843574524 0.4645094871520996 -0.6385006904602051 
vn -0.5310609936714172 0.604484498500824 -0.5937783122062683 
vn -0.03775494545698166 0.908020555973053 -0.417220801115036 
vn -0.44133245944976807 0.7140429019927979 -0.5434780716896057 
vn -0.6428743004798889 0.6548974514007568 -0.3972681760787964 
vn -0.5361464023590088 0.7777646780014038 -0.3280687630176544 
vn 0.05095721781253815 0.7762537002563477 -0.6283578276634216 
vn -0.7333488464355469 0.5141367316246033 -0.44481781125068665 
vn -0.8268950581550598 0.5354918241500854 -0.17173540592193604 
vn -0.7410193085670471 0.6502751708030701 -0.16742929816246033 
vn -0.8442400097846985 0.53317791223526 -0.05459024757146835 
vn -0.7740654349327087 0.6314423084259033 -0.04586252197623253 
vn -0.6289596557617188 0.7688059210777283 -0.11553031951189041 
vn -0.6795440316200256 0.7329027056694031 -0.03276457265019417 
vn -0.4821183979511261 0.7746389508247375 -0.40926313400268555 
vn -0.4803116023540497 0.7715099453926086 -0.417220801115036 
vn -0.40469443798065186 0.8217064142227173 -0.401274174451828 
vn -0.4061005115509033 0.819046139717102 -0.405272513628006 
vn -0.4818185865879059 0.764019787311554 -0.42909738421440125 
vn -0.4011072516441345 0.8154997229576111 -0.417220801115036 
vn -0.46773087978363037 0.7497137784957886 -0.46814218163490295 
vn -0.4009300470352173 0.8051760792732239 -0.43697428703308105 
vn -0.4835945665836334 0.7420130968093872 -0.4642767012119293 
vn -0.4020112454891205 0.7869116067886353 -0.46814218163490295 
vn -0.5261725783348083 0.7454167604446411 -0.40926313400268555 
vn -0.4409845471382141 0.7839553952217102 -0.43697428703308105 
vn -0.6454458832740784 0.6547904014587402 -0.3932546079158783 
vn -0.6236851215362549 0.6317012906074524 -0.46040233969688416 
vn -0.7972140908241272 0.4246470332145691 -0.42909738421440125 
vn -0.7466338872909546 0.5275338888168335 -0.405272513628006 
vn -0.810249388217926 0.37701478600502014 -0.4487268626689911 
vn -0.7495865225791931 0.479280948638916 -0.456519216299057 
vn -0.7654290199279785 0.45355111360549927 -0.456519216299057 
vn -0.8338407874107361 0.3704230487346649 -0.40926313400268555 
vn -0.8417072296142578 0.37420082092285156 -0.3892335295677185 
vn -0.7777097225189209 0.47370395064353943 -0.41324591636657715 
vn -0.7835047245025635 0.4778057336807251 -0.3972681760787964 
vn -0.6399462819099426 0.6452871561050415 -0.417220801115036 
vn -0.7932859063148499 0.46818238496780396 -0.3892335295677185 
vn -0.6418291330337524 0.6485052704811096 -0.40926313400268555 
vn -0.6333472728729248 0.6386898159980774 -0.43697428703308105 
vn -0.6112566590309143 0.6205981373786926 -0.4911448359489441 
vn -0.8457837700843811 0.3773933947086334 -0.37712597846984863 
vn -0.8490155339241028 0.3741486668586731 -0.37307560443878174 
vn 0.30641233921051025 -0.7915564179420471 -0.528724730014801 
vn 0.5063584446907043 -0.8040914535522461 -0.31150925159454346 
vn 0.35208913683891296 -0.9079254269599915 0.22738653421401978 
vn 0.4956376552581787 -0.8282970190048218 0.2612801790237427 
vn 0.2947816848754883 -0.8974823951721191 0.3280687630176544 
vn 0.4751540422439575 -0.8078911304473877 0.34862664341926575 
vn 0.3043656349182129 -0.9318557977676392 0.1975002884864807 
vn 0.6605602502822876 -0.6712338328361511 -0.3363112509250641 
vn 0.6768909096717834 -0.6848925352096558 0.26970529556274414 
vn 0.8540685772895813 -0.46987247467041016 0.22312943637371063 
vn 0.7988559603691101 -0.4750312864780426 -0.3690181374549866 
vn 0.9480650424957275 -0.2826654314994812 0.1458524912595749 
vn 0.740094006061554 -0.23054656386375427 -0.6317508816719055 
vn 0.8492441177368164 -0.42932239174842834 0.30735430121421814 
vn 0.947228729724884 -0.20236894488334656 0.24860523641109467 
vn 0.9774906635284424 -0.1949158012866974 0.08074574917554855 
vn 0.8989602327346802 -0.43052366375923157 0.08074574917554855 
vn 0.8839508891105652 -0.44424983859062195 -0.1458524912595749 
vn 0.7071051001548767 -0.7071051001548767 -0.002184694167226553 
vn 0.8233864903450012 -0.5422195792198181 -0.16742929816246033 
vn 0.6956371665000916 -0.7116564512252808 -0.0981530249118805 
vn 0.5474731922149658 -0.8299741148948669 -0.10684575140476227 
vn 0.48303282260894775 -0.8744003176689148 -0.04586252197623253 
vn 0.3649684190750122 -0.9181123375892639 -0.15449213981628418 
vn 0.3241419196128845 -0.9438873529434204 -0.0633138045668602 
vn 0.4823490083217621 -0.858108401298523 0.1760382205247879 
vn 0.6504982113838196 -0.6638355851173401 0.3690181374549866 
vn 0.686607837677002 -0.6919414401054382 0.22312943637371063 
vn 0.9483347535133362 -0.20234662294387817 -0.24437066912651062 
vn 0.9128791093826294 -0.25372999906539917 -0.3198012113571167 
vn 0.02070431597530842 0.38666626811027527 0.9219872951507568 
vn -0.039613135159015656 0.9253144264221191 0.37712597846984863 
vn 0.043383173644542694 0.9251453280448914 0.37712597846984863 
vn -0.047178998589515686 0.9976228475570679 0.05022686347365379 
vn 0.06925126910209656 0.36865368485450745 0.926983654499054 
vn -0.016942566260695457 0.3868493437767029 0.9219872951507568 
vn -0.16136407852172852 0.9103140830993652 0.3811691105365753 
vn -0.0655476525425911 0.36933016777038574 0.926983654499054 
vn -0.32506728172302246 0.8636830449104309 0.3852050006389618 
vn -0.13589227199554443 0.3452676236629486 0.9286137819290161 
vn -0.4898500442504883 0.7780730724334717 0.3932546079158783 
vn -0.1943344920873642 0.3065030574798584 0.931820809841156 
vn -0.6390538811683655 0.6537310481071472 0.405272513628006 
vn -0.24862736463546753 0.247298002243042 0.9364978075027466 
vn -0.7738473415374756 0.4765365719795227 0.417220801115036 
vn -0.29596421122550964 0.17232298851013184 0.9395264387130737 
vn -0.8690378665924072 0.25302866101264954 0.42514660954475403 
vn -0.3210963308811188 0.09285597503185272 0.9424833655357361 
vn -0.9065443277359009 0.0640638992190361 0.417220801115036 
vn -0.3458463251590729 0.0225111935287714 0.9380210638046265 
vn -0.9065443277359009 -0.0640638992190361 0.417220801115036 
vn -0.3458463251590729 -0.0225111935287714 0.9380210638046265 
vn -0.8690378665924072 -0.25302866101264954 0.42514660954475403 
vn -0.3210963308811188 -0.09285597503185272 0.9424833655357361 
vn -0.7738473415374756 -0.4765365719795227 0.417220801115036 
vn -0.29596421122550964 -0.17232298851013184 0.9395264387130737 
vn -0.6390538811683655 -0.6537310481071472 0.405272513628006 
vn -0.24862736463546753 -0.247298002243042 0.9364978075027466 
vn -0.7041493058204651 -0.7068196535110474 0.06767380982637405 
vn -0.8528814315795898 -0.5171118378639221 0.07203252613544464 
vn -0.6917786598205566 -0.695780336856842 0.19321508705615997 
vn -0.8375283479690552 -0.5060492753982544 0.2060592919588089 
vn -0.6659184098243713 -0.6659184098243713 0.3363112509250641 
vn -0.8004416823387146 -0.48464706540107727 0.3527185618877411 
vn -0.6271856427192688 -0.633850634098053 0.45262736082077026 
vn -0.7525727152824402 -0.4591856896877289 0.4719987213611603 
vn -0.603482186794281 -0.6221491694450378 0.4987381398677826 
vn -0.7264919281005859 -0.4477377235889435 0.5212872624397278 
vn -0.8434272408485413 -0.24193604290485382 0.4796847105026245 
vn -0.8157505989074707 -0.23452307283878326 0.528724730014801 
vn -0.8965529203414917 -0.2568208873271942 0.36088213324546814 
vn -0.9401270151138306 -0.2681814730167389 0.2103329300880432 
vn -0.9585330486297607 -0.27572765946388245 0.07203252613544464 
vn -0.9950882792472839 -0.0679013803601265 0.07203252613544464 
vn -0.9759162068367004 -0.07160377502441406 0.2060592919588089 
vn -0.931712806224823 -0.06784074008464813 0.3568037748336792 
vn -0.8774556517601013 -0.06034861505031586 0.4758462607860565 
vn -0.8515076041221619 -0.0565192811191082 0.5212872624397278 
vn -0.8774556517601013 0.06034861505031586 0.4758462607860565 
vn -0.8515076041221619 0.0565192811191082 0.5212872624397278 
vn -0.931712806224823 0.06784074008464813 0.3568037748336792 
vn -0.9759162068367004 0.07160377502441406 0.2060592919588089 
vn -0.9950882792472839 0.0679013803601265 0.07203252613544464 
vn -0.9585330486297607 0.27572765946388245 0.07203252613544464 
vn -0.9401270151138306 0.2681814730167389 0.2103329300880432 
vn -0.8965529203414917 0.2568208873271942 0.36088213324546814 
vn -0.8434272408485413 0.24193604290485382 0.4796847105026245 
vn -0.8157505989074707 0.23452307283878326 0.528724730014801 
vn -0.7525727152824402 0.4591856896877289 0.4719987213611603 
vn -0.7264919281005859 0.4477377235889435 0.5212872624397278 
vn -0.8004416823387146 0.48464706540107727 0.3527185618877411 
vn -0.8375283479690552 0.5060492753982544 0.2060592919588089 
vn -0.8528814315795898 0.5171118378639221 0.07203252613544464 
vn -0.7041493058204651 0.7068196535110474 0.06767380982637405 
vn -0.6917786598205566 0.695780336856842 0.19321508705615997 
vn -0.6659184098243713 0.6659184098243713 0.3363112509250641 
vn -0.6271856427192688 0.633850634098053 0.45262736082077026 
vn -0.603482186794281 0.6221491694450378 0.4987381398677826 
vn -0.48269516229629517 0.7656733989715576 0.42514660954475403 
vn -0.4624025523662567 0.7506004571914673 0.4719987213611603 
vn -0.5046026110649109 0.8035770654678345 0.31565824151039124 
vn -0.5241076946258545 0.8323397040367126 0.18033768236637115 
vn -0.5313068628311157 0.8448102474212646 0.0633138045668602 
vn -0.35615867376327515 0.9325639605522156 0.058952588587999344 
vn -0.3523111641407013 0.920784592628479 0.16742929816246033 
vn -0.3393823504447937 0.8932415246963501 0.2948545813560486 
vn -0.3248789310455322 0.8582724928855896 0.3972681760787964 
vn -0.308622807264328 0.8448700904846191 0.43697428703308105 
vn -0.16881732642650604 0.9139618873596191 0.3690181374549866 
vn -0.14841412007808685 0.9020684361457825 0.405272513628006 
vn -0.16886402666568756 0.9480211138725281 0.26970529556274414 
vn -0.17651928961277008 0.9720972776412964 0.15449213981628418 
vn -0.17462827265262604 0.9831199645996094 0.05459024757146835 
vn -0.04527502506971359 0.9888983368873596 0.1415284425020218 
vn -0.043407145887613297 0.9665351510047913 0.25283506512641907 
vn -0.04147213697433472 0.9378595352172852 0.34452807903289795 
vn -0.03394012898206711 0.9238821268081665 0.3811691105365753 
vn 0.04147213697433472 0.9378595352172852 0.34452807903289795 
vn 0.03394012898206711 0.9238821268081665 0.3811691105365753 
vn 0.0396348237991333 0.9666972160339355 0.25283506512641907 
vn 0.04527502506971359 0.9888983368873596 0.1415284425020218 
vn 0.04340716078877449 0.9977940917015076 0.05022686347365379 
vn 0.16136407852172852 0.9103140830993652 0.3811691105365753 
vn 0.13589227199554443 0.3452676236629486 0.9286137819290161 
vn 0.32506728172302246 0.8636830449104309 0.3852050006389618 
vn 0.19750189781188965 0.3044717013835907 0.931820809841156 
vn 0.4898500442504883 0.7780730724334717 0.3932546079158783 
vn 0.3526305854320526 0.9339037537574768 0.058952588587999344 
vn 0.5344969034194946 0.8427956104278564 0.0633138045668602 
vn 0.17834369838237762 0.9824527502059937 0.05459024757146835 
vn 0.17651928961277008 0.9720972776412964 0.15449213981628418 
vn 0.3487851619720459 0.9221259951591492 0.16742929816246033 
vn 0.5272966027259827 0.8303232192993164 0.18033768236637115 
vn 0.3393823504447937 0.8932415246963501 0.2948545813560486 
vn 0.5046026110649109 0.8035770654678345 0.31565824151039124 
vn 0.16886402666568756 0.9480211138725281 0.26970529556274414 
vn 0.16881732642650604 0.9139618873596191 0.3690181374549866 
vn 0.15213680267333984 0.9014480710029602 0.405272513628006 
vn 0.3248789310455322 0.8582724928855896 0.3972681760787964 
vn 0.312163770198822 0.8435681462287903 0.43697428703308105 
vn 0.48269516229629517 0.7656733989715576 0.42514660954475403 
vn 0.4624025523662567 0.7506004571914673 0.4719987213611603 
vn 0.19750189781188965 0.3044717013835907 0.931820809841156 
vn 0.4898500442504883 0.7780730724334717 0.3932546079158783 
vn 0.2512645721435547 0.2446180284023285 0.9364978075027466 
vn 0.6417471766471863 0.6510873436927795 0.405272513628006 
vn 0.29596421122550964 0.17232298851013184 0.9395264387130737 
vn 0.7758183479309082 0.47332096099853516 0.417220801115036 
vn 0.3221215307712555 0.08923456072807312 0.9424833655357361 
vn 0.8690378665924072 0.25302866101264954 0.42514660954475403 
vn 0.3458463251590729 0.0225111935287714 0.9380210638046265 
vn 0.9062706828117371 0.067825548350811 0.417220801115036 
vn 0.3458463251590729 -0.0225111935287714 0.9380210638046265 
vn 0.9062706828117371 -0.067825548350811 0.417220801115036 
vn 0.3221215307712555 -0.08923456072807312 0.9424833655357361 
vn 0.8690378665924072 -0.25302866101264954 0.42514660954475403 
vn 0.29596421122550964 -0.17232298851013184 0.9395264387130737 
vn 0.7758183479309082 -0.47332096099853516 0.417220801115036 
vn 0.2512645721435547 -0.2446180284023285 0.9364978075027466 
vn 0.6417471766471863 -0.6510873436927795 0.405272513628006 
vn 0.19750189781188965 -0.3044717013835907 0.931820809841156 
vn 0.4898500442504883 -0.7780730724334717 0.3932546079158783 
vn 0.13589227199554443 -0.3452676236629486 0.9286137819290161 
vn 0.32506728172302246 -0.8636830449104309 0.3852050006389618 
vn 0.06925126910209656 -0.36865368485450745 0.926983654499054 
vn 0.16136407852172852 -0.9103140830993652 0.3811691105365753 
vn 0.02070431597530842 -0.38666626811027527 0.9219872951507568 
vn 0.043383173644542694 -0.9251453280448914 0.37712597846984863 
vn -0.016942566260695457 -0.3868493437767029 0.9219872951507568 
vn -0.039613135159015656 -0.9253144264221191 0.37712597846984863 
vn -0.0655476525425911 -0.36933016777038574 0.926983654499054 
vn -0.16136407852172852 -0.9103140830993652 0.3811691105365753 
vn -0.13589227199554443 -0.3452676236629486 0.9286137819290161 
vn -0.32506728172302246 -0.8636830449104309 0.3852050006389618 
vn -0.1943344920873642 -0.3065030574798584 0.931820809841156 
vn -0.4898500442504883 -0.7780730724334717 0.3932546079158783 
vn -0.24862736463546753 -0.247298002243042 0.9364978075027466 
vn -0.6390538811683655 -0.6537310481071472 0.405272513628006 
vn -0.5313068628311157 -0.8448102474212646 0.0633138045668602 
vn -0.7041493058204651 -0.7068196535110474 0.06767380982637405 
vn 0.5344969034194946 0.8427956104278564 0.0633138045668602 
vn -0.35615867376327515 -0.9325639605522156 0.058952588587999344 
vn -0.17462827265262604 -0.9831199645996094 0.05459024757146835 
vn -0.047178998589515686 -0.9976228475570679 0.05022686347365379 
vn 0.04340716078877449 -0.9977940917015076 0.05022686347365379 
vn 0.17834369838237762 -0.9824527502059937 0.05459024757146835 
vn 0.3526305854320526 -0.9339037537574768 0.058952588587999344 
vn 0.5344969034194946 -0.8427956104278564 0.0633138045668602 
vn 0.7041493058204651 -0.7068196535110474 0.06767380982637405 
vn 0.8528814315795898 -0.5171118378639221 0.07203252613544464 
vn 0.9585330486297607 -0.27572765946388245 0.07203252613544464 
vn 0.9950882792472839 -0.0679013803601265 0.07203252613544464 
vn 0.9950882792472839 0.0679013803601265 0.07203252613544464 
vn 0.9585330486297607 0.27572765946388245 0.07203252613544464 
vn 0.8528814315795898 0.5171118378639221 0.07203252613544464 
vn 0.7041493058204651 0.7068196535110474 0.06767380982637405 
vn 0.5272966027259827 0.8303232192993164 0.18033768236637115 
vn 0.689098060131073 0.6984352469444275 0.19321508705615997 
vn 0.5046026110649109 0.8035770654678345 0.31565824151039124 
vn 0.6659184098243713 0.6659184098243713 0.3363112509250641 
vn 0.48269516229629517 0.7656733989715576 0.42514660954475403 
vn 0.6298601031303406 0.6311931014060974 0.45262736082077026 
vn 0.4624025523662567 0.7506004571914673 0.4719987213611603 
vn 0.603482186794281 0.6221491694450378 0.4987381398677826 
vn 0.7525727152824402 0.4591856896877289 0.4719987213611603 
vn 0.7245064973831177 0.45094338059425354 0.5212872624397278 
vn 0.8355714678764343 0.509273886680603 0.2060592919588089 
vn 0.9401270151138306 0.2681814730167389 0.2103329300880432 
vn 0.9761849641799927 0.06784137338399887 0.2060592919588089 
vn 0.7984806299209595 0.4878711700439453 0.3527185618877411 
vn 0.8955072164535522 0.2604437470436096 0.36088213324546814 
vn 0.8423796892166138 0.24555857479572296 0.4796847105026245 
vn 0.8147004246711731 0.23814557492733002 0.528724730014801 
vn 0.8774556517601013 0.06034861505031586 0.4758462607860565 
vn 0.8512495756149292 0.06028115004301071 0.5212872624397278 
vn 0.931712806224823 0.06784074008464813 0.3568037748336792 
vn 0.9761849641799927 -0.06784137338399887 0.2060592919588089 
vn 0.9401270151138306 -0.2681814730167389 0.2103329300880432 
vn 0.931712806224823 -0.06784074008464813 0.3568037748336792 
vn 0.8774556517601013 -0.06034861505031586 0.4758462607860565 
vn 0.8512495756149292 -0.06028115004301071 0.5212872624397278 
vn 0.8423796892166138 -0.24555857479572296 0.4796847105026245 
vn 0.8147004246711731 -0.23814557492733002 0.528724730014801 
vn 0.8955072164535522 -0.2604437470436096 0.36088213324546814 
vn 0.8355714678764343 -0.509273886680603 0.2060592919588089 
vn 0.689098060131073 -0.6984352469444275 0.19321508705615997 
vn 0.7984806299209595 -0.4878711700439453 0.3527185618877411 
vn 0.7525727152824402 -0.4591856896877289 0.4719987213611603 
vn 0.7245064973831177 -0.45094338059425354 0.5212872624397278 
vn 0.6298601031303406 -0.6311931014060974 0.45262736082077026 
vn 0.603482186794281 -0.6221491694450378 0.4987381398677826 
vn 0.6659184098243713 -0.6659184098243713 0.3363112509250641 
vn 0.5272966027259827 -0.8303232192993164 0.18033768236637115 
vn 0.3487851619720459 -0.9221259951591492 0.16742929816246033 
vn 0.5046026110649109 -0.8035770654678345 0.31565824151039124 
vn 0.48269516229629517 -0.7656733989715576 0.42514660954475403 
vn 0.4624025523662567 -0.7506004571914673 0.4719987213611603 
vn 0.3248789310455322 -0.8582724928855896 0.3972681760787964 
vn 0.312163770198822 -0.8435681462287903 0.43697428703308105 
vn 0.3393823504447937 -0.8932415246963501 0.2948545813560486 
vn 0.17651928961277008 -0.9720972776412964 0.15449213981628418 
vn 0.04527502506971359 -0.9888983368873596 0.1415284425020218 
vn 0.16886402666568756 -0.9480211138725281 0.26970529556274414 
vn 0.16881732642650604 -0.9139618873596191 0.3690181374549866 
vn 0.15213680267333984 -0.9014480710029602 0.405272513628006 
vn 0.04147213697433472 -0.9378595352172852 0.34452807903289795 
vn 0.03394012898206711 -0.9238821268081665 0.3811691105365753 
vn 0.0396348237991333 -0.9666972160339355 0.25283506512641907 
vn -0.04527502506971359 -0.9888983368873596 0.1415284425020218 
vn -0.17651928961277008 -0.9720972776412964 0.15449213981628418 
vn -0.043407145887613297 -0.9665351510047913 0.25283506512641907 
vn -0.04147213697433472 -0.9378595352172852 0.34452807903289795 
vn -0.03394012898206711 -0.9238821268081665 0.3811691105365753 
vn -0.16881732642650604 -0.9139618873596191 0.3690181374549866 
vn -0.14841412007808685 -0.9020684361457825 0.405272513628006 
vn -0.16886402666568756 -0.9480211138725281 0.26970529556274414 
vn -0.3523111641407013 -0.920784592628479 0.16742929816246033 
vn -0.5241076946258545 -0.8323397040367126 0.18033768236637115 
vn -0.6917786598205566 -0.695780336856842 0.19321508705615997 
vn -0.5046026110649109 -0.8035770654678345 0.31565824151039124 
vn -0.6659184098243713 -0.6659184098243713 0.3363112509250641 
vn -0.3393823504447937 -0.8932415246963501 0.2948545813560486 
vn -0.3248789310455322 -0.8582724928855896 0.3972681760787964 
vn -0.48269516229629517 -0.7656733989715576 0.42514660954475403 
vn -0.6271856427192688 -0.633850634098053 0.45262736082077026 
vn -0.4624025523662567 -0.7506004571914673 0.4719987213611603 
vn -0.308622807264328 -0.8448700904846191 0.43697428703308105 
vn -0.603482186794281 -0.6221491694450378 0.4987381398677826 
vn -2.0682311115474694e-13 0 -1 
vn -0.055633947253227234 -0.011308097280561924 -0.9983872175216675 
vn -2.0682311115474694e-13 0 -1 
vn -2.0682311115474694e-13 0 -1 
vn -2.0682311115474694e-13 0 -1 
vn -0.08283717930316925 -0.003774212207645178 -0.9965559244155884 
vn -2.0682311115474694e-13 0 -1 
vn -0.08283717930316925 0.003774212207645178 -0.9965559244155884 
vn -2.0682311115474694e-13 0 -1 
vn -0.055633947253227234 0.011308097280561924 -0.9983872175216675 
vn -2.0682311115474694e-13 0 -1 
vn -2.0682311115474694e-13 0 -1 
vn -2.0682311115474694e-13 0 -1 
vn -2.0682311115474694e-13 0 -1 
vn 2.0682311115474694e-13 4.2775797696334704e-26 -1 
vn 2.0682311115474694e-13 4.2775797696334704e-26 -1 
vn -0.020741011947393417 0.07125403732061386 -0.9972425103187561 
vn -2.0682311115474694e-13 0 -1 
vn -0.017005911096930504 0.09887514263391495 -0.994954526424408 
vn 2.0682311115474694e-13 4.2775797696334704e-26 -1 
vn -0.0018985996721312404 0.10030896961688995 -0.994954526424408 
vn 2.0682311115474694e-13 4.2775797696334704e-26 -1 
vn 0.005693079438060522 0.10016527771949768 -0.994954526424408 
vn 2.0682311115474694e-13 4.2775797696334704e-26 -1 
vn 0.02073531225323677 0.09816078841686249 -0.994954526424408 
vn -2.0682311115474694e-13 0 -1 
vn 0.017045442014932632 0.07222728431224823 -0.9972425103187561 
vn -2.0682311115474694e-13 0 -1 
vn -2.0682311115474694e-13 0 -1 
vn -2.0682311115474694e-13 0 -1 
vn -2.0682311115474694e-13 0 -1 
vn 0.056265007704496384 0.0075669074431061745 -0.9983872175216675 
vn -2.0682311115474694e-13 0 -1 
vn 0.08257955312728882 0.007540601771324873 -0.9965559244155884 
vn 2.0682311115474694e-13 4.2775797696334704e-26 -1 
vn -2.0682311115474694e-13 0 -1 
vn 2.0682311115474694e-13 4.2775797696334704e-26 -1 
vn 2.0682311115474694e-13 4.2775797696334704e-26 -1 
vn 2.0682311115474694e-13 4.2775797696334704e-26 -1 
vn 2.0682311115474694e-13 4.2775797696334704e-26 -1 
vn 2.0682311115474694e-13 4.2775797696334704e-26 -1 
vn -2.0682311115474694e-13 0 -1 
vn -2.0682311115474694e-13 0 -1 
vn -2.0682311115474694e-13 0 -1 
vn 0.08257955312728882 -0.007540601771324873 -0.9965559244155884 
vn 2.0682311115474694e-13 4.2775797696334704e-26 -1 
vn 2.0682311115474694e-13 4.2775797696334704e-26 -1 
vn 2.0682311115474694e-13 4.2775797696334704e-26 -1 
vn -2.0682311115474694e-13 0 -1 
vn -2.0682311115474694e-13 0 -1 
vn 2.0682311115474694e-13 4.2775797696334704e-26 -1 
vn -2.0682311115474694e-13 0 -1 
vn 2.0682311115474694e-13 4.2775797696334704e-26 -1 
vn 0.056265007704496384 -0.0075669074431061745 -0.9983872175216675 
vn -2.0682311115474694e-13 0 -1 
vn -2.0682311115474694e-13 0 -1 
vn 2.0682311115474694e-13 4.2775797696334704e-26 -1 
vn 2.0682311115474694e-13 4.2775797696334704e-26 -1 
vn 2.0682311115474694e-13 4.2775797696334704e-26 -1 
vn -2.0682311115474694e-13 0 -1 
vn -2.0682311115474694e-13 0 -1 
vn 2.0682311115474694e-13 4.2775797696334704e-26 -1 
vn 2.0682311115474694e-13 4.2775797696334704e-26 -1 
vn 2.0682311115474694e-13 4.2775797696334704e-26 -1 
vn -2.0682311115474694e-13 0 -1 
vn -0.020741011947393417 -0.07125403732061386 -0.9972425103187561 
vn -0.017005911096930504 -0.09887514263391495 -0.994954526424408 
vn -0.0018985996721312404 -0.10030896961688995 -0.994954526424408 
vn 0.005693079438060522 -0.10016527771949768 -0.994954526424408 
vn 0.02073531225323677 -0.09816078841686249 -0.994954526424408 
vn 0.017045442014932632 -0.07222728431224823 -0.9972425103187561 
vn 2.0682311115474694e-13 4.2775797696334704e-26 -1 
vn 0.033425770699977875 -0.020696360617876053 0.9992268681526184 
vn -0.017673155292868614 0.012840298935770988 0.9997613430023193 
vn -0.12198708206415176 0.0330064482986927 0.9919826984405518 
vn -0.08896596729755402 0.02192814089357853 0.9957932829856873 
vn -0.17173314094543457 0.10996133834123611 0.9789873361587524 
vn -0.059356916695833206 0.014630165882408619 0.9981296062469482 
vn -0.1237138956785202 0.02579042688012123 0.9919826984405518 
vn -0.07411912083625793 0.003699131542816758 0.9972425103187561 
vn -0.14684633910655975 0.01855100691318512 0.9889853596687317 
vn -0.07848163694143295 0.0036826597061008215 0.9969087839126587 
vn -0.1523333042860031 -3.150604777069077e-14 0.9883291721343994 
vn -0.07848163694143295 -0.0036826597061008215 0.9969087839126587 
vn -0.1523333042860031 -3.150604777069077e-14 0.9883291721343994 
vn -0.07411912083625793 -0.003699131542816758 0.9972425103187561 
vn -0.14684633910655975 -0.01855100691318512 0.9889853596687317 
vn -0.059356916695833206 -0.014630165882408619 0.9981296062469482 
vn -0.1237138956785202 -0.02579042688012123 0.9919826984405518 
vn -0.017673155292868614 -0.012840298935770988 0.9997613430023193 
vn -0.08896596729755402 -0.02192814089357853 0.9957932829856873 
vn 0.033425770699977875 0.020696360617876053 0.9992268681526184 
vn -0.12198708206415176 -0.0330064482986927 0.9919826984405518 
vn -0.17148087918758392 -0.062413934618234634 0.983208417892456 
vn -0.17173314094543457 -0.10996133834123611 0.9789873361587524 
vn -0.13544487953186035 -0.09471285343170166 0.9862475395202637 
vn -0.14650121331214905 -0.1597241908311844 0.976230263710022 
vn -0.05659066513180733 -0.08805679529905319 0.9945066571235657 
vn -0.07790032029151917 -0.16976000368595123 0.9824016690254211 
vn 0.020166095346212387 -0.06687912344932556 0.9975572824478149 
vn -0.0018728610593825579 -0.16095328330993652 0.986960232257843 
vn 0.018387380987405777 -0.08531774580478668 0.9961841106414795 
vn 0.04422002658247948 -0.14577388763427734 0.9883291721343994 
vn -0.016780538484454155 -0.1644209623336792 0.9862475395202637 
vn 0.031379908323287964 -0.14464884996414185 0.9889853596687317 
vn -0.0037409996148198843 -0.21670354902744293 0.976230263710022 
vn 4.732672248346746e-14 -0.1523333042860031 0.9883291721343994 
vn 0.013060426339507103 -0.16475820541381836 0.9862475395202637 
vn -0.03500503674149513 -0.1438145935535431 0.9889853596687317 
vn -0.025556590408086777 -0.0834510326385498 0.9961841106414795 
vn -0.051235273480415344 -0.14803460240364075 0.9876541495323181 
vn -0.023696966469287872 -0.06571105122566223 0.9975572824478149 
vn -0.009359234943985939 -0.16069185733795166 0.986960232257843 
vn 0.06286835670471191 -0.08906416594982147 0.9940398335456848 
vn 0.0692039430141449 -0.15481965243816376 0.9855159521102905 
vn 0.14032606780529022 -0.07885469496250153 0.986960232257843 
vn 0.12871664762496948 -0.10367191582918167 0.9862475395202637 
vn 0.1419508010149002 -0.02229393646121025 0.9896226525306702 
vn 0.10876353830099106 -0.007439630106091499 0.9940398335456848 
vn 0.05189759284257889 0.07017017900943756 0.9961841106414795 
vn 0.007439630106091499 0.10876353830099106 0.9940398335456848 
vn -0.23197996616363525 0.10575380176305771 0.9669547080993652 
vn -0.2228979617357254 0.232200488448143 0.946783721446991 
vn -0.5247050523757935 0.07872416079044342 0.8476362228393555 
vn -0.6067030429840088 0.2145780473947525 0.7654199600219727 
vn -0.4152173399925232 -0.003759306389838457 0.9097144603729248 
vn -0.15214982628822327 0.007474641315639019 0.9883291721343994 
vn 0.22351786494255066 -0.052117057144641876 0.9733054637908936 
vn 0.2128918468952179 -0.05931059271097183 0.9752739667892456 
vn 0.1434285193681717 -0.05131954699754715 0.9883291721343994 
vn 0.016146345064044 -0.006688034627586603 0.9998472929000854 
vn -0.011351687833666801 0.006553899962455034 0.9999141097068787 
vn 0.10810104012489319 -0.11337310820817947 0.9876541495323181 
vn 0.13446761667728424 -0.28787344694137573 0.9481810927391052 
vn -0.026307791471481323 -0.3414643704891205 0.9395264387130737 
vn -0.13344374299049377 -0.25114887952804565 0.9587059020996094 
vn -0.08326573669910431 -0.09506361186504364 0.9919826984405518 
vn 0.016146345064044 0.006688034627586603 0.9998472929000854 
vn 0.011351687833666801 0.006553899962455034 0.9999141097068787 
vn -0.10734397917985916 -0.03643837198615074 0.9935539960861206 
vn -0.19370117783546448 -0.048338133841753006 0.97986900806427 
vn -0.18584632873535156 -0.018656352534890175 0.9824016690254211 
vn -0.39122694730758667 -0.003758756909519434 0.9202865362167358 
vn -0.07338248938322067 -0.011060630902647972 0.9972425103187561 
vn 0.051898643374443054 0.007293878588825464 0.9986256957054138 
vn -0.05900802090764046 -0.028416765853762627 0.9978529810905457 
vn -0.22286877036094666 -0.13228373229503632 0.9658315181732178 
vn -0.23586858808994293 -0.20664280652999878 0.949560284614563 
vn -0.1031293272972107 -0.2784574627876282 0.9548956751823425 
vn 0.22112727165222168 -0.2979583442211151 0.9286137819290161 
vn 0.3097122311592102 -0.17301563918590546 0.9349566102027893 
vn 0.05900802090764046 -0.028416765853762627 0.9978529810905457 
vn -0.0303741954267025 0.0035502342507243156 0.9995322823524475 
vn 0.11118180304765701 -0.02211543545126915 0.9935539960861206 
vn 0.21035388112068176 -0.02989991381764412 0.9771679639816284 
vn 0.22840827703475952 -0.02249625138938427 0.9733054637908936 
vn -0.08602125942707062 -0.014749825932085514 0.9961841106414795 
vn -0.38720187544822693 -0.003766157664358616 0.9219872951507568 
vn -0.08292311429977417 -1.7150416490078167e-14 0.9965559244155884 
vn -0.38720187544822693 0.003766157664358616 0.9219872951507568 
vn 0.22939056158065796 -0.007509469520300627 0.9733054637908936 
vn 0.20806242525577545 -0.0074734678491950035 0.9780870079994202 
vn 0.09597864747047424 0 0.9953833818435669 
vn -0.04790383204817772 0.003677794011309743 0.9988451600074768 
vn 0.1615130752325058 -0.05168980360031128 0.9855159521102905 
vn 0.43861818313598633 -0.13342179358005524 0.888714075088501 
vn 0.21128763258457184 -0.13497567176818848 0.9680594801902771 
vn -0.18893158435821533 -0.07673738151788712 0.9789873361587524 
vn -0.2717081308364868 -0.0485447458922863 0.961154580116272 
vn -0.2808389663696289 -0.0448606051504612 0.9587059020996094 
vn -0.12501424551010132 -0.018485501408576965 0.9919826984405518 
vn 0.06113334000110626 0 0.9981296062469482 
vn -0.0566549077630043 -0.0036373657640069723 0.9983872175216675 
vn -0.1824476718902588 -0.003746776608750224 0.983208417892456 
vn -0.1824476718902588 0.003746776608750224 0.983208417892456 
vn -0.0566549077630043 0.0036373657640069723 0.9983872175216675 
vn 0.06113334000110626 0 0.9981296062469482 
vn -0.12501424551010132 0.018485501408576965 0.9919826984405518 
vn -0.30469563603401184 0.018792983144521713 0.9522643685340881 
vn -0.29216480255126953 -0.01875760219991207 0.9561840295791626 
vn -0.16489526629447937 0.011197750456631184 0.9862475395202637 
vn 0.17058321833610535 0.051502108573913574 0.9839963912963867 
vn 0.43100404739379883 0.007523203734308481 0.9023185968399048 
vn 0.22476080060005188 -0.014966120943427086 0.9742990136146545 
vn -0.04790383204817772 -0.003677794011309743 0.9988451600074768 
vn 0.09597864747047424 0 0.9953833818435669 
vn 0.20806242525577545 0.0074734678491950035 0.9780870079994202 
vn 0.22939056158065796 0.007509469520300627 0.9733054637908936 
vn -0.08292311429977417 -1.7150416490078167e-14 0.9965559244155884 
vn -0.39122694730758667 0.003758756909519434 0.9202865362167358 
vn -0.08602125942707062 0.014749825932085514 0.9961841106414795 
vn -0.4152173399925232 0.003759306389838457 0.9097144603729248 
vn 0.22840827703475952 0.02249625138938427 0.9733054637908936 
vn 0.21035388112068176 0.02989991381764412 0.9771679639816284 
vn 0.11118180304765701 0.02211543545126915 0.9935539960861206 
vn -0.0303741954267025 -0.0035502342507243156 0.9995322823524475 
vn 0.16100649535655975 0.06567858904600143 0.9847655892372131 
vn 0.31069719791412354 0.24433496594429016 0.9185682535171509 
vn 0.16476550698280334 0.327920138835907 0.9302261471748352 
vn -0.059546809643507004 0.2608916163444519 0.9635298252105713 
vn -0.27723458409309387 0.19399437308311462 0.9410139322280884 
vn -0.26659539341926575 0.13077127933502197 0.9548956751823425 
vn -0.05900802090764046 0.028416765853762627 0.9978529810905457 
vn 0.051898643374443054 -0.007293878588825464 0.9986256957054138 
vn -0.07338248938322067 0.011060630902647972 0.9972425103187561 
vn -0.18584632873535156 0.018656352534890175 0.9824016690254211 
vn -0.19370117783546448 0.048338133841753006 0.97986900806427 
vn -0.10734397917985916 0.03643837198615074 0.9935539960861206 
vn 0.011351687833666801 -0.006553899962455034 0.9999141097068787 
vn 0.016146345064044 -0.006688034627586603 0.9998472929000854 
vn -0.10230080038309097 0.11287153512239456 0.9883291721343994 
vn -0.15378312766551971 0.3014026880264282 0.9410139322280884 
vn -0.003762831911444664 0.39524441957473755 0.9185682535171509 
vn 0.11105889081954956 0.3369302749633789 0.9349566102027893 
vn 0.10517536848783493 0.17967741191387177 0.9780870079994202 
vn 0.023692212998867035 0.031373560428619385 0.9992268681526184 
vn 0.016146345064044 0.006688034627586603 0.9998472929000854 
vn 0.1434285193681717 0.05131954699754715 0.9883291721343994 
vn 0.2128918468952179 0.05931059271097183 0.9752739667892456 
vn 0.22351786494255066 0.052117057144641876 0.9733054637908936 
vn -0.15214982628822327 -0.007474641315639019 0.9883291721343994 
vn -0.5247050523757935 -0.07872416079044342 0.8476362228393555 
vn -0.23197996616363525 -0.10575380176305771 0.9669547080993652 
vn -0.6067030429840088 -0.2145780473947525 0.7654199600219727 
vn -0.2228979617357254 -0.232200488448143 0.946783721446991 
vn 0.05189759284257889 -0.07017017900943756 0.9961841106414795 
vn 0.1419508010149002 0.02229393646121025 0.9896226525306702 
vn 0.14032606780529022 0.07885469496250153 0.986960232257843 
vn 0.06286835670471191 0.08906416594982147 0.9940398335456848 
vn -0.023696966469287872 0.06571105122566223 0.9975572824478149 
vn -0.025556590408086777 0.0834510326385498 0.9961841106414795 
vn 0.013060426339507103 0.16475820541381836 0.9862475395202637 
vn -0.0037409996148198843 0.21670354902744293 0.976230263710022 
vn -0.016780538484454155 0.1644209623336792 0.9862475395202637 
vn 0.018387380987405777 0.08531774580478668 0.9961841106414795 
vn 0.020166095346212387 0.06687912344932556 0.9975572824478149 
vn -0.05659066513180733 0.08805679529905319 0.9945066571235657 
vn -0.13544487953186035 0.09471285343170166 0.9862475395202637 
vn -0.17148087918758392 0.062413934618234634 0.983208417892456 
vn -0.14650121331214905 0.1597241908311844 0.976230263710022 
vn -0.07790032029151917 0.16976000368595123 0.9824016690254211 
vn -0.0018728610593825579 0.16095328330993652 0.986960232257843 
vn 0.04422002658247948 0.14577388763427734 0.9883291721343994 
vn 0.031379908323287964 0.14464884996414185 0.9889853596687317 
vn -1.5753023885345385e-14 0.1523333042860031 0.9883291721343994 
vn -0.03500503674149513 0.1438145935535431 0.9889853596687317 
vn -0.051235273480415344 0.14803460240364075 0.9876541495323181 
vn -0.009359234943985939 0.16069185733795166 0.986960232257843 
vn 0.0692039430141449 0.15481965243816376 0.9855159521102905 
vn 0.12871664762496948 0.10367191582918167 0.9862475395202637 
vn 0.10876353830099106 0.007439630106091499 0.9940398335456848 
vn 0.007439630106091499 -0.10876353830099106 0.9940398335456848 
vt 0.7006364464759827 0.599129319190979 
vt 0.7275346517562866 0.5928257703781128 
vt 0.728198766708374 0.5952044725418091 
vt 0.7532151937484741 0.5815269351005554 
vt 0.7544327974319458 0.5836677551269531 
vt 0.7763497829437256 0.5632109642028809 
vt 0.7781208753585815 0.56511390209198 
vt 0.7957208752632141 0.5388292670249939 
vt 0.7978240251541138 0.5402565002441406 
vt 0.8104429244995117 0.5095712542533875 
vt 0.8128781318664551 0.510522723197937 
vt 0.8198517560958862 0.4767451882362366 
vt 0.8223976492881775 0.47722092270851135 
vt 0.8236152529716492 0.4415404200553894 
vt 0.8260505199432373 0.4416593611240387 
vt 0.8236152529716492 0.3051219880580902 
vt 0.8260505199432373 0.3050030469894409 
vt 0.8199624419212341 0.2706308364868164 
vt 0.8223976492881775 0.2701551020145416 
vt 0.8107749819755554 0.23875625431537628 
vt 0.8129888772964478 0.23780477046966553 
vt 0.7963850498199463 0.2104497253894806 
vt 0.798377513885498 0.20914143323898315 
vt 0.7774567008018494 0.18690060079097748 
vt 0.7792277932167053 0.18511657416820526 
vt 0.7549862265586853 0.1692982167005539 
vt 0.7563145160675049 0.167157381772995 
vt 0.7300805449485779 0.1583561897277832 
vt 0.7307447195053101 0.15597748756408691 
vt 0.7036251425743103 0.15466921031475067 
vt 0.7038465142250061 0.15229050815105438 
vt 0.630014955997467 0.15562069416046143 
vt 0.6297935843467712 0.15324199199676514 
vt 0.60378098487854 0.16002129018306732 
vt 0.60300612449646 0.15764258801937103 
vt 0.5790966749191284 0.1715579777956009 
vt 0.5777683258056641 0.169417142868042 
vt 0.5568475723266602 0.18963609635829926 
vt 0.5550764799118042 0.18797101080417633 
vt 0.5383619666099548 0.21377991139888763 
vt 0.5362588763237 0.2124716192483902 
vt 0.52452552318573 0.2425621747970581 
vt 0.5222009420394897 0.24172963201999664 
vt 0.5160022377967834 0.2746746242046356 
vt 0.5134562849998474 0.27431783080101013 
vt 0.5129028558731079 0.30904683470726013 
vt 0.5104675889015198 0.30892789363861084 
vt 0.5130135416984558 0.4434433877468109 
vt 0.5106890201568604 0.4434433877468109 
vt 0.5155594348907471 0.47710198163986206 
vt 0.5132349133491516 0.47745880484580994 
vt 0.5233078598976135 0.5085008144378662 
vt 0.521094024181366 0.5093333721160889 
vt 0.5363695621490479 0.5368073582649231 
vt 0.5342664122581482 0.5379967093467712 
vt 0.5539695620536804 0.560594379901886 
vt 0.5521984696388245 0.5622594356536865 
vt 0.5754438042640686 0.5787914395332336 
vt 0.574115514755249 0.5808132886886597 
vt 0.5996853709220886 0.5906848907470703 
vt 0.5989105105400085 0.5929446816444397 
vt 0.6258086562156677 0.5955612659454346 
vt 0.625476598739624 0.5980588793754578 
vt 0.7005257606506348 0.596631646156311 
vt 0.8086718320846558 0.2405402809381485 
vt 0.8176379203796387 0.27205806970596313 
vt 0.8157561421394348 0.2733663320541382 
vt 0.819187581539154 0.3070249557495117 
vt 0.8212907314300537 0.30607345700263977 
vt 0.8190768957138062 0.4396374821662903 
vt 0.8211800456047058 0.44058895111083984 
vt 0.8156454563140869 0.4740096926689148 
vt 0.8175272345542908 0.47531798481941223 
vt 0.8064579963684082 0.5058842897415161 
vt 0.8083397746086121 0.5076683163642883 
vt 0.7920680642127991 0.5344286561012268 
vt 0.793839156627655 0.5366884469985962 
vt 0.7731397151947021 0.558096706867218 
vt 0.7746894359588623 0.5607132911682129 
vt 0.7506692409515381 0.5758180618286133 
vt 0.7519975304603577 0.578672468662262 
vt 0.7258742451667786 0.5867600440979004 
vt 0.7267597913742065 0.5898523926734924 
vt 0.6996402144432068 0.5903280973434448 
vt 0.7000830173492432 0.5935393571853638 
vt 0.6268048882484436 0.5894955992698669 
vt 0.6262514591217041 0.5925878882408142 
vt 0.6015671491622925 0.5848571062088013 
vt 0.6005709171295166 0.5878304839134216 
vt 0.5779897570610046 0.573439359664917 
vt 0.5767720937728882 0.5761748552322388 
vt 0.5571796298027039 0.5557180047035217 
vt 0.5556299686431885 0.5582156777381897 
vt 0.5400223731994629 0.5326446294784546 
vt 0.5382512807846069 0.5347854495048523 
vt 0.527292788028717 0.5051706433296204 
vt 0.5254110097885132 0.5068357586860657 
vt 0.5197657346725464 0.47460436820983887 
vt 0.5177732706069946 0.475793719291687 
vt 0.5174412131309509 0.4415404200553894 
vt 0.5153380632400513 0.44249191880226135 
vt 0.517330527305603 0.31083086133003235 
vt 0.5152273774147034 0.3099983334541321 
vt 0.5202085375785828 0.2772912085056305 
vt 0.518216073513031 0.27610185742378235 
vt 0.5285103917121887 0.24601128697395325 
vt 0.5266286730766296 0.24434620141983032 
vt 0.5420148372650146 0.21806156635284424 
vt 0.5402437448501587 0.21592073142528534 
vt 0.5600576400756836 0.19463136792182922 
vt 0.5585079193115234 0.19213373959064484 
vt 0.5815318822860718 0.17702898383140564 
vt 0.5803142786026001 0.17417454719543457 
vt 0.6055520176887512 0.16596803069114685 
vt 0.604666531085968 0.1628757268190384 
vt 0.6310111880302429 0.16168637573719025 
vt 0.6304577589035034 0.1585940718650818 
vt 0.7028502821922302 0.1607348918914795 
vt 0.7032930850982666 0.15764258801937103 
vt 0.7284201383590698 0.16430294513702393 
vt 0.7293056845664978 0.16121064126491547 
vt 0.7526617050170898 0.17476922273635864 
vt 0.7538793087005615 0.17191478610038757 
vt 0.7744680047035217 0.19189587235450745 
vt 0.7760177254676819 0.18939822912216187 
vt 0.7928429245948792 0.2147313803434372 
vt 0.7945032715797424 0.2125905603170395 
vt 0.8067901134490967 0.24232430756092072 
vt 0.7300805449485779 0.1583561897277832 
vt 0.7549862265586853 0.1692982167005539 
vt 0.7036251425743103 0.15466921031475067 
vt 0.630014955997467 0.15562069416046143 
vt 0.60378098487854 0.16002129018306732 
vt 0.5790966749191284 0.1715579777956009 
vt 0.5568475723266602 0.18963609635829926 
vt 0.5585079193115234 0.19213373959064484 
vt 0.5383619666099548 0.21377991139888763 
vt 0.5402437448501587 0.21592073142528534 
vt 0.52452552318573 0.2425621747970581 
vt 0.5266286730766296 0.24434620141983032 
vt 0.5160022377967834 0.2746746242046356 
vt 0.518216073513031 0.27610185742378235 
vt 0.5152273774147034 0.3099983334541321 
vt 0.5153380632400513 0.44249191880226135 
vt 0.5155594348907471 0.47710198163986206 
vt 0.5177732706069946 0.475793719291687 
vt 0.5233078598976135 0.5085008144378662 
vt 0.5254110097885132 0.5068357586860657 
vt 0.5363695621490479 0.5368073582649231 
vt 0.5382512807846069 0.5347854495048523 
vt 0.5539695620536804 0.560594379901886 
vt 0.5556299686431885 0.5582156777381897 
vt 0.5754438042640686 0.5787914395332336 
vt 0.5996853709220886 0.5906848907470703 
vt 0.6258086562156677 0.5955612659454346 
vt 0.7005257606506348 0.596631646156311 
vt 0.7275346517562866 0.5928257703781128 
vt 0.7532151937484741 0.5815269351005554 
vt 0.7763497829437256 0.5632109642028809 
vt 0.7746894359588623 0.5607132911682129 
vt 0.7957208752632141 0.5388292670249939 
vt 0.793839156627655 0.5366884469985962 
vt 0.8104429244995117 0.5095712542533875 
vt 0.8083397746086121 0.5076683163642883 
vt 0.8198517560958862 0.4767451882362366 
vt 0.8175272345542908 0.47531798481941223 
vt 0.8211800456047058 0.44058895111083984 
vt 0.8212907314300537 0.30607345700263977 
vt 0.8199624419212341 0.2706308364868164 
vt 0.8176379203796387 0.27205806970596313 
vt 0.8107749819755554 0.23875625431537628 
vt 0.8086718320846558 0.2405402809381485 
vt 0.7963850498199463 0.2104497253894806 
vt 0.7945032715797424 0.2125905603170395 
vt 0.7774567008018494 0.18690060079097748 
vt 0.7760177254676819 0.18939822912216187 
vt 0.3691139221191406 0.2963207960128784 
vt 0.3810686767101288 0.29536932706832886 
vt 0.3692246079444885 0.44677355885505676 
vt 0.3811793625354767 0.4476061165332794 
vt 0.3663466274738312 0.4763883948326111 
vt 0.37807998061180115 0.4799564480781555 
vt 0.3587088882923126 0.5036244988441467 
vt 0.3695566952228546 0.5104038119316101 
vt 0.34653276205062866 0.5280061960220337 
vt 0.3560522794723511 0.5376399159431458 
vt 0.3304824233055115 0.548344075679779 
vt 0.33800947666168213 0.5604754090309143 
vt 0.31122201681137085 0.5635677576065063 
vt 0.31653523445129395 0.5777209997177124 
vt 0.28985846042633057 0.5732014775276184 
vt 0.29262575507164 0.5884251594543457 
vt 0.2666131258010864 0.5765316486358643 
vt 0.2672773003578186 0.5922310948371887 
vt 0.1963237226009369 0.5766506195068359 
vt 0.1956595629453659 0.5923500061035156 
vt 0.17307840287685394 0.5733203887939453 
vt 0.1703110933303833 0.5885440707206726 
vt 0.15171484649181366 0.5638056397438049 
vt 0.14640162885189056 0.5778399109840393 
vt 0.13256512582302094 0.5485819578170776 
vt 0.12492737919092178 0.5607132911682129 
vt 0.11651478707790375 0.5282440185546875 
vt 0.10710596293210983 0.5378777980804443 
vt 0.10444935411214828 0.5038623809814453 
vt 0.0936015397310257 0.510522723197937 
vt 0.09681160748004913 0.4766262471675873 
vt 0.08518894761800766 0.4800753593444824 
vt 0.09404430538415909 0.44689249992370605 
vt 0.08208957314491272 0.4477250576019287 
vt 0.09404430538415909 0.2963207960128784 
vt 0.08208957314491272 0.29548823833465576 
vt 0.09681160748004913 0.2665870487689972 
vt 0.08518894761800766 0.26313793659210205 
vt 0.10444935411214828 0.23935092985630035 
vt 0.0936015397310257 0.23269057273864746 
vt 0.11651478707790375 0.21496924757957458 
vt 0.10710596293210983 0.20533551275730133 
vt 0.13256512582302094 0.19463136792182922 
vt 0.12503807246685028 0.18250000476837158 
vt 0.15171484649181366 0.17940768599510193 
vt 0.14640162885189056 0.16537335515022278 
vt 0.17307840287685394 0.16989289224147797 
vt 0.1703110933303833 0.15466921031475067 
vt 0.1964344084262848 0.16656270623207092 
vt 0.1956595629453659 0.15074434876441956 
vt 0.2666131258010864 0.16644378006458282 
vt 0.2673879861831665 0.15086328983306885 
vt 0.28996914625167847 0.16989289224147797 
vt 0.29262575507164 0.15466921031475067 
vt 0.31122201681137085 0.17940768599510193 
vt 0.31653523445129395 0.16537335515022278 
vt 0.3304824233055115 0.19463136792182922 
vt 0.33800947666168213 0.18250000476837158 
vt 0.34653276205062866 0.21496924757957458 
vt 0.3560522794723511 0.20533551275730133 
vt 0.3587088882923126 0.23935092985630035 
vt 0.3695566952228546 0.23269057273864746 
vt 0.3663466274738312 0.2665870487689972 
vt 0.37796929478645325 0.26313793659210205 
vt 0.3809579610824585 0.2623053789138794 
vt 0.37232398986816406 0.23114441335201263 
vt 0.35837680101394653 0.20319469273090363 
vt 0.3398912250995636 0.1798834353685379 
vt 0.3178635239601135 0.16228105127811432 
vt 0.2934005856513977 0.15133902430534363 
vt 0.2674986720085144 0.1475331038236618 
vt 0.1954381763935089 0.1475331038236618 
vt 0.1696469485759735 0.15145796537399292 
vt 0.1451840102672577 0.16228105127811432 
vt 0.12315630167722702 0.1798834353685379 
vt 0.10467074066400528 0.20331361889839172 
vt 0.09083423763513565 0.23126335442066193 
vt 0.08220026642084122 0.2624243199825287 
vt 0.07899019867181778 0.29525038599967957 
vt 0.07899019867181778 0.4479629099369049 
vt 0.08220026642084122 0.4807889759540558 
vt 0.09083423763513565 0.5119499564170837 
vt 0.10467074066400528 0.5398996472358704 
vt 0.12304560840129852 0.5633298754692078 
vt 0.1450733244419098 0.5808132886886597 
vt 0.1696469485759735 0.5917553305625916 
vt 0.1954381763935089 0.5956801772117615 
vt 0.2674986720085144 0.5955612659454346 
vt 0.2932898998260498 0.5916364192962646 
vt 0.3178635239601135 0.5806943774223328 
vt 0.3398912250995636 0.5630919933319092 
vt 0.35837680101394653 0.5397807359695435 
vt 0.37232398986816406 0.5118309855461121 
vt 0.3810686767101288 0.4806700348854065 
vt 0.38416802883148193 0.447843998670578 
vt 0.38416802883148193 0.29525038599967957 
vt 0.6864678859710693 0.7548152208328247 
vt 0.6669861078262329 0.7569560408592224 
vt 0.6911169290542603 0.7665897607803345 
vt 0.6686464548110962 0.768730640411377 
vt 0.6993081569671631 0.7846679091453552 
vt 0.6701961755752563 0.7814566493034363 
vt 0.6432980298995972 0.7681359648704529 
vt 0.6429659128189087 0.7806240916252136 
vt 0.4946386516094208 0.7607619762420654 
vt 0.49563488364219666 0.7492252588272095 
vt 0.4721681773662567 0.7473223209381104 
vt 0.6434087157249451 0.75648033618927 
vt 0.6713030934333801 0.7956099510192871 
vt 0.6983119249343872 0.7945395112037659 
vt 0.7248780131340027 0.7926365733146667 
vt 0.7226641774177551 0.7843111157417297 
vt 0.7502264976501465 0.7897821068763733 
vt 0.7473484873771667 0.7812187671661377 
vt 0.7743573188781738 0.7853814959526062 
vt 0.7708151936531067 0.7766992449760437 
vt 0.7978240251541138 0.7784832715988159 
vt 0.7900756001472473 0.7692063450813293 
vt 0.8051297068595886 0.7959667444229126 
vt 0.7798919677734375 0.8020324110984802 
vt 0.7546541690826416 0.8060762286186218 
vt 0.7283094525337219 0.8088117241859436 
vt 0.7007471323013306 0.8104767799377441 
vt 0.6721886396408081 0.8113093376159668 
vt 0.642633855342865 0.7946584224700928 
vt 0.4936424195766449 0.7731311917304993 
vt 0.46929019689559937 0.7588590383529663 
vt 0.4529077708721161 0.7432785034179688 
vt 0.447151780128479 0.7545773386955261 
vt 0.4665229022502899 0.771347165107727 
vt 0.437189519405365 0.7727743983268738 
vt 0.8108857274055481 0.8152341842651367 
vt 0.492646187543869 0.7872844934463501 
vt 0.6420804262161255 0.8105957508087158 
vt 0.6728527545928955 0.8285549283027649 
vt 0.7026289105415344 0.8277223706245422 
vt 0.7311874628067017 0.8258194327354431 
vt 0.7584176659584045 0.8232028484344482 
vt 0.7845410108566284 0.8197537064552307 
vt 0.8134316205978394 0.8276034593582153 
vt 0.7866441607475281 0.8310525417327881 
vt 0.8145385384559631 0.8423513770103455 
vt 0.7601887583732605 0.8341448903083801 
vt 0.7326264381408691 0.8367614150047302 
vt 0.7036251425743103 0.8386644124984741 
vt 0.673184871673584 0.8396158814430237 
vt 0.6416376233100891 0.8280791640281677 
vt 0.49153926968574524 0.8031028509140015 
vt 0.46408766508102417 0.7853814959526062 
vt 0.4373002052307129 0.7816945314407349 
vt 0.41305863857269287 0.7689684629440308 
vt 0.4112875759601593 0.7771750092506409 
vt 0.3900347054004669 0.7639732360839844 
vt 0.3866032660007477 0.7721797227859497 
vt 0.36822840571403503 0.7582643628120422 
vt 0.36335793137550354 0.7663519382476807 
vt 0.34775036573410034 0.7514850497245789 
vt 0.34166231751441956 0.7595726251602173 
vt 0.35726988315582275 0.7818134427070618 
vt 0.3809579610824585 0.7876412868499756 
vt 0.4064171314239502 0.7927554845809937 
vt 0.43342599272727966 0.7972750067710876 
vt 0.4616524279117584 0.8008430600166321 
vt 0.49032166600227356 0.8204673528671265 
vt 0.6414162516593933 0.839496910572052 
vt 0.671413779258728 0.8528176546096802 
vt 0.7024075388908386 0.8519850969314575 
vt 0.7321836948394775 0.8500821590423584 
vt 0.7604101300239563 0.8474655747413635 
vt 0.7874190211296082 0.8446111679077148 
vt 0.8142064809799194 0.8529365658760071 
vt 0.7871975898742676 0.8546016812324524 
vt 0.7594138979911804 0.8570992946624756 
vt 0.7305232882499695 0.859359085559845 
vt 0.7001937031745911 0.8607863187789917 
vt 0.6689785718917847 0.8612620234489441 
vt 0.6394237875938416 0.8528176546096802 
vt 0.6370992660522461 0.8609052300453186 
vt 0.49010029435157776 0.8453247547149658 
vt 0.49153926968574524 0.8536502122879028 
vt 0.4582209885120392 0.8421134948730469 
vt 0.45977067947387695 0.8507957458496094 
vt 0.4894361197948456 0.8318850994110107 
vt 0.45932790637016296 0.8178507685661316 
vt 0.42988383769989014 0.8140448331832886 
vt 0.4577782154083252 0.8287928104400635 
vt 0.4277806878089905 0.8247489929199219 
vt 0.4275593161582947 0.83806973695755 
vt 0.42877691984176636 0.8469898700714111 
vt 0.39833661913871765 0.8330744504928589 
vt 0.39900076389312744 0.8423513770103455 
vt 0.4018787741661072 0.809287428855896 
vt 0.39933285117149353 0.8198726773262024 
vt 0.3757554590702057 0.8039353489875793 
vt 0.37276676297187805 0.8142827153205872 
vt 0.3708850145339966 0.8272466063499451 
vt 0.3706636130809784 0.8367614150047302 
vt 0.3452044427394867 0.820705235004425 
vt 0.3437654674053192 0.830457866191864 
vt 0.35151389241218567 0.7978696823120117 
vt 0.3350207805633545 0.7750341892242432 
vt 0.3287113606929779 0.7909714579582214 
vt 0.34808245301246643 0.8080980777740479 
vt 0.3250585198402405 0.8010809421539307 
vt 0.32096290588378906 0.8134501576423645 
vt 0.3179742097854614 0.8232028484344482 
vt 0.29705342650413513 0.8058383464813232 
vt 0.2931792140007019 0.8148773908615112 
vt 0.3021452724933624 0.7932312488555908 
vt 0.30635157227516174 0.7826460003852844 
vt 0.3133251667022705 0.766232967376709 
vt 0.3204094469547272 0.7507714033126831 
vt 0.32727235555648804 0.736023485660553 
vt 0.3336924910545349 0.7218702435493469 
vt 0.3536170423030853 0.7288873791694641 
vt 0.3397805392742157 0.7079548239707947 
vt 0.35804471373558044 0.714139461517334 
vt 0.27557918429374695 0.6791725754737854 
vt 0.2690483629703522 0.6927311420440674 
vt 0.2622961401939392 0.7066465616226196 
vt 0.25532254576683044 0.7216323614120483 
vt 0.24801687896251678 0.7376886010169983 
vt 0.24048982560634613 0.7546963095664978 
vt 0.23584075272083282 0.7656382918357849 
vt 0.23097030818462372 0.7787211537361145 
vt 0.22787094116210938 0.7882359623908997 
vt 0.2062859982252121 0.768730640411377 
vt 0.20340800285339355 0.7787211537361145 
vt 0.25952884554862976 0.6695387959480286 
vt 0.2513376474380493 0.6821459531784058 
vt 0.2112671285867691 0.7548152208328247 
vt 0.2164696604013443 0.743635356426239 
vt 0.22532501816749573 0.7261518836021423 
vt 0.23418037593364716 0.7102146148681641 
vt 0.24026843905448914 0.6909471154212952 
vt 0.02209450863301754 0.07141470909118652 
vt 0.01954859122633934 0.050601083785295486 
vt 0.040247995406389236 0.07058216631412506 
vt 0.03814484924077988 0.05416913330554962 
vt 0.04866058751940727 0.05785612016916275 
vt 0.05076373741030693 0.0717715173959732 
vt 0.05585556849837303 0.07260406017303467 
vt 0.05408449470996857 0.061662040650844574 
vt 0.059176329523324966 0.06641943752765656 
vt 0.060726016759872437 0.07450702041387558 
vt 0.06648200005292892 0.0784318745136261 
vt 0.06692476570606232 0.09377449005842209 
vt 0.06150085851550102 0.09317981451749802 
vt 0.06670338660478592 0.11006858199834824 
vt 0.06105809286236763 0.1130419597029686 
vt 0.06426815688610077 0.11851297318935394 
vt 0.05895494297146797 0.12386504560709 
vt 0.05397380515933037 0.1281467080116272 
vt 0.056187644600868225 0.11351770162582397 
vt 0.05640902742743492 0.09270407259464264 
vt 0.05087442696094513 0.09246620535850525 
vt 0.05087442696094513 0.11363663524389267 
vt 0.04866058751940727 0.13135795295238495 
vt 0.03814484924077988 0.13421238958835602 
vt 0.04013730585575104 0.11387450248003006 
vt 0.021873123943805695 0.1107821986079216 
vt 0.022758660838007927 0.09044431149959564 
vt 0.04002661257982254 0.09210939705371857 
vt 0.06437885016202927 0.07248512655496597 
vt 0.019437899813055992 0.13516387343406677 
vt 0.636324405670166 0.7259140014648438 
vt 0.6469508409500122 0.7209187746047974 
vt 0.6338891983032227 0.714139461517334 
vt 0.6455118656158447 0.7089062929153442 
vt 0.623816192150116 0.6977264285087585 
vt 0.6436300873756409 0.6958234310150146 
vt 0.6532602906227112 0.6914228796958923 
vt 0.6553634405136108 0.7037920951843262 
vt 0.6595697402954102 0.7015323638916016 
vt 0.6610087156295776 0.7134258151054382 
vt 0.6658791899681091 0.6984400153160095 
vt 0.6675395369529724 0.7093820571899414 
vt 0.6730741858482361 0.7056950926780701 
vt 0.6719672679901123 0.6955856084823608 
vt 0.6648829579353333 0.6865465044975281 
vt 0.6720779538154602 0.6847624778747559 
vt 0.6803798079490662 0.6815512776374817 
vt 0.6798263788223267 0.6926122307777405 
vt 0.6802691221237183 0.7031974196434021 
vt 0.6952125430107117 0.6896388530731201 
vt 0.6937735676765442 0.7008187174797058 
vt 0.6574665904045105 0.715447723865509 
vt 0.6587948799133301 0.6886873841285706 
vt 0.6964301466941833 0.6784589290618896 
vt 0.711927056312561 0.6792914867401123 
vt 0.7100452780723572 0.6902335286140442 
vt 0.7067245244979858 0.701294481754303 
vt 0.7158012986183167 0.6917796730995178 
vt 0.7120377421379089 0.7027217149734497 
vt 0.7175723314285278 0.7062897682189941 
vt 0.7224428057670593 0.6943962574005127 
vt 0.729084312915802 0.6972506642341614 
vt 0.7325157523155212 0.684524655342102 
vt 0.7259849309921265 0.6825027465820312 
vt 0.7180151343345642 0.6809566020965576 
vt 0.7241031527519226 0.7102146148681641 
vt 0.7277560234069824 0.7123554348945618 
vt 0.7335119843482971 0.6996293663978577 
vt 0.7432528734207153 0.7056950926780701 
vt 0.7476805448532104 0.6928501129150391 
vt 0.7538793087005615 0.7130690217018127 
vt 0.7682693004608154 0.6971317529678345 
vt 0.7382717728614807 0.6874980330467224 
vt 0.7379396557807922 0.7190157771110535 
vt 0.7475698590278625 0.7259140014648438 
vt 0.7707045078277588 0.8785076141357422 
vt 0.7683799862861633 0.8934934139251709 
vt 0.7590818405151367 0.8788644075393677 
vt 0.7567573189735413 0.8939691781997681 
vt 0.7457988262176514 0.8945638537406921 
vt 0.7449132800102234 0.9102632403373718 
vt 0.74247807264328 0.8949206471443176 
vt 0.7442491054534912 0.884335458278656 
vt 0.7477912306785583 0.8823135495185852 
vt 0.7674944400787354 0.909430742263794 
vt 0.7558717727661133 0.9099064469337463 
vt 0.7683799862861633 0.9263194799423218 
vt 0.7566466331481934 0.926795244216919 
vt 0.7707045078277588 0.9438029527664185 
vt 0.7590818405151367 0.9443976283073425 
vt 0.7477912306785583 0.9416621327400208 
vt 0.7456881403923035 0.9269141554832458 
vt 0.74247807264328 0.926795244216919 
vt 0.741592526435852 0.9103822112083435 
vt 0.7442491054534912 0.9398781061172485 
vt 0.7382717728614807 0.9352396130561829 
vt 0.7368327379226685 0.9253680109977722 
vt 0.7360579371452332 0.9105011224746704 
vt 0.7368327379226685 0.8963478803634644 
vt 0.7382717728614807 0.88885498046875 
vt 0.7332906126976013 0.8931366205215454 
vt 0.7305232882499695 0.8977751135826111 
vt 0.7298591732978821 0.9105011224746704 
vt 0.7304126024246216 0.9239407777786255 
vt 0.7335119843482971 0.9307200908660889 
vt 0.41283726692199707 0.44487062096595764 
vt 0.42534545063972473 0.29798588156700134 
vt 0.4117303490638733 0.29774802923202515 
vt 0.4263416826725006 0.2669438421726227 
vt 0.4263416826725006 0.44451379776000977 
vt 0.41427627205848694 0.4767451882362366 
vt 0.4276700019836426 0.4755558371543884 
vt 0.41792911291122437 0.5076683163642883 
vt 0.4311014413833618 0.505408525466919 
vt 0.42390647530555725 0.5369263291358948 
vt 0.4366360604763031 0.5335960984230042 
vt 0.4318763017654419 0.5639245510101318 
vt 0.44416311383247375 0.5594050288200378 
vt 0.4418385624885559 0.5886630415916443 
vt 0.4535719156265259 0.5829541683197021 
vt 0.45379331707954407 0.6109038591384888 
vt 0.46475180983543396 0.6041245460510254 
vt 0.4675191044807434 0.6306470632553101 
vt 0.4778134822845459 0.6231541633605957 
vt 0.5084751844406128 0.6819080710411072 
vt 0.5179946422576904 0.6735826134681702 
vt 0.5246362090110779 0.6996293663978577 
vt 0.5337129235267639 0.6904714107513428 
vt 0.5430110692977905 0.7158045172691345 
vt 0.5515343546867371 0.706408679485321 
vt 0.5386940836906433 0.7207998037338257 
vt 0.5198764204978943 0.7045057415962219 
vt 0.5034940242767334 0.6863086819648743 
vt 0.4620952010154724 0.63457190990448 
vt 0.5351518988609314 0.7247246503829956 
vt 0.5158914923667908 0.7084305882453918 
vt 0.4996197819709778 0.6901145577430725 
vt 0.4575568437576294 0.6374263763427734 
vt 0.448037326335907 0.6144719123840332 
vt 0.4432775676250458 0.6174452900886536 
vt 0.4357505142688751 0.5918742418289185 
vt 0.4312121272087097 0.5949665904045105 
vt 0.4255668520927429 0.5667789578437805 
vt 0.4211391806602478 0.5698713064193726 
vt 0.4173756539821625 0.5393049716949463 
vt 0.41294795274734497 0.5422783493995667 
vt 0.4112875759601593 0.5095712542533875 
vt 0.4069705903530121 0.5123067498207092 
vt 0.4074133634567261 0.478053480386734 
vt 0.40309637784957886 0.4804321825504303 
vt 0.4059743583202362 0.4458220899105072 
vt 0.4017680585384369 0.4476061165332794 
vt 0.4049781262874603 0.2970344126224518 
vt 0.4006611406803131 0.29525038599967957 
vt 0.4059743583202362 0.2645651400089264 
vt 0.401657372713089 0.2623053789138794 
vt 0.40940582752227783 0.23304738104343414 
vt 0.4049781262874603 0.23043081164360046 
vt 0.41516178846359253 0.20331361889839172 
vt 0.4106234312057495 0.20034025609493256 
vt 0.4230209290981293 0.1757207065820694 
vt 0.41848257184028625 0.17262838780879974 
vt 0.4328725337982178 0.15122009813785553 
vt 0.42855551838874817 0.1478899121284485 
vt 0.43873921036720276 0.154312402009964 
vt 0.42933037877082825 0.17845621705055237 
vt 0.4216926395893097 0.20557339489459991 
vt 0.4161580204963684 0.23495033383369446 
vt 0.41283726692199707 0.2659923732280731 
vt 0.42933037877082825 0.23697222769260406 
vt 0.43453291058540344 0.20878463983535767 
vt 0.4416171908378601 0.18273787200450897 
vt 0.45047253370285034 0.15906980633735657 
vt 0.5497632622718811 0.8741070032119751 
vt 0.5533053874969482 0.8862383961677551 
vt 0.5301707983016968 0.8743448853492737 
vt 0.5308349132537842 0.886357307434082 
vt 0.5068147778511047 0.8718472719192505 
vt 0.5055971741676331 0.8832650184631348 
vt 0.360701322555542 0.851033627986908 
vt 0.3587088882923126 0.8624513745307922 
vt 0.33767738938331604 0.8469898700714111 
vt 0.3338031768798828 0.8582886457443237 
vt 0.3189704418182373 0.8412809371948242 
vt 0.31210753321647644 0.8519850969314575 
vt 0.3299289643764496 0.8704200387001038 
vt 0.30081695318222046 0.8669708967208862 
vt 0.5610538721084595 0.8976561427116394 
vt 0.5311670303344727 0.8990833759307861 
vt 0.5042688846588135 0.8957532048225403 
vt 0.35660573840141296 0.8747016787528992 
vt 0.3543919026851654 0.8884981870651245 
vt 0.32616543769836426 0.8840975761413574 
vt 0.29993143677711487 0.8779129385948181 
vt 0.2775716483592987 0.8610242009162903 
vt 0.27447226643562317 0.8711336255073547 
vt 0.25565463304519653 0.8540070056915283 
vt 0.25034141540527344 0.863878607749939 
vt 0.23484453558921814 0.8463951945304871 
vt 0.22787094116210938 0.8559099435806274 
vt 0.21547342836856842 0.8379507660865784 
vt 0.2069501429796219 0.8472276926040649 
vt 0.19488471746444702 0.8226081728935242 
vt 0.20252247154712677 0.8090496063232422 
vt 0.2216721773147583 0.8179696798324585 
vt 0.20982813835144043 0.7958477735519409 
vt 0.22742816805839539 0.8036975264549255 
vt 0.1490582376718521 0.7611187696456909 
vt 0.14086702466011047 0.7737258672714233 
vt 0.1347789615392685 0.7491063475608826 
vt 0.12348838150501251 0.7602862119674683 
vt 0.13289719820022583 0.7870466113090515 
vt 0.1085449606180191 0.7775318026542664 
vt 0.1244846060872078 0.8014377355575562 
vt 0.10422797501087189 0.7883548736572266 
vt 0.18658281862735748 0.8365235924720764 
vt 0.19898033142089844 0.8619756698608398 
vt 0.17817023396492004 0.8512715101242065 
vt 0.11573994159698486 0.8167803287506104 
vt 0.09415499866008759 0.803459644317627 
vt 0.10677389055490494 0.8331933617591858 
vt 0.08386064320802689 0.8199915885925293 
vt 0.5024977922439575 0.9096685647964478 
vt 0.5308349132537842 0.9132366180419922 
vt 0.1696469485759735 0.8669708967208862 
vt 0.1912318766117096 0.8771993517875671 
vt 0.21314890682697296 0.8861194849014282 
vt 0.22034387290477753 0.8707768321037292 
vt 0.24336782097816467 0.8787454962730408 
vt 0.2681628167629242 0.8861194849014282 
vt 0.2946182191371918 0.8930177092552185 
vt 0.32229122519493103 0.899202287197113 
vt 0.35184597969055176 0.9041975736618042 
vt 0.5006160140037537 0.9253680109977722 
vt 0.5302814841270447 0.9289360642433167 
vt 0.558729350566864 0.9307200908660889 
vt 0.557843804359436 0.9146638512611389 
vt 0.5842991471290588 0.915258526802063 
vt 0.5838564038276672 0.8982508182525635 
vt 0.6096476316452026 0.9146638512611389 
vt 0.6056627035140991 0.8974182605743408 
vt 0.6341105699539185 0.9125230312347412 
vt 0.6264728307723999 0.8950395584106445 
vt 0.6579093337059021 0.9080035090446472 
vt 0.6461759805679321 0.8906390070915222 
vt 0.6634439826011658 0.9259626865386963 
vt 0.6379848122596741 0.9295307397842407 
vt 0.6126363277435303 0.9311957955360413 
vt 0.5862916111946106 0.9314336776733398 
vt 0.5875092148780823 0.9486792683601379 
vt 0.5590614080429077 0.9478467106819153 
vt 0.5293959379196167 0.9459437727928162 
vt 0.498512864112854 0.9427325129508972 
vt 0.348967969417572 0.9213241934776306 
vt 0.3184169828891754 0.9158532023429871 
vt 0.2895263731479645 0.9093117713928223 
vt 0.2621854543685913 0.9021756649017334 
vt 0.2367262989282608 0.8944448828697205 
vt 0.23274138569831848 0.9044354557991028 
vt 0.20894260704517365 0.8959910869598389 
vt 0.18669351935386658 0.8869519829750061 
vt 0.1646658033132553 0.8770803809165955 
vt 0.10123928636312485 0.8435407280921936 
vt 0.0777725875377655 0.8306957483291626 
vt 0.09526191651821136 0.856147825717926 
vt 0.07157383114099503 0.8440164923667908 
vt 0.09116631746292114 0.8653058409690857 
vt 0.0678103044629097 0.8536502122879028 
vt 0.6674288511276245 0.945468008518219 
vt 0.15370729565620422 0.8976561427116394 
vt 0.15835635364055634 0.8890928626060486 
vt 0.17761677503585815 0.9082413911819458 
vt 0.18138030171394348 0.8989644646644592 
vt 0.20252247154712677 0.9177561402320862 
vt 0.20484699308872223 0.9083603024482727 
vt 0.22864578664302826 0.9265573620796204 
vt 0.22975270450115204 0.9171615242958069 
vt 0.2562080919742584 0.9346449375152588 
vt 0.2565401494503021 0.9253680109977722 
vt 0.28543078899383545 0.9420189261436462 
vt 0.2586432993412018 0.9124041199684143 
vt 0.28642699122428894 0.9198970198631287 
vt 0.31598177552223206 0.9266762733459473 
vt 0.34697553515434265 0.9325041174888611 
vt 0.4972952604293823 0.9540313482284546 
vt 0.5287317633628845 0.957004725933075 
vt 0.5590614080429077 0.9589076638221741 
vt 0.5880627036094666 0.9596213102340698 
vt 0.61551433801651 0.9595023393630981 
vt 0.6147394776344299 0.948560357093811 
vt 0.640862762928009 0.9474899172782898 
vt 0.6687572002410889 0.9578372836112976 
vt 0.6419696807861328 0.9587887525558472 
vt 0.6685357689857483 0.9727041125297546 
vt 0.6415269374847412 0.9723473191261292 
vt 0.6673181653022766 0.9830514788627625 
vt 0.6403093338012695 0.9822189211845398 
vt 0.6145181059837341 0.9727041125297546 
vt 0.5862916111946106 0.9727041125297546 
vt 0.6126363277435303 0.9822189211845398 
vt 0.5838564038276672 0.9817432165145874 
vt 0.5566262006759644 0.9718716144561768 
vt 0.5537481904029846 0.9804348945617676 
vt 0.5257431268692017 0.9699686169624329 
vt 0.5226437449455261 0.978175163269043 
vt 0.4940851926803589 0.9671142101287842 
vt 0.49098581075668335 0.9748449921607971 
vt 0.34653276205062866 0.9460626840591431 
vt 0.315206915140152 0.9398781061172485 
vt 0.34719690680503845 0.9543881416320801 
vt 0.31587108969688416 0.9486792683601379 
vt 0.28509870171546936 0.9330987930297852 
vt 0.7232176065444946 0.9443976283073425 
vt 0.7115949988365173 0.9440407752990723 
vt 0.7207823991775513 0.9292928576469421 
vt 0.7091597318649292 0.9289360642433167 
vt 0.7200075387954712 0.9133555889129639 
vt 0.708274245262146 0.9129987955093384 
vt 0.7207823991775513 0.8965857625007629 
vt 0.700304388999939 0.9405916929244995 
vt 0.6982012391090393 0.9283413887023926 
vt 0.6966515779495239 0.9385697841644287 
vt 0.694880485534668 0.9279845952987671 
vt 0.6906741857528687 0.9339313507080078 
vt 0.6893458962440491 0.9265573620796204 
vt 0.6858037114143372 0.9297686219215393 
vt 0.6829257607460022 0.9251301288604736 
vt 0.6884603500366211 0.9124041199684143 
vt 0.68226158618927 0.9124041199684143 
vt 0.6973156929016113 0.9125230312347412 
vt 0.7091597318649292 0.8961099982261658 
vt 0.7115949988365173 0.8785076141357422 
vt 0.7232176065444946 0.8789833784103394 
vt 0.6941056251525879 0.9125230312347412 
vt 0.6982012391090393 0.8959910869598389 
vt 0.694880485534668 0.8961099982261658 
vt 0.6892352104187012 0.8974182605743408 
vt 0.700304388999939 0.881243109703064 
vt 0.6967622637748718 0.8830271363258362 
vt 0.6907848715782166 0.8876656293869019 
vt 0.6859144568443298 0.8920661807060242 
vt 0.6829257607460022 0.8989644646644592 
vt 0.5596148371696472 0.09900762885808945 
vt 0.5630463361740112 0.11185260862112045 
vt 0.5537481904029846 0.10198100656270981 
vt 0.5585079193115234 0.11423131078481674 
vt 0.567916750907898 0.12481652200222015 
vt 0.5643746256828308 0.12695735692977905 
vt 0.5541909337043762 0.13349877297878265 
vt 0.5488777160644531 0.12029699236154556 
vt 0.5443393588066101 0.10745201259851456 
vt 0.5316097736358643 0.11565852910280228 
vt 0.5382512807846069 0.12755203247070312 
vt 0.5445607304573059 0.14051593840122223 
vt 0.566145658493042 0.09710466861724854 
vt 0.569577157497406 0.10887923836708069 
vt 0.5763293504714966 0.10626266151666641 
vt 0.5800929069519043 0.1172046884894371 
vt 0.5854061245918274 0.11577746272087097 
vt 0.582196056842804 0.10471650958061218 
vt 0.574115514755249 0.09543958306312561 
vt 0.5802035927772522 0.09377449005842209 
vt 0.5969180464744568 0.10412183403968811 
vt 0.5957004427909851 0.09294194728136063 
vt 0.6123042702674866 0.10709521174430847 
vt 0.6117507815361023 0.09615319222211838 
vt 0.6201633810997009 0.11006858199834824 
vt 0.620052695274353 0.09924550354480743 
vt 0.62724769115448 0.10114845633506775 
vt 0.6262514591217041 0.1129230260848999 
vt 0.6333357095718384 0.10328929126262665 
vt 0.5745582580566406 0.12077273428440094 
vt 0.598357081413269 0.11530172824859619 
vt 0.6118614673614502 0.11779935657978058 
vt 0.6190564632415771 0.12017805874347687 
vt 0.624591052532196 0.12386504560709 
vt 0.6325609087944031 0.11601533740758896 
vt 0.6311218738555908 0.1280277669429779 
vt 0.6366564631462097 0.11827509850263596 
vt 0.6345533728599548 0.12993073463439941 
vt 0.6465080976486206 0.12338930368423462 
vt 0.6485005617141724 0.11030645668506622 
vt 0.662337064743042 0.11613427102565765 
vt 0.6582414507865906 0.12862244248390198 
vt 0.6450690627098083 0.13540174067020416 
vt 0.6558061838150024 0.14051593840122223 
vt 0.638870358467102 0.10590586066246033 
vt 0.11496509611606598 0.06891707330942154 
vt 0.10965187847614288 0.06368393450975418 
vt 0.11740031838417053 0.07748039811849594 
vt 0.11175502836704254 0.07450702041387558 
vt 0.11762170493602753 0.09377449005842209 
vt 0.11219779402017593 0.09436916559934616 
vt 0.11142294853925705 0.1130419597029686 
vt 0.11717893928289413 0.10899817198514938 
vt 0.10987326502799988 0.12101060152053833 
vt 0.11507578939199448 0.11494491994380951 
vt 0.10478143393993378 0.1257680058479309 
vt 0.10655250400304794 0.11482598632574081 
vt 0.09935752302408218 0.12957392632961273 
vt 0.10146067291498184 0.11565852910280228 
vt 0.08884178102016449 0.13326090574264526 
vt 0.09094493091106415 0.11696681380271912 
vt 0.07356628775596619 0.13421238958835602 
vt 0.07589081674814224 0.11553959548473358 
vt 0.09072354435920715 0.09543958306312561 
vt 0.07655496895313263 0.09591531753540039 
vt 0.07578013092279434 0.07510169595479965 
vt 0.09083423763513565 0.07367447763681412 
vt 0.07356628775596619 0.05333659052848816 
vt 0.08884178102016449 0.053217653185129166 
vt 0.09924682974815369 0.05619103088974953 
vt 0.10157136619091034 0.07379341125488281 
vt 0.10688457638025284 0.07391234487295151 
vt 0.10456004738807678 0.05940227583050728 
vt 0.10157136619091034 0.09496384114027023 
vt 0.10710596293210983 0.09472596645355225 
vt 0.5220902562141418 0.5928257703781128 
vt 0.5114638209342957 0.59984290599823 
vt 0.5099141597747803 0.5732014775276184 
vt 0.4986235797405243 0.5795050263404846 
vt 0.4996197819709778 0.5516742467880249 
vt 0.487665057182312 0.556788444519043 
vt 0.49120721220970154 0.5277683138847351 
vt 0.4786989986896515 0.531693160533905 
vt 0.48489776253700256 0.501483678817749 
vt 0.4719468057155609 0.5043380856513977 
vt 0.48058077692985535 0.47317713499069214 
vt 0.4672977328300476 0.47484222054481506 
vt 0.4783669412136078 0.44320550560951233 
vt 0.46486249566078186 0.4438001811504364 
vt 0.4783669412136078 0.41204455494880676 
vt 0.46486249566078186 0.41192561388015747 
vt 0.4836801588535309 0.26575449109077454 
vt 0.47017571330070496 0.26492196321487427 
vt 0.48600468039512634 0.23471246659755707 
vt 0.4726109504699707 0.23316630721092224 
vt 0.49032166600227356 0.20485977828502655 
vt 0.477260023355484 0.20224320888519287 
vt 0.49674180150032043 0.17691005766391754 
vt 0.4840122163295746 0.17322306334972382 
vt 0.5050436854362488 0.15122009813785553 
vt 0.4928675889968872 0.14646269381046295 
vt 0.5148953199386597 0.1280277669429779 
vt 0.5033833384513855 0.12267569452524185 
vt 0.48666882514953613 0.1433703899383545 
vt 0.4976273477077484 0.1193455159664154 
vt 0.482241153717041 0.14015914499759674 
vt 0.4934210479259491 0.11589639633893967 
vt 0.4732750952243805 0.16751419007778168 
vt 0.4775920808315277 0.17060649394989014 
vt 0.47061848640441895 0.20010237395763397 
vt 0.46585872769355774 0.23150122165679932 
vt 0.4634235203266144 0.2638515532016754 
vt 0.4579996168613434 0.41252028942108154 
vt 0.46630150079727173 0.1973668783903122 
vt 0.4615417420864105 0.22900357842445374 
vt 0.45921722054481506 0.2618296444416046 
vt 0.4536826014518738 0.4140664339065552 
vt 0.4535719156265259 0.44701144099235535 
vt 0.4579996168613434 0.44487062096595764 
vt 0.4560071527957916 0.47900494933128357 
vt 0.46054551005363464 0.476507306098938 
vt 0.46541595458984375 0.5064789652824402 
vt 0.4723895788192749 0.5343097448348999 
vt 0.4677405059337616 0.5371641516685486 
vt 0.4767065644264221 0.5626162886619568 
vt 0.48146629333496094 0.5597618222236633 
vt 0.492646187543869 0.5828351974487305 
vt 0.46076691150665283 0.509214460849762 
vt 0.4877757430076599 0.5856896638870239 
vt 0.5011695027351379 0.6061464548110962 
vt 0.5058185458183289 0.6035298705101013 
vt 0.5410186052322388 0.6607376337051392 
vt 0.5450035333633423 0.6570506691932678 
vt 0.5565154552459717 0.6796482801437378 
vt 0.5500953197479248 0.6528879404067993 
vt 0.5600576400756836 0.6450381875038147 
vt 0.5655922293663025 0.6713228225708008 
vt 0.575001060962677 0.6625216603279114 
vt 0.5831922292709351 0.6882116198539734 
vt 0.592158317565918 0.6791725754737854 
vt 0.578653872013092 0.692969024181366 
vt 0.5605003833770752 0.6758424043655396 
vt 0.5748903751373291 0.696774959564209 
vt 0.12149592489004135 0.05131469666957855 
vt 0.1395387202501297 0.05416913330554962 
vt 0.1239311471581459 0.07141470909118652 
vt 0.14164187014102936 0.07058216631412506 
vt 0.12470599263906479 0.09080111235380173 
vt 0.14142048358917236 0.09210939705371857 
vt 0.12382045388221741 0.11137686669826508 
vt 0.14153116941452026 0.11387450248003006 
vt 0.12149592489004135 0.1348070651292801 
vt 0.1395387202501297 0.13421238958835602 
vt 0.1500544548034668 0.05749931558966637 
vt 0.15215760469436646 0.0717715173959732 
vt 0.15226830542087555 0.09246620535850525 
vt 0.1553676724433899 0.06082949414849281 
vt 0.15724943578243256 0.07260406017303467 
vt 0.160459503531456 0.0653490275144577 
vt 0.16211989521980286 0.07450702041387558 
vt 0.1656620353460312 0.07105790823698044 
vt 0.16787587106227875 0.0783129408955574 
vt 0.16289472579956055 0.09306088089942932 
vt 0.16831864416599274 0.0936555564403534 
vt 0.15769220888614655 0.09270407259464264 
vt 0.15226830542087555 0.11363663524389267 
vt 0.15758152306079865 0.11351770162582397 
vt 0.1500544548034668 0.13123901188373566 
vt 0.16245196759700775 0.1129230260848999 
vt 0.155256986618042 0.1280277669429779 
vt 0.160459503531456 0.1237461119890213 
vt 0.16809725761413574 0.10994964838027954 
vt 0.1656620353460312 0.11839403212070465 
vt 0.8183020353317261 0.9439218640327454 
vt 0.8065687417984009 0.9443976283073425 
vt 0.8158668279647827 0.9263194799423218 
vt 0.8042441606521606 0.926795244216919 
vt 0.8150919675827026 0.909430742263794 
vt 0.8033586144447327 0.9099064469337463 
vt 0.8158668279647827 0.8934934139251709 
vt 0.8042441606521606 0.8939691781997681 
vt 0.8183020353317261 0.8785076141357422 
vt 0.8065687417984009 0.8788644075393677 
vt 0.7952781319618225 0.9416621327400208 
vt 0.7931749820709229 0.9269141554832458 
vt 0.7924001216888428 0.9102632403373718 
vt 0.7918466925621033 0.9397591352462769 
vt 0.7899649143218994 0.926795244216919 
vt 0.7857586145401001 0.935120701789856 
vt 0.7843196392059326 0.9253680109977722 
vt 0.7809988856315613 0.9307200908660889 
vt 0.7780101895332336 0.9239407777786255 
vt 0.7835447788238525 0.9103822112083435 
vt 0.7773460149765015 0.9103822112083435 
vt 0.7891900539398193 0.9103822112083435 
vt 0.7931749820709229 0.8945638537406921 
vt 0.7899649143218994 0.8949206471443176 
vt 0.7952781319618225 0.8819567561149597 
vt 0.7843196392059326 0.8963478803634644 
vt 0.7918466925621033 0.8837407827377319 
vt 0.785869300365448 0.8879035115242004 
vt 0.7780101895332336 0.8976561427116394 
vt 0.7809988856315613 0.8918283581733704 
vt 0.1085449606180191 0.7775318026542664 
vt 0.10035375505685806 0.7580264806747437 
vt 0.12348838150501251 0.7602862119674683 
vt 0.11286194622516632 0.7506524920463562 
vt 0.1347789615392685 0.7491063475608826 
vt 0.12503807246685028 0.7416134476661682 
vt 0.10411728173494339 0.7422081232070923 
vt 0.11573994159698486 0.7331690788269043 
vt 0.10079652070999146 0.7386400699615479 
vt 0.11275125294923782 0.7303146123886108 
vt 0.09625814855098724 0.7326933145523071 
vt 0.10710596293210983 0.7247246503829956 
vt 0.09260531514883041 0.7497010231018066 
vt 0.0883990153670311 0.7448247075080872 
vt 0.08485687524080276 0.7387589812278748 
vt 0.08153611421585083 0.7313850522041321 
vt 0.09227323532104492 0.7267465591430664 
vt 0.0885097086429596 0.719967246055603 
vt 0.09913613647222519 0.7140204906463623 
vt 0.09570468962192535 0.7008187174797058 
vt 0.08452479541301727 0.7047435641288757 
vt 0.077661894261837 0.7242489457130432 
vt 0.07334490120410919 0.7085494995117188 
vt 0.08408202975988388 0.6883305311203003 
vt 0.0729021355509758 0.6914228796958923 
vt 0.10245689749717712 0.7200862169265747 
vt 0.09515123069286346 0.6864275932312012 
vt 0.09636884182691574 0.6770317554473877 
vt 0.08574240654706955 0.6779832243919373 
vt 0.07467320561408997 0.6804808378219604 
vt 0.08729209750890732 0.6714417934417725 
vt 0.07511597871780396 0.6732258200645447 
vt 0.07589081674814224 0.666565477848053 
vt 0.08917386084794998 0.6645435690879822 
vt 0.09050216525793076 0.660261869430542 
vt 0.10289967060089111 0.6599050760269165 
vt 0.10157136619091034 0.6635921001434326 
vt 0.0988040640950203 0.671085000038147 
vt 0.07744050770998001 0.6607376337051392 
vt 0.07987572997808456 0.6500334739685059 
vt 0.0937122330069542 0.6489630937576294 
vt 0.09681160748004913 0.6359991431236267 
vt 0.10943049937486649 0.6361181139945984 
vt 0.10633111745119095 0.6481305360794067 
vt 0.07854742556810379 0.6295766830444336 
vt 0.6419696807861328 0.6078115701675415 
vt 0.6515998840332031 0.6147097945213318 
vt 0.6356602907180786 0.6206565499305725 
vt 0.6461759805679321 0.62803053855896 
vt 0.6231520771980286 0.6355234384536743 
vt 0.6416376233100891 0.640875518321991 
vt 0.6558061838150024 0.6340962052345276 
vt 0.6510464549064636 0.6463465094566345 
vt 0.6599017977714539 0.6364749073982239 
vt 0.6564703583717346 0.6492009162902832 
vt 0.6664326190948486 0.6393293142318726 
vt 0.6628904938697815 0.6511039137840271 
vt 0.6615622043609619 0.6213701367378235 
vt 0.6649936437606812 0.6235109567642212 
vt 0.6713030934333801 0.6274358630180359 
vt 0.6766163110733032 0.6308849453926086 
vt 0.6726313829421997 0.6418269872665405 
vt 0.6830364465713501 0.6326689720153809 
vt 0.6797156929969788 0.6437299251556396 
vt 0.6959874033927917 0.6330257654190063 
vt 0.6945484280586243 0.6442056894302368 
vt 0.6778339147567749 0.6546719670295715 
vt 0.6933308243751526 0.6553855538368225 
vt 0.7100452780723572 0.6412323117256165 
vt 0.7094918489456177 0.6522932648658752 
vt 0.6705282330513 0.6525311470031738 
vt 0.7094918489456177 0.6305281519889832 
vt 0.7166867852210999 0.6281494498252869 
vt 0.7177937030792236 0.6382589340209961 
vt 0.7221106886863708 0.6244624853134155 
vt 0.7238817811012268 0.6354044675827026 
vt 0.7287522554397583 0.620299756526947 
vt 0.7301912307739258 0.6321932077407837 
vt 0.7248780131340027 0.6471790671348572 
vt 0.7310767769813538 0.6450381875038147 
vt 0.7342868447303772 0.630052387714386 
vt 0.7365006804466248 0.6423026919364929 
vt 0.7176830172538757 0.6490820050239563 
vt 0.7321836948394775 0.6183967590332031 
vt 0.7426994442939758 0.6128068566322327 
vt 0.7442491054534912 0.6249381899833679 
vt 0.7534365653991699 0.6078115701675415 
vt 0.7558717727661133 0.6195861101150513 
vt 0.7461308836936951 0.6379021406173706 
vt 0.7645057439804077 0.6350476741790771 
vt 0.8633537292480469 0.8965857625007629 
vt 0.8517310619354248 0.8961099982261658 
vt 0.8657889366149902 0.8789833784103394 
vt 0.8541662693023682 0.8785076141357422 
vt 0.8406618237495422 0.8959910869598389 
vt 0.8427649736404419 0.8807674050331116 
vt 0.8374517560005188 0.8961099982261658 
vt 0.8394442200660706 0.8823135495185852 
vt 0.831806480884552 0.8975372314453125 
vt 0.8333562016487122 0.8865951895713806 
vt 0.825497031211853 0.8988454937934875 
vt 0.8287070989608765 0.8906390070915222 
vt 0.8248329162597656 0.9124041199684143 
vt 0.8310316205024719 0.9124041199684143 
vt 0.8285964131355286 0.9309579730033875 
vt 0.825497031211853 0.9251301288604736 
vt 0.8333562016487122 0.9348828196525574 
vt 0.831806480884552 0.9265573620796204 
vt 0.8374517560005188 0.9279845952987671 
vt 0.8393335342407227 0.9391644597053528 
vt 0.8427649736404419 0.940948486328125 
vt 0.8406618237495422 0.9282224774360657 
vt 0.8517310619354248 0.9289360642433167 
vt 0.8509562015533447 0.9129987955093384 
vt 0.8634644150733948 0.9292928576469421 
vt 0.8625788688659668 0.9133555889129639 
vt 0.8398870229721069 0.9125230312347412 
vt 0.8366769552230835 0.9125230312347412 
vt 0.8541662693023682 0.9440407752990723 
vt 0.8657889366149902 0.9443976283073425 
vt 0.17186078429222107 0.05226617678999901 
vt 0.17241424322128296 0.07355553656816483 
vt 0.1910105049610138 0.052979785948991776 
vt 0.19222810864448547 0.07343660295009613 
vt 0.201415553689003 0.055596355348825455 
vt 0.20307593047618866 0.07367447763681412 
vt 0.2065073847770691 0.05833185836672783 
vt 0.17296770215034485 0.09686680138111115 
vt 0.19211742281913757 0.09532064199447632 
vt 0.19211742281913757 0.11684788018465042 
vt 0.17241424322128296 0.11886977404356003 
vt 0.1907891184091568 0.13326090574264526 
vt 0.17152871191501617 0.13623428344726562 
vt 0.20274385809898376 0.11565852910280228 
vt 0.2010834664106369 0.12969286739826202 
vt 0.2062859982252121 0.12648160755634308 
vt 0.20783568918704987 0.11482598632574081 
vt 0.21270613372325897 0.1129230260848999 
vt 0.21359166502952576 0.09425023198127747 
vt 0.21890488266944885 0.10899817198514938 
vt 0.21945834159851074 0.0936555564403534 
vt 0.21923695504665375 0.07736145704984665 
vt 0.21325959265232086 0.07438808679580688 
vt 0.2166910469532013 0.06713304668664932 
vt 0.2115992158651352 0.062256716191768646 
vt 0.20827844738960266 0.07391234487295151 
vt 0.20296522974967957 0.09484490752220154 
vt 0.20838914811611176 0.09460703283548355 
vt 0.2114885151386261 0.12196208536624908 
vt 0.2166910469532013 0.11625320464372635 
vt 0.9101763963699341 0.21806156635284424 
vt 0.9208028316497803 0.36934688687324524 
vt 0.9070770740509033 0.21853730082511902 
vt 0.914604127407074 0.36982262134552 
vt 0.9066342711448669 0.18785206973552704 
vt 0.9239022135734558 0.36910900473594666 
vt 0.9226846098899841 0.39943742752075195 
vt 0.9257839918136597 0.39955636858940125 
vt 0.9230166673660278 0.4279818534851074 
vt 0.9261160492897034 0.4284575879573822 
vt 0.9216883778572083 0.45545583963394165 
vt 0.9247877597808838 0.4562883675098419 
vt 0.9186996817588806 0.48150259256362915 
vt 0.9217990636825562 0.4824540615081787 
vt 0.9141613245010376 0.5058842897415161 
vt 0.9172607064247131 0.5070736408233643 
vt 0.9078518748283386 0.5286008715629578 
vt 0.9109512567520142 0.5299091339111328 
vt 0.8996607065200806 0.5508416891098022 
vt 0.9026493430137634 0.5521499514579773 
vt 0.8715448975563049 0.6155423521995544 
vt 0.8746442794799805 0.6168506145477295 
vt 0.8608077764511108 0.6367127895355225 
vt 0.8639071583747864 0.6381399631500244 
vt 0.8485209941864014 0.6569316983222961 
vt 0.851509690284729 0.6583589315414429 
vt 0.8340203166007996 0.6767938733100891 
vt 0.8367876410484314 0.6784589290618896 
vt 0.8290392160415649 0.6732258200645447 
vt 0.8433184623718262 0.6534826159477234 
vt 0.8165310025215149 0.6645435690879822 
vt 0.8305888772010803 0.645395040512085 
vt 0.8020303249359131 0.6546719670295715 
vt 0.8159775137901306 0.6363559365272522 
vt 0.7891900539398193 0.645989716053009 
vt 0.803026556968689 0.6285062432289124 
vt 0.7784529328346252 0.6389725208282471 
vt 0.7919573783874512 0.6219648122787476 
vt 0.8142064809799194 0.6106659770011902 
vt 0.8029158711433411 0.604362428188324 
vt 0.8274894952774048 0.6180399656295776 
vt 0.8424329161643982 0.6263654232025146 
vt 0.8554945588111877 0.6337394118309021 
vt 0.866010308265686 0.6128068566322327 
vt 0.8525058627128601 0.6061464548110962 
vt 0.8371196985244751 0.5984156727790833 
vt 0.8236152529716492 0.591517448425293 
vt 0.8121033310890198 0.5854517817497253 
vt 0.8494065403938293 0.5321689248085022 
vt 0.837230384349823 0.527887225151062 
vt 0.8637964725494385 0.5374020338058472 
vt 0.8798468112945557 0.5433487892150879 
vt 0.8939046859741211 0.5485819578170776 
vt 0.901985228061676 0.5268168449401855 
vt 0.8878166675567627 0.5221783518791199 
vt 0.8716555833816528 0.5169452428817749 
vt 0.8571549654006958 0.5123067498207092 
vt 0.8448681235313416 0.5082629919052124 
vt 0.8626895546913147 0.49196887016296387 
vt 0.8504027724266052 0.48816296458244324 
vt 0.8771902322769165 0.49625054001808167 
vt 0.8935726284980774 0.5007700324058533 
vt 0.9080732464790344 0.5044570565223694 
vt 0.9126116633415222 0.4805511236190796 
vt 0.8977789282798767 0.4778155982494354 
vt 0.8811751008033752 0.4740096926689148 
vt 0.8665637969970703 0.4702037572860718 
vt 0.8542769551277161 0.46663570404052734 
vt 0.8688883185386658 0.44689249992370605 
vt 0.8566014766693115 0.4436812698841095 
vt 0.8836103677749634 0.450103759765625 
vt 0.9004355072975159 0.45307713747024536 
vt 0.9154896140098572 0.4549800753593445 
vt 0.9168179631233215 0.42786291241645813 
vt 0.9015424251556396 0.4267925024032593 
vt 0.8844958543777466 0.4247705936431885 
vt 0.8696631789207458 0.4220350980758667 
vt 0.8574870228767395 0.4194185137748718 
vt 0.8689990043640137 0.3963451385498047 
vt 0.85693359375 0.3943232297897339 
vt 0.8839424252510071 0.3981291651725769 
vt 0.901210367679596 0.39943742752075195 
vt 0.9164858460426331 0.39955636858940125 
vt 0.8993285894393921 0.3701794445514679 
vt 0.8819499611854553 0.3699415624141693 
vt 0.8670065402984619 0.36887115240097046 
vt 0.8549411296844482 0.367562860250473 
vt 0.8542769551277161 0.22864678502082825 
vt 0.842654287815094 0.2320958971977234 
vt 0.8688883185386658 0.22495979070663452 
vt 0.8858242034912109 0.22151067852973938 
vt 0.9008783102035522 0.2191319763660431 
vt 0.9035348892211914 0.1885656863451004 
vt 0.9018745422363281 0.15942661464214325 
vt 0.8987751603126526 0.1603780835866928 
vt 0.895786464214325 0.1324283629655838 
vt 0.8929084539413452 0.13385558128356934 
vt 0.8926870822906494 0.16156743466854095 
vt 0.8869311213493347 0.13528279960155487 
vt 0.897446870803833 0.18951717019081116 
vt 0.8823927044868469 0.19237160682678223 
vt 0.8779650330543518 0.16525442898273468 
vt 0.872319757938385 0.139207661151886 
vt 0.8613612651824951 0.17036862671375275 
vt 0.8557159304618835 0.14503547549247742 
vt 0.8656782507896423 0.19665326178073883 
vt 0.8512882590293884 0.20129172503948212 
vt 0.8396655917167664 0.20545445382595062 
vt 0.8470819592475891 0.1757207065820694 
vt 0.8355700373649597 0.18059703707695007 
vt 0.8415473699569702 0.15122009813785553 
vt 0.830035388469696 0.15692897140979767 
vt 0.8310316205024719 0.0871141329407692 
vt 0.8295926451683044 0.08984963595867157 
vt 0.80922532081604 0.07224725186824799 
vt 0.8080077171325684 0.07522062957286835 
vt 0.787529706954956 0.05964014679193497 
vt 0.7864227890968323 0.06285139173269272 
vt 0.7660554647445679 0.049530670046806335 
vt 0.7649485468864441 0.05274191498756409 
vt 0.7438063621520996 0.04120521992444992 
vt 0.7426994442939758 0.04429753124713898 
vt 0.6763949394226074 0.02027265913784504 
vt 0.6753987073898315 0.02348390407860279 
vt 0.6532602906227112 0.014563780277967453 
vt 0.6523747444152832 0.017775025218725204 
vt 0.6299042701721191 0.010876795276999474 
vt 0.6290187239646912 0.014088040217757225 
vt 0.6049985885620117 0.008973835036158562 
vt 0.6043344140052795 0.012066145427525043 
vt 0.5785431861877441 0.008854899555444717 
vt 0.5781004428863525 0.012066145427525043 
vt 0.550759494304657 0.01063892524689436 
vt 0.5506488084793091 0.013731234706938267 
vt 0.5220902562141418 0.014088040217757225 
vt 0.5223116278648376 0.017180349677801132 
vt 0.49209272861480713 0.019321180880069733 
vt 0.4925355017185211 0.022294554859399796 
vt 0.3433226943016052 0.049530670046806335 
vt 0.3440975248813629 0.0525040440261364 
vt 0.3136572241783142 0.05630996450781822 
vt 0.3146534562110901 0.059283338487148285 
vt 0.28587353229522705 0.06427861005067825 
vt 0.287201851606369 0.06713304668664932 
vt 0.25952884554862976 0.07331766933202744 
vt 0.26118922233581543 0.0761721134185791 
vt 0.23539799451828003 0.08342714607715607 
vt 0.2372797578573227 0.08604371547698975 
vt 0.263403058052063 0.08199992775917053 
vt 0.23960429430007935 0.09163366258144379 
vt 0.8260505199432373 0.09496384114027023 
vt 0.2890836000442505 0.07307980209589005 
vt 0.31631383299827576 0.0653490275144577 
vt 0.3454258441925049 0.05856972932815552 
vt 0.4936424195766449 0.02847917564213276 
vt 0.5231971740722656 0.023364970460534096 
vt 0.5512022972106934 0.019915854558348656 
vt 0.5783218145370483 0.018250765278935432 
vt 0.6041130423545837 0.018369700759649277 
vt 0.6283546090126038 0.020153725519776344 
vt 0.6511571407318115 0.023840710520744324 
vt 0.6738489866256714 0.029430655762553215 
vt 0.7407069802284241 0.05012534558773041 
vt 0.7626239657402039 0.05833185836672783 
vt 0.7835447788238525 0.06832239776849747 
vt 0.804686963558197 0.0805727019906044 
vt 0.8179699778556824 0.10792775452136993 
vt 0.7971599102020264 0.0936555564403534 
vt 0.8088932633399963 0.12303250283002853 
vt 0.7889686822891235 0.10887923836708069 
vt 0.8012555241584778 0.13635322451591492 
vt 0.782216489315033 0.12243782728910446 
vt 0.7952781319618225 0.1475331038236618 
vt 0.7766819000244141 0.13397452235221863 
vt 0.763288140296936 0.1109011322259903 
vt 0.7580856084823608 0.12279462814331055 
vt 0.776792585849762 0.08176205307245255 
vt 0.7567573189735413 0.07212831825017929 
vt 0.7355044484138489 0.06427861005067825 
vt 0.7694869041442871 0.09722360223531723 
vt 0.7501158118247986 0.08782774209976196 
vt 0.7442491054534912 0.10186207294464111 
vt 0.7392680048942566 0.11375556886196136 
vt 0.7241031527519226 0.09472596645355225 
vt 0.7194541096687317 0.10673840343952179 
vt 0.7295270562171936 0.0804537683725357 
vt 0.6700854897499084 0.04394072666764259 
vt 0.6481684446334839 0.03846971318125725 
vt 0.665989875793457 0.06071056053042412 
vt 0.662337064743042 0.07545849680900574 
vt 0.6593483686447144 0.08806560933589935 
vt 0.6416376233100891 0.06998749077320099 
vt 0.63898104429245 0.0827135369181633 
vt 0.6448476910591125 0.05512061342597008 
vt 0.6262514591217041 0.035020601004362106 
vt 0.6028954386711121 0.03335551172494888 
vt 0.6235948204994202 0.05179043486714363 
vt 0.6208275556564331 0.06665731221437454 
vt 0.618392288684845 0.07938335835933685 
vt 0.5987998247146606 0.06523008644580841 
vt 0.5965859889984131 0.07783719897270203 
vt 0.6010136604309082 0.0502442792057991 
vt 0.5781004428863525 0.03335551172494888 
vt 0.5518664121627808 0.0351395346224308 
vt 0.5769935250282288 0.05048215016722679 
vt 0.5753331184387207 0.06558689475059509 
vt 0.5735620260238647 0.07807507365942001 
vt 0.5506488084793091 0.067489854991436 
vt 0.5493205189704895 0.07985909283161163 
vt 0.551645040512085 0.0523851104080677 
vt 0.5246362090110779 0.03858865052461624 
vt 0.49585625529289246 0.04358391836285591 
vt 0.5253003239631653 0.05583422631025314 
vt 0.5250789523124695 0.07093896716833115 
vt 0.5244147777557373 0.08318927139043808 
vt 0.4979594051837921 0.07593423873186111 
vt 0.4980701208114624 0.08794667571783066 
vt 0.4974059462547302 0.06082949414849281 
vt 0.349410742521286 0.07331766933202744 
vt 0.32085222005844116 0.07997802644968033 
vt 0.3547239601612091 0.08984963595867157 
vt 0.3600371778011322 0.10388396680355072 
vt 0.3646862506866455 0.1150638535618782 
vt 0.333139032125473 0.10983071476221085 
vt 0.338562935590744 0.12089166790246964 
vt 0.32694026827812195 0.09603425860404968 
vt 0.2943968176841736 0.08735200017690659 
vt 0.26938045024871826 0.09591531753540039 
vt 0.24602442979812622 0.10543011873960495 
vt 0.2770181894302368 0.11149580776691437 
vt 0.25432631373405457 0.12089166790246964 
vt 0.30137041211128235 0.10317035764455795 
vt 0.3081226348876953 0.11672894656658173 
vt 0.28454524278640747 0.12469758838415146 
vt 0.2626282274723053 0.13409344851970673 
vt 0.29129746556282043 0.13563960790634155 
vt 0.3142106831073761 0.12767095863819122 
vt 0.27004459500312805 0.14479760825634003 
vt 0.16654756665229797 0.22198641300201416 
vt 0.1804947555065155 0.21580180525779724 
vt 0.1541500687599182 0.2319769561290741 
vt 0.1707538664340973 0.22591127455234528 
vt 0.14363431930541992 0.24529768526554108 
vt 0.19798409938812256 0.21330416202545166 
vt 0.19156396389007568 0.2234136462211609 
vt 0.26417791843414307 0.21330416202545166 
vt 0.27059805393218994 0.2234136462211609 
vt 0.2816672623157501 0.21580180525779724 
vt 0.29140815138816833 0.22591127455234528 
vt 0.29550373554229736 0.22198641300201416 
vt 0.3080119490623474 0.2319769561290741 
vt 0.2995993494987488 0.23994560539722443 
vt 0.3185276985168457 0.24529768526554108 
vt 0.30579811334609985 0.25695329904556274 
vt 0.32627612352371216 0.26111602783203125 
vt 0.3095616400241852 0.27622076869010925 
vt 0.33114656805992126 0.2788373529911041 
vt 0.31111133098602295 0.30012670159339905 
vt 0.333139032125473 0.301078200340271 
vt 0.31111133098602295 0.44689249992370605 
vt 0.333139032125473 0.4459410309791565 
vt 0.3095616400241852 0.47079843282699585 
vt 0.33114656805992126 0.46818187832832336 
vt 0.30579811334609985 0.49006590247154236 
vt 0.32627612352371216 0.48590317368507385 
vt 0.2995993494987488 0.5070736408233643 
vt 0.3185276985168457 0.5017215609550476 
vt 0.29140815138816833 0.5211079716682434 
vt 0.3080119490623474 0.515042245388031 
vt 0.2816672623157501 0.5312173962593079 
vt 0.29550373554229736 0.5250328183174133 
vt 0.26417791843414307 0.5337150692939758 
vt 0.27059805393218994 0.5234866738319397 
vt 0.27591127157211304 0.509214460849762 
vt 0.28000685572624207 0.4917309880256653 
vt 0.2824420928955078 0.4718688428401947 
vt 0.2835490107536316 0.44724932312965393 
vt 0.2835490107536316 0.29976990818977356 
vt 0.2824420928955078 0.2751503586769104 
vt 0.28000685572624207 0.2552882134914398 
vt 0.27591127157211304 0.23768584430217743 
vt 0.1861400455236435 0.23768584430217743 
vt 0.19798409938812256 0.5337150692939758 
vt 0.18215514719486237 0.2552882134914398 
vt 0.17960922420024872 0.2751503586769104 
vt 0.17861299216747284 0.29976990818977356 
vt 0.17861299216747284 0.44724932312965393 
vt 0.17960922420024872 0.4718688428401947 
vt 0.18215514719486237 0.4917309880256653 
vt 0.1861400455236435 0.509214460849762 
vt 0.19156396389007568 0.5234866738319397 
vt 0.1804947555065155 0.5312173962593079 
vt 0.1707538664340973 0.5211079716682434 
vt 0.16654756665229797 0.5250328183174133 
vt 0.1541500687599182 0.515042245388031 
vt 0.16256265342235565 0.5070736408233643 
vt 0.15636390447616577 0.49006590247154236 
vt 0.15260037779808044 0.47079843282699585 
vt 0.15105068683624268 0.44689249992370605 
vt 0.15105068683624268 0.30012670159339905 
vt 0.15260037779808044 0.27622076869010925 
vt 0.15636390447616577 0.25695329904556274 
vt 0.16256265342235565 0.23994560539722443 
vt 0.13577519357204437 0.26111602783203125 
vt 0.13090474903583527 0.2788373529911041 
vt 0.1290229856967926 0.301078200340271 
vt 0.1290229856967926 0.4459410309791565 
vt 0.13090474903583527 0.46818187832832336 
vt 0.13577519357204437 0.48590317368507385 
vt 0.14363431930541992 0.5017215609550476 
vt 0.6111973524093628 0.17250946164131165 
vt 0.6228200197219849 0.17072543501853943 
vt 0.5899444818496704 0.1820242553949356 
vt 0.6057734489440918 0.180002361536026 
vt 0.5709054470062256 0.1974858045578003 
vt 0.6345533728599548 0.1690603494644165 
vt 0.6217130422592163 0.17809940874576569 
vt 0.6487219333648682 0.1690603494644165 
vt 0.6410841941833496 0.1779804676771164 
vt 0.6628904938697815 0.1690603494644165 
vt 0.6603446006774902 0.1779804676771164 
vt 0.6771697402000427 0.1690603494644165 
vt 0.6797156929969788 0.1779804676771164 
vt 0.6913383603096008 0.1690603494644165 
vt 0.6989760994911194 0.17809940874576569 
vt 0.7055069208145142 0.1691792756319046 
vt 0.7183471918106079 0.17821833491325378 
vt 0.7172402739524841 0.17084437608718872 
vt 0.7341761589050293 0.1802402287721634 
vt 0.7288629412651062 0.17262838780879974 
vt 0.7500051259994507 0.182262122631073 
vt 0.7493409514427185 0.19558285176753998 
vt 0.7690441012382507 0.19760474562644958 
vt 0.7619598507881165 0.21627753973007202 
vt 0.7848730683326721 0.21806156635284424 
vt 0.7712579369544983 0.24101601541042328 
vt 0.79671710729599 0.2424432337284088 
vt 0.7771246433258057 0.2686089277267456 
vt 0.8040227890014648 0.26956042647361755 
vt 0.7791171073913574 0.298818439245224 
vt 0.8065687417984009 0.2992941737174988 
vt 0.7792277932167053 0.3292658030986786 
vt 0.8065687417984009 0.3295036554336548 
vt 0.7792277932167053 0.3597131371498108 
vt 0.8065687417984009 0.3598320782184601 
vt 0.7791171073913574 0.3901605010032654 
vt 0.8064579963684082 0.3901605010032654 
vt 0.7788957357406616 0.42060786485671997 
vt 0.8063473105430603 0.4204889237880707 
vt 0.7788957357406616 0.45105522871017456 
vt 0.8062366247177124 0.450817346572876 
vt 0.776792585849762 0.48114579916000366 
vt 0.8036907315254211 0.4804321825504303 
vt 0.7709258794784546 0.5088576674461365 
vt 0.7961636781692505 0.5075493454933167 
vt 0.7611849904060364 0.5335960984230042 
vt 0.784098207950592 0.5319310426712036 
vt 0.7483447194099426 0.5540529489517212 
vt 0.7680478692054749 0.5521499514579773 
vt 0.7331799268722534 0.5685629844665527 
vt 0.7488982081413269 0.5673736333847046 
vt 0.7169082164764404 0.578672468662262 
vt 0.7284201383590698 0.5767695307731628 
vt 0.7052855491638184 0.5804564952850342 
vt 0.7179044485092163 0.5707038640975952 
vt 0.7289736270904541 0.5555990934371948 
vt 0.7384931445121765 0.5350233316421509 
vt 0.7456881403923035 0.5100470185279846 
vt 0.7502264976501465 0.4820972681045532 
vt 0.7517761588096619 0.45141202211380005 
vt 0.7517761588096619 0.42096468806266785 
vt 0.7514441013336182 0.3901605010032654 
vt 0.7511120438575745 0.3595942258834839 
vt 0.751665472984314 0.32902792096138 
vt 0.7521082758903503 0.2983427047729492 
vt 0.7504478693008423 0.26765745878219604 
vt 0.7461308836936951 0.23946987092494965 
vt 0.7391572594642639 0.2144935131072998 
vt 0.7297484874725342 0.19367988407611847 
vt 0.7058389782905579 0.19356095790863037 
vt 0.6910062432289124 0.5805754661560059 
vt 0.7114843130111694 0.21425564587116241 
vt 0.715690553188324 0.23923198878765106 
vt 0.7181258201599121 0.26730066537857056 
vt 0.7187899351119995 0.2984616160392761 
vt 0.7170189023017883 0.33009833097457886 
vt 0.7155798673629761 0.3594752848148346 
vt 0.7169082164764404 0.38885223865509033 
vt 0.7185685634613037 0.4204889237880707 
vt 0.7189006209373474 0.45129311084747314 
vt 0.7180151343345642 0.4820972681045532 
vt 0.7153584957122803 0.5099280476570129 
vt 0.7110415101051331 0.534904420375824 
vt 0.7053962349891663 0.5555990934371948 
vt 0.6987547278404236 0.5710606575012207 
vt 0.676837682723999 0.5805754661560059 
vt 0.6793835759162903 0.5711795687675476 
vt 0.6626691222190857 0.5805754661560059 
vt 0.6817081570625305 0.5557180047035217 
vt 0.6835898756980896 0.534904420375824 
vt 0.6850289106369019 0.509809136390686 
vt 0.6859144568443298 0.4820972681045532 
vt 0.6861358284950256 0.45153096318244934 
vt 0.6859144568443298 0.4203700125217438 
vt 0.6851395964622498 0.3880196809768677 
vt 0.6839219927787781 0.3588806092739105 
vt 0.684807538986206 0.331287682056427 
vt 0.6861358284950256 0.2986994981765747 
vt 0.6860251426696777 0.267062783241272 
vt 0.6851395964622498 0.23911306262016296 
vt 0.6838113069534302 0.21425564587116241 
vt 0.6819295287132263 0.19344201683998108 
vt 0.65802001953125 0.19344201683998108 
vt 0.6561383008956909 0.21413670480251312 
vt 0.6546992659568787 0.23911306262016296 
vt 0.6539244651794434 0.2669438421726227 
vt 0.6538137793540955 0.2985805571079254 
vt 0.655142068862915 0.3314066231250763 
vt 0.6559169292449951 0.359237402677536 
vt 0.6545885801315308 0.38813862204551697 
vt 0.6538137793540955 0.4202510714530945 
vt 0.6535923480987549 0.45153096318244934 
vt 0.6538137793540955 0.4820972681045532 
vt 0.6546992659568787 0.509809136390686 
vt 0.656027615070343 0.534904420375824 
vt 0.6579093337059021 0.5557180047035217 
vt 0.6601231694221497 0.5711795687675476 
vt 0.6485005617141724 0.5804564952850342 
vt 0.640862762928009 0.5710606575012207 
vt 0.6343319416046143 0.5803375840187073 
vt 0.6342212557792664 0.5555990934371948 
vt 0.6285759806632996 0.5347854495048523 
vt 0.6243696808815002 0.509809136390686 
vt 0.6217130422592163 0.48197832703590393 
vt 0.6208275556564331 0.45129311084747314 
vt 0.6211596131324768 0.4204889237880707 
vt 0.6229307055473328 0.38897114992141724 
vt 0.6242589950561523 0.3595942258834839 
vt 0.6228200197219849 0.33021727204322815 
vt 0.6210489273071289 0.2984616160392761 
vt 0.621823787689209 0.26718172430992126 
vt 0.6242589950561523 0.23923198878765106 
vt 0.6284652948379517 0.21425564587116241 
vt 0.6342212557792664 0.19344201683998108 
vt 0.6103118062019348 0.19356095790863037 
vt 0.6007922887802124 0.2143745869398117 
vt 0.5937079787254333 0.23935092985630035 
vt 0.5893909931182861 0.26753851771354675 
vt 0.5877306461334229 0.2983427047729492 
vt 0.5881733894348145 0.32902792096138 
vt 0.5886161923408508 0.3595942258834839 
vt 0.5882840752601624 0.3901605010032654 
vt 0.5880627036094666 0.42096468806266785 
vt 0.5879520177841187 0.45129311084747314 
vt 0.589501678943634 0.48197832703590393 
vt 0.5940400958061218 0.5099280476570129 
vt 0.6011243462562561 0.534904420375824 
vt 0.6106438636779785 0.5554801821708679 
vt 0.6217130422592163 0.5705848932266235 
vt 0.6225985884666443 0.5785535573959351 
vt 0.6064375638961792 0.5683251619338989 
vt 0.6111973524093628 0.5766506195068359 
vt 0.5907192826271057 0.5672547221183777 
vt 0.5913834571838379 0.5539339780807495 
vt 0.5784325003623962 0.5334771871566772 
vt 0.5688022971153259 0.5087386965751648 
vt 0.5630463361740112 0.48102685809135437 
vt 0.5608325004577637 0.45105522871017456 
vt 0.5608325004577637 0.42060786485671997 
vt 0.560721755027771 0.3901605010032654 
vt 0.5606110692024231 0.3597131371498108 
vt 0.5605003833770752 0.3292658030986786 
vt 0.5606110692024231 0.298818439245224 
vt 0.5627142190933228 0.2684900164604187 
vt 0.5685809254646301 0.24089708924293518 
vt 0.5779897570610046 0.21615859866142273 
vt 0.5906085968017578 0.19546391069889069 
vt 0.5549657940864563 0.21782369911670685 
vt 0.5431217551231384 0.24232430756092072 
vt 0.5358160734176636 0.26944148540496826 
vt 0.5331594944000244 0.2991752326488495 
vt 0.5331594944000244 0.3295036554336548 
vt 0.5331594944000244 0.3598320782184601 
vt 0.5333808660507202 0.3901605010032654 
vt 0.5334915518760681 0.4204889237880707 
vt 0.533602237701416 0.4506984353065491 
vt 0.5361481308937073 0.480313241481781 
vt 0.54356449842453 0.5074304342269897 
vt 0.5556299686431885 0.531693160533905 
vt 0.5716803073883057 0.5520310401916504 
s on 
f 1/1/1 2/2/2 3/3/3 
f 2/2/2 4/4/4 3/3/3 
f 3/3/3 4/4/4 5/5/5 
f 4/4/4 6/6/6 5/5/5 
f 5/5/5 6/6/6 7/7/7 
f 6/6/6 8/8/8 7/7/7 
f 7/7/7 8/8/8 9/9/9 
f 8/8/8 10/10/10 9/9/9 
f 9/9/9 10/10/10 11/11/11 
f 10/10/10 12/12/12 11/11/11 
f 11/11/11 12/12/12 13/13/13 
f 12/12/12 14/14/14 13/13/13 
f 13/13/13 14/14/14 15/15/15 
f 14/14/14 16/16/16 15/15/15 
f 15/15/15 16/16/16 17/17/17 
f 16/16/16 18/18/18 17/17/17 
f 17/17/17 18/18/18 19/19/19 
f 18/18/18 20/20/20 19/19/19 
f 19/19/19 20/20/20 21/21/21 
f 20/20/20 22/22/22 21/21/21 
f 21/21/21 22/22/22 23/23/23 
f 22/22/22 24/24/24 23/23/23 
f 23/23/23 24/24/24 25/25/25 
f 24/24/24 26/26/26 25/25/25 
f 25/25/25 26/26/26 27/27/27 
f 26/26/26 28/28/28 27/27/27 
f 27/27/27 28/28/28 29/29/29 
f 28/28/28 30/30/30 29/29/29 
f 29/29/29 30/30/30 31/31/31 
f 30/30/30 32/32/32 31/31/31 
f 31/31/31 32/32/32 33/33/33 
f 32/32/32 34/34/34 33/33/33 
f 33/33/33 34/34/34 35/35/35 
f 34/34/34 36/36/36 35/35/35 
f 35/35/35 36/36/36 37/37/37 
f 36/36/36 38/38/38 37/37/37 
f 37/37/37 38/38/38 39/39/39 
f 38/38/38 40/40/40 39/39/39 
f 39/39/39 40/40/40 41/41/41 
f 40/40/40 42/42/42 41/41/41 
f 41/41/41 42/42/42 43/43/43 
f 42/42/42 44/44/44 43/43/43 
f 43/43/43 44/44/44 45/45/45 
f 44/44/44 46/46/46 45/45/45 
f 45/45/45 46/46/46 47/47/47 
f 46/46/46 48/48/48 47/47/47 
f 47/47/47 48/48/48 49/49/49 
f 48/48/48 50/50/50 49/49/49 
f 49/49/49 50/50/50 51/51/51 
f 50/50/50 52/52/52 51/51/51 
f 51/51/51 52/52/52 53/53/53 
f 52/52/52 54/54/54 53/53/53 
f 53/53/53 54/54/54 55/55/55 
f 54/54/54 56/56/56 55/55/55 
f 55/55/55 56/56/56 57/57/57 
f 56/56/56 58/58/58 57/57/57 
f 57/57/57 58/58/58 59/59/59 
f 58/58/58 60/60/60 59/59/59 
f 59/59/59 60/60/60 61/61/61 
f 60/60/60 62/62/62 61/61/61 
f 61/61/61 62/62/62 63/63/63 
f 62/62/62 64/64/64 63/63/63 
f 63/63/63 64/64/64 1/1/1 
f 64/64/64 2/2/2 1/1/1 
f 1/1/1 2/2/2 2/2/2 
f 2/2/2 65/65/65 2/2/2 
f 2/2/2 65/65/65 65/65/65 
f 65/65/65 66/66/66 65/65/65 
f 65/65/65 66/66/66 67/67/67 
f 66/66/66 66/66/66 67/67/67 
f 67/67/67 66/66/66 68/68/68 
f 66/66/66 69/69/69 68/68/68 
f 68/68/68 69/69/69 70/70/70 
f 69/69/69 71/71/71 70/70/70 
f 70/70/70 71/71/71 72/72/72 
f 71/71/71 73/73/73 72/72/72 
f 72/72/72 73/73/73 74/74/74 
f 73/73/73 75/75/75 74/74/74 
f 74/74/74 75/75/75 76/76/76 
f 75/75/75 77/77/77 76/76/76 
f 76/76/76 77/77/77 78/78/78 
f 77/77/77 79/79/79 78/78/78 
f 78/78/78 79/79/79 80/80/80 
f 79/79/79 81/81/81 80/80/80 
f 80/80/80 81/81/81 82/82/82 
f 81/81/81 83/83/83 82/82/82 
f 82/82/82 83/83/83 84/84/84 
f 83/83/83 85/85/85 84/84/84 
f 84/84/84 85/85/85 86/86/86 
f 85/85/85 87/87/87 86/86/86 
f 86/86/86 87/87/87 88/88/88 
f 87/87/87 89/89/89 88/88/88 
f 88/88/88 89/89/89 90/90/90 
f 89/89/89 91/91/91 90/90/90 
f 90/90/90 91/91/91 92/92/92 
f 91/91/91 93/93/93 92/92/92 
f 92/92/92 93/93/93 94/94/94 
f 93/93/93 95/95/95 94/94/94 
f 94/94/94 95/95/95 96/96/96 
f 95/95/95 97/97/97 96/96/96 
f 96/96/96 97/97/97 98/98/98 
f 97/97/97 99/99/99 98/98/98 
f 98/98/98 99/99/99 100/100/100 
f 99/99/99 101/101/101 100/100/100 
f 100/100/100 101/101/101 102/102/102 
f 101/101/101 103/103/103 102/102/102 
f 102/102/102 103/103/103 104/104/104 
f 103/103/103 105/105/105 104/104/104 
f 104/104/104 105/105/105 106/106/106 
f 105/105/105 107/107/107 106/106/106 
f 106/106/106 107/107/107 108/108/108 
f 107/107/107 109/109/109 108/108/108 
f 108/108/108 109/109/109 110/110/110 
f 109/109/109 111/111/111 110/110/110 
f 110/110/110 111/111/111 112/112/112 
f 111/111/111 113/113/113 112/112/112 
f 112/112/112 113/113/113 114/114/114 
f 113/113/113 115/115/115 114/114/114 
f 114/114/114 115/115/115 116/116/116 
f 115/115/115 117/117/117 116/116/116 
f 116/116/116 117/117/117 118/118/118 
f 117/117/117 119/119/119 118/118/118 
f 118/118/118 119/119/119 120/120/120 
f 119/119/119 121/121/121 120/120/120 
f 120/120/120 121/121/121 122/122/122 
f 121/121/121 123/123/123 122/122/122 
f 122/122/122 123/123/123 124/124/124 
f 123/123/123 125/125/125 124/124/124 
f 124/124/124 125/125/125 126/126/126 
f 125/125/125 127/127/127 126/126/126 
f 126/126/126 127/127/127 128/128/128 
f 127/127/127 65/65/65 128/128/128 
f 128/128/128 65/65/65 67/67/67 
f 65/65/65 67/67/67 67/67/67 
f 67/67/67 67/67/67 121/121/121 
f 67/67/67 121/121/121 121/121/121 
f 121/121/121 121/121/121 123/123/123 
f 121/121/121 129/129/129 123/123/123 
f 123/123/123 129/129/129 130/130/130 
f 129/129/129 130/130/130 130/130/130 
f 130/130/130 130/130/130 129/129/129 
f 130/130/130 129/129/129 129/129/129 
f 129/129/129 129/129/129 131/131/131 
f 129/129/129 121/121/121 131/131/131 
f 131/131/131 121/121/121 131/131/131 
f 121/121/121 119/119/119 131/131/131 
f 131/131/131 119/119/119 132/132/132 
f 119/119/119 117/117/117 132/132/132 
f 132/132/132 117/117/117 133/133/133 
f 117/117/117 115/115/115 133/133/133 
f 133/133/133 115/115/115 134/134/134 
f 115/115/115 113/113/113 134/134/134 
f 134/134/134 113/113/113 135/135/135 
f 113/113/113 136/136/136 135/135/135 
f 135/135/135 136/136/136 137/137/137 
f 136/136/136 138/138/138 137/137/137 
f 137/137/137 138/138/138 139/139/139 
f 138/138/138 140/140/140 139/139/139 
f 139/139/139 140/140/140 141/141/141 
f 140/140/140 142/142/142 141/141/141 
f 141/141/141 142/142/142 46/46/46 
f 142/142/142 143/143/143 46/46/46 
f 46/46/46 143/143/143 48/48/48 
f 143/143/143 144/144/144 48/48/48 
f 48/48/48 144/144/144 145/145/145 
f 144/144/144 146/146/146 145/145/145 
f 145/145/145 146/146/146 147/147/147 
f 146/146/146 148/148/148 147/147/147 
f 147/147/147 148/148/148 149/149/149 
f 148/148/148 150/150/150 149/149/149 
f 149/149/149 150/150/150 151/151/151 
f 150/150/150 152/152/152 151/151/151 
f 151/151/151 152/152/152 153/153/153 
f 152/152/152 91/91/91 153/153/153 
f 153/153/153 91/91/91 154/154/154 
f 91/91/91 89/89/89 154/154/154 
f 154/154/154 89/89/89 155/155/155 
f 89/89/89 87/87/87 155/155/155 
f 155/155/155 87/87/87 156/156/156 
f 87/87/87 85/85/85 156/156/156 
f 156/156/156 85/85/85 157/157/157 
f 85/85/85 83/83/83 157/157/157 
f 157/157/157 83/83/83 158/158/158 
f 83/83/83 81/81/81 158/158/158 
f 158/158/158 81/81/81 159/159/159 
f 81/81/81 160/160/160 159/159/159 
f 159/159/159 160/160/160 161/161/161 
f 160/160/160 162/162/162 161/161/161 
f 161/161/161 162/162/162 163/163/163 
f 162/162/162 164/164/164 163/163/163 
f 163/163/163 164/164/164 165/165/165 
f 164/164/164 166/166/166 165/165/165 
f 165/165/165 166/166/166 14/14/14 
f 166/166/166 167/167/167 14/14/14 
f 14/14/14 167/167/167 16/16/16 
f 167/167/167 168/168/168 16/16/16 
f 16/16/16 168/168/168 169/169/169 
f 168/168/168 170/170/170 169/169/169 
f 169/169/169 170/170/170 171/171/171 
f 170/170/170 172/172/172 171/171/171 
f 171/171/171 172/172/172 173/173/173 
f 172/172/172 174/174/174 173/173/173 
f 173/173/173 174/174/174 175/175/175 
f 174/174/174 176/176/176 175/175/175 
f 175/175/175 176/176/176 130/130/130 
f 176/176/176 123/123/123 130/130/130 
f 130/130/130 123/123/123 123/123/123 
f 123/123/123 177/177/177 123/123/123 
f 123/123/123 177/177/177 177/177/177 
f 177/177/177 178/178/178 177/177/177 
f 177/177/177 178/178/178 179/179/179 
f 178/178/178 180/180/180 179/179/179 
f 179/179/179 180/180/180 181/181/181 
f 180/180/180 182/182/182 181/181/181 
f 181/181/181 182/182/182 183/183/183 
f 182/182/182 184/184/184 183/183/183 
f 183/183/183 184/184/184 185/185/185 
f 184/184/184 186/186/186 185/185/185 
f 185/185/185 186/186/186 187/187/187 
f 186/186/186 188/188/188 187/187/187 
f 187/187/187 188/188/188 189/189/189 
f 188/188/188 190/190/190 189/189/189 
f 189/189/189 190/190/190 191/191/191 
f 190/190/190 192/192/192 191/191/191 
f 191/191/191 192/192/192 193/193/193 
f 192/192/192 194/194/194 193/193/193 
f 193/193/193 194/194/194 195/195/195 
f 194/194/194 196/196/196 195/195/195 
f 195/195/195 196/196/196 197/197/197 
f 196/196/196 198/198/198 197/197/197 
f 197/197/197 198/198/198 199/199/199 
f 198/198/198 200/200/200 199/199/199 
f 199/199/199 200/200/200 201/201/201 
f 200/200/200 202/202/202 201/201/201 
f 201/201/201 202/202/202 203/203/203 
f 202/202/202 204/204/204 203/203/203 
f 203/203/203 204/204/204 205/205/205 
f 204/204/204 206/206/206 205/205/205 
f 205/205/205 206/206/206 207/207/207 
f 206/206/206 208/208/208 207/207/207 
f 207/207/207 208/208/208 209/209/209 
f 208/208/208 210/210/210 209/209/209 
f 209/209/209 210/210/210 211/211/211 
f 210/210/210 212/212/212 211/211/211 
f 211/211/211 212/212/212 213/213/213 
f 212/212/212 214/214/214 213/213/213 
f 213/213/213 214/214/214 215/215/215 
f 214/214/214 216/216/216 215/215/215 
f 215/215/215 216/216/216 217/217/217 
f 216/216/216 218/218/218 217/217/217 
f 217/217/217 218/218/218 219/219/219 
f 218/218/218 220/220/220 219/219/219 
f 219/219/219 220/220/220 221/221/221 
f 220/220/220 222/222/222 221/221/221 
f 221/221/221 222/222/222 223/223/223 
f 222/222/222 224/224/224 223/223/223 
f 223/223/223 224/224/224 225/225/225 
f 224/224/224 226/226/226 225/225/225 
f 225/225/225 226/226/226 227/227/227 
f 226/226/226 228/228/228 227/227/227 
f 227/227/227 228/228/228 229/229/229 
f 228/228/228 230/230/230 229/229/229 
f 229/229/229 230/230/230 231/231/231 
f 230/230/230 232/232/232 231/231/231 
f 231/231/231 232/232/232 233/233/233 
f 232/232/232 234/234/234 233/233/233 
f 233/233/233 234/234/234 235/235/235 
f 234/234/234 236/236/236 235/235/235 
f 235/235/235 236/236/236 237/237/237 
f 236/236/236 238/238/238 237/237/237 
f 237/237/237 238/238/238 239/239/239 
f 238/238/238 240/240/240 239/239/239 
f 239/239/239 240/240/240 177/177/177 
f 240/240/240 240/240/240 177/177/177 
f 177/177/177 240/240/240 178/178/178 
f 240/240/240 240/240/240 178/178/178 
f 178/178/178 240/240/240 241/241/241 
f 240/240/240 240/240/240 241/241/241 
f 241/241/241 240/240/240 242/242/242 
f 240/240/240 238/238/238 242/242/242 
f 242/242/242 238/238/238 243/243/243 
f 238/238/238 236/236/236 243/243/243 
f 243/243/243 236/236/236 244/244/244 
f 236/236/236 234/234/234 244/244/244 
f 244/244/244 234/234/234 245/245/245 
f 234/234/234 232/232/232 245/245/245 
f 245/245/245 232/232/232 246/246/246 
f 232/232/232 230/230/230 246/246/246 
f 246/246/246 230/230/230 247/247/247 
f 230/230/230 228/228/228 247/247/247 
f 247/247/247 228/228/228 248/248/248 
f 228/228/228 226/226/226 248/248/248 
f 248/248/248 226/226/226 249/249/249 
f 226/226/226 224/224/224 249/249/249 
f 249/249/249 224/224/224 250/250/250 
f 224/224/224 222/222/222 250/250/250 
f 250/250/250 222/222/222 251/251/251 
f 222/222/222 220/220/220 251/251/251 
f 251/251/251 220/220/220 252/252/252 
f 220/220/220 218/218/218 252/252/252 
f 252/252/252 218/218/218 253/253/253 
f 218/218/218 216/216/216 253/253/253 
f 253/253/253 216/216/216 254/254/254 
f 216/216/216 214/214/214 254/254/254 
f 254/254/254 214/214/214 255/255/255 
f 214/214/214 212/212/212 255/255/255 
f 255/255/255 212/212/212 256/256/256 
f 212/212/212 210/210/210 256/256/256 
f 256/256/256 210/210/210 257/257/257 
f 210/210/210 208/208/208 257/257/257 
f 257/257/257 208/208/208 258/258/258 
f 208/208/208 206/206/206 258/258/258 
f 258/258/258 206/206/206 259/259/259 
f 206/206/206 204/204/204 259/259/259 
f 259/259/259 204/204/204 260/260/260 
f 204/204/204 202/202/202 260/260/260 
f 260/260/260 202/202/202 261/261/261 
f 202/202/202 200/200/200 261/261/261 
f 261/261/261 200/200/200 262/262/262 
f 200/200/200 198/198/198 262/262/262 
f 262/262/262 198/198/198 263/263/263 
f 198/198/198 196/196/196 263/263/263 
f 263/263/263 196/196/196 264/264/264 
f 196/196/196 194/194/194 264/264/264 
f 264/264/264 194/194/194 265/265/265 
f 194/194/194 192/192/192 265/265/265 
f 265/265/265 192/192/192 266/266/266 
f 192/192/192 190/190/190 266/266/266 
f 266/266/266 190/190/190 267/267/267 
f 190/190/190 188/188/188 267/267/267 
f 267/267/267 188/188/188 268/268/268 
f 188/188/188 186/186/186 268/268/268 
f 268/268/268 186/186/186 269/269/269 
f 186/186/186 184/184/184 269/269/269 
f 269/269/269 184/184/184 270/270/270 
f 184/184/184 182/182/182 270/270/270 
f 270/270/270 182/182/182 271/271/271 
f 182/182/182 180/180/180 271/271/271 
f 271/271/271 180/180/180 272/272/272 
f 180/180/180 178/178/178 272/272/272 
f 272/272/272 178/178/178 241/241/241 
f 178/178/178 241/241/241 241/241/241 
f 241/241/241 241/241/241 273/273/273 
f 241/241/241 273/273/273 273/273/273 
f 273/273/273 273/273/273 274/274/274 
f 273/273/273 275/275/275 274/274/274 
f 274/274/274 275/275/275 276/276/276 
f 275/275/275 277/277/277 276/276/276 
f 276/276/276 277/277/277 276/276/276 
f 277/277/277 278/278/278 276/276/276 
f 276/276/276 278/278/278 279/279/279 
f 278/278/278 280/280/280 279/279/279 
f 279/279/279 280/280/280 279/279/279 
f 280/280/280 281/281/281 279/279/279 
f 279/279/279 281/281/281 282/282/282 
f 281/281/281 283/283/283 282/282/282 
f 282/282/282 283/283/283 283/283/283 
f 283/283/283 282/282/282 283/283/283 
f 283/283/283 282/282/282 282/282/282 
f 282/282/282 284/284/284 282/282/282 
f 282/282/282 284/284/284 279/279/279 
f 284/284/284 284/284/284 279/279/279 
f 279/279/279 284/284/284 276/276/276 
f 284/284/284 274/274/274 276/276/276 
f 276/276/276 274/274/274 274/274/274 
f 274/274/274 280/280/280 274/274/274 
f 274/274/274 280/280/280 280/280/280 
f 280/280/280 278/278/278 280/280/280 
f 280/280/280 278/278/278 285/285/285 
f 278/278/278 278/278/278 285/285/285 
f 285/285/285 278/278/278 286/286/286 
f 278/278/278 277/277/277 286/286/286 
f 286/286/286 277/277/277 287/287/287 
f 277/277/277 288/288/288 287/287/287 
f 287/287/287 288/288/288 289/289/289 
f 288/288/288 290/290/290 289/289/289 
f 289/289/289 290/290/290 291/291/291 
f 290/290/290 292/292/292 291/291/291 
f 291/291/291 292/292/292 293/293/293 
f 292/292/292 294/294/294 293/293/293 
f 293/293/293 294/294/294 294/294/294 
f 294/294/294 293/293/293 294/294/294 
f 294/294/294 293/293/293 293/293/293 
f 293/293/293 295/295/295 293/293/293 
f 293/293/293 295/295/295 291/291/291 
f 295/295/295 296/296/296 291/291/291 
f 291/291/291 296/296/296 289/289/289 
f 296/296/296 297/297/297 289/289/289 
f 289/289/289 297/297/297 287/287/287 
f 297/297/297 298/298/298 287/287/287 
f 287/287/287 298/298/298 286/286/286 
f 298/298/298 299/299/299 286/286/286 
f 286/286/286 299/299/299 285/285/285 
f 299/299/299 300/300/300 285/285/285 
f 285/285/285 300/300/300 285/285/285 
f 300/300/300 301/301/301 285/285/285 
f 285/285/285 301/301/301 280/280/280 
f 301/301/301 302/302/302 280/280/280 
f 280/280/280 302/302/302 281/281/281 
f 302/302/302 303/303/303 281/281/281 
f 281/281/281 303/303/303 283/283/283 
f 303/303/303 303/303/303 283/283/283 
f 283/283/283 303/303/303 304/304/304 
f 303/303/303 303/303/303 304/304/304 
f 304/304/304 303/303/303 305/305/305 
f 303/303/303 306/306/306 305/305/305 
f 305/305/305 306/306/306 307/307/307 
f 306/306/306 307/307/307 307/307/307 
f 307/307/307 307/307/307 296/296/296 
f 307/307/307 296/296/296 296/296/296 
f 296/296/296 296/296/296 308/308/308 
f 296/296/296 295/295/295 308/308/308 
f 308/308/308 295/295/295 295/295/295 
f 295/295/295 303/303/303 295/295/295 
f 295/295/295 303/303/303 303/303/303 
f 303/303/303 302/302/302 303/303/303 
f 303/303/303 302/302/302 306/306/306 
f 302/302/302 302/302/302 306/306/306 
f 306/306/306 302/302/302 309/309/309 
f 302/302/302 301/301/301 309/309/309 
f 309/309/309 301/301/301 310/310/310 
f 301/301/301 300/300/300 310/310/310 
f 310/310/310 300/300/300 311/311/311 
f 300/300/300 300/300/300 311/311/311 
f 311/311/311 300/300/300 312/312/312 
f 300/300/300 299/299/299 312/312/312 
f 312/312/312 299/299/299 313/313/313 
f 299/299/299 298/298/298 313/313/313 
f 313/313/313 298/298/298 314/314/314 
f 298/298/298 297/297/297 314/314/314 
f 314/314/314 297/297/297 315/315/315 
f 297/297/297 296/296/296 315/315/315 
f 315/315/315 296/296/296 315/315/315 
f 296/296/296 308/308/308 315/315/315 
f 315/315/315 308/308/308 315/315/315 
f 308/308/308 316/316/316 315/315/315 
f 315/315/315 316/316/316 317/317/317 
f 316/316/316 318/318/318 317/317/317 
f 317/317/317 318/318/318 318/318/318 
f 318/318/318 315/315/315 318/318/318 
f 318/318/318 315/315/315 315/315/315 
f 315/315/315 317/317/317 315/315/315 
f 315/315/315 317/317/317 314/314/314 
f 317/317/317 319/319/319 314/314/314 
f 314/314/314 319/319/319 313/313/313 
f 319/319/319 320/320/320 313/313/313 
f 313/313/313 320/320/320 312/312/312 
f 320/320/320 321/321/321 312/312/312 
f 312/312/312 321/321/321 311/311/311 
f 321/321/321 322/322/322 311/311/311 
f 311/311/311 322/322/322 311/311/311 
f 322/322/322 323/323/323 311/311/311 
f 311/311/311 323/323/323 310/310/310 
f 323/323/323 324/324/324 310/310/310 
f 310/310/310 324/324/324 309/309/309 
f 324/324/324 325/325/325 309/309/309 
f 309/309/309 325/325/325 306/306/306 
f 325/325/325 325/325/325 306/306/306 
f 306/306/306 325/325/325 307/307/307 
f 325/325/325 326/326/326 307/307/307 
f 307/307/307 326/326/326 327/327/327 
f 326/326/326 328/328/328 327/327/327 
f 327/327/327 328/328/328 329/329/329 
f 328/328/328 330/330/330 329/329/329 
f 329/329/329 330/330/330 331/331/331 
f 330/330/330 332/332/332 331/331/331 
f 331/331/331 332/332/332 333/333/333 
f 332/332/332 332/332/332 333/333/333 
f 333/333/333 332/332/332 334/334/334 
f 332/332/332 332/332/332 334/334/334 
f 334/334/334 332/332/332 335/335/335 
f 332/332/332 332/332/332 335/335/335 
f 335/335/335 332/332/332 336/336/336 
f 332/332/332 330/330/330 336/336/336 
f 336/336/336 330/330/330 337/337/337 
f 330/330/330 328/328/328 337/337/337 
f 337/337/337 328/328/328 338/338/338 
f 328/328/328 326/326/326 338/338/338 
f 338/338/338 326/326/326 339/339/339 
f 326/326/326 325/325/325 339/339/339 
f 339/339/339 325/325/325 339/339/339 
f 325/325/325 324/324/324 339/339/339 
f 339/339/339 324/324/324 340/340/340 
f 324/324/324 323/323/323 340/340/340 
f 340/340/340 323/323/323 341/341/341 
f 323/323/323 322/322/322 341/341/341 
f 341/341/341 322/322/322 342/342/342 
f 322/322/322 322/322/322 342/342/342 
f 342/342/342 322/322/322 343/343/343 
f 322/322/322 321/321/321 343/343/343 
f 343/343/343 321/321/321 344/344/344 
f 321/321/321 320/320/320 344/344/344 
f 344/344/344 320/320/320 345/345/345 
f 320/320/320 319/319/319 345/345/345 
f 345/345/345 319/319/319 346/346/346 
f 319/319/319 317/317/317 346/346/346 
f 346/346/346 317/317/317 346/346/346 
f 317/317/317 318/318/318 346/346/346 
f 346/346/346 318/318/318 346/346/346 
f 318/318/318 347/347/347 346/346/346 
f 346/346/346 347/347/347 346/346/346 
f 347/347/347 348/348/348 346/346/346 
f 346/346/346 348/348/348 345/345/345 
f 348/348/348 349/349/349 345/345/345 
f 345/345/345 349/349/349 344/344/344 
f 349/349/349 350/350/350 344/344/344 
f 344/344/344 350/350/350 343/343/343 
f 350/350/350 351/351/351 343/343/343 
f 343/343/343 351/351/351 342/342/342 
f 351/351/351 352/352/352 342/342/342 
f 342/342/342 352/352/352 353/353/353 
f 352/352/352 354/354/354 353/353/353 
f 353/353/353 354/354/354 355/355/355 
f 354/354/354 356/356/356 355/355/355 
f 355/355/355 356/356/356 357/357/357 
f 356/356/356 358/358/358 357/357/357 
f 357/357/357 358/358/358 358/358/358 
f 358/358/358 342/342/342 358/358/358 
f 358/358/358 342/342/342 342/342/342 
f 342/342/342 353/353/353 342/342/342 
f 342/342/342 353/353/353 341/341/341 
f 353/353/353 359/359/359 341/341/341 
f 341/341/341 359/359/359 340/340/340 
f 359/359/359 360/360/360 340/340/340 
f 340/340/340 360/360/360 339/339/339 
f 360/360/360 360/360/360 339/339/339 
f 339/339/339 360/360/360 338/338/338 
f 360/360/360 361/361/361 338/338/338 
f 338/338/338 361/361/361 337/337/337 
f 361/361/361 337/337/337 337/337/337 
f 337/337/337 337/337/337 353/353/353 
f 337/337/337 353/353/353 353/353/353 
f 353/353/353 353/353/353 359/359/359 
f 353/353/353 355/355/355 359/359/359 
f 359/359/359 355/355/355 362/362/362 
f 355/355/355 357/357/357 362/362/362 
f 362/362/362 357/357/357 363/363/363 
f 357/357/357 357/357/357 363/363/363 
f 363/363/363 357/357/357 364/364/364 
f 357/357/357 358/358/358 364/364/364 
f 364/364/364 358/358/358 364/364/364 
f 358/358/358 365/365/365 364/364/364 
f 364/364/364 365/365/365 366/366/366 
f 365/365/365 367/367/367 366/366/366 
f 366/366/366 367/367/367 367/367/367 
f 367/367/367 359/359/359 367/367/367 
f 367/367/367 359/359/359 359/359/359 
f 359/359/359 362/362/362 359/359/359 
f 359/359/359 362/362/362 360/360/360 
f 362/362/362 362/362/362 360/360/360 
f 360/360/360 362/362/362 361/361/361 
f 362/362/362 363/363/363 361/361/361 
f 361/361/361 363/363/363 368/368/368 
f 363/363/363 369/369/369 368/368/368 
f 368/368/368 369/369/369 370/370/370 
f 369/369/369 369/369/369 370/370/370 
f 370/370/370 369/369/369 371/371/371 
f 369/369/369 366/366/366 371/371/371 
f 371/371/371 366/366/366 372/372/372 
f 366/366/366 367/367/367 372/372/372 
f 372/372/372 367/367/367 372/372/372 
f 367/367/367 373/373/373 372/372/372 
f 372/372/372 373/373/373 374/374/374 
f 373/373/373 375/375/375 374/374/374 
f 374/374/374 375/375/375 375/375/375 
f 375/375/375 366/366/366 375/375/375 
f 375/375/375 366/366/366 366/366/366 
f 366/366/366 369/369/369 366/366/366 
f 366/366/366 369/369/369 364/364/364 
f 369/369/369 363/363/363 364/364/364 
f 364/364/364 363/363/363 363/363/363 
f 363/363/363 361/361/361 363/363/363 
f 363/363/363 361/361/361 361/361/361 
f 361/361/361 368/368/368 361/361/361 
f 361/361/361 368/368/368 337/337/337 
f 368/368/368 368/368/368 337/337/337 
f 337/337/337 368/368/368 336/336/336 
f 368/368/368 370/370/370 336/336/336 
f 336/336/336 370/370/370 335/335/335 
f 370/370/370 376/376/376 335/335/335 
f 335/335/335 376/376/376 377/377/377 
f 376/376/376 376/376/376 377/377/377 
f 377/377/377 376/376/376 378/378/378 
f 376/376/376 379/379/379 378/378/378 
f 378/378/378 379/379/379 380/380/380 
f 379/379/379 374/374/374 380/380/380 
f 380/380/380 374/374/374 381/381/381 
f 374/374/374 375/375/375 381/381/381 
f 381/381/381 375/375/375 381/381/381 
f 375/375/375 382/382/382 381/381/381 
f 381/381/381 382/382/382 383/383/383 
f 382/382/382 384/384/384 383/383/383 
f 383/383/383 384/384/384 384/384/384 
f 384/384/384 374/374/374 384/384/384 
f 384/384/384 374/374/374 374/374/374 
f 374/374/374 379/379/379 374/374/374 
f 374/374/374 379/379/379 372/372/372 
f 379/379/379 379/379/379 372/372/372 
f 372/372/372 379/379/379 371/371/371 
f 379/379/379 376/376/376 371/371/371 
f 371/371/371 376/376/376 370/370/370 
f 376/376/376 370/370/370 370/370/370 
f 370/370/370 370/370/370 334/334/334 
f 370/370/370 334/334/334 334/334/334 
f 334/334/334 334/334/334 377/377/377 
f 334/334/334 335/335/335 377/377/377 
f 377/377/377 335/335/335 335/335/335 
f 335/335/335 383/383/383 335/335/335 
f 335/335/335 383/383/383 383/383/383 
f 383/383/383 385/385/385 383/383/383 
f 383/383/383 385/385/385 381/381/381 
f 385/385/385 385/385/385 381/381/381 
f 381/381/381 385/385/385 380/380/380 
f 385/385/385 386/386/386 380/380/380 
f 380/380/380 386/386/386 378/378/378 
f 386/386/386 387/387/387 378/378/378 
f 378/378/378 387/387/387 377/377/377 
f 387/387/387 388/388/388 377/377/377 
f 377/377/377 388/388/388 334/334/334 
f 388/388/388 389/389/389 334/334/334 
f 334/334/334 389/389/389 333/333/333 
f 389/389/389 390/390/390 333/333/333 
f 333/333/333 390/390/390 391/391/391 
f 390/390/390 392/392/392 391/391/391 
f 391/391/391 392/392/392 393/393/393 
f 392/392/392 393/393/393 393/393/393 
f 393/393/393 393/393/393 392/392/392 
f 393/393/393 392/392/392 392/392/392 
f 392/392/392 392/392/392 394/394/394 
f 392/392/392 390/390/390 394/394/394 
f 394/394/394 390/390/390 395/395/395 
f 390/390/390 389/389/389 395/395/395 
f 395/395/395 389/389/389 396/396/396 
f 389/389/389 388/388/388 396/396/396 
f 396/396/396 388/388/388 397/397/397 
f 388/388/388 387/387/387 397/397/397 
f 397/397/397 387/387/387 398/398/398 
f 387/387/387 386/386/386 398/398/398 
f 398/398/398 386/386/386 399/399/399 
f 386/386/386 385/385/385 399/399/399 
f 399/399/399 385/385/385 400/400/400 
f 385/385/385 383/383/383 400/400/400 
f 400/400/400 383/383/383 401/401/401 
f 383/383/383 384/384/384 401/401/401 
f 401/401/401 384/384/384 401/401/401 
f 384/384/384 402/402/402 401/401/401 
f 401/401/401 402/402/402 403/403/403 
f 402/402/402 404/404/404 403/403/403 
f 403/403/403 404/404/404 404/404/404 
f 404/404/404 394/394/394 404/404/404 
f 404/404/404 394/394/394 394/394/394 
f 394/394/394 395/395/395 394/394/394 
f 394/394/394 395/395/395 405/405/405 
f 395/395/395 395/395/395 405/405/405 
f 405/405/405 395/395/395 406/406/406 
f 395/395/395 396/396/396 406/406/406 
f 406/406/406 396/396/396 396/396/396 
f 396/396/396 403/403/403 396/396/396 
f 396/396/396 403/403/403 403/403/403 
f 403/403/403 407/407/407 403/403/403 
f 403/403/403 407/407/407 401/401/401 
f 407/407/407 407/407/407 401/401/401 
f 401/401/401 407/407/407 400/400/400 
f 407/407/407 408/408/408 400/400/400 
f 400/400/400 408/408/408 399/399/399 
f 408/408/408 409/409/409 399/399/399 
f 399/399/399 409/409/409 398/398/398 
f 409/409/409 410/410/410 398/398/398 
f 398/398/398 410/410/410 397/397/397 
f 410/410/410 411/411/411 397/397/397 
f 397/397/397 411/411/411 396/396/396 
f 411/411/411 406/406/406 396/396/396 
f 396/396/396 406/406/406 406/406/406 
f 406/406/406 412/412/412 406/406/406 
f 406/406/406 412/412/412 412/412/412 
f 412/412/412 413/413/413 412/412/412 
f 412/412/412 413/413/413 414/414/414 
f 413/413/413 415/415/415 414/414/414 
f 414/414/414 415/415/415 414/414/414 
f 415/415/415 416/416/416 414/414/414 
f 414/414/414 416/416/416 417/417/417 
f 416/416/416 416/416/416 417/417/417 
f 417/417/417 416/416/416 418/418/418 
f 416/416/416 419/419/419 418/418/418 
f 418/418/418 419/419/419 418/418/418 
f 419/419/419 420/420/420 418/418/418 
f 418/418/418 420/420/420 421/421/421 
f 420/420/420 422/422/422 421/421/421 
f 421/421/421 422/422/422 421/421/421 
f 422/422/422 423/423/423 421/421/421 
f 421/421/421 423/423/423 424/424/424 
f 423/423/423 425/425/425 424/424/424 
f 424/424/424 425/425/425 426/426/426 
f 425/425/425 427/427/427 426/426/426 
f 426/426/426 427/427/427 426/426/426 
f 427/427/427 428/428/428 426/426/426 
f 426/426/426 428/428/428 426/426/426 
f 428/428/428 429/429/429 426/426/426 
f 426/426/426 429/429/429 426/426/426 
f 429/429/429 430/430/430 426/426/426 
f 426/426/426 430/430/430 424/424/424 
f 430/430/430 431/431/431 424/424/424 
f 424/424/424 431/431/431 421/421/421 
f 431/431/431 431/431/431 421/421/421 
f 421/421/421 431/431/431 418/418/418 
f 431/431/431 431/431/431 418/418/418 
f 418/418/418 431/431/431 417/417/417 
f 431/431/431 431/431/431 417/417/417 
f 417/417/417 431/431/431 432/432/432 
f 431/431/431 430/430/430 432/432/432 
f 432/432/432 430/430/430 433/433/433 
f 430/430/430 429/429/429 433/433/433 
f 433/433/433 429/429/429 433/433/433 
f 429/429/429 434/434/434 433/433/433 
f 433/433/433 434/434/434 433/433/433 
f 434/434/434 435/435/435 433/433/433 
f 433/433/433 435/435/435 436/436/436 
f 435/435/435 437/437/437 436/436/436 
f 436/436/436 437/437/437 436/436/436 
f 437/437/437 438/438/438 436/436/436 
f 436/436/436 438/438/438 436/436/436 
f 438/438/438 439/439/439 436/436/436 
f 436/436/436 439/439/439 432/432/432 
f 439/439/439 439/439/439 432/432/432 
f 432/432/432 439/439/439 417/417/417 
f 439/439/439 439/439/439 417/417/417 
f 417/417/417 439/439/439 414/414/414 
f 439/439/439 439/439/439 414/414/414 
f 414/414/414 439/439/439 412/412/412 
f 439/439/439 438/438/438 412/412/412 
f 412/412/412 438/438/438 438/438/438 
f 438/438/438 422/422/422 438/438/438 
f 438/438/438 422/422/422 422/422/422 
f 422/422/422 420/420/420 422/422/422 
f 422/422/422 420/420/420 440/440/440 
f 420/420/420 440/440/440 440/440/440 
f 440/440/440 440/440/440 436/436/436 
f 440/440/440 436/436/436 436/436/436 
f 436/436/436 436/436/436 433/433/433 
f 436/436/436 432/432/432 433/433/433 
f 433/433/433 432/432/432 432/432/432 
f 432/432/432 435/435/435 432/432/432 
f 432/432/432 435/435/435 435/435/435 
f 435/435/435 441/441/441 435/435/435 
f 435/435/435 441/441/441 437/437/437 
f 441/441/441 437/437/437 437/437/437 
f 437/437/437 437/437/437 442/442/442 
f 437/437/437 442/442/442 442/442/442 
f 442/442/442 442/442/442 443/443/443 
f 442/442/442 444/444/444 443/443/443 
f 443/443/443 444/444/444 445/445/445 
f 444/444/444 446/446/446 445/445/445 
f 445/445/445 446/446/446 445/445/445 
f 446/446/446 447/447/447 445/445/445 
f 445/445/445 447/447/447 445/445/445 
f 447/447/447 448/448/448 445/445/445 
f 445/445/445 448/448/448 449/449/449 
f 448/448/448 450/450/450 449/449/449 
f 449/449/449 450/450/450 451/451/451 
f 450/450/450 452/452/452 451/451/451 
f 451/451/451 452/452/452 453/453/453 
f 452/452/452 452/452/452 453/453/453 
f 453/453/453 452/452/452 454/454/454 
f 452/452/452 452/452/452 454/454/454 
f 454/454/454 452/452/452 455/455/455 
f 452/452/452 456/456/456 455/455/455 
f 455/455/455 456/456/456 455/455/455 
f 456/456/456 457/457/457 455/455/455 
f 455/455/455 457/457/457 455/455/455 
f 457/457/457 458/458/458 455/455/455 
f 455/455/455 458/458/458 455/455/455 
f 458/458/458 459/459/459 455/455/455 
f 455/455/455 459/459/459 454/454/454 
f 459/459/459 459/459/459 454/454/454 
f 454/454/454 459/459/459 460/460/460 
f 459/459/459 461/461/461 460/460/460 
f 460/460/460 461/461/461 462/462/462 
f 461/461/461 462/462/462 462/462/462 
f 462/462/462 462/462/462 451/451/451 
f 462/462/462 451/451/451 451/451/451 
f 451/451/451 451/451/451 449/449/449 
f 451/451/451 463/463/463 449/449/449 
f 449/449/449 463/463/463 449/449/449 
f 463/463/463 443/443/443 449/449/449 
f 449/449/449 443/443/443 445/445/445 
f 443/443/443 445/445/445 445/445/445 
f 445/445/445 445/445/445 448/448/448 
f 445/445/445 448/448/448 448/448/448 
f 448/448/448 448/448/448 450/450/450 
f 448/448/448 464/464/464 450/450/450 
f 450/450/450 464/464/464 450/450/450 
f 464/464/464 456/456/456 450/450/450 
f 450/450/450 456/456/456 452/452/452 
f 456/456/456 452/452/452 452/452/452 
f 452/452/452 452/452/452 458/458/458 
f 452/452/452 458/458/458 458/458/458 
f 458/458/458 458/458/458 459/459/459 
f 458/458/458 465/465/465 459/459/459 
f 459/459/459 465/465/465 461/461/461 
f 465/465/465 466/466/466 461/461/461 
f 461/461/461 466/466/466 461/461/461 
f 466/466/466 467/467/467 461/461/461 
f 461/461/461 467/467/467 462/462/462 
f 467/467/467 467/467/467 462/462/462 
f 462/462/462 467/467/467 468/468/468 
f 467/467/467 469/469/469 468/468/468 
f 468/468/468 469/469/469 470/470/470 
f 469/469/469 469/469/469 470/470/470 
f 470/470/470 469/469/469 471/471/471 
f 469/469/469 472/472/472 471/471/471 
f 471/471/471 472/472/472 473/473/473 
f 472/472/472 472/472/472 473/473/473 
f 473/473/473 472/472/472 474/474/474 
f 472/472/472 472/472/472 474/474/474 
f 474/474/474 472/472/472 475/475/475 
f 472/472/472 472/472/472 475/475/475 
f 475/475/475 472/472/472 476/476/476 
f 472/472/472 469/469/469 476/476/476 
f 476/476/476 469/469/469 476/476/476 
f 469/469/469 467/467/467 476/476/476 
f 476/476/476 467/467/467 466/466/466 
f 467/467/467 466/466/466 466/466/466 
f 466/466/466 466/466/466 471/471/471 
f 466/466/466 471/471/471 471/471/471 
f 471/471/471 471/471/471 477/477/477 
f 471/471/471 473/473/473 477/477/477 
f 477/477/477 473/473/473 478/478/478 
f 473/473/473 479/479/479 478/478/478 
f 478/478/478 479/479/479 480/480/480 
f 479/479/479 481/481/481 480/480/480 
f 480/480/480 481/481/481 482/482/482 
f 481/481/481 483/483/483 482/482/482 
f 482/482/482 483/483/483 483/483/483 
f 483/483/483 473/473/473 483/483/483 
f 483/483/483 473/473/473 473/473/473 
f 473/473/473 474/474/474 473/473/473 
f 473/473/473 474/474/474 479/479/479 
f 474/474/474 484/484/484 479/479/479 
f 479/479/479 484/484/484 481/481/481 
f 484/484/484 481/481/481 481/481/481 
f 481/481/481 481/481/481 478/478/478 
f 481/481/481 478/478/478 478/478/478 
f 478/478/478 478/478/478 485/485/485 
f 478/478/478 480/480/480 485/485/485 
f 485/485/485 480/480/480 486/486/486 
f 480/480/480 482/482/482 486/486/486 
f 486/486/486 482/482/482 482/482/482 
f 482/482/482 487/487/487 482/482/482 
f 482/482/482 487/487/487 487/487/487 
f 487/487/487 488/488/488 487/487/487 
f 487/487/487 488/488/488 489/489/489 
f 488/488/488 490/490/490 489/489/489 
f 489/489/489 490/490/490 491/491/491 
f 490/490/490 492/492/492 491/491/491 
f 491/491/491 492/492/492 491/491/491 
f 492/492/492 493/493/493 491/491/491 
f 491/491/491 493/493/493 491/491/491 
f 493/493/493 494/494/494 491/491/491 
f 491/491/491 494/494/494 491/491/491 
f 494/494/494 495/495/495 491/491/491 
f 491/491/491 495/495/495 489/489/489 
f 495/495/495 489/489/489 489/489/489 
f 489/489/489 489/489/489 488/488/488 
f 489/489/489 488/488/488 488/488/488 
f 488/488/488 488/488/488 490/490/490 
f 488/488/488 496/496/496 490/490/490 
f 490/490/490 496/496/496 497/497/497 
f 496/496/496 498/498/498 497/497/497 
f 497/497/497 498/498/498 499/499/499 
f 498/498/498 500/500/500 499/499/499 
f 499/499/499 500/500/500 499/499/499 
f 500/500/500 501/501/501 499/499/499 
f 499/499/499 501/501/501 499/499/499 
f 501/501/501 502/502/502 499/499/499 
f 499/499/499 502/502/502 503/503/503 
f 502/502/502 504/504/504 503/503/503 
f 503/503/503 504/504/504 503/503/503 
f 504/504/504 505/505/505 503/503/503 
f 503/503/503 505/505/505 492/492/492 
f 505/505/505 493/493/493 492/492/492 
f 492/492/492 493/493/493 493/493/493 
f 493/493/493 490/490/490 493/493/493 
f 493/493/493 490/490/490 490/490/490 
f 490/490/490 497/497/497 490/490/490 
f 490/490/490 497/497/497 492/492/492 
f 497/497/497 497/497/497 492/492/492 
f 492/492/492 497/497/497 503/503/503 
f 497/497/497 499/499/499 503/503/503 
f 503/503/503 499/499/499 499/499/499 
f 499/499/499 502/502/502 499/499/499 
f 499/499/499 502/502/502 502/502/502 
f 502/502/502 506/506/506 502/502/502 
f 502/502/502 506/506/506 504/504/504 
f 506/506/506 507/507/507 504/504/504 
f 504/504/504 507/507/507 504/504/504 
f 507/507/507 508/508/508 504/504/504 
f 504/504/504 508/508/508 505/505/505 
f 508/508/508 509/509/509 505/505/505 
f 505/505/505 509/509/509 493/493/493 
f 509/509/509 510/510/510 493/493/493 
f 493/493/493 510/510/510 494/494/494 
f 510/510/510 510/510/510 494/494/494 
f 494/494/494 510/510/510 511/511/511 
f 510/510/510 510/510/510 511/511/511 
f 511/511/511 510/510/510 512/512/512 
f 510/510/510 510/510/510 512/512/512 
f 512/512/512 510/510/510 513/513/513 
f 510/510/510 509/509/509 513/513/513 
f 513/513/513 509/509/509 514/514/514 
f 509/509/509 508/508/508 514/514/514 
f 514/514/514 508/508/508 515/515/515 
f 508/508/508 507/507/507 515/515/515 
f 515/515/515 507/507/507 516/516/516 
f 507/507/507 516/516/516 516/516/516 
f 516/516/516 516/516/516 517/517/517 
f 516/516/516 517/517/517 517/517/517 
f 517/517/517 517/517/517 518/518/518 
f 517/517/517 519/519/519 518/518/518 
f 518/518/518 519/519/519 520/520/520 
f 519/519/519 520/520/520 520/520/520 
f 520/520/520 520/520/520 518/518/518 
f 520/520/520 518/518/518 518/518/518 
f 518/518/518 518/518/518 517/517/517 
f 518/518/518 521/521/521 517/517/517 
f 517/517/517 521/521/521 522/522/522 
f 521/521/521 523/523/523 522/522/522 
f 522/522/522 523/523/523 524/524/524 
f 523/523/523 525/525/525 524/524/524 
f 524/524/524 525/525/525 526/526/526 
f 525/525/525 527/527/527 526/526/526 
f 526/526/526 527/527/527 528/528/528 
f 527/527/527 529/529/529 528/528/528 
f 528/528/528 529/529/529 530/530/530 
f 529/529/529 531/531/531 530/530/530 
f 530/530/530 531/531/531 532/532/532 
f 531/531/531 533/533/533 532/532/532 
f 532/532/532 533/533/533 534/534/534 
f 533/533/533 535/535/535 534/534/534 
f 534/534/534 535/535/535 536/536/536 
f 535/535/535 537/537/537 536/536/536 
f 536/536/536 537/537/537 538/538/538 
f 537/537/537 539/539/539 538/538/538 
f 538/538/538 539/539/539 540/540/540 
f 539/539/539 541/541/541 540/540/540 
f 540/540/540 541/541/541 541/541/541 
f 541/541/541 540/540/540 541/541/541 
f 541/541/541 540/540/540 540/540/540 
f 540/540/540 542/542/542 540/540/540 
f 540/540/540 542/542/542 538/538/538 
f 542/542/542 543/543/543 538/538/538 
f 538/538/538 543/543/543 536/536/536 
f 543/543/543 544/544/544 536/536/536 
f 536/536/536 544/544/544 534/534/534 
f 544/544/544 545/545/545 534/534/534 
f 534/534/534 545/545/545 532/532/532 
f 545/545/545 532/532/532 532/532/532 
f 532/532/532 532/532/532 542/542/542 
f 532/532/532 542/542/542 542/542/542 
f 542/542/542 542/542/542 543/543/543 
f 542/542/542 546/546/546 543/543/543 
f 543/543/543 546/546/546 543/543/543 
f 546/546/546 547/547/547 543/543/543 
f 543/543/543 547/547/547 544/544/544 
f 547/547/547 548/548/548 544/544/544 
f 544/544/544 548/548/548 545/545/545 
f 548/548/548 549/549/549 545/545/545 
f 545/545/545 549/549/549 550/550/550 
f 549/549/549 551/551/551 550/550/550 
f 550/550/550 551/551/551 552/552/552 
f 551/551/551 553/553/553 552/552/552 
f 552/552/552 553/553/553 554/554/554 
f 553/553/553 555/555/555 554/554/554 
f 554/554/554 555/555/555 554/554/554 
f 555/555/555 556/556/556 554/554/554 
f 554/554/554 556/556/556 554/554/554 
f 556/556/556 526/526/526 554/554/554 
f 554/554/554 526/526/526 554/554/554 
f 526/526/526 528/528/528 554/554/554 
f 554/554/554 528/528/528 552/552/552 
f 528/528/528 530/530/530 552/552/552 
f 552/552/552 530/530/530 550/550/550 
f 530/530/530 532/532/532 550/550/550 
f 550/550/550 532/532/532 545/545/545 
f 532/532/532 545/545/545 545/545/545 
f 545/545/545 545/545/545 555/555/555 
f 545/545/545 555/555/555 555/555/555 
f 555/555/555 555/555/555 556/556/556 
f 555/555/555 557/557/557 556/556/556 
f 556/556/556 557/557/557 558/558/558 
f 557/557/557 559/559/559 558/558/558 
f 558/558/558 559/559/559 560/560/560 
f 559/559/559 561/561/561 560/560/560 
f 560/560/560 561/561/561 562/562/562 
f 561/561/561 563/563/563 562/562/562 
f 562/562/562 563/563/563 563/563/563 
f 563/563/563 526/526/526 563/563/563 
f 563/563/563 526/526/526 526/526/526 
f 526/526/526 556/556/556 526/526/526 
f 526/526/526 556/556/556 524/524/524 
f 556/556/556 558/558/558 524/524/524 
f 524/524/524 558/558/558 522/522/522 
f 558/558/558 560/560/560 522/522/522 
f 522/522/522 560/560/560 517/517/517 
f 560/560/560 562/562/562 517/517/517 
f 517/517/517 562/562/562 519/519/519 
f 562/562/562 562/562/562 519/519/519 
f 519/519/519 562/562/562 564/564/564 
f 562/562/562 563/563/563 564/564/564 
f 564/564/564 563/563/563 564/564/564 
f 563/563/563 565/565/565 564/564/564 
f 564/564/564 565/565/565 566/566/566 
f 565/565/565 567/567/567 566/566/566 
f 566/566/566 567/567/567 568/568/568 
f 567/567/567 569/569/569 568/568/568 
f 568/568/568 569/569/569 570/570/570 
f 569/569/569 571/571/571 570/570/570 
f 570/570/570 571/571/571 572/572/572 
f 571/571/571 573/573/573 572/572/572 
f 572/572/572 573/573/573 574/574/574 
f 573/573/573 575/575/575 574/574/574 
f 574/574/574 575/575/575 575/575/575 
f 575/575/575 574/574/574 575/575/575 
f 575/575/575 574/574/574 574/574/574 
f 574/574/574 576/576/576 574/574/574 
f 574/574/574 576/576/576 572/572/572 
f 576/576/576 577/577/577 572/572/572 
f 572/572/572 577/577/577 570/570/570 
f 577/577/577 578/578/578 570/570/570 
f 570/570/570 578/578/578 568/568/568 
f 578/578/578 579/579/579 568/568/568 
f 568/568/568 579/579/579 566/566/566 
f 579/579/579 580/580/580 566/566/566 
f 566/566/566 580/580/580 564/564/564 
f 580/580/580 580/580/580 564/564/564 
f 564/564/564 580/580/580 519/519/519 
f 580/580/580 580/580/580 519/519/519 
f 519/519/519 580/580/580 520/520/520 
f 580/580/580 580/580/580 520/520/520 
f 520/520/520 580/580/580 581/581/581 
f 580/580/580 579/579/579 581/581/581 
f 581/581/581 579/579/579 582/582/582 
f 579/579/579 578/578/578 582/582/582 
f 582/582/582 578/578/578 583/583/583 
f 578/578/578 577/577/577 583/583/583 
f 583/583/583 577/577/577 584/584/584 
f 577/577/577 576/576/576 584/584/584 
f 584/584/584 576/576/576 576/576/576 
f 576/576/576 585/585/585 576/576/576 
f 576/576/576 585/585/585 585/585/585 
f 585/585/585 586/586/586 585/585/585 
f 585/585/585 586/586/586 587/587/587 
f 586/586/586 588/588/588 587/587/587 
f 587/587/587 588/588/588 589/589/589 
f 588/588/588 590/590/590 589/589/589 
f 589/589/589 590/590/590 591/591/591 
f 590/590/590 592/592/592 591/591/591 
f 591/591/591 592/592/592 593/593/593 
f 592/592/592 594/594/594 593/593/593 
f 593/593/593 594/594/594 595/595/595 
f 594/594/594 594/594/594 595/595/595 
f 595/595/595 594/594/594 596/596/596 
f 594/594/594 597/597/597 596/596/596 
f 596/596/596 597/597/597 598/598/598 
f 597/597/597 598/598/598 598/598/598 
f 598/598/598 598/598/598 586/586/586 
f 598/598/598 586/586/586 586/586/586 
f 586/586/586 586/586/586 588/588/588 
f 586/586/586 599/599/599 588/588/588 
f 588/588/588 599/599/599 588/588/588 
f 599/599/599 600/600/600 588/588/588 
f 588/588/588 600/600/600 590/590/590 
f 600/600/600 601/601/601 590/590/590 
f 590/590/590 601/601/601 592/592/592 
f 601/601/601 602/602/602 592/592/592 
f 592/592/592 602/602/602 594/594/594 
f 602/602/602 602/602/602 594/594/594 
f 594/594/594 602/602/602 597/597/597 
f 602/602/602 603/603/603 597/597/597 
f 597/597/597 603/603/603 597/597/597 
f 603/603/603 604/604/604 597/597/597 
f 597/597/597 604/604/604 598/598/598 
f 604/604/604 605/605/605 598/598/598 
f 598/598/598 605/605/605 606/606/606 
f 605/605/605 607/607/607 606/606/606 
f 606/606/606 607/607/607 608/608/608 
f 607/607/607 609/609/609 608/608/608 
f 608/608/608 609/609/609 610/610/610 
f 609/609/609 611/611/611 610/610/610 
f 610/610/610 611/611/611 612/612/612 
f 611/611/611 613/613/613 612/612/612 
f 612/612/612 613/613/613 612/612/612 
f 613/613/613 614/614/614 612/612/612 
f 612/612/612 614/614/614 612/612/612 
f 614/614/614 615/615/615 612/612/612 
f 612/612/612 615/615/615 616/616/616 
f 615/615/615 617/617/617 616/616/616 
f 616/616/616 617/617/617 618/618/618 
f 617/617/617 618/618/618 618/618/618 
f 618/618/618 618/618/618 617/617/617 
f 618/618/618 617/617/617 617/617/617 
f 617/617/617 617/617/617 619/619/619 
f 617/617/617 615/615/615 619/619/619 
f 619/619/619 615/615/615 620/620/620 
f 615/615/615 614/614/614 620/620/620 
f 620/620/620 614/614/614 614/614/614 
f 614/614/614 619/619/619 614/614/614 
f 614/614/614 619/619/619 619/619/619 
f 619/619/619 620/620/620 619/619/619 
f 619/619/619 620/620/620 621/621/621 
f 620/620/620 620/620/620 621/621/621 
f 621/621/621 620/620/620 622/622/622 
f 620/620/620 623/623/623 622/622/622 
f 622/622/622 623/623/623 624/624/624 
f 623/623/623 625/625/625 624/624/624 
f 624/624/624 625/625/625 626/626/626 
f 625/625/625 626/626/626 626/626/626 
f 626/626/626 626/626/626 620/620/620 
f 626/626/626 620/620/620 620/620/620 
f 620/620/620 620/620/620 623/623/623 
f 620/620/620 614/614/614 623/623/623 
f 623/623/623 614/614/614 627/627/627 
f 614/614/614 613/613/613 627/627/627 
f 627/627/627 613/613/613 627/627/627 
f 613/613/613 628/628/628 627/627/627 
f 627/627/627 628/628/628 627/627/627 
f 628/628/628 629/629/629 627/627/627 
f 627/627/627 629/629/629 625/625/625 
f 629/629/629 630/630/630 625/625/625 
f 625/625/625 630/630/630 626/626/626 
f 630/630/630 630/630/630 626/626/626 
f 626/626/626 630/630/630 631/631/631 
f 630/630/630 632/632/632 631/631/631 
f 631/631/631 632/632/632 633/633/633 
f 632/632/632 633/633/633 633/633/633 
f 633/633/633 633/633/633 627/627/627 
f 633/633/633 627/627/627 627/627/627 
f 627/627/627 627/627/627 623/623/623 
f 627/627/627 625/625/625 623/623/623 
f 623/623/623 625/625/625 625/625/625 
f 625/625/625 602/602/602 625/625/625 
f 625/625/625 602/602/602 602/602/602 
f 602/602/602 601/601/601 602/602/602 
f 602/602/602 601/601/601 634/634/634 
f 601/601/601 601/601/601 634/634/634 
f 634/634/634 601/601/601 635/635/635 
f 601/601/601 600/600/600 635/635/635 
f 635/635/635 600/600/600 600/600/600 
f 600/600/600 634/634/634 600/600/600 
f 600/600/600 634/634/634 634/634/634 
f 634/634/634 603/603/603 634/634/634 
f 634/634/634 603/603/603 602/602/602 
f 603/603/603 602/602/602 602/602/602 
f 602/602/602 602/602/602 632/632/632 
f 602/602/602 632/632/632 632/632/632 
f 632/632/632 632/632/632 636/636/636 
f 632/632/632 630/630/630 636/636/636 
f 636/636/636 630/630/630 636/636/636 
f 630/630/630 629/629/629 636/636/636 
f 636/636/636 629/629/629 637/637/637 
f 629/629/629 628/628/628 637/637/637 
f 637/637/637 628/628/628 638/638/638 
f 628/628/628 628/628/628 638/638/638 
f 638/638/638 628/628/628 639/639/639 
f 628/628/628 613/613/613 639/639/639 
f 639/639/639 613/613/613 639/639/639 
f 613/613/613 611/611/611 639/639/639 
f 639/639/639 611/611/611 640/640/640 
f 611/611/611 609/609/609 640/640/640 
f 640/640/640 609/609/609 641/641/641 
f 609/609/609 607/607/607 641/641/641 
f 641/641/641 607/607/607 642/642/642 
f 607/607/607 605/605/605 642/642/642 
f 642/642/642 605/605/605 643/643/643 
f 605/605/605 604/604/604 643/643/643 
f 643/643/643 604/604/604 644/644/644 
f 604/604/604 603/603/603 644/644/644 
f 644/644/644 603/603/603 645/645/645 
f 603/603/603 634/634/634 645/645/645 
f 645/645/645 634/634/634 646/646/646 
f 634/634/634 635/635/635 646/646/646 
f 646/646/646 635/635/635 647/647/647 
f 635/635/635 635/635/635 647/647/647 
f 647/647/647 635/635/635 648/648/648 
f 635/635/635 600/600/600 648/648/648 
f 648/648/648 600/600/600 648/648/648 
f 600/600/600 599/599/599 648/648/648 
f 648/648/648 599/599/599 649/649/649 
f 599/599/599 650/650/650 649/649/649 
f 649/649/649 650/650/650 651/651/651 
f 650/650/650 652/652/652 651/651/651 
f 651/651/651 652/652/652 653/653/653 
f 652/652/652 654/654/654 653/653/653 
f 653/653/653 654/654/654 655/655/655 
f 654/654/654 656/656/656 655/655/655 
f 655/655/655 656/656/656 656/656/656 
f 656/656/656 655/655/655 656/656/656 
f 656/656/656 655/655/655 655/655/655 
f 655/655/655 657/657/657 655/655/655 
f 655/655/655 657/657/657 653/653/653 
f 657/657/657 658/658/658 653/653/653 
f 653/653/653 658/658/658 651/651/651 
f 658/658/658 659/659/659 651/651/651 
f 651/651/651 659/659/659 649/649/649 
f 659/659/659 660/660/660 649/649/649 
f 649/649/649 660/660/660 648/648/648 
f 660/660/660 660/660/660 648/648/648 
f 648/648/648 660/660/660 647/647/647 
f 660/660/660 661/661/661 647/647/647 
f 647/647/647 661/661/661 647/647/647 
f 661/661/661 662/662/662 647/647/647 
f 647/647/647 662/662/662 646/646/646 
f 662/662/662 663/663/663 646/646/646 
f 646/646/646 663/663/663 645/645/645 
f 663/663/663 664/664/664 645/645/645 
f 645/645/645 664/664/664 644/644/644 
f 664/664/664 665/665/665 644/644/644 
f 644/644/644 665/665/665 643/643/643 
f 665/665/665 666/666/666 643/643/643 
f 643/643/643 666/666/666 642/642/642 
f 666/666/666 667/667/667 642/642/642 
f 642/642/642 667/667/667 641/641/641 
f 667/667/667 668/668/668 641/641/641 
f 641/641/641 668/668/668 640/640/640 
f 668/668/668 669/669/669 640/640/640 
f 640/640/640 669/669/669 639/639/639 
f 669/669/669 669/669/669 639/639/639 
f 639/639/639 669/669/669 638/638/638 
f 669/669/669 670/670/670 638/638/638 
f 638/638/638 670/670/670 638/638/638 
f 670/670/670 671/671/671 638/638/638 
f 638/638/638 671/671/671 637/637/637 
f 671/671/671 672/672/672 637/637/637 
f 637/637/637 672/672/672 636/636/636 
f 672/672/672 673/673/673 636/636/636 
f 636/636/636 673/673/673 632/632/632 
f 673/673/673 674/674/674 632/632/632 
f 632/632/632 674/674/674 633/633/633 
f 674/674/674 674/674/674 633/633/633 
f 633/633/633 674/674/674 675/675/675 
f 674/674/674 676/676/676 675/675/675 
f 675/675/675 676/676/676 677/677/677 
f 676/676/676 678/678/678 677/677/677 
f 677/677/677 678/678/678 679/679/679 
f 678/678/678 679/679/679 679/679/679 
f 679/679/679 679/679/679 658/658/658 
f 679/679/679 658/658/658 658/658/658 
f 658/658/658 658/658/658 680/680/680 
f 658/658/658 657/657/657 680/680/680 
f 680/680/680 657/657/657 657/657/657 
f 657/657/657 678/678/678 657/657/657 
f 657/657/657 678/678/678 678/678/678 
f 678/678/678 676/676/676 678/678/678 
f 678/678/678 676/676/676 681/681/681 
f 676/676/676 682/682/682 681/681/681 
f 681/681/681 682/682/682 683/683/683 
f 682/682/682 684/684/684 683/683/683 
f 683/683/683 684/684/684 685/685/685 
f 684/684/684 686/686/686 685/685/685 
f 685/685/685 686/686/686 687/687/687 
f 686/686/686 686/686/686 687/687/687 
f 687/687/687 686/686/686 688/688/688 
f 686/686/686 686/686/686 688/688/688 
f 688/688/688 686/686/686 671/671/671 
f 686/686/686 686/686/686 671/671/671 
f 671/671/671 686/686/686 672/672/672 
f 686/686/686 684/684/684 672/672/672 
f 672/672/672 684/684/684 673/673/673 
f 684/684/684 682/682/682 673/673/673 
f 673/673/673 682/682/682 674/674/674 
f 682/682/682 676/676/676 674/674/674 
f 674/674/674 676/676/676 676/676/676 
f 676/676/676 687/687/687 676/676/676 
f 676/676/676 687/687/687 687/687/687 
f 687/687/687 688/688/688 687/687/687 
f 687/687/687 688/688/688 689/689/689 
f 688/688/688 690/690/690 689/689/689 
f 689/689/689 690/690/690 691/691/691 
f 690/690/690 691/691/691 691/691/691 
f 691/691/691 691/691/691 671/671/671 
f 691/691/691 671/671/671 671/671/671 
f 671/671/671 671/671/671 688/688/688 
f 671/671/671 670/670/670 688/688/688 
f 688/688/688 670/670/670 690/690/690 
f 670/670/670 670/670/670 690/690/690 
f 690/690/690 670/670/670 692/692/692 
f 670/670/670 669/669/669 692/692/692 
f 692/692/692 669/669/669 692/692/692 
f 669/669/669 668/668/668 692/692/692 
f 692/692/692 668/668/668 693/693/693 
f 668/668/668 667/667/667 693/693/693 
f 693/693/693 667/667/667 694/694/694 
f 667/667/667 666/666/666 694/694/694 
f 694/694/694 666/666/666 695/695/695 
f 666/666/666 665/665/665 695/695/695 
f 695/695/695 665/665/665 696/696/696 
f 665/665/665 664/664/664 696/696/696 
f 696/696/696 664/664/664 697/697/697 
f 664/664/664 663/663/663 697/697/697 
f 697/697/697 663/663/663 698/698/698 
f 663/663/663 662/662/662 698/698/698 
f 698/698/698 662/662/662 699/699/699 
f 662/662/662 661/661/661 699/699/699 
f 699/699/699 661/661/661 700/700/700 
f 661/661/661 661/661/661 700/700/700 
f 700/700/700 661/661/661 701/701/701 
f 661/661/661 660/660/660 701/701/701 
f 701/701/701 660/660/660 701/701/701 
f 660/660/660 659/659/659 701/701/701 
f 701/701/701 659/659/659 702/702/702 
f 659/659/659 658/658/658 702/702/702 
f 702/702/702 658/658/658 702/702/702 
f 658/658/658 680/680/680 702/702/702 
f 702/702/702 680/680/680 702/702/702 
f 680/680/680 703/703/703 702/702/702 
f 702/702/702 703/703/703 704/704/704 
f 703/703/703 705/705/705 704/704/704 
f 704/704/704 705/705/705 706/706/706 
f 705/705/705 707/707/707 706/706/706 
f 706/706/706 707/707/707 706/706/706 
f 707/707/707 708/708/708 706/706/706 
f 706/706/706 708/708/708 706/706/706 
f 708/708/708 709/709/709 706/706/706 
f 706/706/706 709/709/709 700/700/700 
f 709/709/709 709/709/709 700/700/700 
f 700/700/700 709/709/709 699/699/699 
f 709/709/709 710/710/710 699/699/699 
f 699/699/699 710/710/710 698/698/698 
f 710/710/710 698/698/698 698/698/698 
f 698/698/698 698/698/698 702/702/702 
f 698/698/698 702/702/702 702/702/702 
f 702/702/702 702/702/702 701/701/701 
f 702/702/702 704/704/704 701/701/701 
f 701/701/701 704/704/704 700/700/700 
f 704/704/704 706/706/706 700/700/700 
f 700/700/700 706/706/706 706/706/706 
f 706/706/706 708/708/708 706/706/706 
f 706/706/706 708/708/708 708/708/708 
f 708/708/708 711/711/711 708/708/708 
f 708/708/708 711/711/711 709/709/709 
f 711/711/711 711/711/711 709/709/709 
f 709/709/709 711/711/711 710/710/710 
f 711/711/711 712/712/712 710/710/710 
f 710/710/710 712/712/712 713/713/713 
f 712/712/712 714/714/714 713/713/713 
f 713/713/713 714/714/714 715/715/715 
f 714/714/714 716/716/716 715/715/715 
f 715/715/715 716/716/716 717/717/717 
f 716/716/716 718/718/718 717/717/717 
f 717/717/717 718/718/718 718/718/718 
f 718/718/718 710/710/710 718/718/718 
f 718/718/718 710/710/710 710/710/710 
f 710/710/710 713/713/713 710/710/710 
f 710/710/710 713/713/713 698/698/698 
f 713/713/713 713/713/713 698/698/698 
f 698/698/698 713/713/713 697/697/697 
f 713/713/713 715/715/715 697/697/697 
f 697/697/697 715/715/715 696/696/696 
f 715/715/715 717/717/717 696/696/696 
f 696/696/696 717/717/717 695/695/695 
f 717/717/717 719/719/719 695/695/695 
f 695/695/695 719/719/719 694/694/694 
f 719/719/719 719/719/719 694/694/694 
f 694/694/694 719/719/719 720/720/720 
f 719/719/719 721/721/721 720/720/720 
f 720/720/720 721/721/721 720/720/720 
f 721/721/721 722/722/722 720/720/720 
f 720/720/720 722/722/722 723/723/723 
f 722/722/722 691/691/691 723/723/723 
f 723/723/723 691/691/691 723/723/723 
f 691/691/691 690/690/690 723/723/723 
f 723/723/723 690/690/690 723/723/723 
f 690/690/690 692/692/692 723/723/723 
f 723/723/723 692/692/692 723/723/723 
f 692/692/692 693/693/693 723/723/723 
f 723/723/723 693/693/693 720/720/720 
f 693/693/693 694/694/694 720/720/720 
f 720/720/720 694/694/694 694/694/694 
f 694/694/694 717/717/717 694/694/694 
f 694/694/694 717/717/717 717/717/717 
f 717/717/717 718/718/718 717/717/717 
f 717/717/717 718/718/718 719/719/719 
f 718/718/718 721/721/721 719/719/719 
f 719/719/719 721/721/721 721/721/721 
f 721/721/721 724/724/724 721/721/721 
f 721/721/721 724/724/724 724/724/724 
f 724/724/724 725/725/725 724/724/724 
f 724/724/724 725/725/725 726/726/726 
f 725/725/725 727/727/727 726/726/726 
f 726/726/726 727/727/727 728/728/728 
f 727/727/727 729/729/729 728/728/728 
f 728/728/728 729/729/729 730/730/730 
f 729/729/729 730/730/730 730/730/730 
f 730/730/730 730/730/730 725/725/725 
f 730/730/730 725/725/725 725/725/725 
f 725/725/725 725/725/725 727/727/727 
f 725/725/725 731/731/731 727/727/727 
f 727/727/727 731/731/731 732/732/732 
f 731/731/731 733/733/733 732/732/732 
f 732/732/732 733/733/733 734/734/734 
f 733/733/733 735/735/735 734/734/734 
f 734/734/734 735/735/735 736/736/736 
f 735/735/735 737/737/737 736/736/736 
f 736/736/736 737/737/737 736/736/736 
f 737/737/737 738/738/738 736/736/736 
f 736/736/736 738/738/738 739/739/739 
f 738/738/738 740/740/740 739/739/739 
f 739/739/739 740/740/740 740/740/740 
f 740/740/740 727/727/727 740/740/740 
f 740/740/740 727/727/727 727/727/727 
f 727/727/727 732/732/732 727/727/727 
f 727/727/727 732/732/732 729/729/729 
f 732/732/732 741/741/741 729/729/729 
f 729/729/729 741/741/741 729/729/729 
f 741/741/741 742/742/742 729/729/729 
f 729/729/729 742/742/742 730/730/730 
f 742/742/742 743/743/743 730/730/730 
f 730/730/730 743/743/743 744/744/744 
f 743/743/743 744/744/744 744/744/744 
f 744/744/744 744/744/744 732/732/732 
f 744/744/744 732/732/732 732/732/732 
f 732/732/732 732/732/732 741/741/741 
f 732/732/732 734/734/734 741/741/741 
f 741/741/741 734/734/734 745/745/745 
f 734/734/734 736/736/736 745/745/745 
f 745/745/745 736/736/736 739/739/739 
f 736/736/736 739/739/739 739/739/739 
f 739/739/739 739/739/739 743/743/743 
f 739/739/739 743/743/743 743/743/743 
f 743/743/743 743/743/743 746/746/746 
f 743/743/743 742/742/742 746/746/746 
f 746/746/746 742/742/742 746/746/746 
f 742/742/742 741/741/741 746/746/746 
f 746/746/746 741/741/741 746/746/746 
f 741/741/741 745/745/745 746/746/746 
f 746/746/746 745/745/745 747/747/747 
f 745/745/745 739/739/739 747/747/747 
f 747/747/747 739/739/739 748/748/748 
f 739/739/739 740/740/740 748/748/748 
f 748/748/748 740/740/740 740/740/740 
f 740/740/740 743/743/743 740/740/740 
f 740/740/740 743/743/743 743/743/743 
f 743/743/743 746/746/746 743/743/743 
f 743/743/743 746/746/746 749/749/749 
f 746/746/746 746/746/746 749/749/749 
f 749/749/749 746/746/746 750/750/750 
f 746/746/746 747/747/747 750/750/750 
f 750/750/750 747/747/747 750/750/750 
f 747/747/747 748/748/748 750/750/750 
f 750/750/750 748/748/748 751/751/751 
f 748/748/748 748/748/748 751/751/751 
f 751/751/751 748/748/748 752/752/752 
f 748/748/748 748/748/748 752/752/752 
f 752/752/752 748/748/748 753/753/753 
f 748/748/748 740/740/740 753/753/753 
f 753/753/753 740/740/740 740/740/740 
f 740/740/740 754/754/754 740/740/740 
f 740/740/740 754/754/754 754/754/754 
f 754/754/754 755/755/755 754/754/754 
f 754/754/754 755/755/755 756/756/756 
f 755/755/755 755/755/755 756/756/756 
f 756/756/756 755/755/755 757/757/757 
f 755/755/755 758/758/758 757/757/757 
f 757/757/757 758/758/758 757/757/757 
f 758/758/758 759/759/759 757/757/757 
f 757/757/757 759/759/759 757/757/757 
f 759/759/759 760/760/760 757/757/757 
f 757/757/757 760/760/760 757/757/757 
f 760/760/760 761/761/761 757/757/757 
f 757/757/757 761/761/761 756/756/756 
f 761/761/761 761/761/761 756/756/756 
f 756/756/756 761/761/761 762/762/762 
f 761/761/761 761/761/761 762/762/762 
f 762/762/762 761/761/761 763/763/763 
f 761/761/761 761/761/761 763/763/763 
f 763/763/763 761/761/761 764/764/764 
f 761/761/761 760/760/760 764/764/764 
f 764/764/764 760/760/760 765/765/765 
f 760/760/760 765/765/765 765/765/765 
f 765/765/765 765/765/765 754/754/754 
f 765/765/765 754/754/754 754/754/754 
f 754/754/754 754/754/754 755/755/755 
f 754/754/754 766/766/766 755/755/755 
f 755/755/755 766/766/766 767/767/767 
f 766/766/766 768/768/768 767/767/767 
f 767/767/767 768/768/768 769/769/769 
f 768/768/768 768/768/768 769/769/769 
f 769/769/769 768/768/768 770/770/770 
f 768/768/768 768/768/768 770/770/770 
f 770/770/770 768/768/768 771/771/771 
f 768/768/768 772/772/772 771/771/771 
f 771/771/771 772/772/772 771/771/771 
f 772/772/772 773/773/773 771/771/771 
f 771/771/771 773/773/773 774/774/774 
f 773/773/773 775/775/775 774/774/774 
f 774/774/774 775/775/775 776/776/776 
f 775/775/775 777/777/777 776/776/776 
f 776/776/776 777/777/777 778/778/778 
f 777/777/777 779/779/779 778/778/778 
f 778/778/778 779/779/779 778/778/778 
f 779/779/779 780/780/780 778/778/778 
f 778/778/778 780/780/780 781/781/781 
f 780/780/780 782/782/782 781/781/781 
f 781/781/781 782/782/782 782/782/782 
f 782/782/782 755/755/755 782/782/782 
f 782/782/782 755/755/755 755/755/755 
f 755/755/755 767/767/767 755/755/755 
f 755/755/755 767/767/767 758/758/758 
f 767/767/767 767/767/767 758/758/758 
f 758/758/758 767/767/767 783/783/783 
f 767/767/767 769/769/769 783/783/783 
f 783/783/783 769/769/769 769/769/769 
f 769/769/769 768/768/768 769/769/769 
f 769/769/769 768/768/768 768/768/768 
f 768/768/768 766/766/766 768/768/768 
f 768/768/768 766/766/766 772/772/772 
f 766/766/766 772/772/772 772/772/772 
f 772/772/772 772/772/772 770/770/770 
f 772/772/772 770/770/770 770/770/770 
f 770/770/770 770/770/770 784/784/784 
f 770/770/770 771/771/771 784/784/784 
f 784/784/784 771/771/771 784/784/784 
f 771/771/771 774/774/774 784/784/784 
f 784/784/784 774/774/774 785/785/785 
f 774/774/774 776/776/776 785/785/785 
f 785/785/785 776/776/776 786/786/786 
f 776/776/776 778/778/778 786/786/786 
f 786/786/786 778/778/778 786/786/786 
f 778/778/778 781/781/781 786/786/786 
f 786/786/786 781/781/781 787/787/787 
f 781/781/781 788/788/788 787/787/787 
f 787/787/787 788/788/788 789/789/789 
f 788/788/788 790/790/790 789/789/789 
f 789/789/789 790/790/790 791/791/791 
f 790/790/790 790/790/790 791/791/791 
f 791/791/791 790/790/790 792/792/792 
f 790/790/790 793/793/793 792/792/792 
f 792/792/792 793/793/793 792/792/792 
f 793/793/793 794/794/794 792/792/792 
f 792/792/792 794/794/794 792/792/792 
f 794/794/794 795/795/795 792/792/792 
f 792/792/792 795/795/795 796/796/796 
f 795/795/795 797/797/797 796/796/796 
f 796/796/796 797/797/797 797/797/797 
f 797/797/797 781/781/781 797/797/797 
f 797/797/797 781/781/781 781/781/781 
f 781/781/781 782/782/782 781/781/781 
f 781/781/781 782/782/782 788/788/788 
f 782/782/782 798/798/798 788/788/788 
f 788/788/788 798/798/798 790/790/790 
f 798/798/798 793/793/793 790/790/790 
f 790/790/790 793/793/793 793/793/793 
f 793/793/793 791/791/791 793/793/793 
f 793/793/793 791/791/791 791/791/791 
f 791/791/791 792/792/792 791/791/791 
f 791/791/791 792/792/792 796/796/796 
f 792/792/792 796/796/796 796/796/796 
f 796/796/796 796/796/796 799/799/799 
f 796/796/796 799/799/799 799/799/799 
f 799/799/799 799/799/799 800/800/800 
f 799/799/799 801/801/801 800/800/800 
f 800/800/800 801/801/801 802/802/802 
f 801/801/801 803/803/803 802/802/802 
f 802/802/802 803/803/803 804/804/804 
f 803/803/803 803/803/803 804/804/804 
f 804/804/804 803/803/803 805/805/805 
f 803/803/803 806/806/806 805/805/805 
f 805/805/805 806/806/806 807/807/807 
f 806/806/806 808/808/808 807/807/807 
f 807/807/807 808/808/808 808/808/808 
f 808/808/808 807/807/807 808/808/808 
f 808/808/808 807/807/807 807/807/807 
f 807/807/807 809/809/809 807/807/807 
f 807/807/807 809/809/809 805/805/805 
f 809/809/809 810/810/810 805/805/805 
f 805/805/805 810/810/810 804/804/804 
f 810/810/810 804/804/804 804/804/804 
f 804/804/804 804/804/804 809/809/809 
f 804/804/804 809/809/809 809/809/809 
f 809/809/809 809/809/809 810/810/810 
f 809/809/809 811/811/811 810/810/810 
f 810/810/810 811/811/811 812/812/812 
f 811/811/811 813/813/813 812/812/812 
f 812/812/812 813/813/813 814/814/814 
f 813/813/813 815/815/815 814/814/814 
f 814/814/814 815/815/815 814/814/814 
f 815/815/815 816/816/816 814/814/814 
f 814/814/814 816/816/816 817/817/817 
f 816/816/816 818/818/818 817/817/817 
f 817/817/817 818/818/818 817/817/817 
f 818/818/818 819/819/819 817/817/817 
f 817/817/817 819/819/819 820/820/820 
f 819/819/819 821/821/821 820/820/820 
f 820/820/820 821/821/821 820/820/820 
f 821/821/821 822/822/822 820/820/820 
f 820/820/820 822/822/822 820/820/820 
f 822/822/822 823/823/823 820/820/820 
f 820/820/820 823/823/823 824/824/824 
f 823/823/823 823/823/823 824/824/824 
f 824/824/824 823/823/823 825/825/825 
f 823/823/823 826/826/826 825/825/825 
f 825/825/825 826/826/826 825/825/825 
f 826/826/826 800/800/800 825/825/825 
f 825/825/825 800/800/800 802/802/802 
f 800/800/800 802/802/802 802/802/802 
f 802/802/802 802/802/802 820/820/820 
f 802/802/802 820/820/820 820/820/820 
f 820/820/820 820/820/820 817/817/817 
f 820/820/820 824/824/824 817/817/817 
f 817/817/817 824/824/824 827/827/827 
f 824/824/824 828/828/828 827/827/827 
f 827/827/827 828/828/828 812/812/812 
f 828/828/828 828/828/828 812/812/812 
f 812/812/812 828/828/828 810/810/810 
f 828/828/828 828/828/828 810/810/810 
f 810/810/810 828/828/828 804/804/804 
f 828/828/828 828/828/828 804/804/804 
f 804/804/804 828/828/828 802/802/802 
f 828/828/828 828/828/828 802/802/802 
f 802/802/802 828/828/828 825/825/825 
f 828/828/828 824/824/824 825/825/825 
f 825/825/825 824/824/824 824/824/824 
f 824/824/824 817/817/817 824/824/824 
f 824/824/824 817/817/817 817/817/817 
f 817/817/817 827/827/827 817/817/817 
f 817/817/817 827/827/827 814/814/814 
f 827/827/827 812/812/812 814/814/814 
f 814/814/814 812/812/812 812/812/812 
f 812/812/812 829/829/829 812/812/812 
f 812/812/812 829/829/829 829/829/829 
f 829/829/829 830/830/830 829/829/829 
f 829/829/829 830/830/830 831/831/831 
f 830/830/830 832/832/832 831/831/831 
f 831/831/831 832/832/832 833/833/833 
f 832/832/832 834/834/834 833/833/833 
f 833/833/833 834/834/834 835/835/835 
f 834/834/834 836/836/836 835/835/835 
f 835/835/835 836/836/836 837/837/837 
f 836/836/836 838/838/838 837/837/837 
f 837/837/837 838/838/838 839/839/839 
f 838/838/838 840/840/840 839/839/839 
f 839/839/839 840/840/840 841/841/841 
f 840/840/840 842/842/842 841/841/841 
f 841/841/841 842/842/842 843/843/843 
f 842/842/842 844/844/844 843/843/843 
f 843/843/843 844/844/844 845/845/845 
f 844/844/844 846/846/846 845/845/845 
f 845/845/845 846/846/846 847/847/847 
f 846/846/846 848/848/848 847/847/847 
f 847/847/847 848/848/848 849/849/849 
f 848/848/848 850/850/850 849/849/849 
f 849/849/849 850/850/850 851/851/851 
f 850/850/850 852/852/852 851/851/851 
f 851/851/851 852/852/852 853/853/853 
f 852/852/852 854/854/854 853/853/853 
f 853/853/853 854/854/854 855/855/855 
f 854/854/854 854/854/854 855/855/855 
f 855/855/855 854/854/854 856/856/856 
f 854/854/854 857/857/857 856/856/856 
f 856/856/856 857/857/857 858/858/858 
f 857/857/857 859/859/859 858/858/858 
f 858/858/858 859/859/859 860/860/860 
f 859/859/859 860/860/860 860/860/860 
f 860/860/860 860/860/860 859/859/859 
f 860/860/860 859/859/859 859/859/859 
f 859/859/859 859/859/859 861/861/861 
f 859/859/859 857/857/857 861/861/861 
f 861/861/861 857/857/857 862/862/862 
f 857/857/857 854/854/854 862/862/862 
f 862/862/862 854/854/854 862/862/862 
f 854/854/854 852/852/852 862/862/862 
f 862/862/862 852/852/852 863/863/863 
f 852/852/852 850/850/850 863/863/863 
f 863/863/863 850/850/850 864/864/864 
f 850/850/850 848/848/848 864/864/864 
f 864/864/864 848/848/848 865/865/865 
f 848/848/848 846/846/846 865/865/865 
f 865/865/865 846/846/846 866/866/866 
f 846/846/846 844/844/844 866/866/866 
f 866/866/866 844/844/844 844/844/844 
f 844/844/844 861/861/861 844/844/844 
f 844/844/844 861/861/861 861/861/861 
f 861/861/861 862/862/862 861/861/861 
f 861/861/861 862/862/862 867/867/867 
f 862/862/862 863/863/863 867/867/867 
f 867/867/867 863/863/863 868/868/868 
f 863/863/863 864/864/864 868/868/868 
f 868/868/868 864/864/864 869/869/869 
f 864/864/864 865/865/865 869/869/869 
f 869/869/869 865/865/865 870/870/870 
f 865/865/865 866/866/866 870/870/870 
f 870/870/870 866/866/866 871/871/871 
f 866/866/866 872/872/872 871/871/871 
f 871/871/871 872/872/872 873/873/873 
f 872/872/872 872/872/872 873/873/873 
f 873/873/873 872/872/872 874/874/874 
f 872/872/872 842/842/842 874/874/874 
f 874/874/874 842/842/842 874/874/874 
f 842/842/842 840/840/840 874/874/874 
f 874/874/874 840/840/840 875/875/875 
f 840/840/840 838/838/838 875/875/875 
f 875/875/875 838/838/838 875/875/875 
f 838/838/838 876/876/876 875/875/875 
f 875/875/875 876/876/876 877/877/877 
f 876/876/876 876/876/876 877/877/877 
f 877/877/877 876/876/876 878/878/878 
f 876/876/876 876/876/876 878/878/878 
f 878/878/878 876/876/876 879/879/879 
f 876/876/876 836/836/836 879/879/879 
f 879/879/879 836/836/836 879/879/879 
f 836/836/836 834/834/834 879/879/879 
f 879/879/879 834/834/834 880/880/880 
f 834/834/834 832/832/832 880/880/880 
f 880/880/880 832/832/832 832/832/832 
f 832/832/832 866/866/866 832/832/832 
f 832/832/832 866/866/866 866/866/866 
f 866/866/866 844/844/844 866/866/866 
f 866/866/866 844/844/844 872/872/872 
f 844/844/844 842/842/842 872/872/872 
f 872/872/872 842/842/842 842/842/842 
f 842/842/842 873/873/873 842/842/842 
f 842/842/842 873/873/873 873/873/873 
f 873/873/873 874/874/874 873/873/873 
f 873/873/873 874/874/874 881/881/881 
f 874/874/874 875/875/875 881/881/881 
f 881/881/881 875/875/875 877/877/877 
f 875/875/875 877/877/877 877/877/877 
f 877/877/877 877/877/877 876/876/876 
f 877/877/877 876/876/876 876/876/876 
f 876/876/876 876/876/876 836/836/836 
f 876/876/876 838/838/838 836/836/836 
f 836/836/836 838/838/838 838/838/838 
f 838/838/838 878/878/878 838/838/838 
f 838/838/838 878/878/878 878/878/878 
f 878/878/878 879/879/879 878/878/878 
f 878/878/878 879/879/879 882/882/882 
f 879/879/879 880/880/880 882/882/882 
f 882/882/882 880/880/880 883/883/883 
f 880/880/880 884/884/884 883/883/883 
f 883/883/883 884/884/884 885/885/885 
f 884/884/884 886/886/886 885/885/885 
f 885/885/885 886/886/886 887/887/887 
f 886/886/886 887/887/887 887/887/887 
f 887/887/887 887/887/887 880/880/880 
f 887/887/887 880/880/880 880/880/880 
f 880/880/880 880/880/880 884/884/884 
f 880/880/880 832/832/832 884/884/884 
f 884/884/884 832/832/832 884/884/884 
f 832/832/832 830/830/830 884/884/884 
f 884/884/884 830/830/830 886/886/886 
f 830/830/830 830/830/830 886/886/886 
f 886/886/886 830/830/830 888/888/888 
f 830/830/830 829/829/829 888/888/888 
f 888/888/888 829/829/829 888/888/888 
f 829/829/829 889/889/889 888/888/888 
f 888/888/888 889/889/889 890/890/890 
f 889/889/889 891/891/891 890/890/890 
f 890/890/890 891/891/891 892/892/892 
f 891/891/891 893/893/893 892/892/892 
f 892/892/892 893/893/893 893/893/893 
f 893/893/893 892/892/892 893/893/893 
f 893/893/893 892/892/892 892/892/892 
f 892/892/892 894/894/894 892/892/892 
f 892/892/892 894/894/894 890/890/890 
f 894/894/894 895/895/895 890/890/890 
f 890/890/890 895/895/895 888/888/888 
f 895/895/895 895/895/895 888/888/888 
f 888/888/888 895/895/895 886/886/886 
f 895/895/895 895/895/895 886/886/886 
f 886/886/886 895/895/895 887/887/887 
f 895/895/895 895/895/895 887/887/887 
f 887/887/887 895/895/895 896/896/896 
f 895/895/895 894/894/894 896/896/896 
f 896/896/896 894/894/894 894/894/894 
f 894/894/894 897/897/897 894/894/894 
f 894/894/894 897/897/897 897/897/897 
f 897/897/897 898/898/898 897/897/897 
f 897/897/897 898/898/898 899/899/899 
f 898/898/898 900/900/900 899/899/899 
f 899/899/899 900/900/900 901/901/901 
f 900/900/900 902/902/902 901/901/901 
f 901/901/901 902/902/902 903/903/903 
f 902/902/902 904/904/904 903/903/903 
f 903/903/903 904/904/904 905/905/905 
f 904/904/904 906/906/906 905/905/905 
f 905/905/905 906/906/906 906/906/906 
f 906/906/906 898/898/898 906/906/906 
f 906/906/906 898/898/898 898/898/898 
f 898/898/898 907/907/907 898/898/898 
f 898/898/898 907/907/907 900/900/900 
f 907/907/907 908/908/908 900/900/900 
f 900/900/900 908/908/908 902/902/902 
f 908/908/908 909/909/909 902/902/902 
f 902/902/902 909/909/909 904/904/904 
f 909/909/909 904/904/904 904/904/904 
f 904/904/904 904/904/904 907/907/907 
f 904/904/904 907/907/907 907/907/907 
f 907/907/907 907/907/907 908/908/908 
f 907/907/907 910/910/910 908/908/908 
f 908/908/908 910/910/910 911/911/911 
f 910/910/910 912/912/912 911/911/911 
f 911/911/911 912/912/912 913/913/913 
f 912/912/912 914/914/914 913/913/913 
f 913/913/913 914/914/914 913/913/913 
f 914/914/914 915/915/915 913/913/913 
f 913/913/913 915/915/915 916/916/916 
f 915/915/915 917/917/917 916/916/916 
f 916/916/916 917/917/917 917/917/917 
f 917/917/917 908/908/908 917/917/917 
f 917/917/917 908/908/908 908/908/908 
f 908/908/908 911/911/911 908/908/908 
f 908/908/908 911/911/911 909/909/909 
f 911/911/911 918/918/918 909/909/909 
f 909/909/909 918/918/918 919/919/919 
f 918/918/918 920/920/920 919/919/919 
f 919/919/919 920/920/920 919/919/919 
f 920/920/920 921/921/921 919/919/919 
f 919/919/919 921/921/921 919/919/919 
f 921/921/921 906/906/906 919/919/919 
f 919/919/919 906/906/906 919/919/919 
f 906/906/906 904/904/904 919/919/919 
f 919/919/919 904/904/904 909/909/909 
f 904/904/904 909/909/909 909/909/909 
f 909/909/909 909/909/909 911/911/911 
f 909/909/909 911/911/911 911/911/911 
f 911/911/911 911/911/911 918/918/918 
f 911/911/911 913/913/913 918/918/918 
f 918/918/918 913/913/913 918/918/918 
f 913/913/913 916/916/916 918/918/918 
f 918/918/918 916/916/916 920/920/920 
f 916/916/916 922/922/922 920/920/920 
f 920/920/920 922/922/922 923/923/923 
f 922/922/922 922/922/922 923/923/923 
f 923/923/923 922/922/922 924/924/924 
f 922/922/922 925/925/925 924/924/924 
f 924/924/924 925/925/925 926/926/926 
f 925/925/925 926/926/926 926/926/926 
f 926/926/926 926/926/926 916/916/916 
f 926/926/926 916/916/916 916/916/916 
f 916/916/916 916/916/916 922/922/922 
f 916/916/916 917/917/917 922/922/922 
f 922/922/922 917/917/917 925/925/925 
f 917/917/917 925/925/925 925/925/925 
f 925/925/925 925/925/925 921/921/921 
f 925/925/925 921/921/921 921/921/921 
f 921/921/921 921/921/921 923/923/923 
f 921/921/921 920/920/920 923/923/923 
f 923/923/923 920/920/920 920/920/920 
f 920/920/920 927/927/927 920/920/920 
f 920/920/920 927/927/927 927/927/927 
f 927/927/927 928/928/928 927/927/927 
f 927/927/927 928/928/928 929/929/929 
f 928/928/928 930/930/930 929/929/929 
f 929/929/929 930/930/930 931/931/931 
f 930/930/930 932/932/932 931/931/931 
f 931/931/931 932/932/932 933/933/933 
f 932/932/932 934/934/934 933/933/933 
f 933/933/933 934/934/934 935/935/935 
f 934/934/934 936/936/936 935/935/935 
f 935/935/935 936/936/936 936/936/936 
f 936/936/936 928/928/928 936/936/936 
f 936/936/936 928/928/928 928/928/928 
f 928/928/928 937/937/937 928/928/928 
f 928/928/928 937/937/937 930/930/930 
f 937/937/937 938/938/938 930/930/930 
f 930/930/930 938/938/938 932/932/932 
f 938/938/938 939/939/939 932/932/932 
f 932/932/932 939/939/939 934/934/934 
f 939/939/939 934/934/934 934/934/934 
f 934/934/934 934/934/934 937/937/937 
f 934/934/934 937/937/937 937/937/937 
f 937/937/937 937/937/937 938/938/938 
f 937/937/937 940/940/940 938/938/938 
f 938/938/938 940/940/940 941/941/941 
f 940/940/940 942/942/942 941/941/941 
f 941/941/941 942/942/942 943/943/943 
f 942/942/942 944/944/944 943/943/943 
f 943/943/943 944/944/944 943/943/943 
f 944/944/944 945/945/945 943/943/943 
f 943/943/943 945/945/945 946/946/946 
f 945/945/945 947/947/947 946/946/946 
f 946/946/946 947/947/947 947/947/947 
f 947/947/947 938/938/938 947/947/947 
f 947/947/947 938/938/938 938/938/938 
f 938/938/938 941/941/941 938/938/938 
f 938/938/938 941/941/941 939/939/939 
f 941/941/941 948/948/948 939/939/939 
f 939/939/939 948/948/948 949/949/949 
f 948/948/948 950/950/950 949/949/949 
f 949/949/949 950/950/950 949/949/949 
f 950/950/950 951/951/951 949/949/949 
f 949/949/949 951/951/951 949/949/949 
f 951/951/951 936/936/936 949/949/949 
f 949/949/949 936/936/936 949/949/949 
f 936/936/936 934/934/934 949/949/949 
f 949/949/949 934/934/934 939/939/939 
f 934/934/934 939/939/939 939/939/939 
f 939/939/939 939/939/939 941/941/941 
f 939/939/939 941/941/941 941/941/941 
f 941/941/941 941/941/941 948/948/948 
f 941/941/941 943/943/943 948/948/948 
f 948/948/948 943/943/943 948/948/948 
f 943/943/943 946/946/946 948/948/948 
f 948/948/948 946/946/946 950/950/950 
f 946/946/946 952/952/952 950/950/950 
f 950/950/950 952/952/952 953/953/953 
f 952/952/952 952/952/952 953/953/953 
f 953/953/953 952/952/952 954/954/954 
f 952/952/952 955/955/955 954/954/954 
f 954/954/954 955/955/955 956/956/956 
f 955/955/955 956/956/956 956/956/956 
f 956/956/956 956/956/956 946/946/946 
f 956/956/956 946/946/946 946/946/946 
f 946/946/946 946/946/946 952/952/952 
f 946/946/946 947/947/947 952/952/952 
f 952/952/952 947/947/947 955/955/955 
f 947/947/947 955/955/955 955/955/955 
f 955/955/955 955/955/955 951/951/951 
f 955/955/955 951/951/951 951/951/951 
f 951/951/951 951/951/951 953/953/953 
f 951/951/951 950/950/950 953/953/953 
f 953/953/953 950/950/950 950/950/950 
f 950/950/950 957/957/957 950/950/950 
f 950/950/950 957/957/957 957/957/957 
f 957/957/957 958/958/958 957/957/957 
f 957/957/957 958/958/958 959/959/959 
f 958/958/958 960/960/960 959/959/959 
f 959/959/959 960/960/960 961/961/961 
f 960/960/960 960/960/960 961/961/961 
f 961/961/961 960/960/960 962/962/962 
f 960/960/960 963/963/963 962/962/962 
f 962/962/962 963/963/963 964/964/964 
f 963/963/963 965/965/965 964/964/964 
f 964/964/964 965/965/965 966/966/966 
f 965/965/965 967/967/967 966/966/966 
f 966/966/966 967/967/967 968/968/968 
f 967/967/967 968/968/968 968/968/968 
f 968/968/968 968/968/968 958/958/958 
f 968/968/968 958/958/958 958/958/958 
f 958/958/958 958/958/958 960/960/960 
f 958/958/958 969/969/969 960/960/960 
f 960/960/960 969/969/969 963/963/963 
f 969/969/969 970/970/970 963/963/963 
f 963/963/963 970/970/970 965/965/965 
f 970/970/970 971/971/971 965/965/965 
f 965/965/965 971/971/971 967/967/967 
f 971/971/971 972/972/972 967/967/967 
f 967/967/967 972/972/972 973/973/973 
f 972/972/972 974/974/974 973/973/973 
f 973/973/973 974/974/974 975/975/975 
f 974/974/974 974/974/974 975/975/975 
f 975/975/975 974/974/974 976/976/976 
f 974/974/974 974/974/974 976/976/976 
f 976/976/976 974/974/974 977/977/977 
f 974/974/974 978/978/978 977/977/977 
f 977/977/977 978/978/978 977/977/977 
f 978/978/978 979/979/979 977/977/977 
f 977/977/977 979/979/979 980/980/980 
f 979/979/979 981/981/981 980/980/980 
f 980/980/980 981/981/981 981/981/981 
f 981/981/981 967/967/967 981/981/981 
f 981/981/981 967/967/967 967/967/967 
f 967/967/967 973/973/973 967/967/967 
f 967/967/967 973/973/973 968/968/968 
f 973/973/973 973/973/973 968/968/968 
f 968/968/968 973/973/973 982/982/982 
f 973/973/973 975/975/975 982/982/982 
f 982/982/982 975/975/975 975/975/975 
f 975/975/975 974/974/974 975/975/975 
f 975/975/975 974/974/974 974/974/974 
f 974/974/974 972/972/972 974/974/974 
f 974/974/974 972/972/972 978/978/978 
f 972/972/972 978/978/978 978/978/978 
f 978/978/978 978/978/978 976/976/976 
f 978/978/978 976/976/976 976/976/976 
f 976/976/976 976/976/976 983/983/983 
f 976/976/976 977/977/977 983/983/983 
f 983/983/983 977/977/977 983/983/983 
f 977/977/977 980/980/980 983/983/983 
f 983/983/983 980/980/980 984/984/984 
f 980/980/980 980/980/980 984/984/984 
f 984/984/984 980/980/980 985/985/985 
f 980/980/980 981/981/981 985/985/985 
f 985/985/985 981/981/981 985/985/985 
f 981/981/981 986/986/986 985/985/985 
f 985/985/985 986/986/986 987/987/987 
f 986/986/986 988/988/988 987/987/987 
f 987/987/987 988/988/988 987/987/987 
f 988/988/988 989/989/989 987/987/987 
f 987/987/987 989/989/989 990/990/990 
f 989/989/989 991/991/991 990/990/990 
f 990/990/990 991/991/991 990/990/990 
f 991/991/991 992/992/992 990/990/990 
f 990/990/990 992/992/992 990/990/990 
f 992/992/992 993/993/993 990/990/990 
f 990/990/990 993/993/993 990/990/990 
f 993/993/993 994/994/994 990/990/990 
f 990/990/990 994/994/994 987/987/987 
f 994/994/994 994/994/994 987/987/987 
f 987/987/987 994/994/994 985/985/985 
f 994/994/994 984/984/984 985/985/985 
f 985/985/985 984/984/984 984/984/984 
f 984/984/984 989/989/989 984/984/984 
f 984/984/984 989/989/989 989/989/989 
f 989/989/989 995/995/995 989/989/989 
f 989/989/989 995/995/995 991/991/991 
f 995/995/995 996/996/996 991/991/991 
f 991/991/991 996/996/996 997/997/997 
f 996/996/996 998/998/998 997/997/997 
f 997/997/997 998/998/998 997/997/997 
f 998/998/998 999/999/999 997/997/997 
f 997/997/997 999/999/999 997/997/997 
f 999/999/999 1000/1000/1000 997/997/997 
f 997/997/997 1000/1000/1000 997/997/997 
f 1000/1000/1000 992/992/992 997/997/997 
f 997/997/997 992/992/992 991/991/991 
f 992/992/992 991/991/991 991/991/991 
f 991/991/991 991/991/991 996/996/996 
f 991/991/991 996/996/996 996/996/996 
f 996/996/996 996/996/996 998/998/998 
f 996/996/996 1001/1001/1001 998/998/998 
f 998/998/998 1001/1001/1001 1001/1001/1001 
f 1001/1001/1001 1002/1002/1002 1001/1001/1001 
f 1001/1001/1001 1002/1002/1002 1002/1002/1002 
f 1002/1002/1002 1003/1003/1003 1002/1002/1002 
f 1002/1002/1002 1003/1003/1003 1004/1004/1004 
f 1003/1003/1003 1005/1005/1005 1004/1004/1004 
f 1004/1004/1004 1005/1005/1005 1006/1006/1006 
f 1005/1005/1005 1005/1005/1005 1006/1006/1006 
f 1006/1006/1006 1005/1005/1005 1007/1007/1007 
f 1005/1005/1005 1008/1008/1008 1007/1007/1007 
f 1007/1007/1007 1008/1008/1008 1009/1009/1009 
f 1008/1008/1008 1010/1010/1010 1009/1009/1009 
f 1009/1009/1009 1010/1010/1010 1011/1011/1011 
f 1010/1010/1010 1012/1012/1012 1011/1011/1011 
f 1011/1011/1011 1012/1012/1012 1013/1013/1013 
f 1012/1012/1012 1013/1013/1013 1013/1013/1013 
f 1013/1013/1013 1013/1013/1013 1003/1003/1003 
f 1013/1013/1013 1003/1003/1003 1003/1003/1003 
f 1003/1003/1003 1003/1003/1003 1005/1005/1005 
f 1003/1003/1003 1014/1014/1014 1005/1005/1005 
f 1005/1005/1005 1014/1014/1014 1008/1008/1008 
f 1014/1014/1014 1015/1015/1015 1008/1008/1008 
f 1008/1008/1008 1015/1015/1015 1010/1010/1010 
f 1015/1015/1015 1016/1016/1016 1010/1010/1010 
f 1010/1010/1010 1016/1016/1016 1012/1012/1012 
f 1016/1016/1016 1017/1017/1017 1012/1012/1012 
f 1012/1012/1012 1017/1017/1017 1018/1018/1018 
f 1017/1017/1017 1019/1019/1019 1018/1018/1018 
f 1018/1018/1018 1019/1019/1019 1020/1020/1020 
f 1019/1019/1019 1021/1021/1021 1020/1020/1020 
f 1020/1020/1020 1021/1021/1021 1020/1020/1020 
f 1021/1021/1021 1022/1022/1022 1020/1020/1020 
f 1020/1020/1020 1022/1022/1022 1023/1023/1023 
f 1022/1022/1022 1022/1022/1022 1023/1023/1023 
f 1023/1023/1023 1022/1022/1022 1024/1024/1024 
f 1022/1022/1022 1025/1025/1025 1024/1024/1024 
f 1024/1024/1024 1025/1025/1025 1026/1026/1026 
f 1025/1025/1025 1026/1026/1026 1026/1026/1026 
f 1026/1026/1026 1026/1026/1026 1012/1012/1012 
f 1026/1026/1026 1012/1012/1012 1012/1012/1012 
f 1012/1012/1012 1012/1012/1012 1013/1013/1013 
f 1012/1012/1012 1018/1018/1018 1013/1013/1013 
f 1013/1013/1013 1018/1018/1018 1027/1027/1027 
f 1018/1018/1018 1020/1020/1020 1027/1027/1027 
f 1027/1027/1027 1020/1020/1020 1023/1023/1023 
f 1020/1020/1020 1023/1023/1023 1023/1023/1023 
f 1023/1023/1023 1023/1023/1023 1021/1021/1021 
f 1023/1023/1023 1021/1021/1021 1021/1021/1021 
f 1021/1021/1021 1021/1021/1021 1022/1022/1022 
f 1021/1021/1021 1028/1028/1028 1022/1022/1022 
f 1022/1022/1022 1028/1028/1028 1025/1025/1025 
f 1028/1028/1028 1029/1029/1029 1025/1025/1025 
f 1025/1025/1025 1029/1029/1029 1030/1030/1030 
f 1029/1029/1029 1031/1031/1031 1030/1030/1030 
f 1030/1030/1030 1031/1031/1031 1032/1032/1032 
f 1031/1031/1031 1033/1033/1033 1032/1032/1032 
f 1032/1032/1032 1033/1033/1033 1032/1032/1032 
f 1033/1033/1033 1034/1034/1034 1032/1032/1032 
f 1032/1032/1032 1034/1034/1034 1035/1035/1035 
f 1034/1034/1034 1034/1034/1034 1035/1035/1035 
f 1035/1035/1035 1034/1034/1034 1036/1036/1036 
f 1034/1034/1034 1037/1037/1037 1036/1036/1036 
f 1036/1036/1036 1037/1037/1037 1038/1038/1038 
f 1037/1037/1037 1038/1038/1038 1038/1038/1038 
f 1038/1038/1038 1038/1038/1038 1025/1025/1025 
f 1038/1038/1038 1025/1025/1025 1025/1025/1025 
f 1025/1025/1025 1025/1025/1025 1026/1026/1026 
f 1025/1025/1025 1030/1030/1030 1026/1026/1026 
f 1026/1026/1026 1030/1030/1030 1039/1039/1039 
f 1030/1030/1030 1032/1032/1032 1039/1039/1039 
f 1039/1039/1039 1032/1032/1032 1035/1035/1035 
f 1032/1032/1032 1035/1035/1035 1035/1035/1035 
f 1035/1035/1035 1035/1035/1035 1033/1033/1033 
f 1035/1035/1035 1033/1033/1033 1033/1033/1033 
f 1033/1033/1033 1033/1033/1033 1034/1034/1034 
f 1033/1033/1033 1040/1040/1040 1034/1034/1034 
f 1034/1034/1034 1040/1040/1040 1037/1037/1037 
f 1040/1040/1040 1041/1041/1041 1037/1037/1037 
f 1037/1037/1037 1041/1041/1041 1042/1042/1042 
f 1041/1041/1041 1043/1043/1043 1042/1042/1042 
f 1042/1042/1042 1043/1043/1043 1042/1042/1042 
f 1043/1043/1043 1044/1044/1044 1042/1042/1042 
f 1042/1042/1042 1044/1044/1044 1045/1045/1045 
f 1044/1044/1044 1046/1046/1046 1045/1045/1045 
f 1045/1045/1045 1046/1046/1046 1046/1046/1046 
f 1046/1046/1046 1037/1037/1037 1046/1046/1046 
f 1046/1046/1046 1037/1037/1037 1037/1037/1037 
f 1037/1037/1037 1042/1042/1042 1037/1037/1037 
f 1037/1037/1037 1042/1042/1042 1038/1038/1038 
f 1042/1042/1042 1045/1045/1045 1038/1038/1038 
f 1038/1038/1038 1045/1045/1045 1045/1045/1045 
f 1045/1045/1045 1047/1047/1047 1045/1045/1045 
f 1045/1045/1045 1047/1047/1047 1047/1047/1047 
f 1047/1047/1047 1048/1048/1048 1047/1047/1047 
f 1047/1047/1047 1048/1048/1048 1049/1049/1049 
f 1048/1048/1048 1048/1048/1048 1049/1049/1049 
f 1049/1049/1049 1048/1048/1048 1050/1050/1050 
f 1048/1048/1048 1051/1051/1051 1050/1050/1050 
f 1050/1050/1050 1051/1051/1051 1052/1052/1052 
f 1051/1051/1051 1053/1053/1053 1052/1052/1052 
f 1052/1052/1052 1053/1053/1053 1054/1054/1054 
f 1053/1053/1053 1055/1055/1055 1054/1054/1054 
f 1054/1054/1054 1055/1055/1055 1056/1056/1056 
f 1055/1055/1055 1057/1057/1057 1056/1056/1056 
f 1056/1056/1056 1057/1057/1057 1058/1058/1058 
f 1057/1057/1057 1058/1058/1058 1058/1058/1058 
f 1058/1058/1058 1058/1058/1058 1057/1057/1057 
f 1058/1058/1058 1057/1057/1057 1057/1057/1057 
f 1057/1057/1057 1057/1057/1057 1059/1059/1059 
f 1057/1057/1057 1055/1055/1055 1059/1059/1059 
f 1059/1059/1059 1055/1055/1055 1060/1060/1060 
f 1055/1055/1055 1053/1053/1053 1060/1060/1060 
f 1060/1060/1060 1053/1053/1053 1053/1053/1053 
f 1053/1053/1053 1061/1061/1061 1053/1053/1053 
f 1053/1053/1053 1061/1061/1061 1061/1061/1061 
f 1061/1061/1061 1062/1062/1062 1061/1061/1061 
f 1061/1061/1061 1062/1062/1062 1063/1063/1063 
f 1062/1062/1062 1064/1064/1064 1063/1063/1063 
f 1063/1063/1063 1064/1064/1064 1063/1063/1063 
f 1064/1064/1064 1065/1065/1065 1063/1063/1063 
f 1063/1063/1063 1065/1065/1065 1066/1066/1066 
f 1065/1065/1065 1065/1065/1065 1066/1066/1066 
f 1066/1066/1066 1065/1065/1065 1067/1067/1067 
f 1065/1065/1065 1068/1068/1068 1067/1067/1067 
f 1067/1067/1067 1068/1068/1068 1069/1069/1069 
f 1068/1068/1068 1070/1070/1070 1069/1069/1069 
f 1069/1069/1069 1070/1070/1070 1071/1071/1071 
f 1070/1070/1070 1070/1070/1070 1071/1071/1071 
f 1071/1071/1071 1070/1070/1070 1072/1072/1072 
f 1070/1070/1070 1070/1070/1070 1072/1072/1072 
f 1072/1072/1072 1070/1070/1070 1047/1047/1047 
f 1070/1070/1070 1070/1070/1070 1047/1047/1047 
f 1047/1047/1047 1070/1070/1070 1048/1048/1048 
f 1070/1070/1070 1073/1073/1073 1048/1048/1048 
f 1048/1048/1048 1073/1073/1073 1051/1051/1051 
f 1073/1073/1073 1073/1073/1073 1051/1051/1051 
f 1051/1051/1051 1073/1073/1073 1074/1074/1074 
f 1073/1073/1073 1068/1068/1068 1074/1074/1074 
f 1074/1074/1074 1068/1068/1068 1074/1074/1074 
f 1068/1068/1068 1065/1065/1065 1074/1074/1074 
f 1074/1074/1074 1065/1065/1065 1074/1074/1074 
f 1065/1065/1065 1064/1064/1064 1074/1074/1074 
f 1074/1074/1074 1064/1064/1064 1060/1060/1060 
f 1064/1064/1064 1064/1064/1064 1060/1060/1060 
f 1060/1060/1060 1064/1064/1064 1059/1059/1059 
f 1064/1064/1064 1062/1062/1062 1059/1059/1059 
f 1059/1059/1059 1062/1062/1062 1062/1062/1062 
f 1062/1062/1062 1067/1067/1067 1062/1062/1062 
f 1062/1062/1062 1067/1067/1067 1067/1067/1067 
f 1067/1067/1067 1069/1069/1069 1067/1067/1067 
f 1067/1067/1067 1069/1069/1069 1075/1075/1075 
f 1069/1069/1069 1069/1069/1069 1075/1075/1075 
f 1075/1075/1075 1069/1069/1069 1076/1076/1076 
f 1069/1069/1069 1071/1071/1071 1076/1076/1076 
f 1076/1076/1076 1071/1071/1071 1071/1071/1071 
f 1071/1071/1071 1070/1070/1070 1071/1071/1071 
f 1071/1071/1071 1070/1070/1070 1070/1070/1070 
f 1070/1070/1070 1068/1068/1068 1070/1070/1070 
f 1070/1070/1070 1068/1068/1068 1073/1073/1073 
f 1068/1068/1068 1073/1073/1073 1073/1073/1073 
f 1073/1073/1073 1073/1073/1073 1060/1060/1060 
f 1073/1073/1073 1060/1060/1060 1060/1060/1060 
f 1060/1060/1060 1060/1060/1060 1074/1074/1074 
f 1060/1060/1060 1053/1053/1053 1074/1074/1074 
f 1074/1074/1074 1053/1053/1053 1051/1051/1051 
f 1053/1053/1053 1051/1051/1051 1051/1051/1051 
f 1051/1051/1051 1051/1051/1051 1077/1077/1077 
f 1051/1051/1051 1077/1077/1077 1077/1077/1077 
f 1077/1077/1077 1077/1077/1077 1078/1078/1078 
f 1077/1077/1077 1079/1079/1079 1078/1078/1078 
f 1078/1078/1078 1079/1079/1079 1080/1080/1080 
f 1079/1079/1079 1081/1081/1081 1080/1080/1080 
f 1080/1080/1080 1081/1081/1081 1082/1082/1082 
f 1081/1081/1081 1083/1083/1083 1082/1082/1082 
f 1082/1082/1082 1083/1083/1083 1083/1083/1083 
f 1083/1083/1083 1078/1078/1078 1083/1083/1083 
f 1083/1083/1083 1078/1078/1078 1078/1078/1078 
f 1078/1078/1078 1080/1080/1080 1078/1078/1078 
f 1078/1078/1078 1080/1080/1080 1084/1084/1084 
f 1080/1080/1080 1085/1085/1085 1084/1084/1084 
f 1084/1084/1084 1085/1085/1085 1084/1084/1084 
f 1085/1085/1085 1086/1086/1086 1084/1084/1084 
f 1084/1084/1084 1086/1086/1086 1087/1087/1087 
f 1086/1086/1086 1088/1088/1088 1087/1087/1087 
f 1087/1087/1087 1088/1088/1088 1089/1089/1089 
f 1088/1088/1088 1089/1089/1089 1089/1089/1089 
f 1089/1089/1089 1089/1089/1089 1082/1082/1082 
f 1089/1089/1089 1082/1082/1082 1082/1082/1082 
f 1082/1082/1082 1082/1082/1082 1080/1080/1080 
f 1082/1082/1082 1085/1085/1085 1080/1080/1080 
f 1080/1080/1080 1085/1085/1085 1085/1085/1085 
f 1085/1085/1085 1086/1086/1086 1085/1085/1085 
f 1085/1085/1085 1086/1086/1086 1086/1086/1086 
f 1086/1086/1086 1090/1090/1090 1086/1086/1086 
f 1086/1086/1086 1090/1090/1090 1088/1088/1088 
f 1090/1090/1090 1090/1090/1090 1088/1088/1088 
f 1088/1088/1088 1090/1090/1090 1091/1091/1091 
f 1090/1090/1090 1090/1090/1090 1091/1091/1091 
f 1091/1091/1091 1090/1090/1090 1092/1092/1092 
f 1090/1090/1090 1093/1093/1093 1092/1092/1092 
f 1092/1092/1092 1093/1093/1093 1094/1094/1094 
f 1093/1093/1093 1095/1095/1095 1094/1094/1094 
f 1094/1094/1094 1095/1095/1095 1096/1096/1096 
f 1095/1095/1095 1095/1095/1095 1096/1096/1096 
f 1096/1096/1096 1095/1095/1095 1097/1097/1097 
f 1095/1095/1095 1095/1095/1095 1097/1097/1097 
f 1097/1097/1097 1095/1095/1095 1098/1098/1098 
f 1095/1095/1095 1099/1099/1099 1098/1098/1098 
f 1098/1098/1098 1099/1099/1099 1100/1100/1100 
f 1099/1099/1099 1099/1099/1099 1100/1100/1100 
f 1100/1100/1100 1099/1099/1099 1101/1101/1101 
f 1099/1099/1099 1102/1102/1102 1101/1101/1101 
f 1101/1101/1101 1102/1102/1102 1083/1083/1083 
f 1102/1102/1102 1102/1102/1102 1083/1083/1083 
f 1083/1083/1083 1102/1102/1102 1082/1082/1082 
f 1102/1102/1102 1103/1103/1103 1082/1082/1082 
f 1082/1082/1082 1103/1103/1103 1085/1085/1085 
f 1103/1103/1103 1103/1103/1103 1085/1085/1085 
f 1085/1085/1085 1103/1103/1103 1086/1086/1086 
f 1103/1103/1103 1103/1103/1103 1086/1086/1086 
f 1086/1086/1086 1103/1103/1103 1090/1090/1090 
f 1103/1103/1103 1103/1103/1103 1090/1090/1090 
f 1090/1090/1090 1103/1103/1103 1093/1093/1093 
f 1103/1103/1103 1104/1104/1104 1093/1093/1093 
f 1093/1093/1093 1104/1104/1104 1095/1095/1095 
f 1104/1104/1104 1104/1104/1104 1095/1095/1095 
f 1095/1095/1095 1104/1104/1104 1099/1099/1099 
f 1104/1104/1104 1104/1104/1104 1099/1099/1099 
f 1099/1099/1099 1104/1104/1104 1102/1102/1102 
f 1104/1104/1104 1103/1103/1103 1102/1102/1102 
f 1102/1102/1102 1103/1103/1103 1103/1103/1103 
f 1103/1103/1103 1092/1092/1092 1103/1103/1103 
f 1103/1103/1103 1092/1092/1092 1092/1092/1092 
f 1092/1092/1092 1094/1094/1094 1092/1092/1092 
f 1092/1092/1092 1094/1094/1094 1105/1105/1105 
f 1094/1094/1094 1094/1094/1094 1105/1105/1105 
f 1105/1105/1105 1094/1094/1094 1106/1106/1106 
f 1094/1094/1094 1096/1096/1096 1106/1106/1106 
f 1106/1106/1106 1096/1096/1096 1096/1096/1096 
f 1096/1096/1096 1107/1107/1107 1096/1096/1096 
f 1096/1096/1096 1107/1107/1107 1107/1107/1107 
f 1107/1107/1107 1108/1108/1108 1107/1107/1107 
f 1107/1107/1107 1108/1108/1108 1109/1109/1109 
f 1108/1108/1108 1110/1110/1110 1109/1109/1109 
f 1109/1109/1109 1110/1110/1110 1110/1110/1110 
f 1110/1110/1110 1109/1109/1109 1110/1110/1110 
f 1110/1110/1110 1109/1109/1109 1109/1109/1109 
f 1109/1109/1109 1111/1111/1111 1109/1109/1109 
f 1109/1109/1109 1111/1111/1111 1107/1107/1107 
f 1111/1111/1111 1107/1107/1107 1107/1107/1107 
f 1107/1107/1107 1107/1107/1107 1107/1107/1107 
f 1107/1107/1107 1107/1107/1107 1107/1107/1107 
f 1107/1107/1107 1107/1107/1107 1108/1108/1108 
f 1107/1107/1107 1112/1112/1112 1108/1108/1108 
f 1108/1108/1108 1112/1112/1112 1113/1113/1113 
f 1112/1112/1112 1114/1114/1114 1113/1113/1113 
f 1113/1113/1113 1114/1114/1114 1115/1115/1115 
f 1114/1114/1114 1116/1116/1116 1115/1115/1115 
f 1115/1115/1115 1116/1116/1116 1117/1117/1117 
f 1116/1116/1116 1118/1118/1118 1117/1117/1117 
f 1117/1117/1117 1118/1118/1118 1119/1119/1119 
f 1118/1118/1118 1120/1120/1120 1119/1119/1119 
f 1119/1119/1119 1120/1120/1120 1121/1121/1121 
f 1120/1120/1120 1122/1122/1122 1121/1121/1121 
f 1121/1121/1121 1122/1122/1122 1123/1123/1123 
f 1122/1122/1122 1124/1124/1124 1123/1123/1123 
f 1123/1123/1123 1124/1124/1124 1125/1125/1125 
f 1124/1124/1124 1126/1126/1126 1125/1125/1125 
f 1125/1125/1125 1126/1126/1126 1127/1127/1127 
f 1126/1126/1126 1128/1128/1128 1127/1127/1127 
f 1127/1127/1127 1128/1128/1128 1129/1129/1129 
f 1128/1128/1128 1130/1130/1130 1129/1129/1129 
f 1129/1129/1129 1130/1130/1130 1131/1131/1131 
f 1130/1130/1130 1132/1132/1132 1131/1131/1131 
f 1131/1131/1131 1132/1132/1132 1133/1133/1133 
f 1132/1132/1132 1134/1134/1134 1133/1133/1133 
f 1133/1133/1133 1134/1134/1134 1134/1134/1134 
f 1134/1134/1134 1133/1133/1133 1134/1134/1134 
f 1134/1134/1134 1133/1133/1133 1133/1133/1133 
f 1133/1133/1133 1135/1135/1135 1133/1133/1133 
f 1133/1133/1133 1135/1135/1135 1131/1131/1131 
f 1135/1135/1135 1136/1136/1136 1131/1131/1131 
f 1131/1131/1131 1136/1136/1136 1129/1129/1129 
f 1136/1136/1136 1129/1129/1129 1129/1129/1129 
f 1129/1129/1129 1129/1129/1129 1135/1135/1135 
f 1129/1129/1129 1135/1135/1135 1135/1135/1135 
f 1135/1135/1135 1135/1135/1135 1136/1136/1136 
f 1135/1135/1135 1137/1137/1137 1136/1136/1136 
f 1136/1136/1136 1137/1137/1137 1138/1138/1138 
f 1137/1137/1137 1139/1139/1139 1138/1138/1138 
f 1138/1138/1138 1139/1139/1139 1140/1140/1140 
f 1139/1139/1139 1141/1141/1141 1140/1140/1140 
f 1140/1140/1140 1141/1141/1141 1142/1142/1142 
f 1141/1141/1141 1143/1143/1143 1142/1142/1142 
f 1142/1142/1142 1143/1143/1143 1142/1142/1142 
f 1143/1143/1143 1144/1144/1144 1142/1142/1142 
f 1142/1142/1142 1144/1144/1144 1145/1145/1145 
f 1144/1144/1144 1146/1146/1146 1145/1145/1145 
f 1145/1145/1145 1146/1146/1146 1146/1146/1146 
f 1146/1146/1146 1145/1145/1145 1146/1146/1146 
f 1146/1146/1146 1145/1145/1145 1145/1145/1145 
f 1145/1145/1145 1147/1147/1147 1145/1145/1145 
f 1145/1145/1145 1147/1147/1147 1142/1142/1142 
f 1147/1147/1147 1147/1147/1147 1142/1142/1142 
f 1142/1142/1142 1147/1147/1147 1140/1140/1140 
f 1147/1147/1147 1148/1148/1148 1140/1140/1140 
f 1140/1140/1140 1148/1148/1148 1138/1138/1138 
f 1148/1148/1148 1149/1149/1149 1138/1138/1138 
f 1138/1138/1138 1149/1149/1149 1136/1136/1136 
f 1149/1149/1149 1149/1149/1149 1136/1136/1136 
f 1136/1136/1136 1149/1149/1149 1129/1129/1129 
f 1149/1149/1149 1149/1149/1149 1129/1129/1129 
f 1129/1129/1129 1149/1149/1149 1127/1127/1127 
f 1149/1149/1149 1150/1150/1150 1127/1127/1127 
f 1127/1127/1127 1150/1150/1150 1125/1125/1125 
f 1150/1150/1150 1125/1125/1125 1125/1125/1125 
f 1125/1125/1125 1125/1125/1125 1149/1149/1149 
f 1125/1125/1125 1149/1149/1149 1149/1149/1149 
f 1149/1149/1149 1149/1149/1149 1150/1150/1150 
f 1149/1149/1149 1148/1148/1148 1150/1150/1150 
f 1150/1150/1150 1148/1148/1148 1151/1151/1151 
f 1148/1148/1148 1147/1147/1147 1151/1151/1151 
f 1151/1151/1151 1147/1147/1147 1152/1152/1152 
f 1147/1147/1147 1145/1145/1145 1152/1152/1152 
f 1152/1152/1152 1145/1145/1145 1153/1153/1153 
f 1145/1145/1145 1146/1146/1146 1153/1153/1153 
f 1153/1153/1153 1146/1146/1146 1153/1153/1153 
f 1146/1146/1146 1154/1154/1154 1153/1153/1153 
f 1153/1153/1153 1154/1154/1154 1155/1155/1155 
f 1154/1154/1154 1156/1156/1156 1155/1155/1155 
f 1155/1155/1155 1156/1156/1156 1156/1156/1156 
f 1156/1156/1156 1155/1155/1155 1156/1156/1156 
f 1156/1156/1156 1155/1155/1155 1155/1155/1155 
f 1155/1155/1155 1157/1157/1157 1155/1155/1155 
f 1155/1155/1155 1157/1157/1157 1153/1153/1153 
f 1157/1157/1157 1157/1157/1157 1153/1153/1153 
f 1153/1153/1153 1157/1157/1157 1152/1152/1152 
f 1157/1157/1157 1158/1158/1158 1152/1152/1152 
f 1152/1152/1152 1158/1158/1158 1151/1151/1151 
f 1158/1158/1158 1159/1159/1159 1151/1151/1151 
f 1151/1151/1151 1159/1159/1159 1150/1150/1150 
f 1159/1159/1159 1159/1159/1159 1150/1150/1150 
f 1150/1150/1150 1159/1159/1159 1125/1125/1125 
f 1159/1159/1159 1159/1159/1159 1125/1125/1125 
f 1125/1125/1125 1159/1159/1159 1123/1123/1123 
f 1159/1159/1159 1160/1160/1160 1123/1123/1123 
f 1123/1123/1123 1160/1160/1160 1121/1121/1121 
f 1160/1160/1160 1121/1121/1121 1121/1121/1121 
f 1121/1121/1121 1121/1121/1121 1159/1159/1159 
f 1121/1121/1121 1159/1159/1159 1159/1159/1159 
f 1159/1159/1159 1159/1159/1159 1160/1160/1160 
f 1159/1159/1159 1158/1158/1158 1160/1160/1160 
f 1160/1160/1160 1158/1158/1158 1161/1161/1161 
f 1158/1158/1158 1157/1157/1157 1161/1161/1161 
f 1161/1161/1161 1157/1157/1157 1162/1162/1162 
f 1157/1157/1157 1155/1155/1155 1162/1162/1162 
f 1162/1162/1162 1155/1155/1155 1163/1163/1163 
f 1155/1155/1155 1156/1156/1156 1163/1163/1163 
f 1163/1163/1163 1156/1156/1156 1163/1163/1163 
f 1156/1156/1156 1164/1164/1164 1163/1163/1163 
f 1163/1163/1163 1164/1164/1164 1165/1165/1165 
f 1164/1164/1164 1166/1166/1166 1165/1165/1165 
f 1165/1165/1165 1166/1166/1166 1166/1166/1166 
f 1166/1166/1166 1165/1165/1165 1166/1166/1166 
f 1166/1166/1166 1165/1165/1165 1165/1165/1165 
f 1165/1165/1165 1167/1167/1167 1165/1165/1165 
f 1165/1165/1165 1167/1167/1167 1163/1163/1163 
f 1167/1167/1167 1167/1167/1167 1163/1163/1163 
f 1163/1163/1163 1167/1167/1167 1162/1162/1162 
f 1167/1167/1167 1168/1168/1168 1162/1162/1162 
f 1162/1162/1162 1168/1168/1168 1161/1161/1161 
f 1168/1168/1168 1169/1169/1169 1161/1161/1161 
f 1161/1161/1161 1169/1169/1169 1160/1160/1160 
f 1169/1169/1169 1169/1169/1169 1160/1160/1160 
f 1160/1160/1160 1169/1169/1169 1121/1121/1121 
f 1169/1169/1169 1169/1169/1169 1121/1121/1121 
f 1121/1121/1121 1169/1169/1169 1119/1119/1119 
f 1169/1169/1169 1170/1170/1170 1119/1119/1119 
f 1119/1119/1119 1170/1170/1170 1117/1117/1117 
f 1170/1170/1170 1117/1117/1117 1117/1117/1117 
f 1117/1117/1117 1117/1117/1117 1169/1169/1169 
f 1117/1117/1117 1169/1169/1169 1169/1169/1169 
f 1169/1169/1169 1169/1169/1169 1170/1170/1170 
f 1169/1169/1169 1168/1168/1168 1170/1170/1170 
f 1170/1170/1170 1168/1168/1168 1171/1171/1171 
f 1168/1168/1168 1167/1167/1167 1171/1171/1171 
f 1171/1171/1171 1167/1167/1167 1172/1172/1172 
f 1167/1167/1167 1165/1165/1165 1172/1172/1172 
f 1172/1172/1172 1165/1165/1165 1173/1173/1173 
f 1165/1165/1165 1166/1166/1166 1173/1173/1173 
f 1173/1173/1173 1166/1166/1166 1173/1173/1173 
f 1166/1166/1166 1174/1174/1174 1173/1173/1173 
f 1173/1173/1173 1174/1174/1174 1175/1175/1175 
f 1174/1174/1174 1176/1176/1176 1175/1175/1175 
f 1175/1175/1175 1176/1176/1176 1176/1176/1176 
f 1176/1176/1176 1175/1175/1175 1176/1176/1176 
f 1176/1176/1176 1175/1175/1175 1175/1175/1175 
f 1175/1175/1175 1177/1177/1177 1175/1175/1175 
f 1175/1175/1175 1177/1177/1177 1173/1173/1173 
f 1177/1177/1177 1177/1177/1177 1173/1173/1173 
f 1173/1173/1173 1177/1177/1177 1172/1172/1172 
f 1177/1177/1177 1178/1178/1178 1172/1172/1172 
f 1172/1172/1172 1178/1178/1178 1171/1171/1171 
f 1178/1178/1178 1179/1179/1179 1171/1171/1171 
f 1171/1171/1171 1179/1179/1179 1170/1170/1170 
f 1179/1179/1179 1179/1179/1179 1170/1170/1170 
f 1170/1170/1170 1179/1179/1179 1117/1117/1117 
f 1179/1179/1179 1179/1179/1179 1117/1117/1117 
f 1117/1117/1117 1179/1179/1179 1115/1115/1115 
f 1179/1179/1179 1180/1180/1180 1115/1115/1115 
f 1115/1115/1115 1180/1180/1180 1113/1113/1113 
f 1180/1180/1180 1113/1113/1113 1113/1113/1113 
f 1113/1113/1113 1113/1113/1113 1179/1179/1179 
f 1113/1113/1113 1179/1179/1179 1179/1179/1179 
f 1179/1179/1179 1179/1179/1179 1180/1180/1180 
f 1179/1179/1179 1178/1178/1178 1180/1180/1180 
f 1180/1180/1180 1178/1178/1178 1181/1181/1181 
f 1178/1178/1178 1177/1177/1177 1181/1181/1181 
f 1181/1181/1181 1177/1177/1177 1182/1182/1182 
f 1177/1177/1177 1175/1175/1175 1182/1182/1182 
f 1182/1182/1182 1175/1175/1175 1183/1183/1183 
f 1175/1175/1175 1176/1176/1176 1183/1183/1183 
f 1183/1183/1183 1176/1176/1176 1183/1183/1183 
f 1176/1176/1176 1184/1184/1184 1183/1183/1183 
f 1183/1183/1183 1184/1184/1184 1185/1185/1185 
f 1184/1184/1184 1186/1186/1186 1185/1185/1185 
f 1185/1185/1185 1186/1186/1186 1186/1186/1186 
f 1186/1186/1186 1185/1185/1185 1186/1186/1186 
f 1186/1186/1186 1185/1185/1185 1185/1185/1185 
f 1185/1185/1185 1187/1187/1187 1185/1185/1185 
f 1185/1185/1185 1187/1187/1187 1183/1183/1183 
f 1187/1187/1187 1187/1187/1187 1183/1183/1183 
f 1183/1183/1183 1187/1187/1187 1182/1182/1182 
f 1187/1187/1187 1188/1188/1188 1182/1182/1182 
f 1182/1182/1182 1188/1188/1188 1181/1181/1181 
f 1188/1188/1188 1189/1189/1189 1181/1181/1181 
f 1181/1181/1181 1189/1189/1189 1180/1180/1180 
f 1189/1189/1189 1189/1189/1189 1180/1180/1180 
f 1180/1180/1180 1189/1189/1189 1113/1113/1113 
f 1189/1189/1189 1189/1189/1189 1113/1113/1113 
f 1113/1113/1113 1189/1189/1189 1108/1108/1108 
f 1189/1189/1189 1189/1189/1189 1108/1108/1108 
f 1108/1108/1108 1189/1189/1189 1110/1110/1110 
f 1189/1189/1189 1188/1188/1188 1110/1110/1110 
f 1110/1110/1110 1188/1188/1188 1190/1190/1190 
f 1188/1188/1188 1187/1187/1187 1190/1190/1190 
f 1190/1190/1190 1187/1187/1187 1191/1191/1191 
f 1187/1187/1187 1185/1185/1185 1191/1191/1191 
f 1191/1191/1191 1185/1185/1185 1192/1192/1192 
f 1185/1185/1185 1186/1186/1186 1192/1192/1192 
f 1192/1192/1192 1186/1186/1186 1192/1192/1192 
f 1186/1186/1186 1193/1193/1193 1192/1192/1192 
f 1192/1192/1192 1193/1193/1193 1194/1194/1194 
f 1193/1193/1193 1195/1195/1195 1194/1194/1194 
f 1194/1194/1194 1195/1195/1195 1195/1195/1195 
f 1195/1195/1195 1194/1194/1194 1195/1195/1195 
f 1195/1195/1195 1194/1194/1194 1194/1194/1194 
f 1194/1194/1194 1196/1196/1196 1194/1194/1194 
f 1194/1194/1194 1196/1196/1196 1192/1192/1192 
f 1196/1196/1196 1196/1196/1196 1192/1192/1192 
f 1192/1192/1192 1196/1196/1196 1191/1191/1191 
f 1196/1196/1196 1197/1197/1197 1191/1191/1191 
f 1191/1191/1191 1197/1197/1197 1190/1190/1190 
f 1197/1197/1197 1198/1198/1198 1190/1190/1190 
f 1190/1190/1190 1198/1198/1198 1110/1110/1110 
f 1198/1198/1198 1198/1198/1198 1110/1110/1110 
f 1110/1110/1110 1198/1198/1198 1109/1109/1109 
f 1198/1198/1198 1199/1199/1199 1109/1109/1109 
f 1109/1109/1109 1199/1199/1199 1111/1111/1111 
f 1199/1199/1199 1199/1199/1199 1111/1111/1111 
f 1111/1111/1111 1199/1199/1199 1200/1200/1200 
f 1199/1199/1199 1201/1201/1201 1200/1200/1200 
f 1200/1200/1200 1201/1201/1201 1202/1202/1202 
f 1201/1201/1201 1201/1201/1201 1202/1202/1202 
f 1202/1202/1202 1201/1201/1201 1203/1203/1203 
f 1201/1201/1201 1204/1204/1204 1203/1203/1203 
f 1203/1203/1203 1204/1204/1204 1205/1205/1205 
f 1204/1204/1204 1205/1205/1205 1205/1205/1205 
f 1205/1205/1205 1205/1205/1205 1204/1204/1204 
f 1205/1205/1205 1204/1204/1204 1204/1204/1204 
f 1204/1204/1204 1204/1204/1204 1206/1206/1206 
f 1204/1204/1204 1201/1201/1201 1206/1206/1206 
f 1206/1206/1206 1201/1201/1201 1206/1206/1206 
f 1201/1201/1201 1199/1199/1199 1206/1206/1206 
f 1206/1206/1206 1199/1199/1199 1206/1206/1206 
f 1199/1199/1199 1198/1198/1198 1206/1206/1206 
f 1206/1206/1206 1198/1198/1198 1206/1206/1206 
f 1198/1198/1198 1197/1197/1197 1206/1206/1206 
f 1206/1206/1206 1197/1197/1197 1207/1207/1207 
f 1197/1197/1197 1196/1196/1196 1207/1207/1207 
f 1207/1207/1207 1196/1196/1196 1196/1196/1196 
f 1196/1196/1196 1206/1206/1206 1196/1196/1196 
f 1196/1196/1196 1206/1206/1206 1206/1206/1206 
f 1206/1206/1206 1207/1207/1207 1206/1206/1206 
f 1206/1206/1206 1207/1207/1207 1204/1204/1204 
f 1207/1207/1207 1208/1208/1208 1204/1204/1204 
f 1204/1204/1204 1208/1208/1208 1205/1205/1205 
f 1208/1208/1208 1208/1208/1208 1205/1205/1205 
f 1205/1205/1205 1208/1208/1208 1209/1209/1209 
f 1208/1208/1208 1210/1210/1210 1209/1209/1209 
f 1209/1209/1209 1210/1210/1210 1211/1211/1211 
f 1210/1210/1210 1211/1211/1211 1211/1211/1211 
f 1211/1211/1211 1211/1211/1211 1210/1210/1210 
f 1211/1211/1211 1210/1210/1210 1210/1210/1210 
f 1210/1210/1210 1210/1210/1210 1212/1212/1212 
f 1210/1210/1210 1208/1208/1208 1212/1212/1212 
f 1212/1212/1212 1208/1208/1208 1212/1212/1212 
f 1208/1208/1208 1207/1207/1207 1212/1212/1212 
f 1212/1212/1212 1207/1207/1207 1212/1212/1212 
f 1207/1207/1207 1196/1196/1196 1212/1212/1212 
f 1212/1212/1212 1196/1196/1196 1212/1212/1212 
f 1196/1196/1196 1194/1194/1194 1212/1212/1212 
f 1212/1212/1212 1194/1194/1194 1213/1213/1213 
f 1194/1194/1194 1195/1195/1195 1213/1213/1213 
f 1213/1213/1213 1195/1195/1195 1213/1213/1213 
f 1195/1195/1195 1214/1214/1214 1213/1213/1213 
f 1213/1213/1213 1214/1214/1214 1215/1215/1215 
f 1214/1214/1214 1216/1216/1216 1215/1215/1215 
f 1215/1215/1215 1216/1216/1216 1217/1217/1217 
f 1216/1216/1216 1218/1218/1218 1217/1217/1217 
f 1217/1217/1217 1218/1218/1218 1218/1218/1218 
f 1218/1218/1218 1212/1212/1212 1218/1218/1218 
f 1218/1218/1218 1212/1212/1212 1212/1212/1212 
f 1212/1212/1212 1213/1213/1213 1212/1212/1212 
f 1212/1212/1212 1213/1213/1213 1210/1210/1210 
f 1213/1213/1213 1215/1215/1215 1210/1210/1210 
f 1210/1210/1210 1215/1215/1215 1211/1211/1211 
f 1215/1215/1215 1217/1217/1217 1211/1211/1211 
f 1211/1211/1211 1217/1217/1217 1217/1217/1217 
f 1217/1217/1217 1219/1219/1219 1217/1217/1217 
f 1217/1217/1217 1219/1219/1219 1219/1219/1219 
f 1219/1219/1219 1220/1220/1220 1219/1219/1219 
f 1219/1219/1219 1220/1220/1220 1221/1221/1221 
f 1220/1220/1220 1222/1222/1222 1221/1221/1221 
f 1221/1221/1221 1222/1222/1222 1223/1223/1223 
f 1222/1222/1222 1224/1224/1224 1223/1223/1223 
f 1223/1223/1223 1224/1224/1224 1225/1225/1225 
f 1224/1224/1224 1226/1226/1226 1225/1225/1225 
f 1225/1225/1225 1226/1226/1226 1227/1227/1227 
f 1226/1226/1226 1228/1228/1228 1227/1227/1227 
f 1227/1227/1227 1228/1228/1228 1229/1229/1229 
f 1228/1228/1228 1230/1230/1230 1229/1229/1229 
f 1229/1229/1229 1230/1230/1230 1231/1231/1231 
f 1230/1230/1230 1232/1232/1232 1231/1231/1231 
f 1231/1231/1231 1232/1232/1232 1233/1233/1233 
f 1232/1232/1232 1234/1234/1234 1233/1233/1233 
f 1233/1233/1233 1234/1234/1234 1235/1235/1235 
f 1234/1234/1234 1236/1236/1236 1235/1235/1235 
f 1235/1235/1235 1236/1236/1236 1237/1237/1237 
f 1236/1236/1236 1238/1238/1238 1237/1237/1237 
f 1237/1237/1237 1238/1238/1238 1239/1239/1239 
f 1238/1238/1238 1240/1240/1240 1239/1239/1239 
f 1239/1239/1239 1240/1240/1240 1241/1241/1241 
f 1240/1240/1240 1242/1242/1242 1241/1241/1241 
f 1241/1241/1241 1242/1242/1242 1243/1243/1243 
f 1242/1242/1242 1244/1244/1244 1243/1243/1243 
f 1243/1243/1243 1244/1244/1244 1245/1245/1245 
f 1244/1244/1244 1246/1246/1246 1245/1245/1245 
f 1245/1245/1245 1246/1246/1246 1247/1247/1247 
f 1246/1246/1246 1248/1248/1248 1247/1247/1247 
f 1247/1247/1247 1248/1248/1248 1249/1249/1249 
f 1248/1248/1248 1250/1250/1250 1249/1249/1249 
f 1249/1249/1249 1250/1250/1250 1251/1251/1251 
f 1250/1250/1250 1252/1252/1252 1251/1251/1251 
f 1251/1251/1251 1252/1252/1252 1253/1253/1253 
f 1252/1252/1252 1252/1252/1252 1253/1253/1253 
f 1253/1253/1253 1252/1252/1252 1254/1254/1254 
f 1252/1252/1252 1255/1255/1255 1254/1254/1254 
f 1254/1254/1254 1255/1255/1255 1256/1256/1256 
f 1255/1255/1255 1256/1256/1256 1256/1256/1256 
f 1256/1256/1256 1256/1256/1256 1222/1222/1222 
f 1256/1256/1256 1222/1222/1222 1222/1222/1222 
f 1222/1222/1222 1222/1222/1222 1257/1257/1257 
f 1222/1222/1222 1220/1220/1220 1257/1257/1257 
f 1257/1257/1257 1220/1220/1220 1220/1220/1220 
f 1220/1220/1220 1255/1255/1255 1220/1220/1220 
f 1220/1220/1220 1255/1255/1255 1255/1255/1255 
f 1255/1255/1255 1252/1252/1252 1255/1255/1255 
f 1255/1255/1255 1252/1252/1252 1258/1258/1258 
f 1252/1252/1252 1250/1250/1250 1258/1258/1258 
f 1258/1258/1258 1250/1250/1250 1259/1259/1259 
f 1250/1250/1250 1248/1248/1248 1259/1259/1259 
f 1259/1259/1259 1248/1248/1248 1260/1260/1260 
f 1248/1248/1248 1246/1246/1246 1260/1260/1260 
f 1260/1260/1260 1246/1246/1246 1261/1261/1261 
f 1246/1246/1246 1244/1244/1244 1261/1261/1261 
f 1261/1261/1261 1244/1244/1244 1262/1262/1262 
f 1244/1244/1244 1242/1242/1242 1262/1262/1262 
f 1262/1262/1262 1242/1242/1242 1263/1263/1263 
f 1242/1242/1242 1240/1240/1240 1263/1263/1263 
f 1263/1263/1263 1240/1240/1240 1264/1264/1264 
f 1240/1240/1240 1238/1238/1238 1264/1264/1264 
f 1264/1264/1264 1238/1238/1238 1265/1265/1265 
f 1238/1238/1238 1236/1236/1236 1265/1265/1265 
f 1265/1265/1265 1236/1236/1236 1266/1266/1266 
f 1236/1236/1236 1234/1234/1234 1266/1266/1266 
f 1266/1266/1266 1234/1234/1234 1267/1267/1267 
f 1234/1234/1234 1232/1232/1232 1267/1267/1267 
f 1267/1267/1267 1232/1232/1232 1268/1268/1268 
f 1232/1232/1232 1230/1230/1230 1268/1268/1268 
f 1268/1268/1268 1230/1230/1230 1269/1269/1269 
f 1230/1230/1230 1228/1228/1228 1269/1269/1269 
f 1269/1269/1269 1228/1228/1228 1270/1270/1270 
f 1228/1228/1228 1226/1226/1226 1270/1270/1270 
f 1270/1270/1270 1226/1226/1226 1271/1271/1271 
f 1226/1226/1226 1224/1224/1224 1271/1271/1271 
f 1271/1271/1271 1224/1224/1224 1272/1272/1272 
f 1224/1224/1224 1222/1222/1222 1272/1272/1272 
f 1272/1272/1272 1222/1222/1222 1272/1272/1272 
f 1222/1222/1222 1257/1257/1257 1272/1272/1272 
f 1272/1272/1272 1257/1257/1257 1272/1272/1272 
f 1257/1257/1257 1273/1273/1273 1272/1272/1272 
f 1272/1272/1272 1273/1273/1273 1274/1274/1274 
f 1273/1273/1273 1275/1275/1275 1274/1274/1274 
f 1274/1274/1274 1275/1275/1275 1276/1276/1276 
f 1275/1275/1275 1277/1277/1277 1276/1276/1276 
f 1276/1276/1276 1277/1277/1277 1278/1278/1278 
f 1277/1277/1277 1279/1279/1279 1278/1278/1278 
f 1278/1278/1278 1279/1279/1279 1278/1278/1278 
f 1279/1279/1279 1280/1280/1280 1278/1278/1278 
f 1278/1278/1278 1280/1280/1280 1281/1281/1281 
f 1280/1280/1280 1282/1282/1282 1281/1281/1281 
f 1281/1281/1281 1282/1282/1282 1282/1282/1282 
f 1282/1282/1282 1272/1272/1272 1282/1282/1282 
f 1282/1282/1282 1272/1272/1272 1272/1272/1272 
f 1272/1272/1272 1274/1274/1274 1272/1272/1272 
f 1272/1272/1272 1274/1274/1274 1271/1271/1271 
f 1274/1274/1274 1283/1283/1283 1271/1271/1271 
f 1271/1271/1271 1283/1283/1283 1270/1270/1270 
f 1283/1283/1283 1284/1284/1284 1270/1270/1270 
f 1270/1270/1270 1284/1284/1284 1269/1269/1269 
f 1284/1284/1284 1285/1285/1285 1269/1269/1269 
f 1269/1269/1269 1285/1285/1285 1268/1268/1268 
f 1285/1285/1285 1268/1268/1268 1268/1268/1268 
f 1268/1268/1268 1268/1268/1268 1274/1274/1274 
f 1268/1268/1268 1274/1274/1274 1274/1274/1274 
f 1274/1274/1274 1274/1274/1274 1283/1283/1283 
f 1274/1274/1274 1276/1276/1276 1283/1283/1283 
f 1283/1283/1283 1276/1276/1276 1286/1286/1286 
f 1276/1276/1276 1278/1278/1278 1286/1286/1286 
f 1286/1286/1286 1278/1278/1278 1286/1286/1286 
f 1278/1278/1278 1281/1281/1281 1286/1286/1286 
f 1286/1286/1286 1281/1281/1281 1287/1287/1287 
f 1281/1281/1281 1281/1281/1281 1287/1287/1287 
f 1287/1287/1287 1281/1281/1281 1288/1288/1288 
f 1281/1281/1281 1282/1282/1282 1288/1288/1288 
f 1288/1288/1288 1282/1282/1282 1288/1288/1288 
f 1282/1282/1282 1289/1289/1289 1288/1288/1288 
f 1288/1288/1288 1289/1289/1289 1290/1290/1290 
f 1289/1289/1289 1291/1291/1291 1290/1290/1290 
f 1290/1290/1290 1291/1291/1291 1291/1291/1291 
f 1291/1291/1291 1283/1283/1283 1291/1291/1291 
f 1291/1291/1291 1283/1283/1283 1283/1283/1283 
f 1283/1283/1283 1286/1286/1286 1283/1283/1283 
f 1283/1283/1283 1286/1286/1286 1284/1284/1284 
f 1286/1286/1286 1287/1287/1287 1284/1284/1284 
f 1284/1284/1284 1287/1287/1287 1285/1285/1285 
f 1287/1287/1287 1292/1292/1292 1285/1285/1285 
f 1285/1285/1285 1292/1292/1292 1285/1285/1285 
f 1292/1292/1292 1293/1293/1293 1285/1285/1285 
f 1285/1285/1285 1293/1293/1293 1268/1268/1268 
f 1293/1293/1293 1293/1293/1293 1268/1268/1268 
f 1268/1268/1268 1293/1293/1293 1267/1267/1267 
f 1293/1293/1293 1294/1294/1294 1267/1267/1267 
f 1267/1267/1267 1294/1294/1294 1266/1266/1266 
f 1294/1294/1294 1266/1266/1266 1266/1266/1266 
f 1266/1266/1266 1266/1266/1266 1287/1287/1287 
f 1266/1266/1266 1287/1287/1287 1287/1287/1287 
f 1287/1287/1287 1287/1287/1287 1292/1292/1292 
f 1287/1287/1287 1288/1288/1288 1292/1292/1292 
f 1292/1292/1292 1288/1288/1288 1292/1292/1292 
f 1288/1288/1288 1290/1290/1290 1292/1292/1292 
f 1292/1292/1292 1290/1290/1290 1295/1295/1295 
f 1290/1290/1290 1290/1290/1290 1295/1295/1295 
f 1295/1295/1295 1290/1290/1290 1296/1296/1296 
f 1290/1290/1290 1291/1291/1291 1296/1296/1296 
f 1296/1296/1296 1291/1291/1291 1296/1296/1296 
f 1291/1291/1291 1297/1297/1297 1296/1296/1296 
f 1296/1296/1296 1297/1297/1297 1298/1298/1298 
f 1297/1297/1297 1299/1299/1299 1298/1298/1298 
f 1298/1298/1298 1299/1299/1299 1299/1299/1299 
f 1299/1299/1299 1292/1292/1292 1299/1299/1299 
f 1299/1299/1299 1292/1292/1292 1292/1292/1292 
f 1292/1292/1292 1295/1295/1295 1292/1292/1292 
f 1292/1292/1292 1295/1295/1295 1293/1293/1293 
f 1295/1295/1295 1295/1295/1295 1293/1293/1293 
f 1293/1293/1293 1295/1295/1295 1294/1294/1294 
f 1295/1295/1295 1300/1300/1300 1294/1294/1294 
f 1294/1294/1294 1300/1300/1300 1294/1294/1294 
f 1300/1300/1300 1301/1301/1301 1294/1294/1294 
f 1294/1294/1294 1301/1301/1301 1266/1266/1266 
f 1301/1301/1301 1301/1301/1301 1266/1266/1266 
f 1266/1266/1266 1301/1301/1301 1265/1265/1265 
f 1301/1301/1301 1302/1302/1302 1265/1265/1265 
f 1265/1265/1265 1302/1302/1302 1264/1264/1264 
f 1302/1302/1302 1264/1264/1264 1264/1264/1264 
f 1264/1264/1264 1264/1264/1264 1295/1295/1295 
f 1264/1264/1264 1295/1295/1295 1295/1295/1295 
f 1295/1295/1295 1295/1295/1295 1300/1300/1300 
f 1295/1295/1295 1296/1296/1296 1300/1300/1300 
f 1300/1300/1300 1296/1296/1296 1300/1300/1300 
f 1296/1296/1296 1298/1298/1298 1300/1300/1300 
f 1300/1300/1300 1298/1298/1298 1303/1303/1303 
f 1298/1298/1298 1298/1298/1298 1303/1303/1303 
f 1303/1303/1303 1298/1298/1298 1304/1304/1304 
f 1298/1298/1298 1299/1299/1299 1304/1304/1304 
f 1304/1304/1304 1299/1299/1299 1304/1304/1304 
f 1299/1299/1299 1305/1305/1305 1304/1304/1304 
f 1304/1304/1304 1305/1305/1305 1306/1306/1306 
f 1305/1305/1305 1307/1307/1307 1306/1306/1306 
f 1306/1306/1306 1307/1307/1307 1307/1307/1307 
f 1307/1307/1307 1300/1300/1300 1307/1307/1307 
f 1307/1307/1307 1300/1300/1300 1300/1300/1300 
f 1300/1300/1300 1303/1303/1303 1300/1300/1300 
f 1300/1300/1300 1303/1303/1303 1301/1301/1301 
f 1303/1303/1303 1303/1303/1303 1301/1301/1301 
f 1301/1301/1301 1303/1303/1303 1302/1302/1302 
f 1303/1303/1303 1308/1308/1308 1302/1302/1302 
f 1302/1302/1302 1308/1308/1308 1302/1302/1302 
f 1308/1308/1308 1309/1309/1309 1302/1302/1302 
f 1302/1302/1302 1309/1309/1309 1264/1264/1264 
f 1309/1309/1309 1309/1309/1309 1264/1264/1264 
f 1264/1264/1264 1309/1309/1309 1263/1263/1263 
f 1309/1309/1309 1310/1310/1310 1263/1263/1263 
f 1263/1263/1263 1310/1310/1310 1262/1262/1262 
f 1310/1310/1310 1262/1262/1262 1262/1262/1262 
f 1262/1262/1262 1262/1262/1262 1303/1303/1303 
f 1262/1262/1262 1303/1303/1303 1303/1303/1303 
f 1303/1303/1303 1303/1303/1303 1308/1308/1308 
f 1303/1303/1303 1304/1304/1304 1308/1308/1308 
f 1308/1308/1308 1304/1304/1304 1308/1308/1308 
f 1304/1304/1304 1306/1306/1306 1308/1308/1308 
f 1308/1308/1308 1306/1306/1306 1311/1311/1311 
f 1306/1306/1306 1306/1306/1306 1311/1311/1311 
f 1311/1311/1311 1306/1306/1306 1312/1312/1312 
f 1306/1306/1306 1307/1307/1307 1312/1312/1312 
f 1312/1312/1312 1307/1307/1307 1312/1312/1312 
f 1307/1307/1307 1313/1313/1313 1312/1312/1312 
f 1312/1312/1312 1313/1313/1313 1314/1314/1314 
f 1313/1313/1313 1315/1315/1315 1314/1314/1314 
f 1314/1314/1314 1315/1315/1315 1315/1315/1315 
f 1315/1315/1315 1308/1308/1308 1315/1315/1315 
f 1315/1315/1315 1308/1308/1308 1308/1308/1308 
f 1308/1308/1308 1311/1311/1311 1308/1308/1308 
f 1308/1308/1308 1311/1311/1311 1309/1309/1309 
f 1311/1311/1311 1311/1311/1311 1309/1309/1309 
f 1309/1309/1309 1311/1311/1311 1310/1310/1310 
f 1311/1311/1311 1316/1316/1316 1310/1310/1310 
f 1310/1310/1310 1316/1316/1316 1310/1310/1310 
f 1316/1316/1316 1317/1317/1317 1310/1310/1310 
f 1310/1310/1310 1317/1317/1317 1262/1262/1262 
f 1317/1317/1317 1317/1317/1317 1262/1262/1262 
f 1262/1262/1262 1317/1317/1317 1261/1261/1261 
f 1317/1317/1317 1318/1318/1318 1261/1261/1261 
f 1261/1261/1261 1318/1318/1318 1260/1260/1260 
f 1318/1318/1318 1260/1260/1260 1260/1260/1260 
f 1260/1260/1260 1260/1260/1260 1311/1311/1311 
f 1260/1260/1260 1311/1311/1311 1311/1311/1311 
f 1311/1311/1311 1311/1311/1311 1316/1316/1316 
f 1311/1311/1311 1312/1312/1312 1316/1316/1316 
f 1316/1316/1316 1312/1312/1312 1316/1316/1316 
f 1312/1312/1312 1314/1314/1314 1316/1316/1316 
f 1316/1316/1316 1314/1314/1314 1319/1319/1319 
f 1314/1314/1314 1314/1314/1314 1319/1319/1319 
f 1319/1319/1319 1314/1314/1314 1320/1320/1320 
f 1314/1314/1314 1315/1315/1315 1320/1320/1320 
f 1320/1320/1320 1315/1315/1315 1320/1320/1320 
f 1315/1315/1315 1321/1321/1321 1320/1320/1320 
f 1320/1320/1320 1321/1321/1321 1322/1322/1322 
f 1321/1321/1321 1323/1323/1323 1322/1322/1322 
f 1322/1322/1322 1323/1323/1323 1323/1323/1323 
f 1323/1323/1323 1316/1316/1316 1323/1323/1323 
f 1323/1323/1323 1316/1316/1316 1316/1316/1316 
f 1316/1316/1316 1319/1319/1319 1316/1316/1316 
f 1316/1316/1316 1319/1319/1319 1317/1317/1317 
f 1319/1319/1319 1319/1319/1319 1317/1317/1317 
f 1317/1317/1317 1319/1319/1319 1318/1318/1318 
f 1319/1319/1319 1324/1324/1324 1318/1318/1318 
f 1318/1318/1318 1324/1324/1324 1318/1318/1318 
f 1324/1324/1324 1325/1325/1325 1318/1318/1318 
f 1318/1318/1318 1325/1325/1325 1260/1260/1260 
f 1325/1325/1325 1325/1325/1325 1260/1260/1260 
f 1260/1260/1260 1325/1325/1325 1259/1259/1259 
f 1325/1325/1325 1326/1326/1326 1259/1259/1259 
f 1259/1259/1259 1326/1326/1326 1258/1258/1258 
f 1326/1326/1326 1258/1258/1258 1258/1258/1258 
f 1258/1258/1258 1258/1258/1258 1319/1319/1319 
f 1258/1258/1258 1319/1319/1319 1319/1319/1319 
f 1319/1319/1319 1319/1319/1319 1324/1324/1324 
f 1319/1319/1319 1320/1320/1320 1324/1324/1324 
f 1324/1324/1324 1320/1320/1320 1324/1324/1324 
f 1320/1320/1320 1322/1322/1322 1324/1324/1324 
f 1324/1324/1324 1322/1322/1322 1327/1327/1327 
f 1322/1322/1322 1322/1322/1322 1327/1327/1327 
f 1327/1327/1327 1322/1322/1322 1328/1328/1328 
f 1322/1322/1322 1323/1323/1323 1328/1328/1328 
f 1328/1328/1328 1323/1323/1323 1328/1328/1328 
f 1323/1323/1323 1329/1329/1329 1328/1328/1328 
f 1328/1328/1328 1329/1329/1329 1330/1330/1330 
f 1329/1329/1329 1331/1331/1331 1330/1330/1330 
f 1330/1330/1330 1331/1331/1331 1331/1331/1331 
f 1331/1331/1331 1324/1324/1324 1331/1331/1331 
f 1331/1331/1331 1324/1324/1324 1324/1324/1324 
f 1324/1324/1324 1327/1327/1327 1324/1324/1324 
f 1324/1324/1324 1327/1327/1327 1325/1325/1325 
f 1327/1327/1327 1327/1327/1327 1325/1325/1325 
f 1325/1325/1325 1327/1327/1327 1326/1326/1326 
f 1327/1327/1327 1332/1332/1332 1326/1326/1326 
f 1326/1326/1326 1332/1332/1332 1326/1326/1326 
f 1332/1332/1332 1333/1333/1333 1326/1326/1326 
f 1326/1326/1326 1333/1333/1333 1258/1258/1258 
f 1333/1333/1333 1333/1333/1333 1258/1258/1258 
f 1258/1258/1258 1333/1333/1333 1255/1255/1255 
f 1333/1333/1333 1334/1334/1334 1255/1255/1255 
f 1255/1255/1255 1334/1334/1334 1256/1256/1256 
f 1334/1334/1334 1334/1334/1334 1256/1256/1256 
f 1256/1256/1256 1334/1334/1334 1335/1335/1335 
f 1334/1334/1334 1336/1336/1336 1335/1335/1335 
f 1335/1335/1335 1336/1336/1336 1337/1337/1337 
f 1336/1336/1336 1337/1337/1337 1337/1337/1337 
f 1337/1337/1337 1337/1337/1337 1327/1327/1327 
f 1337/1337/1337 1327/1327/1327 1327/1327/1327 
f 1327/1327/1327 1327/1327/1327 1332/1332/1332 
f 1327/1327/1327 1328/1328/1328 1332/1332/1332 
f 1332/1332/1332 1328/1328/1328 1332/1332/1332 
f 1328/1328/1328 1330/1330/1330 1332/1332/1332 
f 1332/1332/1332 1330/1330/1330 1338/1338/1338 
f 1330/1330/1330 1339/1339/1339 1338/1338/1338 
f 1338/1338/1338 1339/1339/1339 1336/1336/1336 
f 1339/1339/1339 1340/1340/1340 1336/1336/1336 
f 1336/1336/1336 1340/1340/1340 1337/1337/1337 
f 1340/1340/1340 1340/1340/1340 1337/1337/1337 
f 1337/1337/1337 1340/1340/1340 1341/1341/1341 
f 1340/1340/1340 1340/1340/1340 1341/1341/1341 
f 1341/1341/1341 1340/1340/1340 1342/1342/1342 
f 1340/1340/1340 1340/1340/1340 1342/1342/1342 
f 1342/1342/1342 1340/1340/1340 1343/1343/1343 
f 1340/1340/1340 1339/1339/1339 1343/1343/1343 
f 1343/1343/1343 1339/1339/1339 1331/1331/1331 
f 1339/1339/1339 1330/1330/1330 1331/1331/1331 
f 1331/1331/1331 1330/1330/1330 1330/1330/1330 
f 1330/1330/1330 1336/1336/1336 1330/1330/1330 
f 1330/1330/1330 1336/1336/1336 1336/1336/1336 
f 1336/1336/1336 1334/1334/1334 1336/1336/1336 
f 1336/1336/1336 1334/1334/1334 1338/1338/1338 
f 1334/1334/1334 1333/1333/1333 1338/1338/1338 
f 1338/1338/1338 1333/1333/1333 1332/1332/1332 
f 1333/1333/1333 1332/1332/1332 1332/1332/1332 
f 1332/1332/1332 1332/1332/1332 1341/1341/1341 
f 1332/1332/1332 1341/1341/1341 1341/1341/1341 
f 1341/1341/1341 1341/1341/1341 1344/1344/1344 
f 1341/1341/1341 1342/1342/1342 1344/1344/1344 
f 1344/1344/1344 1342/1342/1342 1342/1342/1342 
f 1342/1342/1342 1345/1345/1345 1342/1342/1342 
f 1342/1342/1342 1345/1345/1345 1345/1345/1345 
f 1345/1345/1345 1346/1346/1346 1345/1345/1345 
f 1345/1345/1345 1346/1346/1346 1347/1347/1347 
f 1346/1346/1346 1348/1348/1348 1347/1347/1347 
f 1347/1347/1347 1348/1348/1348 1349/1349/1349 
f 1348/1348/1348 1349/1349/1349 1349/1349/1349 
f 1349/1349/1349 1349/1349/1349 1346/1346/1346 
f 1349/1349/1349 1346/1346/1346 1346/1346/1346 
f 1346/1346/1346 1346/1346/1346 1348/1348/1348 
f 1346/1346/1346 1350/1350/1350 1348/1348/1348 
f 1348/1348/1348 1350/1350/1350 1351/1351/1351 
f 1350/1350/1350 1352/1352/1352 1351/1351/1351 
f 1351/1351/1351 1352/1352/1352 1353/1353/1353 
f 1352/1352/1352 1354/1354/1354 1353/1353/1353 
f 1353/1353/1353 1354/1354/1354 1355/1355/1355 
f 1354/1354/1354 1356/1356/1356 1355/1355/1355 
f 1355/1355/1355 1356/1356/1356 1355/1355/1355 
f 1356/1356/1356 1357/1357/1357 1355/1355/1355 
f 1355/1355/1355 1357/1357/1357 1358/1358/1358 
f 1357/1357/1357 1359/1359/1359 1358/1358/1358 
f 1358/1358/1358 1359/1359/1359 1360/1360/1360 
f 1359/1359/1359 1361/1361/1361 1360/1360/1360 
f 1360/1360/1360 1361/1361/1361 1362/1362/1362 
f 1361/1361/1361 1363/1363/1363 1362/1362/1362 
f 1362/1362/1362 1363/1363/1363 1364/1364/1364 
f 1363/1363/1363 1365/1365/1365 1364/1364/1364 
f 1364/1364/1364 1365/1365/1365 1366/1366/1366 
f 1365/1365/1365 1367/1367/1367 1366/1366/1366 
f 1366/1366/1366 1367/1367/1367 1368/1368/1368 
f 1367/1367/1367 1369/1369/1369 1368/1368/1368 
f 1368/1368/1368 1369/1369/1369 1370/1370/1370 
f 1369/1369/1369 1371/1371/1371 1370/1370/1370 
f 1370/1370/1370 1371/1371/1371 1372/1372/1372 
f 1371/1371/1371 1373/1373/1373 1372/1372/1372 
f 1372/1372/1372 1373/1373/1373 1374/1374/1374 
f 1373/1373/1373 1375/1375/1375 1374/1374/1374 
f 1374/1374/1374 1375/1375/1375 1376/1376/1376 
f 1375/1375/1375 1377/1377/1377 1376/1376/1376 
f 1376/1376/1376 1377/1377/1377 1377/1377/1377 
f 1377/1377/1377 1376/1376/1376 1377/1377/1377 
f 1377/1377/1377 1376/1376/1376 1376/1376/1376 
f 1376/1376/1376 1378/1378/1378 1376/1376/1376 
f 1376/1376/1376 1378/1378/1378 1374/1374/1374 
f 1378/1378/1378 1379/1379/1379 1374/1374/1374 
f 1374/1374/1374 1379/1379/1379 1372/1372/1372 
f 1379/1379/1379 1380/1380/1380 1372/1372/1372 
f 1372/1372/1372 1380/1380/1380 1370/1370/1370 
f 1380/1380/1380 1381/1381/1381 1370/1370/1370 
f 1370/1370/1370 1381/1381/1381 1368/1368/1368 
f 1381/1381/1381 1382/1382/1382 1368/1368/1368 
f 1368/1368/1368 1382/1382/1382 1366/1366/1366 
f 1382/1382/1382 1383/1383/1383 1366/1366/1366 
f 1366/1366/1366 1383/1383/1383 1364/1364/1364 
f 1383/1383/1383 1384/1384/1384 1364/1364/1364 
f 1364/1364/1364 1384/1384/1384 1362/1362/1362 
f 1384/1384/1384 1385/1385/1385 1362/1362/1362 
f 1362/1362/1362 1385/1385/1385 1360/1360/1360 
f 1385/1385/1385 1386/1386/1386 1360/1360/1360 
f 1360/1360/1360 1386/1386/1386 1358/1358/1358 
f 1386/1386/1386 1387/1387/1387 1358/1358/1358 
f 1358/1358/1358 1387/1387/1387 1355/1355/1355 
f 1387/1387/1387 1387/1387/1387 1355/1355/1355 
f 1355/1355/1355 1387/1387/1387 1353/1353/1353 
f 1387/1387/1387 1388/1388/1388 1353/1353/1353 
f 1353/1353/1353 1388/1388/1388 1351/1351/1351 
f 1388/1388/1388 1351/1351/1351 1351/1351/1351 
f 1351/1351/1351 1351/1351/1351 1379/1379/1379 
f 1351/1351/1351 1379/1379/1379 1379/1379/1379 
f 1379/1379/1379 1379/1379/1379 1389/1389/1389 
f 1379/1379/1379 1378/1378/1378 1389/1389/1389 
f 1389/1389/1389 1378/1378/1378 1378/1378/1378 
f 1378/1378/1378 1388/1388/1388 1378/1378/1378 
f 1378/1378/1378 1388/1388/1388 1388/1388/1388 
f 1388/1388/1388 1387/1387/1387 1388/1388/1388 
f 1388/1388/1388 1387/1387/1387 1390/1390/1390 
f 1387/1387/1387 1386/1386/1386 1390/1390/1390 
f 1390/1390/1390 1386/1386/1386 1391/1391/1391 
f 1386/1386/1386 1385/1385/1385 1391/1391/1391 
f 1391/1391/1391 1385/1385/1385 1392/1392/1392 
f 1385/1385/1385 1384/1384/1384 1392/1392/1392 
f 1392/1392/1392 1384/1384/1384 1393/1393/1393 
f 1384/1384/1384 1383/1383/1383 1393/1393/1393 
f 1393/1393/1393 1383/1383/1383 1394/1394/1394 
f 1383/1383/1383 1382/1382/1382 1394/1394/1394 
f 1394/1394/1394 1382/1382/1382 1395/1395/1395 
f 1382/1382/1382 1381/1381/1381 1395/1395/1395 
f 1395/1395/1395 1381/1381/1381 1396/1396/1396 
f 1381/1381/1381 1380/1380/1380 1396/1396/1396 
f 1396/1396/1396 1380/1380/1380 1397/1397/1397 
f 1380/1380/1380 1379/1379/1379 1397/1397/1397 
f 1397/1397/1397 1379/1379/1379 1397/1397/1397 
f 1379/1379/1379 1389/1389/1389 1397/1397/1397 
f 1397/1397/1397 1389/1389/1389 1397/1397/1397 
f 1389/1389/1389 1398/1398/1398 1397/1397/1397 
f 1397/1397/1397 1398/1398/1398 1399/1399/1399 
f 1398/1398/1398 1400/1400/1400 1399/1399/1399 
f 1399/1399/1399 1400/1400/1400 1399/1399/1399 
f 1400/1400/1400 1401/1401/1401 1399/1399/1399 
f 1399/1399/1399 1401/1401/1401 1399/1399/1399 
f 1401/1401/1401 1402/1402/1402 1399/1399/1399 
f 1399/1399/1399 1402/1402/1402 1396/1396/1396 
f 1402/1402/1402 1402/1402/1402 1396/1396/1396 
f 1396/1396/1396 1402/1402/1402 1395/1395/1395 
f 1402/1402/1402 1403/1403/1403 1395/1395/1395 
f 1395/1395/1395 1403/1403/1403 1394/1394/1394 
f 1403/1403/1403 1404/1404/1404 1394/1394/1394 
f 1394/1394/1394 1404/1404/1404 1393/1393/1393 
f 1404/1404/1404 1405/1405/1405 1393/1393/1393 
f 1393/1393/1393 1405/1405/1405 1392/1392/1392 
f 1405/1405/1405 1406/1406/1406 1392/1392/1392 
f 1392/1392/1392 1406/1406/1406 1391/1391/1391 
f 1406/1406/1406 1407/1407/1407 1391/1391/1391 
f 1391/1391/1391 1407/1407/1407 1390/1390/1390 
f 1407/1407/1407 1408/1408/1408 1390/1390/1390 
f 1390/1390/1390 1408/1408/1408 1388/1388/1388 
f 1408/1408/1408 1409/1409/1409 1388/1388/1388 
f 1388/1388/1388 1409/1409/1409 1351/1351/1351 
f 1409/1409/1409 1409/1409/1409 1351/1351/1351 
f 1351/1351/1351 1409/1409/1409 1348/1348/1348 
f 1409/1409/1409 1409/1409/1409 1348/1348/1348 
f 1348/1348/1348 1409/1409/1409 1349/1349/1349 
f 1409/1409/1409 1409/1409/1409 1349/1349/1349 
f 1349/1349/1349 1409/1409/1409 1410/1410/1410 
f 1409/1409/1409 1408/1408/1408 1410/1410/1410 
f 1410/1410/1410 1408/1408/1408 1411/1411/1411 
f 1408/1408/1408 1407/1407/1407 1411/1411/1411 
f 1411/1411/1411 1407/1407/1407 1412/1412/1412 
f 1407/1407/1407 1406/1406/1406 1412/1412/1412 
f 1412/1412/1412 1406/1406/1406 1413/1413/1413 
f 1406/1406/1406 1405/1405/1405 1413/1413/1413 
f 1413/1413/1413 1405/1405/1405 1414/1414/1414 
f 1405/1405/1405 1404/1404/1404 1414/1414/1414 
f 1414/1414/1414 1404/1404/1404 1415/1415/1415 
f 1404/1404/1404 1403/1403/1403 1415/1415/1415 
f 1415/1415/1415 1403/1403/1403 1416/1416/1416 
f 1403/1403/1403 1402/1402/1402 1416/1416/1416 
f 1416/1416/1416 1402/1402/1402 1401/1401/1401 
f 1402/1402/1402 1401/1401/1401 1401/1401/1401 
f 1401/1401/1401 1401/1401/1401 1396/1396/1396 
f 1401/1401/1401 1396/1396/1396 1396/1396/1396 
f 1396/1396/1396 1396/1396/1396 1399/1399/1399 
f 1396/1396/1396 1397/1397/1397 1399/1399/1399 
f 1399/1399/1399 1397/1397/1397 1397/1397/1397 
f 1397/1397/1397 1417/1417/1417 1397/1397/1397 
f 1397/1397/1397 1417/1417/1417 1417/1417/1417 
f 1417/1417/1417 1418/1418/1418 1417/1417/1417 
f 1417/1417/1417 1418/1418/1418 1419/1419/1419 
f 1418/1418/1418 1420/1420/1420 1419/1419/1419 
f 1419/1419/1419 1420/1420/1420 1421/1421/1421 
f 1420/1420/1420 1421/1421/1421 1421/1421/1421 
f 1421/1421/1421 1421/1421/1421 1418/1418/1418 
f 1421/1421/1421 1418/1418/1418 1418/1418/1418 
f 1418/1418/1418 1418/1418/1418 1420/1420/1420 
f 1418/1418/1418 1422/1422/1422 1420/1420/1420 
f 1420/1420/1420 1422/1422/1422 1423/1423/1423 
f 1422/1422/1422 1424/1424/1424 1423/1423/1423 
f 1423/1423/1423 1424/1424/1424 1425/1425/1425 
f 1424/1424/1424 1426/1426/1426 1425/1425/1425 
f 1425/1425/1425 1426/1426/1426 1427/1427/1427 
f 1426/1426/1426 1428/1428/1428 1427/1427/1427 
f 1427/1427/1427 1428/1428/1428 1429/1429/1429 
f 1428/1428/1428 1430/1430/1430 1429/1429/1429 
f 1429/1429/1429 1430/1430/1430 1431/1431/1431 
f 1430/1430/1430 1432/1432/1432 1431/1431/1431 
f 1431/1431/1431 1432/1432/1432 1433/1433/1433 
f 1432/1432/1432 1434/1434/1434 1433/1433/1433 
f 1433/1433/1433 1434/1434/1434 1435/1435/1435 
f 1434/1434/1434 1436/1436/1436 1435/1435/1435 
f 1435/1435/1435 1436/1436/1436 1435/1435/1435 
f 1436/1436/1436 1437/1437/1437 1435/1435/1435 
f 1435/1435/1435 1437/1437/1437 1438/1438/1438 
f 1437/1437/1437 1439/1439/1439 1438/1438/1438 
f 1438/1438/1438 1439/1439/1439 1440/1440/1440 
f 1439/1439/1439 1441/1441/1441 1440/1440/1440 
f 1440/1440/1440 1441/1441/1441 1442/1442/1442 
f 1441/1441/1441 1443/1443/1443 1442/1442/1442 
f 1442/1442/1442 1443/1443/1443 1444/1444/1444 
f 1443/1443/1443 1445/1445/1445 1444/1444/1444 
f 1444/1444/1444 1445/1445/1445 1446/1446/1446 
f 1445/1445/1445 1447/1447/1447 1446/1446/1446 
f 1446/1446/1446 1447/1447/1447 1448/1448/1448 
f 1447/1447/1447 1449/1449/1449 1448/1448/1448 
f 1448/1448/1448 1449/1449/1449 1450/1450/1450 
f 1449/1449/1449 1451/1451/1451 1450/1450/1450 
f 1450/1450/1450 1451/1451/1451 1452/1452/1452 
f 1451/1451/1451 1453/1453/1453 1452/1452/1452 
f 1452/1452/1452 1453/1453/1453 1454/1454/1454 
f 1453/1453/1453 1455/1455/1455 1454/1454/1454 
f 1454/1454/1454 1455/1455/1455 1456/1456/1456 
f 1455/1455/1455 1457/1457/1457 1456/1456/1456 
f 1456/1456/1456 1457/1457/1457 1458/1458/1458 
f 1457/1457/1457 1459/1459/1459 1458/1458/1458 
f 1458/1458/1458 1459/1459/1459 1460/1460/1460 
f 1459/1459/1459 1461/1461/1461 1460/1460/1460 
f 1460/1460/1460 1461/1461/1461 1462/1462/1462 
f 1461/1461/1461 1463/1463/1463 1462/1462/1462 
f 1462/1462/1462 1463/1463/1463 1464/1464/1464 
f 1463/1463/1463 1465/1465/1465 1464/1464/1464 
f 1464/1464/1464 1465/1465/1465 1466/1466/1466 
f 1465/1465/1465 1467/1467/1467 1466/1466/1466 
f 1466/1466/1466 1467/1467/1467 1468/1468/1468 
f 1467/1467/1467 1469/1469/1469 1468/1468/1468 
f 1468/1468/1468 1469/1469/1469 1469/1469/1469 
f 1469/1469/1469 1468/1468/1468 1469/1469/1469 
f 1469/1469/1469 1468/1468/1468 1468/1468/1468 
f 1468/1468/1468 1470/1470/1470 1468/1468/1468 
f 1468/1468/1468 1470/1470/1470 1466/1466/1466 
f 1470/1470/1470 1471/1471/1471 1466/1466/1466 
f 1466/1466/1466 1471/1471/1471 1464/1464/1464 
f 1471/1471/1471 1472/1472/1472 1464/1464/1464 
f 1464/1464/1464 1472/1472/1472 1462/1462/1462 
f 1472/1472/1472 1473/1473/1473 1462/1462/1462 
f 1462/1462/1462 1473/1473/1473 1460/1460/1460 
f 1473/1473/1473 1474/1474/1474 1460/1460/1460 
f 1460/1460/1460 1474/1474/1474 1458/1458/1458 
f 1474/1474/1474 1475/1475/1475 1458/1458/1458 
f 1458/1458/1458 1475/1475/1475 1456/1456/1456 
f 1475/1475/1475 1476/1476/1476 1456/1456/1456 
f 1456/1456/1456 1476/1476/1476 1454/1454/1454 
f 1476/1476/1476 1477/1477/1477 1454/1454/1454 
f 1454/1454/1454 1477/1477/1477 1452/1452/1452 
f 1477/1477/1477 1478/1478/1478 1452/1452/1452 
f 1452/1452/1452 1478/1478/1478 1450/1450/1450 
f 1478/1478/1478 1479/1479/1479 1450/1450/1450 
f 1450/1450/1450 1479/1479/1479 1448/1448/1448 
f 1479/1479/1479 1480/1480/1480 1448/1448/1448 
f 1448/1448/1448 1480/1480/1480 1446/1446/1446 
f 1480/1480/1480 1481/1481/1481 1446/1446/1446 
f 1446/1446/1446 1481/1481/1481 1444/1444/1444 
f 1481/1481/1481 1482/1482/1482 1444/1444/1444 
f 1444/1444/1444 1482/1482/1482 1442/1442/1442 
f 1482/1482/1482 1483/1483/1483 1442/1442/1442 
f 1442/1442/1442 1483/1483/1483 1440/1440/1440 
f 1483/1483/1483 1484/1484/1484 1440/1440/1440 
f 1440/1440/1440 1484/1484/1484 1438/1438/1438 
f 1484/1484/1484 1485/1485/1485 1438/1438/1438 
f 1438/1438/1438 1485/1485/1485 1435/1435/1435 
f 1485/1485/1485 1485/1485/1485 1435/1435/1435 
f 1435/1435/1435 1485/1485/1485 1433/1433/1433 
f 1485/1485/1485 1486/1486/1486 1433/1433/1433 
f 1433/1433/1433 1486/1486/1486 1431/1431/1431 
f 1486/1486/1486 1431/1431/1431 1431/1431/1431 
f 1431/1431/1431 1431/1431/1431 1471/1471/1471 
f 1431/1431/1431 1471/1471/1471 1471/1471/1471 
f 1471/1471/1471 1471/1471/1471 1487/1487/1487 
f 1471/1471/1471 1470/1470/1470 1487/1487/1487 
f 1487/1487/1487 1470/1470/1470 1470/1470/1470 
f 1470/1470/1470 1486/1486/1486 1470/1470/1470 
f 1470/1470/1470 1486/1486/1486 1486/1486/1486 
f 1486/1486/1486 1485/1485/1485 1486/1486/1486 
f 1486/1486/1486 1485/1485/1485 1488/1488/1488 
f 1485/1485/1485 1484/1484/1484 1488/1488/1488 
f 1488/1488/1488 1484/1484/1484 1489/1489/1489 
f 1484/1484/1484 1483/1483/1483 1489/1489/1489 
f 1489/1489/1489 1483/1483/1483 1490/1490/1490 
f 1483/1483/1483 1482/1482/1482 1490/1490/1490 
f 1490/1490/1490 1482/1482/1482 1491/1491/1491 
f 1482/1482/1482 1481/1481/1481 1491/1491/1491 
f 1491/1491/1491 1481/1481/1481 1492/1492/1492 
f 1481/1481/1481 1480/1480/1480 1492/1492/1492 
f 1492/1492/1492 1480/1480/1480 1493/1493/1493 
f 1480/1480/1480 1479/1479/1479 1493/1493/1493 
f 1493/1493/1493 1479/1479/1479 1494/1494/1494 
f 1479/1479/1479 1478/1478/1478 1494/1494/1494 
f 1494/1494/1494 1478/1478/1478 1495/1495/1495 
f 1478/1478/1478 1477/1477/1477 1495/1495/1495 
f 1495/1495/1495 1477/1477/1477 1496/1496/1496 
f 1477/1477/1477 1476/1476/1476 1496/1496/1496 
f 1496/1496/1496 1476/1476/1476 1497/1497/1497 
f 1476/1476/1476 1475/1475/1475 1497/1497/1497 
f 1497/1497/1497 1475/1475/1475 1498/1498/1498 
f 1475/1475/1475 1474/1474/1474 1498/1498/1498 
f 1498/1498/1498 1474/1474/1474 1499/1499/1499 
f 1474/1474/1474 1473/1473/1473 1499/1499/1499 
f 1499/1499/1499 1473/1473/1473 1500/1500/1500 
f 1473/1473/1473 1472/1472/1472 1500/1500/1500 
f 1500/1500/1500 1472/1472/1472 1501/1501/1501 
f 1472/1472/1472 1471/1471/1471 1501/1501/1501 
f 1501/1501/1501 1471/1471/1471 1501/1501/1501 
f 1471/1471/1471 1487/1487/1487 1501/1501/1501 
f 1501/1501/1501 1487/1487/1487 1501/1501/1501 
f 1487/1487/1487 1502/1502/1502 1501/1501/1501 
f 1501/1501/1501 1502/1502/1502 1503/1503/1503 
f 1502/1502/1502 1504/1504/1504 1503/1503/1503 
f 1503/1503/1503 1504/1504/1504 1504/1504/1504 
f 1504/1504/1504 1501/1501/1501 1504/1504/1504 
f 1504/1504/1504 1501/1501/1501 1501/1501/1501 
f 1501/1501/1501 1503/1503/1503 1501/1501/1501 
f 1501/1501/1501 1503/1503/1503 1500/1500/1500 
f 1503/1503/1503 1505/1505/1505 1500/1500/1500 
f 1500/1500/1500 1505/1505/1505 1499/1499/1499 
f 1505/1505/1505 1506/1506/1506 1499/1499/1499 
f 1499/1499/1499 1506/1506/1506 1498/1498/1498 
f 1506/1506/1506 1507/1507/1507 1498/1498/1498 
f 1498/1498/1498 1507/1507/1507 1497/1497/1497 
f 1507/1507/1507 1508/1508/1508 1497/1497/1497 
f 1497/1497/1497 1508/1508/1508 1496/1496/1496 
f 1508/1508/1508 1509/1509/1509 1496/1496/1496 
f 1496/1496/1496 1509/1509/1509 1495/1495/1495 
f 1509/1509/1509 1510/1510/1510 1495/1495/1495 
f 1495/1495/1495 1510/1510/1510 1494/1494/1494 
f 1510/1510/1510 1511/1511/1511 1494/1494/1494 
f 1494/1494/1494 1511/1511/1511 1493/1493/1493 
f 1511/1511/1511 1512/1512/1512 1493/1493/1493 
f 1493/1493/1493 1512/1512/1512 1492/1492/1492 
f 1512/1512/1512 1513/1513/1513 1492/1492/1492 
f 1492/1492/1492 1513/1513/1513 1491/1491/1491 
f 1513/1513/1513 1514/1514/1514 1491/1491/1491 
f 1491/1491/1491 1514/1514/1514 1490/1490/1490 
f 1514/1514/1514 1515/1515/1515 1490/1490/1490 
f 1490/1490/1490 1515/1515/1515 1489/1489/1489 
f 1515/1515/1515 1516/1516/1516 1489/1489/1489 
f 1489/1489/1489 1516/1516/1516 1488/1488/1488 
f 1516/1516/1516 1517/1517/1517 1488/1488/1488 
f 1488/1488/1488 1517/1517/1517 1486/1486/1486 
f 1517/1517/1517 1518/1518/1518 1486/1486/1486 
f 1486/1486/1486 1518/1518/1518 1431/1431/1431 
f 1518/1518/1518 1518/1518/1518 1431/1431/1431 
f 1431/1431/1431 1518/1518/1518 1429/1429/1429 
f 1518/1518/1518 1519/1519/1519 1429/1429/1429 
f 1429/1429/1429 1519/1519/1519 1427/1427/1427 
f 1519/1519/1519 1427/1427/1427 1427/1427/1427 
f 1427/1427/1427 1427/1427/1427 1519/1519/1519 
f 1427/1427/1427 1519/1519/1519 1519/1519/1519 
f 1519/1519/1519 1519/1519/1519 1520/1520/1520 
f 1519/1519/1519 1518/1518/1518 1520/1520/1520 
f 1520/1520/1520 1518/1518/1518 1520/1520/1520 
f 1518/1518/1518 1517/1517/1517 1520/1520/1520 
f 1520/1520/1520 1517/1517/1517 1521/1521/1521 
f 1517/1517/1517 1516/1516/1516 1521/1521/1521 
f 1521/1521/1521 1516/1516/1516 1522/1522/1522 
f 1516/1516/1516 1515/1515/1515 1522/1522/1522 
f 1522/1522/1522 1515/1515/1515 1523/1523/1523 
f 1515/1515/1515 1514/1514/1514 1523/1523/1523 
f 1523/1523/1523 1514/1514/1514 1524/1524/1524 
f 1514/1514/1514 1513/1513/1513 1524/1524/1524 
f 1524/1524/1524 1513/1513/1513 1525/1525/1525 
f 1513/1513/1513 1512/1512/1512 1525/1525/1525 
f 1525/1525/1525 1512/1512/1512 1526/1526/1526 
f 1512/1512/1512 1511/1511/1511 1526/1526/1526 
f 1526/1526/1526 1511/1511/1511 1527/1527/1527 
f 1511/1511/1511 1510/1510/1510 1527/1527/1527 
f 1527/1527/1527 1510/1510/1510 1528/1528/1528 
f 1510/1510/1510 1509/1509/1509 1528/1528/1528 
f 1528/1528/1528 1509/1509/1509 1529/1529/1529 
f 1509/1509/1509 1508/1508/1508 1529/1529/1529 
f 1529/1529/1529 1508/1508/1508 1530/1530/1530 
f 1508/1508/1508 1507/1507/1507 1530/1530/1530 
f 1530/1530/1530 1507/1507/1507 1531/1531/1531 
f 1507/1507/1507 1506/1506/1506 1531/1531/1531 
f 1531/1531/1531 1506/1506/1506 1532/1532/1532 
f 1506/1506/1506 1505/1505/1505 1532/1532/1532 
f 1532/1532/1532 1505/1505/1505 1533/1533/1533 
f 1505/1505/1505 1503/1503/1503 1533/1533/1533 
f 1533/1533/1533 1503/1503/1503 1533/1533/1533 
f 1503/1503/1503 1504/1504/1504 1533/1533/1533 
f 1533/1533/1533 1504/1504/1504 1533/1533/1533 
f 1504/1504/1504 1534/1534/1534 1533/1533/1533 
f 1533/1533/1533 1534/1534/1534 1535/1535/1535 
f 1534/1534/1534 1536/1536/1536 1535/1535/1535 
f 1535/1535/1535 1536/1536/1536 1536/1536/1536 
f 1536/1536/1536 1533/1533/1533 1536/1536/1536 
f 1536/1536/1536 1533/1533/1533 1533/1533/1533 
f 1533/1533/1533 1535/1535/1535 1533/1533/1533 
f 1533/1533/1533 1535/1535/1535 1532/1532/1532 
f 1535/1535/1535 1537/1537/1537 1532/1532/1532 
f 1532/1532/1532 1537/1537/1537 1531/1531/1531 
f 1537/1537/1537 1538/1538/1538 1531/1531/1531 
f 1531/1531/1531 1538/1538/1538 1530/1530/1530 
f 1538/1538/1538 1539/1539/1539 1530/1530/1530 
f 1530/1530/1530 1539/1539/1539 1529/1529/1529 
f 1539/1539/1539 1540/1540/1540 1529/1529/1529 
f 1529/1529/1529 1540/1540/1540 1528/1528/1528 
f 1540/1540/1540 1541/1541/1541 1528/1528/1528 
f 1528/1528/1528 1541/1541/1541 1527/1527/1527 
f 1541/1541/1541 1542/1542/1542 1527/1527/1527 
f 1527/1527/1527 1542/1542/1542 1526/1526/1526 
f 1542/1542/1542 1543/1543/1543 1526/1526/1526 
f 1526/1526/1526 1543/1543/1543 1525/1525/1525 
f 1543/1543/1543 1544/1544/1544 1525/1525/1525 
f 1525/1525/1525 1544/1544/1544 1524/1524/1524 
f 1544/1544/1544 1545/1545/1545 1524/1524/1524 
f 1524/1524/1524 1545/1545/1545 1523/1523/1523 
f 1545/1545/1545 1546/1546/1546 1523/1523/1523 
f 1523/1523/1523 1546/1546/1546 1522/1522/1522 
f 1546/1546/1546 1547/1547/1547 1522/1522/1522 
f 1522/1522/1522 1547/1547/1547 1521/1521/1521 
f 1547/1547/1547 1548/1548/1548 1521/1521/1521 
f 1521/1521/1521 1548/1548/1548 1520/1520/1520 
f 1548/1548/1548 1549/1549/1549 1520/1520/1520 
f 1520/1520/1520 1549/1549/1549 1519/1519/1519 
f 1549/1549/1549 1550/1550/1550 1519/1519/1519 
f 1519/1519/1519 1550/1550/1550 1427/1427/1427 
f 1550/1550/1550 1550/1550/1550 1427/1427/1427 
f 1427/1427/1427 1550/1550/1550 1425/1425/1425 
f 1550/1550/1550 1551/1551/1551 1425/1425/1425 
f 1425/1425/1425 1551/1551/1551 1423/1423/1423 
f 1551/1551/1551 1423/1423/1423 1423/1423/1423 
f 1423/1423/1423 1423/1423/1423 1551/1551/1551 
f 1423/1423/1423 1551/1551/1551 1551/1551/1551 
f 1551/1551/1551 1551/1551/1551 1552/1552/1552 
f 1551/1551/1551 1550/1550/1550 1552/1552/1552 
f 1552/1552/1552 1550/1550/1550 1552/1552/1552 
f 1550/1550/1550 1549/1549/1549 1552/1552/1552 
f 1552/1552/1552 1549/1549/1549 1553/1553/1553 
f 1549/1549/1549 1548/1548/1548 1553/1553/1553 
f 1553/1553/1553 1548/1548/1548 1554/1554/1554 
f 1548/1548/1548 1547/1547/1547 1554/1554/1554 
f 1554/1554/1554 1547/1547/1547 1555/1555/1555 
f 1547/1547/1547 1546/1546/1546 1555/1555/1555 
f 1555/1555/1555 1546/1546/1546 1556/1556/1556 
f 1546/1546/1546 1545/1545/1545 1556/1556/1556 
f 1556/1556/1556 1545/1545/1545 1557/1557/1557 
f 1545/1545/1545 1544/1544/1544 1557/1557/1557 
f 1557/1557/1557 1544/1544/1544 1558/1558/1558 
f 1544/1544/1544 1543/1543/1543 1558/1558/1558 
f 1558/1558/1558 1543/1543/1543 1559/1559/1559 
f 1543/1543/1543 1542/1542/1542 1559/1559/1559 
f 1559/1559/1559 1542/1542/1542 1560/1560/1560 
f 1542/1542/1542 1541/1541/1541 1560/1560/1560 
f 1560/1560/1560 1541/1541/1541 1561/1561/1561 
f 1541/1541/1541 1540/1540/1540 1561/1561/1561 
f 1561/1561/1561 1540/1540/1540 1562/1562/1562 
f 1540/1540/1540 1539/1539/1539 1562/1562/1562 
f 1562/1562/1562 1539/1539/1539 1563/1563/1563 
f 1539/1539/1539 1538/1538/1538 1563/1563/1563 
f 1563/1563/1563 1538/1538/1538 1564/1564/1564 
f 1538/1538/1538 1537/1537/1537 1564/1564/1564 
f 1564/1564/1564 1537/1537/1537 1565/1565/1565 
f 1537/1537/1537 1535/1535/1535 1565/1565/1565 
f 1565/1565/1565 1535/1535/1535 1565/1565/1565 
f 1535/1535/1535 1536/1536/1536 1565/1565/1565 
f 1565/1565/1565 1536/1536/1536 1565/1565/1565 
f 1536/1536/1536 1566/1566/1566 1565/1565/1565 
f 1565/1565/1565 1566/1566/1566 1567/1567/1567 
f 1566/1566/1566 1568/1568/1568 1567/1567/1567 
f 1567/1567/1567 1568/1568/1568 1567/1567/1567 
f 1568/1568/1568 1569/1569/1569 1567/1567/1567 
f 1567/1567/1567 1569/1569/1569 1567/1567/1567 
f 1569/1569/1569 1570/1570/1570 1567/1567/1567 
f 1567/1567/1567 1570/1570/1570 1564/1564/1564 
f 1570/1570/1570 1570/1570/1570 1564/1564/1564 
f 1564/1564/1564 1570/1570/1570 1563/1563/1563 
f 1570/1570/1570 1571/1571/1571 1563/1563/1563 
f 1563/1563/1563 1571/1571/1571 1562/1562/1562 
f 1571/1571/1571 1572/1572/1572 1562/1562/1562 
f 1562/1562/1562 1572/1572/1572 1561/1561/1561 
f 1572/1572/1572 1573/1573/1573 1561/1561/1561 
f 1561/1561/1561 1573/1573/1573 1560/1560/1560 
f 1573/1573/1573 1574/1574/1574 1560/1560/1560 
f 1560/1560/1560 1574/1574/1574 1559/1559/1559 
f 1574/1574/1574 1575/1575/1575 1559/1559/1559 
f 1559/1559/1559 1575/1575/1575 1558/1558/1558 
f 1575/1575/1575 1576/1576/1576 1558/1558/1558 
f 1558/1558/1558 1576/1576/1576 1557/1557/1557 
f 1576/1576/1576 1577/1577/1577 1557/1557/1557 
f 1557/1557/1557 1577/1577/1577 1556/1556/1556 
f 1577/1577/1577 1578/1578/1578 1556/1556/1556 
f 1556/1556/1556 1578/1578/1578 1555/1555/1555 
f 1578/1578/1578 1579/1579/1579 1555/1555/1555 
f 1555/1555/1555 1579/1579/1579 1554/1554/1554 
f 1579/1579/1579 1580/1580/1580 1554/1554/1554 
f 1554/1554/1554 1580/1580/1580 1553/1553/1553 
f 1580/1580/1580 1581/1581/1581 1553/1553/1553 
f 1553/1553/1553 1581/1581/1581 1552/1552/1552 
f 1581/1581/1581 1582/1582/1582 1552/1552/1552 
f 1552/1552/1552 1582/1582/1582 1551/1551/1551 
f 1582/1582/1582 1583/1583/1583 1551/1551/1551 
f 1551/1551/1551 1583/1583/1583 1423/1423/1423 
f 1583/1583/1583 1583/1583/1583 1423/1423/1423 
f 1423/1423/1423 1583/1583/1583 1420/1420/1420 
f 1583/1583/1583 1583/1583/1583 1420/1420/1420 
f 1420/1420/1420 1583/1583/1583 1421/1421/1421 
f 1583/1583/1583 1583/1583/1583 1421/1421/1421 
f 1421/1421/1421 1583/1583/1583 1584/1584/1584 
f 1583/1583/1583 1582/1582/1582 1584/1584/1584 
f 1584/1584/1584 1582/1582/1582 1585/1585/1585 
f 1582/1582/1582 1581/1581/1581 1585/1585/1585 
f 1585/1585/1585 1581/1581/1581 1586/1586/1586 
f 1581/1581/1581 1580/1580/1580 1586/1586/1586 
f 1586/1586/1586 1580/1580/1580 1587/1587/1587 
f 1580/1580/1580 1579/1579/1579 1587/1587/1587 
f 1587/1587/1587 1579/1579/1579 1588/1588/1588 
f 1579/1579/1579 1578/1578/1578 1588/1588/1588 
f 1588/1588/1588 1578/1578/1578 1589/1589/1589 
f 1578/1578/1578 1577/1577/1577 1589/1589/1589 
f 1589/1589/1589 1577/1577/1577 1590/1590/1590 
f 1577/1577/1577 1576/1576/1576 1590/1590/1590 
f 1590/1590/1590 1576/1576/1576 1591/1591/1591 
f 1576/1576/1576 1575/1575/1575 1591/1591/1591 
f 1591/1591/1591 1575/1575/1575 1592/1592/1592 
f 1575/1575/1575 1574/1574/1574 1592/1592/1592 
f 1592/1592/1592 1574/1574/1574 1593/1593/1593 
f 1574/1574/1574 1573/1573/1573 1593/1593/1593 
f 1593/1593/1593 1573/1573/1573 1594/1594/1594 
f 1573/1573/1573 1572/1572/1572 1594/1594/1594 
f 1594/1594/1594 1572/1572/1572 1595/1595/1595 
f 1572/1572/1572 1571/1571/1571 1595/1595/1595 
f 1595/1595/1595 1571/1571/1571 1596/1596/1596 
f 1571/1571/1571 1570/1570/1570 1596/1596/1596 
f 1596/1596/1596 1570/1570/1570 1569/1569/1569 
f 1570/1570/1570 1569/1569/1569 1569/1569/1569 
f 1569/1569/1569 1569/1569/1569 1564/1564/1564 
f 1569/1569/1569 1564/1564/1564 1564/1564/1564 
f 1564/1564/1564 1564/1564/1564 1567/1567/1567 
f 1564/1564/1564 1565/1565/1565 1567/1567/1567 

