mtllib model_0.mtl
o model_0
v -8.543457984924316 33.94139862060547 -43.33002853393555 
v 15.057757377624512 52.98776626586914 -70.86479187011719 
v 17.639141082763672 33.94139862060547 -39.765262603759766 
v 30.546056747436523 33.94139862060547 -30.54604148864746 
v 62.26019287109375 54.84184265136719 -41.60911178588867 
v 40.13405227661133 34.27850341796875 -17.02450942993164 
v 35.585899353027344 80.46173858642578 -85.86139678955078 
v 0.061152003705501556 80.46173858642578 -92.99092864990234 
v 0.061152003705501556 102.71060180664062 -98.52246856689453 
v 58.44957733154297 102.87915802001953 -81.31324768066406 
v 65.70203399658203 80.46173858642578 -65.7020263671875 
v 85.86141204833984 80.46174621582031 -35.58588790893555 
v 92.9909439086914 80.46175384521484 -0.06114298850297928 
v 70.61894989013672 52.48212432861328 14.075006484985352 
v 85.86141204833984 80.46175384521484 35.58652877807617 
v 98.76832580566406 102.54206085205078 -16.041135787963867 
v 81.3132553100586 102.87918090820312 58.45020294189453 
v 43.330047607421875 33.77284240722656 8.666398048400879 
v 30.423131942749023 33.60429763793945 30.915462493896484 
v 42.838356018066406 54.16764831542969 60.17112731933594 
v 16.6557559967041 34.447059631347656 40.257606506347656 
v 65.70203399658203 80.46176147460938 65.7026596069336 
v 35.585899353027344 80.46176147460938 85.86203002929688 
v 16.041141510009766 102.54208374023438 98.7689437866211 
v -11.739456176757812 53.66199493408203 72.46343231201172 
v -8.666380882263184 33.941410064697266 43.330684661865234 
v -61.40034866333008 53.661991119384766 41.118064880371094 
v -36.81574630737305 33.77284622192383 24.52346420288086 
v -43.330665588378906 33.941402435302734 -8.665745735168457 
v -70.86541748046875 52.98777389526367 -15.057744026184082 
v -30.423751831054688 33.604286193847656 -30.91480827331543 
v -40.87220764160156 54.16762924194336 -62.13725662231445 
v -8.543457984924316 33.94139862060547 -43.33002853393555 
v 15.057757377624512 52.98776626586914 -70.86479187011719 
v 0.061152003705501556 80.46173858642578 -92.99092864990234 
v -35.586517333984375 80.46173858642578 -85.86139678955078 
v 0.061152003705501556 102.71060180664062 -98.52246856689453 
v -55.13127517700195 102.87915802001953 -82.78832244873047 
v -65.70265197753906 80.46173858642578 -65.7020263671875 
v -91.02479553222656 102.71060943603516 -37.67558288574219 
v -85.86202239990234 80.46174621582031 -35.58588790893555 
v -98.76893615722656 102.54206848144531 16.041767120361328 
v -92.99156188964844 80.46175384521484 -0.06114298850297928 
v -85.86202239990234 80.46175384521484 35.58652877807617 
v -65.70265197753906 80.46176147460938 65.7026596069336 
v -58.450199127197266 102.87918090820312 81.31388092041016 
v -35.586517333984375 80.46176147460938 85.86203002929688 
v 0.061152003705501556 80.4617691040039 92.99156951904297 
v 16.6557559967041 34.447059631347656 40.257606506347656 
v 20.58929443359375 16.07489585876465 49.72268295288086 
v -8.666380882263184 33.941410064697266 43.330684661865234 
v -0.6763859987258911 15.232134819030762 53.533294677734375 
v -20.466989517211914 17.08620834350586 49.23099136352539 
v -36.81574630737305 33.77284622192383 24.52346420288086 
v 30.423131942749023 33.60429763793945 30.915462493896484 
v 38.29020690917969 15.232132911682129 37.30746078491211 
v 48.9845085144043 16.580541610717773 20.95870018005371 
v 46.28020095825195 0.2309993952512741 19.114856719970703 
v 35.70882034301758 0.2310020476579666 35.340694427490234 
v 19.237140655517578 0.3995538651943207 46.52668762207031 
v -0.3076170086860657 0.23100446164608002 50.214378356933594 
v -19.114835739135742 0.23100382089614868 46.28084182739258 
v -37.79913330078125 15.906344413757324 37.92207336425781 
v -49.4768180847168 15.906341552734375 20.58993148803711 
v -35.34067153930664 0.2310021072626114 35.7094612121582 
v -46.280818939208984 0.23099945485591888 19.483627319335938 
v -53.53327560424805 15.906338691711426 0.061790529638528824 
v -50.21435546875 0.23099634051322937 0.30763909220695496 
v -49.4768180847168 15.90633487701416 -20.466350555419922 
v -46.52666473388672 0.23099319636821747 -18.99127197265625 
v -38.29082489013672 15.232120513916016 -37.306800842285156 
v -35.709442138671875 0.23099052906036377 -35.340030670166016 
v 43.330047607421875 33.77284240722656 8.666398048400879 
v -43.330665588378906 33.941402435302734 -8.665745735168457 
v -30.423751831054688 33.604286193847656 -30.91480827331543 
v -21.204526901245117 16.41197967529297 -49.23033142089844 
v -19.483604431152344 0.2309887409210205 -46.28017807006836 
v -0.061771001666784286 15.906330108642578 -53.53263473510742 
v -0.3076170086860657 0.23098810017108917 -50.213714599609375 
v -8.543457984924316 33.94139862060547 -43.33002853393555 
v 116.46923065185547 99.17102813720703 48.493438720703125 
v 125.81138610839844 98.83392333984375 0.43054601550102234 
v 81.3132553100586 102.87918090820312 58.45020294189453 
v 98.76832580566406 102.54206085205078 -16.041135787963867 
v 116.59215545654297 98.83391571044922 -47.632347106933594 
v 58.44957733154297 102.87915802001953 -81.31324768066406 
v 88.56571197509766 98.83393096923828 89.54972076416016 
v 47.63235092163086 98.83393859863281 116.59278106689453 
v 16.041141510009766 102.54208374023438 98.7689437866211 
v -0.4305399954319 98.83393859863281 125.81199645996094 
v -58.450199127197266 102.87918090820312 81.31388092041016 
v -48.493431091308594 99.1710433959961 116.46985626220703 
v -89.54971313476562 98.83393096923828 88.56633758544922 
v -116.5927734375 98.83393096923828 47.63297653198242 
v -98.76893615722656 102.54206848144531 16.041767120361328 
v -125.81199645996094 98.83392333984375 -0.4299149811267853 
v -91.02479553222656 102.71060943603516 -37.67558288574219 
v -116.4698486328125 99.17101287841797 -48.49280548095703 
v -88.56632995605469 98.83390808105469 -89.54908752441406 
v -55.13127517700195 102.87915802001953 -82.78832244873047 
v -47.632972717285156 98.83390045166016 -116.59214782714844 
v 0.4299210011959076 98.83390045166016 -125.8113784790039 
v 0.061152003705501556 102.71060180664062 -98.52246856689453 
v 89.5490951538086 98.83390808105469 -88.56570434570312 
v 48.49281311035156 99.17100524902344 -116.46922302246094 
v 0.4299210011959076 98.83390045166016 -125.8113784790039 
v 0.061152003705501556 102.71060180664062 -98.52246856689453 
v 53.77850341796875 15.569226264953613 0.6764056086540222 
v 50.3366584777832 0.3995462954044342 -0.06112994626164436 
v 46.28020095825195 0.2309931069612503 -19.48296546936035 
v 49.230350494384766 16.411985397338867 -21.203887939453125 
v 35.34005355834961 0.230990469455719 -35.708797454833984 
v 37.306819915771484 15.232120513916016 -38.29018783569336 
v 18.991294860839844 0.23098871111869812 -46.526023864746094 
v 20.46636962890625 15.906330108642578 -49.47617721557617 
v -0.3076170086860657 0.23098810017108917 -50.213714599609375 
v -0.061771001666784286 15.906330108642578 -53.53263473510742 
v 17.639141082763672 33.94139862060547 -39.765262603759766 
v -8.543457984924316 33.94139862060547 -43.33002853393555 
v 40.13405227661133 34.27850341796875 -17.02450942993164 
v 30.546056747436523 33.94139862060547 -30.54604148864746 
v -66.5631103515625 96.9798583984375 66.56311798095703 
v -50.21435546875 92.93460845947266 50.21436309814453 
v -27.227752685546875 92.93460845947266 65.7026596069336 
v 0.061152003705501556 92.93460083007812 -0.06114502251148224 
v -65.70265197753906 92.93460845947266 27.227760314941406 
v -71.11126708984375 92.93460083007812 -0.06114502251148224 
v -94.09786224365234 98.83392333984375 -0.06114598363637924 
v -86.96833038330078 100.5194320678711 -35.95466232299805 
v -65.70265197753906 92.9345932006836 -27.227127075195312 
v -66.5631103515625 100.85653686523438 -66.56249237060547 
v -50.21435546875 92.9345932006836 -50.21372985839844 
v -35.955284118652344 101.69928741455078 -86.96770477294922 
v -27.227752685546875 92.9345932006836 -65.7020263671875 
v 0.061152003705501556 95.96852111816406 -94.09723663330078 
v 0.061152003705501556 92.9345932006836 -71.11064147949219 
v -86.96833038330078 95.12577819824219 35.955291748046875 
v 35.95466995239258 101.19363403320312 -86.96770477294922 
v 27.22713279724121 92.9345932006836 -65.7020263671875 
v 66.5625 95.4628677368164 -66.56249237060547 
v 50.21373748779297 92.9345932006836 -50.21372985839844 
v 86.96771240234375 95.63142395019531 -35.95466232299805 
v 65.70203399658203 92.9345932006836 -27.227127075195312 
v 94.09724426269531 101.86785888671875 -0.06114647537469864 
v 71.11064910888672 92.93460083007812 -0.06114502251148224 
v 86.96771240234375 97.65406036376953 35.955291748046875 
v 65.70203399658203 92.93460845947266 27.227760314941406 
v 66.5625 99.84524536132812 66.56311798095703 
v 50.21373748779297 92.93460845947266 50.21436309814453 
v 35.95466995239258 100.51945495605469 86.96833801269531 
v 27.22713279724121 92.93460845947266 65.7026596069336 
v 0.061152003705501556 101.6993179321289 94.09786987304688 
v 0.061152003705501556 92.93461608886719 71.11127471923828 
v -35.955284118652344 100.51945495605469 86.96833801269531 
v -24.154680252075195 239.74337768554688 -56.11405944824219 
v -19.360681533813477 253.90174865722656 -47.87821960449219 
v -25.015140533447266 250.86781311035156 -55.99113845825195 
v -23.294218063354492 260.47528076171875 -59.432979583740234 
v -28.211137771606445 254.4073944091797 -62.62897872924805 
v -35.955284118652344 262.4978942871094 -73.69204711914062 
v -40.74928283691406 257.104248046875 -59.1871337890625 
v -38.90543746948242 265.86895751953125 -58.08082962036133 
v -34.3572883605957 247.15966796875 -51.8117561340332 
v -31.161291122436523 255.5872802734375 -46.526065826416016 
v -31.038368225097656 243.4515380859375 -17.1474666595459 
v -27.719446182250977 222.38253784179688 -7.559469223022461 
v -33.250980377197266 226.2592315673828 11.493595123291016 
v -25.1380615234375 205.1902313232422 13.952058792114258 
v -28.088214874267578 213.44927978515625 25.998510360717773 
v -14.197916030883789 197.4368438720703 27.350666046142578 
v -12.599916458129883 195.582763671875 7.928833484649658 
v -14.197916030883789 194.5714569091797 13.214522361755371 
v -56.23758316040039 249.0137481689453 14.07497501373291 
v -61.031578063964844 251.71058654785156 19.975278854370117 
v -36.44697952270508 227.94476318359375 30.17789077758789 
v -67.54650115966797 268.06011962890625 -9.772090911865234 
v -66.931884765625 267.38592529296875 -18.622547149658203 
v -71.97172546386719 275.9820861816406 -9.895014762878418 
v -75.29064178466797 287.10650634765625 -16.53285789489746 
v -73.20095825195312 286.4322814941406 -19.728857040405273 
v -19.360681533813477 253.90174865722656 -47.87821960449219 
v -15.672991752624512 243.78863525390625 -6.084396839141846 
v -31.161291122436523 255.5872802734375 -46.526065826416016 
v -31.038368225097656 243.4515380859375 -17.1474666595459 
v -25.75267791748047 236.8780059814453 5.101597785949707 
v -33.250980377197266 226.2592315673828 11.493595123291016 
v -24.646371841430664 239.06918334960938 20.589895248413086 
v -19.360681533813477 253.90174865722656 -47.87821960449219 
v -15.427145004272461 246.99111938476562 -52.918060302734375 
v -15.672991752624512 243.78863525390625 -6.084396839141846 
v -13.460378646850586 236.20379638671875 -26.1208438873291 
v -10.018534660339355 238.73208618164062 8.912210464477539 
v -3.3806920051574707 221.37123107910156 7.682982921600342 
v -3.7494611740112305 235.69815063476562 20.098203659057617 
v 2.396688938140869 199.96511840820312 13.82913589477539 
v 1.6591509580612183 213.28073120117188 19.975284576416016 
v 3.1342272758483887 199.45947265625 22.802515029907227 
v -6.330843925476074 230.97869873046875 26.858970642089844 
v -3.7494611740112305 235.69815063476562 20.098203659057617 
v -7.560074329376221 212.10086059570312 0.30760458111763 
v -5.101613998413086 201.14498901367188 5.839141368865967 
v -15.427145004272461 246.99111938476562 -52.918060302734375 
v -24.154680252075195 239.74337768554688 -56.11405944824219 
v -13.460378646850586 236.20379638671875 -26.1208438873291 
v -9.772687911987305 97.31695556640625 19.729455947875977 
v -10.141456604003906 128.66763305664062 32.8822135925293 
v -20.344066619873047 97.14839935302734 3.9953134059906006 
v -14.44376277923584 140.4662628173828 19.23775863647461 
v -10.878994941711426 136.0839080810547 6.330843925476074 
v -11.739456176757812 154.79318237304688 4.486995697021484 
v -16.656375885009766 169.2886505126953 4.97868537902832 
v -6.699612617492676 174.00811767578125 -9.15746021270752 
v -12.599916458129883 195.582763671875 7.928833484649658 
v -14.197916030883789 194.5714569091797 13.214522361755371 
v -12.108224868774414 179.4017791748047 22.187904357910156 
v -14.197916030883789 197.4368438720703 27.350666046142578 
v -15.672991752624512 107.09296417236328 -7.928219318389893 
v -17.88560676574707 97.14839935302734 -8.29698657989502 
v -4.241152763366699 97.14839172363281 -21.941438674926758 
v -4.609921932220459 106.58731079101562 -18.37667465209961 
v -24.154680252075195 239.74337768554688 -56.11405944824219 
v -23.048372268676758 230.30447387695312 -24.399921417236328 
v -34.3572883605957 247.15966796875 -51.8117561340332 
v -27.719446182250977 222.38253784179688 -7.559469223022461 
v -7.560074329376221 212.10086059570312 0.30760458111763 
v -24.154680252075195 239.74337768554688 -56.11405944824219 
v -13.460378646850586 236.20379638671875 -26.1208438873291 
v -5.101613998413086 201.14498901367188 5.839141368865967 
v 5.469764232635498 188.67213439941406 2.0285303592681885 
v 2.396688938140869 199.96511840820312 13.82913589477539 
v 12.353452682495117 97.14839935302734 21.696224212646484 
v 15.549449920654297 97.14839935302734 8.174695014953613 
v 15.180681228637695 118.38595581054688 25.99852752685547 
v 15.180681228637695 137.09523010253906 17.025144577026367 
v 11.615914344787598 143.83731079101562 28.211135864257812 
v 10.386683464050293 173.67100524902344 19.23775291442871 
v 7.928224086761475 165.7490692138672 -1.7820788621902466 
v 5.469764232635498 188.67213439941406 2.0285303592681885 
v 3.1342272758483887 199.45947265625 22.802515029907227 
v 2.396688938140869 199.96511840820312 13.82913589477539 
v 11.24714469909668 125.12803649902344 5.224538803100586 
v 10.878376007080078 96.81129455566406 -19.482980728149414 
v -15.672991752624512 107.09296417236328 -7.928219318389893 
v -0.3076170086860657 120.40857696533203 -0.7986875176429749 
v -10.878994941711426 136.0839080810547 6.330843925476074 
v -0.7993090152740479 150.5793914794922 2.2743825912475586 
v -11.739456176757812 154.79318237304688 4.486995697021484 
v -6.699612617492676 174.00811767578125 -9.15746021270752 
v 7.928224086761475 165.7490692138672 -1.7820788621902466 
v 5.469764232635498 188.67213439941406 2.0285303592681885 
v -12.599916458129883 195.582763671875 7.928833484649658 
v -5.101613998413086 201.14498901367188 5.839141368865967 
v -7.560074329376221 212.10086059570312 0.30760458111763 
v -27.719446182250977 222.38253784179688 -7.559469223022461 
v 11.24714469909668 125.12803649902344 5.224538803100586 
v -0.3076170086860657 120.40857696533203 -0.7986875176429749 
v 10.878376007080078 96.81129455566406 -19.482980728149414 
v -13.460378646850586 236.20379638671875 -26.1208438873291 
v -23.048372268676758 230.30447387695312 -24.399921417236328 
v -17.88560676574707 97.14839935302734 -8.29698657989502 
v -4.609921932220459 106.58731079101562 -18.37667465209961 
v -0.3076170086860657 120.40857696533203 -0.7986875176429749 
v 10.878376007080078 96.81129455566406 -19.482980728149414 
v -4.609921932220459 106.58731079101562 -18.37667465209961 
v -10.141456604003906 128.66763305664062 32.8822135925293 
v 1.2903820276260376 130.01605224609375 34.3572883605957 
v -9.772687911987305 97.31695556640625 19.729455947875977 
v 12.353452682495117 97.14839935302734 21.696224212646484 
v 15.180681228637695 118.38595581054688 25.99852752685547 
v 11.615914344787598 143.83731079101562 28.211135864257812 
v -1.5368469953536987 180.24453735351562 21.450366973876953 
v 10.386683464050293 173.67100524902344 19.23775291442871 
v 3.1342272758483887 199.45947265625 22.802515029907227 
v -12.108224868774414 179.4017791748047 22.187904357910156 
v -14.197916030883789 197.4368438720703 27.350666046142578 
v -4.241152763366699 97.14839172363281 -21.941438674926758 
v -4.609921932220459 106.58731079101562 -18.37667465209961 
v 10.878376007080078 96.81129455566406 -19.482980728149414 
v -1.659769892692566 251.5420379638672 10.633130073547363 
v -24.646371841430664 239.06918334960938 20.589895248413086 
v -10.018534660339355 238.73208618164062 8.912210464477539 
v -24.646371841430664 239.06918334960938 20.589895248413086 
v -10.510226249694824 257.104248046875 11.493590354919434 
v -1.659769892692566 251.5420379638672 10.633130073547363 
v 18.991294860839844 273.45379638671875 -1.9050195217132568 
v 9.034530639648438 274.12799072265625 -0.4299435317516327 
v -5.224536895751953 266.3746032714844 12.108202934265137 
v 9.034530639648438 274.12799072265625 -0.4299435317516327 
v -15.550069808959961 238.56353759765625 30.300811767578125 
v -24.646371841430664 239.06918334960938 20.589895248413086 
v -14.197916030883789 238.05787658691406 16.779281616210938 
v -10.018534660339355 238.73208618164062 8.912210464477539 
v -14.197916030883789 197.4368438720703 27.350666046142578 
v -18.131450653076172 216.48321533203125 33.86558151245117 
v 3.1342272758483887 199.45947265625 22.802515029907227 
v -16.287607192993164 231.8214569091797 32.3905029296875 
v -6.330843925476074 230.97869873046875 26.858970642089844 
v -3.7494611740112305 235.69815063476562 20.098203659057617 
v -15.550069808959961 238.56353759765625 30.300811767578125 
v -14.197916030883789 197.4368438720703 27.350666046142578 
v -28.088214874267578 213.44927978515625 25.998510360717773 
v -36.44697952270508 227.94476318359375 30.17789077758789 
v -38.90543746948242 241.42892456054688 28.70281410217285 
v -15.550069808959961 238.56353759765625 30.300811767578125 
v -61.031578063964844 251.71058654785156 19.975278854370117 
v -54.270816802978516 258.28411865234375 21.819122314453125 
v -24.646371841430664 239.06918334960938 20.589895248413086 
v -22.310832977294922 254.5759735107422 31.28419303894043 
v -22.679603576660156 255.58729553222656 23.294198989868164 
v -26.490217208862305 272.61102294921875 35.21772766113281 
v -18.991912841796875 270.41986083984375 41.1180305480957 
v -15.550069808959961 238.56353759765625 30.300811767578125 
v -24.646371841430664 239.06918334960938 20.589895248413086 
v -17.516836166381836 264.1834411621094 22.31081199645996 
v -5.224536895751953 266.3746032714844 12.108202934265137 
v -9.895610809326172 264.6890869140625 27.35065460205078 
v -0.4305399954319 262.6664733886719 22.679582595825195 
v -17.516836166381836 264.1834411621094 22.31081199645996 
v -10.510226249694824 257.104248046875 11.493590354919434 
v -5.224536895751953 266.3746032714844 12.108202934265137 
v -3.7494611740112305 235.69815063476562 20.098203659057617 
v 2.765458106994629 251.036376953125 23.41712188720703 
v -15.550069808959961 238.56353759765625 30.300811767578125 
v -10.387303352355957 257.7784729003906 32.8821907043457 
v -22.310832977294922 254.5759735107422 31.28419303894043 
v -18.991912841796875 270.41986083984375 41.1180305480957 
v -9.895610809326172 264.6890869140625 27.35065460205078 
v -0.4305399954319 262.6664733886719 22.679582595825195 
v 14.07437515258789 266.3746032714844 11.616512298583984 
v 11.738836288452148 272.9481506347656 16.041738510131836 
v 10.017914772033691 279.1845703125 15.427122116088867 
v 19.60590934753418 285.9266357421875 22.433731079101562 
v 14.07437515258789 266.3746032714844 11.616512298583984 
v 3.1342272758483887 199.45947265625 22.802515029907227 
v 2.396688938140869 199.96511840820312 13.82913589477539 
v -14.197916030883789 197.4368438720703 27.350666046142578 
v -9.52684211730957 198.27960205078125 20.83574676513672 
v -6.330843925476074 230.97869873046875 26.858970642089844 
v -16.287607192993164 231.8214569091797 32.3905029296875 
v -15.550069808959961 238.56353759765625 30.300811767578125 
v 12.599298477172852 292.1630554199219 8.051740646362305 
v 31.529441833496094 289.8033142089844 -22.064393997192383 
v 20.220523834228516 288.7920227050781 2.0285141468048096 
v 35.83174514770508 286.7693786621094 -6.821941375732422 
v 27.964672088623047 317.782958984375 30.54664421081543 
v 31.40651512145996 310.36669921875 43.57648468017578 
v 25.01451873779297 311.2094421386719 43.57648468017578 
v -76.15110778808594 244.6313934326172 -83.52588653564453 
v -70.74249267578125 241.4289093017578 -88.56572723388672 
v -77.01156616210938 237.5522003173828 -80.08404541015625 
v 2.396688938140869 199.96511840820312 13.82913589477539 
v -9.52684211730957 198.27960205078125 20.83574676513672 
v 3.1342272758483887 199.45947265625 22.802515029907227 
v -14.197916030883789 197.4368438720703 27.350666046142578 
v -14.197916030883789 197.4368438720703 27.350666046142578 
v -9.52684211730957 198.27960205078125 20.83574676513672 
v -14.197916030883789 194.5714569091797 13.214522361755371 
v 31.529441833496094 289.8033142089844 -22.064393997192383 
v 9.034530639648438 274.12799072265625 -0.4299435317516327 
v -5.224536895751953 266.3746032714844 12.108202934265137 
v 31.529441833496094 289.8033142089844 -22.064393997192383 
v 9.034530639648438 274.12799072265625 -0.4299435317516327 
v 33.8649787902832 285.9266357421875 -25.014543533325195 
v -1.659769892692566 251.5420379638672 10.633130073547363 
v 18.991294860839844 273.45379638671875 -1.9050195217132568 
v 14.07437515258789 266.3746032714844 11.616512298583984 
v 26.98128890991211 278.1732482910156 5.347436904907227 
v 37.429744720458984 280.0273132324219 -8.051170349121094 
v 35.094207763671875 278.341796875 -17.762086868286133 
v 43.452972412109375 282.8927001953125 -15.057781219482422 
v 49.844966888427734 283.22979736328125 -6.944863796234131 
v 49.844966888427734 281.375732421875 -18.2537784576416 
v 60.170501708984375 274.97076416015625 -62.260215759277344 
v 46.28020095825195 276.31915283203125 -57.46621322631836 
v -24.646371841430664 239.06918334960938 20.589895248413086 
v -22.679603576660156 255.58729553222656 23.294198989868164 
v -10.510226249694824 257.104248046875 11.493590354919434 
v -17.516836166381836 264.1834411621094 22.31081199645996 
v -26.490217208862305 272.61102294921875 35.21772766113281 
v -23.78590965270996 278.341796875 33.37388229370117 
v -28.334060668945312 281.2071838378906 53.041561126708984 
v -29.194522857666016 275.1393127441406 58.573097229003906 
v -48.616355895996094 285.4209899902344 77.74908447265625 
v -46.89543533325195 281.7128601074219 80.82215881347656 
v 12.599298477172852 292.1630554199219 8.051740646362305 
v 31.529441833496094 289.8033142089844 -22.064393997192383 
v -5.224536895751953 266.3746032714844 12.108202934265137 
v 11.738836288452148 272.9481506347656 16.041738510131836 
v 10.017914772033691 279.1845703125 15.427122116088867 
v 19.60590934753418 285.9266357421875 22.433731079101562 
v 16.6557559967041 299.7478942871094 34.23434066772461 
v 16.6557559967041 299.7478942871094 34.23434066772461 
v 23.66236686706543 303.6246032714844 40.01171875 
v 15.180681228637695 311.8836364746094 34.357261657714844 
v 9.157454490661621 310.8723449707031 29.932031631469727 
v 23.66236686706543 303.6246032714844 40.01171875 
v 22.31021499633789 287.2750549316406 18.377273559570312 
v 19.60590934753418 285.9266357421875 22.433731079101562 
v 26.98128890991211 278.1732482910156 5.347436904907227 
v 14.07437515258789 266.3746032714844 11.616512298583984 
v 2.765458106994629 251.036376953125 23.41712188720703 
v -1.659769892692566 251.5420379638672 10.633130073547363 
v -3.7494611740112305 235.69815063476562 20.098203659057617 
v -10.018534660339355 238.73208618164062 8.912210464477539 
v 56.72865676879883 282.2184753417969 -60.90806198120117 
v 59.432960510253906 287.443603515625 -31.03777313232422 
v 51.19711685180664 289.4662170410156 -32.88161849975586 
v 44.80512619018555 294.354248046875 -17.762088775634766 
v 45.29681396484375 285.0838623046875 -54.14729690551758 
v 46.89481735229492 295.36553955078125 -6.576097011566162 
v 31.529441833496094 289.8033142089844 -22.064393997192383 
v 35.83174514770508 286.7693786621094 -6.821941375732422 
v -48.616355895996094 285.4209899902344 77.74908447265625 
v -46.15789794921875 286.7694091796875 81.31385040283203 
v -46.89543533325195 281.7128601074219 80.82215881347656 
v 19.851755142211914 303.11895751953125 22.310806274414062 
v 15.057757377624512 311.2094421386719 18.377269744873047 
v 19.97467803955078 313.400634765625 22.8024959564209 
v 22.31021499633789 287.2750549316406 18.377273559570312 
v 22.924829483032227 311.37799072265625 26.98188018798828 
v -74.18434143066406 245.97979736328125 -94.09725952148438 
v -53.28742980957031 258.95831298828125 -81.31327056884766 
v -54.639583587646484 249.8564910888672 -85.00096130371094 
v -35.955284118652344 262.4978942871094 -73.69204711914062 
v -28.211137771606445 254.4073944091797 -62.62897872924805 
v -70.74249267578125 241.4289093017578 -88.56572723388672 
v -77.01156616210938 237.5522003173828 -80.08404541015625 
v -54.639583587646484 249.8564910888672 -85.00096130371094 
v -54.76250457763672 247.6653289794922 -75.16712951660156 
v -28.211137771606445 254.4073944091797 -62.62897872924805 
v 22.31021499633789 287.2750549316406 18.377273559570312 
v 22.924829483032227 311.37799072265625 26.98188018798828 
v 31.40651512145996 310.36669921875 43.57648468017578 
v 27.964672088623047 317.782958984375 30.54664421081543 
v 19.851755142211914 303.11895751953125 22.310806274414062 
v 19.97467803955078 313.400634765625 22.8024959564209 
v -72.46341705322266 250.5307159423828 -80.69865417480469 
v -74.67603302001953 249.18228149414062 -87.33650207519531 
v -59.80234909057617 254.57595825195312 -74.55250549316406 
v -53.28742980957031 258.95831298828125 -81.31327056884766 
v -38.90543746948242 265.86895751953125 -58.08082962036133 
v -31.038368225097656 268.7343444824219 -58.080833435058594 
v -23.78590965270996 261.6551513671875 -46.15729904174805 
v -85.49325561523438 240.08047485351562 -93.23680114746094 
v -74.18434143066406 245.97979736328125 -94.09725952148438 
v -35.955284118652344 262.4978942871094 -73.69204711914062 
v -23.294218063354492 260.47528076171875 -59.432979583740234 
v 23.66236686706543 303.6246032714844 40.01171875 
v 22.31021499633789 287.2750549316406 18.377273559570312 
v 31.40651512145996 310.36669921875 43.57648468017578 
v -72.46341705322266 250.5307159423828 -80.69865417480469 
v -59.80234909057617 254.57595825195312 -74.55250549316406 
v -75.78234100341797 243.78863525390625 -76.27342987060547 
v -40.74928283691406 257.104248046875 -59.1871337890625 
v -28.211137771606445 254.4073944091797 -62.62897872924805 
v -34.3572883605957 247.15966796875 -51.8117561340332 
v -25.015140533447266 250.86781311035156 -55.99113845825195 
v -19.360681533813477 253.90174865722656 -47.87821960449219 
v -23.294218063354492 260.47528076171875 -59.432979583740234 
v -23.78590965270996 261.6551513671875 -46.15729904174805 
v -31.038368225097656 268.7343444824219 -58.080833435058594 
v -112.04461669921875 219.01148986816406 -69.0209732055664 
v -77.01156616210938 237.5522003173828 -80.08404541015625 
v -115.2406234741211 221.8768768310547 -66.19374084472656 
v -75.78234100341797 243.78863525390625 -76.27342987060547 
v -59.80234909057617 254.57595825195312 -74.55250549316406 
v -54.76250457763672 247.6653289794922 -75.16712951660156 
v -40.74928283691406 257.104248046875 -59.1871337890625 
v -38.90543746948242 265.86895751953125 -58.08082962036133 
v -23.78590965270996 261.6551513671875 -46.15729904174805 
v -31.161291122436523 255.5872802734375 -46.526065826416016 
v -9.895610809326172 264.6890869140625 27.35065460205078 
v -17.39391326904297 275.9820861816406 36.446956634521484 
v -10.387303352355957 257.7784729003906 32.8821907043457 
v -18.991912841796875 270.41986083984375 41.1180305480957 
v -22.06498908996582 276.8248596191406 60.29401397705078 
v -26.490217208862305 272.61102294921875 35.21772766113281 
v -17.516836166381836 264.1834411621094 22.31081199645996 
v -22.679603576660156 255.58729553222656 23.294198989868164 
v -9.895610809326172 264.6890869140625 27.35065460205078 
v -17.39391326904297 275.9820861816406 36.446956634521484 
v -17.516836166381836 264.1834411621094 22.31081199645996 
v -23.78590965270996 278.341796875 33.37388229370117 
v -28.334060668945312 281.2071838378906 53.041561126708984 
v -22.06498908996582 276.8248596191406 60.29401397705078 
v -46.15789794921875 286.7694091796875 81.31385040283203 
v -48.616355895996094 285.4209899902344 77.74908447265625 
v 10.017914772033691 279.1845703125 15.427122116088867 
v -5.224536895751953 266.3746032714844 12.108202934265137 
v -0.4305399954319 262.6664733886719 22.679582595825195 
v 16.6557559967041 299.7478942871094 34.23434066772461 
v 10.017914772033691 279.1845703125 15.427122116088867 
v 15.42652702331543 301.60198974609375 23.662960052490234 
v 12.599298477172852 292.1630554199219 8.051740646362305 
v 20.220523834228516 288.7920227050781 2.0285141468048096 
v 19.851755142211914 303.11895751953125 22.310806274414062 
v 12.599298477172852 292.1630554199219 8.051740646362305 
v 15.42652702331543 301.60198974609375 23.662960052490234 
v 19.851755142211914 303.11895751953125 22.310806274414062 
v 20.220523834228516 288.7920227050781 2.0285141468048096 
v 22.31021499633789 287.2750549316406 18.377273559570312 
v 26.98128890991211 278.1732482910156 5.347436904907227 
v 37.429744720458984 280.0273132324219 -8.051170349121094 
v 26.98128890991211 278.1732482910156 5.347436904907227 
v 35.83174514770508 286.7693786621094 -6.821941375732422 
v 35.83174514770508 286.7693786621094 -6.821941375732422 
v 20.220523834228516 288.7920227050781 2.0285141468048096 
v 26.98128890991211 278.1732482910156 5.347436904907227 
v 33.8649787902832 285.9266357421875 -25.014543533325195 
v 44.80512619018555 294.354248046875 -17.762088775634766 
v 31.529441833496094 289.8033142089844 -22.064393997192383 
v 49.844966888427734 283.22979736328125 -6.944863796234131 
v 50.09081268310547 289.8033447265625 -2.1508679389953613 
v 37.429744720458984 280.0273132324219 -8.051170349121094 
v 35.83174514770508 286.7693786621094 -6.821941375732422 
v 46.89481735229492 295.36553955078125 -6.576097011566162 
v 44.80512619018555 294.354248046875 -17.762088775634766 
v 43.452972412109375 282.8927001953125 -15.057781219482422 
v 33.8649787902832 285.9266357421875 -25.014543533325195 
v 35.094207763671875 278.341796875 -17.762086868286133 
v 60.170501708984375 274.97076416015625 -62.260215759277344 
v 59.432960510253906 287.443603515625 -31.03777313232422 
v 49.844966888427734 283.22979736328125 -6.944863796234131 
v 50.09081268310547 289.8033447265625 -2.1508679389953613 
v 51.19711685180664 289.4662170410156 -32.88161849975586 
v 56.72865676879883 282.2184753417969 -60.90806198120117 
v 49.844966888427734 281.375732421875 -18.2537784576416 
v 60.170501708984375 274.97076416015625 -62.260215759277344 
v 64.47280883789062 275.307861328125 -63.98113250732422 
v 60.170501708984375 274.97076416015625 -62.260215759277344 
v 65.70203399658203 274.465087890625 -65.70205688476562 
v 56.72865676879883 282.2184753417969 -60.90806198120117 
v 60.170501708984375 274.97076416015625 -62.260215759277344 
v 64.8415756225586 275.9820556640625 -64.96452331542969 
v 65.70203399658203 274.465087890625 -65.70205688476562 
v 64.47280883789062 275.307861328125 -63.98113250732422 
v 64.8415756225586 275.9820556640625 -64.96452331542969 
v 65.70203399658203 274.465087890625 -65.70205688476562 
v 46.28020095825195 276.31915283203125 -57.46621322631836 
v 43.452972412109375 282.8927001953125 -15.057781219482422 
v 44.19050979614258 277.6675720214844 -53.77853012084961 
v 43.69881820678711 273.9594421386719 -62.137290954589844 
v 44.19050979614258 277.6675720214844 -53.77853012084961 
v 49.844966888427734 281.375732421875 -18.2537784576416 
v 46.28020095825195 276.31915283203125 -57.46621322631836 
v 51.19711685180664 289.4662170410156 -32.88161849975586 
v 45.29681396484375 285.0838623046875 -54.14729690551758 
v 43.69881820678711 273.9594421386719 -62.137290954589844 
v -72.46341705322266 250.5307159423828 -80.69865417480469 
v -98.4001693725586 233.33840942382812 -72.21696472167969 
v -75.78234100341797 243.78863525390625 -76.27342987060547 
v -115.2406234741211 221.8768768310547 -66.19374084472656 
v -112.04461669921875 219.01148986816406 -69.0209732055664 
v -76.15110778808594 244.6313934326172 -83.52588653564453 
v -77.01156616210938 237.5522003173828 -80.08404541015625 
v -85.49325561523438 240.08047485351562 -93.23680114746094 
v -70.74249267578125 241.4289093017578 -88.56572723388672 
v -74.18434143066406 245.97979736328125 -94.09725952148438 
v -54.639583587646484 249.8564910888672 -85.00096130371094 
v -35.217750549316406 241.09181213378906 14.566668510437012 
v -25.75267791748047 236.8780059814453 5.101597785949707 
v -24.646371841430664 239.06918334960938 20.589895248413086 
v -24.646371841430664 239.06918334960938 20.589895248413086 
v -35.217750549316406 241.09181213378906 14.566668510437012 
v -51.32065963745117 258.6212158203125 13.460358619689941 
v -56.23758316040039 249.0137481689453 14.07497501373291 
v -33.250980377197266 226.2592315673828 11.493595123291016 
v -38.90543746948242 241.42892456054688 28.70281410217285 
v -24.646371841430664 239.06918334960938 20.589895248413086 
v -54.270816802978516 258.28411865234375 21.819122314453125 
v -51.32065963745117 258.6212158203125 13.460358619689941 
v -63.12126922607422 272.27392578125 -9.280399322509766 
v -59.925270080566406 270.7569580078125 -17.024547576904297 
v -54.270816802978516 258.28411865234375 21.819122314453125 
v -63.12126922607422 272.27392578125 -9.280399322509766 
v -61.031578063964844 251.71058654785156 19.975278854370117 
v -67.54650115966797 268.06011962890625 -9.772090911865234 
v -66.931884765625 267.38592529296875 -18.622547149658203 
v -56.23758316040039 249.0137481689453 14.07497501373291 
v -61.031578063964844 251.71058654785156 19.975278854370117 
v -66.931884765625 267.38592529296875 -18.622547149658203 
v -56.23758316040039 249.0137481689453 14.07497501373291 
v -51.32065963745117 258.6212158203125 13.460358619689941 
v -75.29064178466797 287.10650634765625 -16.53285789489746 
v -71.97172546386719 275.9820861816406 -9.895014762878418 
v -63.12126922607422 272.27392578125 -9.280399322509766 
v -67.54650115966797 268.06011962890625 -9.772090911865234 
v -73.20095825195312 286.4322814941406 -19.728857040405273 
v -75.29064178466797 287.10650634765625 -16.53285789489746 
v -59.925270080566406 270.7569580078125 -17.024547576904297 
v -63.12126922607422 272.27392578125 -9.280399322509766 
v 19.97467803955078 313.400634765625 22.8024959564209 
v 4.117610931396484 324.0194091796875 53.656166076660156 
v 11.001298904418945 318.625732421875 48.001712799072266 
v -6.08499813079834 335.1438293457031 78.85537719726562 
v -20.835758209228516 344.91986083984375 92.37690734863281 
v -18.37729835510254 345.2569580078125 93.72906494140625 
v 15.180681228637695 311.8836364746094 34.357261657714844 
v 11.001298904418945 318.625732421875 48.001712799072266 
v 19.97467803955078 313.400634765625 22.8024959564209 
v 9.157454490661621 310.8723449707031 29.932031631469727 
v 15.180681228637695 311.8836364746094 34.357261657714844 
v 6.084379196166992 314.5804748535156 44.191097259521484 
v 11.001298904418945 318.625732421875 48.001712799072266 
v -5.593305587768555 325.7049255371094 68.28400421142578 
v -6.08499813079834 335.1438293457031 78.85537719726562 
v -18.37729835510254 345.2569580078125 93.72906494140625 
v -20.835758209228516 344.91986083984375 92.37690734863281 
v -20.835758209228516 344.91986083984375 92.37690734863281 
v 6.084379196166992 314.5804748535156 44.191097259521484 
v 4.117610931396484 324.0194091796875 53.656166076660156 
v 25.01451873779297 311.2094421386719 43.57648468017578 
v 23.66236686706543 303.6246032714844 40.01171875 
v 31.40651512145996 310.36669921875 43.57648468017578 
v 23.66236686706543 303.6246032714844 40.01171875 
v 22.924829483032227 311.37799072265625 26.98188018798828 
v 25.01451873779297 311.2094421386719 43.57648468017578 
v 27.964672088623047 317.782958984375 30.54664421081543 
v -24.154680252075195 239.74337768554688 -56.11405944824219 
v -15.427145004272461 246.99111938476562 -52.918060302734375 
v -19.360681533813477 253.90174865722656 -47.87821960449219 
v -25.015140533447266 250.86781311035156 -55.99113845825195 
v -24.154680252075195 239.74337768554688 -56.11405944824219 
v -34.3572883605957 247.15966796875 -51.8117561340332 
v -25.1380615234375 205.1902313232422 13.952058792114258 
v -14.197916030883789 197.4368438720703 27.350666046142578 
v -14.197916030883789 194.5714569091797 13.214522361755371 
v -0.3076170086860657 120.40857696533203 -0.7986875176429749 
v -4.609921932220459 106.58731079101562 -18.37667465209961 
v -15.672991752624512 107.09296417236328 -7.928219318389893 
v -10.018534660339355 238.73208618164062 8.912210464477539 
v -24.646371841430664 239.06918334960938 20.589895248413086 
v -15.672991752624512 243.78863525390625 -6.084396839141846 
v -76.15110778808594 244.6313934326172 -83.52588653564453 
v -72.46341705322266 250.5307159423828 -80.69865417480469 
v -74.67603302001953 249.18228149414062 -87.33650207519531 
v 9.034530639648438 274.12799072265625 -0.4299435317516327 
v 18.991294860839844 273.45379638671875 -1.9050195217132568 
v 33.8649787902832 285.9266357421875 -25.014543533325195 
v 35.094207763671875 278.341796875 -17.762086868286133 
v 50.09081268310547 289.8033447265625 -2.1508679389953613 
v 46.89481735229492 295.36553955078125 -6.576097011566162 
v 59.432960510253906 287.443603515625 -31.03777313232422 
v 64.47280883789062 275.307861328125 -63.98113250732422 
v 56.72865676879883 282.2184753417969 -60.90806198120117 
v 19.851755142211914 303.11895751953125 22.310806274414062 
v 15.057757377624512 311.2094421386719 18.377269744873047 
v 15.42652702331543 301.60198974609375 23.662960052490234 
v -5.224536895751953 266.3746032714844 12.108202934265137 
v 10.017914772033691 279.1845703125 15.427122116088867 
v 12.599298477172852 292.1630554199219 8.051740646362305 
v 16.6557559967041 299.7478942871094 34.23434066772461 
v 15.42652702331543 301.60198974609375 23.662960052490234 
v 9.157454490661621 310.8723449707031 29.932031631469727 
v 15.057757377624512 311.2094421386719 18.377269744873047 
v -19.360681533813477 253.90174865722656 -47.87821960449219 
v -31.161291122436523 255.5872802734375 -46.526065826416016 
v -23.78590965270996 261.6551513671875 -46.15729904174805 
v -54.76250457763672 247.6653289794922 -75.16712951660156 
v -28.211137771606445 254.4073944091797 -62.62897872924805 
v -40.74928283691406 257.104248046875 -59.1871337890625 
v -26.490217208862305 272.61102294921875 35.21772766113281 
v -29.194522857666016 275.1393127441406 58.573097229003906 
v -18.991912841796875 270.41986083984375 41.1180305480957 
v -22.06498908996582 276.8248596191406 60.29401397705078 
v -46.89543533325195 281.7128601074219 80.82215881347656 
v -46.15789794921875 286.7694091796875 81.31385040283203 
v -22.06498908996582 276.8248596191406 60.29401397705078 
v -46.89543533325195 281.7128601074219 80.82215881347656 
v 60.170501708984375 274.97076416015625 -62.260215759277344 
v 64.47280883789062 275.307861328125 -63.98113250732422 
v 59.432960510253906 287.443603515625 -31.03777313232422 
v 64.8415756225586 275.9820556640625 -64.96452331542969 
v 64.47280883789062 275.307861328125 -63.98113250732422 
v 56.72865676879883 282.2184753417969 -60.90806198120117 
v 43.69881820678711 273.9594421386719 -62.137290954589844 
v 44.19050979614258 277.6675720214844 -53.77853012084961 
v 45.29681396484375 285.0838623046875 -54.14729690551758 
v 43.452972412109375 282.8927001953125 -15.057781219482422 
v 44.80512619018555 294.354248046875 -17.762088775634766 
v -98.4001693725586 233.33840942382812 -72.21696472167969 
v -76.15110778808594 244.6313934326172 -83.52588653564453 
v -72.46341705322266 250.5307159423828 -80.69865417480469 
v -112.04461669921875 219.01148986816406 -69.0209732055664 
v -98.4001693725586 233.33840942382812 -72.21696472167969 
v -76.15110778808594 244.6313934326172 -83.52588653564453 
v -115.2406234741211 221.8768768310547 -66.19374084472656 
v -98.4001693725586 233.33840942382812 -72.21696472167969 
v -85.49325561523438 240.08047485351562 -93.23680114746094 
v -76.15110778808594 244.6313934326172 -83.52588653564453 
v -74.67603302001953 249.18228149414062 -87.33650207519531 
v -85.49325561523438 240.08047485351562 -93.23680114746094 
v -76.15110778808594 244.6313934326172 -83.52588653564453 
v -70.74249267578125 241.4289093017578 -88.56572723388672 
v -35.217750549316406 241.09181213378906 14.566668510437012 
v -25.75267791748047 236.8780059814453 5.101597785949707 
v -33.250980377197266 226.2592315673828 11.493595123291016 
v -38.90543746948242 241.42892456054688 28.70281410217285 
v -24.646371841430664 239.06918334960938 20.589895248413086 
v -15.550069808959961 238.56353759765625 30.300811767578125 
v -66.931884765625 267.38592529296875 -18.622547149658203 
v -59.925270080566406 270.7569580078125 -17.024547576904297 
v -51.32065963745117 258.6212158203125 13.460358619689941 
v -66.931884765625 267.38592529296875 -18.622547149658203 
v -59.925270080566406 270.7569580078125 -17.024547576904297 
v -73.20095825195312 286.4322814941406 -19.728857040405273 
v 4.117610931396484 324.0194091796875 53.656166076660156 
v 19.97467803955078 313.400634765625 22.8024959564209 
v 9.157454490661621 310.8723449707031 29.932031631469727 
v 15.057757377624512 311.2094421386719 18.377269744873047 
v 23.66236686706543 303.6246032714844 40.01171875 
v 22.924829483032227 311.37799072265625 26.98188018798828 
v 15.180681228637695 311.8836364746094 34.357261657714844 
v 19.97467803955078 313.400634765625 22.8024959564209 
v 6.084379196166992 314.5804748535156 44.191097259521484 
v 4.117610931396484 324.0194091796875 53.656166076660156 
v 9.157454490661621 310.8723449707031 29.932031631469727 
v -5.593305587768555 325.7049255371094 68.28400421142578 
v 6.084379196166992 314.5804748535156 44.191097259521484 
v -20.835758209228516 344.91986083984375 92.37690734863281 
v -15.550069808959961 238.56353759765625 30.300811767578125 
v -24.646371841430664 239.06918334960938 20.589895248413086 
v -26.73606300354004 236.03524780273438 23.417123794555664 
v -0.6763859987258911 102.71060180664062 -94.46601104736328 
v 0.4299210011959076 98.83390045166016 -125.8113784790039 
v 35.585899353027344 102.71060180664062 -87.45939636230469 
v 48.49281311035156 99.17100524902344 -116.46922302246094 
v 66.31664276123047 102.71060180664062 -67.3000259399414 
v 89.5490951538086 98.83390808105469 -88.56570434570312 
v 87.09063720703125 102.71060943603516 -36.69219970703125 
v 116.59215545654297 98.83391571044922 -47.632347106933594 
v 94.46601867675781 102.71061706542969 -0.6757616400718689 
v 125.81138610839844 98.83392333984375 0.43054601550102234 
v 87.45940399169922 102.71061706542969 35.586524963378906 
v 116.46923065185547 99.17102813720703 48.493438720703125 
v 67.30003356933594 102.71062469482422 66.31726837158203 
v 88.56571197509766 98.83393096923828 89.54972076416016 
v 36.692203521728516 102.71063232421875 87.09126281738281 
v 47.63235092163086 98.83393859863281 116.59278106689453 
v 0.6757670044898987 102.71063232421875 94.46663665771484 
v -0.4305399954319 98.83393859863281 125.81199645996094 
v -35.586517333984375 102.71063232421875 87.46002960205078 
v -48.493431091308594 99.1710433959961 116.46985626220703 
v -66.31726837158203 102.71062469482422 67.3006591796875 
v -89.54971313476562 98.83393096923828 88.56633758544922 
v -87.09125518798828 102.71062469482422 36.69282913208008 
v -116.5927734375 98.83393096923828 47.63297653198242 
v -94.46662902832031 102.71061706542969 0.6763914227485657 
v -125.81199645996094 98.83392333984375 -0.4299149811267853 
v -87.46002197265625 102.71060943603516 -35.58589172363281 
v -116.4698486328125 99.17101287841797 -48.49280548095703 
v -67.30065155029297 102.71060180664062 -66.31664276123047 
v -88.56632995605469 98.83390808105469 -89.54908752441406 
v -36.69282531738281 102.71060180664062 -87.09062957763672 
v -47.632972717285156 98.83390045166016 -116.59214782714844 
v -0.6763859987258911 102.71060180664062 -94.46601104736328 
v 0.4299210011959076 98.83390045166016 -125.8113784790039 
v -85.92361450195312 94.14299774169922 -322.58856201171875 
v -58.51726531982422 34.749366760253906 -349.8934020996094 
v -88.96876525878906 93.64108276367188 -318.5283508300781 
v -88.96876525878906 93.64108276367188 -318.5283508300781 
v 89.07100677490234 93.64108276367188 -318.3253479003906 
v -84.60404968261719 90.46227264404297 -319.035888671875 
v 84.19876861572266 90.46227264404297 -319.2388916015625 
v 57.604454040527344 38.43009948730469 -345.83319091796875 
v 58.41649627685547 34.749366760253906 -350.0964050292969 
v -69.68281555175781 38.43009948730469 -357.91229248046875 
v -96.2771224975586 90.46227264404297 -331.3179931640625 
v -97.190673828125 93.64108276367188 -326.44573974609375 
v -96.48014068603516 90.46224212646484 -500.12078857421875 
v -96.98765563964844 93.64105224609375 -504.4855041503906 
v -65.62261962890625 34.74934768676758 -474.03399658203125 
v -69.68281555175781 38.26277160644531 -473.1204528808594 
v 92.92819213867188 94.14299774169922 -329.5924072265625 
v 96.98839569091797 93.64108276367188 -326.5472412109375 
v 65.62335205078125 34.749366760253906 -356.9987487792969 
v 85.92435455322266 94.1429672241211 -508.4442138671875 
v 58.51799774169922 34.74934387207031 -481.13934326171875 
v 88.96949768066406 93.64105224609375 -512.50439453125 
v -92.92745971679688 94.14297485351562 -501.44036865234375 
v -96.98765563964844 93.64105224609375 -504.4855041503906 
v -65.62261962890625 34.74934768676758 -474.03399658203125 
v -57.603721618652344 38.430076599121094 -485.1995544433594 
v -89.07027435302734 93.64105224609375 -512.7073974609375 
v -84.19802856445312 90.46224212646484 -511.79388427734375 
v 84.60478973388672 90.46224212646484 -511.99688720703125 
v 88.96949768066406 93.64105224609375 -512.50439453125 
v 58.51799774169922 34.74934387207031 -481.13934326171875 
v 57.604454040527344 38.26277160644531 -485.1995544433594 
v 69.68354797363281 38.43008041381836 -473.1204528808594 
v 96.27786254882812 90.46224212646484 -499.71478271484375 
v 97.19140625 93.64105224609375 -504.5870056152344 
v 96.48087310791016 90.46227264404297 -330.9119567871094 
v 96.98839569091797 93.64108276367188 -326.5472412109375 
v 65.62335205078125 34.749366760253906 -356.9987487792969 
v 69.68354797363281 38.26279067993164 -357.91229248046875 
v -65.41960144042969 34.749366760253906 -357.1002502441406 
v -69.68281555175781 38.43009948730469 -357.91229248046875 
v -97.190673828125 93.64108276367188 -326.44573974609375 
v 61.360137939453125 29.060962677001953 -357.70928955078125 
v 57.807464599609375 29.060964584350586 -354.1565856933594 
v 62.070674896240234 26.551372528076172 -352.73553466796875 
v -57.806732177734375 29.060964584350586 -354.1565856933594 
v -62.78047561645508 26.551372528076172 -353.4460754394531 
v -61.359405517578125 29.060962677001953 -357.70928955078125 
v -61.359405517578125 29.060943603515625 -473.3234558105469 
v -62.374454498291016 26.551353454589844 -477.8912048339844 
v -57.806732177734375 29.060943603515625 -476.8761291503906 
v -60.7503776550293 21.197580337524414 -358.11529541015625 
v -60.7503776550293 21.197561264038086 -472.9174499511719 
v -57.40071105957031 21.197580337524414 -354.765625 
v 57.40144348144531 21.197580337524414 -354.765625 
v 60.64960479736328 21.197580337524414 -358.11529541015625 
v 61.76615905761719 26.718660354614258 -477.1806640625 
v 59.83756637573242 21.197561264038086 -472.00390625 
v 56.48789978027344 21.197561264038086 -475.35357666015625 
v -57.40071105957031 21.197561264038086 -476.1656188964844 
v 61.360137939453125 29.060962677001953 -357.70928955078125 
v 61.360137939453125 29.060943603515625 -473.3234558105469 
v -57.806732177734375 29.060943603515625 -476.8761291503906 
v 57.807464599609375 29.060943603515625 -476.8761291503906 
v 61.76615905761719 26.718660354614258 -477.1806640625 
v 57.807464599609375 29.060943603515625 -476.8761291503906 
v 61.360137939453125 29.060943603515625 -473.3234558105469 
v -57.806732177734375 29.060964584350586 -354.1565856933594 
v -61.359405517578125 29.060962677001953 -357.70928955078125 
v -94.65304565429688 99.83140563964844 -320.4569396972656 
v -92.92745971679688 94.14299774169922 -329.5924072265625 
v -95.05906677246094 99.83137512207031 -510.1697998046875 
v -92.92745971679688 94.14297485351562 -501.44036865234375 
v -61.359405517578125 29.060943603515625 -473.3234558105469 
v -65.62261962890625 34.74934768676758 -474.03399658203125 
v -65.41960144042969 34.749366760253906 -357.1002502441406 
v -57.806732177734375 29.060943603515625 -476.8761291503906 
v 100.54106903076172 106.85826110839844 -311.6260070800781 
v 103.78923034667969 106.69094848632812 -314.9756774902344 
v 98.10494995117188 110.87361145019531 -317.41180419921875 
v 103.89073944091797 106.85822296142578 -516.0570678710938 
v -98.10421752929688 110.87361145019531 -317.41180419921875 
v -100.54033660888672 106.69094848632812 -311.7275085449219 
v -103.88999938964844 106.85826110839844 -314.9756774902344 
v -98.10421752929688 110.87357330322266 -513.6209716796875 
v -103.78849792480469 106.69091796875 -516.0570678710938 
v -100.54033660888672 106.85822296142578 -519.40673828125 
v 98.10494995117188 110.87357330322266 -513.6209716796875 
v 100.54106903076172 106.69091796875 -519.3052368164062 
v 78.41297912597656 110.87360382080078 -337.103759765625 
v -78.41224670410156 110.87360382080078 -337.103759765625 
v -78.41224670410156 110.87358093261719 -493.9289855957031 
v 78.41297912597656 110.87358093261719 -493.9289855957031 
v -100.54033660888672 106.85822296142578 -519.40673828125 
v -101.65689086914062 102.17366027832031 -516.5646362304688 
v -103.78849792480469 106.69091796875 -516.0570678710938 
v -103.88999938964844 106.85826110839844 -314.9756774902344 
v 101.04859924316406 102.17366027832031 -517.1736450195312 
v 100.54106903076172 106.69091796875 -519.3052368164062 
v 103.89073944091797 106.85822296142578 -516.0570678710938 
v 101.65763092041016 102.17369079589844 -314.4681701660156 
v 103.78923034667969 106.69094848632812 -314.9756774902344 
v 100.54106903076172 106.85826110839844 -311.6260070800781 
v -101.04785919189453 102.17369079589844 -313.859130859375 
v -100.54033660888672 106.69094848632812 -311.7275085449219 
v -97.79969787597656 99.83140563964844 -318.3253479003906 
v -97.190673828125 99.83137512207031 -513.3164672851562 
v -94.65304565429688 99.83140563964844 -320.4569396972656 
v -95.05906677246094 99.83137512207031 -510.1697998046875 
v 97.80043029785156 99.83137512207031 -512.7073974609375 
v 94.65377807617188 99.83137512207031 -510.5758056640625 
v 97.19140625 99.83140563964844 -317.71630859375 
v 95.05979919433594 99.83140563964844 -320.86297607421875 
v -54.051048278808594 -0.05028176307678223 -358.216796875 
v -54.355560302734375 0.11702083796262741 -379.02532958984375 
v -50.904388427734375 10.489995956420898 -361.76947021484375 
v -50.49837112426758 12.832276344299316 -377.70574951171875 
v -50.802886962890625 14.839951515197754 -361.76947021484375 
v -52.73147964477539 22.201412200927734 -379.9388732910156 
v -53.54351806640625 21.53219223022461 -358.7243347167969 
v -33.344024658203125 -0.05028178170323372 -358.31829833984375 
v -32.430477142333984 0.11702071130275726 -379.8373718261719 
v -36.49067687988281 10.65730094909668 -361.76947021484375 
v -36.38917541503906 13.166889190673828 -378.2132873535156 
v -36.592185974121094 14.839951515197754 -361.66796875 
v -32.430477142333984 22.201412200927734 -379.8373718261719 
v -32.328975677490234 22.201416015625 -359.63787841796875 
v -52.73147964477539 22.201416015625 -359.63787841796875 
v -53.54351806640625 21.53219223022461 -358.7243347167969 
v -52.73147964477539 22.201412200927734 -379.9388732910156 
v 33.34476089477539 -0.05028178170323372 -358.31829833984375 
v 36.49141311645508 10.65730094909668 -361.76947021484375 
v 32.43121337890625 0.11702071130275726 -379.8373718261719 
v 36.38991165161133 13.166889190673828 -378.2132873535156 
v 36.592918395996094 14.839951515197754 -361.66796875 
v 32.43121337890625 22.201412200927734 -379.8373718261719 
v 32.3297119140625 22.201416015625 -359.63787841796875 
v -33.344024658203125 -0.050300419330596924 -472.7144470214844 
v -36.49067687988281 10.657283782958984 -469.2632751464844 
v -32.430477142333984 0.11700908094644547 -451.19537353515625 
v -36.38917541503906 13.166877746582031 -452.8194580078125 
v -36.592185974121094 14.839934349060059 -469.3647766113281 
v -32.430477142333984 22.201400756835938 -451.19537353515625 
v -32.328975677490234 22.201396942138672 -471.3948669433594 
v 54.051780700683594 -0.05030043423175812 -472.8159484863281 
v 50.90512466430664 10.489977836608887 -469.2632751464844 
v 54.35629653930664 0.11700894683599472 -452.0074157714844 
v 50.499107360839844 12.832263946533203 -453.3269958496094 
v 50.803619384765625 14.839934349060059 -469.2632751464844 
v 52.732215881347656 22.201400756835938 -451.0938720703125 
v 53.544254302978516 21.53217315673828 -472.30841064453125 
v 33.34476089477539 -0.050300419330596924 -472.7144470214844 
v 32.43121337890625 0.11700908094644547 -451.19537353515625 
v 36.49141311645508 10.657283782958984 -469.2632751464844 
v 36.38991165161133 13.166877746582031 -452.8194580078125 
v 36.592918395996094 14.839934349060059 -469.3647766113281 
v 32.43121337890625 22.201400756835938 -451.19537353515625 
v 32.3297119140625 22.201396942138672 -471.3948669433594 
v 52.732215881347656 22.201396942138672 -471.3948669433594 
v 53.544254302978516 21.53217315673828 -472.30841064453125 
v 52.732215881347656 22.201400756835938 -451.0938720703125 
v 92.92819213867188 94.14297485351562 -501.44036865234375 
v 97.19140625 93.64105224609375 -504.5870056152344 
v 65.42034149169922 34.74934768676758 -473.9324951171875 
v -85.92361450195312 94.1429672241211 -508.4442138671875 
v -58.4157600402832 34.74934387207031 -480.93634033203125 
v -89.07027435302734 93.64105224609375 -512.7073974609375 
v -92.92745971679688 94.14299774169922 -329.5924072265625 
v -97.190673828125 93.64108276367188 -326.44573974609375 
v -65.41960144042969 34.749366760253906 -357.1002502441406 
v 85.92435455322266 94.14299774169922 -322.58856201171875 
v 58.41649627685547 34.749366760253906 -350.0964050292969 
v 89.07100677490234 93.64108276367188 -318.3253479003906 
v 97.19140625 93.64105224609375 -504.5870056152344 
v 69.68354797363281 38.43008041381836 -473.1204528808594 
v 65.42034149169922 34.74934768676758 -473.9324951171875 
v -89.07027435302734 93.64105224609375 -512.7073974609375 
v -58.4157600402832 34.74934387207031 -480.93634033203125 
v -57.603721618652344 38.430076599121094 -485.1995544433594 
v 57.807464599609375 29.060943603515625 -476.8761291503906 
v 94.65377807617188 99.83137512207031 -510.5758056640625 
v 61.360137939453125 29.060943603515625 -473.3234558105469 
v 92.92819213867188 94.14297485351562 -501.44036865234375 
v 65.42034149169922 34.74934768676758 -473.9324951171875 
v 61.360137939453125 29.060962677001953 -357.70928955078125 
v 65.62335205078125 34.749366760253906 -356.9987487792969 
v 92.92819213867188 94.14299774169922 -329.5924072265625 
v 95.05979919433594 99.83140563964844 -320.86297607421875 
v 57.807464599609375 29.060964584350586 -354.1565856933594 
v -52.73147964477539 22.201416015625 -359.63787841796875 
v -53.54351806640625 21.53219223022461 -358.7243347167969 
v -32.328975677490234 22.201416015625 -359.63787841796875 
v 53.544254302978516 21.53219223022461 -358.7243347167969 
v 52.732215881347656 22.201412200927734 -379.9388732910156 
v 50.803619384765625 14.839951515197754 -361.76947021484375 
v 50.499107360839844 12.832276344299316 -377.70574951171875 
v 50.90512466430664 10.489995956420898 -361.76947021484375 
v 54.35629653930664 0.11702083796262741 -379.02532958984375 
v 54.051780700683594 -0.05028176307678223 -358.216796875 
v 52.732215881347656 22.201416015625 -359.63787841796875 
v 53.544254302978516 21.53219223022461 -358.7243347167969 
v 52.732215881347656 22.201412200927734 -379.9388732910156 
v 32.3297119140625 22.201416015625 -359.63787841796875 
v 52.732215881347656 22.201416015625 -359.63787841796875 
v 53.544254302978516 21.53219223022461 -358.7243347167969 
v -53.54351806640625 21.53217315673828 -472.30841064453125 
v -50.802886962890625 14.839934349060059 -469.2632751464844 
v -52.73147964477539 22.201400756835938 -451.0938720703125 
v -50.49837112426758 12.832263946533203 -453.3269958496094 
v -50.904388427734375 10.489977836608887 -469.2632751464844 
v -54.355560302734375 0.11700894683599472 -452.0074157714844 
v -54.051048278808594 -0.05030043423175812 -472.8159484863281 
v -52.73147964477539 22.201396942138672 -471.3948669433594 
v -53.54351806640625 21.53217315673828 -472.30841064453125 
v -52.73147964477539 22.201400756835938 -451.0938720703125 
v -32.328975677490234 22.201396942138672 -471.3948669433594 
v -52.73147964477539 22.201396942138672 -471.3948669433594 
v -53.54351806640625 21.53217315673828 -472.30841064453125 
v 52.732215881347656 22.201396942138672 -471.3948669433594 
v 53.544254302978516 21.53217315673828 -472.30841064453125 
v 32.3297119140625 22.201396942138672 -471.3948669433594 
v -39.23131561279297 105.85440826416016 -376.2846984863281 
v 0.05111999809741974 121.74847412109375 -415.567138671875 
v 39.232051849365234 113.88510131835938 -376.2846984863281 
v 78.41297912597656 106.18903350830078 -337.103759765625 
v 78.41297912597656 107.02555084228516 -415.567138671875 
v 39.232051849365234 113.88510131835938 -376.2846984863281 
v 78.41297912597656 106.85823059082031 -493.9289855957031 
v 39.232051849365234 104.18134307861328 -454.7480773925781 
v 0.05111999809741974 109.86974334716797 -493.9289855957031 
v -78.41224670410156 106.85823059082031 -493.9289855957031 
v -78.41224670410156 110.37167358398438 -415.567138671875 
v -39.23131561279297 103.84673309326172 -454.7480773925781 
v -78.41224670410156 106.18903350830078 -337.103759765625 
v -39.23131561279297 105.85440826416016 -376.2846984863281 
v 0.05111999809741974 109.86976623535156 -337.103759765625 
v -39.23131561279297 105.85440826416016 -376.2846984863281 
v 0.05111999809741974 109.86976623535156 -337.103759765625 
v 39.232051849365234 113.88510131835938 -376.2846984863281 
v 0.05111999809741974 109.86976623535156 -337.103759765625 
v 39.232051849365234 113.88510131835938 -376.2846984863281 
v 78.41297912597656 106.18903350830078 -337.103759765625 
v -39.23131561279297 103.84673309326172 -454.7480773925781 
v -39.23131561279297 105.85440826416016 -376.2846984863281 
v 0.05111999809741974 121.74847412109375 -415.567138671875 
v -39.23131561279297 103.84673309326172 -454.7480773925781 
v -39.23131561279297 105.85440826416016 -376.2846984863281 
v -78.41224670410156 110.37167358398438 -415.567138671875 
v -78.41224670410156 110.37167358398438 -415.567138671875 
v -78.41224670410156 106.18903350830078 -337.103759765625 
v -39.23131561279297 105.85440826416016 -376.2846984863281 
v 39.232051849365234 104.18134307861328 -454.7480773925781 
v 0.05111999809741974 121.74847412109375 -415.567138671875 
v -39.23131561279297 103.84673309326172 -454.7480773925781 
v 39.232051849365234 104.18134307861328 -454.7480773925781 
v 0.05111999809741974 109.86974334716797 -493.9289855957031 
v -39.23131561279297 103.84673309326172 -454.7480773925781 
v 0.05111999809741974 109.86974334716797 -493.9289855957031 
v -39.23131561279297 103.84673309326172 -454.7480773925781 
v -78.41224670410156 106.85823059082031 -493.9289855957031 
v 39.232051849365234 113.88510131835938 -376.2846984863281 
v 39.232051849365234 104.18134307861328 -454.7480773925781 
v 0.05111999809741974 121.74847412109375 -415.567138671875 
v 39.232051849365234 113.88510131835938 -376.2846984863281 
v 39.232051849365234 104.18134307861328 -454.7480773925781 
v 78.41297912597656 107.02555084228516 -415.567138671875 
v 78.41297912597656 107.02555084228516 -415.567138671875 
v 78.41297912597656 106.85823059082031 -493.9289855957031 
v 39.232051849365234 104.18134307861328 -454.7480773925781 
v 5.329380035400391 157.21734619140625 -457.5902099609375 
v 1.2691799402236938 190.17662048339844 -466.9286804199219 
v -11.4189453125 176.2902374267578 -445.8156433105469 
v -5.3286452293396 192.01698303222656 -459.9248352050781 
v -4.618110179901123 205.736083984375 -450.8908996582031 
v -3.806069850921631 206.07069396972656 -468.1467590332031 
v -30.50188446044922 240.53573608398438 -456.3721618652344 
v -23.7010498046875 235.01461791992188 -467.84222412109375 
v -34.866600036621094 262.45281982421875 -446.32318115234375 
v -34.257568359375 275.0007629394531 -434.44708251953125 
v -34.359073638916016 284.3699035644531 -432.4169921875 
v -36.38917541503906 285.2064208984375 -422.9770202636719 
v -38.92679977416992 289.72369384765625 -417.90179443359375 
v -45.423118591308594 287.38140869140625 -405.72119140625 
v -47.65623092651367 289.72369384765625 -398.92034912109375 
v -56.18265151977539 284.5372314453125 -393.4390869140625 
v -18.321285247802734 227.48587036132812 -452.4134826660156 
v -30.8064022064209 253.41830444335938 -445.3081359863281 
v -32.633487701416016 282.529541015625 -435.6651611328125 
v -38.72378921508789 296.2486267089844 -408.1573181152344 
v -64.6075668334961 281.19110107421875 -382.3750305175781 
v -63.084991455078125 283.86798095703125 -380.6494445800781 
v 23.498775482177734 235.68386840820312 -442.9735107421875 
v 17.916000366210938 235.51654052734375 -447.84576416015625 
v 19.032554626464844 229.49354553222656 -445.8156433105469 
v 8.679044723510742 220.12440490722656 -446.93218994140625 
v 16.39342498779297 238.02613830566406 -449.2668151855469 
v 30.401113510131836 251.41062927246094 -450.38336181640625 
v 28.269512176513672 253.25099182128906 -454.0375671386719 
v -4.618110179901123 205.736083984375 -450.8908996582031 
v -2.384999990463257 186.16128540039062 -440.6388854980469 
v 8.679044723510742 220.12440490722656 -446.93218994140625 
v 16.596435546875 211.25718688964844 -450.9924011230469 
v 0.5586450099945068 168.76145935058594 -433.4320373535156 
v -14.971619606018066 160.73077392578125 -437.3907165527344 
v -0.6594150066375732 148.6847381591797 -425.2101135253906 
v -13.449044227600098 132.12144470214844 -423.9920654296875 
v -7.257240295410156 101.83906555175781 -409.3753356933594 
v -23.09202003479004 101.83906555175781 -420.2363586425781 
v 6.851954936981201 101.83906555175781 -400.13836669921875 
v 6.547440052032471 124.92729187011719 -413.6385498046875 
v 4.7203497886657715 151.3616485595703 -430.8944091796875 
v 0.5586450099945068 168.76145935058594 -433.4320373535156 
v 16.494930267333984 170.93643188476562 -438.7102966308594 
v 19.33707046508789 197.7053985595703 -454.5450744628906 
v 19.844594955444336 160.73077392578125 -444.6990661621094 
v 11.825699806213379 140.8213653564453 -438.6087646484375 
v 14.667840003967285 340.0827941894531 -462.6654968261719 
v 6.750450134277344 312.6446228027344 -464.3910827636719 
v 2.8932600021362305 318.3330078125 -469.4663391113281 
v -1.8774750232696533 312.979248046875 -471.19189453125 
v 6.039915084838867 306.9562072753906 -466.6241760253906 
v 18.829545974731445 338.5770568847656 -456.87969970703125 
v 17.00245475769043 339.41357421875 -455.15411376953125 
v 1.9797149896621704 313.9830627441406 -460.33087158203125 
v 5.938409805297852 308.7966003417969 -463.0715026855469 
v 0.6601499915122986 302.7735595703125 -464.5940856933594 
v 12.840749740600586 340.75201416015625 -457.7932434082031 
v 13.652790069580078 342.4250793457031 -461.85345458984375 
v 2.5887451171875 326.1964111328125 -460.7369079589844 
v -0.0503849983215332 320.50799560546875 -468.2482604980469 
v -1.7759699821472168 316.65997314453125 -467.1317138671875 
v -1.7759699821472168 313.6484680175781 -463.98504638671875 
v -1.8774750232696533 312.979248046875 -471.19189453125 
v -2.4865050315856934 309.2984924316406 -467.5377197265625 
v -3.400050163269043 308.6292724609375 -474.4400634765625 
v -5.63316011428833 305.9523620605469 -477.0791931152344 
v -6.039179801940918 318.50030517578125 -484.1845397949219 
v 0.6601499915122986 302.7735595703125 -464.5940856933594 
v -4.618110179901123 300.0966796875 -471.19189453125 
v -5.5316548347473145 286.5448913574219 -459.92486572265625 
v -6.140685081481934 286.3775634765625 -463.883544921875 
v -5.7346649169921875 284.0353088378906 -454.3420715332031 
v -15.885165214538574 274.49884033203125 -451.29693603515625 
v -13.449044227600098 274.6661682128906 -456.5751953125 
v -16.90021514892578 261.9508972167969 -460.6353759765625 
v -16.29118537902832 260.44512939453125 -455.4586181640625 
v -12.637003898620605 274.8334655761719 -446.12017822265625 
v 14.667840003967285 340.0827941894531 -462.6654968261719 
v 13.652790069580078 342.4250793457031 -461.85345458984375 
v 2.8932600021362305 318.3330078125 -469.4663391113281 
v -0.0503849983215332 320.50799560546875 -468.2482604980469 
v -1.7759699821472168 316.65997314453125 -467.1317138671875 
v 17.00245475769043 339.41357421875 -455.15411376953125 
v 12.840749740600586 340.75201416015625 -457.7932434082031 
v 1.9797149896621704 313.9830627441406 -460.33087158203125 
v 2.5887451171875 326.1964111328125 -460.7369079589844 
v -1.7759699821472168 313.6484680175781 -463.98504638671875 
v 0.6601499915122986 302.7735595703125 -464.5940856933594 
v -5.5316548347473145 286.5448913574219 -459.92486572265625 
v 0.05111999809741974 285.7083435058594 -458.60528564453125 
v 6.039915084838867 306.9562072753906 -466.6241760253906 
v -23.09202003479004 101.83905792236328 -439.6238098144531 
v -12.840014457702637 101.83905792236328 -447.439697265625 
v -15.073124885559082 130.78298950195312 -440.7403869628906 
v -0.8624250292778015 101.83905792236328 -450.78936767578125 
v 9.085064888000488 101.83905792236328 -456.37213134765625 
v -6.952725410461426 126.76765441894531 -450.78936767578125 
v 5.938409805297852 121.41385650634766 -455.76312255859375 
v -1.4714549779891968 136.63870239257812 -459.21429443359375 
v -9.997875213623047 142.49441528320312 -455.2555847167969 
v 5.329380035400391 157.21734619140625 -457.5902099609375 
v -11.4189453125 176.2902374267578 -445.8156433105469 
v -18.727306365966797 153.20201110839844 -445.61260986328125 
v 5.938409805297852 308.7966003417969 -463.0715026855469 
v 6.039915084838867 306.9562072753906 -466.6241760253906 
v 6.750450134277344 312.6446228027344 -464.3910827636719 
v 2.8932600021362305 318.3330078125 -469.4663391113281 
v 14.667840003967285 340.0827941894531 -462.6654968261719 
v 18.829545974731445 338.5770568847656 -456.87969970703125 
v 13.652790069580078 342.4250793457031 -461.85345458984375 
v -1.7759699821472168 316.65997314453125 -467.1317138671875 
v 2.8932600021362305 318.3330078125 -469.4663391113281 
v -1.8774750232696533 312.979248046875 -471.19189453125 
v 6.039915084838867 306.9562072753906 -466.6241760253906 
v -1.8774750232696533 312.979248046875 -471.19189453125 
v 5.938409805297852 305.6177673339844 -471.3949279785156 
v 2.791755199432373 305.9523620605469 -475.962646484375 
v -2.58801007270813 304.78125 -479.31231689453125 
v 1.0661699771881104 307.9600524902344 -480.4288635253906 
v 6.851954936981201 101.83906555175781 -400.13836669921875 
v 12.536234855651855 101.83906555175781 -420.64239501953125 
v 6.547440052032471 124.92729187011719 -413.6385498046875 
v 11.825699806213379 140.8213653564453 -438.6087646484375 
v 4.7203497886657715 151.3616485595703 -430.8944091796875 
v 12.028709411621094 101.83905792236328 -442.9734802246094 
v 9.69409465789795 139.81752014160156 -448.9622802734375 
v 15.581384658813477 164.2441864013672 -454.7480773925781 
v 19.844594955444336 160.73077392578125 -444.6990661621094 
v 19.438575744628906 201.88804626464844 -467.2331848144531 
v 19.33707046508789 197.7053985595703 -454.5450744628906 
v 16.596435546875 211.25718688964844 -450.9924011230469 
v 0.5586450099945068 168.76145935058594 -433.4320373535156 
v 16.494930267333984 170.93643188476562 -438.7102966308594 
v 8.577539443969727 215.43983459472656 -473.8310241699219 
v 12.43472957611084 224.47434997558594 -463.1730041503906 
v 14.972354888916016 222.96859741210938 -459.01129150390625 
v 20.555130004882812 239.53189086914062 -455.35711669921875 
v 22.07770538330078 230.1627655029297 -448.75927734375 
v 13.754294395446777 215.43983459472656 -451.0939025878906 
v 5.938409805297852 121.41385650634766 -455.76312255859375 
v 12.231719970703125 101.83905792236328 -449.7743225097656 
v 9.085064888000488 101.83905792236328 -456.37213134765625 
v -4.618110179901123 205.736083984375 -450.8908996582031 
v 4.618844985961914 216.7782745361328 -460.432373046875 
v 0.7616550326347351 221.12823486328125 -458.0977478027344 
v 4.821854591369629 221.79745483398438 -469.060302734375 
v 0.7616550326347351 221.12823486328125 -458.0977478027344 
v 7.054965019226074 226.48202514648438 -461.3459167480469 
v 6.750450134277344 221.63015747070312 -454.6465759277344 
v 7.054965019226074 226.48202514648438 -461.3459167480469 
v 12.43472957611084 224.47434997558594 -463.1730041503906 
v 4.821854591369629 221.79745483398438 -469.060302734375 
v 8.577539443969727 215.43983459472656 -473.8310241699219 
v 14.972354888916016 222.96859741210938 -459.01129150390625 
v 13.754294395446777 215.43983459472656 -451.0939025878906 
v 16.596435546875 211.25718688964844 -450.9924011230469 
v 8.679044723510742 220.12440490722656 -446.93218994140625 
v 6.750450134277344 221.63015747070312 -454.6465759277344 
v 7.867004871368408 218.78594970703125 -466.6241760253906 
v 2.0812201499938965 231.33389282226562 -461.5489196777344 
v -4.821119785308838 230.83197021484375 -472.511474609375 
v -20.55439567565918 240.70303344726562 -465.2030944824219 
v -6.952725410461426 236.18577575683594 -459.5188293457031 
v -12.12947940826416 241.3722686767578 -467.63922119140625 
v -9.997875213623047 248.06451416015625 -459.6203308105469 
v -12.433995246887207 252.9163818359375 -468.0452575683594 
v -11.621954917907715 254.5894317626953 -462.3609619140625 
v -10.505399703979492 256.2624816894531 -457.1842041015625 
v -6.85122013092041 266.133544921875 -461.1429138183594 
v -2.791020154953003 274.49884033203125 -453.02252197265625 
v -3.19704008102417 277.5103454589844 -448.353271484375 
v 0.05111999809741974 285.7083435058594 -458.60528564453125 
v -3.603060245513916 283.53338623046875 -463.6805419921875 
v 6.039915084838867 296.41595458984375 -468.75579833984375 
v 2.994765043258667 295.2447814941406 -473.3235168457031 
v 5.938409805297852 305.6177673339844 -471.3949279785156 
v 2.791755199432373 305.9523620605469 -475.962646484375 
v 3.5022900104522705 217.7821044921875 -473.5265197753906 
v -14.159579277038574 252.24716186523438 -470.0753479003906 
v -15.783659934997559 258.6047668457031 -479.6168212890625 
v -14.362589836120605 265.4643249511719 -481.64691162109375 
v -10.403894424438477 258.2701721191406 -473.1204833984375 
v 6.039915084838867 306.9562072753906 -466.6241760253906 
v 0.05111999809741974 285.7083435058594 -458.60528564453125 
v -15.783659934997559 257.6009521484375 -463.98504638671875 
v -16.90021514892578 261.9508972167969 -460.6353759765625 
v -5.63316011428833 305.9523620605469 -477.0791931152344 
v -2.58801007270813 304.78125 -479.31231689453125 
v 2.0812201499938965 231.33389282226562 -461.5489196777344 
v -6.952725410461426 236.18577575683594 -459.5188293457031 
v -19.234830856323242 239.36459350585938 -458.9097900390625 
v -13.449044227600098 249.40293884277344 -454.6465759277344 
v -21.264930725097656 255.0913543701172 -456.5751953125 
v -16.29118537902832 260.44512939453125 -455.4586181640625 
v -10.505399703979492 256.2624816894531 -457.1842041015625 
v -3.19704008102417 277.5103454589844 -448.353271484375 
v -12.637003898620605 274.8334655761719 -446.12017822265625 
v -36.18616485595703 288.0506286621094 -492.00042724609375 
v -29.791349411010742 288.55255126953125 -492.1019287109375 
v -32.02445983886719 286.8794860839844 -494.0305480957031 
v -77.80321502685547 324.6906433105469 -494.5380554199219 
v -68.97227478027344 314.1503601074219 -500.83135986328125 
v -65.52111053466797 314.65228271484375 -501.3388977050781 
v -61.86692810058594 308.9638671875 -500.83135986328125 
v -47.04719924926758 300.765869140625 -498.0907287597656 
v -48.2652587890625 298.7582092285156 -498.49676513671875 
v -34.46057891845703 290.5602111816406 -491.0868835449219 
v -36.18616485595703 288.0506286621094 -492.00042724609375 
v -75.46859741210938 315.99072265625 -506.8201599121094 
v -68.97227478027344 314.1503601074219 -500.83135986328125 
v -72.2204360961914 316.8272705078125 -503.572021484375 
v -82.5739517211914 321.1772155761719 -508.1397399902344 
v -83.48749542236328 324.35601806640625 -508.5457458496094 
v -89.37478637695312 321.1772155761719 -509.45928955078125 
v -86.32963562011719 323.017578125 -513.3164672851562 
v -11.621954917907715 254.5894317626953 -462.3609619140625 
v -12.433995246887207 252.9163818359375 -468.0452575683594 
v -15.783659934997559 257.6009521484375 -463.98504638671875 
v -15.783659934997559 258.6047668457031 -479.6168212890625 
v -10.403894424438477 258.2701721191406 -473.1204833984375 
v -86.32963562011719 323.017578125 -513.3164672851562 
v -74.85957336425781 316.3253479003906 -512.3014526367188 
v -89.37478637695312 321.1772155761719 -509.45928955078125 
v -75.46859741210938 315.99072265625 -506.8201599121094 
v -55.87813186645508 303.1081848144531 -506.7186584472656 
v -61.86692810058594 308.9638671875 -500.83135986328125 
v -48.2652587890625 298.7582092285156 -498.49676513671875 
v -46.539676666259766 296.4159240722656 -501.0343933105469 
v -36.18616485595703 288.0506286621094 -492.00042724609375 
v -68.97227478027344 314.1503601074219 -500.83135986328125 
v -72.2204360961914 316.8272705078125 -503.572021484375 
v -68.2617416381836 316.1580505371094 -503.87652587890625 
v -83.48749542236328 324.35601806640625 -508.5457458496094 
v -86.32963562011719 323.017578125 -513.3164672851562 
v -64.30305480957031 313.1465148925781 -508.85028076171875 
v -83.48749542236328 324.35601806640625 -508.5457458496094 
v -68.2617416381836 316.1580505371094 -503.87652587890625 
v -65.52111053466797 314.65228271484375 -501.3388977050781 
v -77.80321502685547 324.6906433105469 -494.5380554199219 
v -79.1227798461914 324.35601806640625 -495.7561340332031 
v -72.2204360961914 316.8272705078125 -503.572021484375 
v -39.23131561279297 296.2486267089844 -500.52685546875 
v -47.04719924926758 300.765869140625 -498.0907287597656 
v -34.46057891845703 290.5602111816406 -491.0868835449219 
v -29.791349411010742 288.55255126953125 -492.1019287109375 
v -26.035667419433594 285.37371826171875 -485.7071228027344 
v -34.05455780029297 285.2064208984375 -485.09808349609375 
v 15.581384658813477 164.2441864013672 -454.7480773925781 
v 9.186570167541504 198.0399932861328 -471.19189453125 
v 19.438575744628906 201.88804626464844 -467.2331848144531 
v 8.577539443969727 215.43983459472656 -473.8310241699219 
v -0.2533949911594391 211.92640686035156 -473.4250183105469 
v 3.5022900104522705 217.7821044921875 -473.5265197753906 
v -23.7010498046875 235.01461791992188 -467.84222412109375 
v -4.821119785308838 230.83197021484375 -472.511474609375 
v -20.55439567565918 240.70303344726562 -465.2030944824219 
v -30.298873901367188 257.9355773925781 -451.49993896484375 
v -34.866600036621094 262.45281982421875 -446.32318115234375 
v -32.633487701416016 282.529541015625 -435.6651611328125 
v -27.659744262695312 262.6201477050781 -447.947265625 
v -25.528139114379883 294.74285888671875 -427.6462707519531 
v -30.095867156982422 294.0736389160156 -427.7477722167969 
v -34.359073638916016 284.3699035644531 -432.4169921875 
v -19.234830856323242 239.36459350585938 -458.9097900390625 
v -3.806069850921631 206.07069396972656 -468.1467590332031 
v 1.2691799402236938 190.17662048339844 -466.9286804199219 
v 5.329380035400391 157.21734619140625 -457.5902099609375 
v 9.69409465789795 139.81752014160156 -448.9622802734375 
v -1.4714549779891968 136.63870239257812 -459.21429443359375 
v 5.938409805297852 121.41385650634766 -455.76312255859375 
v -23.09202003479004 101.83906555175781 -420.2363586425781 
v -13.449044227600098 132.12144470214844 -423.9920654296875 
v -23.09202003479004 101.83905792236328 -439.6238098144531 
v -15.073124885559082 130.78298950195312 -440.7403869628906 
v -14.971619606018066 160.73077392578125 -437.3907165527344 
v -18.727306365966797 153.20201110839844 -445.61260986328125 
v -11.4189453125 176.2902374267578 -445.8156433105469 
v -2.384999990463257 186.16128540039062 -440.6388854980469 
v -4.618110179901123 205.736083984375 -450.8908996582031 
v 6.750450134277344 221.63015747070312 -454.6465759277344 
v 8.679044723510742 220.12440490722656 -446.93218994140625 
v 16.39342498779297 238.02613830566406 -449.2668151855469 
v 17.611486434936523 242.37611389160156 -453.83453369140625 
v 28.269512176513672 253.25099182128906 -454.0375671386719 
v 7.054965019226074 226.48202514648438 -461.3459167480469 
v -18.727306365966797 153.20201110839844 -445.61260986328125 
v -15.073124885559082 130.78298950195312 -440.7403869628906 
v -9.997875213623047 142.49441528320312 -455.2555847167969 
v -6.952725410461426 126.76765441894531 -450.78936767578125 
v -0.8624250292778015 101.83905792236328 -450.78936767578125 
v 6.750450134277344 221.63015747070312 -454.6465759277344 
v -4.618110179901123 205.736083984375 -450.8908996582031 
v 0.7616550326347351 221.12823486328125 -458.0977478027344 
v 22.07770538330078 230.1627655029297 -448.75927734375 
v 15.378375053405762 224.6416473388672 -448.04876708984375 
v 13.754294395446777 215.43983459472656 -451.0939025878906 
v 8.679044723510742 220.12440490722656 -446.93218994140625 
v 31.923690795898438 251.41061401367188 -456.2706604003906 
v 29.183053970336914 253.08367919921875 -456.981201171875 
v 30.401113510131836 251.41062927246094 -450.38336181640625 
v 28.269512176513672 253.25099182128906 -454.0375671386719 
v -63.084991455078125 283.86798095703125 -380.6494445800781 
v -64.6075668334961 281.19110107421875 -382.3750305175781 
v -60.95338439941406 284.3699035644531 -376.7922668457031 
v -3.2985448837280273 318.16571044921875 -481.9514465332031 
v -6.039179801940918 318.50030517578125 -484.1845397949219 
v -1.2684450149536133 316.99456787109375 -484.3875732421875 
v -36.592185974121094 292.2333068847656 -401.1534423828125 
v -43.79903793334961 289.556396484375 -404.401611328125 
v -42.47947692871094 293.5717468261719 -404.7061462402344 
v -4.618110179901123 205.736083984375 -450.8908996582031 
v 6.750450134277344 221.63015747070312 -454.6465759277344 
v 4.618844985961914 216.7782745361328 -460.432373046875 
v 7.867004871368408 218.78594970703125 -466.6241760253906 
v 8.577539443969727 215.43983459472656 -473.8310241699219 
v 4.821854591369629 221.79745483398438 -469.060302734375 
v 7.867004871368408 218.78594970703125 -466.6241760253906 
v 4.618844985961914 216.7782745361328 -460.432373046875 
v 0.7616550326347351 221.12823486328125 -458.0977478027344 
v -27.45673370361328 261.28167724609375 -440.6388854980469 
v -28.57328987121582 281.3583984375 -428.559814453125 
v -24.411584854125977 263.791259765625 -442.2629699707031 
v -25.4266357421875 287.5487365722656 -429.3718566894531 
v -31.82145118713379 287.214111328125 -419.5258483886719 
v -28.67479705810547 288.0506591796875 -427.34173583984375 
v -34.15606689453125 297.4197998046875 -399.5293884277344 
v -36.592185974121094 292.2333068847656 -401.1534423828125 
v -41.159908294677734 294.07366943359375 -387.9577941894531 
v 7.054965019226074 226.48202514648438 -461.3459167480469 
v 17.611486434936523 242.37611389160156 -453.83453369140625 
v 12.43472957611084 224.47434997558594 -463.1730041503906 
v 20.555130004882812 239.53189086914062 -455.35711669921875 
v 28.269512176513672 253.25099182128906 -454.0375671386719 
v -34.15606689453125 297.4197998046875 -399.5293884277344 
v -28.67479705810547 288.0506591796875 -427.34173583984375 
v -34.76509475708008 298.0890197753906 -404.401611328125 
v -1.8774750232696533 312.979248046875 -471.19189453125 
v -3.400050163269043 308.6292724609375 -474.4400634765625 
v 2.791755199432373 305.9523620605469 -475.962646484375 
v 2.994765043258667 295.2447814941406 -473.3235168457031 
v -2.58801007270813 304.78125 -479.31231689453125 
v -3.603060245513916 283.53338623046875 -463.6805419921875 
v -8.272290229797363 275.1680908203125 -457.3872375488281 
v -13.449044227600098 274.6661682128906 -456.5751953125 
v -6.140685081481934 286.3775634765625 -463.883544921875 
v -5.63316011428833 305.9523620605469 -477.0791931152344 
v -6.039179801940918 318.50030517578125 -484.1845397949219 
v -1.2684450149536133 316.99456787109375 -484.3875732421875 
v 1.0661699771881104 307.9600524902344 -480.4288635253906 
v -34.257568359375 275.0007629394531 -434.44708251953125 
v -28.57328987121582 281.3583984375 -428.559814453125 
v -30.8064022064209 253.41830444335938 -445.3081359863281 
v -27.45673370361328 261.28167724609375 -440.6388854980469 
v -18.321285247802734 227.48587036132812 -452.4134826660156 
v -18.321285247802734 227.48587036132812 -452.4134826660156 
v -24.411584854125977 263.791259765625 -442.2629699707031 
v -19.234830856323242 239.36459350585938 -458.9097900390625 
v 2.0812201499938965 231.33389282226562 -461.5489196777344 
v 6.750450134277344 221.63015747070312 -454.6465759277344 
v -4.618110179901123 205.736083984375 -450.8908996582031 
v -25.4266357421875 287.5487365722656 -429.3718566894531 
v -28.67479705810547 288.0506591796875 -427.34173583984375 
v -25.528139114379883 294.74285888671875 -427.6462707519531 
v -30.095867156982422 294.0736389160156 -427.7477722167969 
v -34.359073638916016 284.3699035644531 -432.4169921875 
v -34.257568359375 275.0007629394531 -434.44708251953125 
v -36.38917541503906 285.2064208984375 -422.9770202636719 
v -28.57328987121582 281.3583984375 -428.559814453125 
v -31.82145118713379 287.214111328125 -419.5258483886719 
v -39.434326171875 288.8871765136719 -404.7061462402344 
v -45.423118591308594 287.38140869140625 -405.72119140625 
v -53.64502716064453 283.3660888671875 -395.1646728515625 
v -61.76542663574219 282.1949157714844 -379.6343994140625 
v -64.6075668334961 281.19110107421875 -382.3750305175781 
v -60.95338439941406 284.3699035644531 -376.7922668457031 
v -52.73147964477539 286.5448913574219 -385.2171630859375 
v -43.49452590942383 290.0583190917969 -395.36767578125 
v -36.592185974121094 292.2333068847656 -401.1534423828125 
v -43.79903793334961 289.556396484375 -404.401611328125 
v -46.539676666259766 292.4006042480469 -391.0029602050781 
v -41.159908294677734 294.07366943359375 -387.9577941894531 
v -50.193851470947266 293.2371520996094 -377.80731201171875 
v -46.23516082763672 295.24481201171875 -367.75830078125 
v -52.22395706176758 295.24481201171875 -357.4048156738281 
v -46.23516082763672 296.75054931640625 -354.76568603515625 
v -40.550880432128906 297.58709716796875 -377.0967712402344 
v -42.58097839355469 300.4312744140625 -352.5325622558594 
v -34.15606689453125 297.4197998046875 -399.5293884277344 
v -17.40774154663086 269.3123474121094 -489.6658020019531 
v -19.336336135864258 275.3353576660156 -491.2898864746094 
v -23.802555084228516 276.1719055175781 -493.4215087890625 
v -32.1259651184082 289.5563659667969 -506.21112060546875 
v -86.32963562011719 323.017578125 -513.3164672851562 
v -74.85957336425781 316.3253479003906 -512.3014526367188 
v -64.30305480957031 313.1465148925781 -508.85028076171875 
v -55.87813186645508 303.1081848144531 -506.7186584472656 
v -39.23131561279297 296.2486267089844 -500.52685546875 
v -46.539676666259766 296.4159240722656 -501.0343933105469 
v -36.18616485595703 288.0506286621094 -492.00042724609375 
v -32.02445983886719 286.8794860839844 -494.0305480957031 
v -29.791349411010742 288.55255126953125 -492.1019287109375 
v -38.52077865600586 291.5640563964844 -504.9930725097656 
v -32.7349967956543 283.0314636230469 -497.8877258300781 
v -36.18616485595703 288.0506286621094 -492.00042724609375 
v -34.05455780029297 285.2064208984375 -485.09808349609375 
v -26.949209213256836 277.67767333984375 -484.590576171875 
v -23.4980411529541 277.5103454589844 -481.0378723144531 
v -24.614595413208008 271.1527099609375 -479.6168212890625 
v -20.96041488647461 264.6277770996094 -471.9024353027344 
v -20.14837646484375 254.08750915527344 -469.6693420410156 
v -22.279979705810547 257.76824951171875 -461.4474182128906 
v -20.55439567565918 240.70303344726562 -465.2030944824219 
v -21.264930725097656 255.0913543701172 -456.5751953125 
v -19.234830856323242 239.36459350585938 -458.9097900390625 
v -16.29118537902832 260.44512939453125 -455.4586181640625 
v -23.802555084228516 276.1719055175781 -493.4215087890625 
v -23.396535873413086 271.1527099609375 -488.34625244140625 
v -24.614595413208008 271.1527099609375 -479.6168212890625 
v -20.14837646484375 254.08750915527344 -469.6693420410156 
v -15.783659934997559 258.6047668457031 -479.6168212890625 
v -16.90021514892578 264.79510498046875 -483.4739990234375 
v 22.889745712280273 233.1742706298828 -451.3984069824219 
v 21.26566505432129 235.68386840820312 -451.3984069824219 
v 20.555130004882812 239.53189086914062 -455.35711669921875 
v 22.07770538330078 230.1627655029297 -448.75927734375 
v 20.555130004882812 239.53189086914062 -455.35711669921875 
v 22.889745712280273 233.1742706298828 -451.3984069824219 
v 2.791755199432373 305.9523620605469 -475.962646484375 
v -3.400050163269043 308.6292724609375 -474.4400634765625 
v 1.5736950635910034 307.1235046386719 -473.7295227050781 
v -34.05455780029297 285.2064208984375 -485.09808349609375 
v -34.46057891845703 290.5602111816406 -491.0868835449219 
v -36.18616485595703 288.0506286621094 -492.00042724609375 
v -2.791020154953003 274.49884033203125 -453.02252197265625 
v -8.272290229797363 275.1680908203125 -457.3872375488281 
v -6.85122013092041 266.133544921875 -461.1429138183594 
v -11.926469802856445 266.4681701660156 -462.25946044921875 
v -11.621954917907715 254.5894317626953 -462.3609619140625 
v -16.90021514892578 261.9508972167969 -460.6353759765625 
v -13.449044227600098 274.6661682128906 -456.5751953125 
v -12.637003898620605 274.8334655761719 -446.12017822265625 
v -15.885165214538574 274.49884033203125 -451.29693603515625 
v -5.7346649169921875 284.0353088378906 -454.3420715332031 
v -6.140685081481934 286.3775634765625 -463.883544921875 
v -3.19704008102417 277.5103454589844 -448.353271484375 
v 0.05111999809741974 285.7083435058594 -458.60528564453125 
v -5.5316548347473145 286.5448913574219 -459.92486572265625 
v -38.92679977416992 289.72369384765625 -417.90179443359375 
v -34.359073638916016 284.3699035644531 -432.4169921875 
v -38.72378921508789 296.2486267089844 -408.1573181152344 
v -28.67479705810547 288.0506591796875 -427.34173583984375 
v -34.76509475708008 298.0890197753906 -404.401611328125 
v -39.73883819580078 298.4236145019531 -392.7285461425781 
v -42.47947692871094 293.5717468261719 -404.7061462402344 
v -46.84418869018555 295.7467041015625 -384.91265869140625 
v -41.870445251464844 298.925537109375 -382.5780334472656 
v -47.96074676513672 299.4274597167969 -353.547607421875 
v -42.58097839355469 300.4312744140625 -352.5325622558594 
v -52.22395706176758 295.24481201171875 -357.4048156738281 
v -50.193851470947266 293.2371520996094 -377.80731201171875 
v -34.15606689453125 297.4197998046875 -399.5293884277344 
v -40.550880432128906 297.58709716796875 -377.0967712402344 
v -3.2985448837280273 318.16571044921875 -481.9514465332031 
v -1.2684450149536133 316.99456787109375 -484.3875732421875 
v 1.5736950635910034 307.1235046386719 -473.7295227050781 
v 2.791755199432373 305.9523620605469 -475.962646484375 
v 1.0661699771881104 307.9600524902344 -480.4288635253906 
v -30.298873901367188 257.9355773925781 -451.49993896484375 
v -20.55439567565918 240.70303344726562 -465.2030944824219 
v -19.234830856323242 239.36459350585938 -458.9097900390625 
v -43.79903793334961 289.556396484375 -404.401611328125 
v -46.539676666259766 292.4006042480469 -391.0029602050781 
v -42.47947692871094 293.5717468261719 -404.7061462402344 
v -46.84418869018555 295.7467041015625 -384.91265869140625 
v -50.193851470947266 293.2371520996094 -377.80731201171875 
v -47.96074676513672 299.4274597167969 -353.547607421875 
v -42.58097839355469 300.4312744140625 -352.5325622558594 
v -41.870445251464844 298.925537109375 -382.5780334472656 
v -40.550880432128906 297.58709716796875 -377.0967712402344 
v -47.96074676513672 299.4274597167969 -353.547607421875 
v -52.22395706176758 295.24481201171875 -357.4048156738281 
v -42.58097839355469 300.4312744140625 -352.5325622558594 
v -46.23516082763672 296.75054931640625 -354.76568603515625 
v -42.47947692871094 293.5717468261719 -404.7061462402344 
v -47.65623092651367 289.72369384765625 -398.92034912109375 
v -38.01325607299805 293.2371520996094 -400.0368957519531 
v -43.49452590942383 290.0583190917969 -395.36767578125 
v -52.02094268798828 288.21795654296875 -388.871337890625 
v -52.73147964477539 286.5448913574219 -385.2171630859375 
v -60.95338439941406 284.3699035644531 -376.7922668457031 
v -63.084991455078125 283.86798095703125 -380.6494445800781 
v -56.18265151977539 284.5372314453125 -393.4390869140625 
v -56.18265151977539 284.5372314453125 -393.4390869140625 
v -53.64502716064453 283.3660888671875 -395.1646728515625 
v -64.6075668334961 281.19110107421875 -382.3750305175781 
v -12.433995246887207 252.9163818359375 -468.0452575683594 
v -15.783659934997559 257.6009521484375 -463.98504638671875 
v -10.403894424438477 258.2701721191406 -473.1204833984375 
v -16.595701217651367 271.8219299316406 -479.1092834472656 
v -14.362589836120605 265.4643249511719 -481.64691162109375 
v -19.336336135864258 275.3353576660156 -491.2898864746094 
v -17.40774154663086 269.3123474121094 -489.6658020019531 
v -23.4980411529541 277.5103454589844 -481.0378723144531 
v -26.035667419433594 285.37371826171875 -485.7071228027344 
v -29.791349411010742 288.55255126953125 -492.1019287109375 
v -32.1259651184082 289.5563659667969 -506.21112060546875 
v -34.15606689453125 292.2332763671875 -502.75994873046875 
v -14.362589836120605 265.4643249511719 -481.64691162109375 
v -16.90021514892578 264.79510498046875 -483.4739990234375 
v -15.783659934997559 258.6047668457031 -479.6168212890625 
v -22.279979705810547 257.76824951171875 -461.4474182128906 
v -15.783659934997559 257.6009521484375 -463.98504638671875 
v -20.96041488647461 264.6277770996094 -471.9024353027344 
v -16.595701217651367 271.8219299316406 -479.1092834472656 
v -23.4980411529541 277.5103454589844 -481.0378723144531 
v -19.336336135864258 275.3353576660156 -491.2898864746094 
v -14.362589836120605 265.4643249511719 -481.64691162109375 
v -17.40774154663086 269.3123474121094 -489.6658020019531 
v -16.90021514892578 264.79510498046875 -483.4739990234375 
v -24.614595413208008 271.1527099609375 -479.6168212890625 
v -23.396535873413086 271.1527099609375 -488.34625244140625 
v -16.90021514892578 264.79510498046875 -483.4739990234375 
v -17.40774154663086 269.3123474121094 -489.6658020019531 
v -23.802555084228516 276.1719055175781 -493.4215087890625 
v -32.1259651184082 289.5563659667969 -506.21112060546875 
v -37.50572967529297 291.8986511230469 -507.6322021484375 
v -32.7349967956543 283.0314636230469 -497.8877258300781 
v -38.52077865600586 291.5640563964844 -504.9930725097656 
v -26.949209213256836 277.67767333984375 -484.590576171875 
v -36.18616485595703 288.0506286621094 -492.00042724609375 
v -29.791349411010742 288.55255126953125 -492.1019287109375 
v -38.52077865600586 291.5640563964844 -504.9930725097656 
v -34.15606689453125 292.2332763671875 -502.75994873046875 
v -36.28767013549805 293.0697937011719 -506.4141540527344 
v -37.50572967529297 291.8986511230469 -507.6322021484375 
v 23.498775482177734 235.68386840820312 -442.9735107421875 
v 17.916000366210938 235.51654052734375 -447.84576416015625 
v 26.137907028198242 237.35691833496094 -447.2367248535156 
v 21.26566505432129 235.68386840820312 -451.3984069824219 
v 21.26566505432129 235.68386840820312 -451.3984069824219 
v 31.923690795898438 251.41061401367188 -456.2706604003906 
v 20.555130004882812 239.53189086914062 -455.35711669921875 
v 29.183053970336914 253.08367919921875 -456.981201171875 
v 32.02519226074219 249.06832885742188 -451.70294189453125 
v 21.26566505432129 235.68386840820312 -451.3984069824219 
v 17.916000366210938 235.51654052734375 -447.84576416015625 
v 29.183053970336914 253.08367919921875 -456.981201171875 
v 20.555130004882812 239.53189086914062 -455.35711669921875 
v 28.269512176513672 253.25099182128906 -454.0375671386719 
v 5.938409805297852 308.7966003417969 -463.0715026855469 
v 6.039915084838867 306.9562072753906 -466.6241760253906 
v 0.6601499915122986 302.7735595703125 -464.5940856933594 
v -77.80321502685547 324.6906433105469 -494.5380554199219 
v -79.1227798461914 324.35601806640625 -495.7561340332031 
v -68.97227478027344 314.1503601074219 -500.83135986328125 
v -72.2204360961914 316.8272705078125 -503.572021484375 
v -10.505399703979492 256.2624816894531 -457.1842041015625 
v -13.449044227600098 249.40293884277344 -454.6465759277344 
v -9.997875213623047 248.06451416015625 -459.6203308105469 
v -6.952725410461426 236.18577575683594 -459.5188293457031 
v -60.95338439941406 284.3699035644531 -376.7922668457031 
v -64.6075668334961 281.19110107421875 -382.3750305175781 
v -61.76542663574219 282.1949157714844 -379.6343994140625 
v 12.840749740600586 340.75201416015625 -457.7932434082031 
v 13.652790069580078 342.4250793457031 -461.85345458984375 
v 17.00245475769043 339.41357421875 -455.15411376953125 
v 18.829545974731445 338.5770568847656 -456.87969970703125 
v -38.01325607299805 293.2371520996094 -400.0368957519531 
v -42.47947692871094 293.5717468261719 -404.7061462402344 
v -36.592185974121094 292.2333068847656 -401.1534423828125 
v -19.234830856323242 239.36459350585938 -458.9097900390625 
v -22.178476333618164 237.1896209716797 -464.39105224609375 
v -20.55439567565918 240.70303344726562 -465.2030944824219 
v 8.577539443969727 215.43983459472656 -473.8310241699219 
v 7.867004871368408 218.78594970703125 -466.6241760253906 
v 3.5022900104522705 217.7821044921875 -473.5265197753906 
v 4.821854591369629 221.79745483398438 -469.060302734375 
v 7.867004871368408 218.78594970703125 -466.6241760253906 
v 4.618844985961914 216.7782745361328 -460.432373046875 
v -14.159579277038574 252.24716186523438 -470.0753479003906 
v -20.14837646484375 254.08750915527344 -469.6693420410156 
v -12.12947940826416 241.3722686767578 -467.63922119140625 
v -20.55439567565918 240.70303344726562 -465.2030944824219 
v -47.65623092651367 289.72369384765625 -398.92034912109375 
v -38.72378921508789 296.2486267089844 -408.1573181152344 
v -42.47947692871094 293.5717468261719 -404.7061462402344 
v -25.528139114379883 294.74285888671875 -427.6462707519531 
v -25.4266357421875 287.5487365722656 -429.3718566894531 
v -27.659744262695312 262.6201477050781 -447.947265625 
v -24.411584854125977 263.791259765625 -442.2629699707031 
v -19.234830856323242 239.36459350585938 -458.9097900390625 
v -23.4980411529541 277.5103454589844 -481.0378723144531 
v -34.05455780029297 285.2064208984375 -485.09808349609375 
v -26.035667419433594 285.37371826171875 -485.7071228027344 
v 22.07770538330078 230.1627655029297 -448.75927734375 
v 19.032554626464844 229.49354553222656 -445.8156433105469 
v 15.378375053405762 224.6416473388672 -448.04876708984375 
v 8.679044723510742 220.12440490722656 -446.93218994140625 
v -16.90021514892578 261.9508972167969 -460.6353759765625 
v -15.783659934997559 257.6009521484375 -463.98504638671875 
v -22.279979705810547 257.76824951171875 -461.4474182128906 
v -16.29118537902832 260.44512939453125 -455.4586181640625 
v -22.279979705810547 257.76824951171875 -461.4474182128906 
v -16.90021514892578 261.9508972167969 -460.6353759765625 
v -3.19704008102417 277.5103454589844 -448.353271484375 
v -5.7346649169921875 284.0353088378906 -454.3420715332031 
v -12.637003898620605 274.8334655761719 -446.12017822265625 
v -3.603060245513916 283.53338623046875 -463.6805419921875 
v -8.272290229797363 275.1680908203125 -457.3872375488281 
v -2.791020154953003 274.49884033203125 -453.02252197265625 
v 1.5736950635910034 307.1235046386719 -473.7295227050781 
v -3.2985448837280273 318.16571044921875 -481.9514465332031 
v -3.400050163269043 308.6292724609375 -474.4400634765625 
v -6.039179801940918 318.50030517578125 -484.1845397949219 
v -43.49452590942383 290.0583190917969 -395.36767578125 
v -36.592185974121094 292.2333068847656 -401.1534423828125 
v -38.01325607299805 293.2371520996094 -400.0368957519531 
v -56.18265151977539 284.5372314453125 -393.4390869140625 
v -53.64502716064453 283.3660888671875 -395.1646728515625 
v -45.423118591308594 287.38140869140625 -405.72119140625 
v -20.14837646484375 254.08750915527344 -469.6693420410156 
v -15.783659934997559 258.6047668457031 -479.6168212890625 
v -14.159579277038574 252.24716186523438 -470.0753479003906 
v -16.595701217651367 271.8219299316406 -479.1092834472656 
v -20.96041488647461 264.6277770996094 -471.9024353027344 
v -23.4980411529541 277.5103454589844 -481.0378723144531 
v -36.28767013549805 293.0697937011719 -506.4141540527344 
v -32.1259651184082 289.5563659667969 -506.21112060546875 
v -37.50572967529297 291.8986511230469 -507.6322021484375 
v -36.28767013549805 293.0697937011719 -506.4141540527344 
v -32.1259651184082 289.5563659667969 -506.21112060546875 
v -34.15606689453125 292.2332763671875 -502.75994873046875 
v 26.137907028198242 237.35691833496094 -447.2367248535156 
v 22.889745712280273 233.1742706298828 -451.3984069824219 
v 21.26566505432129 235.68386840820312 -451.3984069824219 
v 30.401113510131836 251.41062927246094 -450.38336181640625 
v 32.02519226074219 249.06832885742188 -451.70294189453125 
v 17.916000366210938 235.51654052734375 -447.84576416015625 
v 32.02519226074219 249.06832885742188 -451.70294189453125 
v 21.26566505432129 235.68386840820312 -451.3984069824219 
v 31.923690795898438 251.41061401367188 -456.2706604003906 
v 31.923690795898438 251.41061401367188 -456.2706604003906 
v 32.02519226074219 249.06832885742188 -451.70294189453125 
v 30.401113510131836 251.41062927246094 -450.38336181640625 
v -75.46859741210938 315.99072265625 -506.8201599121094 
v -83.48749542236328 324.35601806640625 -508.5457458496094 
v -89.37478637695312 321.1772155761719 -509.45928955078125 
v -86.32963562011719 323.017578125 -513.3164672851562 
v -83.48749542236328 324.35601806640625 -508.5457458496094 
v -89.37478637695312 321.1772155761719 -509.45928955078125 
v 56.8939208984375 38.43009948730469 -349.5888671875 
v 83.28521728515625 90.46227264404297 -324.31414794921875 
v -56.8931884765625 38.43009948730469 -349.5888671875 
v -83.28448486328125 90.46227264404297 -324.31414794921875 
v 65.92786407470703 38.43008041381836 -472.409912109375 
v 91.2026138305664 90.46224212646484 -498.8012390136719 
v 65.92786407470703 38.43009948730469 -358.6228332519531 
v 91.2026138305664 90.46227264404297 -332.2315368652344 
v -56.8931884765625 38.430076599121094 -481.4438781738281 
v -83.28448486328125 90.46224212646484 -506.7186279296875 
v 56.8939208984375 38.430076599121094 -481.4438781738281 
v 83.28521728515625 90.46224212646484 -506.7186279296875 
v -65.92713165283203 38.43009948730469 -358.6228332519531 
v -91.20187377929688 90.46227264404297 -332.2315368652344 
v -65.92713165283203 38.43008041381836 -472.409912109375 
v -91.20187377929688 90.46224212646484 -498.8012390136719 
v 65.92786407470703 38.43008041381836 -472.409912109375 
v 65.92786407470703 38.43009948730469 -358.6228332519531 
v 69.68354797363281 38.43008041381836 -473.1204528808594 
v 69.68354797363281 38.26279067993164 -357.91229248046875 
v 96.27786254882812 90.46224212646484 -499.71478271484375 
v 91.2026138305664 90.46224212646484 -498.8012390136719 
v 69.68354797363281 38.43008041381836 -473.1204528808594 
v 65.92786407470703 38.43008041381836 -472.409912109375 
v 58.51799774169922 34.74934387207031 -481.13934326171875 
v 85.92435455322266 94.1429672241211 -508.4442138671875 
v 57.807464599609375 29.060943603515625 -476.8761291503906 
v 94.65377807617188 99.83137512207031 -510.5758056640625 
v -85.92361450195312 94.1429672241211 -508.4442138671875 
v -95.05906677246094 99.83137512207031 -510.1697998046875 
v -57.806732177734375 29.060943603515625 -476.8761291503906 
v -58.4157600402832 34.74934387207031 -480.93634033203125 
v 95.05979919433594 99.83140563964844 -320.86297607421875 
v 85.92435455322266 94.14299774169922 -322.58856201171875 
v 57.807464599609375 29.060964584350586 -354.1565856933594 
v 58.41649627685547 34.749366760253906 -350.0964050292969 
v -57.806732177734375 29.060964584350586 -354.1565856933594 
v -58.51726531982422 34.749366760253906 -349.8934020996094 
v -85.92361450195312 94.14299774169922 -322.58856201171875 
v -94.65304565429688 99.83140563964844 -320.4569396972656 
v 85.92435455322266 94.14299774169922 -322.58856201171875 
v 89.07100677490234 93.64108276367188 -318.3253479003906 
v -85.92361450195312 94.14299774169922 -322.58856201171875 
v -88.96876525878906 93.64108276367188 -318.5283508300781 
v 56.8939208984375 38.430076599121094 -481.4438781738281 
v 57.604454040527344 38.26277160644531 -485.1995544433594 
v 83.28521728515625 90.46224212646484 -506.7186279296875 
v 84.60478973388672 90.46224212646484 -511.99688720703125 
v 83.28521728515625 90.46224212646484 -506.7186279296875 
v 84.60478973388672 90.46224212646484 -511.99688720703125 
v -83.28448486328125 90.46224212646484 -506.7186279296875 
v -84.19802856445312 90.46224212646484 -511.79388427734375 
v -56.8931884765625 38.430076599121094 -481.4438781738281 
v -57.603721618652344 38.430076599121094 -485.1995544433594 
v 56.8939208984375 38.430076599121094 -481.4438781738281 
v 57.604454040527344 38.26277160644531 -485.1995544433594 
v 92.92819213867188 94.14297485351562 -501.44036865234375 
v 97.19140625 93.64105224609375 -504.5870056152344 
v 92.92819213867188 94.14299774169922 -329.5924072265625 
v 96.98839569091797 93.64108276367188 -326.5472412109375 
v -85.92361450195312 94.1429672241211 -508.4442138671875 
v -89.07027435302734 93.64105224609375 -512.7073974609375 
v 85.92435455322266 94.1429672241211 -508.4442138671875 
v 88.96949768066406 93.64105224609375 -512.50439453125 
v -92.92745971679688 94.14299774169922 -329.5924072265625 
v -97.190673828125 93.64108276367188 -326.44573974609375 
v -92.92745971679688 94.14297485351562 -501.44036865234375 
v -96.98765563964844 93.64105224609375 -504.4855041503906 
v -96.2771224975586 90.46227264404297 -331.3179931640625 
v -69.68281555175781 38.43009948730469 -357.91229248046875 
v -91.20187377929688 90.46227264404297 -332.2315368652344 
v -65.92713165283203 38.43009948730469 -358.6228332519531 
v 65.92786407470703 38.43009948730469 -358.6228332519531 
v 69.68354797363281 38.26279067993164 -357.91229248046875 
v 91.2026138305664 90.46227264404297 -332.2315368652344 
v 96.48087310791016 90.46227264404297 -330.9119567871094 
v -65.92713165283203 38.43009948730469 -358.6228332519531 
v -69.68281555175781 38.43009948730469 -357.91229248046875 
v -65.92713165283203 38.43008041381836 -472.409912109375 
v -69.68281555175781 38.26277160644531 -473.1204528808594 
v -91.20187377929688 90.46224212646484 -498.8012390136719 
v -96.48014068603516 90.46224212646484 -500.12078857421875 
v -91.20187377929688 90.46227264404297 -332.2315368652344 
v -96.2771224975586 90.46227264404297 -331.3179931640625 
v 84.19876861572266 90.46227264404297 -319.2388916015625 
v 57.604454040527344 38.43009948730469 -345.83319091796875 
v 83.28521728515625 90.46227264404297 -324.31414794921875 
v 56.8939208984375 38.43009948730469 -349.5888671875 
v -65.92713165283203 38.43008041381836 -472.409912109375 
v -69.68281555175781 38.26277160644531 -473.1204528808594 
v -91.20187377929688 90.46224212646484 -498.8012390136719 
v -96.48014068603516 90.46224212646484 -500.12078857421875 
v 56.8939208984375 38.43009948730469 -349.5888671875 
v 57.604454040527344 38.43009948730469 -345.83319091796875 
v -56.8931884765625 38.43009948730469 -349.5888671875 
v -57.603721618652344 38.262794494628906 -345.83319091796875 
v -83.28448486328125 90.46227264404297 -324.31414794921875 
v -84.60404968261719 90.46227264404297 -319.035888671875 
v 83.28521728515625 90.46227264404297 -324.31414794921875 
v 84.19876861572266 90.46227264404297 -319.2388916015625 
v -84.19802856445312 90.46224212646484 -511.79388427734375 
v -57.603721618652344 38.430076599121094 -485.1995544433594 
v -83.28448486328125 90.46224212646484 -506.7186279296875 
v -56.8931884765625 38.430076599121094 -481.4438781738281 
v -56.8931884765625 38.43009948730469 -349.5888671875 
v -57.603721618652344 38.262794494628906 -345.83319091796875 
v -83.28448486328125 90.46227264404297 -324.31414794921875 
v -84.60404968261719 90.46227264404297 -319.035888671875 
v 57.604454040527344 38.43009948730469 -345.83319091796875 
v 58.41649627685547 34.749366760253906 -350.0964050292969 
v -57.603721618652344 38.262794494628906 -345.83319091796875 
v -58.51726531982422 34.749366760253906 -349.8934020996094 
v -57.603721618652344 38.262794494628906 -345.83319091796875 
v -58.51726531982422 34.749366760253906 -349.8934020996094 
v -84.60404968261719 90.46227264404297 -319.035888671875 
v -88.96876525878906 93.64108276367188 -318.5283508300781 
v 69.68354797363281 38.43008041381836 -473.1204528808594 
v 65.42034149169922 34.74934768676758 -473.9324951171875 
v 69.68354797363281 38.26279067993164 -357.91229248046875 
v 65.62335205078125 34.749366760253906 -356.9987487792969 
v -57.603721618652344 38.430076599121094 -485.1995544433594 
v -58.4157600402832 34.74934387207031 -480.93634033203125 
v 57.604454040527344 38.26277160644531 -485.1995544433594 
v 58.51799774169922 34.74934387207031 -481.13934326171875 
v -69.68281555175781 38.43009948730469 -357.91229248046875 
v -65.41960144042969 34.749366760253906 -357.1002502441406 
v -69.68281555175781 38.26277160644531 -473.1204528808594 
v -65.62261962890625 34.74934768676758 -474.03399658203125 
v 91.2026138305664 90.46227264404297 -332.2315368652344 
v 96.48087310791016 90.46227264404297 -330.9119567871094 
v 91.2026138305664 90.46224212646484 -498.8012390136719 
v 96.27786254882812 90.46224212646484 -499.71478271484375 
v 78.41297912597656 110.87360382080078 -337.103759765625 
v 78.41297912597656 106.021728515625 -337.103759765625 
v 78.41297912597656 110.87358093261719 -493.9289855957031 
v 78.41297912597656 106.02169799804688 -493.9289855957031 
v -78.41224670410156 110.87360382080078 -337.103759765625 
v -78.41224670410156 106.021728515625 -337.103759765625 
v 78.41297912597656 110.87360382080078 -337.103759765625 
v 78.41297912597656 106.021728515625 -337.103759765625 
v -78.41224670410156 110.87358093261719 -493.9289855957031 
v -78.41224670410156 106.02169799804688 -493.9289855957031 
v -78.41224670410156 110.87360382080078 -337.103759765625 
v -78.41224670410156 106.021728515625 -337.103759765625 
v 78.41297912597656 110.87358093261719 -493.9289855957031 
v 78.41297912597656 106.02169799804688 -493.9289855957031 
v -78.41224670410156 110.87358093261719 -493.9289855957031 
v -78.41224670410156 106.02169799804688 -493.9289855957031 
v -32.328975677490234 22.201416015625 -359.63787841796875 
v -36.592185974121094 14.839951515197754 -361.66796875 
v -53.54351806640625 21.53219223022461 -358.7243347167969 
v -50.802886962890625 14.839951515197754 -361.76947021484375 
v -50.904388427734375 10.489995956420898 -361.76947021484375 
v -36.49067687988281 10.65730094909668 -361.76947021484375 
v -54.051048278808594 -0.05028176307678223 -358.216796875 
v -33.344024658203125 -0.05028178170323372 -358.31829833984375 
v -52.73147964477539 22.201412200927734 -379.9388732910156 
v -50.49837112426758 12.832276344299316 -377.70574951171875 
v -32.430477142333984 22.201412200927734 -379.8373718261719 
v -36.38917541503906 13.166889190673828 -378.2132873535156 
v -54.355560302734375 0.11702083796262741 -379.02532958984375 
v -32.430477142333984 0.11702071130275726 -379.8373718261719 
v 32.3297119140625 22.201416015625 -359.63787841796875 
v 36.592918395996094 14.839951515197754 -361.66796875 
v 53.544254302978516 21.53219223022461 -358.7243347167969 
v 50.803619384765625 14.839951515197754 -361.76947021484375 
v 50.90512466430664 10.489995956420898 -361.76947021484375 
v 36.49141311645508 10.65730094909668 -361.76947021484375 
v 54.051780700683594 -0.05028176307678223 -358.216796875 
v 33.34476089477539 -0.05028178170323372 -358.31829833984375 
v 52.732215881347656 22.201412200927734 -379.9388732910156 
v 50.499107360839844 12.832276344299316 -377.70574951171875 
v 32.43121337890625 22.201412200927734 -379.8373718261719 
v 36.38991165161133 13.166889190673828 -378.2132873535156 
v 54.35629653930664 0.11702083796262741 -379.02532958984375 
v 32.43121337890625 0.11702071130275726 -379.8373718261719 
v -32.328975677490234 22.201396942138672 -471.3948669433594 
v -53.54351806640625 21.53217315673828 -472.30841064453125 
v -36.592185974121094 14.839934349060059 -469.3647766113281 
v -50.802886962890625 14.839934349060059 -469.2632751464844 
v -50.904388427734375 10.489977836608887 -469.2632751464844 
v -36.49067687988281 10.657283782958984 -469.2632751464844 
v -54.051048278808594 -0.05030043423175812 -472.8159484863281 
v -33.344024658203125 -0.050300419330596924 -472.7144470214844 
v -52.73147964477539 22.201400756835938 -451.0938720703125 
v -50.49837112426758 12.832263946533203 -453.3269958496094 
v -32.430477142333984 22.201400756835938 -451.19537353515625 
v -36.38917541503906 13.166877746582031 -452.8194580078125 
v -54.355560302734375 0.11700894683599472 -452.0074157714844 
v -32.430477142333984 0.11700908094644547 -451.19537353515625 
v 32.3297119140625 22.201396942138672 -471.3948669433594 
v 36.592918395996094 14.839934349060059 -469.3647766113281 
v 53.544254302978516 21.53217315673828 -472.30841064453125 
v 50.803619384765625 14.839934349060059 -469.2632751464844 
v 50.90512466430664 10.489977836608887 -469.2632751464844 
v 36.49141311645508 10.657283782958984 -469.2632751464844 
v 54.051780700683594 -0.05030043423175812 -472.8159484863281 
v 33.34476089477539 -0.050300419330596924 -472.7144470214844 
v 52.732215881347656 22.201400756835938 -451.0938720703125 
v 50.499107360839844 12.832263946533203 -453.3269958496094 
v 32.43121337890625 22.201400756835938 -451.19537353515625 
v 36.38991165161133 13.166877746582031 -452.8194580078125 
v 54.35629653930664 0.11700894683599472 -452.0074157714844 
v 32.43121337890625 0.11700908094644547 -451.19537353515625 
v 23.498775482177734 235.68386840820312 -442.9735107421875 
v 19.032554626464844 229.49354553222656 -445.8156433105469 
v 26.137907028198242 237.35691833496094 -447.2367248535156 
v 22.07770538330078 230.1627655029297 -448.75927734375 
v 22.889745712280273 233.1742706298828 -451.3984069824219 
vn -0.0010715483222156763 -0.008236516267061234 -0.00556880421936512 
vn 0.001443846384063363 -0.0072464719414711 -0.006738245487213135 
vn 0.002435545437037945 -0.00818664487451315 -0.005200669169425964 
vn 0.003912783693522215 -0.008136148564517498 -0.004300372675061226 
vn 0.005790120922029018 -0.007185975555330515 -0.0038517864886671305 
vn 0.0053963870741426945 -0.008211659267544746 -0.0018567901570349932 
vn 0.003300159005448222 -0.00421187886968255 -0.008448019623756409 
vn -0.00009446254262002185 -0.003972683101892471 -0.009176538325846195 
vn 0.000037759939004899934 -0.0015449230559170246 -0.009879867546260357 
vn 0.0057543921284377575 -0.0022738666739314795 -0.007855984382331371 
vn 0.006743563339114189 -0.00393254728987813 -0.006249753758311272 
vn 0.008436610922217369 -0.003852050518617034 -0.003739692037925124 
vn 0.009151795879006386 -0.00401274161413312 0.00037752711796201766 
vn 0.0067248898558318615 -0.007276512216776609 0.001352120190858841 
vn 0.008617942221462727 -0.0038923348765820265 0.003252814756706357 
vn 0.0096571184694767 -0.002060593105852604 -0.0015792448539286852 
vn 0.007945891469717026 -0.0020178162958472967 0.0057263621129095554 
vn 0.005630989093333483 -0.008186643943190575 0.0011273054406046867 
vn 0.004205435048788786 -0.008211658336222172 0.003857848234474659 
vn 0.003986089490354061 -0.007246470078825951 0.005621366668492556 
vn 0.0017856353661045432 -0.008161473087966442 0.0054956222884356976 
vn 0.006237344816327095 -0.003972680773586035 0.006731518544256687 
vn 0.0037764974404126406 -0.003892333945259452 0.008401654660701752 
vn 0.0015419624978676438 -0.0020605912432074547 0.009663142263889313 
vn -0.0010917243780568242 -0.007276511285454035 0.006772039923816919 
vn -0.0011457392247393727 -0.008236514404416084 0.00555401761084795 
vn -0.005679704714566469 -0.007276511751115322 0.003846211126074195 
vn -0.004659143276512623 -0.008285757154226303 0.0031046115327626467 
vn -0.005608906038105488 -0.008211658336222172 -0.0010530119761824608 
vn -0.006709577050060034 -0.007276512682437897 -0.0014261634787544608 
vn -0.0041349888779222965 -0.008236516267061234 -0.0038809364195913076 
vn -0.0038461005315184593 -0.007216292433440685 -0.005756095051765442 
vn -0.0010715483222156763 -0.008236516267061234 -0.00556880421936512 
vn 0.001443846384063363 -0.0072464719414711 -0.006738245487213135 
vn -0.00009446254262002185 -0.003972683101892471 -0.009176538325846195 
vn -0.0030527254566550255 -0.00421187886968255 -0.008540547452867031 
vn 0.000037759939004899934 -0.0015449230559170246 -0.009879867546260357 
vn -0.0053773559629917145 -0.0024860536213964224 -0.008056276477873325 
vn -0.006719042081385851 -0.004211878404021263 -0.006092171650379896 
vn -0.009056123904883862 -0.0017603827873244882 -0.003858453594148159 
vn -0.008358743041753769 -0.004052725620567799 -0.0037022726610302925 
vn -0.009548407979309559 -0.0024437063839286566 0.0016900309128686786 
vn -0.008974846452474594 -0.004409002605825663 -0.00011323947546770796 
vn -0.008436610922217369 -0.0038520493544638157 0.0037396932020783424 
vn -0.006692866794764996 -0.003972680773586035 0.006278801243752241 
vn -0.00574166513979435 -0.0020178158301860094 0.007934840396046638 
vn -0.003233168972656131 -0.003932544495910406 0.008607073687016964 
vn -0.0003211127477698028 -0.0039726803079247475 0.009171406738460064 
vn 0.003167848102748394 0.004949463531374931 0.00809120200574398 
vn 0.0037354426458477974 0.0015017390251159668 0.009153755381703377 
vn -0.0017406432889401913 0.00513810059055686 0.008400600403547287 
vn -0.00003773920252569951 0.001242062309756875 0.009922492317855358 
vn -0.00397968664765358 0.0017603837186470628 0.00900350697338581 
vn -0.007035754155367613 0.005361219868063927 0.004664277657866478 
vn 0.00621916214004159 0.005025206599384546 0.006005773786455393 
vn 0.007158173713833094 0.0014152855146676302 0.00683794729411602 
vn 0.009013372473418713 0.0015880765859037638 0.004029533360153437 
vn 0.009036908857524395 -0.002060592407360673 0.003753429977223277 
vn 0.006999155972152948 -0.002103328239172697 0.006825528107583523 
vn 0.003771744901314378 -0.0021033277735114098 0.009019420482218266 
vn -0.00011329621338518336 -0.0020605912432074547 0.009784739464521408 
vn -0.003751456504687667 -0.0019750013016164303 0.00905681774020195 
vn -0.00681048259139061 0.0015449225902557373 0.0071575515903532505 
vn -0.009195004589855671 0.0015449220081791282 0.0036145681515336037 
vn -0.006838315632194281 -0.002017816063016653 0.0070118373259902 
vn -0.009036908857524395 -0.002060592407360673 0.003753429977223277 
vn -0.009877342730760574 0.001544921426102519 0.0002265400835312903 
vn -0.009785103611648083 -0.0020605928730219603 0.00007553207979071885 
vn -0.009096099063754082 0.0014585242606699467 -0.0038902037777006626 
vn -0.009069605730473995 -0.0021033298689872026 -0.003649418707937002 
vn -0.007063878700137138 0.0015017364639788866 -0.006917109247297049 
vn -0.006919561419636011 -0.00210333033464849 -0.006906204856932163 
vn 0.008472088724374771 0.005025205668061972 0.0017236650455743074 
vn -0.008380243554711342 0.005212872289121151 -0.0016116694314405322 
vn -0.006054280791431665 0.005212871823459864 -0.0060142879374325275 
vn -0.003997826017439365 0.0015449199127033353 -0.009034966118633747 
vn -0.0037882793694734573 -0.002060594502836466 -0.009022355079650879 
vn 0.00007548397843493149 0.0014152828371152282 -0.009899054653942585 
vn -0.000037766152672702447 -0.002060594502836466 -0.009785321541130543 
vn -0.0016870092367753386 0.005062932148575783 -0.008456991985440254 
vn -0.0011959074763581157 -0.009919826872646809 -0.00040844990871846676 
vn -0.0013048554537817836 -0.009914210997521877 -0.00007599756645504385 
vn -0.0010484287049621344 -0.009914210997521877 -0.0007805246277712286 
vn -0.0012872096849605441 -0.009914210997521877 0.00022697140229865909 
vn -0.0011385863181203604 -0.009919826872646809 0.0005483158747665584 
vn -0.000781422306317836 -0.009908405132591724 0.0011013132752850652 
vn -0.000840166409034282 -0.009914210997521877 -0.0010012696729972959 
vn -0.0004966796841472387 -0.009919826872646809 -0.0011620383011177182 
vn -0.00022696978703606874 -0.009914210997521877 -0.0012872080551460385 
vn 0.0000759991817176342 -0.009914210997521877 -0.001304853823967278 
vn 0.0007805262575857341 -0.009914210997521877 -0.0010484270751476288 
vn 0.0003905157500412315 -0.009919826872646809 -0.0012018822599202394 
vn 0.0010012713028118014 -0.009914210997521877 -0.0008401648374274373 
vn 0.0011544798035174608 -0.009919826872646809 -0.0005140059511177242 
vn 0.0013312940718606114 -0.009908405132591724 -0.0002261943300254643 
vn 0.0013916100142523646 -0.009902410209178925 0.00007545251719420776 
vn 0.0011831532465294003 -0.009919826872646809 0.00044404645450413227 
vn 0.0011831532465294003 -0.009919826872646809 0.00044404645450413227 
vn 0.0010068953270092607 -0.009908405132591724 0.0008998183184303343 
vn 0.0007821006583981216 -0.009902410209178925 0.001153513789176941 
vn 0.00044499587966129184 -0.009902410209178925 0.0013207022566348314 
vn 0.000018904735043179244 -0.009919826872646809 0.0012635956518352032 
vn 0.000018904735043179244 -0.009919826872646809 0.0012635956518352032 
vn -0.0010012713028118014 -0.009914210997521877 0.0008401680388487875 
vn -0.0004460000491235405 -0.009908405132591724 0.001274596550501883 
vn 0.000018904735043179244 -0.009919826872646809 0.0012635956518352032 
vn 0.000018904735043179244 -0.009919826872646809 0.0012635956518352032 
vn 0.009917043149471283 0.001285404316149652 -2.0941934297802334e-10 
vn 0.009785395115613937 -0.0020605928730219603 3.3571384561170703e-10 
vn 0.009007668122649193 -0.0020605935715138912 -0.003823071951046586 
vn 0.00909506157040596 0.0016311993822455406 -0.0038234854582697153 
vn 0.006892823148518801 -0.00210333033464849 -0.00693289190530777 
vn 0.006911559496074915 0.0012854031519964337 -0.007111826911568642 
vn 0.003701927373185754 -0.0021033308003097773 -0.009048299863934517 
vn 0.0037197554484009743 0.0015449199127033353 -0.009152958169579506 
vn -0.000037766152672702447 -0.002060594502836466 -0.009785321541130543 
vn 0.00007548397843493149 0.0014152828371152282 -0.009899054653942585 
vn 0.003343639662489295 0.005062932148575783 -0.007949012331664562 
vn -0.0016870092367753386 0.005062932148575783 -0.008456991985440254 
vn 0.008016109466552734 0.005025205202400684 -0.0032387194223701954 
vn 0.006142710335552692 0.004835139028728008 -0.00623606750741601 
vn 0.0009336139773949981 0.00981576181948185 -0.00166708929464221 
vn 0.0005664384225383401 0.009940397925674915 -0.0009314699564129114 
vn 0.0004247557371854782 0.009862475097179413 -0.0015972387045621872 
vn 0 0.009999999776482582 -1.629209989140179e-9 
vn 0.0007993480539880693 0.009965559467673302 -0.00022060764604248106 
vn 0.0012730987509712577 0.009914210997521877 0.00029604483279399574 
vn 0.0022790306247770786 0.009722934104502201 0.0005201722378842533 
vn 0.002712915651500225 0.009535891935229301 0.0013064696686342359 
vn 0.0015325082931667566 0.009855159558355808 0.0007261178107000887 
vn 0.0022533247247338295 0.009439349174499512 0.0024127201177179813 
vn 0.0013007677625864744 0.009824017062783241 0.0013404068304225802 
vn 0.00155882746912539 0.009522643871605396 0.002624749206006527 
vn 0.0008909484604373574 0.009847655892372131 0.0014932792400941253 
vn 0.00001872122629720252 0.009742990136146545 0.002252505859360099 
vn 0.00005563820741372183 0.009919826872646809 0.0012625084491446614 
vn 0.0013887479435652494 0.009896226227283478 -0.00036889693001285195 
vn -0.0009171628043986857 0.009691457264125347 0.002287895418703556 
vn -0.0004941965453326702 0.0099024111405015 0.001303087454289198 
vn -0.0007598440279252827 0.009855159558355808 0.0015160683542490005 
vn -0.00041403851355426013 0.009953834116458893 0.0008658864535391331 
vn -0.0017803208902478218 0.009839964099228382 0.00007461594941560179 
vn -0.0010025841183960438 0.009949545376002789 0.00003707068754010834 
vn -0.0027537280693650246 0.00961154606193304 -0.00018754377379082143 
vn -0.0015647279797121882 0.009876541793346405 -0.00007453879516106099 
vn -0.002428163541480899 0.009669546969234943 -0.0007770983502268791 
vn -0.0013558329083025455 0.009896226227283478 -0.00047583968262188137 
vn -0.0017500862013548613 0.009611545130610466 -0.002134336857125163 
vn -0.0009683475363999605 0.00987654086202383 -0.0012313557090237737 
vn -0.001067088800482452 0.00948181003332138 -0.002992757596075535 
vn -0.000621114915702492 0.009839964099228382 -0.0016701292479410768 
vn -0.000018818660464603454 0.00942483264952898 -0.0033424790017306805 
vn -1.9758959906749718e-16 0.00981576181948185 -0.001910712686367333 
vn 0.0006880115251988173 0.009561839513480663 -0.0028456738218665123 
vn 0.008066531270742416 0.0007638976676389575 -0.0058606774546206 
vn 0.008364755660295486 -0.0014152852818369865 -0.005294130649417639 
vn 0.008226950652897358 -0.0015017384430393577 -0.005482888780534267 
vn 0.007723051123321056 -0.0029067674186080694 -0.005648467224091291 
vn 0.007219302002340555 -0.0028649326413869858 -0.0062987166456878185 
vn 0.006295427214354277 -0.0024437077809125185 -0.007375356741249561 
vn -0.005525846034288406 -0.0029067653231322765 0.007811257615685463 
vn -0.005835249554365873 0.006747397128492594 0.004519125446677208 
vn -0.009298820048570633 0.00098153087310493 0.003545215353369713 
vn -0.008190028369426727 0.00278109940700233 0.005018855445086956 
vn -0.009939241223037243 -0.0010684574954211712 0.0002643615589477122 
vn -0.009293757379055023 -0.003156582824885845 -0.0019136479822918773 
vn -0.008419767953455448 -0.004873340949416161 -0.002314747776836157 
vn -0.008055328391492367 -0.0058672428131103516 -0.000828936870675534 
vn -0.007339964620769024 -0.005398050881922245 0.0041214036755263805 
vn -0.006906620226800442 -0.006215357221662998 0.0036970162764191628 
vn -0.0067771137692034245 -0.006452018395066261 -0.003527349093928933 
vn -0.006994273513555527 -0.007063339464366436 -0.0010905807139351964 
vn -0.006792414002120495 -0.006907016504555941 -0.0024811746552586555 
vn -0.0070668961852788925 -0.00684355990961194 -0.0017957367235794663 
vn -0.0047987401485443115 -0.002654951298609376 0.008362017571926117 
vn -0.00893021933734417 -0.004487268626689911 -0.0003399965353310108 
vn -0.008835280314087868 -0.004526273813098669 -0.0012044390896335244 
vn -0.009046697057783604 -0.004052725154906511 -0.0013163159601390362 
vn -0.008672300726175308 -0.0032806883100420237 -0.003745434107258916 
vn -0.008232357911765575 -0.0029902698006480932 -0.00482561532407999 
vn 0.0016615733038634062 0.00961154606193304 0.0022039411123842 
vn -0.002912060357630253 0.009185682982206345 0.0026726634241640568 
vn 0.0006684041582047939 0.009635298512876034 0.0025911876000463963 
vn -0.0032200482673943043 0.008742782287299633 0.003632497740909457 
vn -0.005875307135283947 0.007901282981038094 0.0017465668497607112 
vn -0.006607509218156338 0.006650074850767851 0.0034809953067451715 
vn -0.006087645888328552 0.007901282049715519 -0.0007143554394133389 
vn 0.008848878554999828 0.004642766900360584 0.00037691491888836026 
vn 0.00910118967294693 0.004132459405809641 0.0003018749412149191 
vn 0.008576109074056149 0.005062933545559645 -0.0009039155556820333 
vn 0.009675455279648304 0.0024860522244125605 -0.00045288167893886566 
vn 0.008917320519685745 0.003932545892894268 -0.002239747205749154 
vn 0.009392200969159603 0.0015880754217505455 -0.0030437761452049017 
vn 0.008943787775933743 0.002990268636494875 -0.003326702630147338 
vn 0.009400877170264721 0.0007203246932476759 -0.003332362975925207 
vn 0.009737860411405563 0.0021460256539285183 0.0007540819351561368 
vn 0.008438238874077797 0.00006554128049174324 0.005365801975131035 
vn 0.0069032390601933 0.0024437077809125185 0.006809815298765898 
vn 0.007734205573797226 0.003445281647145748 0.005320910830050707 
vn 0.005648522172123194 -0.0034452821128070354 -0.007498281542211771 
vn 0.002190986182540655 -0.002316394355148077 -0.009478074498474598 
vn 0.00677262619137764 -0.006650074850767851 -0.003147704526782036 
vn 0.006310147233307362 -0.0071249292232096195 -0.0030687821563333273 
vn 0.004428377375006676 -0.007765498943626881 -0.004481796640902758 
vn -0.008052435703575611 -0.0023588752374053 0.005440035369247198 
vn -0.00932131428271532 -0.0001966093695955351 0.003615859430283308 
vn -0.009937907569110394 0.0008510009502060711 0.0007167953881435096 
vn -0.009967477060854435 0.0002839724184013903 0.0007541686063632369 
vn -0.009510908275842667 0.0012420602142810822 -0.0028284117579460144 
vn -0.006792398635298014 -0.002906767651438713 -0.006738992873579264 
vn -0.00966697372496128 -0.00032764615025371313 -0.0025381639134138823 
vn -0.0022081935312598944 0.0007638970855623484 -0.009723185561597347 
vn -0.009275734424591064 0.00176038162317127 -0.0032957259099930525 
vn -0.009990070946514606 0.0003276456845924258 -0.00030186816002242267 
vn -0.00979262962937355 -0.00006554007268277928 0.0020248715300112963 
vn -0.00992531143128872 -0.0011986932950094342 0.00022653797350358218 
vn -0.007591526489704847 0.003892334410920739 -0.00521713076159358 
vn -0.008614294230937958 0.0021460249554365873 -0.004603099077939987 
vn -0.006904798559844494 0.0023588750045746565 -0.006838088855147362 
vn -0.0061776842921972275 0.004409001674503088 -0.006511291954666376 
vn -0.006322916597127914 -0.007482878398150206 -0.0020068022422492504 
vn 0.00024555891286581755 -0.008678402751684189 -0.0049623604863882065 
vn -0.005791359581053257 -0.007792954333126545 -0.002393745817244053 
vn -0.0017502163536846638 -0.008007198572158813 -0.005729007069021463 
vn 0.005648522172123194 -0.0034452821128070354 -0.007498281542211771 
vn 0.006310147233307362 -0.0071249292232096195 -0.0030687821563333273 
vn 0.004428377375006676 -0.007765498943626881 -0.004481796640902758 
vn 0.005971618462353945 0.006551608443260193 -0.004627765156328678 
vn 0.009287724271416664 0.003280687378719449 -0.0017248941585421562 
vn 0.008647549897432327 0.004565191920846701 -0.0020925807766616344 
vn 0.009584265761077404 -0.0017603818560019135 0.00224564247764647 
vn 0.009983147494494915 0.00024029331689234823 -0.0005282346392050385 
vn 0.009965491481125355 -0.000021846806703251787 0.0008297525346279144 
vn 0.009953356347978115 0.0008074574288912117 -0.0005279298638924956 
vn 0.009663625620305538 0.0011118913535028696 0.0023190604988485575 
vn 0.00980981532484293 0.0017173539381474257 -0.0009045542101375759 
vn 0.009754400700330734 0.0011553028598427773 -0.0018753489712253213 
vn 0.009287724271416664 0.003280687378719449 -0.0017248941585421562 
vn 0.009557511657476425 0.002906766487285495 -0.000452420354122296 
vn 0.008647549897432327 0.004565191920846701 -0.0020925807766616344 
vn 0.009364272467792034 0.0008510003099218011 -0.0034038517624139786 
vn 0.009772533550858498 0.0013287230394780636 -0.0016529004788026214 
vn -0.007591526489704847 0.003892334410920739 -0.00521713076159358 
vn -0.0017615290125831962 0.004719985648989677 -0.008638214319944382 
vn -0.003223730018362403 0.0012420591665431857 -0.009384287521243095 
vn -0.00152284384239465 -0.002017818856984377 -0.009675192646682262 
vn -0.006792398635298014 -0.002906767651438713 -0.006738992873579264 
vn -0.0022081935312598944 0.0007638970855623484 -0.009723185561597347 
vn 0.002830227604135871 -0.0016742944717407227 -0.009443862363696098 
vn 0.0010355761041864753 0.004211875610053539 -0.009010421112179756 
vn -0.0006037835264578462 -0.00002184856748499442 -0.0099817318841815 
vn 0.002190986182540655 -0.002316394355148077 -0.009478074498474598 
vn 0.005648522172123194 -0.0034452821128070354 -0.007498281542211771 
vn -0.0017502163536846638 -0.008007198572158813 -0.005729007069021463 
vn 0.0026980596594512463 0.00273910048417747 -0.00923134945333004 
vn 0.0028499856125563383 0.004987380001693964 -0.008185573853552341 
vn 0.0025754296220839024 0.005796253215521574 -0.007731146179139614 
vn 0.004428377375006676 -0.007765498943626881 -0.004481796640902758 
vn 0.00024555891286581755 -0.008678402751684189 -0.0049623604863882065 
vn -0.008614294230937958 0.0021460249554365873 -0.004603099077939987 
vn -0.0061776842921972275 0.004409001674503088 -0.006511291954666376 
vn 0.0028499856125563383 0.004987380001693964 -0.008185573853552341 
vn 0.0025754296220839024 0.005796253215521574 -0.007731146179139614 
vn 0.0031401801388710737 0.005796253215521574 -0.007519489154219627 
vn -0.0010547920828685164 -0.0010250021005049348 0.009891248308122158 
vn 0.0012791972840204835 -0.0004149714077357203 0.009909160435199738 
vn -0.0008293677819892764 -0.003852048423141241 0.009190967306494713 
vn 0.0003019471769221127 -0.0034862649627029896 0.009367752820253372 
vn 0.003960913047194481 -0.0017173525411635637 0.009020081721246243 
vn 0.0031322308350354433 0.0019321524305269122 0.009298167191445827 
vn 0.0011867936700582504 0.0004586268332786858 0.009918728843331337 
vn 0.0028089594561606646 0.0018033783417195082 0.009426429867744446 
vn 0.0018381713889539242 -0.001588074374012649 0.00970047153532505 
vn 0.0011300384066998959 0.00024029501946642995 0.009933039546012878 
vn 0.0027027823962271214 -0.0023163913283497095 0.009345014579594135 
vn 0.0016139294020831585 0.003568036248907447 -0.009201323613524437 
vn 0.0031401801388710737 0.005796253215521574 -0.007519489154219627 
vn 0.0025754296220839024 0.005796253215521574 -0.007731146179139614 
vn -0.005479817278683186 0.004604022484272718 -0.006983879953622818 
vn -0.005479817278683186 0.004604022484272718 -0.006983879953622818 
vn -0.005479817278683186 0.004604022484272718 -0.006983879953622818 
vn -0.005799297243356705 0.00041497169877402484 -0.008136089891195297 
vn -0.005187390372157097 0.0005459010717459023 -0.008531879633665085 
vn -0.0026651197113096714 -0.0026970545295625925 -0.009253270924091339 
vn -0.0018300783121958375 -0.007276513613760471 -0.006610836833715439 
vn -0.001614467822946608 -0.0054347822442650795 -0.008237513713538647 
vn -0.00687404116615653 0.004251465201377869 -0.005888344720005989 
vn -0.007135129068046808 0.004409001674503088 -0.005445240065455437 
vn 0.0009597319294698536 0.009949545376002789 -0.00029234401881694794 
vn 0.0011239016894251108 0.009935540147125721 0.00014796285540796816 
vn 0.0015005137538537383 0.00981576181948185 0.001182907959446311 
vn 0.001732637407258153 0.009680595248937607 0.0018121952889487147 
vn 0.002719511976465583 -0.002654951298609376 0.009249621070921421 
vn -0.00007548506982857361 -0.001717352424748242 0.009851142764091492 
vn 0.008438238874077797 0.00006554128049174324 0.005365801975131035 
vn 0.0011478690430521965 0.0013720185961574316 0.009838697500526905 
vn 0.0069032390601933 0.0024437077809125185 0.006809815298765898 
vn 0.007734205573797226 0.003445281647145748 0.005320910830050707 
vn 0.0063230302184820175 0.005025206599384546 0.005896320100873709 
vn -0.006906620226800442 -0.006215357221662998 0.0036970162764191628 
vn -0.007339964620769024 -0.005398050881922245 0.0041214036755263805 
vn -0.0047987401485443115 -0.002654951298609376 0.008362017571926117 
vn -0.002720976248383522 0.0007203268469311297 0.009595697745680809 
vn -0.0003016508126165718 0.0029485474806278944 0.009550658985972404 
vn -0.0033679213374853134 0.0007203267887234688 0.009388196282088757 
vn -0.003365667536854744 0.0008074590004980564 0.009381912648677826 
vn -0.009917276911437511 0.001111891120672226 0.0006413423689082265 
vn -0.007113441359251738 -0.0027391009498387575 0.006472734268754721 
vn -0.009982003830373287 -0.00028397218557074666 0.0005281741614453495 
vn -0.007610555738210678 -0.0030319341458380222 0.005734703037887812 
vn -0.004364457447081804 -0.004092629998922348 0.008012608624994755 
vn -0.0004341139574535191 -0.0034452793188393116 0.009377717971801758 
vn -0.0069540804252028465 -0.003280686680227518 0.006393579766154289 
vn -0.0010656343074515462 0.009908405132591724 0.0008294148719869554 
vn 0.0011829095892608166 0.009815762750804424 0.0015005121240392327 
vn 0.005160584580153227 0.007216291967779398 0.004614486824721098 
vn 0.005568074993789196 0.004526274744421244 0.006964867003262043 
vn -0.006716400850564241 0.0032393799629062414 -0.0066630602814257145 
vn -0.005187390372157097 0.0005459010717459023 -0.008531879633665085 
vn -0.00687404116615653 0.004251465201377869 -0.005888344720005989 
vn 0.005482384469360113 -0.003972680773586035 0.0073594339191913605 
vn 0.005801956169307232 -0.0002839709632098675 0.008139819838106632 
vn -0.0004341139574535191 -0.0034452793188393116 0.009377717971801758 
vn 0.00457628583535552 -0.00041497155325487256 0.008881745859980583 
vn -0.007113441359251738 -0.0027391009498387575 0.006472734268754721 
vn -0.004364457447081804 -0.004092629998922348 0.008012608624994755 
vn 0.005160584580153227 0.007216291967779398 0.004614486824721098 
vn 0.005568074993789196 0.004526274744421244 0.006964867003262043 
vn 0.007314905524253845 -0.006077498197555542 0.003091305959969759 
vn 0.003647936275228858 -0.0022738638799637556 0.009028959088027477 
vn 0.0035231627989560366 0.0018033783417195082 0.009183417074382305 
vn 0.007522293366491795 -0.004719986580312252 0.004597481340169907 
vn 0.007314905524253845 -0.006077498197555542 0.003091305959969759 
vn -0.0008993452065624297 0.009935540147125721 0.000690090237185359 
vn -0.000942553800996393 0.009935540147125721 0.0006297926884144545 
vn -0.00100984750315547 0.009930492378771305 0.0006045972113497555 
vn -0.001152334618382156 0.009925254620611668 0.0004018093168269843 
vn -0.004870877135545015 -0.002060594270005822 -0.008486961014568806 
vn -0.004870877135545015 -0.002060594270005822 -0.008486961014568806 
vn -0.004870877135545015 -0.002060594270005822 -0.008486961014568806 
vn 0.005857639946043491 0.007482878398150206 0.0031136125326156616 
vn 0.0027260687202215195 0.009467837400734425 0.0017113154754042625 
vn 0.005167120136320591 0.008085031062364578 0.002816584659740329 
vn 0.0020155494567006826 0.009702134877443314 0.0013439274625852704 
vn 0.0012662479421123862 0.0087214894592762 0.004725700244307518 
vn 0.0012662479421123862 0.0087214894592762 0.004725700244307518 
vn 0.0012662479421123862 0.0087214894592762 0.004725700244307518 
vn -0.00538303516805172 -0.00315658375620842 -0.007814020849764347 
vn -0.007261996157467365 -0.002273866441100836 -0.006487907376140356 
vn -0.002425343031063676 -0.0040127430111169815 -0.008832643739879131 
vn 0.0009825935121625662 -0.009930492378771305 -0.0006479502189904451 
vn 0.000975351023953408 -0.009935540147125721 -0.0005776996840722859 
vn 0.0009825935121625662 -0.009930492378771305 -0.0006479502189904451 
vn 0.000962569029070437 -0.00994039885699749 -0.0005118054104968905 
vn 0.004117150325328112 -0.008926864713430405 0.0018330748425796628 
vn 0.004117150325328112 -0.008926864713430405 0.0018330748425796628 
vn 0.004117150325328112 -0.008926864713430405 0.0018330748425796628 
vn -0.007207537069916725 0.0008945268928073347 -0.006873952690511942 
vn -0.004692276008427143 -0.004092632792890072 -0.007825145497918129 
vn -0.004494458436965942 -0.004290975164622068 -0.007835009135305882 
vn -0.007207537069916725 0.0008945268928073347 -0.006873952690511942 
vn -0.004692276008427143 -0.004092632792890072 -0.007825145497918129 
vn -0.007221316918730736 0.0009815291268751025 -0.006847568321973085 
vn 0.007740492932498455 -0.005398052278906107 -0.0033084447495639324 
vn 0.005403235089033842 -0.008406086824834347 -0.0003778296522796154 
vn 0.007314905524253845 -0.006077498197555542 0.003091305959969759 
vn 0.006075707729905844 -0.007626008242368698 0.0022203107364475727 
vn 0.0036628611851483583 -0.009302261285483837 0.0002266616647830233 
vn 0.004038256127387285 -0.009133082814514637 0.0005284662474878132 
vn 0.0010708767222240567 -0.009935540147125721 0.0003718505322467536 
vn 0.0008292311686091125 -0.009965559467673302 1.6235989219737235e-9 
vn -0.0005046331789344549 -0.009869602508842945 0.0015284951077774167 
vn 0.000395143695641309 -0.009869602508842945 0.001560388715006411 
vn 0.00039550752262584865 -0.009395264089107513 0.0034018505830317736 
vn -0.005799297243356705 0.00041497169877402484 -0.008136089891195297 
vn -0.006810631137341261 0.0026549515314400196 -0.0068239676766097546 
vn -0.005187390372157097 0.0005459010717459023 -0.008531879633665085 
vn -0.006716400850564241 0.0032393799629062414 -0.0066630602814257145 
vn -0.008535650558769703 0.0024437059182673693 -0.004601191263645887 
vn -0.008576455526053905 0.0026128010358661413 -0.004429185763001442 
vn -0.009539385326206684 -0.0007638991228304803 -0.0029011352453380823 
vn -0.008610177785158157 -0.002823042683303356 -0.004230278544127941 
vn -0.007043614983558655 -0.005902569741010666 -0.003942988347262144 
vn -0.006906620226800442 -0.006215358152985573 -0.0036970144137740135 
vn -0.007467042189091444 0.00436974223703146 -0.005014841444790363 
vn -0.007467042189091444 0.00436974223703146 -0.005014841444790363 
vn -0.007467042189091444 0.00436974223703146 -0.005014841444790363 
vn -0.0054765623062849045 -0.0008074561483226717 0.008327982388436794 
vn -0.004605049267411232 -0.0022738638799637556 0.008580388501286507 
vn -0.0016687385505065322 -0.005972882267087698 0.007844742387533188 
vn -0.003990137949585915 -0.0044481768272817135 0.00801826175302267 
vn -0.003990137949585915 -0.0044481768272817135 0.00801826175302267 
vn -0.0050036730244755745 -0.0031565811950713396 0.00806221179664135 
vn -0.005891167558729649 -0.000763897318392992 0.008044290356338024 
vn -0.0057687051594257355 -0.000763897318392992 0.008132558315992355 
vn 0.003523988416418433 -0.00693854596465826 0.006279975175857544 
vn 0.00813875813037157 -0.003690180601552129 0.004488114733248949 
vn 0.007522293366491795 -0.004719986580312252 0.004597481340169907 
vn 0.006075707729905844 -0.007626008242368698 0.0022203107364475727 
vn 0.007314905524253845 -0.006077498197555542 0.003091305959969759 
vn 0.008049137890338898 -0.005100565496832132 -0.003032424720004201 
vn 0.007740492932498455 -0.005398052278906107 -0.0033084447495639324 
vn 0.008157873526215553 -0.0037307566963136196 -0.0044193388894200325 
vn 0.007402398157864809 -0.004132459871470928 -0.005303515587002039 
vn 0.005672229453921318 0.008007196709513664 -0.0019262934802100062 
vn 0.003683364950120449 0.009168324060738087 -0.0015409906627610326 
vn 0.0022597727365791798 0.009509214200079441 -0.002113831229507923 
vn 0.0004200554976705462 0.00993049144744873 -0.0010994946351274848 
vn 0.0015182665083557367 0.00957454089075327 -0.0024541879538446665 
vn 0.0007869319524616003 0.00898517295718193 0.004318264778703451 
vn -0.00492171011865139 0.008522404357790947 0.0017735258443281054 
vn -0.005086321849375963 0.0035271868109703064 0.007854188792407513 
vn -0.008234848268330097 0.0005459034000523388 0.005647057667374611 
vn -0.008234848268330097 0.0005459034000523388 0.005647057667374611 
vn -0.008234848268330097 0.0005459034000523388 0.005647057667374611 
vn 0.0058330390602350235 0.0020178158301860094 -0.007867914624512196 
vn 0.00651553925126791 0.0002402921672910452 -0.007582216989248991 
vn 0.007483660709112883 0.00019660888938233256 -0.006629945244640112 
vn 0.008040954358875751 0.0018033758969977498 -0.005664881784468889 
vn 0.008518317714333534 -0.0000655412586638704 -0.0052377451211214066 
vn 0.003518421435728669 0.0031150910072028637 -0.008827055804431438 
vn 0.0032886359840631485 0.003156580962240696 -0.008900610730051994 
vn 0.003974408842623234 0.002358874538913369 -0.008867908269166946 
vn 0.006295427214354277 -0.0024437077809125185 -0.007375356741249561 
vn 0.007219302002340555 -0.0028649326413869858 -0.0062987166456878185 
vn 0.004560460802167654 -0.00756918964907527 -0.004680765327066183 
vn 0.004598516970872879 -0.008826283738017082 -0.0009748692391440272 
vn 0.004195446148514748 -0.0087214894592762 -0.0025167162530124187 
vn 0.003757381346076727 -0.009041935205459595 -0.002031129552051425 
vn 0.003313484601676464 -0.009202865883708 -0.0020804035011678934 
vn 0.008040954358875751 0.0018033758969977498 -0.005664881784468889 
vn 0.008518317714333534 -0.0000655412586638704 -0.0052377451211214066 
vn 0.008861067704856396 -0.0007203260320238769 -0.004578494466841221 
vn 0.008082173764705658 -0.0038923360407352448 -0.004419070202857256 
vn 0.0058330390602350235 0.0020178158301860094 -0.007867914624512196 
vn 0.007483660709112883 0.00019660888938233256 -0.006629945244640112 
vn -0.0025184201076626778 0.00961154606193304 -0.0011294924188405275 
vn -0.003428736701607704 0.008826282806694508 -0.00321566523052752 
vn -0.004581908229738474 0.008846737444400787 0.0008610120275989175 
vn -0.0041508120484650135 0.009097144939005375 -0.00011276834993623197 
vn -0.005835249554365873 0.006747397128492594 0.004519125446677208 
vn 0.0019275762606412172 0.009798689745366573 0.0005197309656068683 
vn -0.003987036179751158 0.0057962555438280106 0.007106825243681669 
vn -0.004542770329862833 0.007927987724542618 -0.0040632798336446285 
vn -0.0038814914878457785 0.008236514404416084 -0.004134470596909523 
vn 0.001095872838050127 0.0090971440076828 -0.004005125258117914 
vn 0.007379423826932907 0.006485338322818279 -0.0018666773103177547 
vn 0.003523988416418433 -0.00693854596465826 0.006279975175857544 
vn 0.00813875813037157 -0.003690180601552129 0.004488114733248949 
vn 0.0013902329374104738 -0.005796252749860287 0.008029364980757236 
vn -0.004204705357551575 0.00635131960734725 0.006479289848357439 
vn -0.004932771436870098 0.006351319141685963 0.005943778902292252 
vn -0.002194549422711134 0.006077500060200691 0.00763203389942646 
vn -0.003328372724354267 -0.006907016970217228 -0.006419894751161337 
vn -0.001424214686267078 -0.007874426431953907 -0.005997085012495518 
vn -0.0016428636154159904 -0.007765498943626881 -0.006082599516957998 
vn 0.0010503617813810706 -0.008545181713998318 -0.005086905788630247 
vn 0.008686291985213757 0.004949462134391069 -0.00022620211530011147 
vn 0.007379423826932907 0.006485338322818279 -0.0018666773103177547 
vn 0.00819362048059702 0.005724822636693716 -0.00030164243071340024 
vn 0.0019275762606412172 0.009798689745366573 0.0005197309656068683 
vn 0.0043743206188082695 -0.003321930533275008 0.00835644081234932 
vn 0.0036754109896719456 -0.004987380001693964 0.007849674671888351 
vn 0.004440081771463156 -0.0035680364817380905 0.00821917224675417 
vn 0.003446861868724227 -0.005398050416260958 0.007679856847971678 
vn -0.00316829327493906 -0.003156580962240696 0.008944155648350716 
vn -0.003123694099485874 -0.004211876075714827 0.008514847606420517 
vn -0.005525846034288406 -0.0029067653231322765 0.007811257615685463 
vn -0.005835249554365873 0.006747397128492594 0.004519125446677208 
vn -0.003987036179751158 0.0057962555438280106 0.007106825243681669 
vn -0.008190028369426727 0.00278109940700233 0.005018855445086956 
vn 0.005160584580153227 0.007216291967779398 0.004614486824721098 
vn 0.009127823635935783 0.00098153087310493 0.003964773379266262 
vn 0.00457628583535552 -0.00041497155325487256 0.008881745859980583 
vn 0.009290548972785473 0.00032764632487669587 0.003684882540255785 
vn 0.009734362363815308 -0.0011986930621787906 0.0019507225370034575 
vn -0.008535650558769703 0.0024437059182673693 -0.004601191263645887 
vn -0.006716400850564241 0.0032393799629062414 -0.0066630602814257145 
vn -0.006810631137341261 0.0026549515314400196 -0.0068239676766097546 
vn 0.003605837468057871 0.007124927826225758 -0.006019413471221924 
vn 0.004517810419201851 0.008310141041874886 -0.0032451406586915255 
vn 0.0040274313651025295 0.0070012095384299755 -0.005896003916859627 
vn 0.004391704685986042 0.008429672569036484 -0.003107016207650304 
vn 0.004534738138318062 0.00888714101165533 0.0006744454731233418 
vn 0.004794689826667309 0.008721488527953625 0.0009729263256303966 
vn 0.00007501416257582605 0.00981576181948185 -0.001909239566884935 
vn -0.0012205623788759112 0.00957454089075327 -0.0026150334160774946 
vn -0.005727028474211693 0.005212873686105013 0.006326697301119566 
vn -0.006061204709112644 0.005831805057823658 0.005408497527241707 
vn -0.006158075761049986 0.006077499594539404 0.0050141895189881325 
vn -0.009723595343530178 0.0018463372252881527 0.0014292418491095304 
vn -0.00975271686911583 0.0021033294033259153 0.0006786139565519989 
vn -0.00974193774163723 0.0019321510335430503 0.0011668059742078185 
vn -0.009750242345035076 0.002188680926337838 0.00037742062704637647 
vn -0.0009001886937767267 0.00811066571623087 -0.005779858212918043 
vn -0.0032997000962495804 0.008236514404416084 -0.004612136632204056 
vn -0.0012883651070296764 0.008186643011868 -0.005596336908638477 
vn -0.004010083619505167 0.008136147633194923 -0.004209790378808975 
vn 0.009778725914657116 0.0017603819724172354 -0.0011302971979603171 
vn 0.009122026152908802 0.00401274161413312 -0.0008285711519420147 
vn 0.009505156427621841 0.002948545617982745 -0.0009788086172193289 
vn 0.008483897894620895 0.005250109825283289 -0.0006781009724363685 
vn 0.007797026541084051 0.0006767390877939761 0.006224821321666241 
vn 0.005646452773362398 0.004211878404021263 0.007097721565514803 
vn 0.006917340215295553 0.002401315374299884 0.006810586433857679 
vn 0.006917340215295553 0.002401315374299884 0.006810586433857679 
vn 0.004684154875576496 0.005212873686105013 0.0071333469823002815 
vn 0.005646452773362398 0.004211878404021263 0.007097721565514803 
vn 0.0003394731611479074 0.006249526049941778 -0.007799242157489061 
vn 0.0003394731611479074 0.006249526049941778 -0.007799242157489061 
vn 0.0003394731611479074 0.006249526049941778 -0.007799242157489061 
vn 0.0007539576035924256 -0.0058318027295172215 0.008088363334536552 
vn -0.0022453342098742723 -0.00028397070127539337 0.009740525856614113 
vn -0.001577946124598384 -0.0034862649627029896 0.00923883356153965 
vn -0.005086321849375963 0.0035271868109703064 0.007854188792407513 
vn 0.0007869319524616003 0.00898517295718193 0.004318264778703451 
vn 0.0065921638160943985 -0.0024013156071305275 -0.0071258023381233215 
vn 0.006052613258361816 -0.003690182464197278 -0.007053256034851074 
vn 0.005954972002655268 -0.003972683101892471 -0.006982557009905577 
vn 0.0050612823106348515 -0.005544345360249281 -0.006606334820389748 
vn 0.0031660262029618025 -0.00870002806186676 0.0037796550896018744 
vn 0.008148575201630592 -0.005250109825283289 0.0024570447858422995 
vn 0.009030877612531185 -0.0030319346114993095 0.0030414836946874857 
vn 0.009111401624977589 -0.002612801268696785 0.0031867888756096363 
vn -0.009784391149878502 -0.0012854045489802957 -0.0016166054410859942 
vn -0.00913267396390438 -0.0037712601479142904 -0.0015400826232507825 
vn -0.0096571184694767 -0.002060593105852604 -0.0015792448539286852 
vn -0.008993093855679035 -0.00409263139590621 -0.0015409844927489758 
vn 0.002823467366397381 -0.008161473087966442 0.005041664931923151 
vn 0.0031660262029618025 -0.00870002806186676 0.0037796550896018744 
vn 0.0030632521957159042 -0.0077101425267755985 0.00558302691206336 
vn -0.004960046149790287 -0.0008510022307746112 -0.008641396649181843 
vn -0.004992544185370207 -0.0005459038657136261 -0.008647339418530464 
vn -0.005199880804866552 0.0008074560901150107 -0.008503484539687634 
vn -0.005290773697197437 0.0014585235621780157 -0.008359450846910477 
vn 0.00724543584510684 0.0037307569291442633 0.005795266479253769 
vn 0.007600375916808844 0.0032393818255513906 0.005633887834846973 
vn 0.00835571438074112 0.002060593804344535 0.005092738661915064 
vn 0.00039550752262584865 -0.009395264089107513 0.0034018505830317736 
vn 0.0010708767222240567 -0.009935540147125721 0.0003718505322467536 
vn -0.002964411163702607 -0.009410139173269272 0.001631427207030356 
vn 0.001299557858146727 -0.009115200489759445 0.0039018290117383003 
vn -0.002964411163702607 -0.009410139173269272 0.001631427207030356 
vn 0.009649497456848621 -0.0025706009473651648 -0.0005283962818793952 
vn 0.008612376637756824 0.0022312935907393694 -0.004565993789583445 
vn 0.009759107604622841 -0.0020178172271698713 -0.0008295980514958501 
vn 0.009162882342934608 0.002231293823570013 -0.003326097736135125 
vn 0.00775701180100441 0.002948544919490814 -0.005579861346632242 
vn -0.004204705357551575 0.00635131960734725 0.006479289848357439 
vn -0.0015730999875813723 0.006283579394221306 0.0076185292564332485 
vn -0.002194549422711134 0.006077500060200691 0.00763203389942646 
vn -0.0016092137666419148 0.006317510269582272 0.007582842372357845 
vn -0.0005659778835251927 -0.004330401308834553 -0.008995959535241127 
vn -0.00538303516805172 -0.00315658375620842 -0.007814020849764347 
vn -0.002425343031063676 -0.0040127430111169815 -0.008832643739879131 
vn 0.002838308457285166 -0.006418575067073107 -0.007123616058379412 
vn 0.004560460802167654 -0.00756918964907527 -0.004680765327066183 
vn 0.003415721468627453 -0.0060427431017160416 -0.007198478560894728 
vn 0.004195446148514748 -0.0087214894592762 -0.0025167162530124187 
vn 0.0026531079784035683 0.009522643871605396 -0.001510060392320156 
vn 0.0026531079784035683 0.009522643871605396 -0.001510060392320156 
vn 0.0026531079784035683 0.009522643871605396 -0.001510060392320156 
vn 0.005086555611342192 0.004132458008825779 -0.007553128059953451 
vn 0.0030777447391301394 0.0029902677051723003 -0.009032485075294971 
vn 0.0009048829087987542 0.0001529211294837296 -0.009957801550626755 
vn 0.00030202954076230526 -0.000021848569303983822 -0.009995413944125175 
vn 0.0011300041805952787 0.0021886792965233326 -0.009691892191767693 
vn 0.004487607628107071 0.006584557704627514 0.006041935179382563 
vn 0.00483685452491045 0.007185975555330515 0.004996658768504858 
vn 0.0053216153755784035 0.007980947382748127 0.002825755625963211 
vn 0.005473510827869177 0.008110667578876019 0.0020634352695196867 
vn 0.006790237966924906 0.007216291502118111 0.0013482591602951288 
vn 0.006981587037444115 0.00700121046975255 0.001496828394010663 
vn -0.006839542184025049 0.005724823568016291 0.004521842580288649 
vn -0.006331379525363445 0.006112140137702227 0.00474925059825182 
vn -0.006810866761952639 0.005760594271123409 0.004519695416092873 
vn -0.0062240492552518845 0.006181070581078529 0.004801622591912746 
vn -0.008835280314087868 -0.004526273813098669 -0.0012044390896335244 
vn -0.006792414002120495 -0.006907016504555941 -0.0024811746552586555 
vn -0.0070668961852788925 -0.00684355990961194 -0.0017957367235794663 
vn 0.005355550441890955 -0.007094202563166618 -0.004581524524837732 
vn 0.0076328967697918415 -0.004251467064023018 -0.004864556714892387 
vn 0.007385119795799255 -0.004681422375142574 -0.004852246027439833 
vn 0.0015935457777231932 0.005324285011738539 0.00831339880824089 
vn 0.001072399434633553 0.004172209650278091 0.00902455672621727 
vn 3.0518806730226887e-15 0.001717355684377253 0.009851430542767048 
vn -0.0007543271058239043 -0.00019660833640955389 0.00996957067400217 
vn 0.006959559861570597 0.006385007407516241 0.003285757964476943 
vn 0.007048689294606447 0.00651853671297431 0.002797259483486414 
vn 0.006981587037444115 0.00700121046975255 0.001496828394010663 
vn 0.006790237966924906 0.007216291502118111 0.0013482591602951288 
vn 0.0065248156897723675 0.007540562655776739 0.0007527937996201217 
vn 0.0053231543861329556 0.008358432911336422 -0.0013418737798929214 
vn 0.006380103994160891 0.007682244759052992 0.0005266802036203444 
vn 0.0036711085122078657 0.00894647091627121 -0.0025462948251515627 
vn 0.0018873652443289757 0.008805658668279648 -0.004347208887338638 
vn 0.0015547646908089519 0.00872148759663105 -0.004638788290321827 
vn 0.00914754904806614 -0.0018033762462437153 0.0036152706015855074 
vn 0.00914754904806614 -0.0018033762462437153 0.0036152706015855074 
vn 0.00914754904806614 -0.0018033762462437153 0.0036152706015855074 
vn -0.00015138142043724656 -0.009680594317615032 0.0025026348885148764 
vn 0.0006580887129530311 -0.00946783646941185 0.003150712000206113 
vn 0.0023834651801735163 -0.008522403426468372 0.004657009616494179 
vn 0.0029600951820611954 -0.008059239014983177 0.005127036478370428 
vn 0.003994937986135483 -0.006875352468341589 0.006063826382160187 
vn 0.002367736306041479 -0.007216290570795536 0.006505303550511599 
vn -0.0014771904097869992 -0.008186643011868 0.0055494848638772964 
vn -0.0020163909066468477 -0.008236514404416084 0.0053003765642642975 
vn -0.005402890034019947 0.005398050881922245 -0.0064552174881100655 
vn -0.005402890034019947 0.005398050881922245 -0.0064552174881100655 
vn -0.005402890034019947 0.005398050881922245 -0.0064552174881100655 
vn -0.0005472785560414195 -0.004092629998922348 0.009107736870646477 
vn 0.003523988416418433 -0.00693854596465826 0.006279975175857544 
vn 0.0013902329374104738 -0.005796252749860287 0.008029364980757236 
vn -0.009845003485679626 0.0011986935278400779 0.0012802502606064081 
vn -0.00891881063580513 0.004369743168354034 0.001166255329735577 
vn -0.009520001709461212 0.002781098708510399 0.0012786956503987312 
vn -0.0081263342872262 0.005724823102355003 0.001090455800294876 
vn -0.0014079365646466613 0.005324282683432102 -0.008346838876605034 
vn -0.0014079365646466613 0.005324282683432102 -0.008346838876605034 
vn -0.0014079365646466613 0.005324282683432102 -0.008346838876605034 
vn -0.004034674260765314 -0.00015292424359358847 -0.009148661978542805 
vn -0.004034674260765314 -0.00015292424359358847 -0.009148661978542805 
vn -0.004034674260765314 -0.00015292424359358847 -0.009148661978542805 
vn -0.008055328391492367 -0.0058672428131103516 -0.000828936870675534 
vn -0.006906620226800442 -0.006215357221662998 0.0036970162764191628 
vn -0.006994273513555527 -0.007063339464366436 -0.0010905807139351964 
vn -0.0017615290125831962 0.004719985648989677 -0.008638214319944382 
vn -0.0061776842921972275 0.004409001674503088 -0.006511291954666376 
vn -0.007591526489704847 0.003892334410920739 -0.00521713076159358 
vn 0.0021519300062209368 0.009481810964643955 0.002337617566809058 
vn 0.0021519300062209368 0.009481810964643955 0.002337617566809058 
vn 0.0021519300062209368 0.009481810964643955 0.002337617566809058 
vn -0.00783655047416687 0.0053242845460772514 0.0032000732608139515 
vn -0.008694028481841087 0.004526273813098669 0.001981592271476984 
vn -0.00796632468700409 0.005212873220443726 0.0030600042082369328 
vn -0.001614467822946608 -0.0054347822442650795 -0.008237513713538647 
vn -0.0018300783121958375 -0.007276513613760471 -0.006610836833715439 
vn -0.003449090989306569 -0.007155521307140589 -0.006074725184589624 
vn -0.0040838392451405525 -0.0066826436668634415 -0.0062180813401937485 
vn 0.007700712885707617 0.006077499128878117 0.0019398537697270513 
vn 0.0007869319524616003 0.00898517295718193 0.004318264778703451 
vn 0.003683364950120449 0.009168324060738087 -0.0015409906627610326 
vn 0.006069175433367491 0.007710142992436886 -0.001928419340401888 
vn 0.005672229453921318 0.008007196709513664 -0.0019262934802100062 
vn -0.0011300587793812156 -0.004835141357034445 -0.008680113591253757 
vn -0.0011300587793812156 -0.004835141357034445 -0.008680113591253757 
vn -0.0011300587793812156 -0.004835141357034445 -0.008680113591253757 
vn -0.006061204709112644 0.005831805057823658 0.005408497527241707 
vn -0.005727028474211693 0.005212873686105013 0.006326697301119566 
vn -0.005552459973841906 0.004911449272185564 0.006711770314723253 
vn -0.008297969587147236 -0.005580654367804527 9.092074870764577e-10 
vn -0.008700667880475521 -0.00440900307148695 -0.0022043322678655386 
vn -0.008720455691218376 -0.004251466598361731 -0.0024246005341410637 
vn -0.008538750931620598 -0.002781099174171686 -0.004399456549435854 
vn 0.0008293611463159323 -0.001717352424748242 0.009816458448767662 
vn 0.0008293611463159323 -0.001717352424748242 0.009816458448767662 
vn 0.0008293611463159323 -0.001717352424748242 0.009816458448767662 
vn -0.003123694099485874 -0.004211876075714827 0.008514847606420517 
vn -0.00035879999632015824 -0.008476361632347107 0.005293634254485369 
vn -0.005525846034288406 -0.0029067653231322765 0.007811257615685463 
vn -0.0033227482344955206 -0.009410139173269272 0.000639241305179894 
vn 0.0007687369943596423 -0.009410139173269272 0.0032951990142464638 
vn -0.0025142442900687456 -0.00961154606193304 0.0011387577978894114 
vn 0.0013301288709044456 -0.009269836358726025 0.0035072634927928448 
vn 0.001280719880014658 -0.009202864952385426 0.003696894971653819 
vn 0.006078305654227734 -0.001760380924679339 0.007743078283965588 
vn 0.006078305654227734 -0.001760380924679339 0.007743078283965588 
vn 0.006078305654227734 -0.001760380924679339 0.007743078283965588 
vn 0.0031660262029618025 -0.00870002806186676 0.0037796550896018744 
vn 0.002823467366397381 -0.008161473087966442 0.005041664931923151 
vn 0.008148575201630592 -0.005250109825283289 0.0024570447858422995 
vn 0.007600375916808844 0.0032393818255513906 0.005633887834846973 
vn 0.00724543584510684 0.0037307569291442633 0.005795266479253769 
vn 0.0065061552450060844 0.004604024346917868 0.006039279978722334 
vn -0.009886523708701134 0.001501737511716783 -0.000037739711842732504 
vn -0.009884795174002647 0.001501737511716783 -0.000188686593901366 
vn -0.009894737973809242 0.001415284350514412 -0.0003018922288902104 
vn -0.00992931704968214 0.0011118908878415823 -0.00041515426710247993 
vn -0.009932451881468296 0.0010684574954211712 -0.000452540727565065 
vn -0.0056178392842411995 0.0038520488888025284 -0.0073213111609220505 
vn -0.005843225866556168 0.006042741239070892 -0.005416824482381344 
vn -0.005805692169815302 0.006215356756001711 -0.005259589292109013 
vn -0.00493571488186717 0.002906765090301633 -0.008196915499866009 
vn -0.0056178392842411995 0.0038520488888025284 -0.0073213111609220505 
vn -0.005843225866556168 0.006042741239070892 -0.005416824482381344 
vn -0.004824507981538773 0.0027810970786958933 -0.008305998519062996 
vn -0.0056178392842411995 0.0038520488888025284 -0.0073213111609220505 
vn -0.007088367827236652 0.005760594271123409 0.004070699214935303 
vn -0.00783655047416687 0.0053242845460772514 0.0032000732608139515 
vn -0.00796632468700409 0.005212873220443726 0.0030600042082369328 
vn -0.0006036055274307728 -0.00876390840858221 0.0047780307941138744 
vn -0.0006036055274307728 -0.00876390840858221 0.0047780307941138744 
vn -0.0006036055274307728 -0.00876390840858221 0.0047780307941138744 
vn -0.006917288992553949 0.0005895246868021786 -0.007197469938546419 
vn -0.006917288992553949 0.0005895246868021786 -0.007197469938546419 
vn -0.006917288992553949 0.0005895246868021786 -0.007197469938546419 
vn 0.0012670047581195831 0.009902410209178925 -0.0005804932443425059 
vn 0.0012670047581195831 0.009902410209178925 -0.0005804932443425059 
vn 0.0012670047581195831 0.009902410209178925 -0.0005804932443425059 
vn 0.005355550441890955 -0.007094202563166618 -0.004581524524837732 
vn 0.004701474215835333 -0.007654200308024883 -0.004394241608679295 
vn 0.007385119795799255 -0.004681422375142574 -0.004852246027439833 
vn 0.00224559148773551 0.0002402918180450797 -0.009741641581058502 
vn 0.00224559148773551 0.0002402918180450797 -0.009741641581058502 
vn 0.00224559148773551 0.0002402918180450797 -0.009741641581058502 
vn -0.005080306436866522 0.007032341323792934 -0.004973596427589655 
vn -0.003968561068177223 0.008784867823123932 -0.002660192549228668 
vn -0.004758740775287151 0.007654198911041021 -0.004332161974161863 
vn -0.0031886762008070946 0.009395264089107513 -0.0012495402479544282 
vn 0.004540963564068079 0.007765498943626881 0.0043676854111254215 
vn 0.003527754917740822 0.008784868754446507 0.003221960738301277 
vn 0.0041593522764742374 0.00818664487451315 0.003959625028073788 
vn 0.0028665310237556696 0.009253359399735928 0.0024816018994897604 
vn -0.009740525856614113 0.00028397192363627255 -0.0022453342098742723 
vn -0.009740525856614113 0.00028397192363627255 -0.0022453342098742723 
vn -0.009740525856614113 0.00028397192363627255 -0.0022453342098742723 
vn -0.008850320242345333 -0.003972682170569897 -0.0024268534034490585 
vn -0.008850320242345333 -0.003972682170569897 -0.0024268534034490585 
vn -0.008850320242345333 -0.003972682170569897 -0.0024268534034490585 
vn -0.004685855936259031 0.0073952823877334595 0.004832447972148657 
vn -0.004685855936259031 0.0073952823877334595 0.004832447972148657 
vn -0.004685855936259031 0.0073952823877334595 0.004832447972148657 
vn -0.000018674258171813563 0.00993049144744873 -0.001176854595541954 
vn -0.000018674258171813563 0.00993049144744873 -0.001176854595541954 
vn 0.00043380988063290715 0.009935540147125721 -0.0010473112342879176 
vn 0.00043380988063290715 0.009935540147125721 -0.0010473112342879176 
vn 0.0008518357644788921 0.00993049144744873 -0.0008122253930196166 
vn 0.0008518357644788921 0.00993049144744873 -0.0008122253930196166 
vn 0.0010926900431513786 0.009930492378771305 -0.000437448761658743 
vn 0.0010926900431513786 0.009930492378771305 -0.000437448761658743 
vn 0.0011770011624321342 0.009930492378771305 -1.6178857142890024e-9 
vn 0.0011770011624321342 0.009930492378771305 -1.6178857142890024e-9 
vn 0.001047309604473412 0.009935540147125721 0.0004338082508184016 
vn 0.001047309604473412 0.009935540147125721 0.0004338082508184016 
vn 0.0007986063719727099 0.009930492378771305 0.0008646136848255992 
vn 0.0007986063719727099 0.009930492378771305 0.0008646136848255992 
vn 0.0004200554976705462 0.009930492378771305 0.0010994914919137955 
vn 0.0004200554976705462 0.009930492378771305 0.0010994914919137955 
vn 0.00005600396980298683 0.009930492378771305 0.0011756663443520665 
vn -0.000018674258171813563 0.009930492378771305 0.0011768513359129429 
vn -0.00043380988063290715 0.009935540147125721 0.0010473079746589065 
vn -0.00043380988063290715 0.009935540147125721 0.0010473079746589065 
vn -0.000825636787340045 0.009930492378771305 0.0008388402638956904 
vn -0.000825636787340045 0.009930492378771305 0.0008388402638956904 
vn -0.0010782607132568955 0.009930492378771305 0.0004718940472230315 
vn -0.0011060192482545972 0.009930492378771305 0.0004025564994663 
vn -0.0011764084920287132 0.009930492378771305 0.00003734219717443921 
vn -0.0011764084920287132 0.009930492378771305 0.00003734219717443921 
vn -0.001047309604473412 0.009935540147125721 -0.00043381148134358227 
vn -0.001047309604473412 0.009935540147125721 -0.00043381148134358227 
vn -0.000825636787340045 0.00993049144744873 -0.0008388434653170407 
vn -0.000825636787340045 0.00993049144744873 -0.0008388434653170407 
vn -0.00045472863712348044 0.00993049144744873 -0.0010856136213988066 
vn -0.00045472863712348044 0.00993049144744873 -0.0010856136213988066 
vn -0.000018674258171813563 0.00993049144744873 -0.001176854595541954 
vn -0.000018674258171813563 0.00993049144744873 -0.001176854595541954 
vn -0.007854634895920753 -0.0008074584766291082 -0.006136180832982063 
vn -0.007854634895920753 -0.0008074584766291082 -0.006136180832982063 
vn -0.007854634895920753 -0.0008074584766291082 -0.006136180832982063 
vn -0.002186843426898122 -0.003771258285269141 0.008999740704894066 
vn 0.0010731166694313288 -0.004052723757922649 0.009078758768737316 
vn -0.0022805326152592897 -0.003892333945259452 0.00892462395131588 
vn 0.00092305988073349 -0.004052723757922649 0.009095240384340286 
vn 0.003140924498438835 -0.006875352468341589 0.006547069642692804 
vn 0.0016307313926517963 -0.006042740773409605 0.007799102459102869 
vn -0.006547068245708942 -0.006875352934002876 0.0031409256625920534 
vn -0.009093314409255981 -0.004052725154906511 0.0009418322588317096 
vn -0.009076523594558239 -0.004052725154906511 0.0010918546468019485 
vn -0.008915195241570473 -0.0038923355750739574 -0.0023171151988208294 
vn -0.008995265699923038 -0.0037712601479142904 -0.0022051739506423473 
vn -0.007858792319893837 -0.00600787065923214 -0.001464541768655181 
vn -0.006912208162248135 -0.006747397128492594 -0.002587279537692666 
vn -0.006089218892157078 -0.0008509995532222092 0.007886521518230438 
vn -0.006089218892157078 -0.0008509995532222092 0.007886521518230438 
vn -0.006089218892157078 -0.0008509995532222092 0.007886521518230438 
vn 0.007874968461692333 -0.0008509998442605138 0.006104151252657175 
vn 0.007874968461692333 -0.0008509998442605138 0.006104151252657175 
vn 0.007874968461692333 -0.0008509998442605138 0.006104151252657175 
vn 0.006119061727076769 -0.0008510021143592894 -0.007863388396799564 
vn 0.006119061727076769 -0.0008510021143592894 -0.007863388396799564 
vn 0.006119061727076769 -0.0008510021143592894 -0.007863388396799564 
vn -0.003140924498438835 -0.006875354330986738 -0.006547067314386368 
vn -0.0010356282582506537 -0.004052726551890373 -0.009083108976483345 
vn -0.0008855047635734081 -0.004052726551890373 -0.00909897219389677 
vn 0.0022805326152592897 -0.0038923367392271757 -0.00892462208867073 
vn 0.002223496325314045 -0.0037712613120675087 -0.008990753442049026 
vn 0.0015201952774077654 -0.006007871590554714 -0.007848215289413929 
vn 0.0025518795009702444 -0.006747397594153881 -0.006925354711711407 
vn 0.006547068245708942 -0.006875353865325451 -0.0031409235671162605 
vn 0.009097125381231308 -0.004052725154906511 -0.0009042836027219892 
vn 0.00908095296472311 -0.004052725154906511 -0.001054374035447836 
vn 0.008915195241570473 -0.0038923348765820265 0.0023171163629740477 
vn 0.008986205793917179 -0.0037712594494223595 0.0022418098524212837 
vn 0.00785178504884243 -0.006007870193570852 0.0015016536926850677 
vn 0.006912208162248135 -0.006747396197170019 0.002587281633168459 
vn -0.007802942767739296 -0.00604274170473218 0.0016122499946504831 
vn -0.006547068245708942 -0.006875352934002876 0.0031409256625920534 
vn -0.009076523594558239 -0.004052725154906511 0.0010918546468019485 
vn 0.003639842616394162 0.008590245619416237 0.0035998921375721693 
vn 0.0012385683367028832 0.006077500060200691 0.007844102568924427 
vn 0.006737187504768372 0.000981531455181539 0.007324404548853636 
vn -0.0010709947673603892 0.0058672442100942135 0.008026731200516224 
vn -0.007306293118745089 0.0012854053638875484 0.006705655250698328 
vn -0.007658039219677448 0.00631750887259841 0.0012014629319310188 
vn -0.007801370695233345 0.0061466628685593605 -0.0011649702209979296 
vn -0.006953307427465916 0.001025002566166222 -0.007113430183380842 
vn -0.003672481281682849 0.008522403426468372 -0.0037257918156683445 
vn -0.008520829491317272 -0.004796846769750118 0.0020942131523042917 
vn -0.008593478240072727 -0.004681422375142574 -0.002058255486190319 
vn -0.0019482218194752932 -0.004565190523862839 0.008681213483214378 
vn 0.0021140379831194878 -0.004719985648989677 0.008558771573007107 
vn 0.008757870644330978 -0.004448177758604288 0.0018744139233604074 
vn 0.006874616723507643 -0.0025283517315983772 -0.006807869300246239 
vn 0.008664357475936413 -0.004565192386507988 -0.002021860098466277 
vn 0.0020391405560076237 -0.004642768297344446 -0.008618967607617378 
vn -0.0020218610297888517 -0.00456519378349185 -0.008664356544613838 
vn 0.009696818888187408 0.0024437066167593002 -3.9813113916764564e-10 
vn 0.009696818888187408 0.0024437066167593002 -3.9813113916764564e-10 
vn 0.00005657929796143435 0.0028230403549969196 -0.009593083523213863 
vn 0.00005657929796143435 0.0028230403549969196 -0.009593083523213863 
vn 0.004327484872192144 0.007901282049715519 -0.004340809304267168 
vn 0.004327484872192144 0.007901282049715519 -0.004340809304267168 
vn 0.004327484872192144 0.007901282049715519 -0.004340809304267168 
vn -0.002861887915059924 -0.006007869262248278 0.0074642556719481945 
vn -0.00747099332511425 -0.006007870193570852 0.002844249363988638 
vn -0.006108805537223816 -0.004987380467355251 0.006148864049464464 
vn -0.009007818065583706 -0.004172207787632942 0.0012049481738358736 
vn -0.0061621577478945255 -0.0049873823300004005 -0.006095394492149353 
vn -0.009017521515488625 -0.0041722082532942295 -0.0011300413170829415 
vn -0.00747099332511425 -0.006007871124893427 -0.0028442475013434887 
vn -0.007858792319893837 -0.00600787065923214 -0.001464541768655181 
vn -0.007802942767739296 -0.00604274170473218 0.0016122499946504831 
vn -0.002861887915059924 -0.006007871590554714 -0.007464253343641758 
vn 0.002177777700126171 0.008382340893149376 0.004999364260584116 
vn 0.005117372144013643 0.008358433842658997 0.0019872302655130625 
vn 0.0024639160837978125 0.009380211122334003 0.002437366172671318 
vn 0.004991817753762007 0.008382339961826801 -0.0021950253285467625 
vn -0.002410533605143428 0.009380211122334003 0.0024901737924665213 
vn -0.0020222864113748074 0.008358433842658997 0.0051036193035542965 
vn -0.005006854422390461 0.008382339961826801 0.002160504227504134 
vn -0.0024639160837978125 0.009380210191011429 -0.0024373691994696856 
vn -0.005117372144013643 0.008358432911336422 -0.0019872328266501427 
vn -0.0022122440859675407 0.008382339030504227 -0.004984211642295122 
vn 0.002410533605143428 0.009380210191011429 -0.0024901768192648888 
vn 0.0020222864113748074 0.008358431980013847 -0.00510362209752202 
vn 0 0.009999999776482582 -1.629209989140179e-9 
vn 0 0.009999999776482582 -1.629209989140179e-9 
vn 0 0.009999999776482582 -1.629209989140179e-9 
vn 0 0.009999999776482582 -1.629209989140179e-9 
vn -0.0026948091108351946 -0.00421187886968255 -0.008660143241286278 
vn -0.005468506831675768 -0.006811635568737984 -0.004867961164563894 
vn -0.00859100092202425 -0.004092631861567497 -0.003073281841352582 
vn -0.008654518984258175 -0.004211877007037401 0.0027128213550895452 
vn 0.004853841383010149 -0.006811635568737984 -0.005481043364852667 
vn 0.0030198851600289345 -0.004092632792890072 -0.00860991608351469 
vn 0.008643155917525291 -0.004211877938359976 -0.0027488083578646183 
vn 0.0054433224722743034 -0.006811634171754122 0.004896108526736498 
vn 0.008603648282587528 -0.004092630930244923 0.0030376981012523174 
vn 0.0027308210264891386 -0.004211876075714827 0.008648856543004513 
vn -0.004882051143795252 -0.006811634171754122 0.005455933511257172 
vn -0.003055496606975794 -0.004092629998922348 0.008597343228757381 
vn -0.0021446088794618845 -0.00957454089075327 0.0019310161005705595 
vn -0.001931014470756054 -0.00957454089075327 -0.0021446074824780226 
vn -0.000021846888557774946 -0.009999904781579971 0.00003784155342145823 
vn -0.000021846888557774946 -0.009999904781579971 -0.000037838293792447075 
vn 0.0021446088794618845 -0.00957454089075327 -0.0019310129573568702 
vn 0.00004369377711554989 -0.009999904781579971 1.6291944460178343e-9 
vn 0.001931014470756054 -0.00957454089075327 0.00214461050927639 
vn 0.00004369377711554989 -0.009999904781579971 1.6291944460178343e-9 
vn -0.009566355496644974 0.002906766487285495 0.00018856591486837715 
vn -0.009566355496644974 0.002906766487285495 0.00018856591486837715 
vn -0.009835975244641304 0.0018033768283203244 0.00003772959462366998 
vn -0.00999883096665144 -0.00015292274474631995 2.4916395335861097e-11 
vn -0.009856236167252064 -0.0016742930747568607 -0.00022660753165837377 
vn -0.009565531276166439 -0.002906766487285495 -0.0002265569637529552 
vn -0.009565531276166439 -0.002906766487285495 -0.0002265569637529552 
vn 0.009570133872330189 0.002864931710064411 0.0004524483811110258 
vn 0.009570133872330189 0.002864931710064411 0.0004524483811110258 
vn 0.009831416420638561 0.0018033768283203244 0.00030179216992110014 
vn 0.009956570342183113 -0.0008510007755830884 0.0003774967626668513 
vn 0.0096941739320755 -0.0024437066167593002 0.00022647388686891645 
vn 0.008972703479230404 -0.004409002605825663 0.000226463089347817 
vn 0.008972703479230404 -0.004409002605825663 0.000226463089347817 
vn -0.0064018056727945805 0.007682244759052992 -1.2515977143578993e-9 
vn -0.0064018056727945805 0.007682244759052992 -1.2515977143578993e-9 
vn -0.0064018056727945805 0.007682244759052992 -1.2515977143578993e-9 
vn -0.009570133872330189 0.002864931710064411 0.0004524483811110258 
vn -0.009830187074840069 0.0018033768283203244 0.00033950209035538137 
vn -0.009570133872330189 0.002864931710064411 0.0004524483811110258 
vn -0.009957929141819477 -0.0008510007755830884 0.00033976256963796914 
vn -0.009694982320070267 -0.0024437066167593002 0.00018873355293180794 
vn -0.008971672505140305 -0.004409002605825663 0.0002641966857481748 
vn -0.008971672505140305 -0.004409002605825663 0.0002641966857481748 
vn 0.009570133872330189 0.0028649314772337675 -0.0004524493124336004 
vn 0.009831416420638561 0.0018033768283203244 -0.0003017927519977093 
vn 0.009570133872330189 0.0028649314772337675 -0.0004524493124336004 
vn 0.009956570342183113 -0.0008510008919984102 -0.00037749650073237717 
vn 0.0096941739320755 -0.0024437066167593002 -0.0002264730865135789 
vn 0.008972703479230404 -0.004409002605825663 -0.0002264616487082094 
vn 0.008972703479230404 -0.004409002605825663 -0.0002264616487082094 
vn 0.009565537795424461 0.002906766487285495 -0.0002262736961711198 
vn 0.00983604695647955 0.0018033768283203244 -2.938079501912938e-10 
vn 0.009565537795424461 0.002906766487285495 -0.0002262736961711198 
vn 0.00999883096665144 -0.00015292274474631995 2.4914327545477732e-11 
vn 0.009856236167252064 -0.001674292958341539 0.00022660808463115245 
vn 0.009565531276166439 -0.002906766487285495 0.00022655790962744504 
vn 0.009565531276166439 -0.002906766487285495 0.00022655790962744504 
vn -0.009570133872330189 0.0028649314772337675 -0.0004524493124336004 
vn -0.009570133872330189 0.0028649314772337675 -0.0004524493124336004 
vn -0.009830187074840069 0.0018033767119050026 -0.00033950270153582096 
vn -0.009957929141819477 -0.0008510008919984102 -0.00033976227859966457 
vn -0.009694982320070267 -0.0024437066167593002 -0.00018873275257647038 
vn -0.008971672505140305 -0.004409002605825663 -0.0002641952596604824 
vn -0.008971672505140305 -0.004409002605825663 -0.0002641952596604824 
vn 0.0064018056727945805 0.007682244759052992 -1.251599046625529e-9 
vn 0.0064018056727945805 0.007682244759052992 -1.251599046625529e-9 
vn 0.0064018056727945805 0.007682244759052992 -1.251599046625529e-9 
vn -0.005964293610304594 -0.0009380393894389272 -0.007971655577421188 
vn -0.005964293610304594 -0.0009380393894389272 -0.007971655577421188 
vn -0.005964293610304594 -0.0009380393894389272 -0.007971655577421188 
vn -0.007982942275702953 -0.0009380371193401515 0.0059491777792572975 
vn -0.007982942275702953 -0.0009380371193401515 0.0059491777792572975 
vn -0.007982942275702953 -0.0009380371193401515 0.0059491777792572975 
vn 0.005994460079818964 -0.0009380367700941861 0.00794899556785822 
vn 0.005994460079818964 -0.0009380367700941861 0.00794899556785822 
vn 0.005994460079818964 -0.0009380367700941861 0.00794899556785822 
vn 0.00796034000813961 -0.0009380390401929617 -0.0059793870896101 
vn 0.00796034000813961 -0.0009380390401929617 -0.0059793870896101 
vn 0.00796034000813961 -0.0009380390401929617 -0.0059793870896101 
vn 0.00908095296472311 -0.004052725154906511 -0.001054374035447836 
vn 0.006547068245708942 -0.006875353865325451 -0.0031409235671162605 
vn 0.007795216049998999 -0.006042742170393467 -0.001649203710258007 
vn -0.0010356282582506537 -0.004052726551890373 -0.009083108976483345 
vn -0.0015937575371935964 -0.006042743567377329 -0.007806740235537291 
vn -0.003140924498438835 -0.006875354330986738 -0.006547067314386368 
vn 0.002826593117788434 -0.006007871590554714 -0.007477690000087023 
vn 0.006081955507397652 -0.0049873823300004005 -0.006175421644002199 
vn 0.007457473315298557 -0.006007871124893427 -0.0028795101679861546 
vn 0.009007818065583706 -0.0041722082532942295 -0.0012049468932673335 
vn 0.007795216049998999 -0.006042742170393467 -0.001649203710258007 
vn 0.007457473315298557 -0.006007870193570852 0.002879512030631304 
vn 0.00785178504884243 -0.006007870193570852 0.0015016536926850677 
vn 0.009017521515488625 -0.004172207787632942 0.0011300427140668035 
vn 0.006188658531755209 -0.004987380467355251 0.0060684881173074245 
vn 0.002897118218243122 -0.006007869262248278 0.007450651843100786 
vn 0.000018830229237210006 0.008136148564517498 0.005814010743051767 
vn 0.000018830229237210006 0.008136148564517498 0.005814010743051767 
vn 0.000018830229237210006 0.008136148564517498 0.005814010743051767 
vn 0.009552735835313797 -0.002948545850813389 -0.00022653861378785223 
vn 0.009552735835313797 -0.002948545850813389 -0.00022653861378785223 
vn 0.009848828427493572 -0.0017173540545627475 -0.0002264372305944562 
vn 0.009998545981943607 -0.00015292275929823518 -0.0000755094806663692 
vn 0.00983604695647955 0.0018033768283203244 -2.938079501912938e-10 
vn 0.009565537795424461 0.002906766487285495 0.00022627275029662997 
vn 0.009565537795424461 0.002906766487285495 0.00022627275029662997 
vn 0.006198228802531958 0.007847417145967484 -1.2785090763856033e-9 
vn 0.006198228802531958 0.007847417145967484 -1.2785090763856033e-9 
vn 0.006198228802531958 0.007847417145967484 -1.2785090763856033e-9 
vn -0.000037707133742515 0.007980948314070702 0.006025201641023159 
vn -0.000037707133742515 0.007980948314070702 0.006025201641023159 
vn -0.000037707133742515 0.007980948314070702 0.006025201641023159 
vn -0.009553556330502033 -0.002948545850813389 0.00018878845730796456 
vn -0.009848828427493572 -0.0017173540545627475 0.00022643778356723487 
vn -0.009553556330502033 -0.002948545850813389 0.00018878845730796456 
vn -0.009998545981943607 -0.00015292273019440472 0.0000755095315980725 
vn -0.009835975244641304 0.0018033768283203244 -0.00003773018397623673 
vn -0.009566355496644974 0.002906766487285495 -0.000188566860742867 
vn -0.009566355496644974 0.002906766487285495 -0.000188566860742867 
vn -0.00619811424985528 0.007847417145967484 -0.00003766508962144144 
vn -0.00619811424985528 0.007847417145967484 -0.00003766508962144144 
vn -0.00619811424985528 0.007847417145967484 -0.00003766508962144144 
vn 0.000037707133742515 0.007980945520102978 -0.0060252039693295956 
vn 0.000037707133742515 0.007980945520102978 -0.0060252039693295956 
vn 0.000037707133742515 0.007980945520102978 -0.0060252039693295956 
vn 0.000018830229237210006 0.008136146701872349 -0.005814013537019491 
vn 0.000018830229237210006 0.008136146701872349 -0.005814013537019491 
vn 0.000018830229237210006 0.008136146701872349 -0.005814013537019491 
vn -0.0005900802207179368 0.009978529997169971 0.00028416604618541896 
vn -0.0004568209405988455 0.009965559467673302 -0.0006920557352714241 
vn 0.0007744351751171052 0.009957932867109776 0.0004897215403616428 
vn 0.0011574799427762628 0.009902410209178925 0.0007762146415188909 
vn 0.0005730506964027882 0.009965559467673302 -0.0005993656232021749 
vn 0.0007744351751171052 0.009957932867109776 0.0004897215403616428 
vn -0.000126788072520867 0.009986257180571556 0.0005085175507701933 
vn 0.0003539648314472288 0.009983872063457966 -0.0004438594914972782 
vn -0.000018551399989519268 0.009919826872646809 0.001263597747310996 
vn 0.0004549749428406358 0.009983872063457966 0.0003395550011191517 
vn 0.0011311727575957775 0.009935540147125721 -0.00007414259016513824 
vn -0.0001529048604425043 0.009995322674512863 -0.0002648406371008605 
vn 0.00008738672477193177 0.00999961793422699 -1.6291477056284975e-9 
vn -0.0005900802207179368 0.009978529997169971 0.00028416604618541896 
vn -0.0005114939995110035 0.009983872063457966 0.00024632090935483575 
vn -0.0005900802207179368 0.009978529997169971 0.00028416604618541896 
vn -0.0005114939995110035 0.009983872063457966 0.00024632090935483575 
vn 0.0007744351751171052 0.009957932867109776 0.0004897215403616428 
vn -0.0005114939995110035 0.009983872063457966 0.00024632090935483575 
vn 0.0007744351751171052 0.009957932867109776 0.0004897215403616428 
vn 0.0011574799427762628 0.009902410209178925 0.0007762146415188909 
vn -0.0001529048604425043 0.009995322674512863 -0.0002648406371008605 
vn -0.0005900802207179368 0.009978529997169971 0.00028416604618541896 
vn -0.0004568209405988455 0.009965559467673302 -0.0006920557352714241 
vn -0.0001529048604425043 0.009995322674512863 -0.0002648406371008605 
vn -0.0005900802207179368 0.009978529997169971 0.00028416604618541896 
vn 0.0011311727575957775 0.009935540147125721 -0.00007414259016513824 
vn 0.0011311727575957775 0.009935540147125721 -0.00007414259016513824 
vn 0.00008738672477193177 0.00999961793422699 -1.6291477056284975e-9 
vn -0.0005900802207179368 0.009978529997169971 0.00028416604618541896 
vn 0.0003539648314472288 0.009983872063457966 -0.0004438594914972782 
vn -0.0004568209405988455 0.009965559467673302 -0.0006920557352714241 
vn -0.0001529048604425043 0.009995322674512863 -0.0002648406371008605 
vn 0.0003539648314472288 0.009983872063457966 -0.0004438594914972782 
vn -0.000018551399989519268 0.009919826872646809 0.001263597747310996 
vn -0.0001529048604425043 0.009995322674512863 -0.0002648406371008605 
vn -0.000018551399989519268 0.009919826872646809 0.001263597747310996 
vn -0.0001529048604425043 0.009995322674512863 -0.0002648406371008605 
vn 0.0004549749428406358 0.009983872063457966 0.0003395550011191517 
vn 0.0007744351751171052 0.009957932867109776 0.0004897215403616428 
vn 0.0003539648314472288 0.009983872063457966 -0.0004438594914972782 
vn -0.0004568209405988455 0.009965559467673302 -0.0006920557352714241 
vn 0.0007744351751171052 0.009957932867109776 0.0004897215403616428 
vn 0.0003539648314472288 0.009983872063457966 -0.0004438594914972782 
vn 0.0005730506964027882 0.009965559467673302 -0.0005993656232021749 
vn 0.0005730506964027882 0.009965559467673302 -0.0005993656232021749 
vn -0.000126788072520867 0.009986257180571556 0.0005085175507701933 
vn 0.0003539648314472288 0.009983872063457966 -0.0004438594914972782 
vn -0.004941748455166817 0.0007638972019776702 -0.008659998886287212 
vn -0.00420624203979969 -0.003321933327242732 -0.008442291989922523 
vn -0.00732902716845274 -0.00032764681964181364 -0.006795440334826708 
vn -0.009000277146697044 -0.0008510015322826803 -0.004274435341358185 
vn -0.009739040397107601 -0.002231294522061944 -0.0004152412002440542 
vn -0.007407728582620621 -0.0038116921205073595 -0.005531415808945894 
vn -0.009479629807174206 -0.0031565825920552015 -0.0004154648049734533 
vn -0.006416289601475 -0.00045862645492888987 -0.0076564280316233635 
vn -0.009582214057445526 0.0007638981915079057 -0.0027563804760575294 
vn -0.007994357496500015 -0.0034042284823954105 0.004949897062033415 
vn -0.008503646589815617 0.002948545152321458 -0.004358219914138317 
vn -0.009505958296358585 -0.002103329636156559 -0.0022831493988633156 
vn -0.008029432967305183 0.0038520493544638157 -0.004548618104308844 
vn -0.00836954265832901 0.003608820727095008 -0.004114263691008091 
vn -0.0052658929489552975 0.008406085893511772 -0.001268101972527802 
vn -0.005629002582281828 0.007954543456435204 -0.0022448997478932142 
vn -0.007896034978330135 -0.005867242347449064 0.0017966886516660452 
vn -0.00644429586827755 -0.004052724223583937 0.006484325509518385 
vn -0.0036322642117738724 0.005175533704459667 -0.007747290190309286 
vn -0.004468570929020643 0.008261214941740036 -0.003432812634855509 
vn -0.007062727119773626 0.006215357221662998 -0.00338927935808897 
vn -0.00528433732688427 0.008358432911336422 -0.0014874042244628072 
vn -0.006543502677232027 0.0013720181304961443 0.007436406332999468 
vn -0.00400980981066823 0.0025283521972596645 0.0088050477206707 
vn -0.004436558578163385 0.0021886823233217 0.0086906049400568 
vn -0.007486145012080669 0.004719987977296114 0.004656108561903238 
vn -0.006323584355413914 0.004604024346917868 0.006230188068002462 
vn -0.005018425639718771 0.005831805523484945 0.006387914530932903 
vn -0.0054272981360554695 0.006112140137702227 0.005760744214057922 
vn -0.006220423616468906 0.0036495374515652657 0.006927280221134424 
vn -0.0036737527698278427 0.0034862677566707134 0.008622613735496998 
vn 0.00548715190961957 0.0010250050108879805 0.008297019638121128 
vn 0.005548974499106407 0.002358877332881093 0.00797775574028492 
vn -0.0033937152475118637 0.0033631138503551483 0.008784768171608448 
vn -0.007830079644918442 0.002864932408556342 0.005521051585674286 
vn 0.0004339297011028975 0.0044090040028095245 0.008965064771473408 
vn -0.004033499862998724 0.0034042305778712034 0.008493650704622269 
vn -0.004779365845024586 0.0035680390428751707 0.008026627823710442 
vn -0.005446664523333311 0.002739103278145194 0.007926611229777336 
vn -0.004935035482048988 0.0043304008431732655 0.007542748469859362 
vn 0.004463387653231621 0.003892336506396532 0.008057784289121628 
vn 0.006682428531348705 0.0021033305674791336 0.0071359057910740376 
vn 0.0036237731110304594 0.0027391035109758377 0.008908736519515514 
vn 0.006402113940566778 0.0021033305674791336 0.00738843297585845 
vn 0.009414791129529476 0.0008510013576596975 0.003261517733335495 
vn 0.009621490724384785 -0.002570600714534521 0.0009049475193023682 
vn 0.009874297305941582 0.00006554066203534603 0.001579226809553802 
vn 0.008169661276042461 0.0015880749560892582 -0.005543884355574846 
vn 0.009882114827632904 -0.0013720168499276042 0.0006792470230720937 
vn 0.006508927792310715 -0.0010250048944726586 -0.007522181607782841 
vn 0.004441854078322649 -0.0010250051273033023 -0.008900522254407406 
vn 0.009052054025232792 -0.004052725154906511 -0.0012789579341188073 
vn 0.005095737986266613 -0.004487267229706049 0.0073415180668234825 
vn 0.005095737986266613 -0.004487267229706049 0.0073415180668234825 
vn 0.004693738650530577 -0.0031980108469724655 0.008230525068938732 
vn 0.006988339591771364 -0.0033219309989362955 0.006334658246487379 
vn 0.004049201495945454 -0.00561685673892498 0.007214907091110945 
vn -0.008210878819227219 0.005652954801917076 0.0007909326232038438 
vn -0.008241900242865086 0.005652954801917076 0.00033939629793167114 
vn -0.007764796726405621 0.0035680385772138834 0.0051939417608082294 
vn -0.008910542353987694 0.004526273347437382 -0.0003392487997189164 
vn -0.009750623255968094 0.0019321510335430503 0.0010918512707576156 
vn -0.009023490361869335 0.0000655411058687605 0.004309562034904957 
vn -0.00981387123465538 0.0018463371088728309 0.00052818184485659 
vn -0.009516265243291855 0.00041497350321151316 0.0030444199219346046 
vn -0.006880850065499544 0.005724823568016291 0.004458732437342405 
vn -0.009008800610899925 0.0026128024328500032 0.00346623407676816 
vn -0.005896284710615873 0.004835141357034445 0.006469562649726868 
vn -0.004931652452796698 0.0021033305674791336 0.008441256359219551 
vn -0.00854158028960228 0.0026128024328500032 0.004496073350310326 
vn -0.007008384447544813 0.005398052278906107 0.0046630012802779675 
vn -0.009241795167326927 0.0035271858796477318 0.0014656663406640291 
vn -0.0020406122785061598 0.008334368467330933 0.005135583225637674 
vn -0.009221592918038368 0.003404229646548629 0.0018366924487054348 
vn -0.007242260500788689 0.004052724223583937 -0.005578985903412104 
vn -0.007556285709142685 0.0012854032684117556 -0.006422638427466154 
vn -0.00983335915952921 -0.00024029311316553503 0.0018020299030467868 
vn -0.008358287625014782 -0.0013287224574014544 0.005326681304723024 
vn -0.0008291437989100814 0.0033631110563874245 -0.009380938485264778 
vn -0.0009042976889759302 0.0033631110563874245 -0.009373991750180721 
vn -0.003251525806263089 0.003239379497244954 -0.008884481154382229 
vn -0.002646347275003791 0.001588074374012649 -0.009511827491223812 
vn -0.005130672827363014 0.004211876075714827 -0.007479057181626558 
vn -0.005007484927773476 0.001198694808408618 0.008572527207434177 
vn -0.004793618340045214 0.001111892401240766 0.00870545394718647 
vn -0.006571859586983919 -0.00028397105052135885 0.007531933020800352 
vn -0.007764796726405621 0.0035680385772138834 0.0051939417608082294 
vn -0.009023490361869335 0.0000655411058687605 0.004309562034904957 
vn -0.004931652452796698 0.0021033305674791336 0.008441256359219551 
vn -0.007008384447544813 0.005398052278906107 0.0046630012802779675 
vn 2.40993663691352e-15 0.006283579394221306 0.007779243867844343 
vn 0.000959926052019 0.0032806892413645983 0.009397638961672783 
vn -0.006018816027790308 0.001372015685774386 -0.007867109961807728 
vn -0.004235471598803997 0.0017173526575788856 -0.008894463069736958 
vn -0.007579375524073839 -0.0015880769351497293 -0.006327012088149786 
vn -0.004645890090614557 -0.0002402948448434472 -0.008852004073560238 
vn -0.004493095446377993 -0.0008945294539444149 -0.00888886395841837 
vn -0.0067110126838088036 -0.0026128028985112906 -0.0069379801861941814 
vn -0.004050303716212511 -0.0014585263561457396 -0.009025948122143745 
vn -0.00479053845629096 -0.001760383602231741 -0.008599522523581982 
vn -0.00618053087964654 -0.0005022698896937072 -0.007845302112400532 
vn -0.004941748455166817 0.0007638972019776702 -0.008659998886287212 
vn -0.00732902716845274 -0.00032764681964181364 -0.006795440334826708 
vn -0.0070821382105350494 0.0005022675031796098 -0.0070420908741652966 
vn 0.006988339591771364 -0.0033219309989362955 0.006334658246487379 
vn 0.009052054025232792 -0.004052725154906511 -0.0012789579341188073 
vn 0.009882114827632904 -0.0013720168499276042 0.0006792470230720937 
vn 0.006508927792310715 -0.0010250048944726586 -0.007522181607782841 
vn 0.008169661276042461 0.0015880749560892582 -0.005543884355574846 
vn 0.008256223052740097 0.004758462309837341 -0.0030318002682179213 
vn 0.005886948201805353 0.008033295162022114 -0.0009000058635137975 
vn -0.005130672827363014 0.004211876075714827 -0.007479057181626558 
vn -0.003251525806263089 0.003239379497244954 -0.008884481154382229 
vn -0.005081471987068653 0.006317507941275835 -0.005853865761309862 
vn 0.009429394267499447 0.00332193193025887 -0.00022646432626061141 
vn 0.00421216432005167 0.0070012095384299755 -0.005765478126704693 
vn 0.008932246826589108 0.00286493101157248 -0.003465130226686597 
vn 0.006836914457380772 0.000545901304576546 -0.007277265656739473 
vn -0.0016134842298924923 -0.00513810059055686 -0.008425948210060596 
vn 0.0022384910844266415 -0.005616859532892704 -0.007964925840497017 
vn 0.009507274255156517 0.0016742934240028262 0.002609304850921035 
vn 0.00980452261865139 0.0010684577282518148 0.001652189064770937 
vn 0.004463387653231621 0.003892336506396532 0.008057784289121628 
vn 0.009874297305941582 0.00006554066203534603 0.001579226809553802 
vn 0.006682428531348705 0.0021033305674791336 0.0071359057910740376 
vn 0.009908136911690235 0.0010684573790058494 -0.0008289811084978282 
vn 0.008718719705939293 -0.001068458310328424 -0.0047793639823794365 
vn 0.006637381389737129 -0.003031936241313815 -0.006837582681328058 
vn 0.009621490724384785 -0.002570600714534521 0.0009049475193023682 
vn 0.008517991751432419 0.0001092317615984939 -0.0052375453524291515 
vn 0.009414791129529476 0.0008510013576596975 0.003261517733335495 
vn 0.009719432331621647 0.0016742933075875044 0.0016520810313522816 
vn 0.0036237731110304594 0.0027391035109758377 0.008908736519515514 
vn 0.006402113940566778 0.0021033305674791336 0.00738843297585845 
vn 0.0037871794775128365 0.0018463355954736471 -0.009069085121154785 
vn 0.0056569743901491165 0.004290972836315632 -0.007041746284812689 
vn 0.008225832134485245 -0.00278109940700233 -0.0049599576741456985 
vn 0.008534434251487255 -0.0017603830201551318 -0.004905556794255972 
vn 0.008682826533913612 -0.002697053598240018 -0.00416346313431859 
vn 0.00851637776941061 -0.004369743168354034 -0.002894244622439146 
vn 0.008646687492728233 0.0006767372833564878 -0.004977632313966751 
vn 0.009534967131912708 0.0026128015015274286 -0.0015025533502921462 
vn 0.008892134763300419 0.001544920727610588 -0.004306175746023655 
vn -0.0062727793119847775 -0.001415285631082952 -0.007658276706933975 
vn -0.007084948942065239 -0.004251467064023018 -0.0056328075006604195 
vn -0.007293027825653553 -0.0032393820583820343 -0.006026454735547304 
vn -0.006871628109365702 0.006938546430319548 -0.002153438748791814 
vn -0.005315610207617283 0.006907016970217228 0.004902795422822237 
vn -0.007464430294930935 0.006418574135750532 0.0017561864806339145 
vn -0.006989939138293266 0.005688943434506655 0.00433320552110672 
vn 0.000056552395108155906 0.0067473952658474445 -0.007380342576652765 
vn 0.0056569743901491165 0.004290972836315632 -0.007041746284812689 
vn 0.002432402689009905 0.007276511285454035 -0.006413719616830349 
vn 0.0037871794775128365 0.0018463355954736471 -0.009069085121154785 
vn 0.006801839452236891 0.004758463706821203 0.005576020106673241 
vn 0.007375691551715136 0.005138100124895573 0.004381678067147732 
vn 0.005548974499106407 0.002358877332881093 0.00797775574028492 
vn 0.00548715190961957 0.0010250050108879805 0.008297019638121128 
vn 0.00904998742043972 0.004251466132700443 -0.0001508442364865914 
vn 0.007302920799702406 0.005867242347449064 -0.0034989742562174797 
vn 0.007764152251183987 0.005138098727911711 -0.003649367718026042 
vn 0.007038806565105915 0.005212871823459864 -0.004825056530535221 
vn 0.007027193438261747 0.005287246312946081 -0.004760627634823322 
vn 0.007027193438261747 0.005287246312946081 -0.004760627634823322 
vn 0.007219180464744568 0.004681420978158712 -0.00509585440158844 
vn 0.008318981155753136 0.003972681239247322 -0.003874578746035695 
vn 0.00850293692201376 0.0009815293597057462 -0.005170750897377729 
vn 0.009339003823697567 0.002443706151098013 -0.0026098487433046103 
vn 0.009663140401244164 -0.002273865509778261 -0.0012055104598402977 
vn 0.009257095865905285 -0.0036901815328747034 -0.0008299023029394448 
vn 0.008964133448898792 -0.004409002605825663 0.0004527812416199595 
vn 0.009351625107228756 -0.0026128015015274286 0.0023917320650070906 
vn 0.008220852352678776 -0.004987381864339113 -0.002746564568951726 
vn 0.0024698106572031975 -0.006249528378248215 -0.007405634503811598 
vn 0.009519333951175213 -0.002948545850813389 -0.0008296746527776122 
vn 0.004610839299857616 -0.005212873686105013 -0.0071809543296694756 
vn 0.008932246826589108 0.00286493101157248 -0.003465130226686597 
vn 0.006836914457380772 0.000545901304576546 -0.007277265656739473 
vn 0.005822168197482824 0.006650073453783989 -0.004677487071603537 
vn 0.007752632722258568 -0.0029485467821359634 -0.005585942883044481 
vn 0.006839136593043804 -0.0041324603371322155 -0.0060124024748802185 
vn 0.006170528940856457 -0.004369744099676609 -0.006544456351548433 
vn 0.006112884730100632 -0.005902570206671953 -0.005271840374916792 
vn 0.009429394267499447 0.00332193193025887 -0.00022646432626061141 
vn 0.008980575948953629 -0.000894527358468622 0.0043068635277450085 
vn 0.006284662056714296 0.006283577531576157 -0.0045847222208976746 
vn 0.0061965989880263805 0.00576059240847826 -0.005330828949809074 
vn -0.006345612462610006 -0.004172209184616804 -0.006505834404379129 
vn -0.0016134842298924923 -0.00513810059055686 -0.008425948210060596 
vn -0.0010175829520449042 -0.005434779450297356 0.008332328870892525 
vn -0.0009237512713298202 -0.00502520427107811 0.008596162311732769 
vn -0.0014482780825346708 -0.003239379497244954 0.009349273517727852 
vn 0.0024661121424287558 -0.0009815286612138152 0.009641312062740326 
vn -0.002794392639771104 -0.0006767365266568959 0.009577755816280842 
vn 0.0006415657117031515 -0.0020605912432074547 0.009764340706169605 
vn 0.003773672506213188 -0.0008509993203915656 0.009221453219652176 
vn 0.0025292611680924892 -0.005250108893960714 0.008126450702548027 
vn 0.0034079570323228836 -0.005652953404933214 0.0075119873508811 
vn 0.000490877078846097 -0.007820259779691696 0.006213097833096981 
vn 0.000490877078846097 -0.007820259779691696 0.006213097833096981 
vn 0.000490877078846097 -0.007820259779691696 0.006213097833096981 
vn -0.003593853209167719 -0.006907015107572079 0.0062751383520662785 
vn -0.000698012881912291 -0.004681420512497425 0.008808920159935951 
vn 0.0008293089922517538 -0.00032764411298558116 0.009960165247321129 
vn -0.0018009976483881474 -0.0004149714077357203 0.009827726520597935 
vn -0.0030454087536782026 0.00032764728530310094 0.009519356302917004 
vn -0.0031883472111076117 0.00037131443968974054 0.00947082694619894 
vn -0.006715035531669855 0.001975004095584154 0.0071419645100831985 
vn -0.006838315632194281 0.0020178183913230896 0.007011836394667625 
vn -0.0061679319478571415 -0.006351317744702101 0.004649448674172163 
vn -0.005884268321096897 -0.006779579911381006 0.004405982326716185 
vn -0.006385965272784233 -0.0008074562647379935 0.007652937900274992 
vn -0.005329831037670374 -0.0011986920144408941 0.008375920355319977 
vn -0.00454631308093667 0.0006767395534552634 0.00888105109333992 
vn -0.00454631308093667 0.0006767395534552634 0.00888105109333992 
vn -0.00454631308093667 0.0006767395534552634 0.00888105109333992 
vn 0.009339003823697567 0.002443706151098013 -0.0026098487433046103 
vn 0.00850293692201376 0.0009815293597057462 -0.005170750897377729 
vn 0.006284662056714296 0.006283577531576157 -0.0045847222208976746 
vn 0.006839136593043804 -0.0041324603371322155 -0.0060124024748802185 
vn 0.006112884730100632 -0.005902570206671953 -0.005271840374916792 
vn -0.0036324337124824524 -0.007094203028827906 -0.006039678119122982 
vn -0.004422940779477358 -0.008826283738017082 -0.0015919537981972098 
vn -0.003641699440777302 -0.007980947382748127 -0.004800260532647371 
vn -0.0061679319478571415 -0.006351317744702101 0.004649448674172163 
vn -0.005944288335740566 -0.007901282049715519 0.0014950498007237911 
vn -0.005531715229153633 -0.007980946451425552 0.0023884361144155264 
vn -0.006584002170711756 -0.007336176931858063 0.0016826833598315716 
vn -0.00675633829087019 -0.00718597462400794 0.0016473215073347092 
vn -0.006926185451447964 -0.007063338998705149 0.0014619140420109034 
vn -0.005884268321096897 -0.006779579911381006 0.004405982326716185 
vn 0.001806978601962328 0.007124930154532194 0.0067801326513290405 
vn 0.001806978601962328 0.007124930154532194 0.0067801326513290405 
vn 0.001806978601962328 0.007124930154532194 0.0067801326513290405 
vn 0.004366707056760788 0.007365798577666283 -0.005164966452866793 
vn 0.005345106590539217 0.00576059240847826 -0.006184287369251251 
vn 0.00448836712166667 0.007765497546643019 -0.004421719815582037 
vn 0.004868556745350361 0.008522403426468372 -0.0019146257545799017 
vn 0.00556256715208292 0.00826121587306261 -0.0009000927093438804 
vn 0.0031715023797005415 0.008406085893511772 -0.004390818998217583 
vn 0.002523313509300351 0.008285757154226303 -0.004997911397367716 
vn 0.0006401819991879165 0.007424620911478996 -0.006668220739811659 
vn 0.005332206375896931 0.00818664487451315 0.002132233465090394 
vn 0.005399399437010288 0.007927989587187767 0.002827273216098547 
vn 0.0038860037457197905 0.008545181713998318 0.0034465703647583723 
vn 0.006352135445922613 0.007710143458098173 0.0004517370252870023 
vn 0.005348735023289919 0.007185975555330515 0.004444411490112543 
vn 0.0003953810373786837 0.0067795817740261555 0.007340364158153534 
vn 0.006637381389737129 -0.003031936241313815 -0.006837582681328058 
vn 0.0009426519391126931 -0.002823043614625931 -0.009546822868287563 
vn 0.008517991751432419 0.0001092317615984939 -0.0052375453524291515 
vn 0.0037871794775128365 0.0018463355954736471 -0.009069085121154785 
vn -0.0028465234208852053 -0.0020178186241537333 -0.009371536783874035 
vn -0.0012796127703040838 0.00032764411298558116 -0.009912378154695034 
vn -0.006416289601475 -0.00045862645492888987 -0.0076564280316233635 
vn -0.0024659354239702225 -0.00019661153783090413 -0.009689195081591606 
vn -0.0018712617456912994 0.00502520427107811 -0.008440717123448849 
vn -0.0016322373412549496 0.0049114469438791275 -0.00855648797005415 
vn -0.009582214057445526 0.0007638981915079057 -0.0027563804760575294 
vn -0.0036322642117738724 0.005175533704459667 -0.007747290190309286 
vn 0.004461919888854027 0.005175533704459667 -0.007301035337150097 
vn -0.0004335553094279021 0.005688941106200218 -0.008212671615183353 
vn -0.0013690483756363392 0.00586724141612649 -0.007981302216649055 
vn -0.008503646589815617 0.002948545152321458 -0.004358219914138317 
vn 0.005019072443246841 0.005100563634186983 -0.006985210347920656 
vn -0.007407728582620621 -0.0038116921205073595 -0.005531415808945894 
vn -0.00420624203979969 -0.003321933327242732 -0.008442291989922523 
vn 0.00486480537801981 -0.0024860536213964224 -0.008375750854611397 
vn 0.008718719705939293 -0.001068458310328424 -0.0047793639823794365 
vn 0.0067435032688081264 -0.000021848145479452796 -0.007384083233773708 
vn 0.008646687492728233 0.0006767372833564878 -0.004977632313966751 
vn -0.009529215283691883 0.003031935077160597 0.000037751167837996036 
vn -0.00984974205493927 0.0015880760038271546 0.0006786738522350788 
vn -0.00956457108259201 0.002906766487285495 0.00026397607871331275 
vn -0.009839716367423534 0.0012420609127730131 0.0012795624788850546 
vn -0.007830079644918442 0.002864932408556342 0.005521051585674286 
vn -0.009268129244446754 0.0005022692494094372 0.003721491200849414 
vn -0.00779879093170166 0.0038923360407352448 0.0049018957652151585 
vn -0.0036737527698278427 0.0034862677566707134 0.008622613735496998 
vn -0.006220423616468906 0.0036495374515652657 0.006927280221134424 
vn -0.006989939138293266 0.005688943434506655 0.00433320552110672 
vn -0.007486145012080669 0.004719987977296114 0.004656108561903238 
vn -0.006323584355413914 0.004604024346917868 0.006230188068002462 
vn -0.007346761412918568 0.005831805057823658 0.0034662880934774876 
vn -0.0054272981360554695 0.006112140137702227 0.005760744214057922 
vn -0.007464430294930935 0.006418574135750532 0.0017561864806339145 
vn -0.0070821382105350494 0.0005022675031796098 -0.0070420908741652966 
vn -0.007579375524073839 -0.0015880769351497293 -0.006327012088149786 
vn -0.00618053087964654 -0.0005022698896937072 -0.007845302112400532 
vn -0.0067110126838088036 -0.0026128028985112906 -0.0069379801861941814 
vn -0.004645890090614557 -0.0002402948448434472 -0.008852004073560238 
vn -0.006989939138293266 0.005688943434506655 0.00433320552110672 
vn -0.004581497982144356 0.005025206599384546 0.007331928238272667 
vn -0.005315610207617283 0.006907016970217228 0.004902795422822237 
vn 0.007192937191575766 -0.005831803660839796 0.0037751453928649426 
vn 0.0047299801371991634 -0.00506293261423707 0.007210686337202787 
vn 0.0038309909868985415 -0.0034452793188393116 0.008570505306124687 
vn 0.004181897733360529 -0.004012740217149258 0.008149211294949055 
vn 0.0059974598698318005 0.007847418077290058 0.0015647714026272297 
vn 0.005054848734289408 0.008545181713998318 0.0011951507767662406 
vn 0.007338821887969971 0.0065516093745827675 0.0017939088866114616 
vn 0.0054997410625219345 0.008285758085548878 0.0010483635123819113 
vn -0.008749553933739662 0.0022312949877232313 0.00429728114977479 
vn -0.008749553933739662 0.0022312949877232313 0.00429728114977479 
vn -0.008749553933739662 0.0022312949877232313 0.00429728114977479 
vn 0.0016071321442723274 0.008805660530924797 0.004458416253328323 
vn 0.003123668022453785 0.009302261285483837 -0.0019263001158833504 
vn 0.007038566283881664 0.00700121046975255 0.0012006794568151236 
vn 0.00465535931289196 -0.0023163941223174334 -0.008541776798665524 
vn 0.00465535931289196 -0.0023163941223174334 -0.008541776798665524 
vn 0.00465535931289196 -0.0023163941223174334 -0.008541776798665524 
vn 0.008160735480487347 -0.00558065390214324 0.0015028977068141103 
vn 0.0079644238576293 -0.005796254146844149 0.0017237730789929628 
vn 0.007896034978330135 -0.005867242347449064 0.0017966886516660452 
vn 0.007613125257194042 -0.006112138740718365 0.0021638108883053064 
vn -0.007625578437000513 -0.006146662402898073 0.0020171969663351774 
vn -0.007065987214446068 -0.006938546895980835 -0.0013886638917028904 
vn -0.006055327598005533 -0.007710143458098173 -0.0019714704249054193 
vn -0.007084948942065239 -0.004251467064023018 -0.0056328075006604195 
vn -0.007293027825653553 -0.0032393820583820343 -0.006026454735547304 
vn 0.0028411936946213245 -0.003932544495910406 0.008744295686483383 
vn 0.0048570893704891205 -0.004911447409540415 0.007230931892991066 
vn 0.006394323892891407 -0.0021033280063420534 0.007395176682621241 
vn 0.005772209260612726 -0.0020178158301860094 0.0079126488417387 
vn 0.006039850879460573 -0.006969944573938847 0.0038652389775961637 
vn 0.0037896090652793646 -0.0015449199127033353 0.00912425760179758 
vn 0.007966406643390656 -0.005100564565509558 0.0032435478642582893 
vn 0.00610536290332675 -0.007216291036456823 0.0032633855007588863 
vn 0.004676635377109051 -0.00861253123730421 0.0019883119966834784 
vn 0.000056552395108155906 0.0067473952658474445 -0.007380342576652765 
vn -0.0015211914433166385 0.0034042277839034796 -0.009278858080506325 
vn 0.0056569743901491165 0.004290972836315632 -0.007041746284812689 
vn -0.001073125982657075 0.003771258285269141 -0.009199239313602448 
vn -0.002572420286014676 0.0023163913283497095 -0.009381736628711224 
vn 0.0040844581089913845 0.009097144939005375 0.0007477682083845139 
vn 0.008319196291267872 0.005544343963265419 -0.00022633833577856421 
vn 0.003278201213106513 0.009333976544439793 -0.0014595506945624948 
vn 0.00421216432005167 0.0070012095384299755 -0.005765478126704693 
vn 0.0007339306175708771 0.00586724141612649 -0.008064541034400463 
vn 0.006836914457380772 0.000545901304576546 -0.007277265656739473 
vn 0.004610839299857616 -0.005212873686105013 -0.0071809543296694756 
vn -0.0016134842298924923 -0.00513810059055686 -0.008425948210060596 
vn 0.0024698106572031975 -0.006249528378248215 -0.007405634503811598 
vn 0.0014635809930041432 -0.006418575067073107 -0.007527272216975689 
vn -0.0013163314433768392 -0.0052128741517663 -0.00843167956918478 
vn -0.004089947324246168 -0.0044090040028095245 -0.007989556528627872 
vn -0.006345612462610006 -0.004172209184616804 -0.006505834404379129 
vn -0.00273447809740901 -0.003811692586168647 -0.00883140042424202 
vn -0.0014290213584899902 -0.0037307576276361942 -0.00916729774326086 
vn 0.0022384910844266415 -0.005616859532892704 -0.007964925840497017 
vn -0.007994357496500015 -0.0034042284823954105 0.004949897062033415 
vn 0.0048570893704891205 -0.004911447409540415 0.007230931892991066 
vn -0.00644429586827755 -0.004052724223583937 0.006484325509518385 
vn 0.0028411936946213245 -0.003932544495910406 0.008744295686483383 
vn -0.007896034978330135 -0.005867242347449064 0.0017966886516660452 
vn 0.004686308559030294 0.0034862677566707134 0.00811692327260971 
vn 0.006394323892891407 -0.0021033280063420534 0.007395176682621241 
vn 0.004600548651069403 0.0036495376843959093 0.008094185031950474 
vn 0.004600548651069403 0.0036495376843959093 0.008094185031950474 
vn 0.004600548651069403 0.0036495376843959093 0.008094185031950474 
vn 0.004600548651069403 0.0036495376843959093 0.008094185031950474 
vn 0.005772209260612726 -0.0020178158301860094 0.0079126488417387 
vn 0.0037896090652793646 -0.0015449199127033353 0.00912425760179758 
vn 0.0016528983833268285 -0.00032764411298558116 0.00985700637102127 
vn -0.0025394728872925043 0.0000655419789836742 0.009671959094703197 
vn -0.00632051657885313 -0.000938036828301847 0.007692279294133186 
vn -0.007994357496500015 -0.0034042284823954105 0.004949897062033415 
vn 0.0011037862859666348 -0.008826282806694508 0.004569288343191147 
vn 0.0048570893704891205 -0.004911447409540415 0.007230931892991066 
vn 0.006039850879460573 -0.006969944573938847 0.0038652389775961637 
vn 0.004059504251927137 -0.008805658668279648 0.0024455657694488764 
vn 0.0023266144562512636 -0.009722934104502201 -0.00022677253582514822 
vn 0.004243355710059404 -0.00896590668708086 0.001267455518245697 
vn 0.0047416384331882 -0.008429672569036484 0.0025411583483219147 
vn 0.002762740245088935 -0.009587058797478676 0.0006749571766704321 
vn 0.005957017652690411 -0.006969944573938847 0.00399171793833375 
vn 0.005470788571983576 -0.008033295162022114 0.0023530086036771536 
vn 0.005921484902501106 -0.007276511751115322 0.003462426597252488 
vn 0.00610536290332675 -0.007216291036456823 0.0032633855007588863 
vn 0.0023453556932508945 -0.009410139173269272 0.0024389747995883226 
vn 0.002135841641575098 -0.009611545130610466 0.001748249283991754 
vn 0.004676635377109051 -0.00861253123730421 0.0019883119966834784 
vn 0.002125779166817665 -0.009702134877443314 0.0011617452837526798 
vn 0.003600028809159994 -0.009253358468413353 0.0011896014912053943 
vn 0.001838024123571813 -0.009762302041053772 0.001148526556789875 
vn 0.004959261044859886 -0.008590244688093662 0.0012702050153166056 
vn 0.006479768082499504 -0.00736579904332757 0.0019384546903893352 
vn 0.006659931503236294 -0.007336176931858063 0.0013512305449694395 
vn 0.007966406643390656 -0.005100564565509558 0.0032435478642582893 
vn 0.004221824463456869 -0.001111892401240766 -0.008996659889817238 
vn 0.003976050298660994 -0.0021460270509123802 -0.008921075612306595 
vn -0.0022966349497437477 -0.007216292433440685 -0.006530741695314646 
vn -0.0012586078373715281 -0.0072464719414711 -0.006775289308279753 
vn 0.004366707056760788 0.007365798577666283 -0.005164966452866793 
vn 0.0040308330208063126 0.005507926922291517 -0.007308565080165863 
vn 0.005345106590539217 0.00576059240847826 -0.006184287369251251 
vn 0.0037182823289185762 0.0008074559736996889 -0.009247832000255585 
vn 0.0005850036977790296 -0.005972885061055422 -0.00799890048801899 
vn 0.0004530520236585289 -0.006146664265543222 -0.007874850183725357 
vn 0.00026426336262375116 -0.006418575067073107 -0.00766368443146348 
vn 0.00026426336262375116 -0.006418575067073107 -0.00766368443146348 
vn 0.00026426336262375116 -0.006418575067073107 -0.00766368443146348 
vn -0.006912208162248135 -0.006747397128492594 -0.002587279537692666 
vn -0.0060845427215099335 -0.007482878398150206 -0.0026428888086229563 
vn -0.008297625929117203 -0.00558065390214324 0.00007556172204203904 
vn -0.007561621256172657 -0.006452017929404974 0.0010924054076895118 
vn -0.008217602968215942 -0.005175534635782242 0.002384290099143982 
vn -0.007355162408202887 0.0006767392042092979 0.006741187535226345 
vn -0.007744929753243923 0.0023588768672198057 0.005869562271982431 
vn -0.00945243425667286 0.00010923315130639821 0.003261833218857646 
vn -0.009848255664110184 -0.0007203255081549287 -0.0015789216849952936 
vn -0.009827876463532448 0.0016312001971527934 0.0008671964169479907 
vn -0.009899321012198925 -0.0012420605635270476 0.0006787769380025566 
vn -0.009341728873550892 0.0018033772939816117 0.0030789501033723354 
vn -0.009714155457913876 -0.0015449210768565536 0.0018023326992988586 
vn -0.006572009529918432 0.006650074850767851 0.003547562751919031 
vn -0.0022966349497437477 -0.007216292433440685 -0.006530741695314646 
vn -0.006759878247976303 -0.006317509338259697 -0.0037938265595585108 
vn -0.007726007141172886 -0.005760593805462122 -0.0026691523380577564 
vn -0.003882249351590872 -0.005652955733239651 -0.0072782025672495365 
vn -0.00626168679445982 -0.005616859067231417 -0.005407603457570076 
vn -0.006346587091684341 -0.00621535861864686 -0.0045924014411866665 
vn 0.007786639966070652 0.005100565496832132 0.003654103260487318 
vn 0.007786639966070652 0.005100565496832132 0.003654103260487318 
vn 0.007786639966070652 0.005100565496832132 0.003654103260487318 
vn -0.0028822647873312235 -0.005760594736784697 -0.0076490589417517185 
vn -0.0028822647873312235 -0.005760594736784697 -0.0076490589417517185 
vn -0.0028822647873312235 -0.005760594736784697 -0.0076490589417517185 
vn -0.0031807818450033665 -0.008826282806694508 0.003461121814325452 
vn -0.0031807818450033665 -0.008826282806694508 0.003461121814325452 
vn -0.0031807818450033665 -0.008826282806694508 0.003461121814325452 
vn -0.008220864459872246 0.003972682636231184 0.004078625235706568 
vn -0.006715035531669855 0.001975004095584154 0.0071419645100831985 
vn -0.006838315632194281 0.0020178183913230896 0.007011836394667625 
vn 0.006072845309972763 0.0037712587509304285 -0.00699272146448493 
vn 0.0028896236326545477 0.004758461378514767 -0.00830705277621746 
vn 0.0031294310465455055 0.002570599317550659 -0.009143231436610222 
vn -0.0015956390416249633 0.0028230403549969196 -0.009459618479013443 
vn -0.0009801503038033843 0.00006553878483828157 -0.009951633401215076 
vn -0.007556285709142685 0.0012854032684117556 -0.006422638427466154 
vn -0.007242260500788689 0.004052724223583937 -0.005578985903412104 
vn -0.00421941326931119 0.007654200308024883 0.004858988802880049 
vn -0.009221592918038368 0.003404229646548629 0.0018366924487054348 
vn -0.0020406122785061598 0.008334368467330933 0.005135583225637674 
vn -0.009241795167326927 0.0035271858796477318 0.0014656663406640291 
vn 0.0005833301693201065 0.006907017435878515 0.007207831833511591 
vn 2.40993663691352e-15 0.006283579394221306 0.007779243867844343 
vn -0.007008384447544813 0.005398052278906107 0.0046630012802779675 
vn -0.008029432967305183 0.0038520493544638157 -0.004548618104308844 
vn -0.0022042179480195045 0.008590244688093662 -0.004620511084794998 
vn -0.004468570929020643 0.008261214941740036 -0.003432812634855509 
vn -0.0014286104124039412 0.008805658668279648 -0.004518788307905197 
vn 0.003278201213106513 0.009333976544439793 -0.0014595506945624948 
vn -0.0019191005267202854 0.009762302041053772 -0.0010072232689708471 
vn -0.007763013709336519 0.005972883198410273 -0.0020150120835751295 
vn -0.007192304823547602 0.006650073919445276 -0.0020117838867008686 
vn -0.0003706605057232082 0.00998845137655735 -0.0003056830901186913 
vn -0.003726004622876644 0.009236703626811504 -0.000894536089617759 
vn -0.001705832197330892 0.009839964099228382 -0.0005150226643308997 
vn -0.006199406925588846 0.007710142992436886 -0.0014563810545951128 
vn -0.007618037983775139 0.006351318210363388 -0.001275247777812183 
vn 0.0040844581089913845 0.009097144939005375 0.0007477682083845139 
vn 0.0068590594455599785 0.007276512216776609 0.00007534579344792292 
vn 0.0016071321442723274 0.008805660530924797 0.004458416253328323 
vn 0.007038566283881664 0.00700121046975255 0.0012006794568151236 
vn 0.00649384967982769 0.006007871124893427 0.00466212397441268 
vn 0.009122026152908802 0.004012742079794407 0.0008285698713734746 
vn 0.009466779418289661 0.0012420602142810822 -0.002972773276269436 
vn 0.008407712914049625 0.005361218936741352 -0.0007534621981903911 
vn 0.008407712914049625 0.005361218936741352 -0.0007534621981903911 
vn 0.008407712914049625 0.005361218936741352 -0.0007534621981903911 
vn -0.00925922766327858 0.00286493101157248 -0.0024614788126200438 
vn -0.009059694595634937 0.00344528048299253 -0.002460075542330742 
vn -0.007763013709336519 0.005972883198410273 -0.0020150120835751295 
vn -0.007192304823547602 0.006650073919445276 -0.0020117838867008686 
vn -0.007618037983775139 0.006351318210363388 -0.001275247777812183 
vn -0.003726004622876644 0.009236703626811504 -0.000894536089617759 
vn 0.007319759577512741 0.006811635103076696 -0.00015081393939908594 
vn -0.0003706605057232082 0.00998845137655735 -0.0003056830901186913 
vn 0.0068590594455599785 0.007276512216776609 0.00007534579344792292 
vn -0.00011328564869472757 -0.0067473952658474445 0.00737968971952796 
vn -0.0017626959597691894 -0.004796845838427544 0.008595532737672329 
vn -0.001689659315161407 -0.004873339552432299 0.008567124605178833 
vn -0.0036314791068434715 -0.0017603806918486953 0.009149503894150257 
vn -0.002909703878685832 0.00892686564475298 0.003441612469032407 
vn -0.0052658929489552975 0.008406085893511772 -0.001268101972527802 
vn -0.002960777608677745 0.009004266001284122 0.003187004243955016 
vn -0.0021798594389110804 0.009561840444803238 0.00195433315820992 
vn -0.002028373535722494 0.009680595248937607 0.001473698066547513 
vn 0.0019027714151889086 0.008826283738017082 0.004298392217606306 
vn -0.0029090901371091604 0.009522643871605396 0.0009254466858692467 
vn -0.00528433732688427 0.008358432911336422 -0.0014874042244628072 
vn -0.005629002582281828 0.007954543456435204 -0.0022448997478932142 
vn -0.006192456465214491 -0.004758463706821203 -0.0062458389438688755 
vn -0.006177372764796019 -0.0044872695580124855 -0.006457900162786245 
vn -0.0061895642429590225 -0.0048351408913731575 -0.006189563777297735 
vn 0.008438888005912304 0.0016742937732487917 0.005097246263176203 
vn 0.00502429623156786 0.006317509803920984 0.005903009790927172 
vn 0.008054232224822044 0.004369743634015322 0.004004332702606916 
vn 0.006893811747431755 0.006385007407516241 0.003421555273234844 
vn 0.009248163551092148 0.003608821192756295 -0.0012032820377498865 
vn 0.008370406925678253 0.005471406504511833 -8.914070037668864e-10 
vn 0.009411032311618328 0.0023163924925029278 -0.0024630874395370483 
vn 0.006931803189218044 0.006452018395066261 0.003212718991562724 
vn 0.005348735023289919 0.007185975555330515 0.004444411490112543 
vn 0.006352135445922613 0.007710143458098173 0.0004517370252870023 
vn 0.007120274938642979 0.0066826422698795795 -0.0021549889352172613 
vn 0.00711824232712388 0.006907016038894653 -0.0012742673279717565 
vn 0.006170528940856457 -0.004369744099676609 -0.006544456351548433 
vn 0.005676476284861565 -0.005434781778603792 -0.006183912046253681 
vn 0.006839136593043804 -0.0041324603371322155 -0.0060124024748802185 
vn 0.0023669193033128977 0.007954544387757778 0.005578791256994009 
vn 0.00502429623156786 0.006317509803920984 0.005903009790927172 
vn 0.0004899026243947446 0.0072464719414711 0.00687376456335187 
vn 0.006893811747431755 0.006385007407516241 0.003421555273234844 
vn 0.006931803189218044 0.006452018395066261 0.003212718991562724 
vn 0.008370406925678253 0.005471406504511833 -8.914070037668864e-10 
vn 0.006170528940856457 -0.004369744099676609 -0.006544456351548433 
vn 0.005301428958773613 -0.006617379374802113 -0.005301428027451038 
vn 0.005676476284861565 -0.005434781778603792 -0.006183912046253681 
vn -0.007726007141172886 -0.005760593805462122 -0.0026691523380577564 
vn -0.006759878247976303 -0.006317509338259697 -0.0037938265595585108 
vn -0.006346587091684341 -0.00621535861864686 -0.0045924014411866665 
vn -0.0035170717164874077 -0.007395282853394747 -0.005739338230341673 
vn -0.0022966349497437477 -0.007216292433440685 -0.006530741695314646 
vn -0.0012586078373715281 -0.0072464719414711 -0.006775289308279753 
vn -0.0044724042527377605 -0.007482878863811493 -0.004899399820715189 
vn -0.0060845427215099335 -0.007482878398150206 -0.0026428888086229563 
vn -0.006912208162248135 -0.006747397128492594 -0.002587279537692666 
vn -0.008217602968215942 -0.005175534635782242 0.002384290099143982 
vn -0.0004678735858760774 0.009623514488339424 0.002677511190995574 
vn -0.0010871135164052248 0.009467837400734425 0.00302955973893404 
vn -0.0035843625664711 0.008867024444043636 0.0029203121084719896 
vn -0.0036754822358489037 0.008429673500359058 0.003928286023437977 
vn -0.004274115432053804 0.0087214894592762 0.0023806653916835785 
vn -0.004274115432053804 0.0087214894592762 0.0023806653916835785 
vn -0.0023120413534343243 0.009481810964643955 0.0021793863270431757 
vn -0.002209674334153533 0.00975273922085762 0.00003752578413696028 
vn -0.0022706680465489626 0.009702134877443314 0.0008441856480203569 
vn -0.002105521969497204 0.00965831521898508 -0.0015112013788893819 
vn 0.005788550246506929 -0.005688943434506655 -0.005841969046741724 
vn 0.004395780619233847 -0.004290975164622068 -0.007890794426202774 
vn 0.005012055858969688 -0.005324285011738539 -0.0068213846534490585 
vn 0.0013926069950684905 -0.002060594502836466 -0.00968579389154911 
vn 0.004684043116867542 -0.0024437052197754383 0.008490467444062233 
vn 0.0064190709963440895 -0.005025204736739397 0.005791618954390287 
vn 0.006161869037896395 -0.00464276596903801 0.006362082436680794 
vn -0.008196273818612099 0.004949461668729782 -0.0028851209208369255 
vn -0.008196273818612099 0.004949461668729782 -0.0028851209208369255 
vn -0.008196273818612099 0.004949461668729782 -0.0028851209208369255 
vn 0.006988339591771364 -0.0033219309989362955 0.006334658246487379 
vn 0.009052054025232792 -0.004052725154906511 -0.0012789579341188073 
vn 0.004049201495945454 -0.00561685673892498 0.007214907091110945 
vn -0.003593853209167719 -0.006907015107572079 0.0062751383520662785 
vn -0.004661428742110729 -0.007246470078825951 0.0050754062831401825 
vn -0.000698012881912291 -0.004681420512497425 0.008808920159935951 
vn -0.006694919429719448 -0.007336176931858063 0.0011655748821794987 
vn 0.003773672506213188 -0.0008509993203915656 0.009221453219652176 
vn 0.0024661121424287558 -0.0009815286612138152 0.009641312062740326 
vn 0.008266224525868893 0.0009380389819853008 0.005548838991671801 
vn 0.008241802453994751 0.002188681857660413 0.005223252344876528 
vn -0.0038280750159174204 -0.006682641804218292 0.00637872563675046 
vn -0.0038280750159174204 -0.006682641804218292 0.00637872563675046 
vn -0.0038280750159174204 -0.006682641804218292 0.00637872563675046 
vn 0.0005625169724225998 0.009185682982206345 0.0039123897440731525 
vn 0.005886948201805353 0.008033295162022114 -0.0009000058635137975 
vn 0.003866231068968773 0.008965907618403435 0.002159804804250598 
vn 0.008256223052740097 0.004758462309837341 -0.0030318002682179213 
vn 0.0037224418483674526 0.008846737444400787 -0.0028068958781659603 
vn 0.0037224418483674526 0.008846737444400787 -0.0028068958781659603 
vn 0.0037224418483674526 0.008846737444400787 -0.0028068958781659603 
vn 0.008396176621317863 -0.004642767366021872 -0.002819384215399623 
vn 0.008396176621317863 -0.004642767366021872 -0.002819384215399623 
vn 0.008396176621317863 -0.004642767366021872 -0.002819384215399623 
vn 0.0034998594783246517 0.008656609803438187 -0.003579676616936922 
vn 0.007302920799702406 0.005867242347449064 -0.0034989742562174797 
vn 0.005822168197482824 0.006650073453783989 -0.004677487071603537 
vn -0.007065987214446068 -0.006938546895980835 -0.0013886638917028904 
vn -0.006055327598005533 -0.007710143458098173 -0.0019714704249054193 
vn -0.007084948942065239 -0.004251467064023018 -0.0056328075006604195 
vn -0.0022589375730603933 -0.005025207065045834 -0.008345327340066433 
vn -0.003882249351590872 -0.005652955733239651 -0.0072782025672495365 
vn -0.0022264989092946053 -0.002864933107048273 -0.009318522177636623 
vn -0.002427192870527506 -0.002990270499140024 -0.009228598326444626 
vn 0.003969650715589523 -0.008846738375723362 -0.0024448097683489323 
vn 0.003969650715589523 -0.008846738375723362 -0.0024448097683489323 
vn 0.003969650715589523 -0.008846738375723362 -0.0024448097683489323 
vn 0.009734638966619968 0.0007203249260783195 -0.0021720812655985355 
vn 0.009686257690191269 0.0008945276495069265 -0.002318671904504299 
vn 0.004461919888854027 0.005175533704459667 -0.007301035337150097 
vn 0.0076920525170862675 0.0037307552993297577 -0.00518784997984767 
vn 0.005019072443246841 0.005100563634186983 -0.006985210347920656 
vn 0.0005462977569550276 0.005175536498427391 0.00853904988616705 
vn 0.0003953810373786837 0.0067795817740261555 0.007340364158153534 
vn 0.005348735023289919 0.007185975555330515 0.004444411490112543 
vn 0.007192937191575766 -0.005831803660839796 0.0037751453928649426 
vn 0.006665490102022886 -0.006317507941275835 0.003957313951104879 
vn 0.0047299801371991634 -0.00506293261423707 0.007210686337202787 
vn 0.004181897733360529 -0.004012740217149258 0.008149211294949055 
vn -0.003006724175065756 0.005398050416260958 -0.007862611673772335 
vn -0.003006724175065756 0.005398050416260958 -0.007862611673772335 
vn -0.003006724175065756 0.005398050416260958 -0.007862611673772335 
vn -0.006572009529918432 0.006650074850767851 0.003547562751919031 
vn -0.009827876463532448 0.0016312001971527934 0.0008671964169479907 
vn -0.006094938609749079 0.0074246227741241455 0.0027796945068985224 
vn 0.0005833301693201065 0.006907017435878515 0.007207831833511591 
vn -0.0020406122785061598 0.008334368467330933 0.005135583225637674 
vn -0.00421941326931119 0.007654200308024883 0.004858988802880049 
vn 0.0024698106572031975 -0.006249528378248215 -0.007405634503811598 
vn 0.0014635809930041432 -0.006418575067073107 -0.007527272216975689 
vn 0.008964133448898792 -0.004409002605825663 0.0004527812416199595 
vn 0.00649384967982769 0.006007871124893427 0.00466212397441268 
vn 0.0016071321442723274 0.008805660530924797 0.004458416253328323 
vn -0.006880850065499544 0.005724823568016291 0.004458732437342405 
vn -0.005896284710615873 0.004835141357034445 0.006469562649726868 
vn 0.006237551104277372 0.0008510021143592894 0.007769732736051083 
vn 0.006237551104277372 0.0008510021143592894 0.007769732736051083 
vn 0.006237551104277372 0.0008510021143592894 0.007769732736051083 
vn -0.006192456465214491 -0.004758463706821203 -0.0062458389438688755 
vn -0.006177372764796019 -0.0044872695580124855 -0.006457900162786245 
vn -0.0061776842921972275 -0.004409003537148237 -0.006511290557682514 
vn -0.003882249351590872 -0.005652955733239651 -0.0072782025672495365 
vn -0.00626168679445982 -0.005616859067231417 -0.005407603457570076 
vn -0.0022589375730603933 -0.005025207065045834 -0.008345327340066433 
vn 0.006893811747431755 0.006385007407516241 0.003421555273234844 
vn 0.0004899026243947446 0.0072464719414711 0.00687376456335187 
vn 0.006931803189218044 0.006452018395066261 0.003212718991562724 
vn 0.005223242100328207 0.005831803195178509 -0.006221560761332512 
vn 0.007120274938642979 0.0066826422698795795 -0.0021549889352172613 
vn 0.004006286151707172 0.0042909723706543446 -0.008095506578683853 
vn 0.005223242100328207 0.005831803195178509 -0.006221560761332512 
vn 0.007120274938642979 0.0066826422698795795 -0.0021549889352172613 
vn 0.00711824232712388 0.006907016038894653 -0.0012742673279717565 
vn 0.005413736682385206 0.0034452795516699553 -0.007669517770409584 
vn 0.005413736682385206 0.0034452795516699553 -0.007669517770409584 
vn 0.005413736682385206 0.0034452795516699553 -0.007669517770409584 
vn 0.004405421670526266 -0.0020605914760380983 0.00873763207346201 
vn 0.004684043116867542 -0.0024437052197754383 0.008490467444062233 
vn 0.006161869037896395 -0.00464276596903801 0.006362082436680794 
vn 0.007278995588421822 -0.005972884129732847 -0.0033676212187856436 
vn 0.005788550246506929 -0.005688943434506655 -0.005841969046741724 
vn 0.004395780619233847 -0.004290975164622068 -0.007890794426202774 
vn 0.0059974598698318005 0.007847418077290058 0.0015647714026272297 
vn 0.008670013397932053 0.004487269092351198 0.002166861668229103 
vn 0.007338821887969971 0.0065516093745827675 0.0017939088866114616 
vn -0.0016523617086932063 0.0004149746091570705 0.009853806346654892 
vn -0.0016523617086932063 0.0004149746091570705 0.009853806346654892 
vn -0.0016523617086932063 0.0004149746091570705 0.009853806346654892 
vn -0.004735489375889301 0.008805659599602222 0.00018841408018488437 
vn -0.004735489375889301 0.008805659599602222 0.00018841408018488437 
vn -0.004735489375889301 0.008805659599602222 0.00018841408018488437 
vn 2.7864855571318927e-15 -0.004369741305708885 0.00899474136531353 
vn 2.7864855571318927e-15 -0.004369741305708885 0.00899474136531353 
vn 2.7864855571318927e-15 -0.004369741305708885 0.00899474136531353 
vn 2.7864855571318927e-15 -0.004369741305708885 0.00899474136531353 
vn 0.008994740433990955 -0.004369742702692747 7.119228540020117e-10 
vn 0.008994740433990955 -0.004369742702692747 7.119228540020117e-10 
vn 0.008994740433990955 -0.004369742702692747 7.119228540020117e-10 
vn 0.008994740433990955 -0.004369742702692747 7.119228540020117e-10 
vn -9.301600195440085e-16 -0.004369744565337896 -0.00899473950266838 
vn -9.301600195440085e-16 -0.004369744565337896 -0.00899473950266838 
vn -9.301600195440085e-16 -0.004369744565337896 -0.00899473950266838 
vn -9.301600195440085e-16 -0.004369744565337896 -0.00899473950266838 
vn -0.008994740433990955 -0.004369742702692747 7.119247413811536e-10 
vn -0.008994740433990955 -0.004369742702692747 7.119247413811536e-10 
vn -0.008994740433990955 -0.004369742702692747 7.119247413811536e-10 
vn -0.008994740433990955 -0.004369742702692747 7.119247413811536e-10 
vn 0.0003058097208850086 0.009995322674512863 -1.6284480430783788e-9 
vn 0.0003058097208850086 0.009995322674512863 -1.6284480430783788e-9 
vn 0.0003058097208850086 0.009995322674512863 -1.6284480430783788e-9 
vn 0.0003058097208850086 0.009995322674512863 -1.6284480430783788e-9 
vn 0.0016878677997738123 0.003811692586168647 0.009089670144021511 
vn 0.0016878677997738123 0.003811692586168647 0.009089670144021511 
vn 0.0016878677997738123 0.003811692586168647 0.009089670144021511 
vn 0.0016878677997738123 0.003811692586168647 0.009089670144021511 
vn 0.0015201952774077654 -0.006007871590554714 -0.007848215289413929 
vn 0.0011300420155748725 -0.004172209650278091 -0.00901752058416605 
vn 0.002826593117788434 -0.006007871590554714 -0.007477690000087023 
vn 0.006081955507397652 -0.0049873823300004005 -0.006175421644002199 
vn -0.0012049474753439426 -0.004172209650278091 -0.009007817134261131 
vn -0.0061621577478945255 -0.0049873823300004005 -0.006095394492149353 
vn -0.002861887915059924 -0.006007871590554714 -0.007464253343641758 
vn -0.0015937575371935964 -0.006042743567377329 -0.007806740235537291 
vn 0.006188658531755209 -0.004987380467355251 0.0060684881173074245 
vn 0.0012049474753439426 -0.00417220639064908 0.00900781899690628 
vn 0.002897118218243122 -0.006007869262248278 0.007450651843100786 
vn 0.0016307313926517963 -0.006042740773409605 0.007799102459102869 
vn -0.002861887915059924 -0.006007869262248278 0.0074642556719481945 
vn -0.001483101979829371 -0.006007869262248278 0.007855311036109924 
vn -0.0011300420155748725 -0.00417220639064908 0.009017521515488625 
vn -0.006108805537223816 -0.004987380467355251 0.006148864049464464 
vn 3.5117853644265284e-16 0.009935540147125721 0.0011335981544107199 
vn 3.5117853644265284e-16 0.009935540147125721 0.0011335981544107199 
vn 3.5117853644265284e-16 0.009935540147125721 0.0011335981544107199 
vn 3.5117853644265284e-16 0.009935540147125721 0.0011335981544107199 
vn -0.009096209891140461 0.0036495360545814037 -0.0019849047530442476 
vn -0.009096209891140461 0.0036495360545814037 -0.0019849047530442476 
vn -0.009096209891140461 0.0036495360545814037 -0.0019849047530442476 
vn -0.009096209891140461 0.0036495360545814037 -0.0019849047530442476 
vn -0.000019445375073701143 -0.00999961793422699 -0.00008519412949681282 
vn -0.000019445375073701143 -0.00999961793422699 -0.00008519412949681282 
vn -0.000019445375073701143 -0.00999961793422699 -0.00008519412949681282 
vn -0.000019445375073701143 -0.00999961793422699 -0.00008519412949681282 
vn -0.00001778125442797318 0.009995322674512863 -0.0003052939719054848 
vn -0.00001778125442797318 0.009995322674512863 -0.0003052939719054848 
vn -0.00001778125442797318 0.009995322674512863 -0.0003052939719054848 
vn -0.00001778125442797318 0.009995322674512863 -0.0003052939719054848 
vn 0.0011335997842252254 0.009935540147125721 -1.6187080564833423e-9 
vn 0.0011335997842252254 0.009935540147125721 -1.6187080564833423e-9 
vn 0.0011335997842252254 0.009935540147125721 -1.6187080564833423e-9 
vn 0.0011335997842252254 0.009935540147125721 -1.6187080564833423e-9 
vn -1.1747903609608817e-16 0.009935540147125721 -0.001133601414039731 
vn -1.1747903609608817e-16 0.009935540147125721 -0.001133601414039731 
vn -1.1747903609608817e-16 0.009935540147125721 -0.001133601414039731 
vn -1.1747903609608817e-16 0.009935540147125721 -0.001133601414039731 
vn -0.0011335997842252254 0.009935540147125721 -1.6187078344387373e-9 
vn -0.0011335997842252254 0.009935540147125721 -1.6187078344387373e-9 
vn -0.0011335997842252254 0.009935540147125721 -1.6187078344387373e-9 
vn -0.0011335997842252254 0.009935540147125721 -1.6187078344387373e-9 
vn -0.0016878677997738123 0.0038116895593702793 -0.009089671075344086 
vn -0.0016878677997738123 0.0038116895593702793 -0.009089671075344086 
vn -0.0016878677997738123 0.0038116895593702793 -0.009089671075344086 
vn -0.0016878677997738123 0.0038116895593702793 -0.009089671075344086 
vn 0.002003336325287819 0.0036495348904281855 -0.009092168882489204 
vn 0.002003336325287819 0.0036495348904281855 -0.009092168882489204 
vn 0.002003336325287819 0.0036495348904281855 -0.009092168882489204 
vn 0.002003336325287819 0.0036495348904281855 -0.009092168882489204 
vn -0.00030374195193871856 0.009995322674512863 -0.00003550397013896145 
vn -0.00030374195193871856 0.009995322674512863 -0.00003550397013896145 
vn -0.00030374195193871856 0.009995322674512863 -0.00003550397013896145 
vn -0.00030374195193871856 0.009995322674512863 -0.00003550397013896145 
vn -0.00007873271533753723 -0.00999961793422699 -0.00003791405106312595 
vn -0.00007873271533753723 -0.00999961793422699 -0.00003791405106312595 
vn -0.00007873271533753723 -0.00999961793422699 -0.00003791405106312595 
vn -0.00007873271533753723 -0.00999961793422699 -0.00003791405106312595 
vn -0.009096480906009674 0.0038116914220154285 0.0016507674008607864 
vn -0.009096480906009674 0.0038116914220154285 0.0016507674008607864 
vn -0.009096480906009674 0.0038116914220154285 0.0016507674008607864 
vn -0.009096480906009674 0.0038116914220154285 0.0016507674008607864 
vn -0.001966463401913643 0.003649537917226553 0.009100214578211308 
vn -0.001966463401913643 0.003649537917226553 0.009100214578211308 
vn -0.001966463401913643 0.003649537917226553 0.009100214578211308 
vn -0.001966463401913643 0.003649537917226553 0.009100214578211308 
vn -0.00001778125442797318 0.009995322674512863 0.00030529071227647364 
vn -0.00001778125442797318 0.009995322674512863 0.00030529071227647364 
vn -0.00001778125442797318 0.009995322674512863 0.00030529071227647364 
vn -0.00001778125442797318 0.009995322674512863 0.00030529071227647364 
vn -0.000019445375073701143 -0.00999961793422699 0.00008519738912582397 
vn -0.000019445375073701143 -0.00999961793422699 0.00008519738912582397 
vn -0.000019445375073701143 -0.00999961793422699 0.00008519738912582397 
vn -0.000019445375073701143 -0.00999961793422699 0.00008519738912582397 
vn 0.009096480906009674 0.0038116907235234976 -0.0016507686814293265 
vn 0.009096480906009674 0.0038116907235234976 -0.0016507686814293265 
vn 0.009096480906009674 0.0038116907235234976 -0.0016507686814293265 
vn 0.009096480906009674 0.0038116907235234976 -0.0016507686814293265 
vn 0.009088089689612389 0.0036495367530733347 0.002021759981289506 
vn 0.009088089689612389 0.0036495367530733347 0.002021759981289506 
vn 0.009088089689612389 0.0036495367530733347 0.002021759981289506 
vn 0.009088089689612389 0.0036495367530733347 0.002021759981289506 
vn 0.003140924498438835 -0.006875352468341589 0.006547069642692804 
vn 0.0016307313926517963 -0.006042740773409605 0.007799102459102869 
vn -0.0025518795009702444 -0.0067473952658474445 0.006925357040017843 
vn -0.001483101979829371 -0.006007869262248278 0.007855311036109924 
vn -0.0025518795009702444 -0.0067473952658474445 0.006925357040017843 
vn -0.001483101979829371 -0.006007869262248278 0.007855311036109924 
vn -0.0022805326152592897 -0.003892333945259452 0.00892462395131588 
vn -0.002186843426898122 -0.003771258285269141 0.008999740704894066 
vn 0.006547068245708942 -0.006875353865325451 -0.0031409235671162605 
vn 0.007795216049998999 -0.006042742170393467 -0.001649203710258007 
vn 0.006912208162248135 -0.006747396197170019 0.002587281633168459 
vn 0.00785178504884243 -0.006007870193570852 0.0015016536926850677 
vn -0.003140924498438835 -0.006875354330986738 -0.006547067314386368 
vn -0.0015937575371935964 -0.006042743567377329 -0.007806740235537291 
vn 0.0025518795009702444 -0.006747397594153881 -0.006925354711711407 
vn 0.0015201952774077654 -0.006007871590554714 -0.007848215289413929 
vn -0.006547068245708942 -0.006875352934002876 0.0031409256625920534 
vn -0.007802942767739296 -0.00604274170473218 0.0016122499946504831 
vn -0.006912208162248135 -0.006747397128492594 -0.002587279537692666 
vn -0.007858792319893837 -0.00600787065923214 -0.001464541768655181 
vn 0.00008738672477193177 -0.00999961793422699 1.6291477056284975e-9 
vn 0.00008738672477193177 -0.00999961793422699 1.6291477056284975e-9 
vn 0.00008738672477193177 -0.00999961793422699 1.6291477056284975e-9 
vn 0.00008738672477193177 -0.00999961793422699 1.6291477056284975e-9 
vn -0.009999976493418217 0.00002184694130846765 -3.557257353264953e-12 
vn -0.009999976493418217 0.00002184694130846765 -3.557257353264953e-12 
vn -0.009999976493418217 0.00002184694130846765 -3.557257353264953e-12 
vn -0.009999976493418217 0.00002184694130846765 -3.557257353264953e-12 
vn -1.0341130909078582e-15 0.000021845313312951475 -0.009999976493418217 
vn -1.0341130909078582e-15 0.000021845313312951475 -0.009999976493418217 
vn -1.0341130909078582e-15 0.000021845313312951475 -0.009999976493418217 
vn -1.0341130909078582e-15 0.000021845313312951475 -0.009999976493418217 
vn 0.009999976493418217 0.00002184694130846765 -3.5593255773291865e-12 
vn 0.009999976493418217 0.00002184694130846765 -3.5593255773291865e-12 
vn 0.009999976493418217 0.00002184694130846765 -3.5593255773291865e-12 
vn 0.009999976493418217 0.00002184694130846765 -3.5593255773291865e-12 
vn 3.097898490739357e-15 0.000021848571122973226 0.009999976493418217 
vn 3.097898490739357e-15 0.000021848571122973226 0.009999976493418217 
vn 3.097898490739357e-15 0.000021848571122973226 0.009999976493418217 
vn 3.097898490739357e-15 0.000021848571122973226 0.009999976493418217 
vn 0.00022647753939963877 -0.0034862649627029896 0.009369880892336369 
vn 0.00013213587226346135 -0.0020178155973553658 0.009793413802981377 
vn 0.00022647753939963877 -0.0034862649627029896 0.009369880892336369 
vn 0.00015096031711436808 -0.0019750013016164303 0.009801866486668587 
vn 3.0518806730226887e-15 0.001717355684377253 0.009851430542767048 
vn 0.00001886263271444477 0.0016742945881560445 0.009858822450041771 
vn -0.000018870257918024436 0.003115094034001231 0.00950241181999445 
vn -0.000018870257918024436 0.003115094034001231 0.00950241181999445 
vn -0.00011329621338518336 -0.002060594502836466 -0.009784738533198833 
vn -0.0002263426431454718 -0.000414974638260901 -0.009988822042942047 
vn -0.00011329621338518336 -0.002060594502836466 -0.009784738533198833 
vn -0.00024539741571061313 -0.0005022702389396727 -0.009984362870454788 
vn -0.00039609617670066655 0.0011553015792742372 -0.009925139136612415 
vn -0.00039609617670066655 0.0011553015792742372 -0.009925139136612415 
vn -0.0002831758465617895 -0.0034452793188393116 0.009383488446474075 
vn -0.0000943841805565171 -0.0020178155973553658 0.009793850593268871 
vn -0.0002831758465617895 -0.0034452793188393116 0.009383488446474075 
vn -0.00015109176456462592 -0.0019321492873132229 0.009810401126742363 
vn 3.0518806730226887e-15 0.001717355684377253 0.009851430542767048 
vn 0.00001886263271444477 0.0016742945881560445 0.009858822450041771 
vn -0.000018870257918024436 0.003115094034001231 0.00950241181999445 
vn -0.000018870257918024436 0.003115094034001231 0.00950241181999445 
vn 0.00011329621338518336 -0.002060594502836466 -0.009784738533198833 
vn 0.0002263426431454718 -0.000414974638260901 -0.009988822042942047 
vn 0.00011329621338518336 -0.002060594502836466 -0.009784738533198833 
vn 0.00020764992223121226 -0.0005022702389396727 -0.00998521875590086 
vn 0.0003583899815566838 0.0011553015792742372 -0.009926572442054749 
vn 0.0003583899815566838 0.0011553015792742372 -0.009926572442054749 
vn 0.0002454283239785582 -0.003445282345637679 -0.009384551085531712 
vn 0.0002454283239785582 -0.003445282345637679 -0.009384551085531712 
vn 0.00013213587226346135 -0.002017818856984377 -0.009793413802981377 
vn 0.00015109176456462592 -0.0019321524305269122 -0.009810400195419788 
vn -1.0187518307720462e-15 0.001717352424748242 -0.009851431474089622 
vn 0.00001886263271444477 0.0016742913285270333 -0.009858823381364346 
vn -0.000018870257918024436 0.0031150910072028637 -0.009502412751317024 
vn -0.000018870257918024436 0.0031150910072028637 -0.009502412751317024 
vn -0.00011329621338518336 -0.0020605912432074547 0.009784739464521408 
vn -0.0002263426431454718 -0.0004149713786318898 0.009988822042942047 
vn -0.00011329621338518336 -0.0020605912432074547 0.009784739464521408 
vn -0.00024539741571061313 -0.0005022669793106616 0.009984363801777363 
vn -0.00039609617670066655 0.0011553048389032483 0.009925139136612415 
vn -0.00039609617670066655 0.0011553048389032483 0.009925139136612415 
vn -0.00022647753939963877 -0.003486267989501357 -0.00936987902969122 
vn -0.0000943841805565171 -0.002017818856984377 -0.009793849661946297 
vn -0.00022647753939963877 -0.003486267989501357 -0.00936987902969122 
vn -0.00015096031711436808 -0.0019750045612454414 -0.009801865555346012 
vn -1.0187518307720462e-15 0.001717352424748242 -0.009851431474089622 
vn 0.00001886263271444477 0.0016742913285270333 -0.009858823381364346 
vn -0.000018870257918024436 0.0031150910072028637 -0.009502412751317024 
vn -0.000018870257918024436 0.0031150910072028637 -0.009502412751317024 
vn 0.00011329621338518336 -0.0020605912432074547 0.009784739464521408 
vn 0.0002263426431454718 -0.0004149713786318898 0.009988822042942047 
vn 0.00011329621338518336 -0.0020605912432074547 0.009784739464521408 
vn 0.00020764992223121226 -0.0005022669793106616 0.009985219687223434 
vn 0.0003583899815566838 0.0011553048389032483 0.009926571510732174 
vn 0.0003583899815566838 0.0011553048389032483 0.009926571510732174 
vn 0.007918606512248516 -0.005652954336255789 0.0023107966408133507 
vn 0.006665490102022886 -0.006317507941275835 0.003957313951104879 
vn 0.007918606512248516 -0.005652954336255789 0.0023107966408133507 
vn 0.007192937191575766 -0.005831803660839796 0.0037751453928649426 
vn 0.007918606512248516 -0.005652954336255789 0.0023107966408133507 
vt 0.7963207364082336 0.530293881893158 
vt 0.8086104393005371 0.5479384064674377 
vt 0.7874680161476135 0.5374693274497986 
vt 0.7770529985427856 0.544762372970581 
vt 0.7855932712554932 0.5693470239639282 
vt 0.7654923796653748 0.5519378185272217 
vt 0.8171507716178894 0.5654652714729309 
vt 0.8291280269622803 0.5501733422279358 
vt 0.8396471738815308 0.5578193068504333 
vt 0.817046582698822 0.5818158388137817 
vt 0.8035070896148682 0.5782869458198547 
vt 0.7887178063392639 0.5892265439033508 
vt 0.7726786732673645 0.5986369252204895 
vt 0.7565354704856873 0.5855799913406372 
vt 0.7552856206893921 0.6065181493759155 
vt 0.785176694393158 0.6048713326454163 
vt 0.7483075857162476 0.6218100190162659 
vt 0.7459121346473694 0.5600543022155762 
vt 0.7241448163986206 0.5662886500358582 
vt 0.7242489457130432 0.5955785512924194 
vt 0.7091472148895264 0.5694646835327148 
vt 0.7368510961532593 0.6127524971961975 
vt 0.7172709107398987 0.6168695688247681 
vt 0.7066475749015808 0.6312204003334045 
vt 0.688213050365448 0.5996955633163452 
vt 0.6857134699821472 0.5698175430297852 
vt 0.6489484906196594 0.5966371893882751 
vt 0.6553016304969788 0.5665239095687866 
vt 0.6242649555206299 0.5587603449821472 
vt 0.612079381942749 0.5864034295082092 
vt 0.6017685532569885 0.5485265254974365 
vt 0.5787513852119446 0.5684059858322144 
vt 0.5837506055831909 0.5379398465156555 
vt 0.557608962059021 0.5488794445991516 
vt 0.5401117205619812 0.5626421570777893 
vt 0.5575047731399536 0.579110324382782 
vt 0.5287594199180603 0.5739346146583557 
vt 0.5585463047027588 0.5972253680229187 
vt 0.5758352279663086 0.5922849178314209 
vt 0.5898954272270203 0.6148698329925537 
vt 0.5953112244606018 0.6021658182144165 
vt 0.6199948191642761 0.6245155334472656 
vt 0.6152039170265198 0.6096941232681274 
vt 0.635304868221283 0.6149874925613403 
vt 0.6557182669639587 0.6182811260223389 
vt 0.6631128787994385 0.6319262385368347 
vt 0.6763399243354797 0.6198103427886963 
vt 0.6969616413116455 0.6194574236869812 
vt 0.7091472148895264 0.5694646835327148 
vt 0.7075849771499634 0.5529964566230774 
vt 0.6857134699821472 0.5698175430297852 
vt 0.6934205293655396 0.5532317161560059 
vt 0.6790478229522705 0.5539374947547913 
vt 0.6553016304969788 0.5665239095687866 
vt 0.7241448163986206 0.5662886500358582 
vt 0.7212285995483398 0.5506438612937927 
vt 0.7345597743988037 0.5484089255332947 
vt 0.7316436171531677 0.5379398465156555 
vt 0.7194580435752869 0.5406453013420105 
vt 0.7065434455871582 0.5419392585754395 
vt 0.6933164000511169 0.542527437210083 
vt 0.6799852252006531 0.5420569181442261 
vt 0.6648834347724915 0.5515848994255066 
vt 0.6505107283592224 0.5489970445632935 
vt 0.6665498614311218 0.5405277013778687 
vt 0.6532186269760132 0.5375869274139404 
vt 0.6362422108650208 0.5449976325035095 
vt 0.6397833228111267 0.533822774887085 
vt 0.6222860813140869 0.5398219227790833 
vt 0.6266604065895081 0.5289999842643738 
vt 0.6090590357780457 0.5335875153541565 
vt 0.6136416792869568 0.5234713554382324 
vt 0.7459121346473694 0.5600543022155762 
vt 0.6242649555206299 0.5587603449821472 
vt 0.6017685532569885 0.5485265254974365 
vt 0.5959361791610718 0.5279412865638733 
vt 0.6009353399276733 0.5177074670791626 
vt 0.5839589238166809 0.5214716196060181 
vt 0.5888539552688599 0.5120612382888794 
vt 0.5837506055831909 0.5379398465156555 
vt 0.7652840614318848 0.6302793622016907 
vt 0.7843434810638428 0.6207513809204102 
vt 0.7483075857162476 0.6218100190162659 
vt 0.785176694393158 0.6048713326454163 
vt 0.8022572994232178 0.6101646423339844 
vt 0.817046582698822 0.5818158388137817 
vt 0.7445582151412964 0.6380429863929749 
vt 0.7222700715065002 0.644159734249115 
vt 0.7066475749015808 0.6312204003334045 
vt 0.6987321972846985 0.6469828486442566 
vt 0.6631128787994385 0.6319262385368347 
vt 0.6750901341438293 0.6479238867759705 
vt 0.6519688367843628 0.6456888914108276 
vt 0.6292641758918762 0.6421599984169006 
vt 0.6199948191642761 0.6245155334472656 
vt 0.6067677736282349 0.636278510093689 
vt 0.5898954272270203 0.6148698329925537 
vt 0.5841671824455261 0.6286325454711914 
vt 0.5615666508674622 0.618163526058197 
vt 0.5585463047027588 0.5972253680229187 
vt 0.5384453535079956 0.6049889326095581 
vt 0.5137618184089661 0.5859328508377075 
vt 0.5287594199180603 0.5739346146583557 
vt 0.818817138671875 0.5979311466217041 
vt 0.8356894254684448 0.5844036936759949 
vt 0.8532907962799072 0.5661710500717163 
vt 0.8396471738815308 0.5578193068504333 
vt 0.7468494772911072 0.5434684753417969 
vt 0.7434125542640686 0.5341756939888 
vt 0.7545565962791443 0.5295881032943726 
vt 0.7589309215545654 0.5388808846473694 
vt 0.7650757431983948 0.5240594744682312 
vt 0.7696583271026611 0.5322936177253723 
vt 0.7752824425697327 0.5180603861808777 
vt 0.780281662940979 0.526294469833374 
vt 0.7852808237075806 0.5120612382888794 
vt 0.7903841733932495 0.5200600624084473 
vt 0.7874680161476135 0.5374693274497986 
vt 0.7963207364082336 0.530293881893158 
vt 0.7654923796653748 0.5519378185272217 
vt 0.7770529985427856 0.544762372970581 
vt 0.1470496505498886 0.7670831084251404 
vt 0.14152969419956207 0.7948437333106995 
vt 0.17298300564289093 0.8077830672264099 
vt 0.12455324828624725 0.8803607821464539 
vt 0.10747265070676804 0.7948437333106995 
vt 0.07612349838018417 0.8077830672264099 
vt 0.06039685010910034 0.7843747138977051 
vt 0.028526950627565384 0.8162524104118347 
vt 0.05206485092639923 0.8318971991539001 
vt 0.011342200450599194 0.8577758073806763 
vt 0.03904610127210617 0.8633044362068176 
vt 0.011342200450599194 0.9028280973434448 
vt 0.03904610127210617 0.8972994685173035 
vt 0.028526950627565384 0.9444690942764282 
vt 0.05206485092639923 0.9288243055343628 
vt 0.10205685347318649 0.7670831084251404 
vt 0.06039685010910034 0.976229190826416 
vt 0.07612349838018417 0.9528208374977112 
vt 0.10205685347318649 0.9935208559036255 
vt 0.10747265070676804 0.9658777713775635 
vt 0.1470496505498886 0.9935208559036255 
vt 0.14152969419956207 0.9658777713775635 
vt 0.18870964646339417 0.976229190826416 
vt 0.17298300564289093 0.9528208374977112 
vt 0.22047540545463562 0.9444690942764282 
vt 0.19704164564609528 0.9288243055343628 
vt 0.23776429891586304 0.9028280973434448 
vt 0.21006040275096893 0.8972994685173035 
vt 0.23776429891586304 0.8577758073806763 
vt 0.21006040275096893 0.8633044362068176 
vt 0.22047540545463562 0.8162524104118347 
vt 0.19704164564609528 0.8318971991539001 
vt 0.18870964646339417 0.7843747138977051 
vt 0.21610109508037567 0.354554682970047 
vt 0.18850134313106537 0.33843934535980225 
vt 0.1946461945772171 0.35408416390419006 
vt 0.1760033518075943 0.36078906059265137 
vt 0.18766814470291138 0.36702343821525574 
vt 0.17214980721473694 0.3885497450828552 
vt 0.18246065080165863 0.36031854152679443 
vt 0.1654842048883438 0.35820120573043823 
vt 0.20110349357128143 0.34514427185058594 
vt 0.1852726936340332 0.3358514904975891 
vt 0.20891475677490234 0.2790362238883972 
vt 0.2497415542602539 0.26033303141593933 
vt 0.2423468977212906 0.2235148549079895 
vt 0.28286126255989075 0.2185743898153305 
vt 0.26692628860473633 0.19540128111839294 
vt 0.297858864068985 0.1928134262561798 
vt 0.30171239376068115 0.23045502603054047 
vt 0.3035871088504791 0.22022120654582977 
vt 0.19881220161914825 0.22057409584522247 
vt 0.19287565350532532 0.20704664289951324 
vt 0.23890994489192963 0.18728481233119965 
vt 0.16110989451408386 0.2645677328109741 
vt 0.16215139627456665 0.28162407875061035 
vt 0.14475834369659424 0.2680966258049011 
vt 0.12632380425930023 0.27985963225364685 
vt 0.13059395551681519 0.2860940098762512 
vt 0.1577771008014679 0.2164570540189743 
vt 0.23786844313144684 0.22151513397693634 
vt 0.16038085520267487 0.1935192048549652 
vt 0.21714259684085846 0.19375446438789368 
vt 0.2603648602962494 0.20398826897144318 
vt 0.27265456318855286 0.18963740766048431 
vt 0.2904641926288605 0.20610560476779938 
vt 0.18850134313106537 0.33843934535980225 
vt 0.20214499533176422 0.34832027554512024 
vt 0.20881059765815735 0.2718607783317566 
vt 0.2227666974067688 0.2962101995944977 
vt 0.21797579526901245 0.22857293486595154 
vt 0.2517203986644745 0.23080791532993317 
vt 0.22453725337982178 0.20669375360012054 
vt 0.29317209124565125 0.21880964934825897 
vt 0.2672387361526489 0.206929013133049 
vt 0.29421359300613403 0.2016356736421585 
vt 0.23307755589485168 0.19375446438789368 
vt 0.22453725337982178 0.20669375360012054 
vt 0.2695300579071045 0.2450411468744278 
vt 0.29088079929351807 0.2344544380903244 
vt 0.20214499533176422 0.34832027554512024 
vt 0.21610109508037567 0.354554682970047 
vt 0.2227666974067688 0.2962101995944977 
vt 0.4922027587890625 0.21034029126167297 
vt 0.43158745765686035 0.18375590443611145 
vt 0.4922027587890625 0.2379833459854126 
vt 0.4087786078453064 0.20963451266288757 
vt 0.4167981445789337 0.2333957701921463 
vt 0.3807622492313385 0.23704229295253754 
vt 0.352641761302948 0.23610125482082367 
vt 0.3432682454586029 0.26350903511047363 
vt 0.30171239376068115 0.23045502603054047 
vt 0.3035871088504791 0.22022120654582977 
vt 0.3328532576560974 0.20316486060619354 
vt 0.297858864068985 0.1928134262561798 
vt 0.4730391502380371 0.26115643978118896 
vt 0.4922027587890625 0.26174458861351013 
vt 0.4922027587890625 0.28832897543907166 
vt 0.4740806519985199 0.2813888192176819 
vt 0.14173799753189087 0.2072819173336029 
vt 0.203290656208992 0.20916399359703064 
vt 0.15579825639724731 0.19093133509159088 
vt 0.23588959872722626 0.20010648667812347 
vt 0.2510955035686493 0.23915964365005493 
vt 0.14173799753189087 0.2072819173336029 
vt 0.19995784759521484 0.22786715626716614 
vt 0.2617188096046448 0.2439824640750885 
vt 0.25432413816452026 0.2645677328109741 
vt 0.2773413062095642 0.25868621468544006 
vt 0.4922027587890625 0.20363537967205048 
vt 0.4922027587890625 0.22974924743175507 
vt 0.45106351375579834 0.1952836513519287 
vt 0.41502758860588074 0.21281051635742188 
vt 0.4018005430698395 0.19104896485805511 
vt 0.3455595374107361 0.20963451266288757 
vt 0.35930734872817993 0.24915818870067596 
vt 0.3149394392967224 0.2418651282787323 
vt 0.29421359300613403 0.2016356736421585 
vt 0.29317209124565125 0.21880964934825897 
vt 0.4379405975341797 0.2355131059885025 
vt 0.4922027587890625 0.274095743894577 
vt 0.4730391502380371 0.2235148549079895 
vt 0.4473141133785248 0.25339287519454956 
vt 0.4167981445789337 0.23280762135982513 
vt 0.3887817859649658 0.25233420729637146 
vt 0.3807622492313385 0.23104317486286163 
vt 0.3432682454586029 0.24104171991348267 
vt 0.35930734872817993 0.2693905532360077 
vt 0.3149394392967224 0.2645677328109741 
vt 0.30171239376068115 0.22939634323120117 
vt 0.29088079929351807 0.2439824640750885 
vt 0.2695300579071045 0.23915964365005493 
vt 0.2497415542602539 0.20010648667812347 
vt 0.4379405975341797 0.27562493085861206 
vt 0.4473141133785248 0.25339287519454956 
vt 0.4922027587890625 0.27985963225364685 
vt 0.2227666974067688 0.22786715626716614 
vt 0.23443150520324707 0.20916399359703064 
vt 0.4922027587890625 0.21939779818058014 
vt 0.4740806519985199 0.2450411468744278 
vt 0.24890835583209991 0.25339287519454956 
vt 0.2125599980354309 0.2753896713256836 
vt 0.21485130488872528 0.2450411468744278 
vt 0.43158745765686035 0.2326899915933609 
vt 0.428567111492157 0.2563336193561554 
vt 0.4922027587890625 0.2348073273897171 
vt 0.4922027587890625 0.27774226665496826 
vt 0.45106351375579834 0.28338852524757385 
vt 0.4018005430698395 0.2764483392238617 
vt 0.33139514923095703 0.2510402798652649 
vt 0.3438931405544281 0.27421337366104126 
vt 0.29421359300613403 0.26009777188301086 
vt 0.3328532576560974 0.22927871346473694 
vt 0.297858864068985 0.22645559906959534 
vt 0.4922027587890625 0.2457469254732132 
vt 0.4740806519985199 0.2450411468744278 
vt 0.4922027587890625 0.2744486331939697 
vt 0.19329224526882172 0.2506873905658722 
vt 0.21724675595760345 0.20610560476779938 
vt 0.21797579526901245 0.2344544380903244 
vt 0.21724675595760345 0.20610560476779938 
vt 0.18246065080165863 0.23433680832386017 
vt 0.19329224526882172 0.2506873905658722 
vt 0.15256960690021515 0.29079920053482056 
vt 0.14944510161876678 0.27139025926589966 
vt 0.14538325369358063 0.2623327374458313 
vt 0.14944510161876678 0.27139025926589966 
vt 0.30921119451522827 0.22375011444091797 
vt 0.2904641926288605 0.20610560476779938 
vt 0.28286126255989075 0.2263379693031311 
vt 0.2676553428173065 0.2344544380903244 
vt 0.297858864068985 0.22645559906959534 
vt 0.2609897553920746 0.21880964934825897 
vt 0.29421359300613403 0.26009777188301086 
vt 0.2313069999217987 0.22233855724334717 
vt 0.23307755589485168 0.2415122389793396 
vt 0.2238081991672516 0.24668796360492706 
vt 0.21839240193367004 0.22375011444091797 
vt 0.297858864068985 0.22645559906959534 
vt 0.26692628860473633 0.1995183229446411 
vt 0.23890994489192963 0.18328538537025452 
vt 0.2126641571521759 0.17846256494522095 
vt 0.21839240193367004 0.22375011444091797 
vt 0.19287565350532532 0.13564524054527283 
vt 0.18006519973278046 0.14870217442512512 
vt 0.21724675595760345 0.20575271546840668 
vt 0.18725155293941498 0.18516747653484344 
vt 0.185480996966362 0.20069463551044464 
vt 0.15236130356788635 0.17740389704704285 
vt 0.1582978516817093 0.1672877073287964 
vt 0.21839240193367004 0.18693192303180695 
vt 0.21724675595760345 0.20575271546840668 
vt 0.29369285702705383 0.21986831724643707 
vt 0.27525830268859863 0.2450411468744278 
vt 0.30348294973373413 0.23468969762325287 
vt 0.29431775212287903 0.2531576156616211 
vt 0.29369285702705383 0.21986831724643707 
vt 0.27400851249694824 0.23433680832386017 
vt 0.27525830268859863 0.2450411468744278 
vt 0.2238081991672516 0.24668796360492706 
vt 0.1940212994813919 0.25680413842201233 
vt 0.21839240193367004 0.22375011444091797 
vt 0.18131500482559204 0.23386628925800323 
vt 0.18725155293941498 0.2108108103275299 
vt 0.15548579394817352 0.21633942425251007 
vt 0.16787965595722198 0.23468969762325287 
vt 0.17162905633449554 0.2531576156616211 
vt 0.17173320055007935 0.2751544117927551 
vt 0.15184055268764496 0.27668359875679016 
vt 0.1393425464630127 0.2723312973976135 
vt 0.12674039602279663 0.29185786843299866 
vt 0.16329705715179443 0.2835061550140381 
vt 0.2946301996707916 0.26009777188301086 
vt 0.2773413062095642 0.25868621468544006 
vt 0.30327466130256653 0.22645559906959534 
vt 0.29077664017677307 0.23539547622203827 
vt 0.23307755589485168 0.2415122389793396 
vt 0.2313069999217987 0.22233855724334717 
vt 0.21839240193367004 0.22375011444091797 
vt 0.26609310507774353 0.27833041548728943 
vt 0.20964379608631134 0.316324919462204 
vt 0.25484490394592285 0.2940928637981415 
vt 0.23359830677509308 0.32291218638420105 
vt 0.31066930294036865 0.306443989276886 
vt 0.3357694447040558 0.31303128600120544 
vt 0.334832102060318 0.3023269474506378 
vt 0.21006040275096893 0.40984076261520386 
vt 0.2127683013677597 0.4173690974712372 
vt 0.21922560036182404 0.4021948277950287 
vt 0.2773413062095642 0.25868621468544006 
vt 0.29077664017677307 0.23539547622203827 
vt 0.2946301996707916 0.26009777188301086 
vt 0.30327466130256653 0.22645559906959534 
vt 0.30327466130256653 0.22645559906959534 
vt 0.29077664017677307 0.23539547622203827 
vt 0.2759873569011688 0.22645559906959534 
vt 0.11799179762601852 0.316324919462204 
vt 0.14944510161876678 0.27139025926589966 
vt 0.14538325369358063 0.2623327374458313 
vt 0.12403249740600586 0.2679789960384369 
vt 0.14944510161876678 0.2464527040719986 
vt 0.12663625180721283 0.2940928637981415 
vt 0.2710922956466675 0.2506873905658722 
vt 0.24515895545482635 0.29079920053482056 
vt 0.27255040407180786 0.2815064489841461 
vt 0.2607814371585846 0.3060910999774933 
vt 0.23484809696674347 0.32644110918045044 
vt 0.21610109508037567 0.32185351848602295 
vt 0.22078785300254822 0.33667489886283875 
vt 0.23693110048770905 0.3510257601737976 
vt 0.21495544910430908 0.3496142029762268 
vt 0.1299690455198288 0.3705523610115051 
vt 0.1394467055797577 0.34337982535362244 
vt 0.21724675595760345 0.20575271546840668 
vt 0.185480996966362 0.20069463551044464 
vt 0.1762116551399231 0.21692757308483124 
vt 0.16860869526863098 0.20245908200740814 
vt 0.15236130356788635 0.17740389704704285 
vt 0.14132140576839447 0.18105041980743408 
vt 0.13653050363063812 0.14305593073368073 
vt 0.1474662572145462 0.1323516070842743 
vt 0.12788605690002441 0.09576866775751114 
vt 0.13403089344501495 0.08976954221725464 
vt 0.11455485224723816 0.23010213673114777 
vt 0.12403249740600586 0.2679789960384369 
vt 0.16079744696617126 0.2213975042104721 
vt 0.15184055268764496 0.27668359875679016 
vt 0.1393425464630127 0.2723312973976135 
vt 0.12674039602279663 0.29185786843299866 
vt 0.10643114894628525 0.2863292694091797 
vt 0.09778670221567154 0.2892700135707855 
vt 0.0923708975315094 0.2997390925884247 
vt 0.07643595337867737 0.2831532657146454 
vt 0.07841479778289795 0.27174314856529236 
vt 0.0923708975315094 0.16811111569404602 
vt 0.12392835319042206 0.2101050317287445 
vt 0.12674039602279663 0.20222382247447968 
vt 0.14163385331630707 0.23539547622203827 
vt 0.16538004577159882 0.22363248467445374 
vt 0.1941254436969757 0.20034174621105194 
vt 0.19329224526882172 0.22504404187202454 
vt 0.22453725337982178 0.20669375360012054 
vt 0.21797579526901245 0.22857293486595154 
vt 0.13267694413661957 0.36396506428718567 
vt 0.1950628012418747 0.3630240261554718 
vt 0.18798060715198517 0.3526725769042969 
vt 0.21714259684085846 0.3397333025932312 
vt 0.14277949929237366 0.3436150848865509 
vt 0.23776429891586304 0.344673752784729 
vt 0.20964379608631134 0.316324919462204 
vt 0.23359830677509308 0.32291218638420105 
vt 0.12788605690002441 0.09576866775751114 
vt 0.12590719759464264 0.08753456920385361 
vt 0.13403089344501495 0.08976954221725464 
vt 0.09341239929199219 0.2924460172653198 
vt 0.07768575102090836 0.28303563594818115 
vt 0.073311448097229 0.2926812767982483 
vt 0.12392835319042206 0.2970336079597473 
vt 0.07768575102090836 0.29926857352256775 
vt 0.2039155513048172 0.11011952906847 
vt 0.17891955375671387 0.15058425068855286 
vt 0.19641675055027008 0.14811402559280396 
vt 0.17214980721473694 0.18422642350196838 
vt 0.18766814470291138 0.1991654336452484 
vt 0.07883139699697495 0.11694207042455673 
vt 0.09414145350456238 0.1044732928276062 
vt 0.08591359853744507 0.14811402559280396 
vt 0.10476475208997726 0.1478787660598755 
vt 0.1291358470916748 0.1991654336452484 
vt 0.12392835319042206 0.2101050317287445 
vt 0.07758159935474396 0.19293105602264404 
vt 0.08070609718561172 0.16034753620624542 
vt 0.06789565086364746 0.18552036583423615 
vt 0.09341239929199219 0.20245908200740814 
vt 0.073311448097229 0.2016356736421585 
vt 0.09414145350456238 0.1136484295129776 
vt 0.08122684806585312 0.10929612070322037 
vt 0.10611870139837265 0.13811546564102173 
vt 0.09299580007791519 0.15058425068855286 
vt 0.1379885971546173 0.17858019471168518 
vt 0.1379885971546173 0.1938720941543579 
vt 0.16110989451408386 0.2079876959323883 
vt 0.07091599702835083 0.08941665291786194 
vt 0.06820809841156006 0.11011952906847 
vt 0.10768094658851624 0.18422642350196838 
vt 0.13538484275341034 0.20881110429763794 
vt 0.32806235551834106 0.2997390925884247 
vt 0.2860898971557617 0.2970336079597473 
vt 0.3357694447040558 0.31303128600120544 
vt 0.09414145350456238 0.1136484295129776 
vt 0.10611870139837265 0.13811546564102173 
vt 0.10268174856901169 0.10706114768981934 
vt 0.13590559363365173 0.17505128681659698 
vt 0.1291358470916748 0.1991654336452484 
vt 0.1487160474061966 0.18622614443302155 
vt 0.14205044507980347 0.2055174559354782 
vt 0.18850134313106537 0.33843934535980225 
vt 0.1760033518075943 0.36078906059265137 
vt 0.17350375652313232 0.3350280821323395 
vt 0.15996424853801727 0.35820120573043823 
vt 0.25567808747291565 0.03671840950846672 
vt 0.21651770174503326 0.1140013188123703 
vt 0.2503664493560791 0.03142505884170532 
vt 0.20808154344558716 0.10706114768981934 
vt 0.18725155293941498 0.13811546564102173 
vt 0.20068690180778503 0.1478787660598755 
vt 0.18246065080165863 0.17505128681659698 
vt 0.1654842048883438 0.17858019471168518 
vt 0.17350375652313232 0.2079876959323883 
vt 0.1852726936340332 0.1935192048549652 
vt 0.16787965595722198 0.19269579648971558 
vt 0.14579984545707703 0.17516891658306122 
vt 0.18131500482559204 0.18210908770561218 
vt 0.15329864621162415 0.16634666919708252 
vt 0.14288364350795746 0.13152818381786346 
vt 0.15236130356788635 0.20257671177387238 
vt 0.16860869526863098 0.21986831724643707 
vt 0.185480996966362 0.20998740196228027 
vt 0.30348294973373413 0.23468969762325287 
vt 0.32098016142845154 0.22022120654582977 
vt 0.29369285702705383 0.21986831724643707 
vt 0.3151477575302124 0.20775243639945984 
vt 0.3537873923778534 0.2012827843427658 
vt 0.36628541350364685 0.2104579210281372 
vt 0.4082578420639038 0.16481748223304749 
vt 0.4003424644470215 0.1588183492422104 
vt 0.2809865474700928 0.2645677328109741 
vt 0.27525830268859863 0.2450411468744278 
vt 0.29431775212287903 0.2531576156616211 
vt 0.1009112000465393 0.17928597331047058 
vt 0.1393425464630127 0.21386918425559998 
vt 0.09632860124111176 0.19975359737873077 
vt 0.11455485224723816 0.23010213673114777 
vt 0.25484490394592285 0.2940928637981415 
vt 0.29369285702705383 0.2924460172653198 
vt 0.26609310507774353 0.27833041548728943 
vt 0.2964007556438446 0.28374141454696655 
vt 0.09341239929199219 0.20245908200740814 
vt 0.12247025221586227 0.24033594131469727 
vt 0.12392835319042206 0.2101050317287445 
vt 0.14163385331630707 0.23539547622203827 
vt 0.1380927562713623 0.26139169931411743 
vt 0.14163385331630707 0.23539547622203827 
vt 0.1308022439479828 0.25692176818847656 
vt 0.12580305337905884 0.3231474459171295 
vt 0.12247025221586227 0.29362234473228455 
vt 0.14163385331630707 0.3060910999774933 
vt 0.12663625180721283 0.3195009231567383 
vt 0.11226355284452438 0.3393804132938385 
vt 0.11799179762601852 0.316324919462204 
vt 0.1292400062084198 0.34973183274269104 
vt 0.11903329938650131 0.3509081304073334 
vt 0.1380927562713623 0.32644110918045044 
vt 0.12580305337905884 0.3231474459171295 
vt 0.10830584913492203 0.344673752784729 
vt 0.11226355284452438 0.3393804132938385 
vt 0.13444750010967255 0.3364396393299103 
vt 0.12663625180721283 0.3195009231567383 
vt 0.14121724665164948 0.32185351848602295 
vt 0.1479869931936264 0.3662000298500061 
vt 0.12476155161857605 0.30068013072013855 
vt 0.1300732046365738 0.25927436351776123 
vt 0.11903329938650131 0.24986396729946136 
vt 0.1198664978146553 0.3083260655403137 
vt 0.13267694413661957 0.36396506428718567 
vt 0.13559314608573914 0.2811535596847534 
vt 0.1479869931936264 0.3662000298500061 
vt 0.14423759281635284 0.37972748279571533 
vt 0.1479869931936264 0.3705523610115051 
vt 0.14548739790916443 0.3827858567237854 
vt 0.13267694413661957 0.36396506428718567 
vt 0.1479869931936264 0.3705523610115051 
vt 0.14632059633731842 0.38019800186157227 
vt 0.1487160474061966 0.38184481859207153 
vt 0.12694869935512543 0.3976072371006012 
vt 0.14632059633731842 0.38019800186157227 
vt 0.1584019958972931 0.3732578456401825 
vt 0.14465419948101044 0.35678964853286743 
vt 0.13403089344501495 0.2753896713256836 
vt 0.14121724665164948 0.3498494625091553 
vt 0.14934095740318298 0.36608240008354187 
vt 0.14371685683727264 0.35184916853904724 
vt 0.13559314608573914 0.2811535596847534 
vt 0.14465419948101044 0.35678964853286743 
vt 0.1198664978146553 0.3083260655403137 
vt 0.129864901304245 0.351731538772583 
vt 0.14934095740318298 0.36608240008354187 
vt 0.1951669454574585 0.1136484295129776 
vt 0.22880740463733673 0.06330279260873795 
vt 0.20808154344558716 0.10706114768981934 
vt 0.2503664493560791 0.03142505884170532 
vt 0.25567808747291565 0.03671840950846672 
vt 0.20766495168209076 0.10612010955810547 
vt 0.21922560036182404 0.1034146174788475 
vt 0.21505959331989288 0.08941665291786194 
vt 0.2127683013677597 0.11694207042455673 
vt 0.2039155513048172 0.11011952906847 
vt 0.19641675055027008 0.14811402559280396 
vt 0.2787994146347046 0.18563799560070038 
vt 0.2603648602962494 0.20398826897144318 
vt 0.2904641926288605 0.20610560476779938 
vt 0.21724675595760345 0.20610560476779938 
vt 0.2134973555803299 0.18563799560070038 
vt 0.17964859306812286 0.1545836627483368 
vt 0.19881220161914825 0.14623193442821503 
vt 0.2423468977212906 0.18963740766048431 
vt 0.3049410581588745 0.17846256494522095 
vt 0.2904641926288605 0.20610560476779938 
vt 0.29265135526657104 0.14870217442512512 
vt 0.2764039635658264 0.1545836627483368 
vt 0.2323485016822815 0.1316458135843277 
vt 0.21526789665222168 0.13776257634162903 
vt 0.18006519973278046 0.20351774990558624 
vt 0.15298619866371155 0.2637443244457245 
vt 0.19287565350532532 0.20704664289951324 
vt 0.16110989451408386 0.2645677328109741 
vt 0.21474714577198029 0.12270593643188477 
vt 0.2715089023113251 0.14235015213489532 
vt 0.2891102433204651 0.13564524054527283 
vt 0.17037925124168396 0.26539114117622375 
vt 0.19881220161914825 0.22057409584522247 
vt 0.17964859306812286 0.21975068747997284 
vt 0.12580305337905884 0.10788456350564957 
vt 0.14548739790916443 0.11517761647701263 
vt 0.15298619866371155 0.1316458135843277 
vt 0.16110989451408386 0.12305883318185806 
vt 0.12392835319042206 0.2822122275829315 
vt 0.12507399916648865 0.2739781141281128 
vt 0.15569409728050232 0.28021252155303955 
vt 0.15298619866371155 0.2637443244457245 
vt 0.29452604055404663 0.2926812767982483 
vt 0.3539957106113434 0.2605682909488678 
vt 0.33139514923095703 0.28021252155303955 
vt 0.39669719338417053 0.24551166594028473 
vt 0.4295044541358948 0.2136339247226715 
vt 0.43065008521080017 0.21986831724643707 
vt 0.07643595337867737 0.17928597331047058 
vt 0.0638338029384613 0.153172105550766 
vt 0.073311448097229 0.2016356736421585 
vt 0.3084821403026581 0.27174314856529236 
vt 0.3169183135032654 0.2831532657146454 
vt 0.3336864411830902 0.26644980907440186 
vt 0.34972554445266724 0.27139025926589966 
vt 0.38326185941696167 0.24492351710796356 
vt 0.40294620394706726 0.24174749851226807 
vt 0.43335801362991333 0.21869201958179474 
vt 0.4295044541358948 0.2136339247226715 
vt 0.025819050148129463 0.22833767533302307 
vt 0.04862790182232857 0.2464527040719986 
vt 0.03529670089483261 0.24551166594028473 
vt 0.07768575102090836 0.3023269474506378 
vt 0.0923708975315094 0.2997390925884247 
vt 0.07987289875745773 0.3132665455341339 
vt 0.0923708975315094 0.16811111569404602 
vt 0.07810235023498535 0.18869636952877045 
vt 0.07768575102090836 0.16140620410442352 
vt 0.06789565086364746 0.18552036583423615 
vt 0.21610109508037567 0.2072819173336029 
vt 0.20214499533176422 0.2238677442073822 
vt 0.18850134313106537 0.2164570540189743 
vt 0.1946461945772171 0.2055174559354782 
vt 0.21610109508037567 0.2072819173336029 
vt 0.19631260633468628 0.18622614443302155 
vt 0.2775495946407318 0.20528219640254974 
vt 0.30327466130256653 0.22645559906959534 
vt 0.2759873569011688 0.22645559906959534 
vt 0.24890835583209991 0.25339287519454956 
vt 0.21485130488872528 0.2450411468744278 
vt 0.23505640029907227 0.2235148549079895 
vt 0.2676553428173065 0.2344544380903244 
vt 0.2904641926288605 0.20610560476779938 
vt 0.23786844313144684 0.22151513397693634 
vt 0.20610269904136658 0.4051355719566345 
vt 0.1951669454574585 0.4019595682621002 
vt 0.19777069985866547 0.4150165021419525 
vt 0.2497415542602539 0.27139025926589966 
vt 0.24515895545482635 0.29079920053482056 
vt 0.20204085111618042 0.3195009231567383 
vt 0.21610109508037567 0.32185351848602295 
vt 0.11903329938650131 0.24986396729946136 
vt 0.10830584913492203 0.2584509551525116 
vt 0.12476155161857605 0.30068013072013855 
vt 0.14340439438819885 0.3686702847480774 
vt 0.13309355080127716 0.3669058084487915 
vt 0.09341239929199219 0.2924460172653198 
vt 0.07768575102090836 0.28303563594818115 
vt 0.09632860124111176 0.28374141454696655 
vt 0.16079744696617126 0.2213975042104721 
vt 0.1393425464630127 0.21386918425559998 
vt 0.11455485224723816 0.23010213673114777 
vt 0.1009112000465393 0.17928597331047058 
vt 0.09632860124111176 0.19975359737873077 
vt 0.07841479778289795 0.18763770163059235 
vt 0.07768575102090836 0.20998740196228027 
vt 0.18850134313106537 0.2164570540189743 
vt 0.1852726936340332 0.1935192048549652 
vt 0.17350375652313232 0.2079876959323883 
vt 0.10476475208997726 0.1478787660598755 
vt 0.1291358470916748 0.1991654336452484 
vt 0.13590559363365173 0.17505128681659698 
vt 0.31868883967399597 0.20257671177387238 
vt 0.3637858033180237 0.19728335738182068 
vt 0.32941630482673645 0.21633942425251007 
vt 0.3614945113658905 0.2111636996269226 
vt 0.4063831567764282 0.16375881433486938 
vt 0.12590719759464264 0.08753456920385361 
vt 0.14288364350795746 0.13152818381786346 
vt 0.13403089344501495 0.08976954221725464 
vt 0.1299690455198288 0.3705523610115051 
vt 0.12757359445095062 0.37690436840057373 
vt 0.1956876963376999 0.36843499541282654 
vt 0.12236610054969788 0.38019800186157227 
vt 0.12757359445095062 0.37690436840057373 
vt 0.13267694413661957 0.36396506428718567 
vt 0.14934095740318298 0.36608240008354187 
vt 0.14121724665164948 0.3498494625091553 
vt 0.129864901304245 0.351731538772583 
vt 0.13403089344501495 0.2753896713256836 
vt 0.11226355284452438 0.2792714834213257 
vt 0.1105971485376358 0.06365568190813065 
vt 0.09112109988927841 0.10317935794591904 
vt 0.09414145350456238 0.1136484295129776 
vt 0.25567808747291565 0.03671840950846672 
vt 0.22776590287685394 0.06612590700387955 
vt 0.20766495168209076 0.10612010955810547 
vt 0.2509913444519043 0.030013499781489372 
vt 0.22880740463733673 0.06330279260873795 
vt 0.21505959331989288 0.08941665291786194 
vt 0.20766495168209076 0.10612010955810547 
vt 0.19777069985866547 0.10929612070322037 
vt 0.07091599702835083 0.08941665291786194 
vt 0.08633019775152206 0.11035478860139847 
vt 0.07883139699697495 0.11694207042455673 
vt 0.2134973555803299 0.18563799560070038 
vt 0.2215169072151184 0.20398826897144318 
vt 0.2423468977212906 0.18963740766048431 
vt 0.3049410581588745 0.17846256494522095 
vt 0.2904641926288605 0.20610560476779938 
vt 0.30921119451522827 0.22375011444091797 
vt 0.21474714577198029 0.12270593643188477 
vt 0.21526789665222168 0.13776257634162903 
vt 0.2764039635658264 0.1545836627483368 
vt 0.16215139627456665 0.12235304713249207 
vt 0.15569409728050232 0.1369391679763794 
vt 0.12632380425930023 0.11317791044712067 
vt 0.3539957106113434 0.2605682909488678 
vt 0.29452604055404663 0.2926812767982483 
vt 0.3084821403026581 0.27174314856529236 
vt 0.2861940562725067 0.28303563594818115 
vt 0.32806235551834106 0.2997390925884247 
vt 0.3042120039463043 0.29926857352256775 
vt 0.3169183135032654 0.2831532657146454 
vt 0.29452604055404663 0.2926812767982483 
vt 0.07081185281276703 0.16046516597270966 
vt 0.05331464856863022 0.14211489260196686 
vt 0.07841479778289795 0.18763770163059235 
vt 0.03352614864706993 0.0910634696483612 
vt 0.07081185281276703 0.16046516597270966 
vt 0.012383700348436832 0.06671406328678131 
vt 0.30921119451522827 0.22375011444091797 
vt 0.2904641926288605 0.20610560476779938 
vt 0.295879989862442 0.20210619270801544 
vt 0.8644348382949829 0.5847565531730652 
vt 0.8532907962799072 0.5661710500717163 
vt 0.8469376564025879 0.5979311466217041 
vt 0.8356894254684448 0.5844036936759949 
vt 0.8304819464683533 0.6132230162620544 
vt 0.818817138671875 0.5979311466217041 
vt 0.8113183379173279 0.624397873878479 
vt 0.8022572994232178 0.6101646423339844 
vt 0.7935087084770203 0.6365137696266174 
vt 0.7843434810638428 0.6207513809204102 
vt 0.7737202048301697 0.6480415463447571 
vt 0.7652840614318848 0.6302793622016907 
vt 0.7511196732521057 0.659098744392395 
vt 0.7445582151412964 0.6380429863929749 
vt 0.7261236310005188 0.6635686755180359 
vt 0.7222700715065002 0.644159734249115 
vt 0.7005027532577515 0.6694501638412476 
vt 0.6987321972846985 0.6469828486442566 
vt 0.6743611097335815 0.6675680875778198 
vt 0.6750901341438293 0.6479238867759705 
vt 0.649260938167572 0.6672152280807495 
vt 0.6519688367843628 0.6456888914108276 
vt 0.6250981688499451 0.6607455611228943 
vt 0.6292641758918762 0.6421599984169006 
vt 0.6013519763946533 0.656040370464325 
vt 0.6067677736282349 0.636278510093689 
vt 0.5765642523765564 0.6492178440093994 
vt 0.5841671824455261 0.6286325454711914 
vt 0.5503184795379639 0.6396898031234741 
vt 0.5615666508674622 0.618163526058197 
vt 0.5270929932594299 0.6236920952796936 
vt 0.5384453535079956 0.6049889326095581 
vt 0.5032426714897156 0.6105175614356995 
vt 0.5137618184089661 0.5859328508377075 
vt 0.5218840837478638 0.5762466788291931 
vt 0.7203616499900818 0.5853085517883301 
vt 0.5154502391815186 0.588570773601532 
vt 0.8882481455802917 0.6690402626991272 
vt 0.8880053758621216 0.5095512270927429 
vt 0.8846063613891602 0.6651738286018372 
vt 0.88436359167099 0.513417661190033 
vt 0.813348650932312 0.5242918729782104 
vt 0.8090999126434326 0.5213921070098877 
vt 0.6466760635375977 0.6277180910110474 
vt 0.5756611824035645 0.664811372756958 
vt 0.5718979835510254 0.6689194440841675 
vt 0.5752969980239868 0.5131760239601135 
vt 0.5717765688896179 0.5093095898628235 
vt 0.650924801826477 0.5213921070098877 
vt 0.6466760635375977 0.5241710543632507 
vt 0.5218840837478638 0.6579243540763855 
vt 0.5154502391815186 0.6702485084533691 
vt 0.7203616499900818 0.6671070456504822 
vt 0.5218840837478638 0.594370424747467 
vt 0.7203616499900818 0.603432297706604 
vt 0.5154502391815186 0.6066945791244507 
vt 0.5218840837478638 0.6452377438545227 
vt 0.5154502391815186 0.6575618982315063 
vt 0.7203616499900818 0.6542996168136597 
vt 0.7258242964744568 0.6277180910110474 
vt 0.6510462164878845 0.6689194440841675 
vt 0.6548094153404236 0.664811372756958 
vt 0.654445230960846 0.5131760239601135 
vt 0.650924801826477 0.5093095898628235 
vt 0.7299516797065735 0.5213921070098877 
vt 0.7258242964744568 0.5241710543632507 
vt 0.8048511743545532 0.6277180910110474 
vt 0.7338362336158752 0.664811372756958 
vt 0.7301944494247437 0.6689194440841675 
vt 0.7335934638977051 0.5131760239601135 
vt 0.7299516797065735 0.5093095898628235 
vt 0.8090999126434326 0.5213921070098877 
vt 0.8049725294113159 0.5241710543632507 
vt 0.6959616541862488 0.5276749730110168 
vt 0.6909845471382141 0.5232044458389282 
vt 0.5159358382225037 0.5273125171661377 
vt 0.6676770448684692 0.5058056712150574 
vt 0.6753247976303101 0.5131760239601135 
vt 0.6687695980072021 0.5132968425750732 
vt 0.6783596277236938 0.6611866354942322 
vt 0.6702263355255127 0.6619115471839905 
vt 0.6697407364845276 0.6681944727897644 
vt 0.5216413140296936 0.6715775728225708 
vt 0.5215198993682861 0.6636031270027161 
vt 0.5138721466064453 0.6626365184783936 
vt 0.6619715690612793 0.6567161083221436 
vt 0.5300173759460449 0.6584076285362244 
vt 0.6657347679138184 0.6528496742248535 
vt 0.6637924909591675 0.5207879543304443 
vt 0.6599079370498657 0.5172840356826782 
vt 0.5205487608909607 0.5078597068786621 
vt 0.529167652130127 0.5125718712806702 
vt 0.5252830982208252 0.5163174271583557 
vt 0.5263755917549133 0.6545412540435791 
vt 0.6676770448684692 0.5058056712150574 
vt 0.5217626690864563 0.5018184781074524 
vt 0.5138721466064453 0.6626365184783936 
vt 0.5138721466064453 0.5084637999534607 
vt 0.5205487608909607 0.5078597068786621 
vt 0.5138721466064453 0.5084637999534607 
vt 0.5217626690864563 0.5018184781074524 
vt 0.6921984553337097 0.7943357825279236 
vt 0.6911059021949768 0.7919192910194397 
vt 0.6363576650619507 0.817413330078125 
vt 0.6402422189712524 0.8116137385368347 
vt 0.6362362504005432 0.6852307915687561 
vt 0.6402422189712524 0.690788745880127 
vt 0.6911059021949768 0.7106040716171265 
vt 0.6866143941879272 0.7110873460769653 
vt 0.6866143941879272 0.791435956954956 
vt 0.6921984553337097 0.7081875205039978 
vt 0.9654541015625 0.6580451726913452 
vt 0.9632689952850342 0.6599783897399902 
vt 0.9609625339508057 0.6553870439529419 
vt 0.8219675421714783 0.6597367525100708 
vt 0.9610839486122131 0.5190964341163635 
vt 0.9658182859420776 0.5166799426078796 
vt 0.9637545943260193 0.5145050883293152 
vt 0.8248810172080994 0.5188547968864441 
vt 0.8224531412124634 0.5142634510993958 
vt 0.8202680945396423 0.516196608543396 
vt 0.8246381878852844 0.6551453471183777 
vt 0.8200252652168274 0.6575618982315063 
vt 0.9471237659454346 0.6414921283721924 
vt 0.9472451210021973 0.5328704714775085 
vt 0.8385984301567078 0.5327496528625488 
vt 0.8384770154953003 0.6413713097572327 
vt 0.8202680945396423 0.516196608543396 
vt 0.8186899423599243 0.5120885968208313 
vt 0.8224531412124634 0.5142634510993958 
vt 0.9637545943260193 0.5145050883293152 
vt 0.8178402185440063 0.6613074541091919 
vt 0.8200252652168274 0.6575618982315063 
vt 0.8219675421714783 0.6597367525100708 
vt 0.9670321941375732 0.6621532440185547 
vt 0.9632689952850342 0.6599783897399902 
vt 0.9654541015625 0.6580451726913452 
vt 0.967881977558136 0.5129343271255493 
vt 0.9658182859420776 0.5166799426078796 
vt 0.9703097939491272 0.5094304084777832 
vt 0.8151695728302002 0.5096720457077026 
vt 0.9723734855651855 0.5089471340179443 
vt 0.8146839737892151 0.5076180696487427 
vt 0.8154123425483704 0.664811372756958 
vt 0.8134700655937195 0.6652946472167969 
vt 0.9705526232719421 0.6645697355270386 
vt 0.9710381627082825 0.6666237711906433 
vt 0.35254085063934326 0.9433130025863647 
vt 0.3983059823513031 0.9433130025863647 
vt 0.36091694235801697 0.9189063310623169 
vt 0.39502838253974915 0.9139525294303894 
vt 0.36091694235801697 0.9093611836433411 
vt 0.3989129662513733 0.8959496021270752 
vt 0.3541189432144165 0.8961912393569946 
vt 0.39976271986961365 0.8479820489883423 
vt 0.3995199203491211 0.8959496021270752 
vt 0.3792473077774048 0.856319010257721 
vt 0.3734204173088074 0.8926873207092285 
vt 0.3697786331176758 0.8565606474876404 
vt 0.351812481880188 0.8959496021270752 
vt 0.3516910970211029 0.8507610559463501 
vt 0.4789109528064728 0.9283307194709778 
vt 0.4806104600429535 0.9286931753158569 
vt 0.4472273886203766 0.8960704207420349 
vt 0.35193386673927307 0.7992895841598511 
vt 0.3763338625431061 0.8076265454292297 
vt 0.351812481880188 0.847257137298584 
vt 0.38179653882980347 0.8439948558807373 
vt 0.38592392206192017 0.8078681826591492 
vt 0.4001269042491913 0.847257137298584 
vt 0.4001269042491913 0.8019477725028992 
vt 0.30240553617477417 0.8957079648971558 
vt 0.28176870942115784 0.8873710036277771 
vt 0.3021627366542816 0.8477404117584229 
vt 0.2759418487548828 0.8510026931762695 
vt 0.2723000645637512 0.8871293663978577 
vt 0.2543339133262634 0.8477404117584229 
vt 0.2543339133262634 0.8930497765541077 
vt 0.4935995042324066 0.8937747478485107 
vt 0.47308409214019775 0.8853170275688171 
vt 0.4935995042324066 0.8479820489883423 
vt 0.4681069850921631 0.851244330406189 
vt 0.46361541748046875 0.8854378461837769 
vt 0.4472273886203766 0.8473779559135437 
vt 0.4478343427181244 0.8920832276344299 
vt 0.39988410472869873 0.7499930262565613 
vt 0.4001269042491913 0.7979605197906494 
vt 0.3754841089248657 0.7583299279212952 
vt 0.3701428174972534 0.7946982383728027 
vt 0.365894079208374 0.7585715651512146 
vt 0.351812481880188 0.7979605197906494 
vt 0.351812481880188 0.7526511549949646 
vt 0.25712594389915466 0.9279682040214539 
vt 0.25494086742401123 0.9280890226364136 
vt 0.28880950808525085 0.9603493213653564 
vt 0.5218840837478638 0.6198644638061523 
vt 0.5154502391815186 0.607419490814209 
vt 0.7208471894264221 0.6111650466918945 
vt 0.5218840837478638 0.6452377438545227 
vt 0.7208471894264221 0.6365383267402649 
vt 0.5154502391815186 0.6329135894775391 
vt 0.5218840837478638 0.5762466788291931 
vt 0.5154502391815186 0.563801646232605 
vt 0.7208471894264221 0.5675472617149353 
vt 0.5218840837478638 0.6325510740280151 
vt 0.7208471894264221 0.6238517165184021 
vt 0.5154502391815186 0.6201061010360718 
vt 0.5159358382225037 0.5929204821586609 
vt 0.6909845471382141 0.5889332890510559 
vt 0.6959616541862488 0.5934038162231445 
vt 0.5159358382225037 0.5227211713790894 
vt 0.6959616541862488 0.5232044458389282 
vt 0.6909845471382141 0.5187339782714844 
vt 0.7486461997032166 0.7943357825279236 
vt 0.6928054094314575 0.817413330078125 
vt 0.7475536465644836 0.7919192910194397 
vt 0.6966899633407593 0.8116137385368347 
vt 0.7430621385574341 0.791435956954956 
vt 0.7475536465644836 0.7106040716171265 
vt 0.7430621385574341 0.7110873460769653 
vt 0.6966899633407593 0.690788745880127 
vt 0.69268399477005 0.6852307915687561 
vt 0.7486461997032166 0.7081875205039978 
vt 0.4789109528064728 0.9283307194709778 
vt 0.4806104600429535 0.9286931753158569 
vt 0.4471059739589691 0.9593827128410339 
vt 0.44577065110206604 0.9878973960876465 
vt 0.44637763500213623 0.943192183971405 
vt 0.4299895763397217 0.9811311960220337 
vt 0.42549803853034973 0.9469377398490906 
vt 0.4205209016799927 0.9811311960220337 
vt 0.4000054895877838 0.9437962770462036 
vt 0.4000054895877838 0.9895889759063721 
vt 0.33408910036087036 0.927484929561615 
vt 0.3363955616950989 0.9277265667915344 
vt 0.30240553617477417 0.9597452282905579 
vt 0.30240553617477417 0.8964328765869141 
vt 0.33408910036087036 0.927484929561615 
vt 0.3363955616950989 0.9277265667915344 
vt 0.4447995126247406 0.8957079648971558 
vt 0.4381228983402252 0.9087570309638977 
vt 0.4001269042491913 0.8953454494476318 
vt 0.40389007329940796 0.913348376750946 
vt 0.43800151348114014 0.918423056602478 
vt 0.4007338583469391 0.9427088499069214 
vt 0.4464990198612213 0.9427088499069214 
vt 0.4496552348136902 0.7822532653808594 
vt 0.4478343427181244 0.7823740839958191 
vt 0.4813387989997864 0.7498721480369568 
vt 0.48146021366119385 0.8131844997406006 
vt 0.4496552348136902 0.7822532653808594 
vt 0.4478343427181244 0.7823740839958191 
vt 0.25712594389915466 0.9279682040214539 
vt 0.25494086742401123 0.9280890226364136 
vt 0.28893089294433594 0.8970370292663574 
vt 0.06678171455860138 0.9338886737823486 
vt 0.12857075035572052 0.8728720545768738 
vt 0.0672672837972641 0.8128219842910767 
vt 0.005478248931467533 0.7532552480697632 
vt 0.12614288926124573 0.7542218565940857 
vt 0.06568917632102966 0.8143927454948425 
vt 0.24729309976100922 0.7530136108398438 
vt 0.18683938682079315 0.81342613697052 
vt 0.24753588438034058 0.8738386034965515 
vt 0.24705031514167786 0.9947844743728638 
vt 0.12614288926124573 0.9950261116027832 
vt 0.18671800196170807 0.9342511296272278 
vt 0.005356856156140566 0.9944219589233398 
vt 0.06568917632102966 0.9341303110122681 
vt 0.005114070139825344 0.8737177848815918 
vt 0.06593196094036102 0.9338886737823486 
vt 0.005478248931467533 0.8732345104217529 
vt 0.06593196094036102 0.8128219842910767 
vt 0.006085214205086231 0.8738386034965515 
vt 0.0666603222489357 0.81342613697052 
vt 0.005721034947782755 0.7530136108398438 
vt 0.18671800196170807 0.9340094923973083 
vt 0.06581056863069534 0.9330428838729858 
vt 0.1263856738805771 0.8705763220787048 
vt 0.18671800196170807 0.9342511296272278 
vt 0.06581056863069534 0.9346135854721069 
vt 0.126264289021492 0.9951469302177429 
vt 0.12650707364082336 0.9950261116027832 
vt 0.005721034947782755 0.9947844743728638 
vt 0.0660533532500267 0.9344927668571472 
vt 0.18611103296279907 0.81342613697052 
vt 0.12310806661844254 0.8738386034965515 
vt 0.1864752173423767 0.9342511296272278 
vt 0.18683938682079315 0.81342613697052 
vt 0.2474144995212555 0.8738386034965515 
vt 0.18671800196170807 0.9342511296272278 
vt 0.2474144995212555 0.8738386034965515 
vt 0.18671800196170807 0.9342511296272278 
vt 0.24717171490192413 0.9946635961532593 
vt 0.06520360708236694 0.8148760199546814 
vt 0.1864752173423767 0.8137885928153992 
vt 0.12529313564300537 0.8761342763900757 
vt 0.06520360708236694 0.8139094114303589 
vt 0.1864752173423767 0.8135469555854797 
vt 0.12553592026233673 0.7537385821342468 
vt 0.12650707364082336 0.7527719736099243 
vt 0.24717171490192413 0.752892792224884 
vt 0.18671800196170807 0.8133053183555603 
vt 0.6170561909675598 0.1058749258518219 
vt 0.6851576566696167 0.08678457140922546 
vt 0.6563875079154968 0.13028156757354736 
vt 0.6889208555221558 0.10116274654865265 
vt 0.717326819896698 0.11976979672908783 
vt 0.7180551886558533 0.08424724638462067 
vt 0.788948655128479 0.10853307694196701 
vt 0.7776591181755066 0.08473055064678192 
vt 0.8343496322631836 0.12919415533542633 
vt 0.8603277802467346 0.1537216305732727 
vt 0.879507839679718 0.1578296720981598 
vt 0.8813287615776062 0.1775241494178772 
vt 0.8907973766326904 0.18791510164737701 
vt 0.8859416842460632 0.21304669976234436 
vt 0.8904331922531128 0.2270624041557312 
vt 0.8799934387207031 0.23829913139343262 
vt 0.7621208429336548 0.11650752276182175 
vt 0.815776526927948 0.13124817609786987 
vt 0.875744640827179 0.151063472032547 
vt 0.9040292501449585 0.20797204971313477 
vt 0.8728312253952026 0.2611350417137146 
vt 0.8784152865409851 0.2646389603614807 
vt 0.7792372107505798 0.049087174236774445 
vt 0.778630256652832 0.06056554988026619 
vt 0.7662481665611267 0.058390699326992035 
vt 0.7468252778053284 0.07965590059757233 
vt 0.7839715480804443 0.06382782757282257 
vt 0.8115277886390686 0.03470899909734726 
vt 0.8152909278869629 0.03917952626943588 
vt 0.717326819896698 0.10720399767160416 
vt 0.6769029498100281 0.1024918258190155 
vt 0.7468252778053284 0.07965590059757233 
vt 0.7284949421882629 0.06334452331066132 
vt 0.6410920023918152 0.096450574696064 
vt 0.624339759349823 0.12846919894218445 
vt 0.5993328094482422 0.09898789972066879 
vt 0.56522136926651 0.12532775104045868 
vt 0.5027039647102356 0.11264112591743469 
vt 0.5027039647102356 0.1451430469751358 
vt 0.5027039647102356 0.08340147137641907 
vt 0.5505328178405762 0.08400560170412064 
vt 0.6051596403121948 0.08787199854850769 
vt 0.6410920023918152 0.096450574696064 
vt 0.6453407406806946 0.06358617544174194 
vt 0.7006959319114685 0.05766575038433075 
vt 0.624339759349823 0.05657832324504852 
vt 0.5833089351654053 0.07325217127799988 
vt 0.9947097897529602 0.06733175367116928 
vt 0.9380192756652832 0.0836431235074997 
vt 0.9496729969978333 0.09161757677793503 
vt 0.9385048747062683 0.10140439867973328 
vt 0.9263655543327332 0.08521384745836258 
vt 0.9915536046028137 0.05875317379832268 
vt 0.993131697177887 0.06249874830245972 
vt 0.9406899213790894 0.09355077147483826 
vt 0.9298859238624573 0.0853346735239029 
vt 0.9177466630935669 0.09632974863052368 
vt 0.9959237575531006 0.10563327372074127 
vt 0.9994441270828247 0.0972963497042656 
vt 0.9659396409988403 0.09947119653224945 
vt 0.9541645646095276 0.08388477563858032 
vt 0.9462739825248718 0.08618044853210449 
vt 0.9399615526199341 0.09270499646663666 
vt 0.9385048747062683 0.07784352451562881 
vt 0.9308570623397827 0.0854554995894432 
vt 0.9298859238624573 0.07119815051555634 
vt 0.9243018627166748 0.06564020365476608 
vt 0.9501585960388184 0.051141198724508286 
vt 0.9177466630935669 0.0913759246468544 
vt 0.9121625423431396 0.07784352451562881 
vt 0.8839994072914124 0.10116274654865265 
vt 0.8838779926300049 0.09282582253217697 
vt 0.8787794709205627 0.11264112591743469 
vt 0.8592352271080017 0.11904484778642654 
vt 0.8594779968261719 0.10804977267980576 
vt 0.833135724067688 0.09971284866333008 
vt 0.8301008939743042 0.11046627163887024 
vt 0.8600849509239197 0.1296774446964264 
vt 0.9947097897529602 0.06733175367116928 
vt 0.9994441270828247 0.06950660049915314 
vt 0.9496729969978333 0.09161757677793503 
vt 0.9541645646095276 0.09777964651584625 
vt 0.9462739825248718 0.10140439867973328 
vt 0.993131697177887 0.06249874830245972 
vt 0.9959237575531006 0.07107732445001602 
vt 0.9406899213790894 0.09355077147483826 
vt 0.9659396409988403 0.09234252572059631 
vt 0.9399615526199341 0.10128357261419296 
vt 0.9177466630935669 0.09632974863052368 
vt 0.8839994072914124 0.10901637375354767 
vt 0.8821784853935242 0.09753800183534622 
vt 0.9263655543327332 0.08521384745836258 
vt 0.5027039647102356 0.1452638804912567 
vt 0.5027039647102356 0.12411949783563614 
vt 0.5624293088912964 0.12871085107326508 
vt 0.5027039647102356 0.09947119653224945 
vt 0.5027039647102356 0.07893095165491104 
vt 0.5540531873703003 0.11203700304031372 
vt 0.5430064797401428 0.0853346735239029 
vt 0.5745686292648315 0.10067944973707199 
vt 0.5868293046951294 0.11819907277822495 
vt 0.6170561909675598 0.08654292672872543 
vt 0.6563875079154968 0.121219702064991 
vt 0.6086800694465637 0.13620199263095856 
vt 0.9298859238624573 0.0947590246796608 
vt 0.9263655543327332 0.08726787567138672 
vt 0.9380192756652832 0.09198004752397537 
vt 0.9496729969978333 0.08146827667951584 
vt 0.9947097897529602 0.09536314755678177 
vt 0.9915536046028137 0.10732482373714447 
vt 0.9994441270828247 0.0972963497042656 
vt 0.8217247724533081 0.10140439867973328 
vt 0.8264591097831726 0.09161757677793503 
vt 0.8299794793128967 0.10140439867973328 
vt 0.8205108642578125 0.08521384745836258 
vt 0.8299794793128967 0.10140439867973328 
vt 0.8304650783538818 0.0854554995894432 
vt 0.8398123383522034 0.09185922145843506 
vt 0.8467317223548889 0.10297512263059616 
vt 0.8490381836891174 0.09524232149124146 
vt 0.5027039647102356 0.22464589774608612 
vt 0.5027039647102356 0.18211549520492554 
vt 0.5505328178405762 0.19661450386047363 
vt 0.5833089351654053 0.1451430469751358 
vt 0.6051596403121948 0.16109195351600647 
vt 0.5027039647102356 0.13620199263095856 
vt 0.5810024738311768 0.1237570270895958 
vt 0.6315019726753235 0.11191617697477341 
vt 0.624339759349823 0.13257725536823273 
vt 0.7094362378120422 0.08605962246656418 
vt 0.7006959319114685 0.11227864772081375 
vt 0.7284949421882629 0.11964897811412811 
vt 0.6410920023918152 0.15589646995067596 
vt 0.6453407406806946 0.14490139484405518 
vt 0.7373566627502441 0.07228557765483856 
vt 0.7559297680854797 0.09439654648303986 
vt 0.752894937992096 0.10297512263059616 
vt 0.7870063781738281 0.11058709770441055 
vt 0.7674621343612671 0.12424032390117645 
vt 0.7371138334274292 0.11940732598304749 
vt 0.5430064797401428 0.10962049663066864 
vt 0.5027039647102356 0.12218630313873291 
vt 0.5027039647102356 0.1084122508764267 
vt 0.717326819896698 0.10720399767160416 
vt 0.740148663520813 0.08811365067958832 
vt 0.7491317391395569 0.09608809649944305 
vt 0.8256093859672546 0.08763034641742706 
vt 0.8029088377952576 0.09608809649944305 
vt 0.8097068667411804 0.08291817456483841 
vt 0.7957466840744019 0.08352229744195938 
vt 0.8097068667411804 0.08291817456483841 
vt 0.8134700655937195 0.07192309945821762 
vt 0.8256093859672546 0.08763034641742706 
vt 0.835563600063324 0.07977672666311264 
vt 0.752894937992096 0.10297512263059616 
vt 0.7371138334274292 0.11940732598304749 
vt 0.7284949421882629 0.11964897811412811 
vt 0.7468252778053284 0.1281067281961441 
vt 0.7499815225601196 0.11203700304031372 
vt 0.7441546320915222 0.08738870173692703 
vt 0.7701327800750732 0.09777964651584625 
vt 0.7690402269363403 0.07506454735994339 
vt 0.7893128395080566 0.09016767144203186 
vt 0.7800869941711426 0.10200852155685425 
vt 0.7908909320831299 0.08509302139282227 
vt 0.8046083450317383 0.10176687687635422 
vt 0.8146839737892151 0.08424724638462067 
vt 0.818204402923584 0.09608809649944305 
vt 0.8214820027351379 0.10684152692556381 
vt 0.8418760299682617 0.09874624758958817 
vt 0.8592352271080017 0.11542010307312012 
vt 0.8655476570129395 0.12496527284383774 
vt 0.8821784853935242 0.10394172370433807 
vt 0.8778083324432373 0.09342995285987854 
vt 0.9043934345245361 0.0827973484992981 
vt 0.9020869731903076 0.0734938234090805 
vt 0.9234521389007568 0.07736022770404816 
vt 0.9240590929985046 0.06805670261383057 
vt 0.7420910000801086 0.07313135266304016 
vt 0.8132272958755493 0.08001837134361267 
vt 0.8263376951217651 0.06056554988026619 
vt 0.8405407071113586 0.05621584877371788 
vt 0.8258521556854248 0.07385630160570145 
vt 0.9263655543327332 0.08726787567138672 
vt 0.8821784853935242 0.10394172370433807 
vt 0.8242740631103516 0.09270499646663666 
vt 0.833135724067688 0.09971284866333008 
vt 0.9243018627166748 0.06564020365476608 
vt 0.9218739867210388 0.06116967648267746 
vt 0.7701327800750732 0.09330912679433823 
vt 0.7800869941711426 0.11191617697477341 
vt 0.7866421937942505 0.13716860115528107 
vt 0.8074004054069519 0.12532775104045868 
vt 0.819054126739502 0.14139747619628906 
vt 0.8301008939743042 0.13124817609786987 
vt 0.8214820027351379 0.11916567385196686 
vt 0.8655476570129395 0.1041833758354187 
vt 0.8600849509239197 0.1237570270895958 
vt 0.8729526400566101 0.17220784723758698 
vt 0.8731954097747803 0.15915875136852264 
vt 0.877079963684082 0.16375009715557098 
vt 0.9627834558486938 0.25823524594306946 
vt 0.9411755204200745 0.23999068140983582 
vt 0.9421466588973999 0.23286199569702148 
vt 0.9302501082420349 0.225370854139328 
vt 0.9134978652000427 0.1946813017129898 
vt 0.9091277122497559 0.19733944535255432 
vt 0.8924968838691711 0.16882474720478058 
vt 0.8873984217643738 0.17220784723758698 
vt 0.944817304611206 0.2532814145088196 
vt 0.9411755204200745 0.23999068140983582 
vt 0.9465168118476868 0.2466360479593277 
vt 0.9556212425231934 0.2680220603942871 
vt 0.962176501750946 0.2698344588279724 
vt 0.9556212425231934 0.28203776478767395 
vt 0.959263026714325 0.2757548689842224 
vt 0.8117705583572388 0.12158217281103134 
vt 0.8235456943511963 0.12315289676189423 
vt 0.8151695728302002 0.13016074895858765 
vt 0.8473386764526367 0.13003993034362793 
vt 0.833985447883606 0.11916567385196686 
vt 0.9170182943344116 0.2757548689842224 
vt 0.9149546027183533 0.25207316875457764 
vt 0.9090063571929932 0.28203776478767395 
vt 0.9035436511039734 0.2532814145088196 
vt 0.9033008813858032 0.21292588114738464 
vt 0.8912829756736755 0.225370854139328 
vt 0.8863058686256409 0.19733944535255432 
vt 0.8915257453918457 0.1937146931886673 
vt 0.8729526400566101 0.17220784723758698 
vt 0.8912829756736755 0.23999068140983582 
vt 0.896867036819458 0.2466360479593277 
vt 0.8975954055786133 0.23854076862335205 
vt 0.907185435295105 0.2698344588279724 
vt 0.9170182943344116 0.2757548689842224 
vt 0.9076710343360901 0.2303246706724167 
vt 0.907185435295105 0.2698344588279724 
vt 0.8975954055786133 0.23854076862335205 
vt 0.8921326994895935 0.23286199569702148 
vt 0.8780511617660522 0.25823524594306946 
vt 0.8808431625366211 0.2610142230987549 
vt 0.896867036819458 0.2466360479593277 
vt 0.8904331922531128 0.1784907430410385 
vt 0.8855774998664856 0.1946813017129898 
vt 0.8711317181587219 0.16882474720478058 
vt 0.8731954097747803 0.15915875136852264 
vt 0.859963595867157 0.15142594277858734 
vt 0.8587496280670166 0.16797897219657898 
vt 0.6315019726753235 0.06539855152368546 
vt 0.7013029456138611 0.0785684734582901 
vt 0.7094362378120422 0.05742409825325012 
vt 0.7373566627502441 0.07977672666311264 
vt 0.729830265045166 0.09802129864692688 
vt 0.7420910000801086 0.09040932357311249 
vt 0.7776591181755066 0.14647212624549866 
vt 0.7690402269363403 0.10744564980268478 
vt 0.7893128395080566 0.1400683969259262 
vt 0.8250023722648621 0.16024617850780487 
vt 0.8343496322631836 0.16942887008190155 
vt 0.875744640827179 0.16495834290981293 
vt 0.8347138166427612 0.15468822419643402 
vt 0.9011157751083374 0.1503385305404663 
vt 0.8994163274765015 0.1596420556306839 
vt 0.879507839679718 0.16846227645874023 
vt 0.7866421937942505 0.13716860115528107 
vt 0.7180551886558533 0.10539162158966064 
vt 0.6851576566696167 0.09487985074520111 
vt 0.6170561909675598 0.08654292672872543 
vt 0.5810024738311768 0.07760187238454819 
vt 0.5745686292648315 0.10067944973707199 
vt 0.5430064797401428 0.0853346735239029 
vt 0.5027039647102356 0.18308210372924805 
vt 0.56522136926651 0.17534929513931274 
vt 0.5027039647102356 0.14296819269657135 
vt 0.5624293088912964 0.1407933533191681 
vt 0.624339759349823 0.1476803719997406 
vt 0.6086800694465637 0.1306440532207489 
vt 0.6563875079154968 0.13028156757354736 
vt 0.6769029498100281 0.1409141719341278 
vt 0.717326819896698 0.11976979672908783 
vt 0.7499815225601196 0.11203700304031372 
vt 0.7468252778053284 0.1281067281961441 
vt 0.7839715480804443 0.12327372282743454 
vt 0.7928332686424255 0.1136077269911766 
vt 0.8152909278869629 0.11324524879455566 
vt 0.7600571513175964 0.0981421247124672 
vt 0.6086800694465637 0.1306440532207489 
vt 0.5624293088912964 0.1407933533191681 
vt 0.5868293046951294 0.11082874983549118 
vt 0.5540531873703003 0.12001144886016846 
vt 0.5027039647102356 0.12001144886016846 
vt 0.7499815225601196 0.08352229744195938 
vt 0.717326819896698 0.10720399767160416 
vt 0.7491317391395569 0.09608809649944305 
vt 0.7674621343612671 0.0521077997982502 
vt 0.7562939524650574 0.0657610222697258 
vt 0.7371138334274292 0.06926494836807251 
vt 0.7468252778053284 0.07965590059757233 
vt 0.7991456985473633 0.031688373535871506 
vt 0.800602376461029 0.03736715018749237 
vt 0.7870063781738281 0.03470899909734726 
vt 0.794654130935669 0.03917952626943588 
vt 0.8784152865409851 0.2646389603614807 
vt 0.8728312253952026 0.2611350417137146 
vt 0.8796292543411255 0.27273425459861755 
vt 0.8521944284439087 0.10442502796649933 
vt 0.8568073511123657 0.10998297482728958 
vt 0.8572929501533508 0.10019615292549133 
vt 0.8957744836807251 0.17305362224578857 
vt 0.8903118371963501 0.18815675377845764 
vt 0.8985665440559387 0.18537777662277222 
vt 0.717326819896698 0.11976979672908783 
vt 0.7499815225601196 0.11203700304031372 
vt 0.740148663520813 0.10007532685995102 
vt 0.7441546320915222 0.08738870173692703 
vt 0.7373566627502441 0.07228557765483856 
vt 0.75046706199646 0.08231405168771744 
vt 0.7441546320915222 0.08738870173692703 
vt 0.740148663520813 0.10007532685995102 
vt 0.7491317391395569 0.10490832477807999 
vt 0.8318004012107849 0.1409141719341278 
vt 0.8734381794929504 0.16592495143413544 
vt 0.8372631072998047 0.1375310719013214 
vt 0.8860630989074707 0.16411256790161133 
vt 0.8854560852050781 0.1844111680984497 
vt 0.8871555924415588 0.16846227645874023 
vt 0.9064570665359497 0.22585414350032806 
vt 0.8957744836807251 0.22247104346752167 
vt 0.8995376825332642 0.24965667724609375 
vt 0.7600571513175964 0.08291817456483841 
vt 0.7928332686424255 0.06116967648267746 
vt 0.7559297680854797 0.07192309945821762 
vt 0.7870063781738281 0.055249251425266266 
vt 0.8152909278869629 0.03917952626943588 
vt 0.9064570665359497 0.22585414350032806 
vt 0.8871555924415588 0.16846227645874023 
vt 0.9079138040542603 0.21570484340190887 
vt 0.9385048747062683 0.10140439867973328 
vt 0.9298859238624573 0.10466667264699936 
vt 0.9240590929985046 0.09185922145843506 
vt 0.9020869731903076 0.09149675071239471 
vt 0.9218739867210388 0.10297512263059616 
vt 0.8778083324432373 0.1050291508436203 
vt 0.8605705499649048 0.11457432806491852 
vt 0.8594779968261719 0.1254485696554184 
vt 0.8838779926300049 0.11034545302391052 
vt 0.9243018627166748 0.10913719981908798 
vt 0.9501585960388184 0.10998297482728958 
vt 0.9467595815658569 0.10019615292549133 
vt 0.9281864166259766 0.09524232149124146 
vt 0.8603277802467346 0.16834144294261932 
vt 0.8734381794929504 0.15650059282779694 
vt 0.815776526927948 0.1612127721309662 
vt 0.8318004012107849 0.15420491993427277 
vt 0.7621208429336548 0.13547705113887787 
vt 0.7621208429336548 0.13547705113887787 
vt 0.8372631072998047 0.14804284274578094 
vt 0.7866421937942505 0.13716860115528107 
vt 0.7701327800750732 0.09330912679433823 
vt 0.7499815225601196 0.08352229744195938 
vt 0.717326819896698 0.10720399767160416 
vt 0.8860630989074707 0.14997604489326477 
vt 0.8871555924415588 0.15674224495887756 
vt 0.9011157751083374 0.1503385305404663 
vt 0.8994163274765015 0.1596420556306839 
vt 0.879507839679718 0.16846227645874023 
vt 0.7541089057922363 0.16834144294261932 
vt 0.7303158640861511 0.17281197011470795 
vt 0.7418481707572937 0.15650059282779694 
vt 0.7233964800834656 0.16338762640953064 
vt 0.6928054094314575 0.17897404730319977 
vt 0.6947476863861084 0.1912982016801834 
vt 0.6728969812393188 0.2083345204591751 
vt 0.6409705877304077 0.22500836849212646 
vt 0.6466760635375977 0.23092879354953766 
vt 0.6351437568664551 0.22343765199184418 
vt 0.6525029540061951 0.2065221518278122 
vt 0.6733825206756592 0.18731097877025604 
vt 0.6854004263877869 0.17305362224578857 
vt 0.6920770406723022 0.18815675377845764 
vt 0.6645208597183228 0.1937146931886673 
vt 0.658208429813385 0.18247798085212708 
vt 0.6372074484825134 0.20108503103256226 
vt 0.616449236869812 0.19311057031154633 
vt 0.5952054262161255 0.20543472468852997 
vt 0.589621365070343 0.1929897516965866 
vt 0.6357507109642029 0.18126972019672394 
vt 0.5851297974586487 0.18537777662277222 
vt 0.6820014119148254 0.1680998057126999 
vt 0.8485526442527771 0.13354384899139404 
vt 0.8610560894012451 0.1375310719013214 
vt 0.8627555966377258 0.14659294486045837 
vt 0.8903118371963501 0.1638709306716919 
vt 0.959263026714325 0.2757548689842224 
vt 0.9454242587089539 0.25207316875457764 
vt 0.9389904141426086 0.2303246706724167 
vt 0.9184749722480774 0.21292588114738464 
vt 0.9041506052017212 0.1784907430410385 
vt 0.9045147895812988 0.1937146931886673 
vt 0.8873984217643738 0.17220784723758698 
vt 0.8847277760505676 0.16375009715557098 
vt 0.8881267309188843 0.15915875136852264 
vt 0.8945605754852295 0.008127500303089619 
vt 0.8767158389091492 0.02286815084517002 
vt 0.8873984217643738 0.03482982516288757 
vt 0.8814501166343689 0.049087174236774445 
vt 0.8657904267311096 0.05017460137605667 
vt 0.865426242351532 0.057544924318790436 
vt 0.8523158431053162 0.060444723814725876 
vt 0.8389626145362854 0.07639362663030624 
vt 0.8172332644462585 0.08098497241735458 
vt 0.8245168328285217 0.09802129864692688 
vt 0.7893128395080566 0.09016767144203186 
vt 0.819054126739502 0.10817059874534607 
vt 0.7866421937942505 0.1033376008272171 
vt 0.8301008939743042 0.11046627163887024 
vt 0.8627555966377258 0.03180919960141182 
vt 0.8524371981620789 0.042441800236701965 
vt 0.8523158431053162 0.060444723814725876 
vt 0.8172332644462585 0.08098497241735458 
vt 0.8263376951217651 0.06056554988026619 
vt 0.8392053842544556 0.05247027426958084 
vt 0.7737745642662048 0.11880320310592651 
vt 0.7789944410324097 0.11880320310592651 
vt 0.7870063781738281 0.11058709770441055 
vt 0.7674621343612671 0.0521077997982502 
vt 0.7870063781738281 0.055249251425266266 
vt 0.7737745642662048 0.050295423716306686 
vt 0.8398123383522034 0.09185922145843506 
vt 0.8366560935974121 0.10466667264699936 
vt 0.8351994156837463 0.09427572786808014 
vt 0.8814501166343689 0.049087174236774445 
vt 0.8924968838691711 0.0367630235850811 
vt 0.8873984217643738 0.03482982516288757 
vt 0.8592352271080017 0.10345842689275742 
vt 0.8605705499649048 0.11457432806491852 
vt 0.8418760299682617 0.1117953509092331 
vt 0.8427257537841797 0.12218630313873291 
vt 0.818204402923584 0.12158217281103134 
vt 0.833135724067688 0.13245642185211182 
vt 0.8594779968261719 0.1254485696554184 
vt 0.7781447172164917 0.1237570270895958 
vt 0.7888273000717163 0.13040240108966827 
vt 0.7952610850334167 0.10937885195016861 
vt 0.8149267435073853 0.11034545302391052 
vt 0.7828789949417114 0.1041833758354187 
vt 0.8038800358772278 0.09753800183534622 
vt 0.8067934513092041 0.10901637375354767 
vt 0.7198760509490967 0.17800745368003845 
vt 0.7499815225601196 0.16846227645874023 
vt 0.6998462080955505 0.1775241494178772 
vt 0.7394203543663025 0.15674224495887756 
vt 0.6920770406723022 0.16930805146694183 
vt 0.6680412292480469 0.17957817018032074 
vt 0.6928054094314575 0.18537777662277222 
vt 0.6517745852470398 0.19443964958190918 
vt 0.6470402479171753 0.18404869735240936 
vt 0.587193489074707 0.19673532247543335 
vt 0.5851297974586487 0.18537777662277222 
vt 0.5952054262161255 0.20543472468852997 
vt 0.6372074484825134 0.20108503103256226 
vt 0.6820014119148254 0.1680998057126999 
vt 0.6357507109642029 0.18126972019672394 
vt 0.9493088126182556 0.05561172589659691 
vt 0.9467595815658569 0.050537075847387314 
vt 0.9266083240509033 0.0726480484008789 
vt 0.9240590929985046 0.06805670261383057 
vt 0.9281864166259766 0.05875317379832268 
vt 0.8250023722648621 0.11856155097484589 
vt 0.7893128395080566 0.09016767144203186 
vt 0.7866421937942505 0.1033376008272171 
vt 0.8903118371963501 0.21582567691802979 
vt 0.89601731300354 0.2433737814426422 
vt 0.8985665440559387 0.2151007205247879 
vt 0.9031794667243958 0.256060391664505 
vt 0.8978381752967834 0.2706802189350128 
vt 0.9107058644294739 0.3207017779350281 
vt 0.9127695560455322 0.3227558135986328 
vt 0.9097347259521484 0.26089340448379517 
vt 0.9070640802383423 0.2721301317214966 
vt 0.9107058644294739 0.19673532247543335 
vt 0.9020869731903076 0.20543472468852997 
vt 0.9127695560455322 0.18537777662277222 
vt 0.9051217436790466 0.1929897516965866 
vt 0.6928054094314575 0.18537777662277222 
vt 0.6807875037193298 0.19601038098335266 
vt 0.6830939650535583 0.17619507014751434 
vt 0.6733825206756592 0.18731097877025604 
vt 0.6600292921066284 0.20507225394248962 
vt 0.6525029540061951 0.2065221518278122 
vt 0.6351437568664551 0.22343765199184418 
vt 0.6431556940078735 0.2277873456478119 
vt 0.6696193814277649 0.21365082263946533 
vt 0.8799934387207031 0.23829913139343262 
vt 0.8774441480636597 0.23491603136062622 
vt 0.8728312253952026 0.2611350417137146 
vt 0.8146839737892151 0.08424724638462067 
vt 0.8242740631103516 0.09270499646663666 
vt 0.8258521556854248 0.07385630160570145 
vt 0.8535297513008118 0.06165297329425812 
vt 0.8405407071113586 0.05621584877371788 
vt 0.8610560894012451 0.03640054911375046 
vt 0.8485526442527771 0.039783649146556854 
vt 0.865426242351532 0.057544924318790436 
vt 0.8816929459571838 0.0478789247572422 
vt 0.8881267309188843 0.03470899909734726 
vt 0.8903118371963501 0.005469350144267082 
vt 0.8958958983421326 0.012598024681210518 
vt 0.8405407071113586 0.1272609531879425 
vt 0.8392053842544556 0.13257725536823273 
vt 0.8263376951217651 0.13003993034362793 
vt 0.8098282814025879 0.14357233047485352 
vt 0.8151695728302002 0.13016074895858765 
vt 0.8314362168312073 0.1407933533191681 
vt 0.8462461829185486 0.13197311758995056 
vt 0.8503735065460205 0.1461096554994583 
vt 0.8714959025382996 0.1375310719013214 
vt 0.8515874743461609 0.1272609531879425 
vt 0.8680968880653381 0.13354384899139404 
vt 0.8553506135940552 0.13257725536823273 
vt 0.8474600911140442 0.14828449487686157 
vt 0.865426242351532 0.14586800336837769 
vt 0.8553506135940552 0.13257725536823273 
vt 0.8680968880653381 0.13354384899139404 
vt 0.8759874701499939 0.14659294486045837 
vt 0.9023297429084778 0.1638709306716919 
vt 0.9052431583404541 0.17510764300823212 
vt 0.8850919008255005 0.16519999504089355 
vt 0.8997804522514343 0.17716167867183685 
vt 0.8577784895896912 0.15323832631111145 
vt 0.8729526400566101 0.17220784723758698 
vt 0.8731954097747803 0.15915875136852264 
vt 0.8997804522514343 0.17716167867183685 
vt 0.8951675295829773 0.1680998057126999 
vt 0.9026939272880554 0.1724494993686676 
vt 0.9052431583404541 0.17510764300823212 
vt 0.7717108726501465 0.049087174236774445 
vt 0.7817865014076233 0.06056554988026619 
vt 0.7804511785507202 0.04365004971623421 
vt 0.7890700697898865 0.0537993498146534 
vt 0.7789944410324097 0.0537993498146534 
vt 0.8115277886390686 0.031688373535871506 
vt 0.7870063781738281 0.055249251425266266 
vt 0.8149267435073853 0.03736715018749237 
vt 0.8065506815910339 0.11807824671268463 
vt 0.7789944410324097 0.11880320310592651 
vt 0.778630256652832 0.12605270743370056 
vt 0.8149267435073853 0.10720399767160416 
vt 0.7870063781738281 0.11058709770441055 
vt 0.8152909278869629 0.11324524879455566 
vt 0.8131058812141418 0.0853346735239029 
vt 0.8205108642578125 0.08521384745836258 
vt 0.8163834810256958 0.09632974863052368 
vt 0.8780511617660522 0.25823524594306946 
vt 0.8808431625366211 0.2610142230987549 
vt 0.8912829756736755 0.23999068140983582 
vt 0.896867036819458 0.2466360479593277 
vt 0.8214820027351379 0.10684152692556381 
vt 0.8074004054069519 0.11203700304031372 
vt 0.8046083450317383 0.10176687687635422 
vt 0.7800869941711426 0.10200852155685425 
vt 0.6351437568664551 0.22343765199184418 
vt 0.6466760635375977 0.23092879354953766 
vt 0.6409705877304077 0.22500836849212646 
vt 0.8023018836975098 0.07107732445001602 
vt 0.8106780052185059 0.06950660049915314 
vt 0.7968392372131348 0.06249874830245972 
vt 0.8004810214042664 0.05875317379832268 
vt 0.6830939650535583 0.17619507014751434 
vt 0.6928054094314575 0.18537777662277222 
vt 0.6854004263877869 0.17305362224578857 
vt 0.7866421937942505 0.1033376008272171 
vt 0.7822720408439636 0.09185922145843506 
vt 0.7893128395080566 0.09016767144203186 
vt 0.835563600063324 0.07977672666311264 
vt 0.8205108642578125 0.08134745061397552 
vt 0.8347138166427612 0.09040932357311249 
vt 0.8256093859672546 0.08763034641742706 
vt 0.8205108642578125 0.08134745061397552 
vt 0.8077645897865295 0.08811365067958832 
vt 0.8132272958755493 0.12677764892578125 
vt 0.8172332644462585 0.1391018033027649 
vt 0.7908909320831299 0.12254877388477325 
vt 0.7893128395080566 0.1400683969259262 
vt 0.6807875037193298 0.19601038098335266 
vt 0.6998462080955505 0.1775241494178772 
vt 0.6928054094314575 0.18537777662277222 
vt 0.9011157751083374 0.16785815358161926 
vt 0.8860630989074707 0.16411256790161133 
vt 0.8347138166427612 0.12593187391757965 
vt 0.8372631072998047 0.1375310719013214 
vt 0.7866421937942505 0.1033376008272171 
vt 0.865426242351532 0.1461096554994583 
vt 0.8814501166343689 0.16797897219657898 
vt 0.8816929459571838 0.15142594277858734 
vt 0.7836073637008667 0.0521077997982502 
vt 0.7775377035140991 0.058390699326992035 
vt 0.7822720408439636 0.0657610222697258 
vt 0.7798442244529724 0.07965590059757233 
vt 0.833135724067688 0.13245642185211182 
vt 0.8242740631103516 0.13016074895858765 
vt 0.8245168328285217 0.14357233047485352 
vt 0.7974461913108826 0.13124817609786987 
vt 0.8098282814025879 0.14357233047485352 
vt 0.8082501292228699 0.13245642185211182 
vt 0.8655476570129395 0.1041833758354187 
vt 0.8787794709205627 0.10937885195016861 
vt 0.8600849509239197 0.1237570270895958 
vt 0.8144412040710449 0.1050291508436203 
vt 0.8014521598815918 0.11457432806491852 
vt 0.7924690842628479 0.10345842689275742 
vt 0.9266083240509033 0.09427572786808014 
vt 0.9493088126182556 0.10442502796649933 
vt 0.9298859238624573 0.10466667264699936 
vt 0.9501585960388184 0.10998297482728958 
vt 0.8912829756736755 0.18731097877025604 
vt 0.8957744836807251 0.17305362224578857 
vt 0.8978381752967834 0.17619507014751434 
vt 0.8799934387207031 0.21365082263946533 
vt 0.8774441480636597 0.2083345204591751 
vt 0.8859416842460632 0.1912982016801834 
vt 0.8269447088241577 0.1391018033027649 
vt 0.8473386764526367 0.13003993034362793 
vt 0.8277944326400757 0.12677764892578125 
vt 0.8535297513008118 0.13197311758995056 
vt 0.8389626145362854 0.1407933533191681 
vt 0.865426242351532 0.1461096554994583 
vt 0.8977168202400208 0.1724494993686676 
vt 0.8903118371963501 0.1638709306716919 
vt 0.8952889442443848 0.17510764300823212 
vt 0.9026939272880554 0.1724494993686676 
vt 0.9023297429084778 0.1638709306716919 
vt 0.8951675295829773 0.1680998057126999 
vt 0.7825148701667786 0.04365004971623421 
vt 0.7737745642662048 0.050295423716306686 
vt 0.7789944410324097 0.0537993498146534 
vt 0.8115277886390686 0.03470899909734726 
vt 0.8065506815910339 0.03156755119562149 
vt 0.778630256652832 0.06056554988026619 
vt 0.8065506815910339 0.11807824671268463 
vt 0.7789944410324097 0.11880320310592651 
vt 0.8115277886390686 0.10877472162246704 
vt 0.8115277886390686 0.10877472162246704 
vt 0.8065506815910339 0.11807824671268463 
vt 0.8115277886390686 0.12085722386837006 
vt 0.944817304611206 0.2532814145088196 
vt 0.962176501750946 0.2698344588279724 
vt 0.9556212425231934 0.28203776478767395 
vt 0.9170182943344116 0.2757548689842224 
vt 0.907185435295105 0.2698344588279724 
vt 0.9090063571929932 0.28203776478767395 
vt 0.18902446329593658 0.7028712630271912 
vt 0.1090264767408371 0.7393603920936584 
vt 0.18902446329593658 0.5451946258544922 
vt 0.1090264767408371 0.5087054967880249 
vt 0.26902246475219727 0.7028712630271912 
vt 0.18902446329593658 0.7393603920936584 
vt 0.26902246475219727 0.5451946258544922 
vt 0.18902446329593658 0.5087054967880249 
vt 0.34902045130729675 0.7028712630271912 
vt 0.26902246475219727 0.7393603920936584 
vt 0.34902045130729675 0.5451946258544922 
vt 0.26902246475219727 0.5087054967880249 
vt 0.42901843786239624 0.7028712630271912 
vt 0.34902045130729675 0.7393603920936584 
vt 0.42901843786239624 0.5451946258544922 
vt 0.34902045130729675 0.5087054967880249 
vt 0.9372909069061279 0.5494235157966614 
vt 0.543249249458313 0.5494235157966614 
vt 0.9393545985221863 0.5366160273551941 
vt 0.5410641431808472 0.5366160273551941 
vt 0.7338362336158752 0.664811372756958 
vt 0.7352929711341858 0.6596158742904663 
vt 0.8048511743545532 0.6277180910110474 
vt 0.8058223128318787 0.6239725351333618 
vt 0.7995098829269409 0.7086708545684814 
vt 0.7531377077102661 0.6883722543716431 
vt 0.8040013909339905 0.7081875205039978 
vt 0.7486461997032166 0.6839017271995544 
vt 0.7531377077102661 0.8091972470283508 
vt 0.7486461997032166 0.8136677742004395 
vt 0.8040013909339905 0.7895027995109558 
vt 0.7995098829269409 0.7888986468315125 
vt 0.8040013909339905 0.8136677742004395 
vt 0.8084929585456848 0.8091972470283508 
vt 0.8593565821647644 0.7895027995109558 
vt 0.8548650741577148 0.7888986468315125 
vt 0.8593565821647644 0.7081875205039978 
vt 0.8548650741577148 0.7086708545684814 
vt 0.8084929585456848 0.6883722543716431 
vt 0.8040013909339905 0.6839017271995544 
vt 0.5400930047035217 0.5528066158294678 
vt 0.5328094363212585 0.5630767345428467 
vt 0.9801426529884338 0.5528066158294678 
vt 0.9875476360321045 0.5630767345428467 
vt 0.7019098997116089 0.551960825920105 
vt 0.6959616541862488 0.5455570816993713 
vt 0.5235835909843445 0.5544981360435486 
vt 0.5154502391815186 0.5455570816993713 
vt 0.9614481329917908 0.6265098452568054 
vt 0.9637545943260193 0.613339900970459 
vt 0.5349945425987244 0.6265098452568054 
vt 0.5326880216598511 0.613339900970459 
vt 0.9372909069061279 0.5751592516899109 
vt 0.9393545985221863 0.5623517632484436 
vt 0.543249249458313 0.5751592516899109 
vt 0.5410641431808472 0.5623517632484436 
vt 0.9801426529884338 0.5528066158294678 
vt 0.9875476360321045 0.5425364971160889 
vt 0.5400930047035217 0.5528066158294678 
vt 0.5328094363212585 0.5426573157310486 
vt 0.9801426529884338 0.5739509463310242 
vt 0.9875476360321045 0.5636808276176453 
vt 0.5400930047035217 0.5739509463310242 
vt 0.5328094363212585 0.563801646232605 
vt 0.5400930047035217 0.5317830443382263 
vt 0.5328094363212585 0.5420531630516052 
vt 0.9801426529884338 0.5317830443382263 
vt 0.9875476360321045 0.5419323444366455 
vt 0.5756611824035645 0.664811372756958 
vt 0.6466760635375977 0.6277180910110474 
vt 0.5769965052604675 0.6596158742904663 
vt 0.6476472020149231 0.6239725351333618 
vt 0.7019098997116089 0.5430197715759277 
vt 0.6959616541862488 0.5366160273551941 
vt 0.5235835909843445 0.5455570816993713 
vt 0.5154502391815186 0.5366160273551941 
vt 0.543249249458313 0.5238085985183716 
vt 0.5410641431808472 0.5366160273551941 
vt 0.9372909069061279 0.5238085985183716 
vt 0.9393545985221863 0.5366160273551941 
vt 0.9614481329917908 0.5871208906173706 
vt 0.9637545943260193 0.5739509463310242 
vt 0.5349945425987244 0.5871208906173706 
vt 0.5326880216598511 0.5739509463310242 
vt 0.5154502391815186 0.5635600090026855 
vt 0.6959616541862488 0.5635600090026855 
vt 0.5235835909843445 0.5544981360435486 
vt 0.7019098997116089 0.5570354461669922 
vt 0.7019098997116089 0.5340787172317505 
vt 0.6959616541862488 0.5276749730110168 
vt 0.5235835909843445 0.5366160273551941 
vt 0.5154502391815186 0.5276749730110168 
vt 0.543249249458313 0.5494235157966614 
vt 0.5410641431808472 0.5623517632484436 
vt 0.9372909069061279 0.5494235157966614 
vt 0.9393545985221863 0.5623517632484436 
vt 0.5349945425987244 0.6001700162887573 
vt 0.5326880216598511 0.613339900970459 
vt 0.9614481329917908 0.6001700162887573 
vt 0.9637545943260193 0.613339900970459 
vt 0.6548094153404236 0.664811372756958 
vt 0.7258242964744568 0.6277180910110474 
vt 0.6561447381973267 0.6596158742904663 
vt 0.7266740798950195 0.6239725351333618 
vt 0.8123775124549866 0.6239725351333618 
vt 0.8132272958755493 0.6277180910110474 
vt 0.8830282688140869 0.6596158742904663 
vt 0.8846063613891602 0.6651738286018372 
vt 0.9484590888023376 0.641975462436676 
vt 0.9467595815658569 0.630255401134491 
vt 0.543249249458313 0.641975462436676 
vt 0.5444631576538086 0.6308595538139343 
vt 0.6909845471382141 0.5187339782714844 
vt 0.6959616541862488 0.5142634510993958 
vt 0.5207915306091309 0.5186131000518799 
vt 0.5154502391815186 0.5142634510993958 
vt 0.9484590888023376 0.6085069179534912 
vt 0.9467595815658569 0.5969077348709106 
vt 0.543249249458313 0.6085069179534912 
vt 0.5444631576538086 0.5975118279457092 
vt 0.543249249458313 0.6085069179534912 
vt 0.5448273420333862 0.6202269792556763 
vt 0.9484590888023376 0.6085069179534912 
vt 0.9472451210021973 0.6196228265762329 
vt 0.543249249458313 0.5751592516899109 
vt 0.5448273420333862 0.5867584347724915 
vt 0.9484590888023376 0.5751592516899109 
vt 0.9472451210021973 0.5861542820930481 
vt 0.5349945425987244 0.5871208906173706 
vt 0.5326880216598511 0.6001700162887573 
vt 0.9614481329917908 0.5871208906173706 
vt 0.9637545943260193 0.6001700162887573 
vt 0.47842538356781006 0.7335608005523682 
vt 0.47842538356781006 0.7193034291267395 
vt 0.010212576016783714 0.7335608005523682 
vt 0.010212576016783714 0.7193034291267395 
vt 0.47842538356781006 0.7193034291267395 
vt 0.47842538356781006 0.7050461173057556 
vt 0.010212576016783714 0.7193034291267395 
vt 0.010212576016783714 0.7050461173057556 
vt 0.47842538356781006 0.7050461173057556 
vt 0.47842538356781006 0.6909095644950867 
vt 0.010212576016783714 0.7050461173057556 
vt 0.010212576016783714 0.6909095644950867 
vt 0.47842538356781006 0.6909095644950867 
vt 0.47842538356781006 0.6766522526741028 
vt 0.010212576016783714 0.6909095644950867 
vt 0.010212576016783714 0.6766522526741028 
vt 0.40049105882644653 0.847257137298584 
vt 0.40862441062927246 0.8624810576438904 
vt 0.4449208974838257 0.8477404117584229 
vt 0.43848708271980286 0.8624810576438904 
vt 0.4383656978607178 0.8722679018974304 
vt 0.40862441062927246 0.8722679018974304 
vt 0.4466204047203064 0.8953454494476318 
vt 0.40049105882644653 0.8953454494476318 
vt 0.3065328896045685 0.7984438538551331 
vt 0.3117527961730957 0.8194673657417297 
vt 0.351812481880188 0.7984438538551331 
vt 0.34380054473876953 0.8188632726669312 
vt 0.3034980595111847 0.8477404117584229 
vt 0.351812481880188 0.8477404117584229 
vt 0.34914183616638184 0.8477404117584229 
vt 0.3410085141658783 0.8630852103233337 
vt 0.3045906126499176 0.8483445644378662 
vt 0.3111458122730255 0.8630852103233337 
vt 0.311267226934433 0.8728720545768738 
vt 0.3410085141658783 0.8728720545768738 
vt 0.303012490272522 0.8959496021270752 
vt 0.34914183616638184 0.8959496021270752 
vt 0.3482920825481415 0.7491472363471985 
vt 0.34307217597961426 0.7701707482337952 
vt 0.303012490272522 0.7491472363471985 
vt 0.31102442741394043 0.7695666551589966 
vt 0.35132691264152527 0.7984438538551331 
vt 0.303012490272522 0.7984438538551331 
vt 0.44686320424079895 0.7984438538551331 
vt 0.4023119807243347 0.7990479469299316 
vt 0.43860846757888794 0.8137885928153992 
vt 0.40874579548835754 0.8137885928153992 
vt 0.4088671803474426 0.8235754370689392 
vt 0.43860846757888794 0.8235754370689392 
vt 0.4007338583469391 0.8466529846191406 
vt 0.44686320424079895 0.8466529846191406 
vt 0.29961347579956055 0.7491472363471985 
vt 0.29427218437194824 0.7701707482337952 
vt 0.2543339133262634 0.7491472363471985 
vt 0.2623458504676819 0.7695666551589966 
vt 0.30264830589294434 0.7984438538551331 
vt 0.2543339133262634 0.7984438538551331 
vt 0.400612473487854 0.7491472363471985 
vt 0.4088671803474426 0.7644919753074646 
vt 0.44516369700431824 0.7496305108070374 
vt 0.438729852437973 0.7644919753074646 
vt 0.43860846757888794 0.7742788195610046 
vt 0.4088671803474426 0.7742788195610046 
vt 0.4467417895793915 0.7973564267158508 
vt 0.4007338583469391 0.7973564267158508 
vt 0.25785428285598755 0.7984438538551331 
vt 0.26307418942451477 0.8194673657417297 
vt 0.303012490272522 0.7984438538551331 
vt 0.2951219379901886 0.8188632726669312 
vt 0.25481948256492615 0.8477404117584229 
vt 0.303012490272522 0.8477404117584229 
vt 0.7792372107505798 0.13608117401599884 
vt 0.7662481665611267 0.13028156757354736 
vt 0.7825148701667786 0.12738177180290222 
vt 0.7674621343612671 0.12424032390117645 
vt 0.7737745642662048 0.11880320310592651 
s on 
f 1/1/1 2/2/2 3/3/3 
f 2/2/2 2/2/2 3/3/3 
f 3/3/3 2/2/2 4/4/4 
f 2/2/2 5/5/5 4/4/4 
f 4/4/4 5/5/5 6/6/6 
f 5/5/5 6/6/6 6/6/6 
f 6/6/6 6/6/6 5/5/5 
f 6/6/6 5/5/5 5/5/5 
f 5/5/5 5/5/5 7/7/7 
f 5/5/5 2/2/2 7/7/7 
f 7/7/7 2/2/2 7/7/7 
f 2/2/2 8/8/8 7/7/7 
f 7/7/7 8/8/8 7/7/7 
f 8/8/8 9/9/9 7/7/7 
f 7/7/7 9/9/9 7/7/7 
f 9/9/9 10/10/10 7/7/7 
f 7/7/7 10/10/10 11/11/11 
f 10/10/10 12/12/12 11/11/11 
f 11/11/11 12/12/12 5/5/5 
f 12/12/12 13/13/13 5/5/5 
f 5/5/5 13/13/13 14/14/14 
f 13/13/13 13/13/13 14/14/14 
f 14/14/14 13/13/13 15/15/15 
f 13/13/13 16/16/16 15/15/15 
f 15/15/15 16/16/16 17/17/17 
f 16/16/16 17/17/17 17/17/17 
f 17/17/17 17/17/17 7/7/7 
f 17/17/17 7/7/7 7/7/7 
f 7/7/7 7/7/7 5/5/5 
f 7/7/7 11/11/11 5/5/5 
f 5/5/5 11/11/11 11/11/11 
f 11/11/11 10/10/10 11/11/11 
f 11/11/11 10/10/10 10/10/10 
f 10/10/10 16/16/16 10/10/10 
f 10/10/10 16/16/16 12/12/12 
f 16/16/16 13/13/13 12/12/12 
f 12/12/12 13/13/13 13/13/13 
f 13/13/13 5/5/5 13/13/13 
f 13/13/13 5/5/5 5/5/5 
f 5/5/5 14/14/14 5/5/5 
f 5/5/5 14/14/14 6/6/6 
f 14/14/14 14/14/14 6/6/6 
f 6/6/6 14/14/14 18/18/18 
f 14/14/14 14/14/14 18/18/18 
f 18/18/18 14/14/14 19/19/19 
f 14/14/14 20/20/20 19/19/19 
f 19/19/19 20/20/20 21/21/21 
f 20/20/20 21/21/21 21/21/21 
f 21/21/21 21/21/21 14/14/14 
f 21/21/21 14/14/14 14/14/14 
f 14/14/14 14/14/14 20/20/20 
f 14/14/14 15/15/15 20/20/20 
f 20/20/20 15/15/15 22/22/22 
f 15/15/15 17/17/17 22/22/22 
f 22/22/22 17/17/17 23/23/23 
f 17/17/17 24/24/24 23/23/23 
f 23/23/23 24/24/24 24/24/24 
f 24/24/24 22/22/22 24/24/24 
f 24/24/24 22/22/22 22/22/22 
f 22/22/22 23/23/23 22/22/22 
f 22/22/22 23/23/23 20/20/20 
f 23/23/23 25/25/25 20/20/20 
f 20/20/20 25/25/25 21/21/21 
f 25/25/25 25/25/25 21/21/21 
f 21/21/21 25/25/25 26/26/26 
f 25/25/25 27/27/27 26/26/26 
f 26/26/26 27/27/27 28/28/28 
f 27/27/27 27/27/27 28/28/28 
f 28/28/28 27/27/27 29/29/29 
f 27/27/27 30/30/30 29/29/29 
f 29/29/29 30/30/30 31/31/31 
f 30/30/30 32/32/32 31/31/31 
f 31/31/31 32/32/32 33/33/33 
f 32/32/32 32/32/32 33/33/33 
f 33/33/33 32/32/32 34/34/34 
f 32/32/32 32/32/32 34/34/34 
f 34/34/34 32/32/32 35/35/35 
f 32/32/32 36/36/36 35/35/35 
f 35/35/35 36/36/36 37/37/37 
f 36/36/36 36/36/36 37/37/37 
f 37/37/37 36/36/36 38/38/38 
f 36/36/36 39/39/39 38/38/38 
f 38/38/38 39/39/39 40/40/40 
f 39/39/39 41/41/41 40/40/40 
f 40/40/40 41/41/41 42/42/42 
f 41/41/41 43/43/43 42/42/42 
f 42/42/42 43/43/43 44/44/44 
f 43/43/43 27/27/27 44/44/44 
f 44/44/44 27/27/27 44/44/44 
f 27/27/27 45/45/45 44/44/44 
f 44/44/44 45/45/45 44/44/44 
f 45/45/45 46/46/46 44/44/44 
f 44/44/44 46/46/46 42/42/42 
f 46/46/46 42/42/42 42/42/42 
f 42/42/42 42/42/42 36/36/36 
f 42/42/42 36/36/36 36/36/36 
f 36/36/36 36/36/36 39/39/39 
f 36/36/36 32/32/32 39/39/39 
f 39/39/39 32/32/32 41/41/41 
f 32/32/32 30/30/30 41/41/41 
f 41/41/41 30/30/30 43/43/43 
f 30/30/30 27/27/27 43/43/43 
f 43/43/43 27/27/27 27/27/27 
f 27/27/27 27/27/27 27/27/27 
f 27/27/27 27/27/27 27/27/27 
f 27/27/27 47/47/47 27/27/27 
f 27/27/27 47/47/47 45/45/45 
f 47/47/47 47/47/47 45/45/45 
f 45/45/45 47/47/47 46/46/46 
f 47/47/47 47/47/47 46/46/46 
f 46/46/46 47/47/47 24/24/24 
f 47/47/47 48/48/48 24/24/24 
f 24/24/24 48/48/48 23/23/23 
f 48/48/48 48/48/48 23/23/23 
f 23/23/23 48/48/48 25/25/25 
f 48/48/48 47/47/47 25/25/25 
f 25/25/25 47/47/47 27/27/27 
f 47/47/47 27/27/27 27/27/27 
f 27/27/27 27/27/27 49/49/49 
f 27/27/27 49/49/49 49/49/49 
f 49/49/49 49/49/49 50/50/50 
f 49/49/49 51/51/51 50/50/50 
f 50/50/50 51/51/51 52/52/52 
f 51/51/51 51/51/51 52/52/52 
f 52/52/52 51/51/51 53/53/53 
f 51/51/51 54/54/54 53/53/53 
f 53/53/53 54/54/54 54/54/54 
f 54/54/54 49/49/49 54/54/54 
f 54/54/54 49/49/49 49/49/49 
f 49/49/49 50/50/50 49/49/49 
f 49/49/49 50/50/50 55/55/55 
f 50/50/50 56/56/56 55/55/55 
f 55/55/55 56/56/56 57/57/57 
f 56/56/56 56/56/56 57/57/57 
f 57/57/57 56/56/56 58/58/58 
f 56/56/56 56/56/56 58/58/58 
f 58/58/58 56/56/56 59/59/59 
f 56/56/56 50/50/50 59/59/59 
f 59/59/59 50/50/50 60/60/60 
f 50/50/50 50/50/50 60/60/60 
f 60/60/60 50/50/50 61/61/61 
f 50/50/50 52/52/52 61/61/61 
f 61/61/61 52/52/52 62/62/62 
f 52/52/52 53/53/53 62/62/62 
f 62/62/62 53/53/53 63/63/63 
f 53/53/53 54/54/54 63/63/63 
f 63/63/63 54/54/54 63/63/63 
f 54/54/54 64/64/64 63/63/63 
f 63/63/63 64/64/64 65/65/65 
f 64/64/64 64/64/64 65/65/65 
f 65/65/65 64/64/64 66/66/66 
f 64/64/64 67/67/67 66/66/66 
f 66/66/66 67/67/67 68/68/68 
f 67/67/67 69/69/69 68/68/68 
f 68/68/68 69/69/69 70/70/70 
f 69/69/69 71/71/71 70/70/70 
f 70/70/70 71/71/71 72/72/72 
f 71/71/71 72/72/72 72/72/72 
f 72/72/72 72/72/72 57/57/57 
f 72/72/72 57/57/57 57/57/57 
f 57/57/57 57/57/57 55/55/55 
f 57/57/57 73/73/73 55/55/55 
f 55/55/55 73/73/73 73/73/73 
f 73/73/73 62/62/62 73/73/73 
f 73/73/73 62/62/62 62/62/62 
f 62/62/62 63/63/63 62/62/62 
f 62/62/62 63/63/63 65/65/65 
f 63/63/63 65/65/65 65/65/65 
f 65/65/65 65/65/65 54/54/54 
f 65/65/65 54/54/54 54/54/54 
f 54/54/54 54/54/54 64/64/64 
f 54/54/54 74/74/74 64/64/64 
f 64/64/64 74/74/74 67/67/67 
f 74/74/74 74/74/74 67/67/67 
f 67/67/67 74/74/74 69/69/69 
f 74/74/74 75/75/75 69/69/69 
f 69/69/69 75/75/75 71/71/71 
f 75/75/75 76/76/76 71/71/71 
f 71/71/71 76/76/76 72/72/72 
f 76/76/76 76/76/76 72/72/72 
f 72/72/72 76/76/76 77/77/77 
f 76/76/76 78/78/78 77/77/77 
f 77/77/77 78/78/78 79/79/79 
f 78/78/78 79/79/79 79/79/79 
f 79/79/79 79/79/79 75/75/75 
f 79/79/79 75/75/75 75/75/75 
f 75/75/75 75/75/75 76/76/76 
f 75/75/75 80/80/80 76/76/76 
f 76/76/76 80/80/80 78/78/78 
f 80/80/80 78/78/78 78/78/78 
f 78/78/78 78/78/78 81/81/81 
f 78/78/78 81/81/81 81/81/81 
f 81/81/81 81/81/81 82/82/82 
f 81/81/81 83/83/83 82/82/82 
f 82/82/82 83/83/83 82/82/82 
f 83/83/83 84/84/84 82/82/82 
f 82/82/82 84/84/84 85/85/85 
f 84/84/84 86/86/86 85/85/85 
f 85/85/85 86/86/86 86/86/86 
f 86/86/86 81/81/81 86/86/86 
f 86/86/86 81/81/81 81/81/81 
f 81/81/81 87/87/87 81/81/81 
f 81/81/81 87/87/87 83/83/83 
f 87/87/87 88/88/88 83/83/83 
f 83/83/83 88/88/88 89/89/89 
f 88/88/88 90/90/90 89/89/89 
f 89/89/89 90/90/90 91/91/91 
f 90/90/90 92/92/92 91/91/91 
f 91/91/91 92/92/92 91/91/91 
f 92/92/92 93/93/93 91/91/91 
f 91/91/91 93/93/93 91/91/91 
f 93/93/93 94/94/94 91/91/91 
f 91/91/91 94/94/94 95/95/95 
f 94/94/94 96/96/96 95/95/95 
f 95/95/95 96/96/96 97/97/97 
f 96/96/96 98/98/98 97/97/97 
f 97/97/97 98/98/98 97/97/97 
f 98/98/98 99/99/99 97/97/97 
f 97/97/97 99/99/99 100/100/100 
f 99/99/99 101/101/101 100/100/100 
f 100/100/100 101/101/101 100/100/100 
f 101/101/101 102/102/102 100/100/100 
f 100/100/100 102/102/102 103/103/103 
f 102/102/102 103/103/103 103/103/103 
f 103/103/103 103/103/103 85/85/85 
f 103/103/103 85/85/85 85/85/85 
f 85/85/85 85/85/85 104/104/104 
f 85/85/85 86/86/86 104/104/104 
f 104/104/104 86/86/86 105/105/105 
f 86/86/86 86/86/86 105/105/105 
f 105/105/105 86/86/86 106/106/106 
f 86/86/86 107/107/107 106/106/106 
f 106/106/106 107/107/107 107/107/107 
f 107/107/107 73/73/73 107/107/107 
f 107/107/107 73/73/73 73/73/73 
f 73/73/73 57/57/57 73/73/73 
f 73/73/73 57/57/57 108/108/108 
f 57/57/57 58/58/58 108/108/108 
f 108/108/108 58/58/58 108/108/108 
f 58/58/58 109/109/109 108/108/108 
f 108/108/108 109/109/109 108/108/108 
f 109/109/109 110/110/110 108/108/108 
f 108/108/108 110/110/110 111/111/111 
f 110/110/110 112/112/112 111/111/111 
f 111/111/111 112/112/112 113/113/113 
f 112/112/112 114/114/114 113/113/113 
f 113/113/113 114/114/114 115/115/115 
f 114/114/114 116/116/116 115/115/115 
f 115/115/115 116/116/116 115/115/115 
f 116/116/116 117/117/117 115/115/115 
f 115/115/115 117/117/117 118/118/118 
f 117/117/117 119/119/119 118/118/118 
f 118/118/118 119/119/119 119/119/119 
f 119/119/119 108/108/108 119/119/119 
f 119/119/119 108/108/108 108/108/108 
f 108/108/108 111/111/111 108/108/108 
f 108/108/108 111/111/111 73/73/73 
f 111/111/111 111/111/111 73/73/73 
f 73/73/73 111/111/111 120/120/120 
f 111/111/111 111/111/111 120/120/120 
f 120/120/120 111/111/111 121/121/121 
f 111/111/111 113/113/113 121/121/121 
f 121/121/121 113/113/113 121/121/121 
f 113/113/113 115/115/115 121/121/121 
f 121/121/121 115/115/115 118/118/118 
f 115/115/115 118/118/118 118/118/118 
f 118/118/118 118/118/118 122/122/122 
f 118/118/118 122/122/122 122/122/122 
f 122/122/122 122/122/122 123/123/123 
f 122/122/122 124/124/124 123/123/123 
f 123/123/123 124/124/124 123/123/123 
f 124/124/124 125/125/125 123/123/123 
f 123/123/123 125/125/125 126/126/126 
f 125/125/125 127/127/127 126/126/126 
f 126/126/126 127/127/127 128/128/128 
f 127/127/127 127/127/127 128/128/128 
f 128/128/128 127/127/127 129/129/129 
f 127/127/127 130/130/130 129/129/129 
f 129/129/129 130/130/130 131/131/131 
f 130/130/130 132/132/132 131/131/131 
f 131/131/131 132/132/132 133/133/133 
f 132/132/132 134/134/134 133/133/133 
f 133/133/133 134/134/134 135/135/135 
f 134/134/134 134/134/134 135/135/135 
f 135/135/135 134/134/134 136/136/136 
f 134/134/134 134/134/134 136/136/136 
f 136/136/136 134/134/134 125/125/125 
f 134/134/134 132/132/132 125/125/125 
f 125/125/125 132/132/132 125/125/125 
f 132/132/132 130/130/130 125/125/125 
f 125/125/125 130/130/130 127/127/127 
f 130/130/130 127/127/127 127/127/127 
f 127/127/127 127/127/127 128/128/128 
f 127/127/127 128/128/128 128/128/128 
f 128/128/128 128/128/128 126/126/126 
f 128/128/128 137/137/137 126/126/126 
f 126/126/126 137/137/137 123/123/123 
f 137/137/137 122/122/122 123/123/123 
f 123/123/123 122/122/122 122/122/122 
f 122/122/122 135/135/135 122/122/122 
f 122/122/122 135/135/135 135/135/135 
f 135/135/135 136/136/136 135/135/135 
f 135/135/135 136/136/136 138/138/138 
f 136/136/136 139/139/139 138/138/138 
f 138/138/138 139/139/139 140/140/140 
f 139/139/139 141/141/141 140/140/140 
f 140/140/140 141/141/141 142/142/142 
f 141/141/141 143/143/143 142/142/142 
f 142/142/142 143/143/143 144/144/144 
f 143/143/143 145/145/145 144/144/144 
f 144/144/144 145/145/145 146/146/146 
f 145/145/145 147/147/147 146/146/146 
f 146/146/146 147/147/147 148/148/148 
f 147/147/147 149/149/149 148/148/148 
f 148/148/148 149/149/149 150/150/150 
f 149/149/149 149/149/149 150/150/150 
f 150/150/150 149/149/149 151/151/151 
f 149/149/149 149/149/149 151/151/151 
f 151/151/151 149/149/149 125/125/125 
f 149/149/149 147/147/147 125/125/125 
f 125/125/125 147/147/147 125/125/125 
f 147/147/147 145/145/145 125/125/125 
f 125/125/125 145/145/145 125/125/125 
f 145/145/145 143/143/143 125/125/125 
f 125/125/125 143/143/143 125/125/125 
f 143/143/143 141/141/141 125/125/125 
f 125/125/125 141/141/141 125/125/125 
f 141/141/141 139/139/139 125/125/125 
f 125/125/125 139/139/139 136/136/136 
f 139/139/139 136/136/136 136/136/136 
f 136/136/136 136/136/136 150/150/150 
f 136/136/136 150/150/150 150/150/150 
f 150/150/150 150/150/150 152/152/152 
f 150/150/150 151/151/151 152/152/152 
f 152/152/152 151/151/151 153/153/153 
f 151/151/151 125/125/125 153/153/153 
f 153/153/153 125/125/125 153/153/153 
f 125/125/125 124/124/124 153/153/153 
f 153/153/153 124/124/124 154/154/154 
f 124/124/124 122/122/122 154/154/154 
f 154/154/154 122/122/122 122/122/122 
f 122/122/122 153/153/153 122/122/122 
f 122/122/122 153/153/153 153/153/153 
f 153/153/153 154/154/154 153/153/153 
f 153/153/153 154/154/154 152/152/152 
f 154/154/154 152/152/152 152/152/152 
f 152/152/152 152/152/152 155/155/155 
f 152/152/152 155/155/155 155/155/155 
f 155/155/155 155/155/155 156/156/156 
f 155/155/155 157/157/157 156/156/156 
f 156/156/156 157/157/157 158/158/158 
f 157/157/157 159/159/159 158/158/158 
f 158/158/158 159/159/159 160/160/160 
f 159/159/159 160/160/160 160/160/160 
f 160/160/160 160/160/160 161/161/161 
f 160/160/160 161/161/161 161/161/161 
f 161/161/161 161/161/161 162/162/162 
f 161/161/161 163/163/163 162/162/162 
f 162/162/162 163/163/163 164/164/164 
f 163/163/163 163/163/163 164/164/164 
f 164/164/164 163/163/163 165/165/165 
f 163/163/163 166/166/166 165/165/165 
f 165/165/165 166/166/166 167/167/167 
f 166/166/166 168/168/168 167/167/167 
f 167/167/167 168/168/168 169/169/169 
f 168/168/168 170/170/170 169/169/169 
f 169/169/169 170/170/170 170/170/170 
f 170/170/170 166/166/166 170/170/170 
f 170/170/170 166/166/166 166/166/166 
f 166/166/166 171/171/171 166/166/166 
f 166/166/166 171/171/171 168/168/168 
f 171/171/171 172/172/172 168/168/168 
f 168/168/168 172/172/172 172/172/172 
f 172/172/172 167/167/167 172/172/172 
f 172/172/172 167/167/167 167/167/167 
f 167/167/167 169/169/169 167/167/167 
f 167/167/167 169/169/169 173/173/173 
f 169/169/169 169/169/169 173/173/173 
f 173/173/173 169/169/169 174/174/174 
f 169/169/169 175/175/175 174/174/174 
f 174/174/174 175/175/175 175/175/175 
f 175/175/175 174/174/174 175/175/175 
f 175/175/175 174/174/174 174/174/174 
f 174/174/174 176/176/176 174/174/174 
f 174/174/174 176/176/176 177/177/177 
f 176/176/176 178/178/178 177/177/177 
f 177/177/177 178/178/178 177/177/177 
f 178/178/178 179/179/179 177/177/177 
f 177/177/177 179/179/179 180/180/180 
f 179/179/179 180/180/180 180/180/180 
f 180/180/180 180/180/180 181/181/181 
f 180/180/180 181/181/181 181/181/181 
f 181/181/181 181/181/181 182/182/182 
f 181/181/181 183/183/183 182/182/182 
f 182/182/182 183/183/183 182/182/182 
f 183/183/183 184/184/184 182/182/182 
f 182/182/182 184/184/184 185/185/185 
f 184/184/184 186/186/186 185/185/185 
f 185/185/185 186/186/186 186/186/186 
f 186/186/186 185/185/185 186/186/186 
f 186/186/186 185/185/185 185/185/185 
f 185/185/185 187/187/187 185/185/185 
f 185/185/185 187/187/187 182/182/182 
f 187/187/187 182/182/182 182/182/182 
f 182/182/182 182/182/182 188/188/188 
f 182/182/182 188/188/188 188/188/188 
f 188/188/188 188/188/188 189/189/189 
f 188/188/188 190/190/190 189/189/189 
f 189/189/189 190/190/190 191/191/191 
f 190/190/190 192/192/192 191/191/191 
f 191/191/191 192/192/192 193/193/193 
f 192/192/192 194/194/194 193/193/193 
f 193/193/193 194/194/194 195/195/195 
f 194/194/194 196/196/196 195/195/195 
f 195/195/195 196/196/196 197/197/197 
f 196/196/196 196/196/196 197/197/197 
f 197/197/197 196/196/196 198/198/198 
f 196/196/196 199/199/199 198/198/198 
f 198/198/198 199/199/199 199/199/199 
f 199/199/199 191/191/191 199/199/199 
f 199/199/199 191/191/191 191/191/191 
f 191/191/191 193/193/193 191/191/191 
f 191/191/191 193/193/193 200/200/200 
f 193/193/193 195/195/195 200/200/200 
f 200/200/200 195/195/195 201/201/201 
f 195/195/195 201/201/201 201/201/201 
f 201/201/201 201/201/201 202/202/202 
f 201/201/201 202/202/202 202/202/202 
f 202/202/202 202/202/202 203/203/203 
f 202/202/202 204/204/204 203/203/203 
f 203/203/203 204/204/204 204/204/204 
f 204/204/204 205/205/205 204/204/204 
f 204/204/204 205/205/205 205/205/205 
f 205/205/205 206/206/206 205/205/205 
f 205/205/205 206/206/206 207/207/207 
f 206/206/206 208/208/208 207/207/207 
f 207/207/207 208/208/208 209/209/209 
f 208/208/208 208/208/208 209/209/209 
f 209/209/209 208/208/208 210/210/210 
f 208/208/208 211/211/211 210/210/210 
f 210/210/210 211/211/211 212/212/212 
f 211/211/211 211/211/211 212/212/212 
f 212/212/212 211/211/211 213/213/213 
f 211/211/211 211/211/211 213/213/213 
f 213/213/213 211/211/211 214/214/214 
f 211/211/211 215/215/215 214/214/214 
f 214/214/214 215/215/215 216/216/216 
f 215/215/215 216/216/216 216/216/216 
f 216/216/216 216/216/216 209/209/209 
f 216/216/216 209/209/209 209/209/209 
f 209/209/209 209/209/209 207/207/207 
f 209/209/209 217/217/217 207/207/207 
f 207/207/207 217/217/217 218/218/218 
f 217/217/217 218/218/218 218/218/218 
f 218/218/218 218/218/218 206/206/206 
f 218/218/218 206/206/206 206/206/206 
f 206/206/206 206/206/206 208/208/208 
f 206/206/206 215/215/215 208/208/208 
f 208/208/208 215/215/215 211/211/211 
f 215/215/215 211/211/211 211/211/211 
f 211/211/211 211/211/211 218/218/218 
f 211/211/211 218/218/218 218/218/218 
f 218/218/218 218/218/218 219/219/219 
f 218/218/218 220/220/220 219/219/219 
f 219/219/219 220/220/220 220/220/220 
f 220/220/220 221/221/221 220/220/220 
f 220/220/220 221/221/221 221/221/221 
f 221/221/221 222/222/222 221/221/221 
f 221/221/221 222/222/222 223/223/223 
f 222/222/222 222/222/222 223/223/223 
f 223/223/223 222/222/222 224/224/224 
f 222/222/222 225/225/225 224/224/224 
f 224/224/224 225/225/225 225/225/225 
f 225/225/225 222/222/222 225/225/225 
f 225/225/225 222/222/222 222/222/222 
f 222/222/222 226/226/226 222/222/222 
f 222/222/222 226/226/226 227/227/227 
f 226/226/226 227/227/227 227/227/227 
f 227/227/227 227/227/227 228/228/228 
f 227/227/227 228/228/228 228/228/228 
f 228/228/228 228/228/228 229/229/229 
f 228/228/228 230/230/230 229/229/229 
f 229/229/229 230/230/230 230/230/230 
f 230/230/230 231/231/231 230/230/230 
f 230/230/230 231/231/231 231/231/231 
f 231/231/231 232/232/232 231/231/231 
f 231/231/231 232/232/232 233/233/233 
f 232/232/232 234/234/234 233/233/233 
f 233/233/233 234/234/234 235/235/235 
f 234/234/234 234/234/234 235/235/235 
f 235/235/235 234/234/234 236/236/236 
f 234/234/234 237/237/237 236/236/236 
f 236/236/236 237/237/237 236/236/236 
f 237/237/237 238/238/238 236/236/236 
f 236/236/236 238/238/238 239/239/239 
f 238/238/238 240/240/240 239/239/239 
f 239/239/239 240/240/240 240/240/240 
f 240/240/240 237/237/237 240/240/240 
f 240/240/240 237/237/237 237/237/237 
f 237/237/237 234/234/234 237/237/237 
f 237/237/237 234/234/234 241/241/241 
f 234/234/234 232/232/232 241/241/241 
f 241/241/241 232/232/232 242/242/242 
f 232/232/232 242/242/242 242/242/242 
f 242/242/242 242/242/242 243/243/243 
f 242/242/242 243/243/243 243/243/243 
f 243/243/243 243/243/243 244/244/244 
f 243/243/243 245/245/245 244/244/244 
f 244/244/244 245/245/245 246/246/246 
f 245/245/245 247/247/247 246/246/246 
f 246/246/246 247/247/247 246/246/246 
f 247/247/247 248/248/248 246/246/246 
f 246/246/246 248/248/248 249/249/249 
f 248/248/248 248/248/248 249/249/249 
f 249/249/249 248/248/248 250/250/250 
f 248/248/248 251/251/251 250/250/250 
f 250/250/250 251/251/251 252/252/252 
f 251/251/251 251/251/251 252/252/252 
f 252/252/252 251/251/251 253/253/253 
f 251/251/251 254/254/254 253/253/253 
f 253/253/253 254/254/254 254/254/254 
f 254/254/254 249/249/249 254/254/254 
f 254/254/254 249/249/249 249/249/249 
f 249/249/249 255/255/255 249/249/249 
f 249/249/249 255/255/255 246/246/246 
f 255/255/255 255/255/255 246/246/246 
f 246/246/246 255/255/255 256/256/256 
f 255/255/255 257/257/257 256/256/256 
f 256/256/256 257/257/257 257/257/257 
f 257/257/257 258/258/258 257/257/257 
f 257/257/257 258/258/258 258/258/258 
f 258/258/258 253/253/253 258/258/258 
f 258/258/258 253/253/253 259/259/259 
f 253/253/253 259/259/259 259/259/259 
f 259/259/259 259/259/259 243/243/243 
f 259/259/259 243/243/243 243/243/243 
f 243/243/243 243/243/243 260/260/260 
f 243/243/243 261/261/261 260/260/260 
f 260/260/260 261/261/261 261/261/261 
f 261/261/261 262/262/262 261/261/261 
f 261/261/261 262/262/262 262/262/262 
f 262/262/262 263/263/263 262/262/262 
f 262/262/262 263/263/263 264/264/264 
f 263/263/263 264/264/264 264/264/264 
f 264/264/264 264/264/264 265/265/265 
f 264/264/264 265/265/265 265/265/265 
f 265/265/265 265/265/265 266/266/266 
f 265/265/265 267/267/267 266/266/266 
f 266/266/266 267/267/267 266/266/266 
f 267/267/267 268/268/268 266/266/266 
f 266/266/266 268/268/268 266/266/266 
f 268/268/268 269/269/269 266/266/266 
f 266/266/266 269/269/269 266/266/266 
f 269/269/269 270/270/270 266/266/266 
f 266/266/266 270/270/270 271/271/271 
f 270/270/270 272/272/272 271/271/271 
f 271/271/271 272/272/272 271/271/271 
f 272/272/272 273/273/273 271/271/271 
f 271/271/271 273/273/273 274/274/274 
f 273/273/273 275/275/275 274/274/274 
f 274/274/274 275/275/275 275/275/275 
f 275/275/275 266/266/266 275/275/275 
f 275/275/275 266/266/266 266/266/266 
f 266/266/266 271/271/271 266/266/266 
f 266/266/266 271/271/271 265/265/265 
f 271/271/271 274/274/274 265/265/265 
f 265/265/265 274/274/274 274/274/274 
f 274/274/274 276/276/276 274/274/274 
f 274/274/274 276/276/276 276/276/276 
f 276/276/276 277/277/277 276/276/276 
f 276/276/276 277/277/277 278/278/278 
f 277/277/277 278/278/278 278/278/278 
f 278/278/278 278/278/278 279/279/279 
f 278/278/278 279/279/279 279/279/279 
f 279/279/279 279/279/279 280/280/280 
f 279/279/279 281/281/281 280/280/280 
f 280/280/280 281/281/281 281/281/281 
f 281/281/281 282/282/282 281/281/281 
f 281/281/281 282/282/282 282/282/282 
f 282/282/282 283/283/283 282/282/282 
f 282/282/282 283/283/283 284/284/284 
f 283/283/283 283/283/283 284/284/284 
f 284/284/284 283/283/283 285/285/285 
f 283/283/283 286/286/286 285/285/285 
f 285/285/285 286/286/286 286/286/286 
f 286/286/286 287/287/287 286/286/286 
f 286/286/286 287/287/287 287/287/287 
f 287/287/287 288/288/288 287/287/287 
f 287/287/287 288/288/288 283/283/283 
f 288/288/288 283/283/283 283/283/283 
f 283/283/283 283/283/283 289/289/289 
f 283/283/283 289/289/289 289/289/289 
f 289/289/289 289/289/289 290/290/290 
f 289/289/289 291/291/291 290/290/290 
f 290/290/290 291/291/291 292/292/292 
f 291/291/291 292/292/292 292/292/292 
f 292/292/292 292/292/292 293/293/293 
f 292/292/292 293/293/293 293/293/293 
f 293/293/293 293/293/293 294/294/294 
f 293/293/293 295/295/295 294/294/294 
f 294/294/294 295/295/295 296/296/296 
f 295/295/295 297/297/297 296/296/296 
f 296/296/296 297/297/297 297/297/297 
f 297/297/297 297/297/297 297/297/297 
f 297/297/297 297/297/297 297/297/297 
f 297/297/297 298/298/298 297/297/297 
f 297/297/297 298/298/298 299/299/299 
f 298/298/298 299/299/299 299/299/299 
f 299/299/299 299/299/299 300/300/300 
f 299/299/299 300/300/300 300/300/300 
f 300/300/300 300/300/300 301/301/301 
f 300/300/300 294/294/294 301/301/301 
f 301/301/301 294/294/294 302/302/302 
f 294/294/294 296/296/296 302/302/302 
f 302/302/302 296/296/296 303/303/303 
f 296/296/296 304/304/304 303/303/303 
f 303/303/303 304/304/304 304/304/304 
f 304/304/304 302/302/302 304/304/304 
f 304/304/304 302/302/302 302/302/302 
f 302/302/302 303/303/303 302/302/302 
f 302/302/302 303/303/303 305/305/305 
f 303/303/303 306/306/306 305/305/305 
f 305/305/305 306/306/306 306/306/306 
f 306/306/306 307/307/307 306/306/306 
f 306/306/306 307/307/307 307/307/307 
f 307/307/307 308/308/308 307/307/307 
f 307/307/307 308/308/308 309/309/309 
f 308/308/308 308/308/308 309/309/309 
f 309/309/309 308/308/308 310/310/310 
f 308/308/308 311/311/311 310/310/310 
f 310/310/310 311/311/311 311/311/311 
f 311/311/311 312/312/312 311/311/311 
f 311/311/311 312/312/312 312/312/312 
f 312/312/312 308/308/308 312/312/312 
f 312/312/312 308/308/308 313/313/313 
f 308/308/308 313/313/313 313/313/313 
f 313/313/313 313/313/313 314/314/314 
f 313/313/313 314/314/314 314/314/314 
f 314/314/314 314/314/314 315/315/315 
f 314/314/314 316/316/316 315/315/315 
f 315/315/315 316/316/316 317/317/317 
f 316/316/316 317/317/317 317/317/317 
f 317/317/317 317/317/317 318/318/318 
f 317/317/317 318/318/318 318/318/318 
f 318/318/318 318/318/318 319/319/319 
f 318/318/318 320/320/320 319/319/319 
f 319/319/319 320/320/320 320/320/320 
f 320/320/320 321/321/321 320/320/320 
f 320/320/320 321/321/321 321/321/321 
f 321/321/321 322/322/322 321/321/321 
f 321/321/321 322/322/322 323/323/323 
f 322/322/322 324/324/324 323/323/323 
f 323/323/323 324/324/324 325/325/325 
f 324/324/324 326/326/326 325/325/325 
f 325/325/325 326/326/326 326/326/326 
f 326/326/326 327/327/327 326/326/326 
f 326/326/326 327/327/327 327/327/327 
f 327/327/327 324/324/324 327/327/327 
f 327/327/327 324/324/324 328/328/328 
f 324/324/324 322/322/322 328/328/328 
f 328/328/328 322/322/322 328/328/328 
f 322/322/322 329/329/329 328/328/328 
f 328/328/328 329/329/329 328/328/328 
f 329/329/329 330/330/330 328/328/328 
f 328/328/328 330/330/330 331/331/331 
f 330/330/330 331/331/331 331/331/331 
f 331/331/331 331/331/331 330/330/330 
f 331/331/331 330/330/330 330/330/330 
f 330/330/330 330/330/330 332/332/332 
f 330/330/330 333/333/333 332/332/332 
f 332/332/332 333/333/333 333/333/333 
f 333/333/333 334/334/334 333/333/333 
f 333/333/333 334/334/334 334/334/334 
f 334/334/334 335/335/335 334/334/334 
f 334/334/334 335/335/335 336/336/336 
f 335/335/335 337/337/337 336/336/336 
f 336/336/336 337/337/337 337/337/337 
f 337/337/337 338/338/338 337/337/337 
f 337/337/337 338/338/338 338/338/338 
f 338/338/338 339/339/339 338/338/338 
f 338/338/338 339/339/339 340/340/340 
f 339/339/339 340/340/340 340/340/340 
f 340/340/340 340/340/340 341/341/341 
f 340/340/340 341/341/341 341/341/341 
f 341/341/341 341/341/341 342/342/342 
f 341/341/341 343/343/343 342/342/342 
f 342/342/342 343/343/343 344/344/344 
f 343/343/343 344/344/344 344/344/344 
f 344/344/344 344/344/344 345/345/345 
f 344/344/344 345/345/345 345/345/345 
f 345/345/345 345/345/345 346/346/346 
f 345/345/345 347/347/347 346/346/346 
f 346/346/346 347/347/347 347/347/347 
f 347/347/347 348/348/348 347/347/347 
f 347/347/347 348/348/348 348/348/348 
f 348/348/348 349/349/349 348/348/348 
f 348/348/348 349/349/349 350/350/350 
f 349/349/349 350/350/350 350/350/350 
f 350/350/350 350/350/350 351/351/351 
f 350/350/350 351/351/351 351/351/351 
f 351/351/351 351/351/351 352/352/352 
f 351/351/351 353/353/353 352/352/352 
f 352/352/352 353/353/353 354/354/354 
f 353/353/353 354/354/354 354/354/354 
f 354/354/354 354/354/354 355/355/355 
f 354/354/354 355/355/355 355/355/355 
f 355/355/355 355/355/355 356/356/356 
f 355/355/355 357/357/357 356/356/356 
f 356/356/356 357/357/357 357/357/357 
f 357/357/357 358/358/358 357/357/357 
f 357/357/357 358/358/358 358/358/358 
f 358/358/358 359/359/359 358/358/358 
f 358/358/358 359/359/359 360/360/360 
f 359/359/359 360/360/360 360/360/360 
f 360/360/360 360/360/360 361/361/361 
f 360/360/360 361/361/361 361/361/361 
f 361/361/361 361/361/361 362/362/362 
f 361/361/361 363/363/363 362/362/362 
f 362/362/362 363/363/363 363/363/363 
f 363/363/363 364/364/364 363/363/363 
f 363/363/363 364/364/364 364/364/364 
f 364/364/364 365/365/365 364/364/364 
f 364/364/364 365/365/365 366/366/366 
f 365/365/365 365/365/365 366/366/366 
f 366/366/366 365/365/365 367/367/367 
f 365/365/365 365/365/365 367/367/367 
f 367/367/367 365/365/365 368/368/368 
f 365/365/365 369/369/369 368/368/368 
f 368/368/368 369/369/369 368/368/368 
f 369/369/369 370/370/370 368/368/368 
f 368/368/368 370/370/370 371/371/371 
f 370/370/370 372/372/372 371/371/371 
f 371/371/371 372/372/372 373/373/373 
f 372/372/372 373/373/373 373/373/373 
f 373/373/373 373/373/373 370/370/370 
f 373/373/373 370/370/370 370/370/370 
f 370/370/370 370/370/370 372/372/372 
f 370/370/370 374/374/374 372/372/372 
f 372/372/372 374/374/374 374/374/374 
f 374/374/374 375/375/375 374/374/374 
f 374/374/374 375/375/375 375/375/375 
f 375/375/375 376/376/376 375/375/375 
f 375/375/375 376/376/376 377/377/377 
f 376/376/376 378/378/378 377/377/377 
f 377/377/377 378/378/378 378/378/378 
f 378/378/378 378/378/378 378/378/378 
f 378/378/378 378/378/378 378/378/378 
f 378/378/378 379/379/379 378/378/378 
f 378/378/378 379/379/379 380/380/380 
f 379/379/379 379/379/379 380/380/380 
f 380/380/380 379/379/379 381/381/381 
f 379/379/379 382/382/382 381/381/381 
f 381/381/381 382/382/382 383/383/383 
f 382/382/382 384/384/384 383/383/383 
f 383/383/383 384/384/384 384/384/384 
f 384/384/384 385/385/385 384/384/384 
f 384/384/384 385/385/385 385/385/385 
f 385/385/385 386/386/386 385/385/385 
f 385/385/385 386/386/386 387/387/387 
f 386/386/386 387/387/387 387/387/387 
f 387/387/387 387/387/387 388/388/388 
f 387/387/387 388/388/388 388/388/388 
f 388/388/388 388/388/388 389/389/389 
f 388/388/388 390/390/390 389/389/389 
f 389/389/389 390/390/390 391/391/391 
f 390/390/390 391/391/391 391/391/391 
f 391/391/391 391/391/391 390/390/390 
f 391/391/391 390/390/390 390/390/390 
f 390/390/390 390/390/390 392/392/392 
f 390/390/390 393/393/393 392/392/392 
f 392/392/392 393/393/393 392/392/392 
f 393/393/393 394/394/394 392/392/392 
f 392/392/392 394/394/394 395/395/395 
f 394/394/394 395/395/395 395/395/395 
f 395/395/395 395/395/395 396/396/396 
f 395/395/395 396/396/396 396/396/396 
f 396/396/396 396/396/396 397/397/397 
f 396/396/396 398/398/398 397/397/397 
f 397/397/397 398/398/398 399/399/399 
f 398/398/398 400/400/400 399/399/399 
f 399/399/399 400/400/400 400/400/400 
f 400/400/400 400/400/400 400/400/400 
f 400/400/400 400/400/400 400/400/400 
f 400/400/400 401/401/401 400/400/400 
f 400/400/400 401/401/401 402/402/402 
f 401/401/401 403/403/403 402/402/402 
f 402/402/402 403/403/403 404/404/404 
f 403/403/403 404/404/404 404/404/404 
f 404/404/404 404/404/404 405/405/405 
f 404/404/404 405/405/405 405/405/405 
f 405/405/405 405/405/405 406/406/406 
f 405/405/405 407/407/407 406/406/406 
f 406/406/406 407/407/407 408/408/408 
f 407/407/407 409/409/409 408/408/408 
f 408/408/408 409/409/409 409/409/409 
f 409/409/409 406/406/406 409/409/409 
f 409/409/409 406/406/406 406/406/406 
f 406/406/406 408/408/408 406/406/406 
f 406/406/406 408/408/408 410/410/410 
f 408/408/408 411/411/411 410/410/410 
f 410/410/410 411/411/411 412/412/412 
f 411/411/411 412/412/412 412/412/412 
f 412/412/412 412/412/412 413/413/413 
f 412/412/412 413/413/413 413/413/413 
f 413/413/413 413/413/413 414/414/414 
f 413/413/413 415/415/415 414/414/414 
f 414/414/414 415/415/415 415/415/415 
f 415/415/415 416/416/416 415/415/415 
f 415/415/415 416/416/416 416/416/416 
f 416/416/416 417/417/417 416/416/416 
f 416/416/416 417/417/417 418/418/418 
f 417/417/417 418/418/418 418/418/418 
f 418/418/418 418/418/418 419/419/419 
f 418/418/418 419/419/419 419/419/419 
f 419/419/419 419/419/419 420/420/420 
f 419/419/419 416/416/416 420/420/420 
f 420/420/420 416/416/416 416/416/416 
f 416/416/416 421/421/421 416/416/416 
f 416/416/416 421/421/421 421/421/421 
f 421/421/421 422/422/422 421/421/421 
f 421/421/421 422/422/422 423/423/423 
f 422/422/422 424/424/424 423/423/423 
f 423/423/423 424/424/424 425/425/425 
f 424/424/424 425/425/425 425/425/425 
f 425/425/425 425/425/425 426/426/426 
f 425/425/425 426/426/426 426/426/426 
f 426/426/426 426/426/426 427/427/427 
f 426/426/426 428/428/428 427/427/427 
f 427/427/427 428/428/428 429/429/429 
f 428/428/428 430/430/430 429/429/429 
f 429/429/429 430/430/430 430/430/430 
f 430/430/430 431/431/431 430/430/430 
f 430/430/430 431/431/431 431/431/431 
f 431/431/431 432/432/432 431/431/431 
f 431/431/431 432/432/432 433/433/433 
f 432/432/432 434/434/434 433/433/433 
f 433/433/433 434/434/434 434/434/434 
f 434/434/434 432/432/432 434/434/434 
f 434/434/434 432/432/432 432/432/432 
f 432/432/432 435/435/435 432/432/432 
f 432/432/432 435/435/435 436/436/436 
f 435/435/435 436/436/436 436/436/436 
f 436/436/436 436/436/436 437/437/437 
f 436/436/436 437/437/437 437/437/437 
f 437/437/437 437/437/437 438/438/438 
f 437/437/437 439/439/439 438/438/438 
f 438/438/438 439/439/439 440/440/440 
f 439/439/439 441/441/441 440/440/440 
f 440/440/440 441/441/441 442/442/442 
f 441/441/441 443/443/443 442/442/442 
f 442/442/442 443/443/443 443/443/443 
f 443/443/443 444/444/444 443/443/443 
f 443/443/443 444/444/444 444/444/444 
f 444/444/444 438/438/438 444/444/444 
f 444/444/444 438/438/438 445/445/445 
f 438/438/438 440/440/440 445/445/445 
f 445/445/445 440/440/440 440/440/440 
f 440/440/440 440/440/440 440/440/440 
f 440/440/440 440/440/440 440/440/440 
f 440/440/440 442/442/442 440/440/440 
f 440/440/440 442/442/442 446/446/446 
f 442/442/442 447/447/447 446/446/446 
f 446/446/446 447/447/447 447/447/447 
f 447/447/447 448/448/448 447/447/447 
f 447/447/447 448/448/448 448/448/448 
f 448/448/448 449/449/449 448/448/448 
f 448/448/448 449/449/449 450/450/450 
f 449/449/449 450/450/450 450/450/450 
f 450/450/450 450/450/450 451/451/451 
f 450/450/450 451/451/451 451/451/451 
f 451/451/451 451/451/451 452/452/452 
f 451/451/451 453/453/453 452/452/452 
f 452/452/452 453/453/453 453/453/453 
f 453/453/453 454/454/454 453/453/453 
f 453/453/453 454/454/454 454/454/454 
f 454/454/454 455/455/455 454/454/454 
f 454/454/454 455/455/455 456/456/456 
f 455/455/455 457/457/457 456/456/456 
f 456/456/456 457/457/457 457/457/457 
f 457/457/457 458/458/458 457/457/457 
f 457/457/457 458/458/458 458/458/458 
f 458/458/458 459/459/459 458/458/458 
f 458/458/458 459/459/459 460/460/460 
f 459/459/459 461/461/461 460/460/460 
f 460/460/460 461/461/461 461/461/461 
f 461/461/461 462/462/462 461/461/461 
f 461/461/461 462/462/462 462/462/462 
f 462/462/462 463/463/463 462/462/462 
f 462/462/462 463/463/463 464/464/464 
f 463/463/463 463/463/463 464/464/464 
f 464/464/464 463/463/463 465/465/465 
f 463/463/463 463/463/463 465/465/465 
f 465/465/465 463/463/463 466/466/466 
f 463/463/463 467/467/467 466/466/466 
f 466/466/466 467/467/467 466/466/466 
f 467/467/467 468/468/468 466/466/466 
f 466/466/466 468/468/468 469/469/469 
f 468/468/468 469/469/469 469/469/469 
f 469/469/469 469/469/469 470/470/470 
f 469/469/469 470/470/470 470/470/470 
f 470/470/470 470/470/470 471/471/471 
f 470/470/470 469/469/469 471/471/471 
f 471/471/471 469/469/469 469/469/469 
f 469/469/469 472/472/472 469/469/469 
f 469/469/469 472/472/472 472/472/472 
f 472/472/472 473/473/473 472/472/472 
f 472/472/472 473/473/473 474/474/474 
f 473/473/473 473/473/473 474/474/474 
f 474/474/474 473/473/473 475/475/475 
f 473/473/473 476/476/476 475/475/475 
f 475/475/475 476/476/476 476/476/476 
f 476/476/476 477/477/477 476/476/476 
f 476/476/476 477/477/477 477/477/477 
f 477/477/477 478/478/478 477/477/477 
f 477/477/477 478/478/478 479/479/479 
f 478/478/478 479/479/479 479/479/479 
f 479/479/479 479/479/479 480/480/480 
f 479/479/479 480/480/480 480/480/480 
f 480/480/480 480/480/480 481/481/481 
f 480/480/480 482/482/482 481/481/481 
f 481/481/481 482/482/482 481/481/481 
f 482/482/482 483/483/483 481/481/481 
f 481/481/481 483/483/483 481/481/481 
f 483/483/483 484/484/484 481/481/481 
f 481/481/481 484/484/484 485/485/485 
f 484/484/484 484/484/484 485/485/485 
f 485/485/485 484/484/484 486/486/486 
f 484/484/484 487/487/487 486/486/486 
f 486/486/486 487/487/487 487/487/487 
f 487/487/487 488/488/488 487/487/487 
f 487/487/487 488/488/488 488/488/488 
f 488/488/488 489/489/489 488/488/488 
f 488/488/488 489/489/489 490/490/490 
f 489/489/489 490/490/490 490/490/490 
f 490/490/490 490/490/490 491/491/491 
f 490/490/490 491/491/491 491/491/491 
f 491/491/491 491/491/491 492/492/492 
f 491/491/491 493/493/493 492/492/492 
f 492/492/492 493/493/493 494/494/494 
f 493/493/493 494/494/494 494/494/494 
f 494/494/494 494/494/494 495/495/495 
f 494/494/494 495/495/495 495/495/495 
f 495/495/495 495/495/495 496/496/496 
f 495/495/495 497/497/497 496/496/496 
f 496/496/496 497/497/497 498/498/498 
f 497/497/497 498/498/498 498/498/498 
f 498/498/498 498/498/498 499/499/499 
f 498/498/498 499/499/499 499/499/499 
f 499/499/499 499/499/499 500/500/500 
f 499/499/499 501/501/501 500/500/500 
f 500/500/500 501/501/501 502/502/502 
f 501/501/501 502/502/502 502/502/502 
f 502/502/502 502/502/502 503/503/503 
f 502/502/502 503/503/503 503/503/503 
f 503/503/503 503/503/503 504/504/504 
f 503/503/503 505/505/505 504/504/504 
f 504/504/504 505/505/505 505/505/505 
f 505/505/505 506/506/506 505/505/505 
f 505/505/505 506/506/506 506/506/506 
f 506/506/506 507/507/507 506/506/506 
f 506/506/506 507/507/507 508/508/508 
f 507/507/507 508/508/508 508/508/508 
f 508/508/508 508/508/508 509/509/509 
f 508/508/508 509/509/509 509/509/509 
f 509/509/509 509/509/509 510/510/510 
f 509/509/509 511/511/511 510/510/510 
f 510/510/510 511/511/511 511/511/511 
f 511/511/511 512/512/512 511/511/511 
f 511/511/511 512/512/512 512/512/512 
f 512/512/512 513/513/513 512/512/512 
f 512/512/512 513/513/513 514/514/514 
f 513/513/513 513/513/513 514/514/514 
f 514/514/514 513/513/513 515/515/515 
f 513/513/513 516/516/516 515/515/515 
f 515/515/515 516/516/516 516/516/516 
f 516/516/516 517/517/517 516/516/516 
f 516/516/516 517/517/517 517/517/517 
f 517/517/517 518/518/518 517/517/517 
f 517/517/517 518/518/518 519/519/519 
f 518/518/518 520/520/520 519/519/519 
f 519/519/519 520/520/520 520/520/520 
f 520/520/520 521/521/521 520/520/520 
f 520/520/520 521/521/521 521/521/521 
f 521/521/521 522/522/522 521/521/521 
f 521/521/521 522/522/522 523/523/523 
f 522/522/522 524/524/524 523/523/523 
f 523/523/523 524/524/524 524/524/524 
f 524/524/524 525/525/525 524/524/524 
f 524/524/524 525/525/525 525/525/525 
f 525/525/525 526/526/526 525/525/525 
f 525/525/525 526/526/526 527/527/527 
f 526/526/526 528/528/528 527/527/527 
f 527/527/527 528/528/528 528/528/528 
f 528/528/528 529/529/529 528/528/528 
f 528/528/528 529/529/529 529/529/529 
f 529/529/529 530/530/530 529/529/529 
f 529/529/529 530/530/530 531/531/531 
f 530/530/530 531/531/531 531/531/531 
f 531/531/531 531/531/531 532/532/532 
f 531/531/531 532/532/532 532/532/532 
f 532/532/532 532/532/532 533/533/533 
f 532/532/532 534/534/534 533/533/533 
f 533/533/533 534/534/534 535/535/535 
f 534/534/534 535/535/535 535/535/535 
f 535/535/535 535/535/535 536/536/536 
f 535/535/535 536/536/536 536/536/536 
f 536/536/536 536/536/536 537/537/537 
f 536/536/536 538/538/538 537/537/537 
f 537/537/537 538/538/538 538/538/538 
f 538/538/538 539/539/539 538/538/538 
f 538/538/538 539/539/539 539/539/539 
f 539/539/539 540/540/540 539/539/539 
f 539/539/539 540/540/540 541/541/541 
f 540/540/540 541/541/541 541/541/541 
f 541/541/541 541/541/541 542/542/542 
f 541/541/541 542/542/542 542/542/542 
f 542/542/542 542/542/542 543/543/543 
f 542/542/542 539/539/539 543/543/543 
f 543/543/543 539/539/539 539/539/539 
f 539/539/539 544/544/544 539/539/539 
f 539/539/539 544/544/544 544/544/544 
f 544/544/544 545/545/545 544/544/544 
f 544/544/544 545/545/545 546/546/546 
f 545/545/545 545/545/545 546/546/546 
f 546/546/546 545/545/545 547/547/547 
f 545/545/545 548/548/548 547/547/547 
f 547/547/547 548/548/548 548/548/548 
f 548/548/548 549/549/549 548/548/548 
f 548/548/548 549/549/549 549/549/549 
f 549/549/549 550/550/550 549/549/549 
f 549/549/549 550/550/550 551/551/551 
f 550/550/550 552/552/552 551/551/551 
f 551/551/551 552/552/552 552/552/552 
f 552/552/552 553/553/553 552/552/552 
f 552/552/552 553/553/553 553/553/553 
f 553/553/553 554/554/554 553/553/553 
f 553/553/553 554/554/554 555/555/555 
f 554/554/554 555/555/555 555/555/555 
f 555/555/555 555/555/555 556/556/556 
f 555/555/555 556/556/556 556/556/556 
f 556/556/556 556/556/556 557/557/557 
f 556/556/556 558/558/558 557/557/557 
f 557/557/557 558/558/558 559/559/559 
f 558/558/558 559/559/559 559/559/559 
f 559/559/559 559/559/559 560/560/560 
f 559/559/559 560/560/560 560/560/560 
f 560/560/560 560/560/560 561/561/561 
f 560/560/560 562/562/562 561/561/561 
f 561/561/561 562/562/562 562/562/562 
f 562/562/562 563/563/563 562/562/562 
f 562/562/562 563/563/563 563/563/563 
f 563/563/563 564/564/564 563/563/563 
f 563/563/563 564/564/564 565/565/565 
f 564/564/564 564/564/564 565/565/565 
f 565/565/565 564/564/564 566/566/566 
f 564/564/564 567/567/567 566/566/566 
f 566/566/566 567/567/567 567/567/567 
f 567/567/567 568/568/568 567/567/567 
f 567/567/567 568/568/568 568/568/568 
f 568/568/568 569/569/569 568/568/568 
f 568/568/568 569/569/569 570/570/570 
f 569/569/569 571/571/571 570/570/570 
f 570/570/570 571/571/571 572/572/572 
f 571/571/571 573/573/573 572/572/572 
f 572/572/572 573/573/573 573/573/573 
f 573/573/573 574/574/574 573/573/573 
f 573/573/573 574/574/574 574/574/574 
f 574/574/574 575/575/575 574/574/574 
f 574/574/574 575/575/575 576/576/576 
f 575/575/575 577/577/577 576/576/576 
f 576/576/576 577/577/577 577/577/577 
f 577/577/577 578/578/578 577/577/577 
f 577/577/577 578/578/578 578/578/578 
f 578/578/578 579/579/579 578/578/578 
f 578/578/578 579/579/579 580/580/580 
f 579/579/579 580/580/580 580/580/580 
f 580/580/580 580/580/580 581/581/581 
f 580/580/580 581/581/581 581/581/581 
f 581/581/581 581/581/581 582/582/582 
f 581/581/581 583/583/583 582/582/582 
f 582/582/582 583/583/583 583/583/583 
f 583/583/583 584/584/584 583/583/583 
f 583/583/583 584/584/584 584/584/584 
f 584/584/584 585/585/585 584/584/584 
f 584/584/584 585/585/585 586/586/586 
f 585/585/585 587/587/587 586/586/586 
f 586/586/586 587/587/587 587/587/587 
f 587/587/587 588/588/588 587/587/587 
f 587/587/587 588/588/588 588/588/588 
f 588/588/588 589/589/589 588/588/588 
f 588/588/588 589/589/589 590/590/590 
f 589/589/589 591/591/591 590/590/590 
f 590/590/590 591/591/591 591/591/591 
f 591/591/591 592/592/592 591/591/591 
f 591/591/591 592/592/592 592/592/592 
f 592/592/592 593/593/593 592/592/592 
f 592/592/592 593/593/593 594/594/594 
f 593/593/593 593/593/593 594/594/594 
f 594/594/594 593/593/593 595/595/595 
f 593/593/593 596/596/596 595/595/595 
f 595/595/595 596/596/596 597/597/597 
f 596/596/596 597/597/597 597/597/597 
f 597/597/597 597/597/597 598/598/598 
f 597/597/597 598/598/598 598/598/598 
f 598/598/598 598/598/598 599/599/599 
f 598/598/598 600/600/600 599/599/599 
f 599/599/599 600/600/600 600/600/600 
f 600/600/600 601/601/601 600/600/600 
f 600/600/600 601/601/601 601/601/601 
f 601/601/601 602/602/602 601/601/601 
f 601/601/601 602/602/602 603/603/603 
f 602/602/602 604/604/604 603/603/603 
f 603/603/603 604/604/604 605/605/605 
f 604/604/604 606/606/606 605/605/605 
f 605/605/605 606/606/606 605/605/605 
f 606/606/606 607/607/607 605/605/605 
f 605/605/605 607/607/607 608/608/608 
f 607/607/607 608/608/608 608/608/608 
f 608/608/608 608/608/608 609/609/609 
f 608/608/608 609/609/609 609/609/609 
f 609/609/609 609/609/609 610/610/610 
f 609/609/609 611/611/611 610/610/610 
f 610/610/610 611/611/611 611/611/611 
f 611/611/611 612/612/612 611/611/611 
f 611/611/611 612/612/612 612/612/612 
f 612/612/612 613/613/613 612/612/612 
f 612/612/612 613/613/613 614/614/614 
f 613/613/613 614/614/614 614/614/614 
f 614/614/614 614/614/614 615/615/615 
f 614/614/614 615/615/615 615/615/615 
f 615/615/615 615/615/615 616/616/616 
f 615/615/615 617/617/617 616/616/616 
f 616/616/616 617/617/617 618/618/618 
f 617/617/617 618/618/618 618/618/618 
f 618/618/618 618/618/618 619/619/619 
f 618/618/618 619/619/619 619/619/619 
f 619/619/619 619/619/619 620/620/620 
f 619/619/619 621/621/621 620/620/620 
f 620/620/620 621/621/621 621/621/621 
f 621/621/621 622/622/622 621/621/621 
f 621/621/621 622/622/622 622/622/622 
f 622/622/622 623/623/623 622/622/622 
f 622/622/622 623/623/623 624/624/624 
f 623/623/623 624/624/624 624/624/624 
f 624/624/624 624/624/624 625/625/625 
f 624/624/624 625/625/625 625/625/625 
f 625/625/625 625/625/625 626/626/626 
f 625/625/625 627/627/627 626/626/626 
f 626/626/626 627/627/627 627/627/627 
f 627/627/627 628/628/628 627/627/627 
f 627/627/627 628/628/628 628/628/628 
f 628/628/628 629/629/629 628/628/628 
f 628/628/628 629/629/629 630/630/630 
f 629/629/629 630/630/630 630/630/630 
f 630/630/630 630/630/630 631/631/631 
f 630/630/630 631/631/631 631/631/631 
f 631/631/631 631/631/631 632/632/632 
f 631/631/631 633/633/633 632/632/632 
f 632/632/632 633/633/633 633/633/633 
f 633/633/633 634/634/634 633/633/633 
f 633/633/633 634/634/634 634/634/634 
f 634/634/634 635/635/635 634/634/634 
f 634/634/634 635/635/635 636/636/636 
f 635/635/635 636/636/636 636/636/636 
f 636/636/636 636/636/636 637/637/637 
f 636/636/636 637/637/637 637/637/637 
f 637/637/637 637/637/637 638/638/638 
f 637/637/637 639/639/639 638/638/638 
f 638/638/638 639/639/639 640/640/640 
f 639/639/639 640/640/640 640/640/640 
f 640/640/640 640/640/640 641/641/641 
f 640/640/640 641/641/641 641/641/641 
f 641/641/641 641/641/641 642/642/642 
f 641/641/641 643/643/643 642/642/642 
f 642/642/642 643/643/643 643/643/643 
f 643/643/643 644/644/644 643/643/643 
f 643/643/643 644/644/644 644/644/644 
f 644/644/644 645/645/645 644/644/644 
f 644/644/644 645/645/645 643/643/643 
f 645/645/645 643/643/643 643/643/643 
f 643/643/643 643/643/643 646/646/646 
f 643/643/643 646/646/646 646/646/646 
f 646/646/646 646/646/646 647/647/647 
f 646/646/646 648/648/648 647/647/647 
f 647/647/647 648/648/648 648/648/648 
f 648/648/648 649/649/649 648/648/648 
f 648/648/648 649/649/649 649/649/649 
f 649/649/649 650/650/650 649/649/649 
f 649/649/649 650/650/650 651/651/651 
f 650/650/650 651/651/651 651/651/651 
f 651/651/651 651/651/651 652/652/652 
f 651/651/651 652/652/652 652/652/652 
f 652/652/652 652/652/652 653/653/653 
f 652/652/652 654/654/654 653/653/653 
f 653/653/653 654/654/654 655/655/655 
f 654/654/654 655/655/655 655/655/655 
f 655/655/655 655/655/655 656/656/656 
f 655/655/655 656/656/656 656/656/656 
f 656/656/656 656/656/656 657/657/657 
f 656/656/656 658/658/658 657/657/657 
f 657/657/657 658/658/658 658/658/658 
f 658/658/658 659/659/659 658/658/658 
f 658/658/658 659/659/659 659/659/659 
f 659/659/659 660/660/660 659/659/659 
f 659/659/659 660/660/660 661/661/661 
f 660/660/660 661/661/661 661/661/661 
f 661/661/661 661/661/661 662/662/662 
f 661/661/661 662/662/662 662/662/662 
f 662/662/662 662/662/662 663/663/663 
f 662/662/662 664/664/664 663/663/663 
f 663/663/663 664/664/664 663/663/663 
f 664/664/664 665/665/665 663/663/663 
f 663/663/663 665/665/665 666/666/666 
f 665/665/665 666/666/666 666/666/666 
f 666/666/666 666/666/666 667/667/667 
f 666/666/666 667/667/667 667/667/667 
f 667/667/667 667/667/667 668/668/668 
f 667/667/667 669/669/669 668/668/668 
f 668/668/668 669/669/669 669/669/669 
f 669/669/669 670/670/670 669/669/669 
f 669/669/669 670/670/670 670/670/670 
f 670/670/670 671/671/671 670/670/670 
f 670/670/670 671/671/671 672/672/672 
f 671/671/671 672/672/672 672/672/672 
f 672/672/672 672/672/672 673/673/673 
f 672/672/672 673/673/673 673/673/673 
f 673/673/673 673/673/673 674/674/674 
f 673/673/673 675/675/675 674/674/674 
f 674/674/674 675/675/675 675/675/675 
f 675/675/675 676/676/676 675/675/675 
f 675/675/675 676/676/676 676/676/676 
f 676/676/676 677/677/677 676/676/676 
f 676/676/676 677/677/677 678/678/678 
f 677/677/677 679/679/679 678/678/678 
f 678/678/678 679/679/679 680/680/680 
f 679/679/679 680/680/680 680/680/680 
f 680/680/680 680/680/680 681/681/681 
f 680/680/680 681/681/681 681/681/681 
f 681/681/681 681/681/681 682/682/682 
f 681/681/681 683/683/683 682/682/682 
f 682/682/682 683/683/683 683/683/683 
f 683/683/683 684/684/684 683/683/683 
f 683/683/683 684/684/684 684/684/684 
f 684/684/684 685/685/685 684/684/684 
f 684/684/684 685/685/685 686/686/686 
f 685/685/685 686/686/686 686/686/686 
f 686/686/686 686/686/686 687/687/687 
f 686/686/686 687/687/687 687/687/687 
f 687/687/687 687/687/687 684/684/684 
f 687/687/687 688/688/688 684/684/684 
f 684/684/684 688/688/688 688/688/688 
f 688/688/688 689/689/689 688/688/688 
f 688/688/688 689/689/689 689/689/689 
f 689/689/689 690/690/690 689/689/689 
f 689/689/689 690/690/690 691/691/691 
f 690/690/690 691/691/691 691/691/691 
f 691/691/691 691/691/691 692/692/692 
f 691/691/691 692/692/692 692/692/692 
f 692/692/692 692/692/692 693/693/693 
f 692/692/692 694/694/694 693/693/693 
f 693/693/693 694/694/694 694/694/694 
f 694/694/694 695/695/695 694/694/694 
f 694/694/694 695/695/695 695/695/695 
f 695/695/695 696/696/696 695/695/695 
f 695/695/695 696/696/696 697/697/697 
f 696/696/696 697/697/697 697/697/697 
f 697/697/697 697/697/697 698/698/698 
f 697/697/697 698/698/698 698/698/698 
f 698/698/698 698/698/698 699/699/699 
f 698/698/698 700/700/700 699/699/699 
f 699/699/699 700/700/700 700/700/700 
f 700/700/700 701/701/701 700/700/700 
f 700/700/700 701/701/701 701/701/701 
f 701/701/701 702/702/702 701/701/701 
f 701/701/701 702/702/702 703/703/703 
f 702/702/702 703/703/703 703/703/703 
f 703/703/703 703/703/703 704/704/704 
f 703/703/703 704/704/704 704/704/704 
f 704/704/704 704/704/704 705/705/705 
f 704/704/704 706/706/706 705/705/705 
f 705/705/705 706/706/706 706/706/706 
f 706/706/706 707/707/707 706/706/706 
f 706/706/706 707/707/707 707/707/707 
f 707/707/707 708/708/708 707/707/707 
f 707/707/707 708/708/708 709/709/709 
f 708/708/708 710/710/710 709/709/709 
f 709/709/709 710/710/710 710/710/710 
f 710/710/710 711/711/711 710/710/710 
f 710/710/710 711/711/711 711/711/711 
f 711/711/711 712/712/712 711/711/711 
f 711/711/711 712/712/712 713/713/713 
f 712/712/712 714/714/714 713/713/713 
f 713/713/713 714/714/714 714/714/714 
f 714/714/714 715/715/715 714/714/714 
f 714/714/714 715/715/715 715/715/715 
f 715/715/715 716/716/716 715/715/715 
f 715/715/715 716/716/716 717/717/717 
f 716/716/716 717/717/717 717/717/717 
f 717/717/717 717/717/717 718/718/718 
f 717/717/717 718/718/718 718/718/718 
f 718/718/718 718/718/718 719/719/719 
f 718/718/718 720/720/720 719/719/719 
f 719/719/719 720/720/720 720/720/720 
f 720/720/720 721/721/721 720/720/720 
f 720/720/720 721/721/721 721/721/721 
f 721/721/721 722/722/722 721/721/721 
f 721/721/721 722/722/722 723/723/723 
f 722/722/722 723/723/723 723/723/723 
f 723/723/723 723/723/723 724/724/724 
f 723/723/723 724/724/724 724/724/724 
f 724/724/724 724/724/724 725/725/725 
f 724/724/724 726/726/726 725/725/725 
f 725/725/725 726/726/726 727/727/727 
f 726/726/726 728/728/728 727/727/727 
f 727/727/727 728/728/728 729/729/729 
f 728/728/728 730/730/730 729/729/729 
f 729/729/729 730/730/730 731/731/731 
f 730/730/730 732/732/732 731/731/731 
f 731/731/731 732/732/732 733/733/733 
f 732/732/732 734/734/734 733/733/733 
f 733/733/733 734/734/734 735/735/735 
f 734/734/734 736/736/736 735/735/735 
f 735/735/735 736/736/736 737/737/737 
f 736/736/736 738/738/738 737/737/737 
f 737/737/737 738/738/738 739/739/739 
f 738/738/738 740/740/740 739/739/739 
f 739/739/739 740/740/740 741/741/741 
f 740/740/740 742/742/742 741/741/741 
f 741/741/741 742/742/742 743/743/743 
f 742/742/742 744/744/744 743/743/743 
f 743/743/743 744/744/744 745/745/745 
f 744/744/744 746/746/746 745/745/745 
f 745/745/745 746/746/746 747/747/747 
f 746/746/746 748/748/748 747/747/747 
f 747/747/747 748/748/748 749/749/749 
f 748/748/748 750/750/750 749/749/749 
f 749/749/749 750/750/750 751/751/751 
f 750/750/750 752/752/752 751/751/751 
f 751/751/751 752/752/752 753/753/753 
f 752/752/752 754/754/754 753/753/753 
f 753/753/753 754/754/754 755/755/755 
f 754/754/754 756/756/756 755/755/755 
f 755/755/755 756/756/756 757/757/757 
f 756/756/756 757/757/757 757/757/757 
f 757/757/757 757/757/757 758/758/758 
f 757/757/757 758/758/758 758/758/758 
f 758/758/758 758/758/758 758/758/758 
f 758/758/758 759/759/759 758/758/758 
f 758/758/758 759/759/759 760/760/760 
f 759/759/759 760/760/760 760/760/760 
f 760/760/760 760/760/760 761/761/761 
f 760/760/760 761/761/761 761/761/761 
f 761/761/761 761/761/761 762/762/762 
f 761/761/761 763/763/763 762/762/762 
f 762/762/762 763/763/763 762/762/762 
f 763/763/763 764/764/764 762/762/762 
f 762/762/762 764/764/764 762/762/762 
f 764/764/764 765/765/765 762/762/762 
f 762/762/762 765/765/765 766/766/766 
f 765/765/765 766/766/766 766/766/766 
f 766/766/766 766/766/766 767/767/767 
f 766/766/766 767/767/767 767/767/767 
f 767/767/767 767/767/767 768/768/768 
f 767/767/767 769/769/769 768/768/768 
f 768/768/768 769/769/769 770/770/770 
f 769/769/769 771/771/771 770/770/770 
f 770/770/770 771/771/771 770/770/770 
f 771/771/771 772/772/772 770/770/770 
f 770/770/770 772/772/772 773/773/773 
f 772/772/772 773/773/773 773/773/773 
f 773/773/773 773/773/773 774/774/774 
f 773/773/773 774/774/774 774/774/774 
f 774/774/774 774/774/774 775/775/775 
f 774/774/774 776/776/776 775/775/775 
f 775/775/775 776/776/776 776/776/776 
f 776/776/776 777/777/777 776/776/776 
f 776/776/776 777/777/777 777/777/777 
f 777/777/777 778/778/778 777/777/777 
f 777/777/777 778/778/778 779/779/779 
f 778/778/778 779/779/779 779/779/779 
f 779/779/779 779/779/779 780/780/780 
f 779/779/779 780/780/780 780/780/780 
f 780/780/780 780/780/780 781/781/781 
f 780/780/780 782/782/782 781/781/781 
f 781/781/781 782/782/782 782/782/782 
f 782/782/782 783/783/783 782/782/782 
f 782/782/782 783/783/783 783/783/783 
f 783/783/783 784/784/784 783/783/783 
f 783/783/783 784/784/784 785/785/785 
f 784/784/784 784/784/784 785/785/785 
f 785/785/785 784/784/784 786/786/786 
f 784/784/784 787/787/787 786/786/786 
f 786/786/786 787/787/787 786/786/786 
f 787/787/787 788/788/788 786/786/786 
f 786/786/786 788/788/788 789/789/789 
f 788/788/788 789/789/789 789/789/789 
f 789/789/789 789/789/789 790/790/790 
f 789/789/789 790/790/790 790/790/790 
f 790/790/790 790/790/790 791/791/791 
f 790/790/790 792/792/792 791/791/791 
f 791/791/791 792/792/792 793/793/793 
f 792/792/792 794/794/794 793/793/793 
f 793/793/793 794/794/794 793/793/793 
f 794/794/794 795/795/795 793/793/793 
f 793/793/793 795/795/795 796/796/796 
f 795/795/795 796/796/796 796/796/796 
f 796/796/796 796/796/796 797/797/797 
f 796/796/796 797/797/797 797/797/797 
f 797/797/797 797/797/797 798/798/798 
f 797/797/797 799/799/799 798/798/798 
f 798/798/798 799/799/799 799/799/799 
f 799/799/799 800/800/800 799/799/799 
f 799/799/799 800/800/800 800/800/800 
f 800/800/800 801/801/801 800/800/800 
f 800/800/800 801/801/801 802/802/802 
f 801/801/801 803/803/803 802/802/802 
f 802/802/802 803/803/803 804/804/804 
f 803/803/803 805/805/805 804/804/804 
f 804/804/804 805/805/805 804/804/804 
f 805/805/805 806/806/806 804/804/804 
f 804/804/804 806/806/806 807/807/807 
f 806/806/806 808/808/808 807/807/807 
f 807/807/807 808/808/808 808/808/808 
f 808/808/808 809/809/809 808/808/808 
f 808/808/808 809/809/809 809/809/809 
f 809/809/809 804/804/804 809/809/809 
f 809/809/809 804/804/804 810/810/810 
f 804/804/804 807/807/807 810/810/810 
f 810/810/810 807/807/807 807/807/807 
f 807/807/807 809/809/809 807/807/807 
f 807/807/807 809/809/809 809/809/809 
f 809/809/809 811/811/811 809/809/809 
f 809/809/809 811/811/811 804/804/804 
f 811/811/811 811/811/811 804/804/804 
f 804/804/804 811/811/811 802/802/802 
f 811/811/811 812/812/812 802/802/802 
f 802/802/802 812/812/812 802/802/802 
f 812/812/812 813/813/813 802/802/802 
f 802/802/802 813/813/813 814/814/814 
f 813/813/813 815/815/815 814/814/814 
f 814/814/814 815/815/815 814/814/814 
f 815/815/815 816/816/816 814/814/814 
f 814/814/814 816/816/816 814/814/814 
f 816/816/816 817/817/817 814/814/814 
f 814/814/814 817/817/817 807/807/807 
f 817/817/817 810/810/810 807/807/807 
f 807/807/807 810/810/810 810/810/810 
f 810/810/810 802/802/802 810/810/810 
f 810/810/810 802/802/802 802/802/802 
f 802/802/802 814/814/814 802/802/802 
f 802/802/802 814/814/814 818/818/818 
f 814/814/814 819/819/819 818/818/818 
f 818/818/818 819/819/819 819/819/819 
f 819/819/819 807/807/807 819/819/819 
f 819/819/819 807/807/807 807/807/807 
f 807/807/807 820/820/820 807/807/807 
f 807/807/807 820/820/820 814/814/814 
f 820/820/820 821/821/821 814/814/814 
f 814/814/814 821/821/821 821/821/821 
f 821/821/821 822/822/822 821/821/821 
f 821/821/821 822/822/822 822/822/822 
f 822/822/822 823/823/823 822/822/822 
f 822/822/822 823/823/823 824/824/824 
f 823/823/823 824/824/824 824/824/824 
f 824/824/824 824/824/824 825/825/825 
f 824/824/824 825/825/825 825/825/825 
f 825/825/825 825/825/825 826/826/826 
f 825/825/825 827/827/827 826/826/826 
f 826/826/826 827/827/827 828/828/828 
f 827/827/827 829/829/829 828/828/828 
f 828/828/828 829/829/829 830/830/830 
f 829/829/829 831/831/831 830/830/830 
f 830/830/830 831/831/831 832/832/832 
f 831/831/831 831/831/831 832/832/832 
f 832/832/832 831/831/831 833/833/833 
f 831/831/831 826/826/826 833/833/833 
f 833/833/833 826/826/826 828/828/828 
f 826/826/826 828/828/828 828/828/828 
f 828/828/828 828/828/828 834/834/834 
f 828/828/828 834/834/834 834/834/834 
f 834/834/834 834/834/834 829/829/829 
f 834/834/834 831/831/831 829/829/829 
f 829/829/829 831/831/831 831/831/831 
f 831/831/831 835/835/835 831/831/831 
f 831/831/831 835/835/835 835/835/835 
f 835/835/835 836/836/836 835/835/835 
f 835/835/835 836/836/836 837/837/837 
f 836/836/836 838/838/838 837/837/837 
f 837/837/837 838/838/838 838/838/838 
f 838/838/838 837/837/837 838/838/838 
f 838/838/838 837/837/837 837/837/837 
f 837/837/837 839/839/839 837/837/837 
f 837/837/837 839/839/839 835/835/835 
f 839/839/839 839/839/839 835/835/835 
f 835/835/835 839/839/839 840/840/840 
f 839/839/839 839/839/839 840/840/840 
f 840/840/840 839/839/839 841/841/841 
f 839/839/839 842/842/842 841/841/841 
f 841/841/841 842/842/842 843/843/843 
f 842/842/842 842/842/842 843/843/843 
f 843/843/843 842/842/842 844/844/844 
f 842/842/842 845/845/845 844/844/844 
f 844/844/844 845/845/845 846/846/846 
f 845/845/845 845/845/845 846/846/846 
f 846/846/846 845/845/845 838/838/838 
f 845/845/845 845/845/845 838/838/838 
f 838/838/838 845/845/845 837/837/837 
f 845/845/845 847/847/847 837/837/837 
f 837/837/837 847/847/847 837/837/837 
f 847/847/847 848/848/848 837/837/837 
f 837/837/837 848/848/848 839/839/839 
f 848/848/848 849/849/849 839/839/839 
f 839/839/839 849/849/849 842/842/842 
f 849/849/849 850/850/850 842/842/842 
f 842/842/842 850/850/850 845/845/845 
f 850/850/850 847/847/847 845/845/845 
f 845/845/845 847/847/847 847/847/847 
f 847/847/847 851/851/851 847/847/847 
f 847/847/847 851/851/851 851/851/851 
f 851/851/851 852/852/852 851/851/851 
f 851/851/851 852/852/852 853/853/853 
f 852/852/852 854/854/854 853/853/853 
f 853/853/853 854/854/854 854/854/854 
f 854/854/854 852/852/852 854/854/854 
f 854/854/854 852/852/852 852/852/852 
f 852/852/852 851/851/851 852/852/852 
f 852/852/852 851/851/851 855/855/855 
f 851/851/851 856/856/856 855/855/855 
f 855/855/855 856/856/856 855/855/855 
f 856/856/856 857/857/857 855/855/855 
f 855/855/855 857/857/857 858/858/858 
f 857/857/857 859/859/859 858/858/858 
f 858/858/858 859/859/859 858/858/858 
f 859/859/859 860/860/860 858/858/858 
f 858/858/858 860/860/860 861/861/861 
f 860/860/860 862/862/862 861/861/861 
f 861/861/861 862/862/862 861/861/861 
f 862/862/862 854/854/854 861/861/861 
f 861/861/861 854/854/854 861/861/861 
f 854/854/854 852/852/852 861/861/861 
f 861/861/861 852/852/852 863/863/863 
f 852/852/852 864/864/864 863/863/863 
f 863/863/863 864/864/864 865/865/865 
f 864/864/864 864/864/864 865/865/865 
f 865/865/865 864/864/864 866/866/866 
f 864/864/864 867/867/867 866/866/866 
f 866/866/866 867/867/867 868/868/868 
f 867/867/867 869/869/869 868/868/868 
f 868/868/868 869/869/869 870/870/870 
f 869/869/869 863/863/863 870/870/870 
f 870/870/870 863/863/863 865/865/865 
f 863/863/863 865/865/865 865/865/865 
f 865/865/865 865/865/865 863/863/863 
f 865/865/865 863/863/863 863/863/863 
f 863/863/863 863/863/863 861/861/861 
f 863/863/863 869/869/869 861/861/861 
f 861/861/861 869/869/869 858/858/858 
f 869/869/869 867/867/867 858/858/858 
f 858/858/858 867/867/867 855/855/855 
f 867/867/867 864/864/864 855/855/855 
f 855/855/855 864/864/864 852/852/852 
f 864/864/864 852/852/852 852/852/852 
f 852/852/852 852/852/852 871/871/871 
f 852/852/852 871/871/871 871/871/871 
f 871/871/871 871/871/871 872/872/872 
f 871/871/871 873/873/873 872/872/872 
f 872/872/872 873/873/873 874/874/874 
f 873/873/873 875/875/875 874/874/874 
f 874/874/874 875/875/875 876/876/876 
f 875/875/875 877/877/877 876/876/876 
f 876/876/876 877/877/877 877/877/877 
f 877/877/877 878/878/878 877/877/877 
f 877/877/877 878/878/878 878/878/878 
f 878/878/878 879/879/879 878/878/878 
f 878/878/878 879/879/879 880/880/880 
f 879/879/879 881/881/881 880/880/880 
f 880/880/880 881/881/881 882/882/882 
f 881/881/881 883/883/883 882/882/882 
f 882/882/882 883/883/883 884/884/884 
f 883/883/883 884/884/884 884/884/884 
f 884/884/884 884/884/884 885/885/885 
f 884/884/884 885/885/885 885/885/885 
f 885/885/885 885/885/885 886/886/886 
f 885/885/885 887/887/887 886/886/886 
f 886/886/886 887/887/887 887/887/887 
f 887/887/887 888/888/888 887/887/887 
f 887/887/887 888/888/888 888/888/888 
f 888/888/888 889/889/889 888/888/888 
f 888/888/888 889/889/889 890/890/890 
f 889/889/889 889/889/889 890/890/890 
f 890/890/890 889/889/889 891/891/891 
f 889/889/889 892/892/892 891/891/891 
f 891/891/891 892/892/892 893/893/893 
f 892/892/892 894/894/894 893/893/893 
f 893/893/893 894/894/894 894/894/894 
f 894/894/894 895/895/895 894/894/894 
f 894/894/894 895/895/895 895/895/895 
f 895/895/895 896/896/896 895/895/895 
f 895/895/895 896/896/896 897/897/897 
f 896/896/896 896/896/896 897/897/897 
f 897/897/897 896/896/896 898/898/898 
f 896/896/896 899/899/899 898/898/898 
f 898/898/898 899/899/899 900/900/900 
f 899/899/899 901/901/901 900/900/900 
f 900/900/900 901/901/901 901/901/901 
f 901/901/901 902/902/902 901/901/901 
f 901/901/901 902/902/902 902/902/902 
f 902/902/902 903/903/903 902/902/902 
f 902/902/902 903/903/903 904/904/904 
f 903/903/903 903/903/903 904/904/904 
f 904/904/904 903/903/903 905/905/905 
f 903/903/903 906/906/906 905/905/905 
f 905/905/905 906/906/906 907/907/907 
f 906/906/906 908/908/908 907/907/907 
f 907/907/907 908/908/908 908/908/908 
f 908/908/908 909/909/909 908/908/908 
f 908/908/908 909/909/909 909/909/909 
f 909/909/909 910/910/910 909/909/909 
f 909/909/909 910/910/910 911/911/911 
f 910/910/910 912/912/912 911/911/911 
f 911/911/911 912/912/912 913/913/913 
f 912/912/912 914/914/914 913/913/913 
f 913/913/913 914/914/914 915/915/915 
f 914/914/914 915/915/915 915/915/915 
f 915/915/915 915/915/915 916/916/916 
f 915/915/915 916/916/916 916/916/916 
f 916/916/916 916/916/916 917/917/917 
f 916/916/916 918/918/918 917/917/917 
f 917/917/917 918/918/918 918/918/918 
f 918/918/918 919/919/919 918/918/918 
f 918/918/918 919/919/919 919/919/919 
f 919/919/919 920/920/920 919/919/919 
f 919/919/919 920/920/920 921/921/921 
f 920/920/920 921/921/921 921/921/921 
f 921/921/921 921/921/921 922/922/922 
f 921/921/921 922/922/922 922/922/922 
f 922/922/922 922/922/922 923/923/923 
f 922/922/922 924/924/924 923/923/923 
f 923/923/923 924/924/924 924/924/924 
f 924/924/924 925/925/925 924/924/924 
f 924/924/924 925/925/925 925/925/925 
f 925/925/925 926/926/926 925/925/925 
f 925/925/925 926/926/926 927/927/927 
f 926/926/926 927/927/927 927/927/927 
f 927/927/927 927/927/927 928/928/928 
f 927/927/927 928/928/928 928/928/928 
f 928/928/928 928/928/928 929/929/929 
f 928/928/928 930/930/930 929/929/929 
f 929/929/929 930/930/930 930/930/930 
f 930/930/930 931/931/931 930/930/930 
f 930/930/930 931/931/931 931/931/931 
f 931/931/931 932/932/932 931/931/931 
f 931/931/931 932/932/932 933/933/933 
f 932/932/932 933/933/933 933/933/933 
f 933/933/933 933/933/933 934/934/934 
f 933/933/933 934/934/934 934/934/934 
f 934/934/934 934/934/934 935/935/935 
f 934/934/934 936/936/936 935/935/935 
f 935/935/935 936/936/936 936/936/936 
f 936/936/936 937/937/937 936/936/936 
f 936/936/936 937/937/937 937/937/937 
f 937/937/937 938/938/938 937/937/937 
f 937/937/937 938/938/938 939/939/939 
f 938/938/938 940/940/940 939/939/939 
f 939/939/939 940/940/940 939/939/939 
f 940/940/940 941/941/941 939/939/939 
f 939/939/939 941/941/941 942/942/942 
f 941/941/941 943/943/943 942/942/942 
f 942/942/942 943/943/943 942/942/942 
f 943/943/943 944/944/944 942/942/942 
f 942/942/942 944/944/944 945/945/945 
f 944/944/944 940/940/940 945/945/945 
f 945/945/945 940/940/940 938/938/938 
f 940/940/940 938/938/938 938/938/938 
f 938/938/938 938/938/938 946/946/946 
f 938/938/938 946/946/946 946/946/946 
f 946/946/946 946/946/946 945/945/945 
f 946/946/946 942/942/942 945/945/945 
f 945/945/945 942/942/942 942/942/942 
f 942/942/942 947/947/947 942/942/942 
f 942/942/942 947/947/947 947/947/947 
f 947/947/947 948/948/948 947/947/947 
f 947/947/947 948/948/948 949/949/949 
f 948/948/948 949/949/949 949/949/949 
f 949/949/949 949/949/949 950/950/950 
f 949/949/949 950/950/950 950/950/950 
f 950/950/950 950/950/950 951/951/951 
f 950/950/950 952/952/952 951/951/951 
f 951/951/951 952/952/952 953/953/953 
f 952/952/952 954/954/954 953/953/953 
f 953/953/953 954/954/954 955/955/955 
f 954/954/954 956/956/956 955/955/955 
f 955/955/955 956/956/956 956/956/956 
f 956/956/956 957/957/957 956/956/956 
f 956/956/956 957/957/957 957/957/957 
f 957/957/957 958/958/958 957/957/957 
f 957/957/957 958/958/958 959/959/959 
f 958/958/958 959/959/959 959/959/959 
f 959/959/959 959/959/959 960/960/960 
f 959/959/959 960/960/960 960/960/960 
f 960/960/960 960/960/960 961/961/961 
f 960/960/960 962/962/962 961/961/961 
f 961/961/961 962/962/962 962/962/962 
f 962/962/962 963/963/963 962/962/962 
f 962/962/962 963/963/963 963/963/963 
f 963/963/963 964/964/964 963/963/963 
f 963/963/963 964/964/964 965/965/965 
f 964/964/964 964/964/964 965/965/965 
f 965/965/965 964/964/964 966/966/966 
f 964/964/964 967/967/967 966/966/966 
f 966/966/966 967/967/967 968/968/968 
f 967/967/967 969/969/969 968/968/968 
f 968/968/968 969/969/969 969/969/969 
f 969/969/969 970/970/970 969/969/969 
f 969/969/969 970/970/970 970/970/970 
f 970/970/970 971/971/971 970/970/970 
f 970/970/970 971/971/971 972/972/972 
f 971/971/971 972/972/972 972/972/972 
f 972/972/972 972/972/972 973/973/973 
f 972/972/972 973/973/973 973/973/973 
f 973/973/973 973/973/973 974/974/974 
f 973/973/973 975/975/975 974/974/974 
f 974/974/974 975/975/975 975/975/975 
f 975/975/975 976/976/976 975/975/975 
f 975/975/975 976/976/976 976/976/976 
f 976/976/976 977/977/977 976/976/976 
f 976/976/976 977/977/977 978/978/978 
f 977/977/977 978/978/978 978/978/978 
f 978/978/978 978/978/978 979/979/979 
f 978/978/978 979/979/979 979/979/979 
f 979/979/979 979/979/979 980/980/980 
f 979/979/979 981/981/981 980/980/980 
f 980/980/980 981/981/981 981/981/981 
f 981/981/981 982/982/982 981/981/981 
f 981/981/981 982/982/982 982/982/982 
f 982/982/982 983/983/983 982/982/982 
f 982/982/982 983/983/983 984/984/984 
f 983/983/983 984/984/984 984/984/984 
f 984/984/984 984/984/984 985/985/985 
f 984/984/984 985/985/985 985/985/985 
f 985/985/985 985/985/985 986/986/986 
f 985/985/985 987/987/987 986/986/986 
f 986/986/986 987/987/987 987/987/987 
f 987/987/987 988/988/988 987/987/987 
f 987/987/987 988/988/988 988/988/988 
f 988/988/988 989/989/989 988/988/988 
f 988/988/988 989/989/989 990/990/990 
f 989/989/989 990/990/990 990/990/990 
f 990/990/990 990/990/990 991/991/991 
f 990/990/990 991/991/991 991/991/991 
f 991/991/991 991/991/991 992/992/992 
f 991/991/991 993/993/993 992/992/992 
f 992/992/992 993/993/993 993/993/993 
f 993/993/993 994/994/994 993/993/993 
f 993/993/993 994/994/994 994/994/994 
f 994/994/994 995/995/995 994/994/994 
f 994/994/994 995/995/995 996/996/996 
f 995/995/995 996/996/996 996/996/996 
f 996/996/996 996/996/996 997/997/997 
f 996/996/996 997/997/997 997/997/997 
f 997/997/997 997/997/997 998/998/998 
f 997/997/997 999/999/999 998/998/998 
f 998/998/998 999/999/999 999/999/999 
f 999/999/999 1000/1000/1000 999/999/999 
f 999/999/999 1000/1000/1000 1000/1000/1000 
f 1000/1000/1000 1001/1001/1001 1000/1000/1000 
f 1000/1000/1000 1001/1001/1001 1002/1002/1002 
f 1001/1001/1001 1002/1002/1002 1002/1002/1002 
f 1002/1002/1002 1002/1002/1002 1003/1003/1003 
f 1002/1002/1002 1003/1003/1003 1003/1003/1003 
f 1003/1003/1003 1003/1003/1003 1004/1004/1004 
f 1003/1003/1003 1005/1005/1005 1004/1004/1004 
f 1004/1004/1004 1005/1005/1005 1005/1005/1005 
f 1005/1005/1005 1006/1006/1006 1005/1005/1005 
f 1005/1005/1005 1006/1006/1006 1006/1006/1006 
f 1006/1006/1006 1007/1007/1007 1006/1006/1006 
f 1006/1006/1006 1007/1007/1007 1008/1008/1008 
f 1007/1007/1007 1008/1008/1008 1008/1008/1008 
f 1008/1008/1008 1008/1008/1008 1009/1009/1009 
f 1008/1008/1008 1009/1009/1009 1009/1009/1009 
f 1009/1009/1009 1009/1009/1009 1010/1010/1010 
f 1009/1009/1009 1011/1011/1011 1010/1010/1010 
f 1010/1010/1010 1011/1011/1011 1011/1011/1011 
f 1011/1011/1011 1012/1012/1012 1011/1011/1011 
f 1011/1011/1011 1012/1012/1012 1012/1012/1012 
f 1012/1012/1012 1013/1013/1013 1012/1012/1012 
f 1012/1012/1012 1013/1013/1013 1014/1014/1014 
f 1013/1013/1013 1014/1014/1014 1014/1014/1014 
f 1014/1014/1014 1014/1014/1014 1015/1015/1015 
f 1014/1014/1014 1015/1015/1015 1015/1015/1015 
f 1015/1015/1015 1015/1015/1015 1016/1016/1016 
f 1015/1015/1015 1017/1017/1017 1016/1016/1016 
f 1016/1016/1016 1017/1017/1017 1017/1017/1017 
f 1017/1017/1017 1018/1018/1018 1017/1017/1017 
f 1017/1017/1017 1018/1018/1018 1018/1018/1018 
f 1018/1018/1018 1019/1019/1019 1018/1018/1018 
f 1018/1018/1018 1019/1019/1019 1020/1020/1020 
f 1019/1019/1019 1020/1020/1020 1020/1020/1020 
f 1020/1020/1020 1020/1020/1020 1021/1021/1021 
f 1020/1020/1020 1021/1021/1021 1021/1021/1021 
f 1021/1021/1021 1021/1021/1021 1022/1022/1022 
f 1021/1021/1021 1023/1023/1023 1022/1022/1022 
f 1022/1022/1022 1023/1023/1023 1023/1023/1023 
f 1023/1023/1023 1024/1024/1024 1023/1023/1023 
f 1023/1023/1023 1024/1024/1024 1024/1024/1024 
f 1024/1024/1024 1025/1025/1025 1024/1024/1024 
f 1024/1024/1024 1025/1025/1025 1026/1026/1026 
f 1025/1025/1025 1026/1026/1026 1026/1026/1026 
f 1026/1026/1026 1026/1026/1026 1027/1027/1027 
f 1026/1026/1026 1027/1027/1027 1027/1027/1027 
f 1027/1027/1027 1027/1027/1027 1028/1028/1028 
f 1027/1027/1027 1029/1029/1029 1028/1028/1028 
f 1028/1028/1028 1029/1029/1029 1030/1030/1030 
f 1029/1029/1029 1031/1031/1031 1030/1030/1030 
f 1030/1030/1030 1031/1031/1031 1032/1032/1032 
f 1031/1031/1031 1033/1033/1033 1032/1032/1032 
f 1032/1032/1032 1033/1033/1033 1034/1034/1034 
f 1033/1033/1033 1033/1033/1033 1034/1034/1034 
f 1034/1034/1034 1033/1033/1033 1035/1035/1035 
f 1033/1033/1033 1036/1036/1036 1035/1035/1035 
f 1035/1035/1035 1036/1036/1036 1037/1037/1037 
f 1036/1036/1036 1038/1038/1038 1037/1037/1037 
f 1037/1037/1037 1038/1038/1038 1039/1039/1039 
f 1038/1038/1038 1040/1040/1040 1039/1039/1039 
f 1039/1039/1039 1040/1040/1040 1041/1041/1041 
f 1040/1040/1040 1042/1042/1042 1041/1041/1041 
f 1041/1041/1041 1042/1042/1042 1042/1042/1042 
f 1042/1042/1042 1032/1032/1032 1042/1042/1042 
f 1042/1042/1042 1032/1032/1032 1032/1032/1032 
f 1032/1032/1032 1028/1028/1028 1032/1032/1032 
f 1032/1032/1032 1028/1028/1028 1030/1030/1030 
f 1028/1028/1028 1030/1030/1030 1030/1030/1030 
f 1030/1030/1030 1030/1030/1030 1031/1031/1031 
f 1030/1030/1030 1031/1031/1031 1031/1031/1031 
f 1031/1031/1031 1031/1031/1031 1033/1033/1033 
f 1031/1031/1031 1043/1043/1043 1033/1033/1033 
f 1033/1033/1033 1043/1043/1043 1033/1033/1033 
f 1043/1043/1043 1044/1044/1044 1033/1033/1033 
f 1033/1033/1033 1044/1044/1044 1036/1036/1036 
f 1044/1044/1044 1036/1036/1036 1036/1036/1036 
f 1036/1036/1036 1036/1036/1036 1037/1037/1037 
f 1036/1036/1036 1037/1037/1037 1037/1037/1037 
f 1037/1037/1037 1037/1037/1037 1035/1035/1035 
f 1037/1037/1037 1045/1045/1045 1035/1035/1035 
f 1035/1035/1035 1045/1045/1045 1045/1045/1045 
f 1045/1045/1045 1041/1041/1041 1045/1045/1045 
f 1045/1045/1045 1041/1041/1041 1041/1041/1041 
f 1041/1041/1041 1046/1046/1046 1041/1041/1041 
f 1041/1041/1041 1046/1046/1046 1039/1039/1039 
f 1046/1046/1046 1039/1039/1039 1039/1039/1039 
f 1039/1039/1039 1039/1039/1039 1047/1047/1047 
f 1039/1039/1039 1047/1047/1047 1047/1047/1047 
f 1047/1047/1047 1047/1047/1047 1042/1042/1042 
f 1047/1047/1047 1048/1048/1048 1042/1042/1042 
f 1042/1042/1042 1048/1048/1048 1048/1048/1048 
f 1048/1048/1048 1049/1049/1049 1048/1048/1048 
f 1048/1048/1048 1049/1049/1049 1049/1049/1049 
f 1049/1049/1049 1050/1050/1050 1049/1049/1049 
f 1049/1049/1049 1050/1050/1050 1051/1051/1051 
f 1050/1050/1050 1050/1050/1050 1051/1051/1051 
f 1051/1051/1051 1050/1050/1050 1052/1052/1052 
f 1050/1050/1050 1050/1050/1050 1052/1052/1052 
f 1052/1052/1052 1050/1050/1050 1053/1053/1053 
f 1050/1050/1050 1054/1054/1054 1053/1053/1053 
f 1053/1053/1053 1054/1054/1054 1055/1055/1055 
f 1054/1054/1054 1055/1055/1055 1055/1055/1055 
f 1055/1055/1055 1055/1055/1055 1056/1056/1056 
f 1055/1055/1055 1056/1056/1056 1056/1056/1056 
f 1056/1056/1056 1056/1056/1056 1052/1052/1052 
f 1056/1056/1056 1057/1057/1057 1052/1052/1052 
f 1052/1052/1052 1057/1057/1057 1057/1057/1057 
f 1057/1057/1057 1058/1058/1058 1057/1057/1057 
f 1057/1057/1057 1058/1058/1058 1058/1058/1058 
f 1058/1058/1058 1057/1057/1057 1058/1058/1058 
f 1058/1058/1058 1057/1057/1057 1059/1059/1059 
f 1057/1057/1057 1057/1057/1057 1059/1059/1059 
f 1059/1059/1059 1057/1057/1057 1060/1060/1060 
f 1057/1057/1057 1061/1061/1061 1060/1060/1060 
f 1060/1060/1060 1061/1061/1061 1062/1062/1062 
f 1061/1061/1061 1063/1063/1063 1062/1062/1062 
f 1062/1062/1062 1063/1063/1063 1064/1064/1064 
f 1063/1063/1063 1065/1065/1065 1064/1064/1064 
f 1064/1064/1064 1065/1065/1065 1065/1065/1065 
f 1065/1065/1065 1066/1066/1066 1065/1065/1065 
f 1065/1065/1065 1066/1066/1066 1066/1066/1066 
f 1066/1066/1066 1067/1067/1067 1066/1066/1066 
f 1066/1066/1066 1067/1067/1067 1064/1064/1064 
f 1067/1067/1067 1067/1067/1067 1064/1064/1064 
f 1064/1064/1064 1067/1067/1067 1062/1062/1062 
f 1067/1067/1067 1068/1068/1068 1062/1062/1062 
f 1062/1062/1062 1068/1068/1068 1069/1069/1069 
f 1068/1068/1068 1070/1070/1070 1069/1069/1069 
f 1069/1069/1069 1070/1070/1070 1071/1071/1071 
f 1070/1070/1070 1071/1071/1071 1071/1071/1071 
f 1071/1071/1071 1071/1071/1071 1072/1072/1072 
f 1071/1071/1071 1072/1072/1072 1072/1072/1072 
f 1072/1072/1072 1072/1072/1072 1073/1073/1073 
f 1072/1072/1072 1068/1068/1068 1073/1073/1073 
f 1073/1073/1073 1068/1068/1068 1068/1068/1068 
f 1068/1068/1068 1074/1074/1074 1068/1068/1068 
f 1068/1068/1068 1074/1074/1074 1074/1074/1074 
f 1074/1074/1074 1075/1075/1075 1074/1074/1074 
f 1074/1074/1074 1075/1075/1075 1076/1076/1076 
f 1075/1075/1075 1076/1076/1076 1076/1076/1076 
f 1076/1076/1076 1076/1076/1076 1076/1076/1076 
f 1076/1076/1076 1076/1076/1076 1076/1076/1076 
f 1076/1076/1076 1076/1076/1076 1077/1077/1077 
f 1076/1076/1076 1078/1078/1078 1077/1077/1077 
f 1077/1077/1077 1078/1078/1078 1078/1078/1078 
f 1078/1078/1078 1079/1079/1079 1078/1078/1078 
f 1078/1078/1078 1079/1079/1079 1079/1079/1079 
f 1079/1079/1079 1080/1080/1080 1079/1079/1079 
f 1079/1079/1079 1080/1080/1080 1075/1075/1075 
f 1080/1080/1080 1081/1081/1081 1075/1075/1075 
f 1075/1075/1075 1081/1081/1081 1082/1082/1082 
f 1081/1081/1081 1083/1083/1083 1082/1082/1082 
f 1082/1082/1082 1083/1083/1083 1083/1083/1083 
f 1083/1083/1083 1084/1084/1084 1083/1083/1083 
f 1083/1083/1083 1084/1084/1084 1084/1084/1084 
f 1084/1084/1084 1085/1085/1085 1084/1084/1084 
f 1084/1084/1084 1085/1085/1085 1086/1086/1086 
f 1085/1085/1085 1087/1087/1087 1086/1086/1086 
f 1086/1086/1086 1087/1087/1087 1086/1086/1086 
f 1087/1087/1087 1088/1088/1088 1086/1086/1086 
f 1086/1086/1086 1088/1088/1088 1089/1089/1089 
f 1088/1088/1088 1090/1090/1090 1089/1089/1089 
f 1089/1089/1089 1090/1090/1090 1091/1091/1091 
f 1090/1090/1090 1092/1092/1092 1091/1091/1091 
f 1091/1091/1091 1092/1092/1092 1093/1093/1093 
f 1092/1092/1092 1094/1094/1094 1093/1093/1093 
f 1093/1093/1093 1094/1094/1094 1094/1094/1094 
f 1094/1094/1094 1089/1089/1089 1094/1094/1094 
f 1094/1094/1094 1089/1089/1089 1089/1089/1089 
f 1089/1089/1089 1091/1091/1091 1089/1089/1089 
f 1089/1089/1089 1091/1091/1091 1095/1095/1095 
f 1091/1091/1091 1096/1096/1096 1095/1095/1095 
f 1095/1095/1095 1096/1096/1096 1097/1097/1097 
f 1096/1096/1096 1098/1098/1098 1097/1097/1097 
f 1097/1097/1097 1098/1098/1098 1099/1099/1099 
f 1098/1098/1098 1099/1099/1099 1099/1099/1099 
f 1099/1099/1099 1099/1099/1099 1091/1091/1091 
f 1099/1099/1099 1091/1091/1091 1091/1091/1091 
f 1091/1091/1091 1091/1091/1091 1096/1096/1096 
f 1091/1091/1091 1093/1093/1093 1096/1096/1096 
f 1096/1096/1096 1093/1093/1093 1098/1098/1098 
f 1093/1093/1093 1098/1098/1098 1098/1098/1098 
f 1098/1098/1098 1098/1098/1098 1098/1098/1098 
f 1098/1098/1098 1098/1098/1098 1098/1098/1098 
f 1098/1098/1098 1098/1098/1098 1100/1100/1100 
f 1098/1098/1098 1101/1101/1101 1100/1100/1100 
f 1100/1100/1100 1101/1101/1101 1100/1100/1100 
f 1101/1101/1101 1102/1102/1102 1100/1100/1100 
f 1100/1100/1100 1102/1102/1102 1100/1100/1100 
f 1102/1102/1102 1103/1103/1103 1100/1100/1100 
f 1100/1100/1100 1103/1103/1103 1104/1104/1104 
f 1103/1103/1103 1104/1104/1104 1104/1104/1104 
f 1104/1104/1104 1104/1104/1104 1105/1105/1105 
f 1104/1104/1104 1105/1105/1105 1105/1105/1105 
f 1105/1105/1105 1105/1105/1105 1106/1106/1106 
f 1105/1105/1105 1107/1107/1107 1106/1106/1106 
f 1106/1106/1106 1107/1107/1107 1108/1108/1108 
f 1107/1107/1107 1109/1109/1109 1108/1108/1108 
f 1108/1108/1108 1109/1109/1109 1109/1109/1109 
f 1109/1109/1109 1110/1110/1110 1109/1109/1109 
f 1109/1109/1109 1110/1110/1110 1110/1110/1110 
f 1110/1110/1110 1111/1111/1111 1110/1110/1110 
f 1110/1110/1110 1111/1111/1111 1112/1112/1112 
f 1111/1111/1111 1113/1113/1113 1112/1112/1112 
f 1112/1112/1112 1113/1113/1113 1112/1112/1112 
f 1113/1113/1113 1114/1114/1114 1112/1112/1112 
f 1112/1112/1112 1114/1114/1114 1115/1115/1115 
f 1114/1114/1114 1115/1115/1115 1115/1115/1115 
f 1115/1115/1115 1115/1115/1115 1116/1116/1116 
f 1115/1115/1115 1116/1116/1116 1116/1116/1116 
f 1116/1116/1116 1116/1116/1116 1115/1115/1115 
f 1116/1116/1116 1117/1117/1117 1115/1115/1115 
f 1115/1115/1115 1117/1117/1117 1118/1118/1118 
f 1117/1117/1117 1118/1118/1118 1118/1118/1118 
f 1118/1118/1118 1118/1118/1118 1119/1119/1119 
f 1118/1118/1118 1119/1119/1119 1119/1119/1119 
f 1119/1119/1119 1119/1119/1119 1120/1120/1120 
f 1119/1119/1119 1121/1121/1121 1120/1120/1120 
f 1120/1120/1120 1121/1121/1121 1122/1122/1122 
f 1121/1121/1121 1122/1122/1122 1122/1122/1122 
f 1122/1122/1122 1122/1122/1122 1122/1122/1122 
f 1122/1122/1122 1122/1122/1122 1122/1122/1122 
f 1122/1122/1122 1122/1122/1122 1123/1123/1123 
f 1122/1122/1122 1124/1124/1124 1123/1123/1123 
f 1123/1123/1123 1124/1124/1124 1125/1125/1125 
f 1124/1124/1124 1124/1124/1124 1125/1125/1125 
f 1125/1125/1125 1124/1124/1124 1126/1126/1126 
f 1124/1124/1124 1127/1127/1127 1126/1126/1126 
f 1126/1126/1126 1127/1127/1127 1128/1128/1128 
f 1127/1127/1127 1127/1127/1127 1128/1128/1128 
f 1128/1128/1128 1127/1127/1127 1129/1129/1129 
f 1127/1127/1127 1130/1130/1130 1129/1129/1129 
f 1129/1129/1129 1130/1130/1130 1130/1130/1130 
f 1130/1130/1130 1131/1131/1131 1130/1130/1130 
f 1130/1130/1130 1131/1131/1131 1131/1131/1131 
f 1131/1131/1131 1132/1132/1132 1131/1131/1131 
f 1131/1131/1131 1132/1132/1132 1133/1133/1133 
f 1132/1132/1132 1134/1134/1134 1133/1133/1133 
f 1133/1133/1133 1134/1134/1134 1134/1134/1134 
f 1134/1134/1134 1133/1133/1133 1134/1134/1134 
f 1134/1134/1134 1133/1133/1133 1133/1133/1133 
f 1133/1133/1133 1135/1135/1135 1133/1133/1133 
f 1133/1133/1133 1135/1135/1135 1136/1136/1136 
f 1135/1135/1135 1137/1137/1137 1136/1136/1136 
f 1136/1136/1136 1137/1137/1137 1137/1137/1137 
f 1137/1137/1137 1138/1138/1138 1137/1137/1137 
f 1137/1137/1137 1138/1138/1138 1138/1138/1138 
f 1138/1138/1138 1139/1139/1139 1138/1138/1138 
f 1138/1138/1138 1139/1139/1139 1140/1140/1140 
f 1139/1139/1139 1140/1140/1140 1140/1140/1140 
f 1140/1140/1140 1140/1140/1140 1141/1141/1141 
f 1140/1140/1140 1141/1141/1141 1141/1141/1141 
f 1141/1141/1141 1141/1141/1141 1142/1142/1142 
f 1141/1141/1141 1143/1143/1143 1142/1142/1142 
f 1142/1142/1142 1143/1143/1143 1144/1144/1144 
f 1143/1143/1143 1144/1144/1144 1144/1144/1144 
f 1144/1144/1144 1144/1144/1144 1145/1145/1145 
f 1144/1144/1144 1145/1145/1145 1145/1145/1145 
f 1145/1145/1145 1145/1145/1145 1144/1144/1144 
f 1145/1145/1145 1146/1146/1146 1144/1144/1144 
f 1144/1144/1144 1146/1146/1146 1146/1146/1146 
f 1146/1146/1146 1147/1147/1147 1146/1146/1146 
f 1146/1146/1146 1147/1147/1147 1147/1147/1147 
f 1147/1147/1147 1148/1148/1148 1147/1147/1147 
f 1147/1147/1147 1148/1148/1148 1149/1149/1149 
f 1148/1148/1148 1150/1150/1150 1149/1149/1149 
f 1149/1149/1149 1150/1150/1150 1151/1151/1151 
f 1150/1150/1150 1151/1151/1151 1151/1151/1151 
f 1151/1151/1151 1151/1151/1151 1148/1148/1148 
f 1151/1151/1151 1148/1148/1148 1148/1148/1148 
f 1148/1148/1148 1148/1148/1148 1150/1150/1150 
f 1148/1148/1148 1152/1152/1152 1150/1150/1150 
f 1150/1150/1150 1152/1152/1152 1150/1150/1150 
f 1152/1152/1152 1153/1153/1153 1150/1150/1150 
f 1150/1150/1150 1153/1153/1153 1150/1150/1150 
f 1153/1153/1153 1154/1154/1154 1150/1150/1150 
f 1150/1150/1150 1154/1154/1154 1155/1155/1155 
f 1154/1154/1154 1156/1156/1156 1155/1155/1155 
f 1155/1155/1155 1156/1156/1156 1157/1157/1157 
f 1156/1156/1156 1158/1158/1158 1157/1157/1157 
f 1157/1157/1157 1158/1158/1158 1159/1159/1159 
f 1158/1158/1158 1159/1159/1159 1159/1159/1159 
f 1159/1159/1159 1159/1159/1159 1151/1151/1151 
f 1159/1159/1159 1151/1151/1151 1151/1151/1151 
f 1151/1151/1151 1151/1151/1151 1160/1160/1160 
f 1151/1151/1151 1155/1155/1155 1160/1160/1160 
f 1160/1160/1160 1155/1155/1155 1157/1157/1157 
f 1155/1155/1155 1157/1157/1157 1157/1157/1157 
f 1157/1157/1157 1157/1157/1157 1161/1161/1161 
f 1157/1157/1157 1161/1161/1161 1161/1161/1161 
f 1161/1161/1161 1161/1161/1161 1156/1156/1156 
f 1161/1161/1161 1162/1162/1162 1156/1156/1156 
f 1156/1156/1156 1162/1162/1162 1158/1158/1158 
f 1162/1162/1162 1162/1162/1162 1158/1158/1158 
f 1158/1158/1158 1162/1162/1162 1163/1163/1163 
f 1162/1162/1162 1164/1164/1164 1163/1163/1163 
f 1163/1163/1163 1164/1164/1164 1163/1163/1163 
f 1164/1164/1164 1165/1165/1165 1163/1163/1163 
f 1163/1163/1163 1165/1165/1165 1166/1166/1166 
f 1165/1165/1165 1166/1166/1166 1166/1166/1166 
f 1166/1166/1166 1166/1166/1166 1153/1153/1153 
f 1166/1166/1166 1153/1153/1153 1153/1153/1153 
f 1153/1153/1153 1153/1153/1153 1167/1167/1167 
f 1153/1153/1153 1152/1152/1152 1167/1167/1167 
f 1167/1167/1167 1152/1152/1152 1167/1167/1167 
f 1152/1152/1152 1168/1168/1168 1167/1167/1167 
f 1167/1167/1167 1168/1168/1168 1169/1169/1169 
f 1168/1168/1168 1169/1169/1169 1169/1169/1169 
f 1169/1169/1169 1169/1169/1169 1170/1170/1170 
f 1169/1169/1169 1170/1170/1170 1170/1170/1170 
f 1170/1170/1170 1170/1170/1170 1171/1171/1171 
f 1170/1170/1170 1172/1172/1172 1171/1171/1171 
f 1171/1171/1171 1172/1172/1172 1172/1172/1172 
f 1172/1172/1172 1173/1173/1173 1172/1172/1172 
f 1172/1172/1172 1173/1173/1173 1173/1173/1173 
f 1173/1173/1173 1174/1174/1174 1173/1173/1173 
f 1173/1173/1173 1174/1174/1174 1175/1175/1175 
f 1174/1174/1174 1176/1176/1176 1175/1175/1175 
f 1175/1175/1175 1176/1176/1176 1176/1176/1176 
f 1176/1176/1176 1177/1177/1177 1176/1176/1176 
f 1176/1176/1176 1177/1177/1177 1177/1177/1177 
f 1177/1177/1177 1178/1178/1178 1177/1177/1177 
f 1177/1177/1177 1178/1178/1178 1179/1179/1179 
f 1178/1178/1178 1180/1180/1180 1179/1179/1179 
f 1179/1179/1179 1180/1180/1180 1180/1180/1180 
f 1180/1180/1180 1181/1181/1181 1180/1180/1180 
f 1180/1180/1180 1181/1181/1181 1181/1181/1181 
f 1181/1181/1181 1182/1182/1182 1181/1181/1181 
f 1181/1181/1181 1182/1182/1182 1183/1183/1183 
f 1182/1182/1182 1184/1184/1184 1183/1183/1183 
f 1183/1183/1183 1184/1184/1184 1184/1184/1184 
f 1184/1184/1184 1185/1185/1185 1184/1184/1184 
f 1184/1184/1184 1185/1185/1185 1185/1185/1185 
f 1185/1185/1185 1186/1186/1186 1185/1185/1185 
f 1185/1185/1185 1186/1186/1186 1187/1187/1187 
f 1186/1186/1186 1188/1188/1188 1187/1187/1187 
f 1187/1187/1187 1188/1188/1188 1187/1187/1187 
f 1188/1188/1188 1189/1189/1189 1187/1187/1187 
f 1187/1187/1187 1189/1189/1189 1190/1190/1190 
f 1189/1189/1189 1191/1191/1191 1190/1190/1190 
f 1190/1190/1190 1191/1191/1191 1192/1192/1192 
f 1191/1191/1191 1193/1193/1193 1192/1192/1192 
f 1192/1192/1192 1193/1193/1193 1192/1192/1192 
f 1193/1193/1193 1194/1194/1194 1192/1192/1192 
f 1192/1192/1192 1194/1194/1194 1195/1195/1195 
f 1194/1194/1194 1196/1196/1196 1195/1195/1195 
f 1195/1195/1195 1196/1196/1196 1195/1195/1195 
f 1196/1196/1196 1197/1197/1197 1195/1195/1195 
f 1195/1195/1195 1197/1197/1197 1198/1198/1198 
f 1197/1197/1197 1197/1197/1197 1198/1198/1198 
f 1198/1198/1198 1197/1197/1197 1199/1199/1199 
f 1197/1197/1197 1200/1200/1200 1199/1199/1199 
f 1199/1199/1199 1200/1200/1200 1201/1201/1201 
f 1200/1200/1200 1202/1202/1202 1201/1201/1201 
f 1201/1201/1201 1202/1202/1202 1203/1203/1203 
f 1202/1202/1202 1204/1204/1204 1203/1203/1203 
f 1203/1203/1203 1204/1204/1204 1204/1204/1204 
f 1204/1204/1204 1188/1188/1188 1204/1204/1204 
f 1204/1204/1204 1188/1188/1188 1188/1188/1188 
f 1188/1188/1188 1186/1186/1186 1188/1188/1188 
f 1188/1188/1188 1186/1186/1186 1205/1205/1205 
f 1186/1186/1186 1205/1205/1205 1205/1205/1205 
f 1205/1205/1205 1205/1205/1205 1191/1191/1191 
f 1205/1205/1205 1191/1191/1191 1191/1191/1191 
f 1191/1191/1191 1191/1191/1191 1193/1193/1193 
f 1191/1191/1191 1206/1206/1206 1193/1193/1193 
f 1193/1193/1193 1206/1206/1206 1207/1207/1207 
f 1206/1206/1206 1207/1207/1207 1207/1207/1207 
f 1207/1207/1207 1207/1207/1207 1208/1208/1208 
f 1207/1207/1207 1208/1208/1208 1208/1208/1208 
f 1208/1208/1208 1208/1208/1208 1207/1207/1207 
f 1208/1208/1208 1209/1209/1209 1207/1207/1207 
f 1207/1207/1207 1209/1209/1209 1209/1209/1209 
f 1209/1209/1209 1203/1203/1203 1209/1209/1209 
f 1209/1209/1209 1203/1203/1203 1203/1203/1203 
f 1203/1203/1203 1210/1210/1210 1203/1203/1203 
f 1203/1203/1203 1210/1210/1210 1201/1201/1201 
f 1210/1210/1210 1211/1211/1211 1201/1201/1201 
f 1201/1201/1201 1211/1211/1211 1211/1211/1211 
f 1211/1211/1211 1194/1194/1194 1211/1211/1211 
f 1211/1211/1211 1194/1194/1194 1194/1194/1194 
f 1194/1194/1194 1212/1212/1212 1194/1194/1194 
f 1194/1194/1194 1212/1212/1212 1213/1213/1213 
f 1212/1212/1212 1213/1213/1213 1213/1213/1213 
f 1213/1213/1213 1213/1213/1213 1214/1214/1214 
f 1213/1213/1213 1214/1214/1214 1214/1214/1214 
f 1214/1214/1214 1214/1214/1214 1200/1200/1200 
f 1214/1214/1214 1215/1215/1215 1200/1200/1200 
f 1200/1200/1200 1215/1215/1215 1215/1215/1215 
f 1215/1215/1215 1216/1216/1216 1215/1215/1215 
f 1215/1215/1215 1216/1216/1216 1216/1216/1216 
f 1216/1216/1216 1217/1217/1217 1216/1216/1216 
f 1216/1216/1216 1217/1217/1217 1218/1218/1218 
f 1217/1217/1217 1219/1219/1219 1218/1218/1218 
f 1218/1218/1218 1219/1219/1219 1220/1220/1220 
f 1219/1219/1219 1219/1219/1219 1220/1220/1220 
f 1220/1220/1220 1219/1219/1219 1221/1221/1221 
f 1219/1219/1219 1222/1222/1222 1221/1221/1221 
f 1221/1221/1221 1222/1222/1222 1221/1221/1221 
f 1222/1222/1222 1223/1223/1223 1221/1221/1221 
f 1221/1221/1221 1223/1223/1223 1224/1224/1224 
f 1223/1223/1223 1224/1224/1224 1224/1224/1224 
f 1224/1224/1224 1224/1224/1224 1225/1225/1225 
f 1224/1224/1224 1225/1225/1225 1225/1225/1225 
f 1225/1225/1225 1225/1225/1225 1226/1226/1226 
f 1225/1225/1225 1227/1227/1227 1226/1226/1226 
f 1226/1226/1226 1227/1227/1227 1227/1227/1227 
f 1227/1227/1227 1228/1228/1228 1227/1227/1227 
f 1227/1227/1227 1228/1228/1228 1228/1228/1228 
f 1228/1228/1228 1229/1229/1229 1228/1228/1228 
f 1228/1228/1228 1229/1229/1229 1230/1230/1230 
f 1229/1229/1229 1231/1231/1231 1230/1230/1230 
f 1230/1230/1230 1231/1231/1231 1232/1232/1232 
f 1231/1231/1231 1233/1233/1233 1232/1232/1232 
f 1232/1232/1232 1233/1233/1233 1234/1234/1234 
f 1233/1233/1233 1235/1235/1235 1234/1234/1234 
f 1234/1234/1234 1235/1235/1235 1235/1235/1235 
f 1235/1235/1235 1236/1236/1236 1235/1235/1235 
f 1235/1235/1235 1236/1236/1236 1236/1236/1236 
f 1236/1236/1236 1237/1237/1237 1236/1236/1236 
f 1236/1236/1236 1237/1237/1237 1238/1238/1238 
f 1237/1237/1237 1238/1238/1238 1238/1238/1238 
f 1238/1238/1238 1238/1238/1238 1238/1238/1238 
f 1238/1238/1238 1238/1238/1238 1238/1238/1238 
f 1238/1238/1238 1238/1238/1238 1239/1239/1239 
f 1238/1238/1238 1236/1236/1236 1239/1239/1239 
f 1239/1239/1239 1236/1236/1236 1236/1236/1236 
f 1236/1236/1236 1239/1239/1239 1236/1236/1236 
f 1236/1236/1236 1239/1239/1239 1239/1239/1239 
f 1239/1239/1239 1240/1240/1240 1239/1239/1239 
f 1239/1239/1239 1240/1240/1240 1241/1241/1241 
f 1240/1240/1240 1242/1242/1242 1241/1241/1241 
f 1241/1241/1241 1242/1242/1242 1242/1242/1242 
f 1242/1242/1242 1243/1243/1243 1242/1242/1242 
f 1242/1242/1242 1243/1243/1243 1243/1243/1243 
f 1243/1243/1243 1244/1244/1244 1243/1243/1243 
f 1243/1243/1243 1244/1244/1244 1245/1245/1245 
f 1244/1244/1244 1245/1245/1245 1245/1245/1245 
f 1245/1245/1245 1245/1245/1245 1246/1246/1246 
f 1245/1245/1245 1246/1246/1246 1246/1246/1246 
f 1246/1246/1246 1246/1246/1246 1244/1244/1244 
f 1246/1246/1246 1247/1247/1247 1244/1244/1244 
f 1244/1244/1244 1247/1247/1247 1247/1247/1247 
f 1247/1247/1247 1248/1248/1248 1247/1247/1247 
f 1247/1247/1247 1248/1248/1248 1248/1248/1248 
f 1248/1248/1248 1249/1249/1249 1248/1248/1248 
f 1248/1248/1248 1249/1249/1249 1250/1250/1250 
f 1249/1249/1249 1249/1249/1249 1250/1250/1250 
f 1250/1250/1250 1249/1249/1249 1251/1251/1251 
f 1249/1249/1249 1252/1252/1252 1251/1251/1251 
f 1251/1251/1251 1252/1252/1252 1253/1253/1253 
f 1252/1252/1252 1252/1252/1252 1253/1253/1253 
f 1253/1253/1253 1252/1252/1252 1254/1254/1254 
f 1252/1252/1252 1255/1255/1255 1254/1254/1254 
f 1254/1254/1254 1255/1255/1255 1256/1256/1256 
f 1255/1255/1255 1256/1256/1256 1256/1256/1256 
f 1256/1256/1256 1256/1256/1256 1257/1257/1257 
f 1256/1256/1256 1257/1257/1257 1257/1257/1257 
f 1257/1257/1257 1257/1257/1257 1253/1253/1253 
f 1257/1257/1257 1251/1251/1251 1253/1253/1253 
f 1253/1253/1253 1251/1251/1251 1251/1251/1251 
f 1251/1251/1251 1258/1258/1258 1251/1251/1251 
f 1251/1251/1251 1258/1258/1258 1258/1258/1258 
f 1258/1258/1258 1259/1259/1259 1258/1258/1258 
f 1258/1258/1258 1259/1259/1259 1260/1260/1260 
f 1259/1259/1259 1260/1260/1260 1260/1260/1260 
f 1260/1260/1260 1260/1260/1260 1261/1261/1261 
f 1260/1260/1260 1261/1261/1261 1261/1261/1261 
f 1261/1261/1261 1261/1261/1261 1262/1262/1262 
f 1261/1261/1261 1263/1263/1263 1262/1262/1262 
f 1262/1262/1262 1263/1263/1263 1262/1262/1262 
f 1263/1263/1263 1264/1264/1264 1262/1262/1262 
f 1262/1262/1262 1264/1264/1264 1265/1265/1265 
f 1264/1264/1264 1264/1264/1264 1265/1265/1265 
f 1265/1265/1265 1264/1264/1264 1266/1266/1266 
f 1264/1264/1264 1264/1264/1264 1266/1266/1266 
f 1266/1266/1266 1264/1264/1264 1267/1267/1267 
f 1264/1264/1264 1268/1268/1268 1267/1267/1267 
f 1267/1267/1267 1268/1268/1268 1268/1268/1268 
f 1268/1268/1268 1262/1262/1262 1268/1268/1268 
f 1268/1268/1268 1262/1262/1262 1262/1262/1262 
f 1262/1262/1262 1265/1265/1265 1262/1262/1262 
f 1262/1262/1262 1265/1265/1265 1269/1269/1269 
f 1265/1265/1265 1270/1270/1270 1269/1269/1269 
f 1269/1269/1269 1270/1270/1270 1269/1269/1269 
f 1270/1270/1270 1271/1271/1271 1269/1269/1269 
f 1269/1269/1269 1271/1271/1271 1272/1272/1272 
f 1271/1271/1271 1271/1271/1271 1272/1272/1272 
f 1272/1272/1272 1271/1271/1271 1273/1273/1273 
f 1271/1271/1271 1274/1274/1274 1273/1273/1273 
f 1273/1273/1273 1274/1274/1274 1274/1274/1274 
f 1274/1274/1274 1275/1275/1275 1274/1274/1274 
f 1274/1274/1274 1275/1275/1275 1275/1275/1275 
f 1275/1275/1275 1276/1276/1276 1275/1275/1275 
f 1275/1275/1275 1276/1276/1276 1277/1277/1277 
f 1276/1276/1276 1276/1276/1276 1277/1277/1277 
f 1277/1277/1277 1276/1276/1276 1278/1278/1278 
f 1276/1276/1276 1279/1279/1279 1278/1278/1278 
f 1278/1278/1278 1279/1279/1279 1280/1280/1280 
f 1279/1279/1279 1281/1281/1281 1280/1280/1280 
f 1280/1280/1280 1281/1281/1281 1282/1282/1282 
f 1281/1281/1281 1281/1281/1281 1282/1282/1282 
f 1282/1282/1282 1281/1281/1281 1283/1283/1283 
f 1281/1281/1281 1281/1281/1281 1283/1283/1283 
f 1283/1283/1283 1281/1281/1281 1284/1284/1284 
f 1281/1281/1281 1285/1285/1285 1284/1284/1284 
f 1284/1284/1284 1285/1285/1285 1284/1284/1284 
f 1285/1285/1285 1286/1286/1286 1284/1284/1284 
f 1284/1284/1284 1286/1286/1286 1287/1287/1287 
f 1286/1286/1286 1286/1286/1286 1287/1287/1287 
f 1287/1287/1287 1286/1286/1286 1288/1288/1288 
f 1286/1286/1286 1286/1286/1286 1288/1288/1288 
f 1288/1288/1288 1286/1286/1286 1289/1289/1289 
f 1286/1286/1286 1290/1290/1290 1289/1289/1289 
f 1289/1289/1289 1290/1290/1290 1290/1290/1290 
f 1290/1290/1290 1284/1284/1284 1290/1290/1290 
f 1290/1290/1290 1284/1284/1284 1284/1284/1284 
f 1284/1284/1284 1287/1287/1287 1284/1284/1284 
f 1284/1284/1284 1287/1287/1287 1291/1291/1291 
f 1287/1287/1287 1291/1291/1291 1291/1291/1291 
f 1291/1291/1291 1291/1291/1291 1281/1281/1281 
f 1291/1291/1291 1281/1281/1281 1281/1281/1281 
f 1281/1281/1281 1281/1281/1281 1292/1292/1292 
f 1281/1281/1281 1279/1279/1279 1292/1292/1292 
f 1292/1292/1292 1279/1279/1279 1292/1292/1292 
f 1279/1279/1279 1276/1276/1276 1292/1292/1292 
f 1292/1292/1292 1276/1276/1276 1293/1293/1293 
f 1276/1276/1276 1275/1275/1275 1293/1293/1293 
f 1293/1293/1293 1275/1275/1275 1294/1294/1294 
f 1275/1275/1275 1295/1295/1295 1294/1294/1294 
f 1294/1294/1294 1295/1295/1295 1296/1296/1296 
f 1295/1295/1295 1297/1297/1297 1296/1296/1296 
f 1296/1296/1296 1297/1297/1297 1297/1297/1297 
f 1297/1297/1297 1298/1298/1298 1297/1297/1297 
f 1297/1297/1297 1298/1298/1298 1298/1298/1298 
f 1298/1298/1298 1299/1299/1299 1298/1298/1298 
f 1298/1298/1298 1299/1299/1299 1300/1300/1300 
f 1299/1299/1299 1299/1299/1299 1300/1300/1300 
f 1300/1300/1300 1299/1299/1299 1301/1301/1301 
f 1299/1299/1299 1302/1302/1302 1301/1301/1301 
f 1301/1301/1301 1302/1302/1302 1303/1303/1303 
f 1302/1302/1302 1302/1302/1302 1303/1303/1303 
f 1303/1303/1303 1302/1302/1302 1304/1304/1304 
f 1302/1302/1302 1305/1305/1305 1304/1304/1304 
f 1304/1304/1304 1305/1305/1305 1306/1306/1306 
f 1305/1305/1305 1306/1306/1306 1306/1306/1306 
f 1306/1306/1306 1306/1306/1306 1306/1306/1306 
f 1306/1306/1306 1306/1306/1306 1306/1306/1306 
f 1306/1306/1306 1306/1306/1306 1307/1307/1307 
f 1306/1306/1306 1308/1308/1308 1307/1307/1307 
f 1307/1307/1307 1308/1308/1308 1307/1307/1307 
f 1308/1308/1308 1309/1309/1309 1307/1307/1307 
f 1307/1307/1307 1309/1309/1309 1310/1310/1310 
f 1309/1309/1309 1311/1311/1311 1310/1310/1310 
f 1310/1310/1310 1311/1311/1311 1311/1311/1311 
f 1311/1311/1311 1312/1312/1312 1311/1311/1311 
f 1311/1311/1311 1312/1312/1312 1312/1312/1312 
f 1312/1312/1312 1307/1307/1307 1312/1312/1312 
f 1312/1312/1312 1307/1307/1307 1310/1310/1310 
f 1307/1307/1307 1310/1310/1310 1310/1310/1310 
f 1310/1310/1310 1310/1310/1310 1313/1313/1313 
f 1310/1310/1310 1313/1313/1313 1313/1313/1313 
f 1313/1313/1313 1313/1313/1313 1314/1314/1314 
f 1313/1313/1313 1315/1315/1315 1314/1314/1314 
f 1314/1314/1314 1315/1315/1315 1314/1314/1314 
f 1315/1315/1315 1316/1316/1316 1314/1314/1314 
f 1314/1314/1314 1316/1316/1316 1317/1317/1317 
f 1316/1316/1316 1317/1317/1317 1317/1317/1317 
f 1317/1317/1317 1317/1317/1317 1318/1318/1318 
f 1317/1317/1317 1318/1318/1318 1318/1318/1318 
f 1318/1318/1318 1318/1318/1318 1319/1319/1319 
f 1318/1318/1318 1320/1320/1320 1319/1319/1319 
f 1319/1319/1319 1320/1320/1320 1320/1320/1320 
f 1320/1320/1320 1321/1321/1321 1320/1320/1320 
f 1320/1320/1320 1321/1321/1321 1321/1321/1321 
f 1321/1321/1321 1322/1322/1322 1321/1321/1321 
f 1321/1321/1321 1322/1322/1322 1323/1323/1323 
f 1322/1322/1322 1324/1324/1324 1323/1323/1323 
f 1323/1323/1323 1324/1324/1324 1324/1324/1324 
f 1324/1324/1324 1325/1325/1325 1324/1324/1324 
f 1324/1324/1324 1325/1325/1325 1325/1325/1325 
f 1325/1325/1325 1326/1326/1326 1325/1325/1325 
f 1325/1325/1325 1326/1326/1326 1327/1327/1327 
f 1326/1326/1326 1328/1328/1328 1327/1327/1327 
f 1327/1327/1327 1328/1328/1328 1328/1328/1328 
f 1328/1328/1328 1329/1329/1329 1328/1328/1328 
f 1328/1328/1328 1329/1329/1329 1329/1329/1329 
f 1329/1329/1329 1330/1330/1330 1329/1329/1329 
f 1329/1329/1329 1330/1330/1330 1331/1331/1331 
f 1330/1330/1330 1331/1331/1331 1331/1331/1331 
f 1331/1331/1331 1331/1331/1331 1332/1332/1332 
f 1331/1331/1331 1332/1332/1332 1332/1332/1332 
f 1332/1332/1332 1332/1332/1332 1333/1333/1333 
f 1332/1332/1332 1334/1334/1334 1333/1333/1333 
f 1333/1333/1333 1334/1334/1334 1334/1334/1334 
f 1334/1334/1334 1335/1335/1335 1334/1334/1334 
f 1334/1334/1334 1335/1335/1335 1335/1335/1335 
f 1335/1335/1335 1336/1336/1336 1335/1335/1335 
f 1335/1335/1335 1336/1336/1336 1337/1337/1337 
f 1336/1336/1336 1337/1337/1337 1337/1337/1337 
f 1337/1337/1337 1337/1337/1337 1338/1338/1338 
f 1337/1337/1337 1338/1338/1338 1338/1338/1338 
f 1338/1338/1338 1338/1338/1338 1339/1339/1339 
f 1338/1338/1338 1340/1340/1340 1339/1339/1339 
f 1339/1339/1339 1340/1340/1340 1341/1341/1341 
f 1340/1340/1340 1341/1341/1341 1341/1341/1341 
f 1341/1341/1341 1341/1341/1341 1342/1342/1342 
f 1341/1341/1341 1342/1342/1342 1342/1342/1342 
f 1342/1342/1342 1342/1342/1342 1343/1343/1343 
f 1342/1342/1342 1344/1344/1344 1343/1343/1343 
f 1343/1343/1343 1344/1344/1344 1344/1344/1344 
f 1344/1344/1344 1343/1343/1343 1344/1344/1344 
f 1344/1344/1344 1343/1343/1343 1343/1343/1343 
f 1343/1343/1343 1345/1345/1345 1343/1343/1343 
f 1343/1343/1343 1345/1345/1345 1346/1346/1346 
f 1345/1345/1345 1346/1346/1346 1346/1346/1346 
f 1346/1346/1346 1346/1346/1346 1347/1347/1347 
f 1346/1346/1346 1347/1347/1347 1347/1347/1347 
f 1347/1347/1347 1347/1347/1347 1348/1348/1348 
f 1347/1347/1347 1349/1349/1349 1348/1348/1348 
f 1348/1348/1348 1349/1349/1349 1350/1350/1350 
f 1349/1349/1349 1350/1350/1350 1350/1350/1350 
f 1350/1350/1350 1350/1350/1350 1348/1348/1348 
f 1350/1350/1350 1348/1348/1348 1348/1348/1348 
f 1348/1348/1348 1348/1348/1348 1351/1351/1351 
f 1348/1348/1348 1352/1352/1352 1351/1351/1351 
f 1351/1351/1351 1352/1352/1352 1351/1351/1351 
f 1352/1352/1352 1353/1353/1353 1351/1351/1351 
f 1351/1351/1351 1353/1353/1353 1354/1354/1354 
f 1353/1353/1353 1355/1355/1355 1354/1354/1354 
f 1354/1354/1354 1355/1355/1355 1355/1355/1355 
f 1355/1355/1355 1356/1356/1356 1355/1355/1355 
f 1355/1355/1355 1356/1356/1356 1356/1356/1356 
f 1356/1356/1356 1357/1357/1357 1356/1356/1356 
f 1356/1356/1356 1357/1357/1357 1358/1358/1358 
f 1357/1357/1357 1357/1357/1357 1358/1358/1358 
f 1358/1358/1358 1357/1357/1357 1359/1359/1359 
f 1357/1357/1357 1360/1360/1360 1359/1359/1359 
f 1359/1359/1359 1360/1360/1360 1360/1360/1360 
f 1360/1360/1360 1361/1361/1361 1360/1360/1360 
f 1360/1360/1360 1361/1361/1361 1361/1361/1361 
f 1361/1361/1361 1362/1362/1362 1361/1361/1361 
f 1361/1361/1361 1362/1362/1362 1363/1363/1363 
f 1362/1362/1362 1363/1363/1363 1363/1363/1363 
f 1363/1363/1363 1363/1363/1363 1364/1364/1364 
f 1363/1363/1363 1364/1364/1364 1364/1364/1364 
f 1364/1364/1364 1364/1364/1364 1365/1365/1365 
f 1364/1364/1364 1366/1366/1366 1365/1365/1365 
f 1365/1365/1365 1366/1366/1366 1366/1366/1366 
f 1366/1366/1366 1366/1366/1366 1366/1366/1366 
f 1366/1366/1366 1366/1366/1366 1366/1366/1366 
f 1366/1366/1366 1367/1367/1367 1366/1366/1366 
f 1366/1366/1366 1367/1367/1367 1368/1368/1368 
f 1367/1367/1367 1369/1369/1369 1368/1368/1368 
f 1368/1368/1368 1369/1369/1369 1369/1369/1369 
f 1369/1369/1369 1370/1370/1370 1369/1369/1369 
f 1369/1369/1369 1370/1370/1370 1370/1370/1370 
f 1370/1370/1370 1371/1371/1371 1370/1370/1370 
f 1370/1370/1370 1371/1371/1371 1369/1369/1369 
f 1371/1371/1371 1372/1372/1372 1369/1369/1369 
f 1369/1369/1369 1372/1372/1372 1373/1373/1373 
f 1372/1372/1372 1373/1373/1373 1373/1373/1373 
f 1373/1373/1373 1373/1373/1373 1373/1373/1373 
f 1373/1373/1373 1373/1373/1373 1373/1373/1373 
f 1373/1373/1373 1373/1373/1373 1368/1368/1368 
f 1373/1373/1373 1374/1374/1374 1368/1368/1368 
f 1368/1368/1368 1374/1374/1374 1368/1368/1368 
f 1374/1374/1374 1375/1375/1375 1368/1368/1368 
f 1368/1368/1368 1375/1375/1375 1376/1376/1376 
f 1375/1375/1375 1376/1376/1376 1376/1376/1376 
f 1376/1376/1376 1376/1376/1376 1377/1377/1377 
f 1376/1376/1376 1377/1377/1377 1377/1377/1377 
f 1377/1377/1377 1377/1377/1377 1378/1378/1378 
f 1377/1377/1377 1379/1379/1379 1378/1378/1378 
f 1378/1378/1378 1379/1379/1379 1380/1380/1380 
f 1379/1379/1379 1381/1381/1381 1380/1380/1380 
f 1380/1380/1380 1381/1381/1381 1381/1381/1381 
f 1381/1381/1381 1380/1380/1380 1381/1381/1381 
f 1381/1381/1381 1380/1380/1380 1380/1380/1380 
f 1380/1380/1380 1382/1382/1382 1380/1380/1380 
f 1380/1380/1380 1382/1382/1382 1383/1383/1383 
f 1382/1382/1382 1382/1382/1382 1383/1383/1383 
f 1383/1383/1383 1382/1382/1382 1384/1384/1384 
f 1382/1382/1382 1382/1382/1382 1384/1384/1384 
f 1384/1384/1384 1382/1382/1382 1385/1385/1385 
f 1382/1382/1382 1382/1382/1382 1385/1385/1385 
f 1385/1385/1385 1382/1382/1382 1386/1386/1386 
f 1382/1382/1382 1387/1387/1387 1386/1386/1386 
f 1386/1386/1386 1387/1387/1387 1387/1387/1387 
f 1387/1387/1387 1378/1378/1378 1387/1387/1387 
f 1387/1387/1387 1378/1378/1378 1378/1378/1378 
f 1378/1378/1378 1388/1388/1388 1378/1378/1378 
f 1378/1378/1378 1388/1388/1388 1389/1389/1389 
f 1388/1388/1388 1390/1390/1390 1389/1389/1389 
f 1389/1389/1389 1390/1390/1390 1389/1389/1389 
f 1390/1390/1390 1391/1391/1391 1389/1389/1389 
f 1389/1389/1389 1391/1391/1391 1392/1392/1392 
f 1391/1391/1391 1392/1392/1392 1392/1392/1392 
f 1392/1392/1392 1392/1392/1392 1393/1393/1393 
f 1392/1392/1392 1393/1393/1393 1393/1393/1393 
f 1393/1393/1393 1393/1393/1393 1394/1394/1394 
f 1393/1393/1393 1395/1395/1395 1394/1394/1394 
f 1394/1394/1394 1395/1395/1395 1394/1394/1394 
f 1395/1395/1395 1396/1396/1396 1394/1394/1394 
f 1394/1394/1394 1396/1396/1396 1394/1394/1394 
f 1396/1396/1396 1397/1397/1397 1394/1394/1394 
f 1394/1394/1394 1397/1397/1397 1398/1398/1398 
f 1397/1397/1397 1397/1397/1397 1398/1398/1398 
f 1398/1398/1398 1397/1397/1397 1399/1399/1399 
f 1397/1397/1397 1400/1400/1400 1399/1399/1399 
f 1399/1399/1399 1400/1400/1400 1401/1401/1401 
f 1400/1400/1400 1401/1401/1401 1401/1401/1401 
f 1401/1401/1401 1401/1401/1401 1402/1402/1402 
f 1401/1401/1401 1402/1402/1402 1402/1402/1402 
f 1402/1402/1402 1402/1402/1402 1403/1403/1403 
f 1402/1402/1402 1400/1400/1400 1403/1403/1403 
f 1403/1403/1403 1400/1400/1400 1404/1404/1404 
f 1400/1400/1400 1397/1397/1397 1404/1404/1404 
f 1404/1404/1404 1397/1397/1397 1405/1405/1405 
f 1397/1397/1397 1396/1396/1396 1405/1405/1405 
f 1405/1405/1405 1396/1396/1396 1396/1396/1396 
f 1396/1396/1396 1406/1406/1406 1396/1396/1396 
f 1396/1396/1396 1406/1406/1406 1406/1406/1406 
f 1406/1406/1406 1405/1405/1405 1406/1406/1406 
f 1406/1406/1406 1405/1405/1405 1407/1407/1407 
f 1405/1405/1405 1408/1408/1408 1407/1407/1407 
f 1407/1407/1407 1408/1408/1408 1409/1409/1409 
f 1408/1408/1408 1410/1410/1410 1409/1409/1409 
f 1409/1409/1409 1410/1410/1410 1411/1411/1411 
f 1410/1410/1410 1410/1410/1410 1411/1411/1411 
f 1411/1411/1411 1410/1410/1410 1412/1412/1412 
f 1410/1410/1410 1413/1413/1413 1412/1412/1412 
f 1412/1412/1412 1413/1413/1413 1414/1414/1414 
f 1413/1413/1413 1414/1414/1414 1414/1414/1414 
f 1414/1414/1414 1414/1414/1414 1410/1410/1410 
f 1414/1414/1414 1410/1410/1410 1410/1410/1410 
f 1410/1410/1410 1410/1410/1410 1413/1413/1413 
f 1410/1410/1410 1408/1408/1408 1413/1413/1413 
f 1413/1413/1413 1408/1408/1408 1415/1415/1415 
f 1408/1408/1408 1415/1415/1415 1415/1415/1415 
f 1415/1415/1415 1415/1415/1415 1416/1416/1416 
f 1415/1415/1415 1416/1416/1416 1416/1416/1416 
f 1416/1416/1416 1416/1416/1416 1417/1417/1417 
f 1416/1416/1416 1418/1418/1418 1417/1417/1417 
f 1417/1417/1417 1418/1418/1418 1419/1419/1419 
f 1418/1418/1418 1419/1419/1419 1419/1419/1419 
f 1419/1419/1419 1419/1419/1419 1420/1420/1420 
f 1419/1419/1419 1420/1420/1420 1420/1420/1420 
f 1420/1420/1420 1420/1420/1420 1421/1421/1421 
f 1420/1420/1420 1422/1422/1422 1421/1421/1421 
f 1421/1421/1421 1422/1422/1422 1423/1423/1423 
f 1422/1422/1422 1424/1424/1424 1423/1423/1423 
f 1423/1423/1423 1424/1424/1424 1425/1425/1425 
f 1424/1424/1424 1424/1424/1424 1425/1425/1425 
f 1425/1425/1425 1424/1424/1424 1426/1426/1426 
f 1424/1424/1424 1424/1424/1424 1426/1426/1426 
f 1426/1426/1426 1424/1424/1424 1427/1427/1427 
f 1424/1424/1424 1428/1428/1428 1427/1427/1427 
f 1427/1427/1427 1428/1428/1428 1428/1428/1428 
f 1428/1428/1428 1429/1429/1429 1428/1428/1428 
f 1428/1428/1428 1429/1429/1429 1429/1429/1429 
f 1429/1429/1429 1430/1430/1430 1429/1429/1429 
f 1429/1429/1429 1430/1430/1430 1431/1431/1431 
f 1430/1430/1430 1430/1430/1430 1431/1431/1431 
f 1431/1431/1431 1430/1430/1430 1432/1432/1432 
f 1430/1430/1430 1433/1433/1433 1432/1432/1432 
f 1432/1432/1432 1433/1433/1433 1434/1434/1434 
f 1433/1433/1433 1435/1435/1435 1434/1434/1434 
f 1434/1434/1434 1435/1435/1435 1436/1436/1436 
f 1435/1435/1435 1437/1437/1437 1436/1436/1436 
f 1436/1436/1436 1437/1437/1437 1438/1438/1438 
f 1437/1437/1437 1439/1439/1439 1438/1438/1438 
f 1438/1438/1438 1439/1439/1439 1440/1440/1440 
f 1439/1439/1439 1441/1441/1441 1440/1440/1440 
f 1440/1440/1440 1441/1441/1441 1441/1441/1441 
f 1441/1441/1441 1442/1442/1442 1441/1441/1441 
f 1441/1441/1441 1442/1442/1442 1442/1442/1442 
f 1442/1442/1442 1438/1438/1438 1442/1442/1442 
f 1442/1442/1442 1438/1438/1438 1440/1440/1440 
f 1438/1438/1438 1440/1440/1440 1440/1440/1440 
f 1440/1440/1440 1440/1440/1440 1443/1443/1443 
f 1440/1440/1440 1443/1443/1443 1443/1443/1443 
f 1443/1443/1443 1443/1443/1443 1433/1433/1433 
f 1443/1443/1443 1444/1444/1444 1433/1433/1433 
f 1433/1433/1433 1444/1444/1444 1445/1445/1445 
f 1444/1444/1444 1445/1445/1445 1445/1445/1445 
f 1445/1445/1445 1445/1445/1445 1446/1446/1446 
f 1445/1445/1445 1446/1446/1446 1446/1446/1446 
f 1446/1446/1446 1446/1446/1446 1447/1447/1447 
f 1446/1446/1446 1445/1445/1445 1447/1447/1447 
f 1447/1447/1447 1445/1445/1445 1448/1448/1448 
f 1445/1445/1445 1448/1448/1448 1448/1448/1448 
f 1448/1448/1448 1448/1448/1448 1449/1449/1449 
f 1448/1448/1448 1449/1449/1449 1449/1449/1449 
f 1449/1449/1449 1449/1449/1449 1450/1450/1450 
f 1449/1449/1449 1451/1451/1451 1450/1450/1450 
f 1450/1450/1450 1451/1451/1451 1451/1451/1451 
f 1451/1451/1451 1452/1452/1452 1451/1451/1451 
f 1451/1451/1451 1452/1452/1452 1452/1452/1452 
f 1452/1452/1452 1453/1453/1453 1452/1452/1452 
f 1452/1452/1452 1453/1453/1453 1454/1454/1454 
f 1453/1453/1453 1454/1454/1454 1454/1454/1454 
f 1454/1454/1454 1454/1454/1454 1455/1455/1455 
f 1454/1454/1454 1455/1455/1455 1455/1455/1455 
f 1455/1455/1455 1455/1455/1455 1456/1456/1456 
f 1455/1455/1455 1457/1457/1457 1456/1456/1456 
f 1456/1456/1456 1457/1457/1457 1457/1457/1457 
f 1457/1457/1457 1458/1458/1458 1457/1457/1457 
f 1457/1457/1457 1458/1458/1458 1458/1458/1458 
f 1458/1458/1458 1459/1459/1459 1458/1458/1458 
f 1458/1458/1458 1459/1459/1459 1460/1460/1460 
f 1459/1459/1459 1460/1460/1460 1460/1460/1460 
f 1460/1460/1460 1460/1460/1460 1461/1461/1461 
f 1460/1460/1460 1461/1461/1461 1461/1461/1461 
f 1461/1461/1461 1461/1461/1461 1462/1462/1462 
f 1461/1461/1461 1463/1463/1463 1462/1462/1462 
f 1462/1462/1462 1463/1463/1463 1464/1464/1464 
f 1463/1463/1463 1465/1465/1465 1464/1464/1464 
f 1464/1464/1464 1465/1465/1465 1464/1464/1464 
f 1465/1465/1465 1466/1466/1466 1464/1464/1464 
f 1464/1464/1464 1466/1466/1466 1464/1464/1464 
f 1466/1466/1466 1467/1467/1467 1464/1464/1464 
f 1464/1464/1464 1467/1467/1467 1462/1462/1462 
f 1467/1467/1467 1462/1462/1462 1462/1462/1462 
f 1462/1462/1462 1462/1462/1462 1468/1468/1468 
f 1462/1462/1462 1468/1468/1468 1468/1468/1468 
f 1468/1468/1468 1468/1468/1468 1469/1469/1469 
f 1468/1468/1468 1470/1470/1470 1469/1469/1469 
f 1469/1469/1469 1470/1470/1470 1471/1471/1471 
f 1470/1470/1470 1471/1471/1471 1471/1471/1471 
f 1471/1471/1471 1471/1471/1471 1472/1472/1472 
f 1471/1471/1471 1472/1472/1472 1472/1472/1472 
f 1472/1472/1472 1472/1472/1472 1470/1470/1470 
f 1472/1472/1472 1473/1473/1473 1470/1470/1470 
f 1470/1470/1470 1473/1473/1473 1474/1474/1474 
f 1473/1473/1473 1474/1474/1474 1474/1474/1474 
f 1474/1474/1474 1474/1474/1474 1475/1475/1475 
f 1474/1474/1474 1475/1475/1475 1475/1475/1475 
f 1475/1475/1475 1475/1475/1475 1476/1476/1476 
f 1475/1475/1475 1477/1477/1477 1476/1476/1476 
f 1476/1476/1476 1477/1477/1477 1478/1478/1478 
f 1477/1477/1477 1477/1477/1477 1478/1478/1478 
f 1478/1478/1478 1477/1477/1477 1479/1479/1479 
f 1477/1477/1477 1477/1477/1477 1479/1479/1479 
f 1479/1479/1479 1477/1477/1477 1480/1480/1480 
f 1477/1477/1477 1481/1481/1481 1480/1480/1480 
f 1480/1480/1480 1481/1481/1481 1480/1480/1480 
f 1481/1481/1481 1482/1482/1482 1480/1480/1480 
f 1480/1480/1480 1482/1482/1482 1483/1483/1483 
f 1482/1482/1482 1484/1484/1484 1483/1483/1483 
f 1483/1483/1483 1484/1484/1484 1485/1485/1485 
f 1484/1484/1484 1485/1485/1485 1485/1485/1485 
f 1485/1485/1485 1485/1485/1485 1484/1484/1484 
f 1485/1485/1485 1484/1484/1484 1484/1484/1484 
f 1484/1484/1484 1484/1484/1484 1486/1486/1486 
f 1484/1484/1484 1487/1487/1487 1486/1486/1486 
f 1486/1486/1486 1487/1487/1487 1487/1487/1487 
f 1487/1487/1487 1479/1479/1479 1487/1487/1487 
f 1487/1487/1487 1479/1479/1479 1479/1479/1479 
f 1479/1479/1479 1480/1480/1480 1479/1479/1479 
f 1479/1479/1479 1480/1480/1480 1488/1488/1488 
f 1480/1480/1480 1483/1483/1483 1488/1488/1488 
f 1488/1488/1488 1483/1483/1483 1489/1489/1489 
f 1483/1483/1483 1489/1489/1489 1489/1489/1489 
f 1489/1489/1489 1489/1489/1489 1490/1490/1490 
f 1489/1489/1489 1490/1490/1490 1490/1490/1490 
f 1490/1490/1490 1490/1490/1490 1491/1491/1491 
f 1490/1490/1490 1492/1492/1492 1491/1491/1491 
f 1491/1491/1491 1492/1492/1492 1491/1491/1491 
f 1492/1492/1492 1493/1493/1493 1491/1491/1491 
f 1491/1491/1491 1493/1493/1493 1494/1494/1494 
f 1493/1493/1493 1494/1494/1494 1494/1494/1494 
f 1494/1494/1494 1494/1494/1494 1495/1495/1495 
f 1494/1494/1494 1495/1495/1495 1495/1495/1495 
f 1495/1495/1495 1495/1495/1495 1496/1496/1496 
f 1495/1495/1495 1497/1497/1497 1496/1496/1496 
f 1496/1496/1496 1497/1497/1497 1497/1497/1497 
f 1497/1497/1497 1498/1498/1498 1497/1497/1497 
f 1497/1497/1497 1498/1498/1498 1498/1498/1498 
f 1498/1498/1498 1499/1499/1499 1498/1498/1498 
f 1498/1498/1498 1499/1499/1499 1500/1500/1500 
f 1499/1499/1499 1499/1499/1499 1500/1500/1500 
f 1500/1500/1500 1499/1499/1499 1501/1501/1501 
f 1499/1499/1499 1502/1502/1502 1501/1501/1501 
f 1501/1501/1501 1502/1502/1502 1503/1503/1503 
f 1502/1502/1502 1503/1503/1503 1503/1503/1503 
f 1503/1503/1503 1503/1503/1503 1504/1504/1504 
f 1503/1503/1503 1504/1504/1504 1504/1504/1504 
f 1504/1504/1504 1504/1504/1504 1505/1505/1505 
f 1504/1504/1504 1506/1506/1506 1505/1505/1505 
f 1505/1505/1505 1506/1506/1506 1506/1506/1506 
f 1506/1506/1506 1507/1507/1507 1506/1506/1506 
f 1506/1506/1506 1507/1507/1507 1507/1507/1507 
f 1507/1507/1507 1508/1508/1508 1507/1507/1507 
f 1507/1507/1507 1508/1508/1508 1509/1509/1509 
f 1508/1508/1508 1510/1510/1510 1509/1509/1509 
f 1509/1509/1509 1510/1510/1510 1510/1510/1510 
f 1510/1510/1510 1511/1511/1511 1510/1510/1510 
f 1510/1510/1510 1511/1511/1511 1511/1511/1511 
f 1511/1511/1511 1512/1512/1512 1511/1511/1511 
f 1511/1511/1511 1512/1512/1512 1513/1513/1513 
f 1512/1512/1512 1512/1512/1512 1513/1513/1513 
f 1513/1513/1513 1512/1512/1512 1514/1514/1514 
f 1512/1512/1512 1515/1515/1515 1514/1514/1514 
f 1514/1514/1514 1515/1515/1515 1516/1516/1516 
f 1515/1515/1515 1515/1515/1515 1516/1516/1516 
f 1516/1516/1516 1515/1515/1515 1517/1517/1517 
f 1515/1515/1515 1515/1515/1515 1517/1517/1517 
f 1517/1517/1517 1515/1515/1515 1518/1518/1518 
f 1515/1515/1515 1515/1515/1515 1518/1518/1518 
f 1518/1518/1518 1515/1515/1515 1519/1519/1519 
f 1515/1515/1515 1512/1512/1512 1519/1519/1519 
f 1519/1519/1519 1512/1512/1512 1512/1512/1512 
f 1512/1512/1512 1520/1520/1520 1512/1512/1512 
f 1512/1512/1512 1520/1520/1520 1520/1520/1520 
f 1520/1520/1520 1521/1521/1521 1520/1520/1520 
f 1520/1520/1520 1521/1521/1521 1522/1522/1522 
f 1521/1521/1521 1522/1522/1522 1522/1522/1522 
f 1522/1522/1522 1522/1522/1522 1523/1523/1523 
f 1522/1522/1522 1523/1523/1523 1523/1523/1523 
f 1523/1523/1523 1523/1523/1523 1524/1524/1524 
f 1523/1523/1523 1525/1525/1525 1524/1524/1524 
f 1524/1524/1524 1525/1525/1525 1526/1526/1526 
f 1525/1525/1525 1527/1527/1527 1526/1526/1526 
f 1526/1526/1526 1527/1527/1527 1528/1528/1528 
f 1527/1527/1527 1529/1529/1529 1528/1528/1528 
f 1528/1528/1528 1529/1529/1529 1529/1529/1529 
f 1529/1529/1529 1530/1530/1530 1529/1529/1529 
f 1529/1529/1529 1530/1530/1530 1530/1530/1530 
f 1530/1530/1530 1528/1528/1528 1530/1530/1530 
f 1530/1530/1530 1528/1528/1528 1531/1531/1531 
f 1528/1528/1528 1528/1528/1528 1531/1531/1531 
f 1531/1531/1531 1528/1528/1528 1532/1532/1532 
f 1528/1528/1528 1533/1533/1533 1532/1532/1532 
f 1532/1532/1532 1533/1533/1533 1534/1534/1534 
f 1533/1533/1533 1534/1534/1534 1534/1534/1534 
f 1534/1534/1534 1534/1534/1534 1535/1535/1535 
f 1534/1534/1534 1535/1535/1535 1535/1535/1535 
f 1535/1535/1535 1535/1535/1535 1536/1536/1536 
f 1535/1535/1535 1537/1537/1537 1536/1536/1536 
f 1536/1536/1536 1537/1537/1537 1537/1537/1537 
f 1537/1537/1537 1538/1538/1538 1537/1537/1537 
f 1537/1537/1537 1538/1538/1538 1538/1538/1538 
f 1538/1538/1538 1539/1539/1539 1538/1538/1538 
f 1538/1538/1538 1539/1539/1539 1540/1540/1540 
f 1539/1539/1539 1541/1541/1541 1540/1540/1540 
f 1540/1540/1540 1541/1541/1541 1541/1541/1541 
f 1541/1541/1541 1542/1542/1542 1541/1541/1541 
f 1541/1541/1541 1542/1542/1542 1542/1542/1542 
f 1542/1542/1542 1541/1541/1541 1542/1542/1542 
f 1542/1542/1542 1541/1541/1541 1543/1543/1543 
f 1541/1541/1541 1543/1543/1543 1543/1543/1543 
f 1543/1543/1543 1543/1543/1543 1544/1544/1544 
f 1543/1543/1543 1544/1544/1544 1544/1544/1544 
f 1544/1544/1544 1544/1544/1544 1545/1545/1545 
f 1544/1544/1544 1546/1546/1546 1545/1545/1545 
f 1545/1545/1545 1546/1546/1546 1546/1546/1546 
f 1546/1546/1546 1547/1547/1547 1546/1546/1546 
f 1546/1546/1546 1547/1547/1547 1547/1547/1547 
f 1547/1547/1547 1548/1548/1548 1547/1547/1547 
f 1547/1547/1547 1548/1548/1548 1549/1549/1549 
f 1548/1548/1548 1548/1548/1548 1549/1549/1549 
f 1549/1549/1549 1548/1548/1548 1550/1550/1550 
f 1548/1548/1548 1551/1551/1551 1550/1550/1550 
f 1550/1550/1550 1551/1551/1551 1551/1551/1551 
f 1551/1551/1551 1552/1552/1552 1551/1551/1551 
f 1551/1551/1551 1552/1552/1552 1552/1552/1552 
f 1552/1552/1552 1551/1551/1551 1552/1552/1552 
f 1552/1552/1552 1551/1551/1551 1553/1553/1553 
f 1551/1551/1551 1554/1554/1554 1553/1553/1553 
f 1553/1553/1553 1554/1554/1554 1555/1555/1555 
f 1554/1554/1554 1555/1555/1555 1555/1555/1555 
f 1555/1555/1555 1555/1555/1555 1554/1554/1554 
f 1555/1555/1555 1554/1554/1554 1554/1554/1554 
f 1554/1554/1554 1554/1554/1554 1556/1556/1556 
f 1554/1554/1554 1551/1551/1551 1556/1556/1556 
f 1556/1556/1556 1551/1551/1551 1551/1551/1551 
f 1551/1551/1551 1557/1557/1557 1551/1551/1551 
f 1551/1551/1551 1557/1557/1557 1557/1557/1557 
f 1557/1557/1557 1558/1558/1558 1557/1557/1557 
f 1557/1557/1557 1558/1558/1558 1559/1559/1559 
f 1558/1558/1558 1560/1560/1560 1559/1559/1559 
f 1559/1559/1559 1560/1560/1560 1559/1559/1559 
f 1560/1560/1560 1561/1561/1561 1559/1559/1559 
f 1559/1559/1559 1561/1561/1561 1562/1562/1562 
f 1561/1561/1561 1562/1562/1562 1562/1562/1562 
f 1562/1562/1562 1562/1562/1562 1563/1563/1563 
f 1562/1562/1562 1563/1563/1563 1563/1563/1563 
f 1563/1563/1563 1563/1563/1563 1564/1564/1564 
f 1563/1563/1563 1565/1565/1565 1564/1564/1564 
f 1564/1564/1564 1565/1565/1565 1566/1566/1566 
f 1565/1565/1565 1566/1566/1566 1566/1566/1566 
f 1566/1566/1566 1566/1566/1566 1567/1567/1567 
f 1566/1566/1566 1567/1567/1567 1567/1567/1567 
f 1567/1567/1567 1567/1567/1567 1568/1568/1568 
f 1567/1567/1567 1569/1569/1569 1568/1568/1568 
f 1568/1568/1568 1569/1569/1569 1570/1570/1570 
f 1569/1569/1569 1570/1570/1570 1570/1570/1570 
f 1570/1570/1570 1570/1570/1570 1571/1571/1571 
f 1570/1570/1570 1571/1571/1571 1571/1571/1571 
f 1571/1571/1571 1571/1571/1571 1572/1572/1572 
f 1571/1571/1571 1573/1573/1573 1572/1572/1572 
f 1572/1572/1572 1573/1573/1573 1573/1573/1573 
f 1573/1573/1573 1574/1574/1574 1573/1573/1573 
f 1573/1573/1573 1574/1574/1574 1574/1574/1574 
f 1574/1574/1574 1575/1575/1575 1574/1574/1574 
f 1574/1574/1574 1575/1575/1575 1576/1576/1576 
f 1575/1575/1575 1576/1576/1576 1576/1576/1576 
f 1576/1576/1576 1576/1576/1576 1577/1577/1577 
f 1576/1576/1576 1577/1577/1577 1577/1577/1577 
f 1577/1577/1577 1577/1577/1577 1578/1578/1578 
f 1577/1577/1577 1579/1579/1579 1578/1578/1578 
f 1578/1578/1578 1579/1579/1579 1579/1579/1579 
f 1579/1579/1579 1580/1580/1580 1579/1579/1579 
f 1579/1579/1579 1580/1580/1580 1580/1580/1580 
f 1580/1580/1580 1581/1581/1581 1580/1580/1580 
f 1580/1580/1580 1581/1581/1581 1582/1582/1582 
f 1581/1581/1581 1583/1583/1583 1582/1582/1582 
f 1582/1582/1582 1583/1583/1583 1583/1583/1583 
f 1583/1583/1583 1584/1584/1584 1583/1583/1583 
f 1583/1583/1583 1584/1584/1584 1584/1584/1584 
f 1584/1584/1584 1585/1585/1585 1584/1584/1584 
f 1584/1584/1584 1585/1585/1585 1586/1586/1586 
f 1585/1585/1585 1587/1587/1587 1586/1586/1586 
f 1586/1586/1586 1587/1587/1587 1587/1587/1587 
f 1587/1587/1587 1588/1588/1588 1587/1587/1587 
f 1587/1587/1587 1588/1588/1588 1588/1588/1588 
f 1588/1588/1588 1589/1589/1589 1588/1588/1588 
f 1588/1588/1588 1589/1589/1589 1590/1590/1590 
f 1589/1589/1589 1590/1590/1590 1590/1590/1590 
f 1590/1590/1590 1590/1590/1590 1591/1591/1591 
f 1590/1590/1590 1591/1591/1591 1591/1591/1591 
f 1591/1591/1591 1591/1591/1591 1592/1592/1592 
f 1591/1591/1591 1593/1593/1593 1592/1592/1592 
f 1592/1592/1592 1593/1593/1593 1594/1594/1594 
f 1593/1593/1593 1594/1594/1594 1594/1594/1594 
f 1594/1594/1594 1594/1594/1594 1595/1595/1595 
f 1594/1594/1594 1595/1595/1595 1595/1595/1595 
f 1595/1595/1595 1595/1595/1595 1596/1596/1596 
f 1595/1595/1595 1597/1597/1597 1596/1596/1596 
f 1596/1596/1596 1597/1597/1597 1597/1597/1597 
f 1597/1597/1597 1598/1598/1598 1597/1597/1597 
f 1597/1597/1597 1598/1598/1598 1598/1598/1598 
f 1598/1598/1598 1599/1599/1599 1598/1598/1598 
f 1598/1598/1598 1599/1599/1599 1600/1600/1600 
f 1599/1599/1599 1600/1600/1600 1600/1600/1600 
f 1600/1600/1600 1600/1600/1600 1601/1601/1601 
f 1600/1600/1600 1601/1601/1601 1601/1601/1601 
f 1601/1601/1601 1601/1601/1601 1602/1602/1602 
f 1601/1601/1601 1603/1603/1603 1602/1602/1602 
f 1602/1602/1602 1603/1603/1603 1603/1603/1603 
f 1603/1603/1603 1604/1604/1604 1603/1603/1603 
f 1603/1603/1603 1604/1604/1604 1604/1604/1604 
f 1604/1604/1604 1605/1605/1605 1604/1604/1604 
f 1604/1604/1604 1605/1605/1605 1606/1606/1606 
f 1605/1605/1605 1606/1606/1606 1606/1606/1606 
f 1606/1606/1606 1606/1606/1606 1607/1607/1607 
f 1606/1606/1606 1607/1607/1607 1607/1607/1607 
f 1607/1607/1607 1607/1607/1607 1608/1608/1608 
f 1607/1607/1607 1609/1609/1609 1608/1608/1608 
f 1608/1608/1608 1609/1609/1609 1610/1610/1610 
f 1609/1609/1609 1610/1610/1610 1610/1610/1610 
f 1610/1610/1610 1610/1610/1610 1611/1611/1611 
f 1610/1610/1610 1611/1611/1611 1611/1611/1611 
f 1611/1611/1611 1611/1611/1611 1612/1612/1612 
f 1611/1611/1611 1613/1613/1613 1612/1612/1612 
f 1612/1612/1612 1613/1613/1613 1613/1613/1613 
f 1613/1613/1613 1614/1614/1614 1613/1613/1613 
f 1613/1613/1613 1614/1614/1614 1614/1614/1614 
f 1614/1614/1614 1615/1615/1615 1614/1614/1614 
f 1614/1614/1614 1615/1615/1615 1616/1616/1616 
f 1615/1615/1615 1617/1617/1617 1616/1616/1616 
f 1616/1616/1616 1617/1617/1617 1618/1618/1618 
f 1617/1617/1617 1618/1618/1618 1618/1618/1618 
f 1618/1618/1618 1618/1618/1618 1619/1619/1619 
f 1618/1618/1618 1619/1619/1619 1619/1619/1619 
f 1619/1619/1619 1619/1619/1619 1620/1620/1620 
f 1619/1619/1619 1621/1621/1621 1620/1620/1620 
f 1620/1620/1620 1621/1621/1621 1621/1621/1621 
f 1621/1621/1621 1622/1622/1622 1621/1621/1621 
f 1621/1621/1621 1622/1622/1622 1622/1622/1622 
f 1622/1622/1622 1623/1623/1623 1622/1622/1622 
f 1622/1622/1622 1623/1623/1623 1624/1624/1624 
f 1623/1623/1623 1625/1625/1625 1624/1624/1624 
f 1624/1624/1624 1625/1625/1625 1625/1625/1625 
f 1625/1625/1625 1626/1626/1626 1625/1625/1625 
f 1625/1625/1625 1626/1626/1626 1626/1626/1626 
f 1626/1626/1626 1627/1627/1627 1626/1626/1626 
f 1626/1626/1626 1627/1627/1627 1628/1628/1628 
f 1627/1627/1627 1628/1628/1628 1628/1628/1628 
f 1628/1628/1628 1628/1628/1628 1629/1629/1629 
f 1628/1628/1628 1629/1629/1629 1629/1629/1629 
f 1629/1629/1629 1629/1629/1629 1630/1630/1630 
f 1629/1629/1629 1631/1631/1631 1630/1630/1630 
f 1630/1630/1630 1631/1631/1631 1631/1631/1631 
f 1631/1631/1631 1632/1632/1632 1631/1631/1631 
f 1631/1631/1631 1632/1632/1632 1632/1632/1632 
f 1632/1632/1632 1633/1633/1633 1632/1632/1632 
f 1632/1632/1632 1633/1633/1633 1634/1634/1634 
f 1633/1633/1633 1634/1634/1634 1634/1634/1634 
f 1634/1634/1634 1634/1634/1634 1635/1635/1635 
f 1634/1634/1634 1635/1635/1635 1635/1635/1635 
f 1635/1635/1635 1635/1635/1635 1636/1636/1636 
f 1635/1635/1635 1637/1637/1637 1636/1636/1636 
f 1636/1636/1636 1637/1637/1637 1637/1637/1637 
f 1637/1637/1637 1638/1638/1638 1637/1637/1637 
f 1637/1637/1637 1638/1638/1638 1638/1638/1638 
f 1638/1638/1638 1639/1639/1639 1638/1638/1638 
f 1638/1638/1638 1639/1639/1639 1640/1640/1640 
f 1639/1639/1639 1641/1641/1641 1640/1640/1640 
f 1640/1640/1640 1641/1641/1641 1641/1641/1641 
f 1641/1641/1641 1642/1642/1642 1641/1641/1641 
f 1641/1641/1641 1642/1642/1642 1642/1642/1642 
f 1642/1642/1642 1643/1643/1643 1642/1642/1642 
f 1642/1642/1642 1643/1643/1643 1644/1644/1644 
f 1643/1643/1643 1644/1644/1644 1644/1644/1644 
f 1644/1644/1644 1644/1644/1644 1645/1645/1645 
f 1644/1644/1644 1645/1645/1645 1645/1645/1645 
f 1645/1645/1645 1645/1645/1645 1646/1646/1646 
f 1645/1645/1645 1647/1647/1647 1646/1646/1646 
f 1646/1646/1646 1647/1647/1647 1647/1647/1647 
f 1647/1647/1647 1648/1648/1648 1647/1647/1647 
f 1647/1647/1647 1648/1648/1648 1648/1648/1648 
f 1648/1648/1648 1649/1649/1649 1648/1648/1648 
f 1648/1648/1648 1649/1649/1649 1650/1650/1650 
f 1649/1649/1649 1650/1650/1650 1650/1650/1650 
f 1650/1650/1650 1650/1650/1650 1651/1651/1651 
f 1650/1650/1650 1651/1651/1651 1651/1651/1651 
f 1651/1651/1651 1651/1651/1651 1652/1652/1652 
f 1651/1651/1651 1653/1653/1653 1652/1652/1652 
f 1652/1652/1652 1653/1653/1653 1653/1653/1653 
f 1653/1653/1653 1654/1654/1654 1653/1653/1653 
f 1653/1653/1653 1654/1654/1654 1654/1654/1654 
f 1654/1654/1654 1655/1655/1655 1654/1654/1654 
f 1654/1654/1654 1655/1655/1655 1656/1656/1656 
f 1655/1655/1655 1656/1656/1656 1656/1656/1656 
f 1656/1656/1656 1656/1656/1656 1657/1657/1657 
f 1656/1656/1656 1657/1657/1657 1657/1657/1657 
f 1657/1657/1657 1657/1657/1657 1658/1658/1658 
f 1657/1657/1657 1659/1659/1659 1658/1658/1658 
f 1658/1658/1658 1659/1659/1659 1659/1659/1659 
f 1659/1659/1659 1660/1660/1660 1659/1659/1659 
f 1659/1659/1659 1660/1660/1660 1660/1660/1660 
f 1660/1660/1660 1661/1661/1661 1660/1660/1660 
f 1660/1660/1660 1661/1661/1661 1662/1662/1662 
f 1661/1661/1661 1662/1662/1662 1662/1662/1662 
f 1662/1662/1662 1662/1662/1662 1663/1663/1663 
f 1662/1662/1662 1663/1663/1663 1663/1663/1663 
f 1663/1663/1663 1663/1663/1663 1664/1664/1664 
f 1663/1663/1663 1665/1665/1665 1664/1664/1664 
f 1664/1664/1664 1665/1665/1665 1665/1665/1665 
f 1665/1665/1665 1666/1666/1666 1665/1665/1665 
f 1665/1665/1665 1666/1666/1666 1666/1666/1666 
f 1666/1666/1666 1667/1667/1667 1666/1666/1666 
f 1666/1666/1666 1667/1667/1667 1668/1668/1668 
f 1667/1667/1667 1668/1668/1668 1668/1668/1668 
f 1668/1668/1668 1668/1668/1668 1669/1669/1669 
f 1668/1668/1668 1669/1669/1669 1669/1669/1669 
f 1669/1669/1669 1669/1669/1669 1670/1670/1670 
f 1669/1669/1669 1671/1671/1671 1670/1670/1670 
f 1670/1670/1670 1671/1671/1671 1671/1671/1671 
f 1671/1671/1671 1672/1672/1672 1671/1671/1671 
f 1671/1671/1671 1672/1672/1672 1672/1672/1672 
f 1672/1672/1672 1673/1673/1673 1672/1672/1672 
f 1672/1672/1672 1673/1673/1673 1674/1674/1674 
f 1673/1673/1673 1674/1674/1674 1674/1674/1674 
f 1674/1674/1674 1674/1674/1674 1675/1675/1675 
f 1674/1674/1674 1675/1675/1675 1675/1675/1675 
f 1675/1675/1675 1675/1675/1675 1676/1676/1676 
f 1675/1675/1675 1677/1677/1677 1676/1676/1676 
f 1676/1676/1676 1677/1677/1677 1677/1677/1677 
f 1677/1677/1677 1678/1678/1678 1677/1677/1677 
f 1677/1677/1677 1678/1678/1678 1678/1678/1678 
f 1678/1678/1678 1679/1679/1679 1678/1678/1678 
f 1678/1678/1678 1679/1679/1679 1680/1680/1680 
f 1679/1679/1679 1681/1681/1681 1680/1680/1680 
f 1680/1680/1680 1681/1681/1681 1681/1681/1681 
f 1681/1681/1681 1682/1682/1682 1681/1681/1681 
f 1681/1681/1681 1682/1682/1682 1682/1682/1682 
f 1682/1682/1682 1683/1683/1683 1682/1682/1682 
f 1682/1682/1682 1683/1683/1683 1684/1684/1684 
f 1683/1683/1683 1685/1685/1685 1684/1684/1684 
f 1684/1684/1684 1685/1685/1685 1685/1685/1685 
f 1685/1685/1685 1686/1686/1686 1685/1685/1685 
f 1685/1685/1685 1686/1686/1686 1686/1686/1686 
f 1686/1686/1686 1687/1687/1687 1686/1686/1686 
f 1686/1686/1686 1687/1687/1687 1688/1688/1688 
f 1687/1687/1687 1689/1689/1689 1688/1688/1688 
f 1688/1688/1688 1689/1689/1689 1689/1689/1689 
f 1689/1689/1689 1690/1690/1690 1689/1689/1689 
f 1689/1689/1689 1690/1690/1690 1690/1690/1690 
f 1690/1690/1690 1691/1691/1691 1690/1690/1690 
f 1690/1690/1690 1691/1691/1691 1692/1692/1692 
f 1691/1691/1691 1693/1693/1693 1692/1692/1692 
f 1692/1692/1692 1693/1693/1693 1693/1693/1693 
f 1693/1693/1693 1694/1694/1694 1693/1693/1693 
f 1693/1693/1693 1694/1694/1694 1694/1694/1694 
f 1694/1694/1694 1695/1695/1695 1694/1694/1694 
f 1694/1694/1694 1695/1695/1695 1696/1696/1696 
f 1695/1695/1695 1697/1697/1697 1696/1696/1696 
f 1696/1696/1696 1697/1697/1697 1697/1697/1697 
f 1697/1697/1697 1698/1698/1698 1697/1697/1697 
f 1697/1697/1697 1698/1698/1698 1698/1698/1698 
f 1698/1698/1698 1699/1699/1699 1698/1698/1698 
f 1698/1698/1698 1699/1699/1699 1700/1700/1700 
f 1699/1699/1699 1701/1701/1701 1700/1700/1700 
f 1700/1700/1700 1701/1701/1701 1701/1701/1701 
f 1701/1701/1701 1702/1702/1702 1701/1701/1701 
f 1701/1701/1701 1702/1702/1702 1702/1702/1702 
f 1702/1702/1702 1703/1703/1703 1702/1702/1702 
f 1702/1702/1702 1703/1703/1703 1704/1704/1704 
f 1703/1703/1703 1703/1703/1703 1704/1704/1704 
f 1704/1704/1704 1703/1703/1703 1705/1705/1705 
f 1703/1703/1703 1706/1706/1706 1705/1705/1705 
f 1705/1705/1705 1706/1706/1706 1707/1707/1707 
f 1706/1706/1706 1706/1706/1706 1707/1707/1707 
f 1707/1707/1707 1706/1706/1706 1708/1708/1708 
f 1706/1706/1706 1709/1709/1709 1708/1708/1708 
f 1708/1708/1708 1709/1709/1709 1704/1704/1704 
f 1709/1709/1709 1702/1702/1702 1704/1704/1704 
f 1704/1704/1704 1702/1702/1702 1702/1702/1702 
f 1702/1702/1702 1710/1710/1710 1702/1702/1702 
f 1702/1702/1702 1710/1710/1710 1710/1710/1710 
f 1710/1710/1710 1711/1711/1711 1710/1710/1710 
f 1710/1710/1710 1711/1711/1711 1712/1712/1712 
f 1711/1711/1711 1713/1713/1713 1712/1712/1712 
f 1712/1712/1712 1713/1713/1713 1714/1714/1714 
f 1713/1713/1713 1715/1715/1715 1714/1714/1714 
f 1714/1714/1714 1715/1715/1715 1714/1714/1714 
f 1715/1715/1715 1716/1716/1716 1714/1714/1714 
f 1714/1714/1714 1716/1716/1716 1717/1717/1717 
f 1716/1716/1716 1711/1711/1711 1717/1717/1717 
f 1717/1717/1717 1711/1711/1711 1710/1710/1710 
f 1711/1711/1711 1710/1710/1710 1710/1710/1710 
f 1710/1710/1710 1710/1710/1710 1718/1718/1718 
f 1710/1710/1710 1718/1718/1718 1718/1718/1718 
f 1718/1718/1718 1718/1718/1718 1719/1719/1719 
f 1718/1718/1718 1720/1720/1720 1719/1719/1719 
f 1719/1719/1719 1720/1720/1720 1721/1721/1721 
f 1720/1720/1720 1721/1721/1721 1721/1721/1721 
f 1721/1721/1721 1721/1721/1721 1722/1722/1722 
f 1721/1721/1721 1722/1722/1722 1722/1722/1722 
f 1722/1722/1722 1722/1722/1722 1723/1723/1723 
f 1722/1722/1722 1724/1724/1724 1723/1723/1723 
f 1723/1723/1723 1724/1724/1724 1725/1725/1725 
f 1724/1724/1724 1725/1725/1725 1725/1725/1725 
f 1725/1725/1725 1725/1725/1725 1726/1726/1726 
f 1725/1725/1725 1726/1726/1726 1726/1726/1726 
f 1726/1726/1726 1726/1726/1726 1727/1727/1727 
f 1726/1726/1726 1728/1728/1728 1727/1727/1727 
f 1727/1727/1727 1728/1728/1728 1729/1729/1729 
f 1728/1728/1728 1729/1729/1729 1729/1729/1729 
f 1729/1729/1729 1729/1729/1729 1730/1730/1730 
f 1729/1729/1729 1730/1730/1730 1730/1730/1730 
f 1730/1730/1730 1730/1730/1730 1731/1731/1731 
f 1730/1730/1730 1732/1732/1732 1731/1731/1731 
f 1731/1731/1731 1732/1732/1732 1733/1733/1733 
f 1732/1732/1732 1733/1733/1733 1733/1733/1733 
f 1733/1733/1733 1733/1733/1733 1734/1734/1734 
f 1733/1733/1733 1734/1734/1734 1734/1734/1734 
f 1734/1734/1734 1734/1734/1734 1735/1735/1735 
f 1734/1734/1734 1736/1736/1736 1735/1735/1735 
f 1735/1735/1735 1736/1736/1736 1737/1737/1737 
f 1736/1736/1736 1737/1737/1737 1737/1737/1737 
f 1737/1737/1737 1737/1737/1737 1738/1738/1738 
f 1737/1737/1737 1738/1738/1738 1738/1738/1738 
f 1738/1738/1738 1738/1738/1738 1739/1739/1739 
f 1738/1738/1738 1740/1740/1740 1739/1739/1739 
f 1739/1739/1739 1740/1740/1740 1741/1741/1741 
f 1740/1740/1740 1741/1741/1741 1741/1741/1741 
f 1741/1741/1741 1741/1741/1741 1742/1742/1742 
f 1741/1741/1741 1742/1742/1742 1742/1742/1742 
f 1742/1742/1742 1742/1742/1742 1743/1743/1743 
f 1742/1742/1742 1744/1744/1744 1743/1743/1743 
f 1743/1743/1743 1744/1744/1744 1745/1745/1745 
f 1744/1744/1744 1745/1745/1745 1745/1745/1745 
f 1745/1745/1745 1745/1745/1745 1746/1746/1746 
f 1745/1745/1745 1746/1746/1746 1746/1746/1746 
f 1746/1746/1746 1746/1746/1746 1747/1747/1747 
f 1746/1746/1746 1748/1748/1748 1747/1747/1747 
f 1747/1747/1747 1748/1748/1748 1749/1749/1749 
f 1748/1748/1748 1749/1749/1749 1749/1749/1749 
f 1749/1749/1749 1749/1749/1749 1750/1750/1750 
f 1749/1749/1749 1750/1750/1750 1750/1750/1750 
f 1750/1750/1750 1750/1750/1750 1751/1751/1751 
f 1750/1750/1750 1752/1752/1752 1751/1751/1751 
f 1751/1751/1751 1752/1752/1752 1753/1753/1753 
f 1752/1752/1752 1753/1753/1753 1753/1753/1753 
f 1753/1753/1753 1753/1753/1753 1754/1754/1754 
f 1753/1753/1753 1754/1754/1754 1754/1754/1754 
f 1754/1754/1754 1754/1754/1754 1755/1755/1755 
f 1754/1754/1754 1756/1756/1756 1755/1755/1755 
f 1755/1755/1755 1756/1756/1756 1757/1757/1757 
f 1756/1756/1756 1757/1757/1757 1757/1757/1757 
f 1757/1757/1757 1757/1757/1757 1758/1758/1758 
f 1757/1757/1757 1758/1758/1758 1758/1758/1758 
f 1758/1758/1758 1758/1758/1758 1759/1759/1759 
f 1758/1758/1758 1760/1760/1760 1759/1759/1759 
f 1759/1759/1759 1760/1760/1760 1761/1761/1761 
f 1760/1760/1760 1761/1761/1761 1761/1761/1761 
f 1761/1761/1761 1761/1761/1761 1762/1762/1762 
f 1761/1761/1761 1762/1762/1762 1762/1762/1762 
f 1762/1762/1762 1762/1762/1762 1763/1763/1763 
f 1762/1762/1762 1764/1764/1764 1763/1763/1763 
f 1763/1763/1763 1764/1764/1764 1765/1765/1765 
f 1764/1764/1764 1765/1765/1765 1765/1765/1765 
f 1765/1765/1765 1765/1765/1765 1766/1766/1766 
f 1765/1765/1765 1766/1766/1766 1766/1766/1766 
f 1766/1766/1766 1766/1766/1766 1767/1767/1767 
f 1766/1766/1766 1768/1768/1768 1767/1767/1767 
f 1767/1767/1767 1768/1768/1768 1769/1769/1769 
f 1768/1768/1768 1769/1769/1769 1769/1769/1769 
f 1769/1769/1769 1769/1769/1769 1770/1770/1770 
f 1769/1769/1769 1770/1770/1770 1770/1770/1770 
f 1770/1770/1770 1770/1770/1770 1771/1771/1771 
f 1770/1770/1770 1772/1772/1772 1771/1771/1771 
f 1771/1771/1771 1772/1772/1772 1773/1773/1773 
f 1772/1772/1772 1773/1773/1773 1773/1773/1773 
f 1773/1773/1773 1773/1773/1773 1774/1774/1774 
f 1773/1773/1773 1774/1774/1774 1774/1774/1774 
f 1774/1774/1774 1774/1774/1774 1775/1775/1775 
f 1774/1774/1774 1776/1776/1776 1775/1775/1775 
f 1775/1775/1775 1776/1776/1776 1777/1777/1777 
f 1776/1776/1776 1777/1777/1777 1777/1777/1777 
f 1777/1777/1777 1777/1777/1777 1778/1778/1778 
f 1777/1777/1777 1778/1778/1778 1778/1778/1778 
f 1778/1778/1778 1778/1778/1778 1779/1779/1779 
f 1778/1778/1778 1780/1780/1780 1779/1779/1779 
f 1779/1779/1779 1780/1780/1780 1781/1781/1781 
f 1780/1780/1780 1781/1781/1781 1781/1781/1781 
f 1781/1781/1781 1781/1781/1781 1782/1782/1782 
f 1781/1781/1781 1782/1782/1782 1782/1782/1782 
f 1782/1782/1782 1782/1782/1782 1783/1783/1783 
f 1782/1782/1782 1784/1784/1784 1783/1783/1783 
f 1783/1783/1783 1784/1784/1784 1785/1785/1785 
f 1784/1784/1784 1785/1785/1785 1785/1785/1785 
f 1785/1785/1785 1785/1785/1785 1786/1786/1786 
f 1785/1785/1785 1786/1786/1786 1786/1786/1786 
f 1786/1786/1786 1786/1786/1786 1787/1787/1787 
f 1786/1786/1786 1788/1788/1788 1787/1787/1787 
f 1787/1787/1787 1788/1788/1788 1789/1789/1789 
f 1788/1788/1788 1789/1789/1789 1789/1789/1789 
f 1789/1789/1789 1789/1789/1789 1790/1790/1790 
f 1789/1789/1789 1790/1790/1790 1790/1790/1790 
f 1790/1790/1790 1790/1790/1790 1791/1791/1791 
f 1790/1790/1790 1792/1792/1792 1791/1791/1791 
f 1791/1791/1791 1792/1792/1792 1793/1793/1793 
f 1792/1792/1792 1793/1793/1793 1793/1793/1793 
f 1793/1793/1793 1793/1793/1793 1794/1794/1794 
f 1793/1793/1793 1794/1794/1794 1794/1794/1794 
f 1794/1794/1794 1794/1794/1794 1795/1795/1795 
f 1794/1794/1794 1796/1796/1796 1795/1795/1795 
f 1795/1795/1795 1796/1796/1796 1797/1797/1797 
f 1796/1796/1796 1797/1797/1797 1797/1797/1797 
f 1797/1797/1797 1797/1797/1797 1798/1798/1798 
f 1797/1797/1797 1798/1798/1798 1798/1798/1798 
f 1798/1798/1798 1798/1798/1798 1799/1799/1799 
f 1798/1798/1798 1800/1800/1800 1799/1799/1799 
f 1799/1799/1799 1800/1800/1800 1801/1801/1801 
f 1800/1800/1800 1801/1801/1801 1801/1801/1801 
f 1801/1801/1801 1801/1801/1801 1802/1802/1802 
f 1801/1801/1801 1802/1802/1802 1802/1802/1802 
f 1802/1802/1802 1802/1802/1802 1803/1803/1803 
f 1802/1802/1802 1804/1804/1804 1803/1803/1803 
f 1803/1803/1803 1804/1804/1804 1805/1805/1805 
f 1804/1804/1804 1805/1805/1805 1805/1805/1805 
f 1805/1805/1805 1805/1805/1805 1806/1806/1806 
f 1805/1805/1805 1806/1806/1806 1806/1806/1806 
f 1806/1806/1806 1806/1806/1806 1807/1807/1807 
f 1806/1806/1806 1808/1808/1808 1807/1807/1807 
f 1807/1807/1807 1808/1808/1808 1809/1809/1809 
f 1808/1808/1808 1809/1809/1809 1809/1809/1809 
f 1809/1809/1809 1809/1809/1809 1810/1810/1810 
f 1809/1809/1809 1810/1810/1810 1810/1810/1810 
f 1810/1810/1810 1810/1810/1810 1811/1811/1811 
f 1810/1810/1810 1812/1812/1812 1811/1811/1811 
f 1811/1811/1811 1812/1812/1812 1813/1813/1813 
f 1812/1812/1812 1813/1813/1813 1813/1813/1813 
f 1813/1813/1813 1813/1813/1813 1814/1814/1814 
f 1813/1813/1813 1814/1814/1814 1814/1814/1814 
f 1814/1814/1814 1814/1814/1814 1815/1815/1815 
f 1814/1814/1814 1816/1816/1816 1815/1815/1815 
f 1815/1815/1815 1816/1816/1816 1817/1817/1817 
f 1816/1816/1816 1817/1817/1817 1817/1817/1817 
f 1817/1817/1817 1817/1817/1817 1818/1818/1818 
f 1817/1817/1817 1818/1818/1818 1818/1818/1818 
f 1818/1818/1818 1818/1818/1818 1819/1819/1819 
f 1818/1818/1818 1820/1820/1820 1819/1819/1819 
f 1819/1819/1819 1820/1820/1820 1821/1821/1821 
f 1820/1820/1820 1821/1821/1821 1821/1821/1821 
f 1821/1821/1821 1821/1821/1821 1822/1822/1822 
f 1821/1821/1821 1822/1822/1822 1822/1822/1822 
f 1822/1822/1822 1822/1822/1822 1823/1823/1823 
f 1822/1822/1822 1824/1824/1824 1823/1823/1823 
f 1823/1823/1823 1824/1824/1824 1825/1825/1825 
f 1824/1824/1824 1825/1825/1825 1825/1825/1825 
f 1825/1825/1825 1825/1825/1825 1826/1826/1826 
f 1825/1825/1825 1826/1826/1826 1826/1826/1826 
f 1826/1826/1826 1826/1826/1826 1827/1827/1827 
f 1826/1826/1826 1828/1828/1828 1827/1827/1827 
f 1827/1827/1827 1828/1828/1828 1827/1827/1827 
f 1828/1828/1828 1829/1829/1829 1827/1827/1827 
f 1827/1827/1827 1829/1829/1829 1827/1827/1827 
f 1829/1829/1829 1830/1830/1830 1827/1827/1827 
f 1827/1827/1827 1830/1830/1830 1831/1831/1831 
f 1830/1830/1830 1832/1832/1832 1831/1831/1831 
f 1831/1831/1831 1832/1832/1832 1833/1833/1833 
f 1832/1832/1832 1833/1833/1833 1833/1833/1833 
f 1833/1833/1833 1833/1833/1833 1834/1834/1834 
f 1833/1833/1833 1834/1834/1834 1834/1834/1834 
f 1834/1834/1834 1834/1834/1834 1835/1835/1835 
f 1834/1834/1834 1836/1836/1836 1835/1835/1835 
f 1835/1835/1835 1836/1836/1836 1835/1835/1835 
f 1836/1836/1836 1837/1837/1837 1835/1835/1835 
f 1835/1835/1835 1837/1837/1837 1838/1838/1838 
f 1837/1837/1837 1839/1839/1839 1838/1838/1838 
f 1838/1838/1838 1839/1839/1839 1839/1839/1839 
f 1839/1839/1839 1840/1840/1840 1839/1839/1839 
f 1839/1839/1839 1840/1840/1840 1840/1840/1840 
f 1840/1840/1840 1841/1841/1841 1840/1840/1840 
f 1840/1840/1840 1841/1841/1841 1842/1842/1842 
f 1841/1841/1841 1841/1841/1841 1842/1842/1842 
f 1842/1842/1842 1841/1841/1841 1843/1843/1843 
f 1841/1841/1841 1841/1841/1841 1843/1843/1843 
f 1843/1843/1843 1841/1841/1841 1844/1844/1844 
f 1841/1841/1841 1845/1845/1845 1844/1844/1844 
f 1844/1844/1844 1845/1845/1845 1846/1846/1846 
f 1845/1845/1845 1847/1847/1847 1846/1846/1846 
f 1846/1846/1846 1847/1847/1847 1847/1847/1847 
f 1847/1847/1847 1848/1848/1848 1847/1847/1847 
f 1847/1847/1847 1848/1848/1848 1848/1848/1848 
f 1848/1848/1848 1849/1849/1849 1848/1848/1848 
f 1848/1848/1848 1849/1849/1849 1850/1850/1850 
f 1849/1849/1849 1849/1849/1849 1850/1850/1850 
f 1850/1850/1850 1849/1849/1849 1851/1851/1851 
f 1849/1849/1849 1852/1852/1852 1851/1851/1851 
f 1851/1851/1851 1852/1852/1852 1853/1853/1853 
f 1852/1852/1852 1853/1853/1853 1853/1853/1853 
f 1853/1853/1853 1853/1853/1853 1854/1854/1854 
f 1853/1853/1853 1854/1854/1854 1854/1854/1854 
f 1854/1854/1854 1854/1854/1854 1855/1855/1855 
f 1854/1854/1854 1856/1856/1856 1855/1855/1855 
f 1855/1855/1855 1856/1856/1856 1857/1857/1857 
f 1856/1856/1856 1856/1856/1856 1857/1857/1857 
f 1857/1857/1857 1856/1856/1856 1858/1858/1858 
f 1856/1856/1856 1859/1859/1859 1858/1858/1858 
f 1858/1858/1858 1859/1859/1859 1860/1860/1860 
f 1859/1859/1859 1861/1861/1861 1860/1860/1860 
f 1860/1860/1860 1861/1861/1861 1861/1861/1861 
f 1861/1861/1861 1862/1862/1862 1861/1861/1861 
f 1861/1861/1861 1862/1862/1862 1862/1862/1862 
f 1862/1862/1862 1863/1863/1863 1862/1862/1862 
f 1862/1862/1862 1863/1863/1863 1864/1864/1864 
f 1863/1863/1863 1863/1863/1863 1864/1864/1864 
f 1864/1864/1864 1863/1863/1863 1865/1865/1865 
f 1863/1863/1863 1866/1866/1866 1865/1865/1865 
f 1865/1865/1865 1866/1866/1866 1867/1867/1867 
f 1866/1866/1866 1867/1867/1867 1867/1867/1867 
f 1867/1867/1867 1867/1867/1867 1868/1868/1868 
f 1867/1867/1867 1868/1868/1868 1868/1868/1868 
f 1868/1868/1868 1868/1868/1868 1869/1869/1869 
f 1868/1868/1868 1870/1870/1870 1869/1869/1869 
f 1869/1869/1869 1870/1870/1870 1869/1869/1869 
f 1870/1870/1870 1871/1871/1871 1869/1869/1869 
f 1869/1869/1869 1871/1871/1871 1869/1869/1869 
f 1871/1871/1871 1872/1872/1872 1869/1869/1869 
f 1869/1869/1869 1872/1872/1872 1873/1873/1873 
f 1872/1872/1872 1874/1874/1874 1873/1873/1873 
f 1873/1873/1873 1874/1874/1874 1875/1875/1875 
f 1874/1874/1874 1875/1875/1875 1875/1875/1875 
f 1875/1875/1875 1875/1875/1875 1876/1876/1876 
f 1875/1875/1875 1876/1876/1876 1876/1876/1876 
f 1876/1876/1876 1876/1876/1876 1877/1877/1877 
f 1876/1876/1876 1878/1878/1878 1877/1877/1877 
f 1877/1877/1877 1878/1878/1878 1877/1877/1877 
f 1878/1878/1878 1879/1879/1879 1877/1877/1877 
f 1877/1877/1877 1879/1879/1879 1880/1880/1880 
f 1879/1879/1879 1881/1881/1881 1880/1880/1880 
f 1880/1880/1880 1881/1881/1881 1881/1881/1881 
f 1881/1881/1881 1882/1882/1882 1881/1881/1881 
f 1881/1881/1881 1882/1882/1882 1882/1882/1882 
f 1882/1882/1882 1883/1883/1883 1882/1882/1882 
f 1882/1882/1882 1883/1883/1883 1884/1884/1884 
f 1883/1883/1883 1885/1885/1885 1884/1884/1884 
f 1884/1884/1884 1885/1885/1885 1886/1886/1886 

