# Blender 4.5.5 LTS
# www.blender.org
mtllib model_4.mtl
o model_4
v 10.237640 0.158004 6.495950
v 10.276138 0.082084 6.664580
v 9.609421 0.158022 6.554515
v 9.616005 0.082084 6.726148
v 11.146736 0.082084 6.341008
v 11.061539 0.158004 6.189736
v 11.879730 0.082084 5.760283
v 11.751953 0.158004 5.642743
v 12.397392 0.082084 4.981479
v 12.239548 0.158004 4.909177
v 12.645607 0.082084 4.093072
v 12.475563 0.158003 4.064429
v 12.686432 0.082084 3.428159
v 12.514778 0.154372 3.426152
v 12.696373 0.158844 3.251847
v 12.556503 0.186341 3.274578
v 12.526062 0.324687 3.248728
v 12.700073 0.341289 3.184875
v 12.700279 0.502744 3.192746
v 12.522408 0.583422 3.268592
v 12.699463 0.685187 3.126034
v 12.528091 0.761938 3.203653
v 12.533394 0.836984 3.022081
v 12.697205 0.761949 2.950261
v 12.687202 0.761949 2.160844
v 12.515739 0.840579 2.155327
v 12.683632 0.837907 1.988828
v 12.545250 0.873770 2.015118
v 12.514290 1.026241 1.982894
v 12.683556 1.021153 1.917759
v 12.690414 1.282513 1.918142
v 13.006203 1.021153 1.935765
v 13.006203 1.282577 1.935765
v 12.689827 1.348470 1.905089
v 12.506935 1.348445 1.972782
v 12.479218 1.404643 1.943700
v 12.516350 1.282467 1.983027
v 12.936127 0.837868 2.002992
v 12.766945 0.761949 2.165294
v 12.778099 0.761949 2.949506
v 12.781639 0.685335 3.113246
v 12.777588 0.499030 3.184955
v 12.768974 0.354166 3.189339
v 12.956650 0.838568 3.020652
v 12.952087 0.760927 3.179508
v 12.945572 0.572377 3.253897
v 12.943939 0.364401 3.266610
v 12.765259 0.161311 3.262328
v 12.910362 0.199804 3.303749
v 12.937866 0.161797 3.430146
v 12.763313 0.082084 3.428524
v 12.733307 0.082084 4.079147
v 12.471664 0.082084 5.015514
v 12.903572 0.158004 4.106977
v 12.629509 0.158004 5.087816
v 11.939873 0.082084 5.815598
v 12.067650 0.158004 5.933138
v 11.186836 0.082084 6.412193
v 11.272034 0.158004 6.563464
v 10.280914 0.082084 6.748907
v 10.319016 0.158004 6.917685
v 9.619385 0.082084 6.807379
v 9.629494 0.159816 6.978589
v 9.448883 0.159782 6.819570
v 9.488670 0.195976 6.957951
v 9.458824 0.352187 6.991313
v 9.377876 0.347525 6.823146
v 9.377594 0.496838 6.823467
v 9.457237 0.569637 6.990838
v 9.306595 0.684345 6.827075
v 9.386032 0.759881 6.999842
v 9.215271 0.838363 7.009319
v 9.135742 0.761949 6.831541
v 8.454529 0.761949 6.839152
v 8.460625 0.836460 7.010543
v 8.283089 0.836460 6.843398
v 8.320053 0.868290 6.981526
v 8.289497 1.013323 7.014297
v 8.212097 1.016374 6.846503
v 8.212097 1.282578 6.846501
v 8.289551 1.282580 7.014360
v 8.279945 1.348460 7.024586
v 8.199265 1.348475 6.849651
v 8.252670 1.404562 7.053563
v 8.208099 1.282538 6.765135
v 8.207916 1.021153 6.761427
v 8.278946 0.837880 6.760116
v 8.450584 0.761949 6.758873
v 9.132202 0.761949 6.751210
v 8.441475 0.837880 6.587468
v 8.303726 0.872703 6.620286
v 8.271065 1.023937 6.589995
v 8.272255 1.282496 6.591015
v 8.195038 1.348470 6.763876
v 8.162720 1.404564 6.858623
v 8.113167 1.455513 6.870784
v 8.215652 1.455513 7.092882
v 8.262177 1.348448 6.581510
v 8.157761 1.404593 6.758428
v 8.233040 1.404623 6.554071
v 8.193459 1.455513 6.516808
v 8.107269 1.455513 6.750694
v 9.469254 0.190181 6.599050
v 9.436279 0.337045 6.570142
v 9.609421 0.158022 6.554515
v 9.605568 0.341289 6.483565
v 10.237640 0.158004 6.495950
v 10.221703 0.341289 6.426101
v 11.061539 0.158004 6.189736
v 11.026253 0.341289 6.127078
v 11.751953 0.158004 5.642743
v 9.599884 0.761949 6.484096
v 9.436607 0.584319 6.569234
v 10.221703 0.761949 6.426101
v 11.026253 0.761949 6.127078
v 11.699036 0.341289 5.594057
v 12.239548 0.158004 4.909177
v 12.174171 0.341289 4.879229
v 12.475563 0.158003 4.064429
v 12.405128 0.341289 4.052565
v 12.514778 0.154372 3.426152
v 11.699036 0.761949 5.594057
v 12.174171 0.761949 4.879229
v 11.699036 1.282578 5.594057
v 12.174171 1.282578 4.879229
v 12.405128 0.761949 4.052565
v 12.443634 0.328909 3.425470
v 12.526062 0.324687 3.248728
v 12.556503 0.186341 3.274578
v 11.026253 1.282578 6.127078
v 12.522408 0.583422 3.268592
v 12.443420 0.761949 3.428926
v 12.451233 0.944470 3.361320
v 12.528091 0.761938 3.203653
v 12.533394 0.836984 3.022081
v 12.457787 1.021153 3.194983
v 12.515739 0.840579 2.155327
v 12.405128 1.282577 4.052565
v 12.162231 1.348476 4.873760
v 11.689369 1.348476 5.585166
v 11.019806 1.348476 6.115636
v 10.218788 1.348477 6.413349
v 10.221703 1.282578 6.426101
v 9.529762 0.945605 6.494696
v 9.366051 0.763360 6.577636
v 9.195511 0.837260 6.586764
v 9.364113 1.021153 6.506084
v 8.438499 1.021153 6.516490
v 8.441475 0.837880 6.587468
v 8.271065 1.023937 6.589995
v 8.303726 0.872703 6.620286
v 8.442215 1.282538 6.516448
v 8.272255 1.282496 6.591015
v 8.262177 1.348448 6.581510
v 8.440170 1.348470 6.503483
v 8.233040 1.404623 6.554071
v 9.364113 1.282577 6.506084
v 9.363434 1.348479 6.493128
v 8.432487 1.404593 6.466608
v 8.421722 1.455513 6.416671
v 8.193459 1.455513 6.516808
v 9.358902 1.455513 6.406136
v 9.361511 1.404563 6.456193
v 10.210495 1.404563 6.377013
v 11.001450 1.404563 6.083042
v 11.661835 1.404564 5.559841
v 12.128220 1.404564 4.858181
v 12.392273 1.348478 4.050399
v 12.457787 1.282577 3.194983
v 12.444611 1.282577 2.155471
v 12.444611 1.030495 2.155471
v 12.516350 1.282467 1.983027
v 12.514290 1.026241 1.982894
v 12.545250 0.873770 2.015118
v 12.431602 1.348474 2.152939
v 12.506935 1.348445 1.972782
v 12.444817 1.348479 3.194667
v 12.355637 1.404563 4.044227
v 12.407845 1.404563 3.193768
v 12.394569 1.404563 2.145730
v 12.479218 1.404643 1.943700
v 12.441505 1.455513 1.904328
v 12.344360 1.455513 2.135957
v 12.357742 1.455513 3.192549
v 12.305969 1.455513 4.035861
v 12.082123 1.455513 4.837064
v 11.624519 1.455513 5.525510
v 10.976562 1.455513 6.038860
v 10.199249 1.455513 6.327760
v 9.444717 0.158066 6.741953
v 9.469254 0.190181 6.599050
v 9.436279 0.337045 6.570142
v 9.374222 0.341289 6.748377
v 9.436607 0.584319 6.569234
v 9.374809 0.502745 6.748352
v 9.304085 0.685968 6.749207
v 9.366051 0.763360 6.577636
v 9.195511 0.837260 6.586764
v 12.910362 0.199804 3.303749
v 12.943939 0.364401 3.266610
v 12.937866 0.161797 3.430146
v 13.010277 0.354279 3.433152
v 12.903572 0.158004 4.106977
v 12.974098 0.341289 4.118505
v 12.629509 0.158004 5.087816
v 12.694893 0.341289 5.117765
v 12.067650 0.158004 5.933138
v 13.010597 0.761949 3.439971
v 12.945572 0.572377 3.253897
v 12.974098 0.761949 4.118505
v 12.694893 0.761949 5.117765
v 12.120575 0.761949 5.981825
v 12.120575 0.341289 5.981825
v 11.307327 0.674013 6.626122
v 11.307327 0.341289 6.626122
v 10.334793 0.674013 6.987595
v 10.334793 0.341289 6.987595
v 10.319016 0.158004 6.917685
v 9.629494 0.159816 6.978589
v 9.635605 0.347526 7.049408
v 9.458824 0.352187 6.991313
v 9.457237 0.569637 6.990838
v 9.636139 0.761949 7.049384
v 10.334793 1.282578 6.987595
v 11.307320 1.282578 6.626122
v 12.120575 1.282578 5.981825
v 12.694893 1.282578 5.117765
v 12.974098 1.282578 4.118505
v 13.018066 0.945073 3.369273
v 12.952087 0.760927 3.179508
v 12.956650 0.838568 3.020652
v 13.024094 1.021162 3.193258
v 13.006203 1.021153 1.935765
v 12.936127 0.837868 2.002992
v 11.272034 0.158004 6.563464
v 9.488670 0.195976 6.957951
v 13.024132 1.282581 3.197743
v 13.037109 1.348482 3.198907
v 13.019196 1.348394 1.923301
v 13.055450 1.404563 1.888519
v 13.006203 1.282577 1.935765
v 12.986969 1.348478 4.120627
v 12.706833 1.348476 5.123234
v 12.130234 1.348476 5.990716
v 11.313766 1.348476 6.637564
v 10.337677 1.348477 7.000358
v 11.332123 1.404564 6.670157
v 12.157768 1.404563 6.016041
v 12.740837 1.404563 5.138813
v 13.023643 1.404563 4.126675
v 13.074081 1.404568 3.199967
v 13.124184 1.455513 3.200974
v 13.104874 1.455513 1.841116
v 13.073357 1.455513 4.134871
v 12.786942 1.455513 5.159930
v 12.195084 1.455513 6.050372
v 11.357010 1.455513 6.714340
v 10.357010 1.455513 7.086019
v 10.345886 1.404564 7.036726
v 9.394745 1.455513 7.171160
v 9.392250 1.404563 7.121101
v 8.443520 1.455513 7.181797
v 9.390388 1.348479 7.084166
v 9.389679 1.282579 7.071213
v 9.564072 0.945809 7.059699
v 9.386032 0.759881 6.999842
v 9.215271 0.838363 7.009319
v 9.389336 1.021157 7.071225
v 8.460625 0.836460 7.010543
v 8.461800 1.016374 7.081589
v 8.461800 1.282577 7.081586
v 8.459427 1.348475 7.094587
v 8.452675 1.404564 7.131608
v 8.215652 1.455513 7.092882
v 8.252670 1.404562 7.053563
v 8.279945 1.348460 7.024586
v 8.289551 1.282580 7.014360
v 8.289497 1.013323 7.014297
v 8.320053 0.868290 6.981526
v 13.019196 1.348394 1.923301
v 12.684700 1.404626 1.867766
v 13.055450 1.404563 1.888519
v 13.104874 1.455513 1.841116
v 12.677109 1.455513 1.817243
v 12.441505 1.455513 1.904328
v 0.000000 3.966069 8.053210
v 9.871872 3.245423 7.904352
v 10.322777 3.966069 8.053210
v 11.032166 3.234578 7.752407
v 11.465538 3.959416 7.901309
v 0.000000 2.052235 7.480524
v 0.000000 3.245423 7.904352
v 0.000000 2.052235 7.480524
v 8.877098 2.052235 7.480524
v 8.803703 1.960374 7.503308
v 10.037521 1.964738 7.365858
v 10.101273 2.062191 7.342191
v 11.193573 1.969555 6.953123
v 0.000000 1.960374 7.504630
v 0.000000 4.791184 8.036018
v 12.117050 3.228268 7.316111
v 11.241943 2.072308 6.929631
v 12.187904 1.972962 6.288467
v 12.219353 2.078915 6.269757
v 12.951378 1.974697 5.416598
v 12.967773 2.082146 5.407810
v 13.430420 1.974728 4.397580
v 13.436935 2.082379 4.402942
v 13.591286 1.973881 3.307968
v 13.596115 2.081223 3.324287
v 13.590973 1.973881 -0.000000
v 13.596115 2.081223 -0.000000
v 14.384445 3.239907 3.555364
v 14.384445 3.239906 -0.000000
v 14.754066 3.958145 3.623365
v 14.754066 3.958145 -0.000000
v 14.946854 4.754330 3.561640
v 14.946854 4.754330 -0.000000
v 14.949196 5.565720 3.376045
v 14.949196 5.565720 -0.000000
v 14.847191 6.425310 -0.000000
v 14.847191 6.425308 3.113385
v 14.801430 5.566082 4.540711
v 14.797249 4.754212 4.722360
v 14.600266 3.954484 4.769920
v 14.225754 3.232945 4.678788
v 13.771126 3.228306 5.725661
v 14.155464 3.952466 5.837986
v 14.360085 4.757031 5.803068
v 14.367645 5.571946 5.624293
v 14.702057 6.407208 4.281880
v 14.752075 6.914887 4.263927
v 14.905121 6.925827 3.110982
v 14.904587 6.925306 -0.000001
v 15.159706 7.342587 3.373717
v 15.157761 7.340717 -0.000001
v 15.400590 7.574516 -0.000001
v 15.502129 7.672277 3.762482
v 15.502945 7.673064 -0.000001
v 14.989479 7.321160 4.497722
v 14.546600 7.312359 5.558911
v 14.317726 6.910172 5.341356
v 13.861618 7.317338 6.484184
v 14.925850 7.681690 5.968463
v 14.230759 7.681779 6.877706
v 15.359749 7.678691 4.906311
v 14.271309 6.398652 5.368241
v 13.677444 5.582875 6.552931
v 13.665192 4.762597 6.730152
v 13.450035 3.952336 6.754962
v 13.051666 3.226490 6.625023
v 12.532349 3.954613 7.458592
v 12.759941 4.771290 7.440287
v 12.777779 5.599564 7.262879
v 13.584084 6.402188 6.297759
v 13.631752 6.912648 6.269478
v 12.970078 7.325184 7.198235
v 13.323669 7.680667 7.574143
v 11.936287 7.339238 7.656443
v 12.265404 7.677321 8.009204
v 12.738319 6.914788 6.983002
v 12.689018 6.401665 7.012008
v 11.730240 5.618935 7.706364
v 11.706314 4.781743 7.885448
v 10.576485 4.791184 8.036018
v -0.000000 5.635170 7.854597
v 10.606720 5.635170 7.854597
v 11.646332 6.404706 7.459942
v 11.699066 6.919606 7.433759
v 10.831291 7.359650 7.828862
v 11.129166 7.672958 8.154270
v 0.000000 7.361601 7.830889
v -0.000000 7.596089 8.074432
v 0.000000 7.672322 8.153609
v -0.000000 6.420929 7.607959
v 10.526093 6.420929 7.607959
v -0.000000 6.930343 7.591052
v 10.584679 6.929802 7.590497
v -0.000000 6.420929 7.607959
v 13.590973 1.973881 -0.000000
v 13.591286 1.973881 3.307968
v 13.684357 1.918324 -0.000000
v 13.685265 1.918324 3.306720
v 14.372200 1.918324 -0.000000
v 14.372200 1.918324 4.045215
v 14.225861 1.918324 5.156819
v 13.520172 1.918324 4.423083
v 13.799652 1.918324 6.185764
v 13.024155 1.918324 5.474510
v 13.121666 1.918324 7.069338
v 12.236305 1.918324 6.371439
v 12.187904 1.972962 6.288467
v 11.193573 1.969555 6.953123
v 11.213814 1.918324 7.052017
v 10.037521 1.964738 7.365858
v 13.430420 1.974728 4.397580
v 12.951378 1.974697 5.416598
v 12.238091 1.918324 7.747329
v 11.209145 1.918324 8.173532
v 10.029297 1.918324 7.470909
v 8.803703 1.960374 7.503308
v 8.775612 1.918324 7.609427
v 0.000000 1.960374 7.504630
v -0.000000 1.918324 7.613634
v -0.000000 1.918324 8.319877
v 10.097542 1.918324 8.319877
v 13.595261 5.491076 -0.000000
v 13.595261 5.491074 3.164541
v 13.595261 7.660709 -0.000001
v 13.595261 7.660710 3.164541
v 13.766350 8.073746 -0.000001
v 13.766350 8.073746 3.175754
v 14.179382 8.244831 -0.000001
v 14.179382 8.244831 3.202826
v 15.432716 8.244810 3.842871
v 15.432716 8.244812 -0.000001
v 15.581528 8.095999 -0.000001
v 15.581528 8.095997 3.852625
v 15.581528 7.865956 3.852625
v 15.432274 7.868865 4.986339
v 15.502129 7.672277 3.762482
v 15.359749 7.678691 4.906311
v 14.994675 7.868984 6.042792
v 14.925850 7.681690 5.968463
v 13.465034 5.491074 4.153733
v 15.581528 7.865956 -0.000001
v 15.502945 7.673064 -0.000001
v 15.581528 7.865956 -0.000001
v 15.432274 8.095997 4.986339
v 15.287292 8.244810 4.947491
v 14.034119 8.244831 4.306220
v 13.631714 8.073746 4.198395
v 13.465034 7.660710 4.153733
v 13.083221 5.491074 5.075514
v 13.083221 7.660710 5.075514
v 12.475845 5.491074 5.867065
v 13.232666 8.073742 5.161795
v 13.593445 8.244831 5.370095
v 14.864693 8.244810 5.967744
v 14.994675 8.095997 6.042792
v 14.298561 7.867912 6.949988
v 14.230759 7.681779 6.877706
v 13.391365 7.868274 7.646104
v 13.323669 7.680667 7.574143
v 14.298561 8.095998 6.949988
v 14.192429 8.244811 6.843854
v 12.892441 8.244831 6.283666
v 13.316315 8.244812 7.516119
v 13.391365 8.095998 7.646104
v 12.334915 7.867898 8.083701
v 12.265404 7.677321 8.009204
v 11.201195 7.865366 8.232957
v 11.129166 7.672958 8.154270
v 0.000000 7.865366 8.232957
v 0.000000 7.672322 8.153609
v -0.000000 8.095999 8.232957
v 11.201195 8.095999 8.232957
v 12.334915 8.095999 8.083701
v 12.296066 8.244812 7.938721
v 11.978867 8.244832 6.984671
v 12.597862 8.073742 5.989084
v 12.475845 7.660710 5.867065
v 11.684288 5.491074 6.474443
v 11.684288 7.660710 6.474443
v 10.762512 5.491074 6.856257
v 0.000000 8.244813 8.084146
v 11.770569 8.073743 6.623886
v 10.914993 8.244832 7.425344
v 11.191444 8.244813 8.084146
v -0.000000 8.244828 7.570609
v 9.811600 8.244828 7.570609
v 10.807175 8.073743 7.022938
v 10.762512 7.660710 6.856257
v 9.773315 5.491074 6.986488
v 9.773315 7.660706 6.986488
v -0.000000 5.491074 6.986488
v -0.000000 7.660706 6.986488
v 0.000000 8.073743 7.157573
v 9.784531 8.073743 7.157573
v 14.372200 1.465954 -0.000000
v 14.452164 1.499075 4.050456
v 14.452164 1.499074 -0.000000
v 14.485283 1.579035 4.052627
v 14.485283 1.579035 -0.000000
v 14.485283 1.805243 4.052627
v 14.485283 1.805242 -0.000000
v 14.372200 1.465954 4.045215
v 14.303757 1.499075 5.177693
v 14.225861 1.465954 5.156819
v 14.336029 1.579035 5.186339
v 14.336029 1.805243 5.186339
v 13.898430 1.579035 6.242793
v 13.869499 1.499075 6.226089
v 13.799652 1.465954 6.185764
v 13.178696 1.499075 7.126366
v 13.121666 1.465954 7.069338
v 13.202316 1.579036 7.149988
v 13.898430 1.805243 6.242793
v 13.869499 1.885203 6.226089
v 14.303757 1.885203 5.177693
v 14.452164 1.885203 4.050456
v 14.452164 1.885203 -0.000000
v 14.372200 1.918324 4.045215
v 14.372200 1.918324 -0.000000
v 14.225861 1.918324 5.156819
v 13.799652 1.918324 6.185764
v 13.121666 1.918324 7.069338
v 13.178696 1.885203 7.126366
v 12.238091 1.918324 7.747329
v 12.278412 1.885203 7.817174
v 11.209145 1.918324 8.173532
v 11.230019 1.885203 8.251433
v 10.097542 1.918324 8.319877
v 13.202316 1.805243 7.149988
v 12.295120 1.579036 7.846106
v 12.278412 1.499075 7.817174
v 12.238091 1.465954 7.747329
v 11.230019 1.499075 8.251433
v 11.209145 1.465954 8.173532
v 12.295120 1.805243 7.846106
v 11.238663 1.805243 8.283702
v 10.102783 1.885203 8.399837
v 0.000000 1.885203 8.399837
v 0.000000 1.918324 8.319877
v 11.238663 1.579036 8.283702
v 10.104950 1.579036 8.432958
v 10.102783 1.499075 8.399837
v -0.000000 1.579036 8.432958
v 10.104950 1.805243 8.432958
v 0.000000 1.805243 8.432958
v 10.097542 1.465954 8.319877
v -0.000000 1.499075 8.399837
v -0.000000 1.465954 8.319877
v -9.609421 0.158022 6.554515
v -10.276138 0.082084 6.664580
v -10.237640 0.158004 6.495950
v -11.146736 0.082084 6.341008
v -11.061539 0.158004 6.189736
v -11.879730 0.082084 5.760283
v -11.751953 0.158004 5.642743
v -12.397392 0.082084 4.981479
v -12.239548 0.158004 4.909177
v -12.645607 0.082084 4.093072
v -12.475563 0.158003 4.064429
v -12.686432 0.082084 3.428159
v -12.514778 0.154372 3.426152
v -12.696373 0.158844 3.251847
v -12.556503 0.186341 3.274578
v -12.526062 0.324687 3.248728
v -12.700073 0.341289 3.184875
v -12.700279 0.502744 3.192746
v -12.522408 0.583422 3.268592
v -12.699463 0.685187 3.126034
v -12.528091 0.761938 3.203653
v -12.533394 0.836984 3.022081
v -12.697205 0.761949 2.950261
v -12.687202 0.761949 2.160844
v -12.515739 0.840579 2.155327
v -12.683632 0.837907 1.988828
v -12.545250 0.873770 2.015118
v -12.514290 1.026241 1.982894
v -12.683556 1.021153 1.917759
v -12.690414 1.282513 1.918142
v -13.006203 1.021153 1.935765
v -13.006203 1.282577 1.935765
v -12.689827 1.348470 1.905089
v -12.506935 1.348445 1.972782
v -12.479218 1.404643 1.943700
v -12.516350 1.282467 1.983027
v -12.936127 0.837868 2.002992
v -12.766945 0.761949 2.165294
v -12.778099 0.761949 2.949506
v -12.781639 0.685335 3.113246
v -12.777588 0.499030 3.184955
v -12.768974 0.354166 3.189339
v -12.956650 0.838568 3.020652
v -12.952087 0.760927 3.179508
v -12.945572 0.572377 3.253897
v -12.943939 0.364401 3.266610
v -12.765259 0.161311 3.262328
v -12.910362 0.199804 3.303749
v -12.937866 0.161797 3.430146
v -12.763313 0.082084 3.428524
v -12.733307 0.082084 4.079147
v -12.471664 0.082084 5.015514
v -12.903572 0.158004 4.106977
v -12.629509 0.158004 5.087816
v -11.939873 0.082084 5.815598
v -12.067650 0.158004 5.933138
v -11.186836 0.082084 6.412193
v -10.280914 0.082084 6.748907
v -9.619385 0.082084 6.807379
v -10.319016 0.158004 6.917685
v -9.629494 0.159816 6.978589
v -9.448883 0.159782 6.819570
v -9.488670 0.195976 6.957951
v -9.458824 0.352187 6.991313
v -9.377876 0.347525 6.823146
v -9.377594 0.496838 6.823467
v -9.457237 0.569637 6.990838
v -9.306595 0.684345 6.827075
v -9.386032 0.759881 6.999842
v -9.215271 0.838363 7.009319
v -9.135742 0.761949 6.831541
v -8.454529 0.761949 6.839152
v -8.460625 0.836460 7.010543
v -8.283089 0.836460 6.843398
v -8.320053 0.868290 6.981526
v -8.289497 1.013323 7.014297
v -8.212097 1.016374 6.846503
v -8.212097 1.282578 6.846501
v -8.289551 1.282580 7.014360
v -8.279945 1.348460 7.024586
v -8.199265 1.348475 6.849651
v -8.252670 1.404562 7.053563
v -11.272034 0.158004 6.563464
v -8.208099 1.282538 6.765135
v -8.207916 1.021153 6.761427
v -8.278946 0.837880 6.760116
v -8.450584 0.761949 6.758873
v -9.132202 0.761949 6.751210
v -9.304085 0.685968 6.749207
v -9.374809 0.502745 6.748352
v -9.374222 0.341289 6.748377
v -9.436607 0.584319 6.569234
v -9.366051 0.763360 6.577636
v -9.195511 0.837260 6.586764
v -8.441475 0.837880 6.587468
v -8.303726 0.872703 6.620286
v -8.271065 1.023937 6.589995
v -8.272255 1.282496 6.591015
v -8.195038 1.348470 6.763876
v -8.262177 1.348448 6.581510
v -8.157761 1.404593 6.758428
v -8.233040 1.404623 6.554071
v -8.193459 1.455513 6.516808
v -8.107269 1.455513 6.750694
v -8.162720 1.404564 6.858623
v -8.113167 1.455513 6.870784
v -8.215652 1.455513 7.092882
v -9.616005 0.082084 6.726148
v -9.444717 0.158066 6.741953
v -9.436279 0.337045 6.570142
v -9.469254 0.190181 6.599050
v -9.469254 0.190181 6.599050
v -9.436279 0.337045 6.570142
v -9.609421 0.158022 6.554515
v -9.605568 0.341289 6.483565
v -10.237640 0.158004 6.495950
v -10.221703 0.341289 6.426101
v -11.061539 0.158004 6.189736
v -9.599884 0.761949 6.484096
v -9.436607 0.584319 6.569234
v -9.529762 0.945605 6.494696
v -9.366051 0.763360 6.577636
v -9.195511 0.837260 6.586764
v -9.364113 1.021153 6.506084
v -8.438499 1.021153 6.516490
v -8.441475 0.837880 6.587468
v -8.271065 1.023937 6.589995
v -8.303726 0.872703 6.620286
v -8.442215 1.282538 6.516448
v -8.272255 1.282496 6.591015
v -8.262177 1.348448 6.581510
v -8.440170 1.348470 6.503483
v -8.233040 1.404623 6.554071
v -9.364113 1.282577 6.506084
v -10.221703 0.761949 6.426101
v -11.026253 0.341289 6.127078
v -11.751953 0.158004 5.642743
v -11.699036 0.341289 5.594057
v -12.239548 0.158004 4.909177
v -12.174171 0.341289 4.879229
v -12.475563 0.158003 4.064429
v -12.405128 0.341289 4.052565
v -12.514778 0.154372 3.426152
v -12.443634 0.328909 3.425470
v -12.526062 0.324687 3.248728
v -12.522408 0.583422 3.268592
v -12.443420 0.761949 3.428926
v -12.405128 0.761949 4.052565
v -12.174171 0.761949 4.879229
v -11.699036 0.761949 5.594057
v -11.026253 0.761949 6.127078
v -10.221703 1.282578 6.426101
v -9.363434 1.348479 6.493128
v -8.432487 1.404593 6.466608
v -8.421722 1.455513 6.416671
v -8.193459 1.455513 6.516808
v -12.556503 0.186341 3.274578
v -9.358902 1.455513 6.406136
v -9.361511 1.404563 6.456193
v -10.199249 1.455513 6.327760
v -10.218788 1.348477 6.413349
v -11.026253 1.282578 6.127078
v -11.699036 1.282578 5.594057
v -12.174171 1.282578 4.879229
v -12.405128 1.282577 4.052565
v -12.451233 0.944470 3.361320
v -12.457787 1.021153 3.194983
v -12.533394 0.836984 3.022081
v -12.515739 0.840579 2.155327
v -12.444611 1.030495 2.155471
v -12.514290 1.026241 1.982894
v -12.516350 1.282467 1.983027
v -12.444611 1.282577 2.155471
v -12.457787 1.282577 3.194983
v -12.528091 0.761938 3.203653
v -12.545250 0.873770 2.015118
v -12.431602 1.348474 2.152939
v -12.444817 1.348479 3.194667
v -12.506935 1.348445 1.972782
v -12.394569 1.404563 2.145730
v -12.479218 1.404643 1.943700
v -12.441505 1.455513 1.904328
v -12.344360 1.455513 2.135957
v -12.407845 1.404563 3.193768
v -12.357742 1.455513 3.192549
v -12.355637 1.404563 4.044227
v -12.305969 1.455513 4.035861
v -12.392273 1.348478 4.050399
v -12.128220 1.404564 4.858181
v -12.162231 1.348476 4.873760
v -12.082123 1.455513 4.837064
v -11.661835 1.404564 5.559841
v -11.624519 1.455513 5.525510
v -11.689369 1.348476 5.585166
v -11.019806 1.348476 6.115636
v -10.210495 1.404563 6.377013
v -10.976562 1.455513 6.038860
v -11.001450 1.404563 6.083042
v -12.910362 0.199804 3.303749
v -12.937866 0.161797 3.430146
v -12.943939 0.364401 3.266610
v -13.010277 0.354279 3.433152
v -13.010597 0.761949 3.439971
v -12.974098 0.761949 4.118505
v -12.974098 0.341289 4.118505
v -12.694893 0.761949 5.117765
v -12.694893 0.341289 5.117765
v -12.629509 0.158004 5.087816
v -12.067650 0.158004 5.933138
v -12.120575 0.341289 5.981825
v -11.272034 0.158004 6.563464
v -12.903572 0.158004 4.106977
v -12.945572 0.572377 3.253897
v -12.120575 0.761949 5.981825
v -11.307327 0.341289 6.626122
v -11.307327 0.674013 6.626122
v -10.319016 0.158004 6.917685
v -10.334793 0.341289 6.987595
v -9.629494 0.159816 6.978589
v -9.635605 0.347526 7.049408
v -9.458824 0.352187 6.991313
v -9.457237 0.569637 6.990838
v -9.636139 0.761949 7.049384
v -9.564072 0.945809 7.059699
v -9.386032 0.759881 6.999842
v -9.215271 0.838363 7.009319
v -9.389336 1.021157 7.071225
v -8.460625 0.836460 7.010543
v -8.461800 1.016374 7.081589
v -8.289497 1.013323 7.014297
v -8.289551 1.282580 7.014360
v -8.461800 1.282577 7.081586
v -8.459427 1.348475 7.094587
v -8.279945 1.348460 7.024586
v -8.452675 1.404564 7.131608
v -8.252670 1.404562 7.053563
v -8.215652 1.455513 7.092882
v -8.443520 1.455513 7.181797
v -9.392250 1.404563 7.121101
v -10.334793 0.674013 6.987595
v -9.488670 0.195976 6.957951
v -8.320053 0.868290 6.981526
v -9.394745 1.455513 7.171160
v -10.345886 1.404564 7.036726
v -9.390388 1.348479 7.084166
v -10.337677 1.348477 7.000358
v -9.389679 1.282579 7.071213
v -10.334793 1.282578 6.987595
v -10.357010 1.455513 7.086019
v -11.332123 1.404564 6.670157
v -11.357010 1.455513 6.714340
v -11.307320 1.282578 6.626122
v -12.120575 1.282578 5.981825
v -12.694893 1.282578 5.117765
v -12.974098 1.282578 4.118505
v -13.018066 0.945073 3.369273
v -12.952087 0.760927 3.179508
v -12.956650 0.838568 3.020652
v -13.024094 1.021162 3.193258
v -13.006203 1.021153 1.935765
v -13.024132 1.282581 3.197743
v -13.006203 1.282577 1.935765
v -13.019196 1.348394 1.923301
v -13.037109 1.348482 3.198907
v -13.055450 1.404563 1.888519
v -12.986969 1.348478 4.120627
v -12.706833 1.348476 5.123234
v -12.130234 1.348476 5.990716
v -11.313766 1.348476 6.637564
v -12.157768 1.404563 6.016041
v -12.195084 1.455513 6.050372
v -12.740837 1.404563 5.138813
v -13.023643 1.404563 4.126675
v -13.074081 1.404568 3.199967
v -13.124184 1.455513 3.200974
v -13.073357 1.455513 4.134871
v -12.786942 1.455513 5.159930
v -12.936127 0.837868 2.002992
v -13.104874 1.455513 1.841116
v -13.019196 1.348394 1.923301
v -12.684700 1.404626 1.867766
v -12.677109 1.455513 1.817243
v -12.441505 1.455513 1.904328
v -13.055450 1.404563 1.888519
v -13.104874 1.455513 1.841116
v 0.000000 3.245423 7.904352
v -9.871872 3.245423 7.904352
v 0.000000 3.966069 8.053210
v -10.322777 3.966069 8.053210
v 0.000000 4.791184 8.036018
v -10.576485 4.791184 8.036018
v -0.000000 5.635170 7.854597
v -10.606720 5.635170 7.854597
v -10.526093 6.420929 7.607959
v -0.000000 6.420929 7.607959
v -0.000000 6.420929 7.607959
v -11.706314 4.781743 7.885448
v -11.465538 3.959416 7.901309
v -11.032166 3.234578 7.752407
v -11.730240 5.618935 7.706364
v -11.646332 6.404706 7.459942
v -10.526093 6.420929 7.607959
v -10.584679 6.929802 7.590497
v -0.000000 6.930343 7.591052
v 0.000000 7.361601 7.830889
v -10.831291 7.359650 7.828862
v -11.129166 7.672958 8.154270
v -12.265404 7.677321 8.009204
v -11.936287 7.339238 7.656443
v -13.323669 7.680667 7.574143
v -0.000000 6.420929 7.607959
v -0.000000 7.596089 8.074432
v 0.000000 7.672322 8.153609
v -11.699066 6.919606 7.433759
v -12.689018 6.401665 7.012008
v -12.738319 6.914788 6.983002
v -12.970078 7.325184 7.198235
v -14.230759 7.681779 6.877706
v -13.861618 7.317338 6.484184
v -14.925850 7.681690 5.968463
v -13.631752 6.912648 6.269478
v -13.584084 6.402188 6.297759
v -12.777779 5.599564 7.262879
v -12.759941 4.771290 7.440287
v -12.532349 3.954613 7.458592
v -12.117050 3.228268 7.316111
v -13.051666 3.226490 6.625023
v -13.450035 3.952336 6.754962
v -13.665192 4.762597 6.730152
v -13.677444 5.582875 6.552931
v -14.271309 6.398652 5.368241
v -14.317726 6.910172 5.341356
v -14.546600 7.312359 5.558911
v -15.359749 7.678691 4.906311
v -14.989479 7.321160 4.497722
v -15.502129 7.672277 3.762482
v -14.752075 6.914887 4.263927
v -14.702057 6.407208 4.281880
v -14.367645 5.571946 5.624293
v -14.360085 4.757031 5.803068
v -14.155464 3.952466 5.837986
v -13.771126 3.228306 5.725661
v -14.225754 3.232945 4.678788
v -14.600266 3.954484 4.769920
v -14.797249 4.754212 4.722360
v -14.801430 5.566082 4.540711
v -14.847191 6.425308 3.113385
v -14.905121 6.925827 3.110982
v -15.159706 7.342587 3.373717
v -15.400590 7.574516 -0.000001
v -15.502945 7.673064 -0.000001
v -15.157761 7.340717 -0.000001
v -14.904587 6.925306 -0.000001
v -14.847191 6.425310 -0.000000
v -14.949196 5.565720 3.376045
v -14.946854 4.754330 3.561640
v -14.754066 3.958145 3.623365
v -14.949196 5.565720 -0.000000
v -14.946854 4.754330 -0.000000
v -14.754066 3.958145 -0.000000
v -14.384445 3.239906 -0.000000
v -14.384445 3.239907 3.555364
v -13.596115 2.081223 -0.000000
v -13.596115 2.081223 3.324287
v -13.590973 1.973881 -0.000000
v -13.591286 1.973881 3.307968
v -13.436935 2.082379 4.402942
v -13.430420 1.974728 4.397580
v -12.967773 2.082146 5.407810
v -12.951378 1.974697 5.416598
v -12.219353 2.078915 6.269757
v -11.241943 2.072308 6.929631
v -10.101273 2.062191 7.342191
v -8.877098 2.052235 7.480524
v 0.000000 3.245423 7.904352
v 0.000000 2.052235 7.480524
v -12.187904 1.972962 6.288467
v -11.193573 1.969555 6.953123
v -10.037521 1.964738 7.365858
v -8.803703 1.960374 7.503308
v 0.000000 2.052235 7.480524
v 0.000000 1.960374 7.504630
v -13.590973 1.973881 -0.000000
v -13.684357 1.918324 -0.000000
v -13.591286 1.973881 3.307968
v -13.685265 1.918324 3.306720
v -13.430420 1.974728 4.397580
v -13.520172 1.918324 4.423083
v -12.951378 1.974697 5.416598
v -13.024155 1.918324 5.474510
v -13.799652 1.918324 6.185764
v -13.121666 1.918324 7.069338
v -12.236305 1.918324 6.371439
v -12.187904 1.972962 6.288467
v -14.372200 1.918324 -0.000000
v -14.372200 1.918324 4.045215
v -14.225861 1.918324 5.156819
v -12.238091 1.918324 7.747329
v -11.213814 1.918324 7.052017
v -11.193573 1.969555 6.953123
v -10.037521 1.964738 7.365858
v -10.029297 1.918324 7.470909
v -8.803703 1.960374 7.503308
v -8.775612 1.918324 7.609427
v 0.000000 1.960374 7.504630
v -11.209145 1.918324 8.173532
v -10.097542 1.918324 8.319877
v -0.000000 1.918324 8.319877
v -0.000000 1.918324 7.613634
v -13.595261 5.491076 -0.000000
v -13.595261 5.491074 3.164541
v -13.595261 7.660709 -0.000001
v -13.595261 7.660710 3.164541
v -13.766350 8.073746 -0.000001
v -13.766350 8.073746 3.175754
v -14.179382 8.244831 -0.000001
v -14.179382 8.244831 3.202826
v -15.432716 8.244810 3.842871
v -15.432716 8.244812 -0.000001
v -15.581528 8.095999 -0.000001
v -15.581528 8.095997 3.852625
v -15.581528 7.865956 -0.000001
v -15.581528 7.865956 3.852625
v -13.465034 5.491074 4.153733
v -15.287292 8.244810 4.947491
v -14.034119 8.244831 4.306220
v -13.631714 8.073746 4.198395
v -13.465034 7.660710 4.153733
v -13.083221 5.491074 5.075514
v -13.083221 7.660710 5.075514
v -12.475845 5.491074 5.867065
v -13.232666 8.073742 5.161795
v -13.593445 8.244831 5.370095
v -14.864693 8.244810 5.967744
v -15.432274 8.095997 4.986339
v -15.432274 7.868865 4.986339
v -15.581528 7.865956 3.852625
v -15.502129 7.672277 3.762482
v -15.502945 7.673064 -0.000001
v -15.581528 7.865956 -0.000001
v -15.359749 7.678691 4.906311
v -14.994675 7.868984 6.042792
v -14.994675 8.095997 6.042792
v -14.925850 7.681690 5.968463
v -14.298561 7.867912 6.949988
v -14.230759 7.681779 6.877706
v -13.391365 7.868274 7.646104
v -13.323669 7.680667 7.574143
v -12.334915 7.867898 8.083701
v -12.265404 7.677321 8.009204
v -11.201195 7.865366 8.232957
v -11.129166 7.672958 8.154270
v 0.000000 7.865366 8.232957
v 0.000000 7.672322 8.153609
v -0.000000 8.095999 8.232957
v -11.201195 8.095999 8.232957
v 0.000000 8.244813 8.084146
v -12.334915 8.095999 8.083701
v -13.391365 8.095998 7.646104
v -14.298561 8.095998 6.949988
v -14.192429 8.244811 6.843854
v -12.892441 8.244831 6.283666
v -13.316315 8.244812 7.516119
v -12.296066 8.244812 7.938721
v -11.191444 8.244813 8.084146
v -0.000000 8.244828 7.570609
v -9.811600 8.244828 7.570609
v -9.784531 8.073743 7.157573
v 0.000000 8.073743 7.157573
v -9.773315 7.660706 6.986488
v -0.000000 7.660706 6.986488
v -0.000000 5.491074 6.986488
v -9.773315 5.491074 6.986488
v -10.762512 7.660710 6.856257
v -10.762512 5.491074 6.856257
v -10.807175 8.073743 7.022938
v -10.914993 8.244832 7.425344
v -11.978867 8.244832 6.984671
v -12.597862 8.073742 5.989084
v -12.475845 7.660710 5.867065
v -11.684288 5.491074 6.474443
v -11.684288 7.660710 6.474443
v -11.770569 8.073743 6.623886
v -14.372200 1.918324 -0.000000
v -14.452164 1.885203 -0.000000
v -14.372200 1.918324 4.045215
v -14.452164 1.885203 4.050456
v -14.225861 1.918324 5.156819
v -14.303757 1.885203 5.177693
v -13.799652 1.918324 6.185764
v -13.869499 1.885203 6.226089
v -13.121666 1.918324 7.069338
v -14.485283 1.805242 -0.000000
v -14.485283 1.805243 4.052627
v -14.485283 1.579035 -0.000000
v -14.485283 1.579035 4.052627
v -14.452164 1.499074 -0.000000
v -14.452164 1.499075 4.050456
v -14.372200 1.465954 -0.000000
v -14.372200 1.465954 4.045215
v -14.303757 1.499075 5.177693
v -14.336029 1.579035 5.186339
v -14.336029 1.805243 5.186339
v -13.898430 1.805243 6.242793
v -13.178696 1.885203 7.126366
v -12.238091 1.918324 7.747329
v -12.278412 1.885203 7.817174
v -11.209145 1.918324 8.173532
v -14.225861 1.465954 5.156819
v -13.898430 1.579035 6.242793
v -13.202316 1.579036 7.149988
v -13.202316 1.805243 7.149988
v -13.869499 1.499075 6.226089
v -13.799652 1.465954 6.185764
v -13.178696 1.499075 7.126366
v -13.121666 1.465954 7.069338
v -12.295120 1.579036 7.846106
v -12.295120 1.805243 7.846106
v -11.230019 1.885203 8.251433
v -10.097542 1.918324 8.319877
v -10.102783 1.885203 8.399837
v -11.238663 1.805243 8.283702
v -11.238663 1.579036 8.283702
v -12.278412 1.499075 7.817174
v -12.238091 1.465954 7.747329
v -11.230019 1.499075 8.251433
v -11.209145 1.465954 8.173532
v -10.104950 1.579036 8.432958
v -10.104950 1.805243 8.432958
v 0.000000 1.885203 8.399837
v 0.000000 1.918324 8.319877
v -0.000000 1.918324 8.319877
v -10.097542 1.918324 8.319877
v 0.000000 1.805243 8.432958
v -0.000000 1.579036 8.432958
v -10.102783 1.499075 8.399837
v -10.097542 1.465954 8.319877
v -0.000000 1.499075 8.399837
v -0.000000 1.465954 8.319877
v 9.609421 0.158021 -6.554515
v 10.237640 0.158003 -6.495950
v 10.276138 0.082083 -6.664580
v 11.146736 0.082083 -6.341008
v 11.061539 0.158003 -6.189736
v 11.879730 0.082083 -5.760283
v 11.751953 0.158003 -5.642743
v 12.397392 0.082084 -4.981479
v 12.239548 0.158003 -4.909177
v 12.645607 0.082084 -4.093072
v 12.475563 0.158003 -4.064429
v 12.686432 0.082084 -3.428159
v 12.514778 0.154372 -3.426152
v 12.696373 0.158843 -3.251847
v 12.556503 0.186340 -3.274578
v 12.526062 0.324686 -3.248728
v 12.700073 0.341288 -3.184875
v 12.700279 0.502744 -3.192746
v 12.522408 0.583421 -3.268592
v 12.699463 0.685186 -3.126034
v 12.528091 0.761937 -3.203653
v 12.533394 0.836983 -3.022081
v 12.697205 0.761948 -2.950261
v 12.687202 0.761948 -2.160844
v 12.515739 0.840579 -2.155327
v 12.683632 0.837907 -1.988828
v 12.545250 0.873770 -2.015118
v 12.514290 1.026241 -1.982894
v 12.683556 1.021153 -1.917759
v 12.690414 1.282513 -1.918142
v 13.006203 1.021153 -1.935765
v 13.006203 1.282577 -1.935765
v 12.689827 1.348470 -1.905090
v 12.506935 1.348445 -1.972783
v 12.479218 1.404643 -1.943700
v 12.516350 1.282467 -1.983028
v 12.936127 0.837868 -2.002992
v 12.766945 0.761948 -2.165294
v 12.778099 0.761948 -2.949506
v 12.781639 0.685334 -3.113246
v 12.777588 0.499029 -3.184955
v 12.768974 0.354166 -3.189339
v 12.956650 0.838567 -3.020652
v 12.952087 0.760927 -3.179508
v 12.945572 0.572376 -3.253897
v 12.943939 0.364401 -3.266610
v 12.765259 0.161310 -3.262328
v 12.910362 0.199803 -3.303749
v 12.937866 0.161796 -3.430146
v 12.763313 0.082084 -3.428524
v 12.733307 0.082084 -4.079147
v 12.471664 0.082084 -5.015514
v 12.903572 0.158003 -4.106977
v 12.629509 0.158003 -5.087816
v 11.939873 0.082083 -5.815598
v 12.067650 0.158003 -5.933138
v 11.186836 0.082083 -6.412193
v 10.280914 0.082083 -6.748907
v 9.619385 0.082083 -6.807379
v 10.319016 0.158003 -6.917685
v 9.629494 0.159815 -6.978589
v 9.448883 0.159781 -6.819570
v 9.488670 0.195975 -6.957951
v 9.458824 0.352185 -6.991313
v 9.377876 0.347524 -6.823146
v 9.377594 0.496837 -6.823467
v 9.457237 0.569636 -6.990838
v 9.306595 0.684344 -6.827075
v 9.386032 0.759880 -6.999842
v 9.215271 0.838361 -7.009319
v 9.135742 0.761948 -6.831541
v 8.454529 0.761948 -6.839152
v 8.460625 0.836459 -7.010543
v 8.283089 0.836459 -6.843398
v 8.320053 0.868289 -6.981526
v 8.289497 1.013322 -7.014297
v 8.212097 1.016373 -6.846503
v 8.212097 1.282577 -6.846501
v 8.289551 1.282579 -7.014360
v 8.279945 1.348459 -7.024586
v 8.199265 1.348474 -6.849651
v 8.252670 1.404561 -7.053563
v 11.272034 0.158003 -6.563464
v 8.208099 1.282537 -6.765135
v 8.207916 1.021152 -6.761427
v 8.278946 0.837879 -6.760116
v 8.450584 0.761948 -6.758873
v 9.132202 0.761948 -6.751210
v 9.304085 0.685967 -6.749207
v 9.374809 0.502744 -6.748352
v 9.374222 0.341288 -6.748377
v 9.436607 0.584318 -6.569234
v 9.366051 0.763359 -6.577636
v 9.195511 0.837259 -6.586764
v 8.441475 0.837879 -6.587468
v 8.303726 0.872702 -6.620286
v 8.271065 1.023936 -6.589995
v 8.272255 1.282495 -6.591015
v 8.195038 1.348469 -6.763876
v 8.262177 1.348447 -6.581510
v 8.157761 1.404592 -6.758428
v 8.233040 1.404622 -6.554071
v 8.193459 1.455512 -6.516808
v 8.107269 1.455512 -6.750694
v 8.162720 1.404563 -6.858623
v 8.113167 1.455512 -6.870784
v 8.215652 1.455512 -7.092882
v 9.616005 0.082083 -6.726148
v 9.444717 0.158065 -6.741953
v 9.436279 0.337044 -6.570142
v 9.469254 0.190180 -6.599050
v 9.469254 0.190180 -6.599050
v 9.436279 0.337044 -6.570142
v 9.609421 0.158021 -6.554515
v 9.605568 0.341288 -6.483565
v 10.237640 0.158003 -6.495950
v 10.221703 0.341288 -6.426101
v 11.061539 0.158003 -6.189736
v 9.599884 0.761948 -6.484096
v 9.436607 0.584318 -6.569234
v 9.529762 0.945604 -6.494696
v 9.366051 0.763359 -6.577636
v 9.195511 0.837259 -6.586764
v 9.364113 1.021152 -6.506084
v 8.438499 1.021152 -6.516490
v 8.441475 0.837879 -6.587468
v 8.271065 1.023936 -6.589995
v 8.303726 0.872702 -6.620286
v 8.442215 1.282537 -6.516448
v 8.272255 1.282495 -6.591015
v 8.262177 1.348447 -6.581510
v 8.440170 1.348469 -6.503483
v 8.233040 1.404622 -6.554071
v 9.364113 1.282576 -6.506084
v 10.221703 1.282577 -6.426101
v 10.221703 0.761948 -6.426101
v 11.026253 0.341288 -6.127078
v 11.751953 0.158003 -5.642743
v 11.699036 0.341288 -5.594057
v 12.239548 0.158003 -4.909177
v 12.174171 0.341288 -4.879229
v 12.475563 0.158003 -4.064429
v 12.405128 0.341288 -4.052565
v 12.514778 0.154372 -3.426152
v 12.443634 0.328908 -3.425470
v 12.526062 0.324686 -3.248728
v 12.522408 0.583421 -3.268592
v 12.443420 0.761948 -3.428926
v 12.405128 0.761948 -4.052565
v 12.174171 0.761948 -4.879229
v 11.699036 0.761948 -5.594057
v 11.026253 0.761948 -6.127078
v 11.026253 1.282577 -6.127078
v 11.699036 1.282577 -5.594057
v 12.174171 1.282577 -4.879229
v 12.405128 1.282577 -4.052565
v 12.451233 0.944470 -3.361320
v 12.457787 1.021153 -3.194983
v 12.533394 0.836983 -3.022081
v 12.515739 0.840579 -2.155327
v 12.444611 1.030495 -2.155471
v 12.514290 1.026241 -1.982894
v 12.516350 1.282467 -1.983028
v 12.444611 1.282577 -2.155471
v 12.457787 1.282577 -3.194983
v 12.556503 0.186340 -3.274578
v 12.528091 0.761937 -3.203653
v 12.545250 0.873770 -2.015118
v 12.431602 1.348473 -2.152939
v 12.444817 1.348479 -3.194667
v 12.506935 1.348445 -1.972783
v 12.394569 1.404563 -2.145730
v 12.479218 1.404643 -1.943700
v 12.441505 1.455513 -1.904328
v 12.344360 1.455513 -2.135957
v 12.407845 1.404563 -3.193768
v 12.357742 1.455512 -3.192549
v 12.355637 1.404563 -4.044227
v 12.305969 1.455512 -4.035861
v 12.392273 1.348477 -4.050399
v 12.128220 1.404563 -4.858181
v 12.162231 1.348475 -4.873760
v 12.082123 1.455512 -4.837064
v 11.661835 1.404563 -5.559841
v 11.624519 1.455512 -5.525510
v 11.689369 1.348475 -5.585166
v 11.019806 1.348475 -6.115636
v 11.001450 1.404562 -6.083042
v 10.976562 1.455512 -6.038860
v 10.210495 1.404562 -6.377013
v 10.199249 1.455512 -6.327760
v 10.218788 1.348476 -6.413349
v 9.363434 1.348478 -6.493128
v 8.432487 1.404592 -6.466608
v 8.421722 1.455512 -6.416671
v 8.193459 1.455512 -6.516808
v 9.358902 1.455512 -6.406136
v 9.361511 1.404562 -6.456193
v 12.910362 0.199803 -3.303749
v 12.943939 0.364401 -3.266610
v 12.937866 0.161796 -3.430146
v 13.010277 0.354278 -3.433152
v 12.903572 0.158003 -4.106977
v 12.974098 0.341289 -4.118505
v 12.629509 0.158003 -5.087816
v 12.694893 0.341288 -5.117765
v 12.067650 0.158003 -5.933138
v 12.120575 0.341288 -5.981825
v 11.272034 0.158003 -6.563464
v 13.010597 0.761948 -3.439971
v 12.945572 0.572376 -3.253897
v 12.974098 0.761948 -4.118505
v 12.694893 0.761948 -5.117765
v 12.120575 0.761948 -5.981825
v 11.307327 0.674012 -6.626122
v 11.307327 0.341288 -6.626122
v 10.334793 0.674012 -6.987595
v 10.334793 0.341288 -6.987595
v 9.636139 0.761948 -7.049384
v 9.635605 0.347525 -7.049408
v 9.629494 0.159815 -6.978589
v 9.458824 0.352185 -6.991313
v 9.488670 0.195975 -6.957951
v 10.319016 0.158003 -6.917685
v 9.457237 0.569636 -6.990838
v 9.564072 0.945808 -7.059699
v 9.386032 0.759880 -6.999842
v 9.215271 0.838361 -7.009319
v 9.389336 1.021156 -7.071225
v 8.460625 0.836459 -7.010543
v 8.461800 1.016373 -7.081589
v 8.289497 1.013322 -7.014297
v 8.289551 1.282579 -7.014360
v 8.461800 1.282576 -7.081586
v 8.459427 1.348474 -7.094587
v 8.279945 1.348459 -7.024586
v 8.452675 1.404562 -7.131608
v 8.252670 1.404561 -7.053563
v 8.215652 1.455512 -7.092882
v 8.443520 1.455512 -7.181797
v 9.392250 1.404562 -7.121101
v 9.394745 1.455512 -7.171160
v 10.345886 1.404563 -7.036726
v 10.357010 1.455512 -7.086019
v 11.332123 1.404563 -6.670157
v 11.357010 1.455512 -6.714340
v 8.320053 0.868289 -6.981526
v 9.390388 1.348478 -7.084166
v 10.337677 1.348476 -7.000358
v 9.389679 1.282578 -7.071213
v 10.334793 1.282577 -6.987595
v 11.307320 1.282577 -6.626122
v 12.120575 1.282577 -5.981825
v 12.694893 1.282577 -5.117765
v 12.974098 1.282577 -4.118505
v 13.018066 0.945072 -3.369273
v 12.952087 0.760927 -3.179508
v 12.956650 0.838567 -3.020652
v 13.024094 1.021162 -3.193258
v 13.006203 1.021153 -1.935765
v 13.024132 1.282581 -3.197743
v 13.006203 1.282577 -1.935765
v 13.019196 1.348394 -1.923301
v 13.037109 1.348481 -3.198907
v 13.055450 1.404563 -1.888520
v 12.986969 1.348477 -4.120627
v 12.706833 1.348475 -5.123234
v 12.130234 1.348475 -5.990716
v 11.313766 1.348475 -6.637564
v 12.157768 1.404562 -6.016041
v 12.195084 1.455512 -6.050372
v 12.740837 1.404563 -5.138813
v 13.023643 1.404563 -4.126675
v 13.074081 1.404567 -3.199967
v 13.124184 1.455512 -3.200974
v 13.073357 1.455512 -4.134871
v 12.786942 1.455512 -5.159930
v 12.936127 0.837868 -2.002992
v 13.104874 1.455513 -1.841116
v 13.019196 1.348394 -1.923301
v 12.684700 1.404626 -1.867766
v 12.677109 1.455513 -1.817243
v 12.441505 1.455513 -1.904328
v 13.055450 1.404563 -1.888520
v 13.104874 1.455513 -1.841116
v 0.000000 3.245422 -7.904353
v 9.871872 3.245422 -7.904353
v 0.000000 3.966068 -8.053210
v 10.322777 3.966068 -8.053210
v -0.000000 4.791183 -8.036018
v 10.576485 4.791183 -8.036018
v -0.000000 5.635170 -7.854598
v 10.606720 5.635170 -7.854598
v 0.000000 6.420928 -7.607960
v 10.526093 6.420928 -7.607960
v 11.706314 4.781742 -7.885449
v 11.465538 3.959415 -7.901309
v 11.032166 3.234577 -7.752408
v 11.730240 5.618934 -7.706365
v 11.646332 6.404705 -7.459943
v 10.526093 6.420928 -7.607960
v 10.584679 6.929801 -7.590497
v -0.000000 6.930342 -7.591053
v -0.000000 7.361600 -7.830890
v 10.831291 7.359649 -7.828863
v -0.000000 7.596088 -8.074434
v -0.000000 7.672321 -8.153611
v 11.129166 7.672957 -8.154272
v 12.265404 7.677320 -8.009206
v 11.936287 7.339237 -7.656444
v 13.323669 7.680666 -7.574144
v -0.000000 6.420928 -7.607960
v 11.699066 6.919605 -7.433760
v 12.689018 6.401664 -7.012009
v 12.738319 6.914787 -6.983003
v 12.970078 7.325183 -7.198236
v 14.230759 7.681778 -6.877707
v 13.861618 7.317337 -6.484185
v 14.925850 7.681689 -5.968464
v 13.631752 6.912647 -6.269479
v 13.584084 6.402187 -6.297760
v 12.777779 5.599563 -7.262880
v 12.759941 4.771289 -7.440288
v 12.532349 3.954612 -7.458593
v 12.117050 3.228267 -7.316112
v 13.051666 3.226490 -6.625024
v 13.450035 3.952335 -6.754963
v 13.665192 4.762596 -6.730153
v 13.677444 5.582874 -6.552932
v 14.271309 6.398651 -5.368242
v 14.317726 6.910171 -5.341357
v 14.546600 7.312358 -5.558912
v 15.359749 7.678690 -4.906312
v 14.989479 7.321159 -4.497723
v 15.502129 7.672276 -3.762483
v 14.752075 6.914886 -4.263928
v 14.702057 6.407207 -4.281881
v 14.367645 5.571945 -5.624294
v 14.360085 4.757030 -5.803069
v 14.155464 3.952465 -5.837987
v 13.771126 3.228305 -5.725662
v 14.225754 3.232944 -4.678789
v 14.600266 3.954483 -4.769921
v 14.797249 4.754211 -4.722361
v 14.801430 5.566082 -4.540712
v 14.847191 6.425308 -3.113386
v 14.905121 6.925827 -3.110983
v 15.159706 7.342586 -3.373718
v 15.502945 7.673064 -0.000001
v 15.157761 7.340717 -0.000001
v 15.400590 7.574516 -0.000001
v 14.904587 6.925306 -0.000001
v 14.847191 6.425310 -0.000000
v 14.949196 5.565719 -3.376046
v 14.946854 4.754329 -3.561641
v 14.754066 3.958145 -3.623366
v 14.949196 5.565720 -0.000000
v 14.946854 4.754330 -0.000000
v 14.754066 3.958145 -0.000000
v 14.384445 3.239906 -0.000000
v 14.384445 3.239906 -3.555364
v 13.596115 2.081223 -0.000000
v 13.596115 2.081222 -3.324288
v 13.590973 1.973881 -0.000000
v 13.591286 1.973881 -3.307968
v 13.436935 2.082378 -4.402942
v 13.430420 1.974727 -4.397580
v 12.967773 2.082145 -5.407810
v 12.951378 1.974697 -5.416598
v 12.219353 2.078914 -6.269757
v 11.241943 2.072307 -6.929631
v 10.101273 2.062191 -7.342191
v 8.877098 2.052234 -7.480524
v 0.000000 3.245422 -7.904353
v 0.000000 2.052234 -7.480524
v 0.000000 2.052234 -7.480524
v 12.187904 1.972961 -6.288467
v 11.193573 1.969554 -6.953123
v 10.037521 1.964736 -7.365858
v 8.803703 1.960372 -7.503308
v 0.000000 2.052234 -7.480524
v 0.000000 1.960372 -7.504630
v 13.590973 1.973881 -0.000000
v 13.684357 1.918324 -0.000000
v 13.591286 1.973881 -3.307968
v 13.685265 1.918323 -3.306720
v 13.430420 1.974727 -4.397580
v 13.520172 1.918323 -4.423083
v 12.951378 1.974697 -5.416598
v 13.024155 1.918323 -5.474510
v 13.799652 1.918323 -6.185764
v 13.121666 1.918323 -7.069338
v 12.236305 1.918323 -6.371439
v 12.187904 1.972961 -6.288467
v 14.372200 1.918324 -0.000000
v 14.372200 1.918323 -4.045215
v 14.225861 1.918323 -5.156819
v 12.238091 1.918323 -7.747329
v 11.213814 1.918323 -7.052017
v 11.193573 1.969554 -6.953123
v 10.037521 1.964736 -7.365858
v 10.029297 1.918323 -7.470909
v 8.803703 1.960372 -7.503308
v 8.775612 1.918323 -7.609427
v 0.000000 1.960372 -7.504630
v 11.209145 1.918323 -8.173532
v 10.097542 1.918323 -8.319877
v 0.000000 1.918323 -8.319877
v -0.000000 1.918323 -7.613634
v 13.595261 5.491076 -0.000000
v 13.595261 5.491073 -3.164542
v 13.595261 7.660709 -0.000001
v 13.595261 7.660709 -3.164542
v 13.766350 8.073746 -0.000001
v 13.766350 8.073746 -3.175755
v 14.179382 8.244831 -0.000001
v 14.179382 8.244831 -3.202827
v 15.432716 8.244810 -3.842873
v 15.432716 8.244812 -0.000001
v 15.581528 8.095999 -0.000001
v 15.581528 8.095997 -3.852627
v 15.581528 7.865956 -0.000001
v 15.581528 7.865956 -0.000001
v 15.581528 7.865955 -3.852626
v 13.465034 5.491073 -4.153734
v 15.287292 8.244810 -4.947492
v 14.034119 8.244831 -4.306221
v 13.631714 8.073746 -4.198396
v 13.465034 7.660709 -4.153734
v 13.083221 5.491073 -5.075515
v 13.083221 7.660709 -5.075515
v 12.475845 5.491073 -5.867066
v 13.232666 8.073742 -5.161796
v 13.593445 8.244831 -5.370096
v 14.864693 8.244810 -5.967745
v 15.432274 8.095997 -4.986340
v 15.432274 7.868864 -4.986340
v 15.581528 7.865955 -3.852626
v 15.502129 7.672276 -3.762483
v 15.502945 7.673064 -0.000001
v 15.581528 7.865956 -0.000001
v 15.359749 7.678690 -4.906312
v 14.994675 7.868983 -6.042793
v 14.994675 8.095997 -6.042793
v 14.925850 7.681689 -5.968464
v 14.298561 7.867911 -6.949989
v 14.230759 7.681778 -6.877707
v 13.391365 7.868273 -7.646105
v 13.323669 7.680666 -7.574144
v 12.334915 7.867897 -8.083703
v 12.265404 7.677320 -8.009206
v 11.201195 7.865366 -8.232959
v 11.129166 7.672957 -8.154272
v 0.000000 7.865366 -8.232959
v -0.000000 7.672321 -8.153611
v 0.000000 8.095997 -8.232959
v 11.201195 8.095997 -8.232959
v 0.000000 8.244811 -8.084148
v 12.334915 8.095997 -8.083703
v 13.391365 8.095996 -7.646105
v 14.298561 8.095996 -6.949989
v 14.192429 8.244809 -6.843855
v 12.892441 8.244831 -6.283667
v 13.316315 8.244810 -7.516119
v 12.296066 8.244810 -7.938722
v 11.191444 8.244811 -8.084148
v 0.000000 8.244826 -7.570610
v 9.811600 8.244826 -7.570610
v 9.784531 8.073741 -7.157574
v -0.000000 8.073741 -7.157574
v 9.773315 7.660705 -6.986489
v -0.000000 7.660705 -6.986489
v -0.000000 5.491073 -6.986489
v 9.773315 5.491073 -6.986489
v 10.762512 7.660709 -6.856258
v 10.762512 5.491073 -6.856258
v 10.807175 8.073741 -7.022939
v 10.914993 8.244830 -7.425345
v 11.978867 8.244830 -6.984672
v 12.597862 8.073742 -5.989085
v 12.475845 7.660709 -5.867066
v 11.684288 5.491073 -6.474444
v 11.684288 7.660709 -6.474444
v 11.770569 8.073741 -6.623887
v 14.372200 1.918324 -0.000000
v 14.452164 1.885203 -0.000000
v 14.372200 1.918323 -4.045215
v 14.452164 1.885203 -4.050456
v 14.225861 1.918323 -5.156819
v 14.303757 1.885203 -5.177693
v 13.799652 1.918323 -6.185764
v 13.869499 1.885202 -6.226089
v 13.121666 1.918323 -7.069338
v 14.485283 1.805242 -0.000000
v 14.485283 1.805242 -4.052627
v 14.485283 1.579035 -0.000000
v 14.485283 1.579035 -4.052627
v 14.452164 1.499074 -0.000000
v 14.452164 1.499074 -4.050456
v 14.372200 1.465954 -0.000000
v 14.372200 1.465953 -4.045215
v 14.303757 1.499074 -5.177693
v 14.336029 1.579035 -5.186339
v 14.336029 1.805242 -5.186339
v 13.898430 1.805242 -6.242793
v 13.178696 1.885202 -7.126366
v 12.238091 1.918323 -7.747329
v 12.278412 1.885202 -7.817174
v 11.209145 1.918323 -8.173532
v 14.225861 1.465953 -5.156819
v 13.898430 1.579034 -6.242793
v 13.202316 1.579034 -7.149988
v 13.202316 1.805242 -7.149988
v 13.869499 1.499074 -6.226089
v 13.799652 1.465953 -6.185764
v 13.178696 1.499074 -7.126366
v 13.121666 1.465953 -7.069338
v 12.295120 1.579034 -7.846106
v 12.295120 1.805242 -7.846106
v 11.230019 1.885202 -8.251433
v 10.097542 1.918323 -8.319877
v 10.102783 1.885202 -8.399837
v 11.238663 1.805242 -8.283702
v 11.238663 1.579034 -8.283702
v 12.278412 1.499074 -7.817174
v 12.238091 1.465953 -7.747329
v 11.230019 1.499074 -8.251433
v 11.209145 1.465953 -8.173532
v 10.104950 1.579034 -8.432958
v 10.104950 1.805242 -8.432958
v -0.000000 1.885202 -8.399837
v 0.000000 1.918323 -8.319877
v 10.097542 1.918323 -8.319877
v -0.000000 1.805242 -8.432958
v -0.000000 1.579034 -8.432958
v 10.102783 1.499074 -8.399837
v 10.097542 1.465953 -8.319877
v 0.000000 1.499074 -8.399837
v 0.000000 1.465953 -8.319877
v -10.237640 0.158003 -6.495950
v -9.609421 0.158021 -6.554515
v -10.276138 0.082083 -6.664580
v -9.616005 0.082083 -6.726148
v -11.146736 0.082083 -6.341008
v -11.061539 0.158003 -6.189736
v -11.879730 0.082083 -5.760283
v -11.751953 0.158003 -5.642743
v -12.397392 0.082084 -4.981479
v -12.239548 0.158003 -4.909177
v -12.645607 0.082084 -4.093072
v -12.475563 0.158003 -4.064429
v -12.686432 0.082084 -3.428159
v -12.514778 0.154372 -3.426152
v -12.696373 0.158843 -3.251847
v -12.556503 0.186340 -3.274578
v -12.526062 0.324686 -3.248728
v -12.700073 0.341288 -3.184875
v -12.700279 0.502744 -3.192746
v -12.522408 0.583421 -3.268592
v -12.699463 0.685186 -3.126034
v -12.528091 0.761937 -3.203653
v -12.533394 0.836983 -3.022081
v -12.697205 0.761948 -2.950261
v -12.687202 0.761948 -2.160844
v -12.515739 0.840579 -2.155327
v -12.683632 0.837907 -1.988828
v -12.545250 0.873770 -2.015118
v -12.514290 1.026241 -1.982894
v -12.683556 1.021153 -1.917759
v -12.690414 1.282513 -1.918142
v -13.006203 1.021153 -1.935765
v -13.006203 1.282577 -1.935765
v -12.689827 1.348470 -1.905090
v -12.506935 1.348445 -1.972783
v -12.479218 1.404643 -1.943700
v -12.516350 1.282467 -1.983028
v -12.936127 0.837868 -2.002992
v -12.766945 0.761948 -2.165294
v -12.778099 0.761948 -2.949506
v -12.781639 0.685334 -3.113246
v -12.777588 0.499029 -3.184955
v -12.768974 0.354166 -3.189339
v -12.956650 0.838567 -3.020652
v -12.952087 0.760927 -3.179508
v -12.945572 0.572376 -3.253897
v -12.943939 0.364401 -3.266610
v -12.765259 0.161310 -3.262328
v -12.910362 0.199803 -3.303749
v -12.937866 0.161796 -3.430146
v -12.763313 0.082084 -3.428524
v -12.733307 0.082084 -4.079147
v -12.471664 0.082084 -5.015514
v -12.903572 0.158003 -4.106977
v -12.629509 0.158003 -5.087816
v -11.939873 0.082083 -5.815598
v -12.067650 0.158003 -5.933138
v -11.186836 0.082083 -6.412193
v -11.272034 0.158003 -6.563464
v -10.280914 0.082083 -6.748907
v -10.319016 0.158003 -6.917685
v -9.619385 0.082083 -6.807379
v -9.629494 0.159815 -6.978589
v -9.448883 0.159781 -6.819570
v -9.488670 0.195975 -6.957951
v -9.458824 0.352185 -6.991313
v -9.377876 0.347524 -6.823146
v -9.377594 0.496837 -6.823467
v -9.457237 0.569636 -6.990838
v -9.306595 0.684344 -6.827075
v -9.386032 0.759880 -6.999842
v -9.215271 0.838361 -7.009319
v -9.135742 0.761948 -6.831541
v -8.454529 0.761948 -6.839152
v -8.460625 0.836459 -7.010543
v -8.283089 0.836459 -6.843398
v -8.320053 0.868289 -6.981526
v -8.289497 1.013322 -7.014297
v -8.212097 1.016373 -6.846503
v -8.212097 1.282577 -6.846501
v -8.289551 1.282579 -7.014360
v -8.279945 1.348459 -7.024586
v -8.199265 1.348474 -6.849651
v -8.252670 1.404561 -7.053563
v -8.208099 1.282537 -6.765135
v -8.207916 1.021152 -6.761427
v -8.278946 0.837879 -6.760116
v -8.450584 0.761948 -6.758873
v -9.132202 0.761948 -6.751210
v -8.441475 0.837879 -6.587468
v -8.303726 0.872702 -6.620286
v -8.271065 1.023936 -6.589995
v -8.272255 1.282495 -6.591015
v -8.195038 1.348469 -6.763876
v -8.162720 1.404563 -6.858623
v -8.113167 1.455512 -6.870784
v -8.215652 1.455512 -7.092882
v -8.262177 1.348447 -6.581510
v -8.157761 1.404592 -6.758428
v -8.233040 1.404622 -6.554071
v -8.193459 1.455512 -6.516808
v -8.107269 1.455512 -6.750694
v -9.469254 0.190180 -6.599050
v -9.436279 0.337044 -6.570142
v -9.609421 0.158021 -6.554515
v -9.605568 0.341288 -6.483565
v -10.237640 0.158003 -6.495950
v -10.221703 0.341288 -6.426101
v -11.061539 0.158003 -6.189736
v -11.026253 0.341288 -6.127078
v -11.751953 0.158003 -5.642743
v -9.599884 0.761948 -6.484096
v -9.436607 0.584318 -6.569234
v -10.221703 0.761948 -6.426101
v -11.026253 0.761948 -6.127078
v -11.699036 0.341288 -5.594057
v -12.239548 0.158003 -4.909177
v -12.174171 0.341288 -4.879229
v -12.475563 0.158003 -4.064429
v -12.405128 0.341288 -4.052565
v -12.514778 0.154372 -3.426152
v -11.699036 0.761948 -5.594057
v -12.174171 0.761948 -4.879229
v -11.699036 1.282577 -5.594057
v -12.174171 1.282577 -4.879229
v -12.405128 0.761948 -4.052565
v -12.443634 0.328908 -3.425470
v -12.526062 0.324686 -3.248728
v -12.556503 0.186340 -3.274578
v -11.026253 1.282577 -6.127078
v -12.522408 0.583421 -3.268592
v -12.443420 0.761948 -3.428926
v -12.451233 0.944470 -3.361320
v -12.528091 0.761937 -3.203653
v -12.533394 0.836983 -3.022081
v -12.457787 1.021153 -3.194983
v -12.515739 0.840579 -2.155327
v -12.405128 1.282577 -4.052565
v -12.162231 1.348475 -4.873760
v -11.689369 1.348475 -5.585166
v -11.019806 1.348475 -6.115636
v -10.218788 1.348476 -6.413349
v -10.221703 1.282577 -6.426101
v -9.529762 0.945604 -6.494696
v -9.366051 0.763359 -6.577636
v -9.195511 0.837259 -6.586764
v -9.364113 1.021152 -6.506084
v -8.438499 1.021152 -6.516490
v -8.441475 0.837879 -6.587468
v -8.271065 1.023936 -6.589995
v -8.303726 0.872702 -6.620286
v -8.442215 1.282537 -6.516448
v -8.272255 1.282495 -6.591015
v -8.262177 1.348447 -6.581510
v -8.440170 1.348469 -6.503483
v -8.233040 1.404622 -6.554071
v -9.364113 1.282576 -6.506084
v -9.363434 1.348478 -6.493128
v -8.432487 1.404592 -6.466608
v -8.421722 1.455512 -6.416671
v -8.193459 1.455512 -6.516808
v -9.358902 1.455512 -6.406136
v -9.361511 1.404562 -6.456193
v -10.210495 1.404562 -6.377013
v -11.001450 1.404562 -6.083042
v -11.661835 1.404563 -5.559841
v -12.128220 1.404563 -4.858181
v -12.392273 1.348477 -4.050399
v -12.457787 1.282577 -3.194983
v -12.444611 1.282577 -2.155471
v -12.444611 1.030495 -2.155471
v -12.516350 1.282467 -1.983028
v -12.514290 1.026241 -1.982894
v -12.545250 0.873770 -2.015118
v -12.431602 1.348473 -2.152939
v -12.506935 1.348445 -1.972783
v -12.444817 1.348479 -3.194667
v -12.355637 1.404563 -4.044227
v -12.407845 1.404563 -3.193768
v -12.394569 1.404563 -2.145730
v -12.479218 1.404643 -1.943700
v -12.441505 1.455513 -1.904328
v -12.344360 1.455513 -2.135957
v -12.357742 1.455512 -3.192549
v -12.305969 1.455512 -4.035861
v -12.082123 1.455512 -4.837064
v -11.624519 1.455512 -5.525510
v -10.976562 1.455512 -6.038860
v -10.199249 1.455512 -6.327760
v -9.444717 0.158065 -6.741953
v -9.469254 0.190180 -6.599050
v -9.436279 0.337044 -6.570142
v -9.374222 0.341288 -6.748377
v -9.436607 0.584318 -6.569234
v -9.374809 0.502744 -6.748352
v -9.304085 0.685967 -6.749207
v -9.366051 0.763359 -6.577636
v -9.195511 0.837259 -6.586764
v -12.910362 0.199803 -3.303749
v -12.943939 0.364401 -3.266610
v -12.937866 0.161796 -3.430146
v -13.010277 0.354278 -3.433152
v -12.903572 0.158003 -4.106977
v -12.974098 0.341289 -4.118505
v -12.629509 0.158003 -5.087816
v -12.694893 0.341288 -5.117765
v -12.067650 0.158003 -5.933138
v -13.010597 0.761948 -3.439971
v -12.945572 0.572376 -3.253897
v -12.974098 0.761948 -4.118505
v -12.694893 0.761948 -5.117765
v -12.120575 0.761948 -5.981825
v -12.120575 0.341288 -5.981825
v -11.307327 0.674012 -6.626122
v -11.307327 0.341288 -6.626122
v -11.272034 0.158003 -6.563464
v -10.319016 0.158003 -6.917685
v -13.018066 0.945072 -3.369273
v -12.974098 1.282577 -4.118505
v -12.694893 1.282577 -5.117765
v -12.120575 1.282577 -5.981825
v -11.307320 1.282577 -6.626122
v -12.952087 0.760927 -3.179508
v -12.956650 0.838567 -3.020652
v -13.024094 1.021162 -3.193258
v -13.006203 1.021153 -1.935765
v -13.024132 1.282581 -3.197743
v -13.006203 1.282577 -1.935765
v -13.019196 1.348394 -1.923301
v -13.037109 1.348481 -3.198907
v -13.055450 1.404563 -1.888520
v -12.986969 1.348477 -4.120627
v -12.706833 1.348475 -5.123234
v -12.130234 1.348475 -5.990716
v -11.313766 1.348475 -6.637564
v -10.334793 1.282577 -6.987595
v -10.334793 0.674012 -6.987595
v -10.334793 0.341288 -6.987595
v -9.629494 0.159815 -6.978589
v -9.635605 0.347525 -7.049408
v -9.458824 0.352185 -6.991313
v -9.457237 0.569636 -6.990838
v -9.636139 0.761948 -7.049384
v -9.564072 0.945808 -7.059699
v -12.936127 0.837868 -2.002992
v -9.488670 0.195975 -6.957951
v -9.386032 0.759880 -6.999842
v -9.215271 0.838361 -7.009319
v -9.389336 1.021156 -7.071225
v -8.460625 0.836459 -7.010543
v -9.389679 1.282578 -7.071213
v -10.337677 1.348476 -7.000358
v -11.332123 1.404563 -6.670157
v -12.157768 1.404562 -6.016041
v -12.740837 1.404563 -5.138813
v -13.023643 1.404563 -4.126675
v -13.074081 1.404567 -3.199967
v -13.124184 1.455512 -3.200974
v -13.104874 1.455513 -1.841116
v -13.073357 1.455512 -4.134871
v -12.786942 1.455512 -5.159930
v -12.195084 1.455512 -6.050372
v -11.357010 1.455512 -6.714340
v -10.357010 1.455512 -7.086019
v -10.345886 1.404563 -7.036726
v -9.394745 1.455512 -7.171160
v -9.392250 1.404562 -7.121101
v -8.443520 1.455512 -7.181797
v -9.390388 1.348478 -7.084166
v -8.461800 1.282576 -7.081586
v -8.459427 1.348474 -7.094587
v -8.452675 1.404562 -7.131608
v -8.215652 1.455512 -7.092882
v -8.252670 1.404561 -7.053563
v -8.279945 1.348459 -7.024586
v -8.289551 1.282579 -7.014360
v -8.461800 1.016373 -7.081589
v -8.289497 1.013322 -7.014297
v -8.320053 0.868289 -6.981526
v -13.019196 1.348394 -1.923301
v -12.684700 1.404626 -1.867766
v -12.677109 1.455513 -1.817243
v -12.441505 1.455513 -1.904328
v -13.104874 1.455513 -1.841116
v -13.055450 1.404563 -1.888520
v 0.000000 2.052234 -7.480524
v 0.000000 3.245422 -7.904353
v -8.877098 2.052234 -7.480524
v -9.871872 3.245422 -7.904353
v -11.032166 3.234577 -7.752408
v -10.322777 3.966068 -8.053210
v -11.465538 3.959415 -7.901309
v -12.117050 3.228267 -7.316112
v -12.532349 3.954612 -7.458593
v -11.706314 4.781742 -7.885449
v -10.576485 4.791183 -8.036018
v -0.000000 4.791183 -8.036018
v -0.000000 5.635170 -7.854598
v -10.606720 5.635170 -7.854598
v -11.730240 5.618934 -7.706365
v -12.759941 4.771289 -7.440288
v -13.450035 3.952335 -6.754963
v -13.051666 3.226490 -6.625024
v -11.241943 2.072307 -6.929631
v -10.101273 2.062191 -7.342191
v -11.193573 1.969554 -6.953123
v -10.037521 1.964736 -7.365858
v -8.803703 1.960372 -7.503308
v 0.000000 2.052234 -7.480524
v 0.000000 1.960372 -7.504630
v 0.000000 3.966068 -8.053210
v -12.187904 1.972961 -6.288467
v -12.219353 2.078914 -6.269757
v -12.951378 1.974697 -5.416598
v -12.967773 2.082145 -5.407810
v -13.430420 1.974727 -4.397580
v -13.436935 2.082378 -4.402942
v -13.591286 1.973881 -3.307968
v -13.596115 2.081222 -3.324288
v -13.590973 1.973881 -0.000000
v -13.596115 2.081223 -0.000000
v -14.384445 3.239906 -3.555364
v -14.384445 3.239906 -0.000000
v -14.754066 3.958145 -3.623366
v -14.754066 3.958145 -0.000000
v -14.946854 4.754329 -3.561641
v -14.946854 4.754330 -0.000000
v -14.949196 5.565719 -3.376046
v -14.949196 5.565720 -0.000000
v -14.847191 6.425310 -0.000000
v -14.847191 6.425308 -3.113386
v -14.801430 5.566082 -4.540712
v -14.797249 4.754211 -4.722361
v -14.600266 3.954483 -4.769921
v -14.225754 3.232944 -4.678789
v -13.771126 3.228305 -5.725662
v -14.155464 3.952465 -5.837987
v -14.360085 4.757030 -5.803069
v -14.367645 5.571945 -5.624294
v -14.702057 6.407207 -4.281881
v -14.752075 6.914886 -4.263928
v -14.905121 6.925827 -3.110983
v -14.904587 6.925306 -0.000001
v -15.159706 7.342586 -3.373718
v -15.157761 7.340717 -0.000001
v -15.502945 7.673064 -0.000001
v -15.400590 7.574516 -0.000001
v -15.502129 7.672276 -3.762483
v -14.989479 7.321159 -4.497723
v -15.359749 7.678690 -4.906312
v -14.546600 7.312358 -5.558912
v -14.925850 7.681689 -5.968464
v -13.861618 7.317337 -6.484185
v -14.230759 7.681778 -6.877707
v -14.317726 6.910171 -5.341357
v -14.271309 6.398651 -5.368242
v -13.677444 5.582874 -6.552932
v -13.665192 4.762596 -6.730153
v -12.777779 5.599563 -7.262880
v -13.584084 6.402187 -6.297760
v -13.631752 6.912647 -6.269479
v -12.970078 7.325183 -7.198236
v -13.323669 7.680666 -7.574144
v -11.936287 7.339237 -7.656444
v -12.265404 7.677320 -8.009206
v -12.738319 6.914787 -6.983003
v -12.689018 6.401664 -7.012009
v -11.646332 6.404705 -7.459943
v -10.526093 6.420928 -7.607960
v -0.000000 6.420928 -7.607960
v 0.000000 6.420928 -7.607960
v -0.000000 6.930342 -7.591053
v -10.584679 6.929801 -7.590497
v -11.699066 6.919605 -7.433760
v -10.831291 7.359649 -7.828863
v -0.000000 7.361600 -7.830890
v -0.000000 7.596088 -8.074434
v -0.000000 7.672321 -8.153611
v -11.129166 7.672957 -8.154272
v -13.590973 1.973881 -0.000000
v -13.591286 1.973881 -3.307968
v -13.684357 1.918324 -0.000000
v -13.685265 1.918323 -3.306720
v -14.372200 1.918324 -0.000000
v -14.372200 1.918323 -4.045215
v -14.225861 1.918323 -5.156819
v -13.520172 1.918323 -4.423083
v -13.799652 1.918323 -6.185764
v -13.024155 1.918323 -5.474510
v -13.121666 1.918323 -7.069338
v -12.236305 1.918323 -6.371439
v -12.187904 1.972961 -6.288467
v -11.193573 1.969554 -6.953123
v -11.213814 1.918323 -7.052017
v -10.037521 1.964736 -7.365858
v -13.430420 1.974727 -4.397580
v -12.951378 1.974697 -5.416598
v -12.238091 1.918323 -7.747329
v -11.209145 1.918323 -8.173532
v -10.029297 1.918323 -7.470909
v -8.803703 1.960372 -7.503308
v -8.775612 1.918323 -7.609427
v 0.000000 1.960372 -7.504630
v -0.000000 1.918323 -7.613634
v 0.000000 1.918323 -8.319877
v -10.097542 1.918323 -8.319877
v -13.595261 5.491076 -0.000000
v -13.595261 5.491073 -3.164542
v -13.595261 7.660709 -0.000001
v -13.595261 7.660709 -3.164542
v -13.766350 8.073746 -0.000001
v -13.766350 8.073746 -3.175755
v -14.179382 8.244831 -0.000001
v -14.179382 8.244831 -3.202827
v -15.432716 8.244810 -3.842873
v -15.287292 8.244810 -4.947492
v -15.581528 8.095997 -3.852627
v -15.581528 8.095999 -0.000001
v -15.432716 8.244812 -0.000001
v -13.465034 5.491073 -4.153734
v -13.465034 7.660709 -4.153734
v -13.083221 5.491073 -5.075515
v -13.083221 7.660709 -5.075515
v -12.475845 5.491073 -5.867066
v -14.034119 8.244831 -4.306221
v -13.631714 8.073746 -4.198396
v -13.232666 8.073742 -5.161796
v -13.593445 8.244831 -5.370096
v -14.864693 8.244810 -5.967745
v -15.432274 8.095997 -4.986340
v -15.432274 7.868864 -4.986340
v -15.581528 7.865955 -3.852626
v -15.502129 7.672276 -3.762483
v -15.502945 7.673064 -0.000001
v -15.581528 7.865956 -0.000001
v -15.581528 7.865956 -0.000001
v -15.359749 7.678690 -4.906312
v -14.994675 7.868983 -6.042793
v -14.994675 8.095997 -6.042793
v -14.192429 8.244809 -6.843855
v -12.892441 8.244831 -6.283667
v -12.597862 8.073742 -5.989085
v -12.475845 7.660709 -5.867066
v -11.684288 5.491073 -6.474444
v -11.684288 7.660709 -6.474444
v -10.762512 5.491073 -6.856258
v -14.925850 7.681689 -5.968464
v -11.770569 8.073741 -6.623887
v -11.978867 8.244830 -6.984672
v -13.316315 8.244810 -7.516119
v -14.298561 8.095996 -6.949989
v -14.298561 7.867911 -6.949989
v -14.230759 7.681778 -6.877707
v -13.391365 7.868273 -7.646105
v -13.323669 7.680666 -7.574144
v -13.391365 8.095996 -7.646105
v -12.296066 8.244810 -7.938722
v -10.914993 8.244830 -7.425345
v -10.807175 8.073741 -7.022939
v -10.762512 7.660709 -6.856258
v -9.773315 5.491073 -6.986489
v -9.773315 7.660705 -6.986489
v -0.000000 5.491073 -6.986489
v -0.000000 7.660705 -6.986489
v -0.000000 8.073741 -7.157574
v -9.784531 8.073741 -7.157574
v 0.000000 8.244826 -7.570610
v -9.811600 8.244826 -7.570610
v -11.191444 8.244811 -8.084148
v -12.334915 8.095997 -8.083703
v -11.201195 8.095997 -8.232959
v 0.000000 8.244811 -8.084148
v -12.334915 7.867897 -8.083703
v -11.201195 7.865366 -8.232959
v -12.265404 7.677320 -8.009206
v -11.129166 7.672957 -8.154272
v 0.000000 7.865366 -8.232959
v -0.000000 7.672321 -8.153611
v 0.000000 8.095997 -8.232959
v -14.372200 1.465954 -0.000000
v -14.452164 1.499074 -0.000000
v -14.452164 1.499074 -4.050456
v -14.485283 1.579035 -4.052627
v -14.485283 1.579035 -0.000000
v -14.485283 1.805242 -4.052627
v -14.485283 1.805242 -0.000000
v -14.372200 1.465953 -4.045215
v -14.303757 1.499074 -5.177693
v -14.225861 1.465953 -5.156819
v -14.336029 1.579035 -5.186339
v -14.336029 1.805242 -5.186339
v -13.898430 1.579034 -6.242793
v -13.869499 1.499074 -6.226089
v -13.799652 1.465953 -6.185764
v -13.178696 1.499074 -7.126366
v -13.121666 1.465953 -7.069338
v -13.202316 1.579034 -7.149988
v -13.898430 1.805242 -6.242793
v -13.869499 1.885202 -6.226089
v -14.303757 1.885203 -5.177693
v -14.452164 1.885203 -4.050456
v -14.452164 1.885203 -0.000000
v -14.372200 1.918323 -4.045215
v -14.372200 1.918324 -0.000000
v -14.225861 1.918323 -5.156819
v -13.799652 1.918323 -6.185764
v -13.121666 1.918323 -7.069338
v -13.178696 1.885202 -7.126366
v -12.238091 1.918323 -7.747329
v -12.278412 1.885202 -7.817174
v -11.209145 1.918323 -8.173532
v -11.230019 1.885202 -8.251433
v -10.097542 1.918323 -8.319877
v -13.202316 1.805242 -7.149988
v -12.295120 1.579034 -7.846106
v -12.278412 1.499074 -7.817174
v -12.238091 1.465953 -7.747329
v -11.230019 1.499074 -8.251433
v -11.209145 1.465953 -8.173532
v -12.295120 1.805242 -7.846106
v -11.238663 1.805242 -8.283702
v -10.102783 1.885202 -8.399837
v -0.000000 1.885202 -8.399837
v 0.000000 1.918323 -8.319877
v -11.238663 1.579034 -8.283702
v -10.104950 1.579034 -8.432958
v -10.102783 1.499074 -8.399837
v -0.000000 1.579034 -8.432958
v -10.104950 1.805242 -8.432958
v -0.000000 1.805242 -8.432958
v -10.097542 1.465953 -8.319877
v 0.000000 1.499074 -8.399837
v 0.000000 1.465953 -8.319877
v 14.372200 1.465954 -0.000000
v 14.372200 1.465954 4.045215
v -0.000000 1.465954 -0.000000
v -0.000000 1.465954 8.319877
v 14.225861 1.465954 5.156819
v 13.799652 1.465954 6.185764
v 13.121666 1.465954 7.069338
v 12.238091 1.465954 7.747329
v 11.209145 1.465954 8.173532
v 10.097542 1.465954 8.319877
v -0.000000 1.465954 -0.000000
v -14.372200 1.465954 -0.000000
v -0.000000 1.465954 8.319877
v -14.372200 1.465954 4.045215
v -14.225861 1.465954 5.156819
v -13.799652 1.465954 6.185764
v -13.121666 1.465954 7.069338
v -12.238091 1.465954 7.747329
v -11.209145 1.465954 8.173532
v -10.097542 1.465954 8.319877
v 10.097542 1.465953 -8.319877
v 11.209145 1.465953 -8.173532
v 0.000000 1.465953 -8.319877
v -0.000000 1.465954 -0.000000
v 12.238091 1.465953 -7.747329
v 13.121666 1.465953 -7.069338
v 13.799652 1.465953 -6.185764
v 14.225861 1.465953 -5.156819
v 14.372200 1.465953 -4.045215
v 14.372200 1.465954 -0.000000
v 0.000000 1.465953 -8.319877
v -10.097542 1.465953 -8.319877
v -0.000000 1.465954 -0.000000
v -11.209145 1.465953 -8.173532
v -12.238091 1.465953 -7.747329
v -13.121666 1.465953 -7.069338
v -13.799652 1.465953 -6.185764
v -14.225861 1.465953 -5.156819
v -14.372200 1.465953 -4.045215
v -14.372200 1.465954 -0.000000
vn -0.1759 -0.7076 -0.6843
vn -0.0679 -0.9640 -0.2570
vn -0.1297 -0.6896 -0.7125
vn -0.0943 -0.9595 -0.2655
vn -0.0000 -1.0000 0.0022
vn -0.0000 -1.0000 -0.0022
vn -0.1262 -0.9646 -0.2316
vn -0.3468 -0.7115 -0.6112
vn -0.1914 -0.9648 -0.1803
vn -0.5158 -0.7125 -0.4758
vn -0.2411 -0.9641 -0.1112
vn -0.6410 -0.7104 -0.2907
vn -0.2630 -0.9635 -0.0502
vn -0.6938 -0.7086 -0.1285
vn -0.2595 -0.9624 -0.0808
vn -0.7060 -0.7007 -0.1025
vn -0.1757 -0.6729 -0.7186
vn -0.5534 -0.5695 -0.6078
vn -0.7129 -0.1017 -0.6939
vn -0.2192 -0.1127 -0.9691
vn -0.3410 -0.1116 -0.9334
vn -0.7858 -0.0679 -0.6147
vn -0.4271 -0.6091 -0.6683
vn -0.8504 -0.3354 -0.4053
vn -0.8181 -0.5739 -0.0371
vn -0.3278 -0.9429 -0.0590
vn -0.2720 -0.9593 -0.0764
vn -0.7579 -0.6513 -0.0371
vn -0.1036 -0.6284 -0.7710
vn -0.5999 -0.5439 -0.5868
vn -0.6982 -0.1165 -0.7063
vn -0.0848 -0.1368 -0.9870
vn -0.0918 -0.0406 -0.9950
vn 0.9557 -0.1505 -0.2529
vn 0.9661 -0.0528 -0.2529
vn -0.0864 -0.3980 -0.9133
vn -0.6248 -0.4297 -0.6519
vn -0.5104 -0.6782 -0.5287
vn -0.6944 -0.0378 -0.7186
vn 0.7811 -0.5909 -0.2017
vn 0.2883 -0.9557 -0.0590
vn 0.3170 -0.9463 -0.0633
vn 0.3609 -0.6301 -0.6875
vn 0.3071 -0.1933 -0.9318
vn 0.3008 -0.1802 -0.9365
vn 0.8342 -0.5492 -0.0503
vn 0.8712 -0.3537 -0.3404
vn 0.8283 -0.1205 -0.5471
vn 0.7661 -0.1353 -0.6284
vn 0.2965 -0.6394 -0.7094
vn 0.6069 -0.5203 -0.6008
vn 0.7430 -0.6683 -0.0371
vn 0.2955 -0.9535 -0.0590
vn 0.3028 -0.9515 0.0546
vn 0.2776 -0.9521 0.1285
vn 0.7328 -0.6674 0.1329
vn 0.6818 -0.6619 0.3115
vn 0.2224 -0.9529 0.2060
vn 0.5527 -0.6620 0.5063
vn 0.1484 -0.9526 0.2655
vn 0.3682 -0.6630 0.6519
vn 0.0753 -0.9526 0.2948
vn 0.1787 -0.6623 0.7276
vn -0.0415 -0.9572 0.2865
vn 0.0019 -0.6731 0.7395
vn -0.6972 -0.6572 0.2865
vn -0.5594 -0.5327 0.6351
vn -0.5976 -0.1198 0.7928
vn -0.9364 -0.1615 0.3115
vn -0.9169 -0.1614 0.3649
vn -0.5239 -0.1047 0.8453
vn -0.6591 -0.6258 0.4172
vn -0.3180 -0.3566 0.8785
vn -0.0057 -0.6985 -0.7156
vn 0.0038 -0.1090 -0.9940
vn 0.0018 -0.7079 -0.7064
vn -0.0357 -0.5660 0.8236
vn -0.0660 -0.9452 0.3198
vn -0.0603 -0.9587 0.2781
vn -0.0414 -0.6686 0.7424
vn -0.6994 -0.6701 0.2486
vn -0.5666 -0.5639 0.6007
vn -0.6812 -0.1237 0.7216
vn -0.9495 -0.1279 0.2865
vn -0.9493 -0.0415 0.3115
vn -0.6845 -0.0452 0.7276
vn -0.1868 -0.6923 -0.6970
vn -0.6185 -0.4289 0.6584
vn -0.8726 -0.3987 0.2823
vn -0.5080 -0.6742 0.5361
vn -0.0114 0.1084 -0.9940
vn -0.0114 -0.1084 -0.9940
vn -0.2590 0.1068 -0.9599
vn -0.0057 0.6985 -0.7156
vn 0.0019 0.7079 -0.7063
vn 0.0038 0.1090 -0.9940
vn -0.2590 -0.1068 -0.9599
vn -0.4972 0.1052 -0.8613
vn -0.3616 -0.6918 -0.6250
vn -0.4972 -0.1052 -0.8613
vn -0.9739 -0.0415 -0.2231
vn -0.9711 -0.1206 -0.2060
vn -0.7117 -0.6716 -0.2060
vn -0.0661 -0.9558 -0.2865
vn -0.0680 -0.9451 -0.3198
vn -0.7025 0.1092 -0.7032
vn 0.0019 0.9967 -0.0808
vn 0.0019 0.9245 -0.3812
vn -0.0603 -0.6606 -0.7483
vn -0.1868 0.6923 -0.6970
vn -0.6071 -0.5511 -0.5724
vn -0.7228 -0.1166 -0.6811
vn -0.7282 -0.0378 -0.6844
vn -0.8922 -0.3997 -0.2103
vn -0.7255 -0.6481 0.2316
vn -0.6751 -0.7058 0.2146
vn -0.4678 -0.7297 0.4987
vn -0.3616 0.6919 -0.6249
vn -0.5102 0.6925 -0.5101
vn -0.6591 -0.4284 -0.6181
vn -0.7405 -0.6498 -0.1717
vn -0.5344 -0.6796 -0.5025
vn -0.4994 -0.7291 -0.4681
vn -0.6914 -0.7048 -0.1588
vn -0.5101 -0.6925 -0.5100
vn -0.7025 -0.1092 -0.7032
vn -0.8598 0.1092 -0.4987
vn -0.6267 0.6907 -0.3609
vn -0.6251 -0.5530 -0.5508
vn -0.7069 -0.1204 -0.6970
vn -0.1590 -0.1136 -0.9807
vn -0.1759 -0.7076 -0.6844
vn -0.2420 -0.1237 -0.9624
vn -0.3468 -0.7114 -0.6112
vn -0.4861 -0.1198 -0.8657
vn -0.5158 -0.7124 -0.4758
vn -0.0076 0.9994 -0.0328
vn -0.0151 0.9995 -0.0284
vn -0.1264 -0.0038 -0.9920
vn -0.6366 -0.0941 -0.7654
vn -0.0227 0.9995 -0.0240
vn -0.0302 0.9994 -0.0153
vn -0.6963 0.6936 -0.1847
vn -0.0378 0.9992 -0.0109
vn -0.2338 -0.0000 -0.9723
vn -0.4892 0.0038 -0.8721
vn -0.7123 0.7016 -0.0197
vn -0.7311 -0.1204 -0.6715
vn -0.0604 0.9982 -0.0022
vn -0.9026 -0.1204 -0.4133
vn -0.6939 -0.7085 -0.1285
vn -0.9762 -0.1206 -0.1803
vn -0.7061 -0.7007 -0.1025
vn -0.7071 0.7071 0.0022
vn -0.0453 0.9990 0.0022
vn -0.9944 0.1056 0.0022
vn -0.9940 0.1055 -0.0284
vn -0.7351 0.0038 -0.6780
vn -0.9087 -0.0000 -0.4173
vn -0.7349 -0.0189 -0.6780
vn -0.9085 -0.0227 -0.4172
vn -0.9606 0.1056 -0.2571
vn -0.9844 -0.0038 -0.1760
vn -0.9848 -0.1168 -0.1286
vn -0.7129 -0.1016 -0.6938
vn -0.5534 -0.5695 -0.6077
vn -0.8598 -0.1092 -0.4987
vn -0.6267 -0.6907 -0.3609
vn -0.4889 -0.0189 -0.8722
vn -0.6963 -0.6936 -0.1847
vn -0.9606 -0.1056 -0.2571
vn -0.7859 -0.0679 -0.6146
vn -0.9956 -0.0038 -0.0938
vn -0.9940 -0.1055 -0.0284
vn -0.7123 -0.7016 -0.0197
vn -0.9966 -0.0189 -0.0808
vn -0.8505 -0.3354 -0.4053
vn -0.8181 -0.5738 -0.0371
vn -0.9975 -0.0604 -0.0371
vn -0.9944 -0.1056 0.0022
vn -0.9849 -0.0227 -0.1717
vn -0.7071 -0.7071 0.0022
vn -0.8436 -0.3740 -0.3852
vn -0.0114 0.3587 -0.9334
vn 0.0019 0.9728 -0.2317
vn 0.0019 0.3670 -0.9302
vn -0.6826 -0.3731 -0.6283
vn -0.4548 -0.3734 -0.8085
vn -0.2048 -0.3749 -0.9042
vn -0.0133 -0.1647 -0.9862
vn -0.0019 -0.1825 -0.9832
vn -0.2280 -0.0264 -0.9733
vn -0.2454 0.3544 -0.9023
vn -0.1111 -0.0226 -0.9936
vn -0.2603 -0.2097 -0.9425
vn -0.2013 -0.6977 -0.6876
vn -0.3437 -0.7360 -0.5832
vn -0.4352 -0.3405 -0.8335
vn -0.4893 -0.2237 -0.8430
vn -0.0548 -0.5788 -0.8136
vn -0.0669 -0.0561 -0.9962
vn -0.4689 0.3556 -0.8085
vn -0.0715 -0.1490 -0.9862
vn -0.7228 -0.1166 -0.6812
vn -0.6071 -0.5511 -0.5725
vn -0.0133 -0.5883 -0.8085
vn -0.0038 -0.6232 -0.7820
vn -0.0396 0.9885 -0.1459
vn 0.1739 0.7352 0.6552
vn 0.0038 0.9922 0.1242
vn 0.0340 0.9917 0.1242
vn -0.0791 -0.0369 -0.9962
vn 0.0113 0.7170 0.6970
vn -0.7281 -0.0378 -0.6844
vn 0.2591 0.0669 0.9635
vn -0.6590 -0.4285 -0.6181
vn -0.0752 -0.3921 -0.9168
vn 0.0130 0.0687 0.9976
vn -0.0057 0.9194 -0.3933
vn -0.0019 0.9844 0.1760
vn -0.0634 -0.0294 -0.9976
vn -0.0472 -0.3762 -0.9253
vn 0.0037 0.7079 0.7063
vn -0.0641 -0.6437 -0.7626
vn -0.0660 -0.7048 -0.7063
vn -0.4993 -0.7290 -0.4682
vn -0.0000 0.0655 0.9979
vn -0.0000 -0.0000 1.0000
vn 0.0131 -0.0000 0.9999
vn -0.0321 -0.7009 -0.7125
vn -0.0378 -0.6289 -0.7766
vn 0.2592 -0.0000 0.9658
vn -0.1737 -0.6300 -0.7569
vn -0.3826 -0.6277 -0.6779
vn -0.5717 -0.6304 -0.5250
vn -0.7047 -0.6313 -0.3239
vn 0.4999 0.0676 0.8635
vn -0.9139 -0.3755 -0.1545
vn -0.9990 -0.0302 -0.0328
vn -0.9981 -0.0415 -0.0459
vn -0.9878 -0.1503 -0.0415
vn -0.5999 -0.5439 -0.5867
vn 0.3414 0.7343 0.5867
vn 0.0472 0.9953 0.0851
vn -0.0623 0.9923 -0.1069
vn -0.6603 0.3551 -0.6617
vn -0.9183 -0.3932 -0.0459
vn -0.6249 -0.4297 -0.6518
vn -0.6887 -0.2301 -0.6875
vn -0.4709 -0.7501 -0.4643
vn -0.5753 -0.7456 -0.3363
vn -0.9266 -0.3756 -0.0197
vn -0.8408 -0.2276 -0.4911
vn -0.8088 0.3560 -0.4681
vn -0.7653 -0.6307 -0.1285
vn -0.0812 0.9934 -0.0808
vn 0.0585 0.9965 0.0590
vn -0.7777 -0.6285 -0.0153
vn -0.7644 -0.6431 -0.0459
vn 0.4762 0.7370 0.4797
vn -0.5105 -0.6782 -0.5287
vn -0.4700 -0.7334 -0.4911
vn 0.7046 0.0678 0.7063
vn -0.7065 -0.7065 -0.0415
vn -0.7123 -0.7017 -0.0153
vn -0.7017 -0.7030 -0.1156
vn -0.6422 -0.7075 -0.2949
vn -0.5188 -0.7076 -0.4797
vn -0.3464 -0.7056 -0.6181
vn -0.1592 -0.7023 -0.6939
vn -0.6776 -0.7096 -0.1932
vn 0.5006 -0.0000 0.8657
vn 0.7079 -0.0000 0.7063
vn 0.8641 0.0678 0.4987
vn 0.5854 0.7358 0.3404
vn -0.7238 -0.6637 -0.1889
vn 0.0679 0.9968 0.0415
vn -0.6251 -0.5531 -0.5508
vn -0.0924 0.9942 -0.0546
vn -0.9669 -0.1505 -0.2061
vn -0.9475 -0.1504 -0.2823
vn -0.6898 -0.6205 -0.3730
vn -0.9039 0.3540 -0.2401
vn -0.9414 -0.2135 -0.2613
vn -0.7868 -0.6163 -0.0328
vn -0.9844 -0.1727 -0.0328
vn -0.9296 0.3687 0.0022
vn -0.9319 0.3615 -0.0284
vn -0.9836 -0.1802 0.0022
vn -1.0000 -0.0000 0.0022
vn -0.9296 0.3686 0.0022
vn -0.4352 -0.3405 -0.8334
vn -0.7825 -0.6226 -0.0022
vn -0.1055 0.9940 -0.0283
vn 0.0754 0.9970 0.0197
vn 0.7661 -0.1353 -0.6283
vn 0.9935 -0.1130 -0.0153
vn 0.9763 -0.1130 0.1846
vn 0.6819 -0.6618 0.3115
vn 0.9036 -0.1129 0.4133
vn 0.5527 -0.6619 0.5063
vn 0.6542 0.7356 0.1760
vn 0.9640 0.0678 0.2571
vn 0.9997 -0.0076 0.0240
vn 0.9972 0.0679 0.0328
vn 0.6961 0.7175 0.0240
vn 0.9836 -0.0000 0.1803
vn 0.9088 -0.0000 0.4172
vn 0.7352 -0.0000 0.6779
vn 0.7342 -0.1201 0.6683
vn 0.4893 -0.0000 0.8721
vn 0.4921 -0.1267 0.8613
vn 0.2380 -0.0000 0.9713
vn 0.0830 0.9965 0.0022
vn 0.2388 -0.1299 0.9624
vn 0.1787 -0.6622 0.7277
vn 0.0203 -0.1203 0.9925
vn 0.8667 -0.0000 0.4988
vn 0.0606 -0.0074 0.9981
vn 0.9664 -0.0000 0.2571
vn 0.2369 -0.0225 0.9713
vn 0.4849 -0.0226 0.8743
vn 0.7318 -0.0227 0.6812
vn 0.9085 -0.0226 0.4172
vn 0.9849 -0.0227 0.1717
vn 0.9993 -0.0151 0.0328
vn 0.9995 -0.0000 0.0328
vn -0.1356 0.9908 -0.0022
vn -0.1131 0.9936 -0.0000
vn 0.0980 0.9952 0.0022
vn 0.8342 -0.5491 -0.0502
vn 0.9984 -0.0528 0.0196
vn 0.9558 -0.1504 -0.2528
vn 0.7811 -0.5908 -0.2018
vn 0.7071 0.7071 0.0022
vn 0.3683 -0.6629 0.6519
vn 0.9977 0.0680 0.0022
vn 1.0000 -0.0000 0.0022
vn -0.5593 -0.5327 0.6351
vn 0.0019 0.9967 -0.0807
vn -0.0075 0.9994 -0.0327
vn -0.0076 0.9991 -0.0415
vn -0.0000 0.9993 -0.0372
vn -0.0019 0.9989 -0.0459
vn -0.0019 0.9987 -0.0502
vn 0.9993 -0.0302 0.0240
vn 0.9238 -0.3826 0.0153
vn 0.8440 -0.4837 -0.2316
vn 0.6604 -0.7244 -0.1975
vn -0.0002 0.6986 -0.7156
vn -0.0095 0.6197 -0.7847
vn -0.1608 0.6368 -0.7540
vn -0.0151 0.9992 -0.0372
vn 0.9661 -0.0528 -0.2528
vn -0.0227 0.9993 -0.0284
vn -0.0226 0.9995 -0.0240
vn 0.9080 -0.3894 0.1545
vn 0.8374 -0.3877 0.3852
vn 0.6767 -0.3892 0.6249
vn 0.4524 -0.3873 0.8033
vn -0.7305 0.4784 -0.4874
vn -0.5628 0.5040 -0.6552
vn -0.0378 0.9990 -0.0241
vn 0.2063 -0.3874 0.8985
vn -0.0453 0.9989 -0.0153
vn 0.3741 -0.6430 0.6683
vn -0.8401 0.4799 -0.2529
vn 0.5643 -0.6402 0.5213
vn 0.6993 -0.6393 0.3198
vn 0.7581 -0.6394 0.1285
vn 0.7730 -0.6343 0.0109
vn -0.0529 0.9986 -0.0022
vn 0.7124 -0.7017 0.0110
vn 0.6106 -0.7691 -0.1889
vn -0.8851 0.4645 -0.0284
vn -0.3575 0.5588 -0.7483
vn 0.7033 -0.7007 0.1199
vn 0.6457 -0.7043 0.2949
vn 0.5197 -0.7070 0.4797
vn 0.3477 -0.7052 0.6180
vn 0.1625 -0.7046 0.6907
vn 0.1732 -0.6404 0.7483
vn 0.0320 -0.7009 0.7125
vn 0.0377 -0.6323 0.7738
vn -0.0415 -0.7067 0.7063
vn 0.0450 -0.3805 0.9237
vn 0.0590 -0.0285 0.9979
vn 0.0727 -0.0147 0.9972
vn -0.3180 -0.3565 0.8785
vn -0.0679 0.9977 -0.0000
vn -0.0357 -0.5659 0.8237
vn 0.0561 -0.0417 0.9976
vn -0.0415 -0.6686 0.7425
vn -0.0494 -0.1350 0.9896
vn -0.0512 -0.0408 0.9979
vn -0.0488 -0.3922 0.9186
vn -0.0452 -0.6419 0.7654
vn -0.8783 0.4780 -0.0022
vn -0.4677 -0.7297 0.4988
vn -0.0076 -0.6401 -0.7682
vn -0.1975 -0.6861 -0.7001
vn -0.2013 -0.6977 -0.6875
vn -0.5080 -0.6742 0.5362
vn -0.0132 -0.5884 -0.8085
vn -0.6185 -0.4288 0.6585
vn -0.6844 -0.0452 0.7277
vn -0.0038 -0.6233 -0.7820
vn -0.6811 -0.1237 0.7216
vn -0.5666 -0.5639 0.6008
vn -0.0019 -0.7201 -0.6939
vn -0.0000 -0.6060 -0.7955
vn -0.0114 -0.2716 -0.9624
vn -0.0037 -0.2337 -0.9723
vn -0.2509 -0.2842 -0.9253
vn -0.4825 -0.3244 -0.8136
vn -0.5036 0.1994 -0.8406
vn -0.2598 0.2037 -0.9439
vn -0.0113 0.1993 -0.9799
vn 0.8440 -0.4837 -0.2317
vn -0.0698 -0.6498 -0.7569
vn 0.6605 -0.7244 -0.1975
vn -0.0038 0.1996 -0.9799
vn -0.0000 0.2549 -0.9670
vn -0.0038 0.1997 -0.9799
vn 0.0038 0.3011 -0.9536
vn -0.0698 -0.7075 -0.7032
vn -0.4699 -0.7334 -0.4912
vn -0.0000 0.2548 -0.9670
vn -0.0151 0.2545 -0.9670
vn -0.2606 0.2526 -0.9318
vn -0.4988 0.2379 -0.8334
vn -0.7125 0.1684 -0.6812
vn 0.0037 -0.0828 0.9966
vn 0.0131 -0.2757 0.9612
vn 0.0146 -0.0639 0.9979
vn 0.2343 -0.4208 0.8764
vn 0.2600 -0.1898 0.9468
vn -0.6781 -0.3458 -0.6485
vn -0.3470 -0.7317 -0.5867
vn -0.3437 -0.7361 -0.5832
vn -0.0019 -0.3343 0.9425
vn -0.0000 -0.3011 0.9536
vn 0.0038 -0.2844 0.9587
vn 0.0001 -0.3011 0.9536
vn 0.0094 -0.3217 0.9468
vn 0.0094 0.6197 0.7848
vn 0.1551 0.6382 0.7541
vn 0.1882 -0.4138 0.8907
vn 0.3585 0.5582 0.7483
vn -0.4709 -0.7502 -0.4643
vn -0.4762 -0.7492 -0.4604
vn -0.8196 -0.3563 -0.4487
vn -0.0038 0.6986 0.7155
vn -0.8691 0.1353 -0.4758
vn -0.7037 0.2123 -0.6780
vn -0.0018 0.1177 0.9931
vn -0.7139 -0.0151 -0.7001
vn -0.5114 0.0227 -0.8590
vn -0.6709 -0.3076 -0.6747
vn 0.4241 -0.4973 0.7569
vn -0.8147 -0.3313 -0.4758
vn 0.3843 -0.5078 0.7710
vn -0.8675 -0.0490 -0.4949
vn 0.5633 0.5034 0.6552
vn 0.5520 -0.5559 0.6215
vn 0.7309 0.4779 0.4873
vn 0.6924 -0.5711 0.4409
vn 0.8382 0.4832 0.2528
vn 0.7958 -0.5595 0.2316
vn 0.8851 0.4645 0.0284
vn 0.8435 -0.5363 0.0284
vn 0.8783 0.4780 -0.0000
vn 0.8479 -0.5302 -0.0022
vn 0.8515 -0.5236 0.0284
vn 0.8519 -0.5238 0.0022
vn 0.9372 -0.3473 0.0328
vn 0.9377 -0.3476 0.0021
vn 0.9922 -0.1205 0.0328
vn 0.9927 -0.1205 0.0022
vn 0.9976 0.0603 0.0328
vn 0.9982 0.0604 0.0022
vn -0.8603 0.1724 -0.4797
vn 0.9993 0.0378 -0.0022
vn 0.9986 0.0453 0.0284
vn -0.9679 0.0867 -0.2359
vn 0.9610 0.1205 0.2488
vn 0.9628 -0.0829 0.2571
vn 0.9043 -0.3470 0.2486
vn 0.8044 -0.5471 0.2316
vn 0.7116 -0.5533 0.4330
vn -0.9095 -0.3507 -0.2231
vn -0.5847 -0.7419 -0.3281
vn -0.6915 -0.6995 -0.1803
vn -0.9400 -0.3403 -0.0240
vn -0.7533 -0.6573 -0.0241
vn -0.6775 -0.7097 -0.1932
vn -0.7867 -0.6164 -0.0328
vn 0.8147 -0.3313 0.4758
vn -0.7825 -0.6227 -0.0022
vn 0.8678 -0.0453 0.4949
vn 0.8603 0.1723 0.4797
vn 0.9682 0.0829 0.2359
vn 0.9110 -0.3468 0.2231
vn -0.8515 -0.5236 -0.0284
vn -0.7932 -0.5632 -0.2316
vn -0.8435 -0.5363 -0.0284
vn 0.9400 -0.3403 0.0240
vn -0.7778 -0.6285 -0.0022
vn -0.6909 -0.7229 -0.0022
vn 0.9453 -0.3262 0.0022
vn 0.7533 -0.6573 0.0240
vn 0.7778 -0.6285 0.0022
vn 0.6909 -0.7229 0.0022
vn 0.7867 -0.6164 0.0328
vn 0.7825 -0.6227 0.0022
vn -0.9453 -0.3262 -0.0022
vn -0.9993 0.0378 0.0022
vn -0.9986 0.0453 -0.0284
vn 0.6868 -0.7041 0.1803
vn 0.5856 -0.7412 0.3281
vn 0.8213 -0.3524 0.4487
vn -0.9611 0.1205 -0.2487
vn 0.4772 -0.7486 0.4604
vn 0.5753 -0.7456 0.3363
vn 0.4687 -0.7515 0.4643
vn -0.9628 -0.0830 -0.2571
vn -0.9043 -0.3470 -0.2486
vn 0.6783 -0.7090 0.1932
vn -0.8061 -0.5446 -0.2316
vn -0.7157 -0.5480 -0.4330
vn 0.8691 0.1353 0.4758
vn 0.7029 0.2153 0.6780
vn 0.7139 -0.0151 0.7001
vn 0.6711 -0.3071 0.6747
vn 0.5825 -0.5358 0.6112
vn -0.5819 -0.5365 -0.6112
vn -0.5566 -0.5512 -0.6215
vn 0.4798 -0.2668 0.8358
vn -0.6948 -0.5682 -0.4409
vn 0.5114 0.0226 0.8590
vn 0.4977 0.2402 0.8334
vn 0.7117 0.1718 0.6812
vn 0.6767 -0.3486 0.6485
vn 0.3482 -0.7311 0.5867
vn -0.9372 -0.3473 -0.0328
vn 0.3449 -0.7355 0.5832
vn 0.1918 -0.6878 0.7001
vn 0.1955 -0.6994 0.6875
vn -0.9922 -0.1205 -0.0327
vn -0.9976 0.0603 -0.0328
vn 0.4854 -0.3200 0.8136
vn 0.5039 0.1985 0.8406
vn 0.2613 0.2520 0.9318
vn 0.2720 0.0670 0.9600
vn -0.9982 0.0604 0.0022
vn -0.9927 -0.1205 0.0022
vn 0.0130 0.1257 0.9920
vn 0.0019 0.2549 0.9670
vn -0.9377 -0.3476 0.0021
vn 0.0169 0.2544 0.9670
vn 0.2561 0.2083 0.9439
vn 0.2496 -0.2854 0.9253
vn -0.8519 -0.5238 0.0022
vn 0.0113 -0.6401 0.7682
vn 0.0132 -0.5884 0.8085
vn 0.0019 -0.6060 0.7955
vn -0.8479 -0.5302 0.0022
vn -0.0000 -0.7204 0.6936
vn -0.0000 -0.6233 0.7820
vn -0.8783 0.4780 -0.0000
vn -0.0019 0.1996 0.9799
vn 0.0132 0.1992 0.9799
vn -0.0000 -0.2338 0.9723
vn 0.0132 -0.2715 0.9624
vn -0.8401 0.4799 -0.2528
vn -0.7305 0.4785 -0.4873
vn -0.0000 0.3012 0.9536
vn -0.3856 -0.5068 -0.7710
vn 0.8783 0.4780 0.0022
vn 0.0679 0.9977 -0.0000
vn 0.0529 0.9986 0.0022
vn 0.0453 0.9990 0.0022
vn -0.1870 -0.4143 -0.8907
vn -0.4254 -0.4961 -0.7569
vn -0.2320 -0.4220 -0.8764
vn 0.0604 0.9982 0.0022
vn -0.0095 -0.3217 -0.9468
vn 0.0378 0.9992 0.0109
vn 0.0453 0.9989 0.0153
vn 0.0302 0.9994 0.0153
vn 0.0378 0.9990 0.0240
vn 0.0226 0.9995 0.0240
vn 0.0019 -0.0829 -0.9966
vn -0.0000 -0.2844 -0.9587
vn -0.0133 -0.2757 -0.9611
vn 0.0227 0.9993 0.0284
vn 0.5634 0.5034 0.6552
vn -0.0114 -0.0645 -0.9979
vn 0.0151 0.9992 0.0372
vn 0.1550 0.6382 0.7541
vn 0.0019 0.1177 -0.9931
vn -0.0095 0.6197 -0.7848
vn -0.0001 -0.3011 -0.9536
vn 0.0019 0.6986 -0.7155
vn -0.1608 0.6368 -0.7541
vn 0.8382 0.4832 0.2529
vn 0.7309 0.4778 0.4873
vn 0.0151 0.9995 0.0284
vn 0.0075 0.9994 0.0327
vn -0.4828 -0.2613 -0.8358
vn 0.0076 0.9991 0.0415
vn 0.0094 0.6197 0.7847
vn -0.0000 0.9993 0.0372
vn 0.0002 0.6986 0.7156
vn -0.0019 0.9987 0.0502
vn -0.2711 0.0710 -0.9599
vn -0.0019 0.9989 0.0459
vn 0.0038 0.9967 0.0807
vn -0.0132 0.1257 -0.9920
vn -0.9995 -0.0000 -0.0328
vn -0.9977 0.0680 0.0022
vn -0.9972 0.0679 -0.0328
vn -0.6961 0.7175 -0.0240
vn -0.0980 0.9952 0.0022
vn -0.0830 0.9965 -0.0022
vn 0.1356 0.9908 0.0022
vn 0.1131 0.9936 -0.0000
vn 0.9296 0.3687 0.0022
vn 0.9319 0.3615 0.0284
vn 0.9844 -0.1727 0.0328
vn 0.9422 -0.2096 0.2613
vn 0.7868 -0.6163 0.0328
vn -0.2568 -0.1941 -0.9468
vn 0.6783 -0.7089 0.1932
vn 0.8418 -0.2240 0.4911
vn -0.9664 -0.0000 -0.2571
vn 0.0038 -0.3342 -0.9425
vn 0.0696 -0.6498 0.7569
vn -0.6605 -0.7244 0.1975
vn -0.8443 -0.4832 0.2317
vn -0.6136 -0.7667 0.1889
vn 0.0678 -0.7077 0.7032
vn 0.5053 -0.6820 0.5288
vn 0.4731 -0.7314 0.4912
vn 0.7825 -0.6226 0.0022
vn 0.9836 -0.1803 -0.0022
vn 0.0896 -0.3973 0.9133
vn -0.9662 -0.0490 0.2529
vn 0.9039 0.3540 0.2401
vn 0.0430 -0.1371 -0.9896
vn 0.6844 -0.0454 -0.7277
vn 0.6817 -0.1202 -0.7216
vn 0.1055 0.9940 0.0283
vn -0.0491 -0.3800 -0.9237
vn -0.1717 -0.6408 -0.7483
vn -0.0396 -0.6322 -0.7738
vn -0.0754 0.9970 -0.0197
vn -0.6570 0.7330 -0.1760
vn -0.9640 0.0679 -0.2570
vn 0.0472 -0.6682 -0.7425
vn 0.5660 -0.5646 -0.6008
vn -0.8667 0.0038 -0.4987
vn -0.8638 0.0717 -0.4987
vn -0.7079 0.0038 -0.7063
vn -0.0556 -0.0423 -0.9976
vn -0.0585 -0.0294 -0.9979
vn 0.0502 -0.0421 -0.9979
vn -0.5846 0.7365 -0.3404
vn -0.0679 0.9968 -0.0415
vn 0.0962 0.9939 0.0546
vn 0.0529 -0.3917 -0.9186
vn 0.8105 0.3521 0.4681
vn 0.6888 -0.2298 0.6875
vn 0.6202 -0.4263 -0.6585
vn 0.4913 -0.2192 0.8430
vn 0.0434 -0.6421 -0.7654
vn 0.5041 -0.6771 -0.5362
vn 0.4730 -0.7263 -0.4988
vn 0.0472 -0.7063 -0.7063
vn 0.6606 0.3546 0.6617
vn 0.0792 0.9936 0.0808
vn -0.0622 0.9963 -0.0590
vn -0.2085 -0.3863 -0.8985
vn 0.0603 0.9924 0.1069
vn 0.4675 0.3574 0.8085
vn 0.2608 -0.2090 0.9425
vn -0.3763 -0.6417 -0.6683
vn 0.1955 -0.6993 0.6876
vn 0.0131 -0.1648 0.9862
vn 0.0132 -0.5883 0.8085
vn 0.0019 -0.1825 0.9832
vn -0.0000 -0.6232 0.7821
vn -0.1630 -0.7045 -0.6907
vn -0.0019 0.3670 0.9302
vn 0.0075 0.3588 0.9334
vn -0.3465 -0.7056 -0.6181
vn 0.2410 0.3574 0.9023
vn -0.5635 -0.6409 -0.5213
vn 0.0377 0.9886 0.1459
vn -0.0510 0.9951 -0.0851
vn -0.4816 0.7335 -0.4797
vn -0.7042 0.0717 -0.7063
vn -0.6987 -0.6399 -0.3198
vn -0.5006 -0.0000 -0.8657
vn -0.4993 0.0717 -0.8635
vn -0.2591 0.0038 -0.9658
vn -0.6422 -0.7076 -0.2949
vn -0.7605 -0.6365 -0.1286
vn -0.7033 -0.7007 -0.1199
vn -0.7730 -0.6343 -0.0109
vn 0.0038 0.9728 0.2317
vn -0.7124 -0.7017 -0.0110
vn -0.6604 -0.7244 0.1975
vn -0.6135 -0.7667 0.1889
vn -0.9238 -0.3826 -0.0153
vn -0.3401 0.7349 -0.5867
vn -0.9080 -0.3894 -0.1545
vn -0.0340 0.9917 -0.1242
vn 0.0038 0.9194 0.3933
vn -0.8374 -0.3877 -0.3852
vn -0.0019 0.9844 -0.1760
vn -0.6783 -0.3865 -0.6249
vn -0.0038 0.9922 -0.1242
vn -0.1797 0.7338 -0.6552
vn -0.2590 0.0674 -0.9635
vn -0.4489 -0.3914 -0.8033
vn -0.0131 -0.0000 -0.9999
vn -0.0113 0.0690 -0.9976
vn -0.0000 -0.0000 -1.0000
vn 0.0038 0.0654 -0.9978
vn 0.0018 0.7078 -0.7064
vn -0.0076 0.7170 -0.6970
vn -0.2369 -0.0227 -0.9713
vn -0.2380 -0.0000 -0.9713
vn -0.0717 -0.0189 -0.9972
vn 0.0359 -0.5659 -0.8237
vn 0.7071 -0.7071 0.0022
vn 0.7123 -0.7016 0.0197
vn 0.9940 -0.1055 0.0284
vn 0.9944 -0.1056 0.0022
vn 0.9940 0.1055 0.0284
vn 0.9944 0.1056 0.0022
vn 0.3193 -0.3554 -0.8785
vn 0.5238 -0.1051 -0.8453
vn 0.5975 -0.1201 -0.7928
vn 0.5581 -0.5341 -0.6351
vn -0.0000 -0.6731 -0.7396
vn -0.8321 -0.5523 0.0502
vn -0.7834 -0.5878 0.2017
vn -0.9563 -0.1467 0.2528
vn 0.6963 -0.6936 0.1847
vn -0.0606 -0.0077 -0.9981
vn -0.0207 -0.1203 -0.9925
vn -0.2385 -0.1304 -0.9624
vn 0.9606 -0.1054 0.2571
vn 0.9605 0.1054 0.2574
vn 0.8603 -0.1053 0.4987
vn 0.6274 -0.6901 0.3609
vn -0.1830 -0.6611 -0.7277
vn 0.5080 -0.6941 0.5101
vn -0.4920 -0.1272 -0.8613
vn 0.7031 -0.1053 0.7032
vn -0.4851 -0.0190 -0.8743
vn 0.8603 0.1054 0.4987
vn 0.6274 0.6901 0.3609
vn 0.6963 0.6936 0.1847
vn 0.7123 0.7016 0.0197
vn -0.7319 -0.0189 -0.6812
vn -0.9089 -0.0227 -0.4163
vn 0.0227 0.9995 0.0240
vn 0.5080 0.6941 0.5101
vn 0.3595 0.6930 0.6249
vn 0.0076 0.9994 0.0328
vn 0.1898 0.6915 0.6970
vn 0.0038 0.9967 0.0808
vn -0.9993 -0.0302 -0.0240
vn -0.9984 -0.0528 -0.0196
vn -0.9993 -0.0151 -0.0328
vn 0.7031 0.1053 0.7032
vn 0.4973 -0.1047 0.8613
vn 0.3595 -0.6930 0.6249
vn -0.8444 -0.4831 0.2316
vn 0.1898 -0.6915 0.6970
vn -0.9663 -0.0491 0.2528
vn 0.4973 0.1047 0.8612
vn 0.2578 0.1099 0.9599
vn 0.0113 0.6985 0.7156
vn 0.0038 0.7079 0.7063
vn 0.0038 0.9245 0.3812
vn -0.8728 -0.3497 0.3404
vn -0.8289 -0.1166 0.5471
vn -0.9997 -0.0076 -0.0240
vn 0.2578 -0.1099 0.9599
vn -0.9088 -0.0000 -0.4173
vn 0.0149 -0.1080 0.9940
vn -0.9836 -0.0000 -0.1803
vn 0.0113 -0.6985 0.7156
vn -0.0000 -0.1090 0.9940
vn 0.0148 0.1080 0.9940
vn -0.0000 0.1090 0.9940
vn -0.7347 -0.1166 -0.6683
vn -0.3704 -0.6617 -0.6519
vn -0.5548 -0.6602 -0.5063
vn -0.9036 -0.1129 -0.4133
vn 0.0037 -0.7079 0.7063
vn -0.9763 -0.1130 -0.1846
vn -0.9935 -0.1130 0.0153
vn -0.7661 -0.1351 0.6283
vn 0.1260 -0.6903 -0.7125
vn 0.0679 -0.9640 -0.2570
vn 0.1759 -0.7076 -0.6843
vn 0.1299 -0.9641 -0.2316
vn 0.3468 -0.7115 -0.6112
vn 0.1914 -0.9648 -0.1803
vn 0.5157 -0.7125 -0.4759
vn 0.2374 -0.9650 -0.1112
vn 0.6410 -0.7104 -0.2907
vn 0.2594 -0.9645 -0.0502
vn 0.6965 -0.7059 -0.1285
vn 0.2631 -0.9614 -0.0808
vn 0.7060 -0.7007 -0.1025
vn 0.1757 -0.6729 -0.7186
vn 0.5534 -0.5695 -0.6078
vn -0.6792 -0.6645 -0.3115
vn 0.7134 -0.0979 -0.6939
vn 0.2209 -0.1094 -0.9691
vn 0.3410 -0.1116 -0.9334
vn 0.7858 -0.0679 -0.6147
vn 0.4302 -0.6069 -0.6683
vn 0.8491 -0.3389 -0.4053
vn -0.7353 -0.6646 -0.1329
vn 0.8181 -0.5739 -0.0371
vn 0.3313 -0.9417 -0.0590
vn 0.2720 -0.9593 -0.0764
vn 0.7579 -0.6513 -0.0372
vn 0.1073 -0.6278 -0.7710
vn 0.5999 -0.5439 -0.5867
vn -0.7430 -0.6683 0.0371
vn 0.6976 -0.1202 -0.7063
vn 0.0881 -0.1348 -0.9870
vn 0.0932 -0.0371 -0.9950
vn -0.9563 -0.1466 -0.2529
vn -0.9662 -0.0491 -0.2529
vn -0.6026 -0.5253 0.6008
vn 0.0864 -0.3980 -0.9133
vn 0.6227 -0.4328 -0.6519
vn 0.5104 -0.6781 -0.5288
vn 0.6904 -0.6198 0.3731
vn 0.0680 -0.9451 -0.3198
vn 0.0698 -0.9449 0.3198
vn 0.0545 -0.5789 0.8136
vn 0.0621 -0.6605 0.7483
vn 0.4339 -0.3423 0.8334
vn 0.6944 -0.0378 -0.7186
vn 0.6372 -0.0902 0.7654
vn 0.9163 -0.1652 -0.3649
vn 0.6610 -0.6237 -0.4172
vn 0.9475 -0.1503 0.2823
vn 0.9669 -0.1503 0.2060
vn 0.9371 -0.1578 -0.3115
vn -0.7834 -0.5879 -0.2017
vn -0.2846 -0.9568 -0.0590
vn -0.3205 -0.9451 -0.0634
vn -0.3609 -0.6301 -0.6875
vn -0.3071 -0.1933 -0.9318
vn -0.2988 -0.1835 -0.9365
vn 0.7212 -0.6665 0.1889
vn 0.6966 -0.6578 -0.2865
vn -0.8321 -0.5523 -0.0502
vn -0.8712 -0.3537 -0.3404
vn -0.8283 -0.1205 -0.5471
vn 0.7070 -0.1200 0.6970
vn -0.7654 -0.1390 -0.6284
vn -0.2965 -0.6394 -0.7094
vn -0.6045 -0.5231 -0.6008
vn -0.7430 -0.6683 -0.0371
vn -0.2919 -0.9546 -0.0590
vn -0.2992 -0.9526 0.0546
vn 0.6257 -0.5524 0.5508
vn 0.1293 -0.6897 0.7125
vn -0.2739 -0.9531 0.1285
vn -0.7353 -0.6646 0.1329
vn 0.0960 -0.9593 0.2655
vn -0.6792 -0.6645 0.3115
vn -0.2261 -0.9521 0.2060
vn -0.5527 -0.6620 0.5063
vn 0.2374 -0.9650 0.1112
vn 0.2594 -0.9645 0.0502
vn -0.2739 -0.9531 -0.1285
vn -0.2209 -0.9533 -0.2060
vn 0.1930 -0.9645 0.1803
vn -0.1467 -0.9529 -0.2655
vn 0.1316 -0.9639 0.2316
vn -0.0773 -0.9524 -0.2948
vn 0.0622 -0.9644 0.2570
vn 0.0472 -0.9569 -0.2865
vn 0.1571 -0.7028 0.6939
vn 0.0396 -0.6288 0.7766
vn 0.1731 -0.6302 0.7569
vn -0.1521 -0.9520 0.2655
vn -0.0753 -0.9526 0.2948
vn 0.3476 -0.7051 0.6180
vn 0.0415 -0.9572 0.2865
vn -0.1788 -0.6623 0.7276
vn 0.3817 -0.6284 0.6778
vn 0.6972 -0.6572 0.2865
vn 0.5594 -0.5327 0.6351
vn 0.5976 -0.1198 0.7928
vn 0.9371 -0.1578 0.3115
vn 0.5725 -0.6297 0.5251
vn 0.9163 -0.1652 0.3649
vn 0.5239 -0.1047 0.8453
vn 0.6617 -0.6230 0.4172
vn 0.3152 -0.3591 0.8785
vn 0.6457 -0.7044 0.2949
vn 0.0395 -0.5657 0.8237
vn 0.0622 -0.9454 0.3198
vn 0.7077 -0.6279 0.3239
vn 0.0603 -0.9587 0.2781
vn 0.0415 -0.6686 0.7425
vn 0.6994 -0.6701 0.2486
vn 0.5666 -0.5640 0.6007
vn 0.6990 -0.7057 0.1155
vn 0.6818 -0.1200 0.7216
vn 0.9495 -0.1279 0.2865
vn 0.7677 -0.6278 0.1285
vn 0.9495 -0.0378 0.3115
vn 0.6845 -0.0452 0.7276
vn 0.7123 -0.7017 0.0153
vn 0.6207 -0.4257 0.6584
vn 0.8710 -0.4021 0.2823
vn 0.5050 -0.6764 0.5361
vn 0.7777 -0.6285 0.0153
vn 0.7065 -0.7065 0.0415
vn 0.7669 -0.6402 0.0459
vn 0.4731 -0.7314 0.4911
vn -0.3682 -0.6630 0.6518
vn 0.5053 -0.6820 0.5287
vn 0.6232 -0.4322 0.6518
vn 0.9198 -0.3897 0.0459
vn 0.9741 -0.0378 -0.2231
vn 0.9711 -0.1206 -0.2060
vn 0.7117 -0.6716 -0.2060
vn 0.0699 -0.9555 -0.2865
vn 0.6898 -0.6205 -0.3730
vn 0.9475 -0.1505 -0.2823
vn 0.9669 -0.1505 -0.2060
vn 0.9266 -0.3756 0.0197
vn 0.9139 -0.3755 0.1545
vn 0.6372 -0.0904 -0.7654
vn 0.9990 -0.0302 0.0328
vn 0.4329 -0.3435 -0.8334
vn 0.9982 -0.0378 0.0459
vn 0.0585 -0.5785 -0.8136
vn 0.0603 -0.6606 -0.7483
vn 0.6072 -0.5511 -0.5724
vn 0.6944 -0.0377 0.7186
vn 0.7234 -0.1129 -0.6811
vn 0.7282 -0.0378 -0.6843
vn 0.8937 -0.3962 -0.2103
vn 0.9975 -0.0604 0.0371
vn 0.9878 -0.1503 0.0415
vn 0.7579 -0.6513 0.0371
vn 0.6977 -0.1200 0.7063
vn 0.5955 -0.5488 0.5867
vn 0.6591 -0.4285 -0.6181
vn 0.7405 -0.6498 -0.1717
vn 0.5374 -0.6773 -0.5025
vn 0.4963 -0.7312 -0.4681
vn 0.6914 -0.7048 -0.1588
vn 0.7255 -0.6481 0.2316
vn 0.6724 -0.7084 0.2146
vn 0.4678 -0.7297 0.4987
vn 0.8436 -0.3740 0.3852
vn 0.6812 -0.3758 0.6283
vn 0.0943 -0.9595 -0.2655
vn 0.4535 -0.3751 0.8085
vn 0.7212 -0.6665 -0.1889
vn 0.2037 -0.3754 0.9042
vn 0.7069 -0.1204 -0.6970
vn 0.0469 -0.3763 0.9253
vn 0.0659 -0.6435 0.7626
vn 0.0640 -0.7050 0.7063
vn 0.6251 -0.5531 -0.5508
vn 0.5382 -0.6766 0.5026
vn 0.4972 -0.7305 0.4682
vn 0.0768 -0.3918 0.9168
vn 0.1590 -0.1136 -0.9807
vn 0.1759 -0.7076 -0.6844
vn 0.2420 -0.1237 -0.9623
vn 0.3468 -0.7114 -0.6112
vn 0.0636 -0.0289 0.9976
vn 0.2284 -0.0225 0.9733
vn 0.1112 -0.0221 0.9936
vn 0.1262 -0.0076 -0.9920
vn 0.0679 -0.0549 0.9962
vn 0.0705 -0.1495 0.9862
vn 0.0762 -0.0426 0.9962
vn 0.6371 -0.0904 -0.7654
vn 0.1111 -0.0226 -0.9936
vn 0.4329 -0.3435 -0.8335
vn 0.6594 -0.4279 0.6181
vn 0.0585 -0.5784 -0.8136
vn 0.0669 -0.0561 -0.9962
vn 0.0680 -0.1506 -0.9862
vn 0.7234 -0.1128 -0.6812
vn 0.6071 -0.5511 -0.5725
vn 0.7282 -0.0377 0.6844
vn 0.7234 -0.1127 0.6812
vn 0.0621 -0.6604 0.7483
vn 0.6077 -0.5504 0.5725
vn 0.0792 -0.0369 -0.9962
vn 0.7281 -0.0378 -0.6844
vn 0.6590 -0.4284 -0.6181
vn 0.0752 -0.3921 -0.9168
vn 0.5373 -0.6773 -0.5026
vn 0.0545 -0.5788 0.8137
vn 0.4339 -0.3422 0.8335
vn 0.0634 -0.0294 -0.9976
vn 0.6371 -0.0902 0.7655
vn 0.1262 -0.0074 0.9920
vn 0.2337 -0.0000 -0.9723
vn 0.2338 -0.0000 0.9723
vn 0.4861 -0.1198 -0.8657
vn 0.5158 -0.7124 -0.4759
vn 0.7311 -0.1204 -0.6715
vn 0.9026 -0.1204 -0.4133
vn 0.6966 -0.7059 -0.1286
vn 0.9762 -0.1206 -0.1803
vn 0.7061 -0.7007 -0.1025
vn 0.9852 -0.1131 -0.1286
vn 0.7135 -0.0979 -0.6938
vn 0.4887 -0.0226 0.8721
vn 0.7859 -0.0679 -0.6146
vn 0.9956 -0.0076 -0.0939
vn 0.9844 -0.0000 -0.1760
vn 0.9087 -0.0000 -0.4173
vn 0.7351 -0.0000 -0.6779
vn 0.4893 -0.0000 -0.8721
vn 0.7348 -0.0226 0.6780
vn 0.2284 -0.0226 -0.9733
vn 0.0434 -0.3767 -0.9253
vn 0.0641 -0.6437 -0.7626
vn 0.0622 -0.7051 -0.7063
vn 0.4962 -0.7312 -0.4682
vn 0.9844 -0.0000 0.1760
vn 0.9956 -0.0075 0.0938
vn 0.9965 -0.0227 0.0808
vn 0.0359 -0.7008 -0.7125
vn 0.0378 -0.6289 -0.7766
vn 0.1555 -0.7031 -0.6938
vn 0.8181 -0.5738 0.0371
vn 0.8491 -0.3389 0.4052
vn 0.7859 -0.0678 0.6146
vn 0.2081 -0.3730 -0.9042
vn 0.4887 -0.0227 -0.8721
vn 0.7347 -0.0227 -0.6780
vn 0.9085 -0.0227 -0.4172
vn 0.9849 -0.0226 -0.1717
vn 0.9965 -0.0227 -0.0807
vn 0.9975 -0.0604 -0.0371
vn 0.8181 -0.5738 -0.0371
vn 0.9852 -0.1131 0.1286
vn 0.7579 -0.6513 -0.0371
vn 0.9878 -0.1503 -0.0415
vn 0.6976 -0.1203 -0.7063
vn 0.7135 -0.0977 0.6938
vn 0.9982 -0.0378 -0.0459
vn 0.9990 -0.0302 -0.0328
vn 0.7351 -0.0000 0.6779
vn 0.7312 -0.1202 0.6715
vn 0.9762 -0.1204 0.1803
vn 0.9025 -0.1204 0.4134
vn 0.9087 -0.0000 0.4173
vn 0.7061 -0.7007 0.1025
vn 0.5548 -0.5682 0.6078
vn 0.9198 -0.3897 -0.0459
vn 0.9266 -0.3757 -0.0197
vn 0.6966 -0.7059 0.1285
vn 0.6361 -0.7147 0.2907
vn 0.6227 -0.4328 -0.6518
vn 0.7669 -0.6402 -0.0459
vn 0.5105 -0.6782 -0.5287
vn 0.5158 -0.7124 0.4758
vn 0.4731 -0.7314 -0.4911
vn 0.4862 -0.1193 0.8657
vn 0.7065 -0.7065 -0.0415
vn 0.7777 -0.6285 -0.0153
vn 0.7123 -0.7017 -0.0153
vn 0.7677 -0.6278 -0.1285
vn 0.6990 -0.7057 -0.1155
vn 0.2423 -0.1233 0.9624
vn 0.1598 -0.1124 0.9807
vn 0.9139 -0.3755 -0.1544
vn 0.7072 -0.6284 -0.3239
vn 0.7069 -0.1200 0.6970
vn 0.8436 -0.3740 -0.3852
vn 0.3480 -0.7108 0.6112
vn 0.1717 -0.7086 0.6844
vn 0.1293 -0.6896 0.7125
vn 0.6449 -0.7051 -0.2949
vn 0.5717 -0.6304 -0.5250
vn 0.5188 -0.7076 -0.4797
vn 0.8908 -0.4027 0.2103
vn 0.7249 -0.6488 -0.2316
vn 0.7405 -0.6498 0.1717
vn 0.6914 -0.7048 0.1588
vn 0.6724 -0.7084 -0.2146
vn 0.4972 -0.7305 0.4681
vn 0.6809 -0.3763 -0.6283
vn 0.5382 -0.6766 0.5025
vn 0.4524 -0.3763 -0.8085
vn 0.6595 -0.4279 0.6181
vn 0.1700 -0.6310 -0.7569
vn 0.7282 -0.0377 0.6843
vn 0.3465 -0.7056 -0.6181
vn 0.3795 -0.6296 -0.6780
vn 0.5041 -0.6771 -0.5361
vn 0.4731 -0.7263 -0.4987
vn 0.8708 -0.4026 -0.2823
vn 0.9741 -0.0377 0.2231
vn 0.9711 -0.1204 0.2060
vn -0.7654 -0.1390 -0.6283
vn -0.9935 -0.1130 -0.0153
vn -0.9997 -0.0076 0.0240
vn 0.7234 -0.1127 0.6811
vn -0.9836 0.0038 0.1803
vn -0.9763 -0.1130 0.1846
vn -0.9088 0.0038 0.4172
vn 0.7123 -0.6710 0.2061
vn -0.9033 -0.1129 0.4138
vn -0.6793 -0.6645 0.3115
vn -0.5527 -0.6619 0.5063
vn -0.7342 -0.1201 0.6683
vn -0.3683 -0.6629 0.6519
vn 0.0641 -0.9559 0.2865
vn 0.0585 -0.9588 -0.2781
vn 0.6994 -0.6701 -0.2486
vn 0.9495 -0.1280 -0.2865
vn 0.9495 -0.0378 -0.3115
vn -0.7351 0.0038 0.6780
vn -0.2992 -0.9526 -0.0546
vn 0.1715 -0.6739 0.7186
vn -0.2919 -0.9546 0.0590
vn 0.2646 -0.9610 0.0808
vn -0.2943 -0.6404 0.7094
vn 0.2211 -0.1089 0.9691
vn -0.4921 -0.1267 0.8613
vn -0.4893 -0.0000 0.8721
vn -0.2995 -0.1823 0.9365
vn 0.6202 -0.4264 -0.6584
vn 0.6845 -0.0453 -0.7276
vn -0.1787 -0.6622 0.7277
vn -0.2370 -0.1332 0.9623
vn -0.0166 -0.1209 0.9925
vn 0.6818 -0.1202 -0.7216
vn -0.0606 -0.0074 0.9981
vn -0.0719 -0.0183 0.9972
vn 0.3152 -0.3590 0.8785
vn -0.0538 -0.0446 0.9976
vn 0.0414 -0.6686 0.7425
vn 0.0459 -0.1362 0.9896
vn 0.6844 -0.0452 0.7277
vn 0.0512 -0.0408 0.9979
vn 0.0472 -0.6682 -0.7424
vn 0.0488 -0.3922 0.9186
vn 0.6206 -0.4257 0.6585
vn 0.0452 -0.6419 0.7654
vn 0.4677 -0.7297 0.4988
vn 0.0359 -0.5660 -0.8236
vn 0.0415 -0.7067 0.7063
vn -0.0377 -0.6323 0.7738
vn 0.5238 -0.1052 -0.8453
vn 0.5976 -0.1201 -0.7928
vn -0.2380 0.0038 0.9713
vn 0.5581 -0.5340 -0.6351
vn -0.0000 -0.6732 -0.7395
vn 0.5593 -0.5327 0.6351
vn -0.1830 -0.6611 -0.7276
vn 0.5666 -0.5639 0.6008
vn -0.0357 -0.7008 0.7124
vn -0.1769 -0.6394 0.7483
vn -0.0450 -0.3805 0.9237
vn -0.2063 -0.3874 0.8985
vn -0.0590 -0.0285 0.9979
vn -0.2373 -0.0188 0.9713
vn -0.7661 -0.1351 0.6284
vn -0.8289 -0.1166 0.5472
vn -0.3095 -0.1896 0.9318
vn -0.1588 -0.7055 0.6907
vn -0.3741 -0.6430 0.6683
vn -0.3652 -0.6276 0.6875
vn -0.8728 -0.3498 0.3404
vn -0.8321 -0.5523 0.0503
vn -0.3205 -0.9451 0.0633
vn -0.3510 -0.7034 0.6181
vn -0.7834 -0.5878 0.2018
vn -0.2846 -0.9568 0.0590
vn 0.3412 -0.1109 0.9334
vn 0.4311 -0.6063 0.6683
vn -0.4851 -0.0188 0.8743
vn -0.7318 -0.0227 0.6812
vn -0.9084 -0.0264 0.4172
vn -0.9849 -0.0227 0.1717
vn -0.9993 -0.0151 0.0328
vn 0.3313 -0.9417 0.0590
vn -0.9984 -0.0529 0.0197
vn -0.9563 -0.1467 -0.2528
vn -0.9993 -0.0302 0.0240
vn -0.9663 -0.0491 -0.2528
vn 0.2720 -0.9593 0.0764
vn -0.8459 -0.4804 -0.2316
vn -0.9238 -0.3826 0.0153
vn -0.6605 -0.7244 -0.1975
vn 0.1032 -0.6284 0.7710
vn 0.0837 -0.1375 0.9870
vn -0.9563 -0.1466 0.2529
vn 0.0936 -0.0362 0.9950
vn 0.6944 -0.0376 0.7186
vn 0.6231 -0.4322 0.6519
vn -0.9080 -0.3894 0.1545
vn -0.8374 -0.3877 0.3852
vn -0.6767 -0.3892 0.6249
vn -0.4500 -0.3901 0.8033
vn 0.6976 -0.1201 0.7063
vn -0.5672 -0.6377 0.5213
vn -0.5227 -0.7047 0.4797
vn -0.6968 -0.6421 0.3198
vn -0.7605 -0.6365 0.1286
vn -0.7730 -0.6343 0.0109
vn -0.7124 -0.7017 0.0110
vn -0.7033 -0.7007 0.1199
vn -0.6457 -0.7044 0.2949
vn 0.5954 -0.5488 0.5868
vn 0.8181 -0.5739 0.0371
vn -0.7834 -0.5878 -0.2017
vn 0.8490 -0.3389 0.4053
vn 0.7859 -0.0678 0.6147
vn 0.7134 -0.0977 0.6939
vn -0.6135 -0.7667 -0.1889
vn 0.7060 -0.7007 0.1025
vn 0.6965 -0.7059 0.1285
vn -0.8459 -0.4804 -0.2317
vn 0.0736 -0.6493 -0.7569
vn 0.0661 -0.7079 -0.7032
vn 0.4731 -0.7314 -0.4912
vn 0.6361 -0.7148 0.2907
vn 0.5158 -0.7125 0.4758
vn -0.6604 -0.7245 -0.1975
vn -0.6136 -0.7667 -0.1889
vn 0.3480 -0.7109 0.6112
vn 0.1717 -0.7087 0.6843
vn 0.0038 -0.2843 0.9587
vn -0.0169 -0.2755 0.9612
vn -0.0146 -0.0639 0.9979
vn -0.0167 0.1253 0.9920
vn -0.0132 0.2546 0.9670
vn -0.0101 0.1995 0.9798
vn -0.0000 0.3011 0.9536
vn 0.0094 -0.6985 -0.7156
vn -0.2720 0.0670 0.9600
vn -0.2577 -0.1928 0.9468
vn 0.1868 -0.6923 -0.6970
vn -0.2343 -0.4208 0.8764
vn 0.0114 -0.1084 -0.9940
vn 0.0114 0.1084 -0.9940
vn -0.2586 0.2546 0.9318
vn -0.2561 0.2083 0.9439
vn -0.0094 0.1994 0.9799
vn -0.0094 -0.2716 0.9624
vn 0.0095 0.6985 -0.7156
vn 0.0019 -0.6060 0.7954
vn -0.0113 -0.6401 0.7682
vn -0.0094 -0.5884 0.8085
vn -0.1991 -0.6983 0.6875
vn -0.1954 -0.6868 0.7001
vn -0.3483 -0.7339 0.5832
vn 0.2605 0.1033 -0.9599
vn 0.2605 -0.1033 -0.9599
vn -0.0000 0.1996 0.9799
vn 0.3584 -0.6936 -0.6249
vn 0.5132 -0.6903 -0.5101
vn 0.4972 -0.1052 -0.8613
vn -0.2524 -0.2829 0.9254
vn 0.4972 0.1052 -0.8612
vn -0.5039 0.1985 0.8406
vn 0.1868 0.6923 -0.6970
vn -0.4833 -0.3232 0.8136
vn 0.0075 0.9994 -0.0328
vn -0.3447 -0.7327 0.5868
vn 0.3583 0.6936 -0.6249
vn -0.4687 -0.7515 0.4643
vn -0.4740 -0.7506 0.4604
vn -0.5753 -0.7456 0.3363
vn 0.7031 0.1054 -0.7032
vn 0.7031 -0.1054 -0.7032
vn -0.6767 -0.3486 0.6485
vn -0.7117 0.1718 0.6812
vn -0.4993 0.2369 0.8334
vn -0.5112 0.0263 0.8590
vn -0.4798 -0.2668 0.8358
vn -0.4212 -0.4997 0.7569
vn 0.6267 -0.6907 -0.3609
vn -0.5799 -0.5386 0.6112
vn -0.6696 -0.3105 0.6747
vn -0.7139 -0.0113 0.7001
vn -0.7039 0.2117 0.6780
vn -0.8691 0.1353 0.4759
vn -0.8213 -0.3524 0.4487
vn -0.5886 -0.7389 0.3281
vn 0.6963 -0.6936 -0.1847
vn -0.6755 -0.7116 0.1932
vn -0.6895 -0.7015 0.1803
vn -0.7867 -0.6164 0.0328
vn 0.8603 -0.1055 -0.4987
vn 0.5132 0.6903 -0.5101
vn 0.8603 0.1055 -0.4987
vn -0.9110 -0.3467 0.2231
vn -0.9679 0.0867 0.2359
vn -0.8596 0.1760 0.4797
vn -0.8678 -0.0453 0.4949
vn -0.8147 -0.3313 0.4758
vn -0.7139 -0.5503 0.4330
vn 0.9606 0.1056 -0.2571
vn 0.9606 -0.1056 -0.2571
vn -0.8044 -0.5471 0.2316
vn -0.9043 -0.3470 0.2486
vn -0.9625 -0.0867 0.2571
vn -0.9611 0.1205 0.2487
vn -0.9986 0.0453 0.0284
vn -0.9400 -0.3403 0.0240
vn -0.7533 -0.6573 0.0240
vn 0.9940 0.1055 -0.0284
vn 0.6963 0.6936 -0.1847
vn 0.7123 0.7016 -0.0197
vn 0.0151 0.9995 -0.0284
vn -0.7778 -0.6286 -0.0022
vn -0.9976 0.0603 0.0328
vn -0.9922 -0.1205 0.0328
vn -0.9372 -0.3473 0.0328
vn 0.0227 0.9995 -0.0241
vn 0.6267 0.6907 -0.3609
vn -0.8515 -0.5236 0.0284
vn -0.8479 -0.5302 -0.0000
vn -0.8435 -0.5363 0.0284
vn -0.8851 0.4645 0.0284
vn -0.7958 -0.5595 0.2316
vn 0.9940 -0.1055 -0.0284
vn 0.7123 -0.7016 -0.0197
vn -0.8401 0.4799 0.2528
vn -0.6948 -0.5682 0.4409
vn -0.7329 0.4747 0.4873
vn -0.5546 -0.5532 0.6216
vn -0.3873 -0.5055 0.7710
vn -0.1848 -0.4153 0.8907
vn -0.0057 -0.3218 0.9468
vn 0.0037 -0.2844 0.9587
vn 0.0302 0.9994 -0.0153
vn 0.0378 0.9992 -0.0109
vn -0.5608 0.5062 0.6552
vn 0.0604 0.9982 -0.0022
vn -0.3617 0.5561 0.7483
vn -0.1587 0.6374 0.7541
vn -0.0057 0.6198 0.7848
vn -0.0001 0.6986 0.7155
vn -0.3379 0.7359 0.5867
vn -0.4993 0.0713 0.8635
vn -0.7046 0.0678 0.7063
vn -0.4794 0.7349 0.4797
vn -0.0680 0.9977 -0.0022
vn -0.0529 0.9986 0.0022
vn -0.0450 0.9989 0.0164
vn -0.0510 0.9951 0.0851
vn -0.0378 0.9990 0.0241
vn -0.0302 0.9994 0.0153
vn -0.0340 0.9917 0.1242
vn -0.0226 0.9995 0.0240
vn -0.1776 0.7343 0.6552
vn -0.0227 0.9993 0.0284
vn -0.5609 0.5062 0.6551
vn -0.2591 0.0669 0.9635
vn -0.2591 0.0038 0.9658
vn -0.5006 -0.0000 0.8657
vn -0.7079 -0.0000 0.7063
vn -0.0604 0.9982 0.0022
vn -0.8641 0.0678 0.4987
vn -0.0378 0.9992 0.0109
vn -0.5884 0.7335 0.3404
vn -0.0622 0.9963 0.0590
vn -0.0151 0.9995 0.0284
vn -0.0151 0.9992 0.0372
vn 0.0661 0.9921 -0.1069
vn -0.1587 0.6373 0.7541
vn -0.0076 0.9991 0.0415
vn -0.0056 0.6198 0.7847
vn 0.0359 0.9887 -0.1459
vn 0.0019 0.9194 -0.3933
vn -0.0038 0.9922 0.1242
vn -0.0113 0.7170 0.6970
vn -0.0093 0.0693 0.9976
vn -0.0075 0.9994 0.0327
vn -0.0131 -0.0000 0.9999
vn -0.0038 0.9967 0.0807
vn -0.0001 0.9987 0.0502
vn 0.9995 -0.0000 -0.0328
vn 0.9972 0.0679 -0.0328
vn 0.6961 0.7175 -0.0240
vn 0.0830 0.9965 -0.0022
vn -0.1356 0.9908 0.0022
vn -0.1131 0.9936 0.0022
vn -0.9295 0.3687 0.0022
vn -0.9319 0.3615 0.0284
vn -0.9844 -0.1727 0.0328
vn -0.0000 0.9728 -0.2317
vn 0.0114 0.3587 -0.9334
vn 0.2454 0.3544 -0.9023
vn 0.9664 -0.0000 -0.2571
vn 0.4666 0.3586 -0.8085
vn 0.6603 0.3551 -0.6617
vn -0.1055 0.9940 0.0284
vn 0.0774 0.9937 -0.0808
vn 0.0754 0.9970 -0.0197
vn 0.6542 0.7356 -0.1760
vn 0.9640 0.0679 -0.2571
vn 0.8667 -0.0000 -0.4988
vn 0.8640 0.0679 -0.4988
vn 0.7079 -0.0000 -0.7063
vn -0.0679 0.9968 0.0415
vn 0.0962 0.9939 -0.0546
vn 0.8103 0.3525 -0.4681
vn 0.5846 0.7365 -0.3404
vn 0.0679 0.9968 -0.0415
vn -0.0924 0.9942 0.0546
vn -0.9039 0.3540 0.2401
vn -0.9422 -0.2096 0.2613
vn -0.9844 -0.1728 0.0328
vn -0.7868 -0.6163 0.0328
vn 0.6887 -0.2301 -0.6875
vn -0.9836 -0.1803 0.0022
vn 0.4908 -0.2202 -0.8430
vn 0.2603 -0.2097 -0.9425
vn -0.6756 -0.7115 0.1932
vn -0.8408 -0.2276 0.4912
vn -0.8105 0.3521 0.4681
vn 0.0170 -0.1644 -0.9862
vn -0.6900 -0.2262 0.6875
vn -0.4897 -0.2227 0.8430
vn -0.3484 -0.7338 0.5832
vn -0.2632 -0.2061 0.9425
vn -0.1992 -0.6983 0.6876
vn -0.0168 -0.1644 0.9862
vn 0.8418 -0.2239 -0.4911
vn 0.0095 -0.5884 -0.8085
vn 0.2013 -0.6977 -0.6876
vn 0.3437 -0.7360 -0.5832
vn -0.0075 0.3588 0.9334
vn 0.4677 -0.7521 -0.4643
vn 0.5753 -0.7456 -0.3363
vn -0.2410 0.3574 0.9023
vn 0.6776 -0.7096 -0.1932
vn -0.4698 0.3544 0.8085
vn -0.6588 0.3579 0.6617
vn 0.9039 0.3540 -0.2401
vn -0.0792 0.9936 0.0808
vn 0.0585 0.9965 -0.0590
vn 0.9422 -0.2098 -0.2613
vn 0.7868 -0.6163 -0.0328
vn 0.9844 -0.1728 -0.0328
vn -0.0604 0.9924 0.1069
vn -0.0377 0.9886 0.1459
vn -0.0038 0.9194 0.3933
vn 0.9319 0.3616 -0.0284
vn 0.0038 0.9922 -0.1242
vn 0.1055 0.9940 -0.0284
vn 0.0076 0.7170 -0.6970
vn 0.0113 0.0690 -0.9976
vn -0.0754 0.9970 0.0197
vn 0.0131 -0.0000 -0.9999
vn 0.2590 0.0674 -0.9635
vn 0.2592 -0.0000 -0.9658
vn -0.6570 0.7330 0.1760
vn -0.9637 0.0716 0.2571
vn 0.1797 0.7338 -0.6552
vn 0.0340 0.9917 -0.1242
vn 0.0472 0.9953 -0.0851
vn -0.8667 -0.0000 0.4988
vn 0.4816 0.7335 -0.4797
vn 0.7046 0.0679 -0.7063
vn -0.9664 0.0038 0.2571
vn 0.5006 -0.0000 -0.8657
vn 0.4988 0.0679 -0.8640
vn -0.9972 0.0679 0.0328
vn 0.3401 0.7349 -0.5867
vn -0.6961 0.7175 0.0240
vn -0.0830 0.9965 0.0022
vn 0.1356 0.9908 -0.0022
vn -0.9995 -0.0000 0.0328
vn -0.7123 0.7016 0.0197
vn -0.6963 0.6936 0.1847
vn -0.6246 0.6926 0.3609
vn -0.0227 0.9995 0.0241
vn 0.9319 0.3615 -0.0284
vn 0.9836 -0.1802 -0.0022
vn 0.9844 -0.1727 -0.0328
vn -0.0000 -0.0000 -0.0000
vn 0.9295 0.3687 0.0022
vn -0.9940 0.1055 0.0284
vn -0.9940 -0.1055 0.0284
vn -0.7123 -0.7016 0.0197
vn 0.1131 0.9936 0.0022
vn -0.6963 -0.6936 0.1846
vn -0.9602 -0.1091 0.2571
vn -0.9602 0.1091 0.2571
vn -0.8603 0.1054 0.4987
vn -0.5080 0.6941 0.5101
vn -0.3595 0.6930 0.6249
vn -0.0075 0.9994 0.0328
vn 0.0076 0.9991 -0.0415
vn 0.0075 0.9994 -0.0327
vn 0.0151 0.9992 -0.0372
vn 0.0227 0.9993 -0.0284
vn 0.3575 0.5588 -0.7483
vn 0.5628 0.5040 -0.6552
vn 0.0057 0.6198 -0.7847
vn -0.8603 -0.1053 0.4987
vn 0.1609 0.6368 -0.7540
vn -0.7031 -0.1053 0.7032
vn -0.7031 0.1053 0.7032
vn 0.0226 0.9995 -0.0240
vn -0.6246 -0.6926 0.3609
vn 0.0453 0.9989 -0.0153
vn 0.0529 0.9986 -0.0022
vn -0.5080 -0.6941 0.5101
vn 0.0680 0.9977 0.0022
vn 0.0378 0.9990 -0.0241
vn 0.7305 0.4784 -0.4873
vn -0.4973 -0.1047 0.8613
vn -0.4973 0.1047 0.8612
vn -0.1898 0.6915 0.6970
vn -0.0038 0.9967 0.0808
vn -0.0113 0.6985 0.7156
vn -0.2578 0.1099 0.9599
vn -0.2573 -0.1098 0.9601
vn -0.3595 -0.6930 0.6249
vn -0.1898 -0.6915 0.6970
vn 0.8382 0.4832 -0.2528
vn 0.8851 0.4645 -0.0284
vn -0.0149 -0.1080 0.9940
vn -0.0149 0.1080 0.9940
vn 0.0057 0.6198 -0.7848
vn 0.0001 0.6986 -0.7155
vn -0.0038 -0.3011 -0.9536
vn -0.0019 0.9989 0.0458
vn -0.0113 0.6985 0.7155
vn 0.0057 -0.3218 -0.9468
vn 0.1608 0.6368 -0.7541
vn 0.1870 -0.4143 -0.8907
vn -0.0113 -0.6985 0.7156
vn 0.3825 -0.5091 -0.7710
vn 0.5566 -0.5512 -0.6216
vn 0.7305 0.4785 -0.4873
vn 0.8040 -0.5477 -0.2316
vn 0.6924 -0.5711 -0.4409
vn 0.7157 -0.5480 -0.4330
vn 0.7954 -0.5601 -0.2316
vn 0.0171 -0.2755 -0.9611
vn 0.2320 -0.4220 -0.8764
vn -0.1255 -0.6904 0.7125
vn -0.0659 -0.9642 0.2570
vn -0.1717 -0.7087 0.6843
vn -0.1316 -0.9639 0.2316
vn -0.3446 -0.7125 0.6112
vn -0.1967 -0.9637 0.1803
vn -0.5157 -0.7125 0.4759
vn -0.2411 -0.9641 0.1112
vn -0.6389 -0.7123 0.2907
vn -0.2630 -0.9635 0.0502
vn -0.6938 -0.7086 0.1285
vn -0.2646 -0.9610 0.0808
vn -0.7060 -0.7007 0.1025
vn -0.1715 -0.6740 0.7186
vn -0.5548 -0.5682 0.6078
vn 0.4225 -0.4986 -0.7569
vn -0.7134 -0.0978 0.6939
vn -0.2211 -0.1089 0.9691
vn -0.3412 -0.1109 0.9334
vn -0.7855 -0.0716 0.6147
vn -0.4311 -0.6063 0.6683
vn -0.8504 -0.3354 0.4053
vn 0.5819 -0.5365 -0.6112
vn -0.8181 -0.5739 0.0371
vn -0.3278 -0.9429 0.0590
vn -0.2720 -0.9593 0.0764
vn -0.7579 -0.6513 0.0372
vn -0.1069 -0.6278 0.7710
vn -0.5980 -0.5461 0.5867
vn -0.6976 -0.1200 0.7063
vn -0.0869 -0.1355 0.9870
vn -0.0922 -0.0397 0.9950
vn 0.9557 -0.1504 0.2529
vn 0.9661 -0.0529 0.2529
vn -0.0896 -0.3973 0.9133
vn -0.6231 -0.4322 0.6519
vn -0.5083 -0.6797 0.5288
vn 0.8515 -0.5236 -0.0284
vn 0.9043 -0.3470 -0.2486
vn 0.9372 -0.3473 -0.0328
vn -0.6944 -0.0377 0.7186
vn 0.8435 -0.5363 -0.0284
vn 0.7811 -0.5909 0.2018
vn 0.2883 -0.9557 0.0590
vn 0.3170 -0.9463 0.0633
vn 0.3620 -0.6295 0.6875
vn 0.3075 -0.1927 0.9318
vn 0.3014 -0.1791 0.9365
vn 0.8479 -0.5302 -0.0000
vn 0.8342 -0.5492 0.0502
vn 0.8714 -0.3533 0.3404
vn 0.8283 -0.1203 0.5471
vn 0.9922 -0.1205 -0.0327
vn 0.7661 -0.1351 0.6284
vn 0.2978 -0.6388 0.7094
vn 0.6026 -0.5253 0.6008
vn 0.7430 -0.6683 0.0371
vn 0.2955 -0.9535 0.0590
vn 0.3028 -0.9515 -0.0546
vn 0.9976 0.0603 -0.0328
vn 0.2776 -0.9521 -0.1285
vn 0.7328 -0.6674 -0.1329
vn 0.6819 -0.6619 -0.3115
vn 0.2209 -0.9533 -0.2061
vn 0.5519 -0.6626 -0.5063
vn 0.9628 -0.0830 -0.2571
vn 0.9610 0.1205 -0.2488
vn 0.9986 0.0453 -0.0284
vn 0.9400 -0.3403 -0.0240
vn 0.7533 -0.6573 -0.0241
vn 0.7867 -0.6164 -0.0328
vn 0.1467 -0.9529 -0.2655
vn 0.0736 -0.9527 -0.2949
vn 0.6915 -0.6995 -0.1803
vn -0.0435 -0.9571 -0.2865
vn 0.1830 -0.6611 -0.7276
vn -0.0000 -0.6731 -0.7395
vn -0.6939 -0.6606 -0.2865
vn -0.5581 -0.5340 -0.6351
vn 0.9109 -0.3472 -0.2231
vn -0.5983 -0.1164 -0.7928
vn -0.9364 -0.1615 -0.3115
vn -0.9169 -0.1615 -0.3649
vn -0.5238 -0.1052 -0.8453
vn -0.6611 -0.6237 -0.4172
vn -0.3165 -0.3579 -0.8785
vn 0.9682 0.0829 -0.2359
vn -0.0397 -0.5657 -0.8237
vn -0.0623 -0.9585 -0.2781
vn -0.0434 -0.6685 -0.7425
vn -0.6994 -0.6701 -0.2486
vn -0.5686 -0.5620 -0.6007
vn 0.8603 0.1724 -0.4797
vn -0.6818 -0.1202 -0.7216
vn -0.9490 -0.1318 -0.2865
vn -0.9493 -0.0415 -0.3115
vn -0.6845 -0.0454 -0.7276
vn 0.8677 -0.0453 -0.4949
vn -0.6202 -0.4263 -0.6584
vn -0.8708 -0.4026 -0.2823
vn -0.5041 -0.6771 -0.5361
vn 0.8147 -0.3313 -0.4758
vn 0.3671 -0.6636 -0.6518
vn 0.6709 -0.3076 -0.6747
vn 0.7139 -0.0151 -0.7001
vn -0.9741 -0.0377 0.2231
vn -0.9706 -0.1241 0.2061
vn -0.7149 -0.6682 0.2060
vn -0.0641 -0.9559 0.2865
vn -0.0735 -0.9446 0.3198
vn -0.6929 -0.6170 0.3730
vn -0.9469 -0.1540 0.2823
vn -0.9663 -0.1540 0.2060
vn 0.7048 0.2088 -0.6780
vn 0.8691 0.1353 -0.4758
vn -0.6372 -0.0902 0.7654
vn 0.8211 -0.3528 -0.4487
vn -0.4316 -0.3452 0.8334
vn -0.0583 -0.5785 0.8136
vn -0.0583 -0.6608 0.7483
vn 0.5848 -0.7419 -0.3281
vn -0.6103 -0.5476 0.5724
vn -0.7234 -0.1127 0.6811
vn -0.7282 -0.0377 0.6843
vn -0.8908 -0.4027 0.2103
vn 0.6775 -0.7097 -0.1932
vn 0.4762 -0.7492 -0.4604
vn -0.6574 -0.4310 0.6181
vn -0.7405 -0.6498 0.1717
vn -0.5382 -0.6766 0.5025
vn -0.4972 -0.7305 0.4681
vn 0.6764 -0.3490 -0.6485
vn -0.6914 -0.7048 0.1588
vn -0.7274 -0.6460 -0.2316
vn -0.6751 -0.7058 -0.2146
vn -0.4699 -0.7283 -0.4987
vn 0.7116 0.1721 -0.6812
vn 0.4972 0.2412 -0.8334
vn 0.5114 0.0227 -0.8590
vn 0.4828 -0.2613 -0.8358
vn -0.0923 -0.9597 0.2655
vn 0.2591 -0.1910 -0.9468
vn -0.7238 -0.6637 0.1889
vn -0.7070 -0.1200 0.6970
vn 0.2719 0.0673 -0.9600
vn 0.2606 0.2526 -0.9318
vn 0.5036 0.1994 -0.8406
vn -0.6282 -0.5495 0.5508
vn 0.4846 -0.3212 -0.8136
vn 0.3470 -0.7317 -0.5867
vn -0.1256 -0.6903 0.7125
vn -0.7069 -0.1200 0.6970
vn -0.1598 -0.1124 0.9807
vn -0.1717 -0.7086 0.6844
vn -0.2439 -0.1199 0.9624
vn -0.3446 -0.7125 0.6113
vn 0.4677 -0.7522 -0.4643
vn 0.3437 -0.7361 -0.5831
vn -0.1263 -0.0037 0.9920
vn 0.1975 -0.6861 -0.7001
vn 0.2537 -0.2818 -0.9253
vn -0.6371 -0.0902 0.7655
vn -0.1112 -0.0221 0.9936
vn -0.4315 -0.3452 0.8335
vn 0.2598 0.2037 -0.9439
vn -0.0679 -0.0549 0.9962
vn -0.0671 -0.1510 0.9862
vn -0.7234 -0.1127 0.6812
vn -0.6103 -0.5476 0.5725
vn 0.0114 -0.2716 -0.9624
vn 0.0076 -0.6401 -0.7682
vn -0.0038 -0.2337 -0.9723
vn 0.0114 0.1993 -0.9799
vn -0.0762 -0.0426 0.9962
vn -0.7282 -0.0377 0.6844
vn 0.2013 -0.6977 -0.6875
vn -0.0731 -0.3925 0.9168
vn -0.5382 -0.6766 0.5026
vn 0.0095 -0.5885 -0.8085
vn -0.0620 -0.0322 0.9976
vn -0.2284 -0.0225 0.9733
vn -0.2338 -0.0000 0.9723
vn -0.4862 -0.1193 0.8657
vn -0.5158 -0.7124 0.4759
vn -0.7306 -0.1239 0.6715
vn -0.6389 -0.7122 0.2907
vn -0.9026 -0.1204 0.4133
vn -0.6939 -0.7085 0.1285
vn -0.9767 -0.1167 0.1803
vn -0.7061 -0.7007 0.1025
vn -0.9848 -0.1168 0.1286
vn -0.7135 -0.0977 0.6938
vn -0.7856 -0.0716 0.6146
vn 0.0151 0.2545 -0.9670
vn -0.9956 -0.0038 0.0938
vn -0.9844 -0.0038 0.1760
vn -0.7351 0.0037 0.6780
vn 0.0170 0.1252 -0.9920
vn 0.0114 -0.0645 -0.9979
vn -0.4887 -0.0226 0.8721
vn -0.7349 -0.0189 0.6780
vn -0.9086 -0.0189 0.4172
vn -0.9849 -0.0226 0.1717
vn -0.9965 -0.0227 0.0808
vn -0.9975 -0.0604 0.0371
vn -0.8181 -0.5738 0.0371
vn -0.7579 -0.6513 0.0371
vn -0.9878 -0.1503 0.0415
vn -0.6977 -0.1201 0.7063
vn -0.9981 -0.0415 0.0459
vn -0.9990 -0.0302 0.0328
vn 0.0101 0.1992 -0.9799
vn -0.0000 0.2551 -0.9669
vn -0.5548 -0.5681 0.6078
vn -0.0733 -0.6494 0.7569
vn 0.6106 -0.7691 0.1889
vn -0.0678 -0.7077 0.7032
vn -0.8505 -0.3354 0.4053
vn 0.6604 -0.7245 0.1975
vn 0.8443 -0.4832 0.2316
vn -0.4699 -0.7334 0.4912
vn 0.6605 -0.7244 0.1975
vn 0.7124 -0.7017 -0.0110
vn -0.9183 -0.3932 0.0459
vn -0.9266 -0.3757 0.0197
vn 0.4513 -0.3886 -0.8033
vn 0.5635 -0.6409 -0.5213
vn 0.6764 -0.3898 -0.6249
vn 0.8342 -0.5491 0.0502
vn 0.9558 -0.1504 0.2528
vn 0.7811 -0.5908 0.2018
vn 0.6449 -0.7050 -0.2949
vn 0.6987 -0.6399 -0.3198
vn 0.7581 -0.6394 -0.1285
vn -0.6231 -0.4322 0.6518
vn -0.7644 -0.6431 0.0459
vn -0.5083 -0.6797 0.5287
vn 0.7033 -0.7007 -0.1199
vn -0.4700 -0.7335 0.4911
vn 0.7730 -0.6343 -0.0109
vn -0.7065 -0.7065 0.0415
vn -0.7777 -0.6285 0.0153
vn -0.7123 -0.7017 0.0153
vn -0.7653 -0.6307 0.1285
vn -0.7017 -0.7030 0.1156
vn 0.9238 -0.3826 -0.0153
vn 0.9080 -0.3894 -0.1545
vn -0.9139 -0.3755 0.1544
vn -0.7078 -0.6278 0.3239
vn 0.8374 -0.3877 -0.3852
vn -0.8436 -0.3740 0.3852
vn 0.3464 -0.7057 -0.6181
vn 0.3795 -0.6398 -0.6683
vn 0.2051 -0.3880 -0.8985
vn -0.5697 -0.6323 0.5250
vn -0.5226 -0.7048 0.4797
vn 0.2369 -0.0227 -0.9713
vn 0.4849 -0.0227 -0.8743
vn 0.7318 -0.0227 -0.6812
vn -0.6811 -0.3758 0.6283
vn -0.4559 -0.3721 0.8085
vn 0.9849 -0.0227 -0.1717
vn -0.3784 -0.6303 0.6780
vn 0.9993 -0.0302 -0.0240
vn 0.9984 -0.0528 -0.0196
vn 0.9993 -0.0151 -0.0328
vn -0.3442 -0.7067 0.6181
vn -0.1695 -0.6312 0.7569
vn -0.1571 -0.7028 0.6939
vn 0.0585 -0.0294 -0.9979
vn 0.0491 -0.3800 -0.9237
vn 0.8444 -0.4831 0.2316
vn -0.2070 -0.3736 0.9042
vn 0.9661 -0.0528 0.2528
vn -0.0432 -0.3767 0.9253
vn -0.0696 -0.6431 0.7626
vn -0.0640 -0.7050 0.7063
vn -0.4972 -0.7305 0.4682
vn 0.8714 -0.3532 0.3404
vn -0.0358 -0.7008 0.7125
vn -0.0358 -0.6290 0.7765
vn 0.8284 -0.1203 0.5471
vn 0.9997 -0.0075 -0.0240
vn 0.9836 -0.0000 -0.1803
vn 0.9088 -0.0000 -0.4172
vn 0.7661 -0.1351 0.6283
vn 0.9935 -0.1130 0.0153
vn 0.9763 -0.1130 -0.1846
vn 0.6819 -0.6618 -0.3115
vn 0.9036 -0.1129 -0.4132
vn 0.7341 -0.1203 -0.6683
vn 0.3672 -0.6635 -0.6518
vn 0.7352 -0.0000 -0.6779
vn 0.2380 -0.0000 -0.9713
vn 0.0606 -0.0077 -0.9981
vn 0.0726 -0.0152 -0.9972
vn 0.4920 -0.1272 -0.8613
vn 0.2385 -0.1304 -0.9624
vn 0.0556 -0.0423 -0.9976
vn 0.0170 -0.1208 -0.9925
vn -0.0466 -0.1359 -0.9896
vn -0.0502 -0.0421 -0.9978
vn -0.0529 -0.3917 -0.9186
vn 0.1830 -0.6611 -0.7277
vn 0.1717 -0.6408 -0.7483
vn 0.0359 -0.6324 -0.7738
vn -0.0472 -0.6418 -0.7654
vn -0.6817 -0.1202 -0.7216
vn -0.0434 -0.6684 -0.7425
vn -0.5686 -0.5619 -0.6008
vn 0.1593 -0.7054 -0.6907
vn -0.6844 -0.0453 -0.7277
vn 0.0359 -0.7008 -0.7124
vn -0.6202 -0.4264 -0.6585
vn -0.5040 -0.6771 -0.5362
vn -0.4699 -0.7283 -0.4988
vn -0.0434 -0.7066 -0.7063
vt 0.986354 0.146292
vt 0.977032 0.144189
vt 0.986354 0.116552
vt 0.977215 0.113962
vt -0.999939 0.598452
vt -0.316660 0.598544
vt -0.316721 0.790847
vt -0.323666 0.843714
vt -0.343954 0.892620
vt -0.376184 0.934610
vt 0.976972 0.187184
vt 0.986354 0.188159
vt 0.976972 0.231154
vt 0.986354 0.230971
vt 0.976972 0.274971
vt 0.986354 0.273661
vt 0.977093 0.317296
vt 0.986354 0.314949
vt 0.977276 0.347645
vt 0.986354 0.344811
vt 0.977581 0.355202
vt 0.986354 0.353678
vt -0.418222 0.966848
vt 0.986354 0.360747
vt 0.977093 0.363033
vt -0.467085 0.987111
vt 0.977093 0.370803
vt 0.986354 0.372570
vt 0.977276 0.381011
vt 0.986354 0.380523
vt -0.519968 0.994059
vt 0.986354 0.388476
vt 0.977398 0.391218
vt -1.000000 0.993967
vt 0.977215 0.428576
vt 0.986354 0.429064
vt 0.977946 0.436346
vt 0.986354 0.436681
vt 0.986354 0.444756
vt 0.978190 0.444208
vt 0.978007 0.456884
vt 0.963994 0.445335
vt 0.963994 0.457524
vt 0.977885 0.460053
vt 0.986354 0.460418
vt 0.986354 0.463618
vt 0.986354 0.457188
vt 0.963994 0.435980
vt 0.973316 0.428363
vt 0.973377 0.391310
vt 0.973194 0.381559
vt 0.973194 0.371168
vt 0.973621 0.364069
vt 0.963994 0.388872
vt 0.963994 0.382169
vt -0.000030 0.993967
vt 0.532886 0.987111
vt 0.480063 0.994059
vt 0.963994 0.374246
vt 0.581809 0.966848
vt 0.963994 0.365318
vt 0.973560 0.355750
vt 0.963994 0.357213
vt 0.623847 0.934610
vt 0.963994 0.351454
vt 0.973499 0.348711
vt 0.973011 0.319642
vt 0.656077 0.892620
vt 0.676304 0.843714
vt 0.973011 0.275550
vt 0.963994 0.321958
vt 0.683311 0.790847
vt 0.963994 0.276860
vt 0.973011 0.231215
vt 0.963994 0.231398
vt 0.973011 0.186788
vt 0.963994 0.185843
vt 0.973011 0.142605
vt 0.963994 0.140533
vt 0.973255 0.112834
vt 0.963994 0.110458
vt 0.972950 0.105674
vt 0.963994 0.104150
vt 0.000031 0.598452
vt 0.963994 0.096593
vt 0.973255 0.097599
vt 0.683311 0.598544
vt 0.973255 0.090438
vt 0.963994 0.087361
vt 0.973377 0.080109
vt 0.963994 0.079377
vt -0.528437 0.569322
vt -1.000000 0.573527
vt -1.000000 0.569322
vt 0.963994 0.072217
vt 0.973438 0.070114
vt -0.528437 0.565117
vt -1.000000 0.565117
vt 0.973194 0.037967
vt 0.963933 0.037662
vt 0.972829 0.030349
vt 0.963933 0.030288
vt 0.963933 0.022762
vt 0.973133 0.022610
vt -0.475431 0.565117
vt 0.973072 0.009964
vt 0.963933 0.009842
vt -0.475431 0.569322
vt 0.963933 0.006704
vt 0.973072 0.006765
vt 0.963933 0.003535
vt -0.528437 0.584497
vt -0.528437 0.573527
vt -0.475431 0.584497
vt -0.528437 0.588671
vt -1.000000 0.588671
vt -1.000000 0.584497
vt -0.475431 0.573527
vt -0.422548 0.584497
vt -0.422548 0.569322
vt -0.422548 0.573527
vt 0.977215 0.010025
vt 0.977337 0.022396
vt 0.977581 0.030441
vt 0.977154 0.037967
vt 0.977459 0.070266
vt -0.369665 0.584497
vt -0.528437 0.592876
vt -1.000000 0.592876
vt 0.986354 0.037967
vt -0.475431 0.588671
vt 0.986354 0.030380
vt 0.986354 0.022427
vt 0.986354 0.009995
vt 0.977215 0.006917
vt 0.973011 0.003596
vt 0.973011 0.000000
vt 0.963933 0.000091
vt -0.422548 0.588671
vt -0.369665 0.588671
vt 0.986354 0.006795
vt 0.977215 0.003687
vt 0.986354 0.003565
vt -0.422548 0.565117
vt 0.986354 0.000091
vt 0.977154 0.000000
vt -0.369665 0.565117
vt -0.369665 0.569322
vt -0.369665 0.573527
vt -0.316842 0.584497
vt -0.316842 0.588671
vt 0.864016 0.707234
vt 0.870535 0.706198
vt 0.863041 0.713968
vt 0.871753 0.713877
vt 0.863528 0.742032
vt 0.872606 0.742063
vt 0.863528 0.782589
vt 0.872789 0.782589
vt 0.863467 0.823603
vt -0.475431 0.592876
vt -0.422548 0.592876
vt 0.891249 0.711470
vt 0.881379 0.704431
vt -0.369665 0.592876
vt -0.316842 0.592876
vt -0.263959 0.588671
vt -0.263959 0.592876
vt 0.892407 0.741636
vt 0.892772 0.782528
vt -0.210893 0.588671
vt 0.872789 0.823603
vt -0.210893 0.592876
vt 0.863528 0.864617
vt 0.872789 0.864617
vt 0.863833 0.905449
vt 0.873094 0.905388
vt 0.863833 0.935219
vt -0.021902 0.588671
vt -0.021902 0.592876
vt -0.021902 0.584497
vt -0.210893 0.584497
vt 0.892833 0.823603
vt 0.892833 0.864587
vt 0.917691 0.823573
vt 0.917569 0.864617
vt -0.263959 0.584497
vt 0.893077 0.905388
vt 0.872667 0.935036
vt 0.871814 0.944360
vt 0.864747 0.943111
vt -0.316842 0.573527
vt -0.316842 0.569322
vt -0.316842 0.565117
vt 0.917691 0.782406
vt -0.263959 0.565117
vt -0.263959 0.569322
vt -0.263959 0.573527
vt 0.884669 0.943781
vt 0.893565 0.935280
vt -0.210893 0.573527
vt -0.210893 0.569322
vt 0.902460 0.938418
vt 0.894174 0.947743
vt -0.210893 0.565117
vt 0.899109 0.954111
vt 0.906481 0.946097
vt 0.901607 0.986685
vt -0.021902 0.565117
vt -0.021902 0.573527
vt 0.917569 0.905357
vt -0.021902 0.569322
vt 0.920798 0.864617
vt -0.466110 0.327290
vt -1.000000 0.338229
vt -1.000000 0.327564
vt 0.920920 0.823573
vt 0.920920 0.782406
vt 0.920737 0.741240
vt -0.466780 0.315711
vt -1.000000 0.315863
vt 0.917508 0.741270
vt -0.427239 0.324974
vt 0.900266 0.707112
vt -0.429311 0.314736
vt -0.433149 0.305259
vt -0.389222 0.305259
vt 0.889909 0.697941
vt -0.386724 0.313944
vt 0.894235 0.689409
vt 0.903983 0.698459
vt -0.385018 0.323420
vt 0.904409 0.653179
vt 0.895088 0.653697
vt 0.903191 0.643885
vt 0.895636 0.647328
vt -0.470436 0.305259
vt -1.000000 0.305259
vt -0.425290 0.334451
vt -0.472873 0.391828
vt -0.528376 0.363977
vt -0.472751 0.370437
vt 0.917508 0.652904
vt -0.526974 0.386587
vt 0.917021 0.642636
vt -0.472202 0.413249
vt 0.920555 0.642788
vt 0.920920 0.652874
vt 0.923784 0.642148
vt -0.525268 0.409135
vt -0.465622 0.337803
vt -1.000000 0.364130
vt 0.916960 0.698519
vt 0.920311 0.698519
vt -1.000000 0.386678
vt 0.924271 0.652660
vt 0.927805 0.652356
vt 0.927013 0.641203
vt -1.000000 0.409135
vt -1.000000 0.517582
vt -0.518749 0.517582
vt 0.927195 0.698489
vt 0.923662 0.698519
vt -0.467938 0.517582
vt 0.924027 0.741240
vt 0.924149 0.782406
vt 0.924149 0.823542
vt 0.924027 0.864617
vt -0.417979 0.417911
vt 0.920737 0.905357
vt 0.917813 0.945488
vt 0.919397 0.986898
vt 0.909405 0.986807
vt 0.918788 0.994546
vt 0.908674 0.994028
vt 0.902399 0.992596
vt -0.418161 0.398105
vt -0.418040 0.378573
vt -0.383495 0.332257
vt -0.340177 0.322719
vt 0.922139 0.986959
vt 0.921408 0.995278
vt -0.340786 0.313639
vt -0.341334 0.305259
vt -0.291193 0.305259
vt 0.920737 0.945427
vt -0.293081 0.313243
vt -0.293630 0.322019
vt 0.923905 0.905327
vt -0.339568 0.331190
vt -0.361501 0.383997
vt 0.923662 0.945366
vt 0.924880 0.987172
vt -0.362354 0.402676
vt 0.924027 0.996222
vt 0.926769 0.997197
vt -0.362963 0.421598
vt 0.927744 0.987416
vt 0.926708 0.945335
vt 0.927317 0.905327
vt 0.927500 0.864617
vt 0.927683 0.823542
vt 0.927683 0.782406
vt 0.927561 0.741240
vt -0.241660 0.305259
vt -0.416212 0.517582
vt -0.364242 0.517582
vt -0.307764 0.424066
vt -0.305937 0.405570
vt 0.977398 0.106375
vt -0.303987 0.387410
vt 0.986354 0.108081
vt -0.294300 0.330185
vt 0.986354 0.100433
vt 0.976972 0.098483
vt 0.986354 0.088945
vt 0.977032 0.090621
vt 0.977276 0.080291
vt -0.247326 0.322902
vt -0.245681 0.313670
vt -0.196210 0.305259
vt -0.201267 0.314462
vt -0.039814 0.325309
vt -0.203094 0.324548
vt -0.039814 0.314827
vt 0.986354 0.080809
vt 0.986354 0.073131
vt -0.039875 0.305259
vt -0.248850 0.331495
vt -0.246717 0.387806
vt 0.933775 0.665733
vt 0.941878 0.663325
vt 0.932679 0.672101
vt 0.942183 0.671796
vt 0.933227 0.703669
vt 0.942366 0.703547
vt 0.933471 0.751874
vt 0.942731 0.751844
vt 0.933471 0.800110
vt -0.250007 0.406454
vt -0.253053 0.425316
vt 0.961314 0.671278
vt 0.951748 0.662411
vt -0.199378 0.426900
vt -0.195905 0.407978
vt 0.961984 0.703334
vt 0.962288 0.751844
vt 0.962288 0.800110
vt 0.942731 0.800110
vt 0.958206 0.848376
vt 0.942731 0.848346
vt 0.958085 0.896734
vt -0.192128 0.388994
vt 0.942610 0.896643
vt 0.933410 0.896521
vt 0.932801 0.928881
vt 0.942183 0.929064
vt 0.941696 0.937931
vt -0.312334 0.517582
vt 0.952175 0.938266
vt 0.961618 0.929673
vt -0.260243 0.517582
vt 0.986598 0.896825
vt 0.986537 0.848346
vt 0.986476 0.800110
vt 0.986598 0.751844
vt 0.986537 0.703212
vt 0.969965 0.667622
vt -0.207725 0.517582
vt -0.204679 0.333689
vt -0.039814 0.334877
vt -0.039814 0.389268
vt 0.960461 0.658633
vt 0.963690 0.650771
vt 0.973499 0.659181
vt 0.972524 0.596106
vt 0.962715 0.599549
vt -0.039814 0.408221
vt 0.933471 0.848346
vt -0.039814 0.426870
vt -0.039814 0.517582
vt 0.933897 0.935889
vt -0.479574 0.522336
vt -0.439424 0.522336
vt -0.479026 0.560028
vt -0.547019 0.559206
vt -0.999939 0.522336
vt -1.000000 0.559053
vt 0.986293 0.659212
vt 0.989583 0.659242
vt 0.988974 0.595314
vt 0.992325 0.593547
vt -0.545496 0.565117
vt -0.477625 0.565117
vt -0.424924 0.560851
vt 0.985623 0.595954
vt -0.404941 0.522336
vt -0.376915 0.561003
vt -0.371675 0.522336
vt 0.989705 0.703212
vt 0.989705 0.751844
vt 0.989583 0.800110
vt 0.989705 0.848346
vt -0.329149 0.565117
vt -0.376184 0.565117
vt -0.329576 0.560638
vt 0.989766 0.896825
vt -0.277302 0.559815
vt 0.992751 0.848346
vt -0.277302 0.565117
vt 0.992690 0.800110
vt 0.992812 0.751844
vt 0.992873 0.703182
vt 0.992873 0.659273
vt -0.216437 0.559267
vt 0.996346 0.659273
vt 0.995919 0.591170
vt -0.216681 0.565117
vt -0.423888 0.565117
vt 0.996224 0.703182
vt 0.996102 0.751844
vt 0.995919 0.800110
vt 0.996041 0.848346
vt 0.996163 0.896856
vt 0.992873 0.896825
vt 0.996041 0.941679
vt 0.992690 0.941679
vt 0.996285 0.987081
vt -0.336339 0.522336
vt -0.298687 0.522336
vt 0.989522 0.941648
vt 0.986293 0.941648
vt 0.970331 0.933238
vt -0.254089 0.522336
vt -0.039997 0.522336
vt 0.961070 0.941648
vt -0.039875 0.559297
vt 0.964543 0.949754
vt 0.973864 0.941587
vt 0.963690 0.985862
vt 0.973133 0.986167
vt 0.986232 0.986471
vt 0.989522 0.986563
vt 0.992812 0.986807
vt -0.039875 0.565117
vt 0.995432 0.998447
vt -0.498644 0.278140
vt -0.448685 0.275063
vt -0.441009 0.300597
vt 0.992081 0.997319
vt -0.485423 0.300597
vt 0.988913 0.996283
vt 0.985745 0.995887
vt -1.000000 0.300597
vt 0.972158 0.995643
vt 0.964360 0.993541
vt -1.000000 0.295113
vt -0.999939 0.278293
vt -0.509367 0.253763
vt -1.000000 0.253702
vt -0.455692 0.251448
vt -0.400859 0.249528
vt -0.403113 0.225882
vt -0.457946 0.226949
vt -0.511560 0.228533
vt 0.963994 0.460632
vt 0.977825 0.463191
vt 0.963994 0.463709
vt -1.000000 0.228350
vt 0.963994 0.467000
vt -1.000000 0.187367
vt 0.977825 0.466787
vt 0.986354 0.467000
vt -0.507356 0.187854
vt -0.456057 0.187032
vt -0.404453 0.186696
vt -0.347244 0.225547
vt -0.000030 0.103541
vt 0.463370 0.067768
vt 0.482378 0.104333
vt 0.519177 0.069230
vt 0.534043 0.106557
vt -0.344868 0.248553
vt -0.397447 0.272808
vt -0.394157 0.300597
vt -0.000030 0.004693
vt -0.000030 0.067128
vt 0.419503 0.004662
vt 0.416091 0.000000
vt 0.479149 0.000000
vt 0.482683 0.004784
vt 0.544705 0.000000
vt -0.345904 0.300597
vt -0.344746 0.271589
vt -0.288329 0.249406
vt 0.000031 0.000000
vt -0.290827 0.226126
vt -0.352057 0.186605
vt -0.000030 0.144494
vt -0.357053 0.148364
vt -0.407560 0.147358
vt -0.363329 0.110092
vt 0.574376 0.070571
vt -0.311786 0.111250
vt 0.547569 0.004906
vt -0.305998 0.149369
vt 0.610200 0.000000
vt 0.612150 0.005058
vt 0.674050 0.000000
vt 0.674964 0.005180
vt 0.735585 0.000000
vt 0.735585 0.005150
vt 0.795109 0.000000
vt 0.794500 0.005089
vt 0.961862 0.000000
vt 0.961862 0.004967
vt 0.791210 0.071851
vt 0.961862 0.069779
vt 0.792245 0.110366
vt 0.961862 0.107990
vt 0.797851 0.149217
vt 0.961862 0.147419
vt 0.807781 0.187824
vt 0.961862 0.186727
vt -0.299113 0.187123
vt 0.961862 0.228899
vt 0.820880 0.229265
vt -0.234532 0.227680
vt 0.754350 0.187763
vt 0.745698 0.149979
vt 0.740032 0.111951
vt 0.737534 0.073527
vt 0.683493 0.072826
vt -0.232278 0.251478
vt -0.291376 0.271955
vt -0.238797 0.274240
vt -0.177871 0.253520
vt -0.187924 0.277287
vt -0.297346 0.300597
vt -0.249520 0.300597
vt -0.203155 0.300597
vt 0.688185 0.111250
vt -0.038169 0.300597
vt 0.693973 0.149369
vt 0.700918 0.187123
vt 0.765499 0.227680
vt 0.767692 0.251478
vt -0.208821 0.071851
vt -0.264446 0.005150
vt -0.205471 0.005089
vt 0.822099 0.253520
vt -0.038108 0.277226
vt -0.038108 0.293650
vt 0.961862 0.253489
vt 0.812107 0.277287
vt 0.961862 0.277226
vt 0.961862 0.293650
vt 0.796815 0.300597
vt 0.961862 0.300597
vt -0.038108 0.253489
vt -0.038108 0.228899
vt -0.179151 0.229265
vt 0.761234 0.274240
vt 0.708595 0.271955
vt 0.711702 0.249406
vt -0.245681 0.187763
vt 0.655224 0.271589
vt 0.702685 0.300597
vt 0.654127 0.300597
vt -0.254333 0.149979
vt -0.259999 0.111951
vt 0.750511 0.300597
vt -0.262436 0.073527
vt -0.316477 0.072826
vt 0.709143 0.226126
vt 0.647913 0.186605
vt 0.642917 0.148364
vt 0.636703 0.110092
vt 0.629148 0.071790
vt -0.370883 0.071790
vt -0.387881 0.005058
vt 0.585403 0.108508
vt -0.325006 0.005180
vt 0.592410 0.147358
vt 0.595578 0.186696
vt 0.652726 0.225547
vt 0.655163 0.248553
vt 0.602523 0.272808
vt -0.207786 0.110366
vt 0.605813 0.300597
vt 0.551285 0.275063
vt 0.559023 0.300597
vt -0.202181 0.149217
vt -0.192250 0.187824
vt 0.599173 0.249528
vt 0.596918 0.225882
vt 0.543913 0.187032
vt 0.542268 0.146261
vt -0.038108 0.186727
vt -0.038108 0.147419
vt 0.492309 0.145195
vt -0.000030 0.187367
vt -0.038108 0.107990
vt 0.492675 0.187854
vt 0.542085 0.226949
vt 0.544279 0.251448
vt -0.038108 0.069779
vt 0.501387 0.278140
vt 0.514547 0.300597
vt 0.000092 0.278293
vt -0.038108 0.004967
vt -0.000030 0.295113
vt -0.000030 0.300597
vt -0.038108 0.000000
vt -0.204861 0.000000
vt -0.000030 0.228350
vt 0.488410 0.228533
vt 0.000031 0.253702
vt 0.490664 0.253763
vt -0.264446 0.000000
vt -0.325981 0.000000
vt -0.389831 0.000000
vt -0.452402 0.004906
vt -0.455326 0.000000
vt 0.960156 0.565117
vt 0.783289 0.565117
vt 0.960095 0.559297
vt 0.783594 0.559267
vt 0.959973 0.522336
vt -0.517348 0.004784
vt -0.425655 0.070571
vt -0.480854 0.069230
vt 0.745942 0.522336
vt -0.580467 0.004662
vt 0.701345 0.522336
vt 0.722669 0.559815
vt 0.663693 0.522336
vt 0.670394 0.560638
vt 0.628295 0.522336
vt -1.000000 0.103541
vt -1.000000 0.067128
vt -0.536601 0.067768
vt 0.623055 0.561003
vt 0.623847 0.565117
vt -0.517653 0.104333
vt 0.576082 0.565117
vt 0.575046 0.560851
vt 0.522406 0.565117
vt -1.000000 0.144494
vt -0.583879 0.000000
vt -1.000000 0.004693
vt -1.000000 0.000000
vt -0.520821 0.000000
vt 0.722729 0.565117
vt 0.670821 0.565117
vt 0.595030 0.522336
vt 0.560607 0.522336
vt -0.414628 0.108508
vt 0.520944 0.560028
vt 0.454535 0.565117
vt 0.453012 0.559206
vt 0.000031 0.565117
vt 0.000031 0.559053
vt -0.457702 0.146261
vt 0.000092 0.522336
vt 0.520396 0.522336
vt -0.507661 0.145195
vt 0.960156 0.517582
vt 0.792245 0.517582
vt 0.960156 0.426870
vt 0.800592 0.426900
vt 0.960156 0.408221
vt 0.804065 0.407978
vt 0.960156 0.389268
vt 0.807903 0.388994
vt 0.795353 0.333689
vt 0.960156 0.334877
vt 0.960156 0.325309
vt 0.796937 0.324548
vt 0.798704 0.314462
vt 0.754289 0.313670
vt 0.803760 0.305259
vt -0.465988 0.106557
vt 0.758310 0.305259
vt 0.706889 0.313243
vt 0.708838 0.305259
vt 0.739728 0.517582
vt 0.960156 0.314827
vt -0.022146 0.463191
vt -0.036037 0.463709
vt -0.036037 0.460632
vt -0.036037 0.467000
vt -0.022207 0.466787
vt -0.013616 0.463618
vt -0.013616 0.467000
vt 0.960156 0.305259
vt -0.022146 0.460053
vt -0.036037 0.457524
vt 0.752644 0.322902
vt -0.026898 0.986167
vt -0.014225 0.995887
vt -0.027812 0.995643
vt 0.751121 0.331495
vt -0.010509 0.941648
vt -0.007097 0.896825
vt -0.007280 0.941679
vt 0.753253 0.387806
vt 0.749963 0.406454
vt 0.746978 0.425316
vt -0.036341 0.985862
vt -0.035610 0.993541
vt 0.687636 0.517582
vt 0.692267 0.424066
vt 0.635728 0.517582
vt -0.026167 0.941587
vt -0.013677 0.941648
vt -0.013799 0.986471
vt 0.694034 0.405570
vt 0.695983 0.387410
vt 0.705670 0.330185
vt -0.010448 0.986563
vt 0.706340 0.322019
vt 0.659184 0.313639
vt -0.011057 0.996283
vt 0.658697 0.305259
vt 0.613307 0.313944
vt 0.610809 0.305259
vt -0.007158 0.986807
vt -0.007889 0.997319
vt -0.004538 0.998447
vt -0.003746 0.987081
vt 0.659854 0.322719
vt 0.660403 0.331190
vt 0.638530 0.383997
vt -0.010265 0.896825
vt 0.616475 0.332257
vt 0.614952 0.323420
vt 0.570659 0.314736
vt -0.007219 0.848346
vt 0.566882 0.305259
vt 0.533251 0.315711
vt 0.529535 0.305259
vt -0.000030 0.315863
vt -0.000030 0.305259
vt -0.003929 0.941679
vt -0.003807 0.896856
vt -0.000030 0.327564
vt 0.533921 0.327290
vt -0.003990 0.848346
vt 0.572792 0.324974
vt -0.007341 0.800110
vt 0.574741 0.334451
vt 0.581931 0.378573
vt 0.637677 0.402676
vt -0.004051 0.800110
vt 0.637007 0.421598
vt -0.007158 0.751844
vt 0.583758 0.517582
vt 0.581992 0.417911
vt 0.532094 0.517582
vt -0.003929 0.751844
vt -0.007097 0.703182
vt -0.003807 0.703182
vt -0.007158 0.659273
vt -0.000030 0.338229
vt -0.003624 0.659273
vt -0.007706 0.593547
vt -0.004112 0.591170
vt -0.010448 0.659242
vt 0.581870 0.398105
vt -0.010265 0.703212
vt 0.527220 0.370437
vt 0.534348 0.337803
vt -0.010265 0.751844
vt -0.000030 0.364130
vt -0.010387 0.800110
vt 0.471655 0.363977
vt 0.527159 0.391828
vt 0.527768 0.413249
vt -0.010326 0.848346
vt 0.481282 0.517582
vt 0.474702 0.409135
vt -0.000030 0.517582
vt -0.000030 0.409135
vt -0.000030 0.386678
vt 0.472996 0.386587
vt -0.013433 0.896825
vt -0.041947 0.896734
vt -0.029700 0.933238
vt -0.035488 0.949754
vt 0.978129 0.565117
vt 0.978129 0.569322
vt 0.789077 0.569322
vt 0.789077 0.573527
vt 0.978129 0.573527
vt 0.789077 0.584497
vt 0.978129 0.584497
vt -0.038900 0.941648
vt -0.047795 0.938266
vt -0.058335 0.937931
vt -0.066134 0.935889
vt -0.067170 0.928881
vt -0.036280 0.650771
vt -0.037316 0.599549
vt -0.027446 0.596106
vt 0.789077 0.565117
vt 0.736072 0.569322
vt 0.736072 0.565117
vt -0.038352 0.929673
vt -0.057787 0.929064
vt -0.057422 0.896643
vt 0.736072 0.573527
vt 0.736072 0.584497
vt 0.683189 0.573527
vt 0.683189 0.569322
vt -0.066560 0.896521
vt 0.683189 0.565117
vt 0.630305 0.569322
vt 0.630305 0.565117
vt -0.057239 0.848346
vt -0.041825 0.848376
vt 0.630305 0.573527
vt -0.013433 0.848346
vt 0.683189 0.584497
vt 0.683189 0.588671
vt 0.736072 0.588671
vt 0.789077 0.588671
vt 0.978129 0.588671
vt 0.789077 0.592876
vt 0.978129 0.592876
vt -0.013494 0.800110
vt -0.013433 0.751844
vt 0.736072 0.592876
vt -0.013433 0.703212
vt 0.683189 0.592876
vt 0.630305 0.592876
vt 0.630305 0.588671
vt 0.577422 0.592876
vt 0.577422 0.588671
vt 0.524600 0.592876
vt 0.524600 0.588671
vt 0.471534 0.592876
vt -0.013738 0.659212
vt -0.026532 0.659181
vt -0.030005 0.667622
vt 0.630305 0.584497
vt 0.577422 0.573527
vt 0.577422 0.569322
vt -0.010996 0.595314
vt 0.577422 0.565117
vt 0.524600 0.569322
vt 0.524600 0.565117
vt -0.014408 0.595954
vt 0.577422 0.584497
vt 0.524600 0.584497
vt 0.471534 0.588671
vt -0.000030 0.588671
vt -0.000030 0.592876
vt -0.039570 0.658633
vt -0.048222 0.662411
vt -0.038717 0.671278
vt 0.524600 0.573527
vt -0.037743 0.800110
vt -0.037743 0.751844
vt 0.471534 0.573527
vt -0.038047 0.703334
vt 0.471534 0.569322
vt -0.000030 0.573527
vt 0.471534 0.584497
vt -0.000030 0.584497
vt -0.057300 0.800110
vt -0.066499 0.848346
vt -0.066560 0.800110
vt -0.057300 0.751844
vt 0.471534 0.565117
vt -0.000030 0.569322
vt -0.000030 0.565117
vt -0.057604 0.703547
vt -0.057787 0.671796
vt -0.058153 0.663325
vt -0.013616 0.116552
vt -0.022999 0.144189
vt -0.013616 0.146292
vt -0.022999 0.187184
vt -0.013616 0.188159
vt -0.022999 0.231154
vt -0.013616 0.230971
vt -0.023060 0.274971
vt -0.013616 0.273661
vt -0.022938 0.317296
vt -0.013616 0.314949
vt -0.022694 0.347645
vt -0.013616 0.344811
vt -0.022450 0.355202
vt -0.013616 0.353678
vt -0.066499 0.751874
vt -0.013616 0.360747
vt -0.022938 0.363033
vt -0.022938 0.370803
vt -0.013616 0.372570
vt -0.022755 0.381011
vt -0.013616 0.380523
vt -0.066804 0.703669
vt -0.013616 0.388476
vt -0.022572 0.391218
vt -0.022816 0.428576
vt -0.013616 0.429064
vt -0.022024 0.436346
vt -0.013616 0.436681
vt -0.067352 0.672101
vt -0.013616 0.444756
vt -0.021841 0.444208
vt -0.022024 0.456884
vt -0.036037 0.445335
vt -0.066256 0.665733
vt -0.013616 0.460418
vt -0.022755 0.080291
vt -0.026532 0.070114
vt -0.022572 0.070266
vt -0.013677 0.073131
vt -0.013677 0.037967
vt -0.013677 0.080809
vt -0.013616 0.457188
vt -0.013677 0.088945
vt -0.026776 0.090438
vt -0.026654 0.080109
vt -0.022938 0.090621
vt -0.022999 0.098483
vt -0.026776 0.097599
vt -0.036037 0.435980
vt -0.026715 0.428363
vt -0.026593 0.391310
vt -0.026837 0.381559
vt -0.026837 0.371168
vt -0.026411 0.364069
vt -0.022633 0.106375
vt -0.027081 0.105674
vt -0.036037 0.388872
vt -0.036037 0.382169
vt -0.036037 0.374246
vt -0.013677 0.100433
vt -0.036037 0.365318
vt -0.026411 0.355750
vt -0.036037 0.357213
vt -0.036037 0.351454
vt -0.026532 0.348711
vt -0.027020 0.319642
vt -0.013616 0.108081
vt -0.026959 0.275550
vt -0.036037 0.321958
vt -0.022755 0.113962
vt -0.036037 0.276860
vt -0.026959 0.231215
vt -0.036037 0.231398
vt -0.026959 0.186788
vt -0.027020 0.142605
vt -0.026776 0.112834
vt -0.072409 0.741240
vt -0.076308 0.698519
vt -0.072775 0.698489
vt -0.075943 0.741240
vt -0.072348 0.782406
vt -0.036037 0.140533
vt -0.075882 0.782406
vt -0.036037 0.110458
vt -0.036037 0.104150
vt -0.072287 0.823542
vt -0.036037 0.096593
vt -0.075821 0.823542
vt -0.036037 0.087361
vt -0.036037 0.079377
vt -0.072531 0.864617
vt -0.036037 0.072217
vt -0.076004 0.864617
vt -0.026837 0.037967
vt -0.036037 0.037662
vt -0.027142 0.030349
vt -0.036037 0.030288
vt -0.072653 0.905327
vt -0.036037 0.022762
vt -0.026898 0.022610
vt -0.076126 0.905327
vt -0.026898 0.009964
vt -0.036037 0.009842
vt -0.073262 0.945335
vt -0.036037 0.006704
vt -0.026959 0.006765
vt -0.036037 0.003535
vt -0.076369 0.945366
vt -0.072226 0.987416
vt -0.075090 0.987172
vt -0.073262 0.997197
vt -0.036037 0.185843
vt -0.076004 0.996222
vt -0.078624 0.995278
vt -0.077832 0.986959
vt -0.022816 0.010025
vt -0.022633 0.022396
vt -0.022450 0.030441
vt -0.022877 0.037967
vt -0.079233 0.945427
vt -0.079294 0.905357
vt -0.082157 0.945488
vt -0.080573 0.986898
vt -0.013677 0.030380
vt -0.081243 0.994546
vt -0.013677 0.022427
vt -0.013677 0.009995
vt -0.022816 0.006917
vt -0.093550 0.946097
vt -0.090626 0.986807
vt -0.098424 0.986685
vt -0.091357 0.994028
vt -0.097571 0.992596
vt -0.013677 0.006795
vt -0.022816 0.003687
vt -0.013677 0.003565
vt -0.013677 0.000091
vt -0.022816 0.000000
vt -0.026959 0.003596
vt -0.026959 0.000000
vt -0.036037 0.000091
vt -0.082401 0.905357
vt -0.079233 0.864617
vt -0.079050 0.823573
vt -0.079111 0.782406
vt -0.079233 0.741240
vt -0.079659 0.698519
vt -0.075699 0.652660
vt -0.072226 0.652356
vt -0.076248 0.642148
vt -0.073019 0.641203
vt -0.079111 0.652874
vt -0.135955 0.707234
vt -0.136929 0.713968
vt -0.129436 0.706198
vt -0.128278 0.713877
vt -0.136442 0.742032
vt -0.127425 0.742063
vt -0.136442 0.782589
vt -0.083010 0.698519
vt -0.082523 0.741270
vt -0.099765 0.707112
vt -0.108782 0.711470
vt -0.096048 0.698459
vt -0.095561 0.653179
vt -0.082462 0.652904
vt -0.118652 0.704431
vt -0.110061 0.697941
vt -0.079477 0.642788
vt -0.105736 0.689409
vt -0.104943 0.653697
vt -0.096779 0.643885
vt -0.104395 0.647328
vt -0.083010 0.642636
vt -0.107563 0.741636
vt -0.127242 0.782589
vt -0.107198 0.782528
vt -0.136503 0.823603
vt -0.127242 0.823603
vt -0.136442 0.864617
vt -0.127181 0.864617
vt -0.136198 0.905449
vt -0.126938 0.905388
vt -0.136198 0.935219
vt -0.127303 0.935036
vt -0.128156 0.944360
vt -0.082340 0.782406
vt -0.115301 0.943781
vt -0.106467 0.935280
vt -0.106954 0.905388
vt -0.107137 0.864587
vt -0.107198 0.823603
vt -0.082279 0.823573
vt -0.082401 0.864617
vt -0.135223 0.943111
vt -0.097511 0.938418
vt -0.100922 0.954111
vt -0.105857 0.947743
s 1
f 1/1/1 2/2/2 3/3/3
f 2/2/2 4/4/4 3/3/3
f 2177/5/5 2184/6/5 2183/7/6
f 2182/8/6 2177/5/5 2183/7/6
f 2181/9/6 2177/5/5 2182/8/6
f 2180/10/6 2177/5/5 2181/9/6
f 2/2/2 1/1/1 5/11/7
f 1/1/1 6/12/8 5/11/7
f 5/11/7 6/12/8 7/13/9
f 6/12/8 8/14/10 7/13/9
f 7/13/9 8/14/10 9/15/11
f 8/14/10 10/16/12 9/15/11
f 9/15/11 10/16/12 11/17/13
f 10/16/12 12/18/14 11/17/13
f 11/17/13 12/18/14 13/19/15
f 12/18/14 14/20/16 13/19/15
f 13/19/15 14/20/16 15/21/17
f 14/20/16 16/22/18 15/21/17
f 2179/23/6 2177/5/5 2180/10/6
f 16/22/18 17/24/19 15/21/17
f 15/21/17 17/24/19 18/25/20
f 2178/26/6 2177/5/5 2179/23/6
f 18/25/20 17/24/19 19/27/21
f 17/24/19 20/28/22 19/27/21
f 19/27/21 20/28/22 21/29/23
f 20/28/22 22/30/24 21/29/23
f 2176/31/6 2177/5/5 2178/26/6
f 22/30/24 23/32/25 21/29/23
f 21/29/23 23/32/25 24/33/26
f 2175/34/6 2177/5/5 2176/31/6
f 24/33/26 23/32/25 25/35/27
f 23/32/25 26/36/28 25/35/27
f 25/35/27 26/36/28 27/37/29
f 26/36/28 28/38/30 27/37/29
f 2168/5/5 2173/7/6 2174/6/5
f 28/38/30 29/39/31 27/37/29
f 27/37/29 29/39/31 30/40/32
f 29/39/31 31/41/33 30/40/32
f 30/40/32 31/41/33 32/42/34
f 2172/8/6 2173/7/6 2168/5/5
f 32/42/34 31/41/33 33/43/35
f 2171/9/6 2172/8/6 2168/5/5
f 33/43/35 31/41/33 34/44/36
f 31/41/33 35/45/37 34/44/36
f 34/44/36 35/45/37 36/46/38
f 2170/10/6 2171/9/6 2168/5/5
f 2169/23/6 2170/10/6 2168/5/5
f 2166/26/6 2169/23/6 2168/5/5
f 2167/34/6 2166/26/6 2168/5/5
f 29/39/31 37/47/39 31/41/33
f 31/41/33 37/47/39 35/45/37
f 2165/31/6 2166/26/6 2167/34/6
f 2157/34/5 2164/31/5 2163/26/5
f 2162/23/5 2157/34/5 2163/26/5
f 2161/10/5 2157/34/5 2162/23/5
f 32/42/34 38/48/40 30/40/32
f 30/40/32 38/48/40 27/37/29
f 38/48/40 39/49/41 27/37/29
f 27/37/29 39/49/41 25/35/27
f 39/49/41 40/50/42 25/35/27
f 25/35/27 40/50/42 24/33/26
f 40/50/42 41/51/43 24/33/26
f 24/33/26 41/51/43 21/29/23
f 41/51/43 42/52/44 21/29/23
f 21/29/23 42/52/44 19/27/21
f 42/52/44 43/53/45 19/27/21
f 19/27/21 43/53/45 18/25/20
f 2160/9/5 2157/34/5 2161/10/5
f 2159/8/5 2157/34/5 2160/9/5
f 2158/7/5 2157/34/5 2159/8/5
f 2156/6/5 2157/34/5 2158/7/5
f 39/49/41 38/48/40 40/50/42
f 2155/5/5 2157/34/5 2156/6/5
f 38/48/40 44/54/46 40/50/42
f 40/50/42 44/54/46 41/51/43
f 44/54/46 45/55/47 41/51/43
f 2148/56/5 2153/57/5 2154/58/5
f 45/55/47 46/59/48 41/51/43
f 41/51/43 46/59/48 42/52/44
f 2152/60/5 2153/57/5 2148/56/5
f 42/52/44 46/59/48 43/53/45
f 46/59/48 47/61/49 43/53/45
f 43/53/45 47/61/49 48/62/50
f 47/61/49 49/63/51 48/62/50
f 2151/64/5 2152/60/5 2148/56/5
f 49/63/51 50/65/52 48/62/50
f 48/62/50 50/65/52 51/66/53
f 50/65/52 52/67/54 51/66/53
f 51/66/53 52/67/54 13/19/15
f 2150/68/5 2151/64/5 2148/56/5
f 13/19/15 52/67/54 11/17/13
f 2149/69/5 2150/68/5 2148/56/5
f 11/17/13 52/67/54 53/70/55
f 52/67/54 54/71/56 53/70/55
f 2146/72/5 2149/69/5 2148/56/5
f 54/71/56 55/73/57 53/70/55
f 53/70/55 55/73/57 56/74/58
f 55/73/57 57/75/59 56/74/58
f 56/74/58 57/75/59 58/76/60
f 57/75/59 59/77/61 58/76/60
f 58/76/60 59/77/61 60/78/62
f 59/77/61 61/79/63 60/78/62
f 60/78/62 61/79/63 62/80/64
f 61/79/63 63/81/65 62/80/64
f 62/80/64 63/81/65 64/82/66
f 63/81/65 65/83/67 64/82/66
f 2147/84/5 2146/72/5 2148/56/5
f 65/83/67 66/85/68 64/82/66
f 64/82/66 66/85/68 67/86/69
f 2145/87/5 2146/72/5 2147/84/5
f 67/86/69 66/85/68 68/88/70
f 66/85/68 69/89/71 68/88/70
f 68/88/70 69/89/71 70/90/72
f 69/89/71 71/91/73 70/90/72
f 2138/92/74 2139/93/75 2143/94/76
f 71/91/73 72/95/77 70/90/72
f 70/90/72 72/95/77 73/96/78
f 2142/97/6 2143/94/76 2144/98/6
f 73/96/78 72/95/77 74/99/79
f 72/95/77 75/100/80 74/99/79
f 74/99/79 75/100/80 76/101/81
f 75/100/80 77/102/82 76/101/81
f 2138/92/74 2143/94/76 2142/97/6
f 77/102/82 78/103/83 76/101/81
f 76/101/81 78/103/83 79/104/84
f 2130/105/6 2138/92/74 2142/97/6
f 79/104/84 78/103/83 80/106/85
f 78/103/83 81/107/86 80/106/85
f 2129/108/87 2138/92/74 2130/105/6
f 81/107/86 82/109/88 80/106/85
f 80/106/85 82/109/88 83/110/89
f 82/109/88 84/111/90 83/110/89
f 2140/112/91 2137/113/92 2132/114/93
f 2133/115/94 2140/112/91 2132/114/93
f 2134/116/95 2140/112/91 2133/115/94
f 2141/117/96 2140/112/91 2134/116/95
f 43/53/45 48/62/50 18/25/20
f 2139/93/75 2140/112/91 2141/117/96
f 18/25/20 48/62/50 15/21/17
f 48/62/50 51/66/53 15/21/17
f 15/21/17 51/66/53 13/19/15
f 2137/113/92 2140/112/91 2139/93/75
f 2138/92/74 2137/113/92 2139/93/75
f 2129/108/87 2137/113/92 2138/92/74
f 2136/118/97 2137/113/92 2129/108/87
f 52/67/54 50/65/52 54/71/56
f 2132/114/93 2137/113/92 2136/118/97
f 2131/119/98 2132/114/93 2136/118/97
f 2136/118/97 2129/108/87 2127/120/99
f 2126/121/100 2136/118/97 2127/120/99
f 83/110/89 85/122/101 80/106/85
f 85/122/101 86/123/102 80/106/85
f 80/106/85 86/123/102 79/104/84
f 86/123/102 87/124/103 79/104/84
f 79/104/84 87/124/103 76/101/81
f 87/124/103 88/125/104 76/101/81
f 76/101/81 88/125/104 74/99/79
f 88/125/104 89/126/105 74/99/79
f 74/99/79 89/126/105 73/96/78
f 2131/119/98 2136/118/97 2126/121/100
f 2125/127/106 2131/119/98 2126/121/100
f 2124/128/107 2135/129/108 2134/116/95
f 2133/115/94 2124/128/107 2134/116/95
f 89/126/105 88/125/104 90/130/109
f 2123/131/110 2124/128/107 2133/115/94
f 88/125/104 87/124/103 90/130/109
f 90/130/109 87/124/103 91/132/111
f 2132/114/93 2123/131/110 2133/115/94
f 91/132/111 87/124/103 92/133/112
f 87/124/103 86/123/102 92/133/112
f 92/133/112 86/123/102 93/134/113
f 86/123/102 85/122/101 93/134/113
f 93/134/113 85/122/101 94/135/114
f 85/122/101 83/110/89 94/135/114
f 94/135/114 83/110/89 95/136/115
f 83/110/89 84/111/90 95/136/115
f 95/136/115 84/111/90 96/137/116
f 84/111/90 97/138/117 96/137/116
f 2131/119/98 2123/131/110 2132/114/93
f 2121/139/118 2123/131/110 2131/119/98
f 2125/127/106 2121/139/118 2131/119/98
f 2119/140/119 2121/139/118 2125/127/106
f 93/134/113 94/135/114 98/141/120
f 94/135/114 99/142/121 98/141/120
f 98/141/120 99/142/121 100/143/122
f 2128/144/6 2129/108/87 2130/105/6
f 100/143/122 99/142/121 101/145/123
f 2127/120/99 2129/108/87 2128/144/6
f 101/145/123 99/142/121 102/146/124
f 99/142/121 95/136/115 102/146/124
f 102/146/124 95/136/115 96/137/116
f 2107/147/6 2127/120/99 2128/144/6
f 2106/148/125 2127/120/99 2107/147/6
f 2126/121/100 2127/120/99 2106/148/125
f 2108/149/126 2126/121/100 2106/148/125
f 94/135/114 95/136/115 99/142/121
f 2125/127/106 2126/121/100 2108/149/126
f 2109/150/127 2125/127/106 2108/149/126
f 2119/140/119 2125/127/106 2109/150/127
f 2110/151/128 2119/140/119 2109/150/127
f 103/152/129 104/153/130 105/154/3
f 104/153/130 106/155/131 105/154/3
f 105/154/3 106/155/131 107/156/132
f 106/155/131 108/157/133 107/156/132
f 107/156/132 108/157/133 109/158/134
f 108/157/133 110/159/135 109/158/134
f 109/158/134 110/159/135 111/160/136
f 2122/161/137 2124/128/107 2123/131/110
f 2121/139/118 2122/161/137 2123/131/110
f 2120/162/138 2122/161/137 2121/139/118
f 2119/140/119 2120/162/138 2121/139/118
f 106/155/131 104/153/130 112/163/139
f 112/163/139 104/153/130 113/164/140
f 2118/165/141 2120/162/138 2119/140/119
f 2110/151/128 2118/165/141 2119/140/119
f 2117/166/142 2118/165/141 2110/151/128
f 2111/167/143 2117/166/142 2110/151/128
f 106/155/131 112/163/139 108/157/133
f 2116/168/144 2117/166/142 2111/167/143
f 112/163/139 114/169/145 108/157/133
f 108/157/133 114/169/145 110/159/135
f 114/169/145 115/170/146 110/159/135
f 2112/171/147 2116/168/144 2111/167/143
f 115/170/146 116/172/148 110/159/135
f 110/159/135 116/172/148 111/160/136
f 2114/173/149 2116/168/144 2112/171/147
f 111/160/136 116/172/148 117/174/12
f 116/172/148 118/175/150 117/174/12
f 117/174/12 118/175/150 119/176/151
f 118/175/150 120/177/152 119/176/151
f 119/176/151 120/177/152 121/178/153
f 2113/179/154 2115/180/155 2114/173/149
f 2112/171/147 2113/179/154 2114/173/149
f 2097/181/156 2113/179/154 2112/171/147
f 2096/182/157 2097/181/156 2112/171/147
f 116/172/148 122/183/158 118/175/150
f 118/175/150 122/183/158 123/184/159
f 122/183/158 124/185/160 123/184/159
f 2111/167/143 2096/182/157 2112/171/147
f 124/185/160 125/186/161 123/184/159
f 2102/187/162 2096/182/157 2111/167/143
f 125/186/161 126/188/163 123/184/159
f 123/184/159 126/188/163 120/177/152
f 126/188/163 127/189/164 120/177/152
f 120/177/152 127/189/164 121/178/153
f 127/189/164 128/190/165 121/178/153
f 121/178/153 128/190/165 129/191/166
f 2110/151/128 2102/187/162 2111/167/143
f 2109/150/127 2102/187/162 2110/151/128
f 2103/192/167 2102/187/162 2109/150/127
f 2108/149/126 2103/192/167 2109/150/127
f 120/177/152 118/175/150 123/184/159
f 2104/193/168 2103/192/167 2108/149/126
f 2106/148/125 2104/193/168 2108/149/126
f 2105/194/6 2106/148/125 2107/147/6
f 2104/193/168 2106/148/125 2105/194/6
f 116/172/148 115/170/146 122/183/158
f 115/170/146 130/195/169 122/183/158
f 122/183/158 130/195/169 124/185/160
f 2100/196/6 2104/193/168 2105/194/6
f 2099/197/170 2104/193/168 2100/196/6
f 2103/192/167 2104/193/168 2099/197/170
f 2101/198/171 2103/192/167 2099/197/170
f 128/190/165 127/189/164 131/199/172
f 131/199/172 127/189/164 132/200/173
f 127/189/164 126/188/163 132/200/173
f 2102/187/162 2103/192/167 2101/198/171
f 2096/182/157 2102/187/162 2101/198/171
f 2094/201/174 2096/182/157 2101/198/171
f 2093/202/175 2094/201/174 2101/198/171
f 132/200/173 133/203/176 131/199/172
f 2099/197/170 2093/202/175 2101/198/171
f 131/199/172 133/203/176 134/204/177
f 2098/205/6 2099/197/170 2100/196/6
f 134/204/177 133/203/176 135/206/178
f 133/203/176 136/207/179 135/206/178
f 135/206/178 136/207/179 137/208/28
f 2093/202/175 2099/197/170 2098/205/6
f 2091/209/5 2093/202/175 2098/205/6
f 2095/210/180 2097/181/156 2096/182/157
f 2094/201/174 2095/210/180 2096/182/157
f 136/207/179 133/203/176 138/211/181
f 2092/212/182 2095/210/180 2094/201/174
f 133/203/176 132/200/173 138/211/181
f 2093/202/175 2092/212/182 2094/201/174
f 132/200/173 126/188/163 138/211/181
f 2091/209/5 2092/212/182 2093/202/175
f 126/188/163 125/186/161 138/211/181
f 138/211/181 125/186/161 139/213/183
f 2082/214/184 2083/215/185 2090/216/186
f 139/213/183 125/186/161 140/217/187
f 125/186/161 124/185/160 140/217/187
f 140/217/187 124/185/160 141/218/188
f 124/185/160 130/195/169 141/218/188
f 141/218/188 130/195/169 142/219/189
f 2085/220/190 2090/216/186 2088/221/191
f 142/219/189 130/195/169 143/222/192
f 130/195/169 115/170/146 143/222/192
f 2082/214/184 2090/216/186 2085/220/190
f 115/170/146 114/169/145 143/222/192
f 2081/223/193 2082/214/184 2085/220/190
f 114/169/145 112/163/139 143/222/192
f 143/222/192 112/163/139 144/224/194
f 112/163/139 113/164/140 144/224/194
f 2084/225/195 2086/226/196 2066/227/197
f 113/164/140 145/228/198 144/224/194
f 2065/229/199 2084/225/195 2066/227/197
f 145/228/198 146/230/200 144/224/194
f 144/224/194 146/230/200 147/231/201
f 2067/232/202 2084/225/195 2065/229/199
f 147/231/201 146/230/200 148/233/203
f 146/230/200 149/234/109 148/233/203
f 148/233/203 149/234/109 150/235/204
f 149/234/109 151/236/205 150/235/204
f 2087/237/206 2088/221/191 2089/238/207
f 2085/220/190 2088/221/191 2087/237/206
f 2086/226/196 2085/220/190 2087/237/206
f 2084/225/195 2085/220/190 2086/226/196
f 147/231/201 143/222/192 144/224/194
f 2081/223/193 2085/220/190 2084/225/195
f 2067/232/202 2081/223/193 2084/225/195
f 2068/239/208 2081/223/193 2067/232/202
f 2070/240/209 2079/241/210 2069/242/211
f 148/233/203 150/235/204 152/243/212
f 2077/244/213 2079/241/210 2070/240/209
f 150/235/204 153/245/214 152/243/212
f 2071/246/215 2077/244/213 2070/240/209
f 153/245/214 154/247/216 152/243/212
f 152/243/212 154/247/216 155/248/217
f 154/247/216 156/249/122 155/248/217
f 2073/250/218 2077/244/213 2071/246/215
f 2080/251/219 2078/252/220 2083/215/185
f 2082/214/184 2080/251/219 2083/215/185
f 2081/223/193 2080/251/219 2082/214/184
f 155/248/217 157/253/221 152/243/212
f 2068/239/208 2080/251/219 2081/223/193
f 152/243/212 157/253/221 148/233/203
f 2069/242/211 2080/251/219 2068/239/208
f 148/233/203 157/253/221 147/231/201
f 2079/241/210 2080/251/219 2069/242/211
f 147/231/201 157/253/221 143/222/192
f 157/253/221 158/254/222 143/222/192
f 143/222/192 158/254/222 142/219/189
f 2078/252/220 2080/251/219 2079/241/210
f 2077/244/213 2078/252/220 2079/241/210
f 2076/255/223 2078/252/220 2077/244/213
f 2073/250/218 2076/255/223 2077/244/213
f 157/253/221 155/248/217 158/254/222
f 158/254/222 155/248/217 159/256/224
f 155/248/217 156/249/122 159/256/224
f 159/256/224 156/249/122 160/257/225
f 156/249/122 161/258/226 160/257/225
f 2075/259/227 2076/255/223 2073/250/218
f 2074/260/228 2075/259/227 2073/250/218
f 2072/261/229 2074/260/228 2073/250/218
f 2071/246/215 2072/261/229 2073/250/218
f 160/257/225 162/262/230 159/256/224
f 162/262/230 163/263/231 159/256/224
f 159/256/224 163/263/231 158/254/222
f 2057/264/232 2072/261/229 2071/246/215
f 158/254/222 163/263/231 142/219/189
f 163/263/231 164/265/233 142/219/189
f 142/219/189 164/265/233 141/218/188
f 164/265/233 165/266/234 141/218/188
f 141/218/188 165/266/234 140/217/187
f 165/266/234 166/267/235 140/217/187
f 140/217/187 166/267/235 139/213/183
f 166/267/235 167/268/236 139/213/183
f 2056/269/237 2057/264/232 2071/246/215
f 167/268/236 168/270/238 139/213/183
f 139/213/183 168/270/238 138/211/181
f 168/270/238 169/271/239 138/211/181
f 138/211/181 169/271/239 136/207/179
f 169/271/239 170/272/240 136/207/179
f 136/207/179 170/272/240 171/273/241
f 170/272/240 172/274/39 171/273/241
f 2070/240/209 2056/269/237 2071/246/215
f 172/274/39 173/275/31 171/273/241
f 171/273/241 173/275/31 137/208/28
f 173/275/31 174/276/242 137/208/28
f 2059/277/243 2056/269/237 2070/240/209
f 2069/242/211 2059/277/243 2070/240/209
f 2060/278/244 2059/277/243 2069/242/211
f 2068/239/208 2060/278/244 2069/242/211
f 136/207/179 171/273/241 137/208/28
f 2061/279/245 2060/278/244 2068/239/208
f 2067/232/202 2061/279/245 2068/239/208
f 2062/280/246 2061/279/245 2067/232/202
f 2065/229/199 2062/280/246 2067/232/202
f 170/272/240 175/281/247 172/274/39
f 172/274/39 175/281/247 176/282/248
f 2063/283/249 2062/280/246 2065/229/199
f 2064/284/250 2065/229/199 2066/227/197
f 2063/283/249 2065/229/199 2064/284/250
f 2058/285/251 2063/283/249 2064/284/250
f 175/281/247 170/272/240 177/286/252
f 2049/287/253 2063/283/249 2058/285/251
f 170/272/240 169/271/239 177/286/252
f 2050/288/254 2063/283/249 2049/287/253
f 169/271/239 168/270/238 177/286/252
f 177/286/252 168/270/238 178/289/255
f 168/270/238 167/268/236 178/289/255
f 2062/280/246 2063/283/249 2050/288/254
f 2051/290/256 2062/280/246 2050/288/254
f 2061/279/245 2062/280/246 2051/290/256
f 2052/291/257 2061/279/245 2051/290/256
f 178/289/255 179/292/258 177/286/252
f 2060/278/244 2061/279/245 2052/291/257
f 177/286/252 179/292/258 175/281/247
f 179/292/258 180/293/259 175/281/247
f 175/281/247 180/293/259 176/282/248
f 2053/294/260 2060/278/244 2052/291/257
f 176/282/248 180/293/259 181/295/261
f 2059/277/243 2060/278/244 2053/294/260
f 181/295/261 180/293/259 182/296/262
f 2054/297/263 2059/277/243 2053/294/260
f 182/296/262 180/293/259 183/298/264
f 180/293/259 179/292/258 183/298/264
f 183/298/264 179/292/258 184/299/265
f 179/292/258 178/289/255 184/299/265
f 184/299/265 178/289/255 185/300/266
f 178/289/255 167/268/236 185/300/266
f 185/300/266 167/268/236 186/301/267
f 167/268/236 166/267/235 186/301/267
f 186/301/267 166/267/235 187/302/268
f 166/267/235 165/266/234 187/302/268
f 187/302/268 165/266/234 188/303/269
f 165/266/234 164/265/233 188/303/269
f 188/303/269 164/265/233 189/304/270
f 164/265/233 163/263/231 189/304/270
f 189/304/270 163/263/231 162/262/230
f 2056/269/237 2059/277/243 2054/297/263
f 2048/305/271 2049/287/253 2058/285/251
f 2055/306/272 2057/264/232 2056/269/237
f 2054/297/263 2055/306/272 2056/269/237
f 64/82/66 4/4/4 62/80/64
f 2035/307/273 2055/306/272 2054/297/263
f 4/4/4 2/2/2 62/80/64
f 62/80/64 2/2/2 60/78/62
f 2/2/2 5/11/7 60/78/62
f 60/78/62 5/11/7 58/76/60
f 5/11/7 7/13/9 58/76/60
f 58/76/60 7/13/9 56/74/58
f 7/13/9 9/15/11 56/74/58
f 56/74/58 9/15/11 53/70/55
f 9/15/11 11/17/13 53/70/55
f 2034/308/274 2035/307/273 2054/297/263
f 2053/294/260 2034/308/274 2054/297/263
f 2038/309/275 2034/308/274 2053/294/260
f 2052/291/257 2038/309/275 2053/294/260
f 64/82/66 190/310/276 4/4/4
f 2039/311/277 2038/309/275 2052/291/257
f 4/4/4 190/310/276 3/3/3
f 2051/290/256 2039/311/277 2052/291/257
f 3/3/3 190/310/276 191/312/278
f 2040/313/279 2039/311/277 2051/290/256
f 191/312/278 190/310/276 192/314/130
f 190/310/276 193/315/280 192/314/130
f 192/314/130 193/315/280 194/316/140
f 193/315/280 195/317/281 194/316/140
f 194/316/140 195/317/281 196/318/282
f 195/317/281 70/90/72 196/318/282
f 196/318/282 70/90/72 73/96/78
f 2050/288/254 2040/313/279 2051/290/256
f 2041/319/283 2040/313/279 2050/288/254
f 2049/287/253 2041/319/283 2050/288/254
f 2042/320/284 2041/319/283 2049/287/253
f 64/82/66 67/86/69 190/310/276
f 190/310/276 67/86/69 193/315/280
f 67/86/69 68/88/70 193/315/280
f 193/315/280 68/88/70 195/317/281
f 68/88/70 70/90/72 195/317/281
f 2048/305/271 2042/320/284 2049/287/253
f 2044/321/285 2042/320/284 2048/305/271
f 2043/322/286 2029/323/287 2028/324/288
s 0
f 2046/325/289 2047/325/290 2029/323/291
s 1
f 194/316/140 196/318/282 197/326/292
f 2043/322/286 2046/325/289 2029/323/287
f 197/326/292 196/318/282 198/327/200
f 196/318/282 89/126/105 198/327/200
f 198/327/200 89/126/105 90/130/109
f 2045/328/293 2046/325/289 2043/322/286
f 2044/321/285 2045/328/293 2043/322/286
f 2042/320/284 2044/321/285 2043/322/286
f 2028/324/288 2042/320/284 2043/322/286
f 196/318/282 73/96/78 89/126/105
f 2041/319/283 2042/320/284 2028/324/288
f 2027/329/294 2041/319/283 2028/324/288
f 2040/313/279 2041/319/283 2027/329/294
f 2036/330/295 2040/313/279 2027/329/294
f 199/331/51 200/332/296 201/333/52
f 200/332/296 202/334/297 201/333/52
f 201/333/52 202/334/297 203/335/56
f 202/334/297 204/336/298 203/335/56
f 203/335/56 204/336/298 205/337/299
f 204/336/298 206/338/300 205/337/299
f 205/337/299 206/338/300 207/339/301
f 2039/311/277 2040/313/279 2036/330/295
f 2037/340/302 2039/311/277 2036/330/295
f 2038/309/275 2039/311/277 2037/340/302
f 2032/341/303 2034/308/274 2038/309/275
f 202/334/297 200/332/296 208/342/304
f 208/342/304 200/332/296 209/343/48
f 2037/340/302 2032/341/303 2038/309/275
f 2021/344/305 2032/341/303 2037/340/302
f 2023/345/306 2021/344/305 2037/340/302
f 2036/330/295 2023/345/306 2037/340/302
f 208/342/304 210/346/307 202/334/297
f 202/334/297 210/346/307 204/336/298
f 210/346/307 211/347/308 204/336/298
f 204/336/298 211/347/308 206/338/300
f 211/347/308 212/348/309 206/338/300
f 206/338/300 212/348/309 213/349/310
f 212/348/309 214/350/311 213/349/310
f 213/349/310 214/350/311 215/351/312
f 214/350/311 216/352/313 215/351/312
f 2025/353/314 2023/345/306 2036/330/295
f 216/352/313 217/354/315 215/351/312
f 215/351/312 217/354/315 218/355/316
f 2027/329/294 2025/353/314 2036/330/295
f 218/355/316 217/354/315 219/356/65
f 217/354/315 220/357/317 219/356/65
f 219/356/65 220/357/317 221/358/68
f 2033/359/318 2035/307/273 2034/308/274
f 221/358/68 220/357/317 222/360/71
f 2032/341/303 2033/359/318 2034/308/274
f 222/360/71 220/357/317 223/361/319
f 220/357/317 217/354/315 223/361/319
f 2031/362/320 2033/359/318 2032/341/303
f 217/354/315 216/352/313 223/361/319
f 223/361/319 216/352/313 224/363/321
f 216/352/313 214/350/311 224/363/321
f 224/363/321 214/350/311 225/364/322
f 214/350/311 212/348/309 225/364/322
f 225/364/322 212/348/309 226/365/323
f 212/348/309 211/347/308 226/365/323
f 226/365/323 211/347/308 227/366/324
f 211/347/308 210/346/307 227/366/324
f 227/366/324 210/346/307 228/367/325
f 2021/344/305 2031/362/320 2032/341/303
f 228/367/325 210/346/307 229/368/326
f 210/346/307 208/342/304 229/368/326
f 2019/369/327 2031/362/320 2021/344/305
f 208/342/304 209/343/48 229/368/326
f 2026/370/328 2030/371/329 2024/372/330
f 209/343/48 230/373/47 229/368/326
f 2029/323/287 2030/371/329 2026/370/328
f 230/373/47 231/374/331 229/368/326
f 229/368/326 231/374/331 232/375/332
f 2028/324/288 2029/323/287 2026/370/328
f 232/375/332 231/374/331 233/376/333
f 231/374/331 234/377/334 233/376/333
f 2027/329/294 2028/324/288 2026/370/328
f 2025/353/314 2027/329/294 2026/370/328
f 2024/372/330 2025/353/314 2026/370/328
f 2023/345/306 2025/353/314 2024/372/330
f 206/338/300 213/349/310 207/339/301
f 2022/378/335 2023/345/306 2024/372/330
f 207/339/301 213/349/310 235/379/336
f 213/349/310 215/351/312 235/379/336
f 235/379/336 215/351/312 218/355/316
f 2021/344/305 2023/345/306 2022/378/335
f 2020/380/337 2021/344/305 2022/378/335
f 2019/369/327 2021/344/305 2020/380/337
f 2018/381/338 2019/369/327 2020/380/337
f 221/358/68 236/382/339 219/356/65
f 2017/383/340 2010/384/341 2011/385/342
f 2013/386/343 2017/383/340 2011/385/342
f 2016/387/344 2017/383/340 2013/386/343
f 2015/388/345 2016/387/344 2013/386/343
f 229/368/326 232/375/332 228/367/325
f 232/375/332 237/389/346 228/367/325
f 228/367/325 237/389/346 238/390/347
f 237/389/346 239/391/348 238/390/347
f 238/390/347 239/391/348 240/392/349
f 2014/98/350 2015/388/345 2013/386/343
f 2012/393/351 2014/98/350 2013/386/343
f 2011/385/342 2012/393/351 2013/386/343
f 2006/394/352 2012/393/351 2011/385/342
f 232/375/332 233/376/333 237/389/346
f 2005/395/353 2006/394/352 2011/385/342
f 233/376/333 241/396/354 237/389/346
f 237/389/346 241/396/354 239/391/348
f 2010/384/341 2005/395/353 2011/385/342
f 2009/397/138 2005/395/353 2010/384/341
f 2002/398/355 2005/395/353 2009/397/138
f 2001/399/356 2002/398/355 2009/397/138
f 238/390/347 242/400/357 228/367/325
f 228/367/325 242/400/357 227/366/324
f 242/400/357 243/401/358 227/366/324
f 227/366/324 243/401/358 226/365/323
f 243/401/358 244/402/359 226/365/323
f 226/365/323 244/402/359 225/364/322
f 244/402/359 245/403/360 225/364/322
f 225/364/322 245/403/360 224/363/321
f 2008/404/361 2003/405/362 2000/406/363
f 224/363/321 245/403/360 246/407/364
f 1998/408/365 2008/404/361 2000/406/363
f 246/407/364 245/403/360 247/409/366
f 2007/410/367 2008/404/361 1998/408/365
f 247/409/366 245/403/360 248/411/368
f 245/403/360 244/402/359 248/411/368
f 248/411/368 244/402/359 249/412/369
f 244/402/359 243/401/358 249/412/369
f 249/412/369 243/401/358 250/413/370
f 243/401/358 242/400/357 250/413/370
f 250/413/370 242/400/357 251/414/371
f 242/400/357 238/390/347 251/414/371
f 1994/415/372 2007/410/367 1998/408/365
f 238/390/347 240/392/349 251/414/371
f 251/414/371 240/392/349 252/416/373
f 240/392/349 253/417/374 252/416/373
f 1992/418/375 2007/410/367 1994/415/372
f 2004/419/376 2006/394/352 2005/395/353
f 2002/398/355 2004/419/376 2005/395/353
f 2003/405/362 2004/419/376 2002/398/355
f 252/416/373 254/420/377 251/414/371
f 2000/406/363 2003/405/362 2002/398/355
f 251/414/371 254/420/377 250/413/370
f 254/420/377 255/421/378 250/413/370
f 250/413/370 255/421/378 249/412/369
f 255/421/378 256/422/379 249/412/369
f 249/412/369 256/422/379 248/411/368
f 256/422/379 257/423/380 248/411/368
f 248/411/368 257/423/380 247/409/366
f 257/423/380 258/424/381 247/409/366
f 247/409/366 258/424/381 259/425/382
f 258/424/381 260/426/383 259/425/382
f 259/425/382 260/426/383 261/427/384
f 260/426/383 262/428/385 261/427/384
f 2001/399/356 2000/406/363 2002/398/355
f 1999/429/142 2000/406/363 2001/399/356
f 1998/408/365 2000/406/363 1999/429/142
f 1997/430/144 1998/408/365 1999/429/142
f 247/409/366 259/425/382 246/407/364
f 259/425/382 263/431/386 246/407/364
f 1994/415/372 1998/408/365 1997/430/144
f 263/431/386 264/432/387 246/407/364
f 246/407/364 264/432/387 224/363/321
f 264/432/387 265/433/388 224/363/321
f 224/363/321 265/433/388 223/361/319
f 1996/434/149 1994/415/372 1997/430/144
f 223/361/319 265/433/388 222/360/71
f 1995/435/155 1994/415/372 1996/434/149
f 222/360/71 265/433/388 266/436/389
f 1993/437/390 1994/415/372 1995/435/155
f 266/436/389 265/433/388 267/438/391
f 265/433/388 268/439/392 267/438/391
f 267/438/391 268/439/392 269/440/393
f 1992/418/375 1994/415/372 1993/437/390
f 269/440/393 268/439/392 270/441/394
f 268/439/392 264/432/387 270/441/394
f 270/441/394 264/432/387 271/442/395
f 264/432/387 263/431/386 271/442/395
f 271/442/395 263/431/386 272/443/396
f 263/431/386 261/427/384 272/443/396
f 272/443/396 261/427/384 273/444/397
f 261/427/384 262/428/385 273/444/397
f 1991/445/398 1992/418/375 1993/437/390
f 262/428/385 274/446/399 273/444/397
f 1986/447/400 1975/448/401 1976/449/402
f 274/446/399 275/450/403 273/444/397
f 1990/451/404 1986/447/400 1976/449/402
f 275/450/403 276/452/405 273/444/397
f 273/444/397 276/452/405 272/443/396
f 276/452/405 277/453/406 272/443/396
f 272/443/396 277/453/406 271/442/395
f 1989/454/407 1986/447/400 1990/451/404
f 271/442/395 277/453/406 270/441/394
f 277/453/406 278/455/408 270/441/394
f 270/441/394 278/455/408 269/440/393
f 278/455/408 279/456/409 269/440/393
f 1988/457/410 1986/447/400 1989/454/407
f 1987/458/411 1986/447/400 1988/457/410
f 1984/459/412 1987/458/411 1983/460/413
f 1986/447/400 1987/458/411 1984/459/412
f 263/431/386 259/425/382 261/427/384
f 1985/461/414 1986/447/400 1984/459/412
f 1975/448/401 1986/447/400 1985/461/414
f 1977/462/415 1975/448/401 1985/461/414
f 1978/463/416 1977/462/415 1985/461/414
f 265/433/388 264/432/387 268/439/392
f 1979/464/417 1978/463/416 1985/461/414
f 1984/459/412 1979/464/417 1985/461/414
f 1980/465/418 1979/464/417 1984/459/412
f 1983/460/413 1980/465/418 1984/459/412
f 33/43/35 34/44/36 280/466/419
f 34/44/36 281/467/420 280/466/419
f 280/466/419 281/467/420 282/468/421
f 1981/469/422 1980/465/418 1983/460/413
f 282/468/421 281/467/420 283/470/374
s 0
f 1909/471/423 1981/469/424 1982/469/425
s 1
f 283/470/374 281/467/420 284/472/426
f 281/467/420 36/46/38 284/472/426
f 284/472/426 36/46/38 285/473/427
f 1980/465/418 1981/469/422 1909/471/428
f 1910/474/429 1980/465/418 1909/471/428
f 1979/464/417 1980/465/418 1910/474/429
f 1911/475/430 1979/464/417 1910/474/429
f 34/44/36 36/46/38 281/467/420
f 1978/463/416 1979/464/417 1911/475/430
f 1970/476/431 1978/463/416 1911/475/430
f 1971/477/432 1978/463/416 1970/476/431
f 1977/462/415 1978/463/416 1971/477/432
f 286/478/433 287/479/434 288/480/435
f 287/479/434 289/481/436 288/480/435
f 288/480/435 289/481/436 290/482/437
f 1972/483/438 1977/462/415 1971/477/432
f 1973/484/439 1977/462/415 1972/483/438
f 1975/448/401 1977/462/415 1973/484/439
f 1974/485/440 1976/449/402 1975/448/401
s 0
f 291/486/441 293/486/442 292/487/443
s 1
f 292/487/443 293/486/444 294/488/445
f 293/486/444 295/489/446 294/488/445
f 1973/484/439 1974/485/440 1975/448/401
f 295/489/446 296/490/447 294/488/445
f 294/488/445 296/490/447 297/491/448
f 296/490/447 298/492/449 297/491/448
f 1965/493/450 1974/485/440 1973/484/439
f 1964/494/451 1965/493/450 1973/484/439
f 1972/483/438 1964/494/451 1973/484/439
f 1966/495/452 1964/494/451 1972/483/438
f 293/486/444 299/496/453 295/489/446
f 1967/497/454 1966/495/452 1972/483/438
f 1971/477/432 1967/497/454 1972/483/438
f 1968/498/455 1967/497/454 1971/477/432
f 1970/476/431 1968/498/455 1971/477/432
f 288/480/435 300/499/456 286/478/433
f 1969/500/457 1968/498/455 1970/476/431
f 1912/501/458 1970/476/431 1911/475/430
f 1969/500/457 1970/476/431 1912/501/458
f 1913/502/459 1969/500/457 1912/501/458
f 286/478/433 292/487/443 287/479/434
f 292/487/443 294/488/445 287/479/434
f 287/479/434 294/488/445 289/481/436
f 294/488/445 297/491/448 289/481/436
f 289/481/436 297/491/448 301/503/460
f 1948/504/461 1969/500/457 1913/502/459
f 301/503/460 297/491/448 302/505/462
f 297/491/448 298/492/449 302/505/462
f 1949/506/463 1969/500/457 1948/504/461
f 298/492/449 303/507/464 302/505/462
f 302/505/462 303/507/464 304/508/465
f 303/507/464 305/509/466 304/508/465
f 304/508/465 305/509/466 306/510/467
f 305/509/466 307/511/468 306/510/467
f 306/510/467 307/511/468 308/512/469
f 307/511/468 309/513/470 308/512/469
f 308/512/469 309/513/470 310/514/471
f 309/513/470 311/515/472 310/514/471
f 1968/498/455 1969/500/457 1949/506/463
f 311/515/472 312/516/473 310/514/471
f 310/514/471 312/516/473 313/517/474
f 312/516/473 314/518/475 313/517/474
f 313/517/474 314/518/475 315/519/476
f 314/518/475 316/520/477 315/519/476
f 315/519/476 316/520/477 317/521/478
f 316/520/477 318/522/479 317/521/478
f 317/521/478 318/522/479 319/523/480
f 318/522/479 320/524/481 319/523/480
f 1950/525/482 1968/498/455 1949/506/463
f 320/524/481 321/526/483 319/523/480
f 1967/497/454 1968/498/455 1950/525/482
f 321/526/483 322/527/484 319/523/480
f 1951/528/485 1967/497/454 1950/525/482
f 322/527/484 323/529/486 319/523/480
f 319/523/480 323/529/486 317/521/478
f 323/529/486 324/530/487 317/521/478
f 317/521/478 324/530/487 315/519/476
f 324/530/487 325/531/488 315/519/476
f 315/519/476 325/531/488 313/517/474
f 325/531/488 326/532/489 313/517/474
f 313/517/474 326/532/489 308/512/469
f 1966/495/452 1967/497/454 1951/528/485
f 308/512/469 326/532/489 306/510/467
f 326/532/489 327/533/490 306/510/467
f 306/510/467 327/533/490 304/508/465
f 1952/534/491 1966/495/452 1951/528/485
f 1962/535/492 1964/494/451 1966/495/452
f 1952/534/491 1962/535/492 1966/495/452
f 1960/536/493 1962/535/492 1952/534/491
f 290/482/437 289/481/436 301/503/460
f 1953/537/494 1960/536/493 1952/534/491
f 1955/538/495 1960/536/493 1953/537/494
f 1963/539/251 1965/493/450 1964/494/451
f 1962/535/492 1963/539/251 1964/494/451
f 313/517/474 308/512/469 310/514/471
f 1961/540/496 1963/539/251 1962/535/492
f 1960/536/493 1961/540/496 1962/535/492
f 1959/541/497 1961/540/496 1960/536/493
f 1955/538/495 1959/541/497 1960/536/493
f 327/533/490 326/532/489 328/542/498
f 1957/543/499 1959/541/497 1955/538/495
f 326/532/489 325/531/488 328/542/498
f 328/542/498 325/531/488 329/544/500
f 325/531/488 324/530/487 329/544/500
f 329/544/500 324/530/487 330/545/501
f 324/530/487 323/529/486 330/545/501
f 330/545/501 323/529/486 331/546/502
f 323/529/486 322/527/484 331/546/502
f 331/546/502 322/527/484 332/547/503
f 1933/548/504 1928/549/505 1930/550/506
f 332/547/503 322/527/484 333/551/507
f 322/527/484 321/526/483 333/551/507
f 1956/552/508 1958/553/509 1957/543/499
f 321/526/483 334/554/510 333/551/507
f 333/551/507 334/554/510 335/555/511
f 334/554/510 336/556/512 335/555/511
f 1955/538/495 1956/552/508 1957/543/499
f 336/556/512 337/557/513 335/555/511
f 335/555/511 337/557/513 338/558/514
f 337/557/513 339/559/515 338/558/514
f 1954/560/516 1956/552/508 1955/538/495
f 1953/537/494 1954/560/516 1955/538/495
f 1941/561/517 1954/560/516 1953/537/494
f 1942/562/518 1941/561/517 1953/537/494
f 338/558/514 340/563/519 335/555/511
f 1952/534/491 1942/562/518 1953/537/494
f 335/555/511 340/563/519 333/551/507
f 1951/528/485 1942/562/518 1952/534/491
f 333/551/507 340/563/519 332/547/503
f 340/563/519 341/564/520 332/547/503
f 332/547/503 341/564/520 342/565/521
f 1943/566/522 1942/562/518 1951/528/485
f 342/565/521 341/564/520 343/567/523
f 341/564/520 344/568/524 343/567/523
f 343/567/523 344/568/524 345/569/525
f 1950/525/482 1943/566/522 1951/528/485
f 1944/570/526 1943/566/522 1950/525/482
f 1949/506/463 1944/570/526 1950/525/482
f 1945/571/527 1944/570/526 1949/506/463
f 338/558/514 346/572/528 340/563/519
f 340/563/519 346/572/528 341/564/520
f 346/572/528 344/568/524 341/564/520
f 1948/504/461 1945/571/527 1949/506/463
f 1946/573/529 1945/571/527 1948/504/461
f 1947/574/530 1946/573/529 1948/504/461
f 1913/502/459 1947/574/530 1948/504/461
f 332/547/503 342/565/521 331/546/502
f 342/565/521 347/575/531 331/546/502
f 331/546/502 347/575/531 330/545/501
f 347/575/531 348/576/532 330/545/501
f 330/545/501 348/576/532 329/544/500
f 348/576/532 349/577/533 329/544/500
f 329/544/500 349/577/533 328/542/498
f 349/577/533 350/578/534 328/542/498
f 328/542/498 350/578/534 327/533/490
f 350/578/534 351/579/535 327/533/490
f 327/533/490 351/579/535 304/508/465
f 1914/580/536 1947/574/530 1913/502/459
f 304/508/465 351/579/535 302/505/462
f 1924/581/537 1947/574/530 1914/580/536
f 302/505/462 351/579/535 301/503/460
f 351/579/535 352/582/538 301/503/460
f 301/503/460 352/582/538 290/482/437
f 1926/583/539 1947/574/530 1924/581/537
f 1946/573/529 1947/574/530 1926/583/539
f 1928/549/505 1946/573/529 1926/583/539
f 1933/548/504 1946/573/529 1928/549/505
f 351/579/535 350/578/534 352/582/538
f 352/582/538 350/578/534 353/584/540
f 350/578/534 349/577/533 353/584/540
f 353/584/540 349/577/533 354/585/541
f 349/577/533 348/576/532 354/585/541
f 354/585/541 348/576/532 355/586/542
f 348/576/532 347/575/531 355/586/542
f 355/586/542 347/575/531 356/587/543
f 347/575/531 342/565/521 356/587/543
f 1945/571/527 1946/573/529 1933/548/504
f 342/565/521 343/567/523 356/587/543
f 356/587/543 343/567/523 357/588/544
f 343/567/523 345/569/525 357/588/544
f 1935/589/545 1945/571/527 1933/548/504
f 345/569/525 358/590/546 357/588/544
f 357/588/544 358/590/546 359/591/547
f 358/590/546 360/592/548 359/591/547
f 1944/570/526 1945/571/527 1935/589/545
f 1937/593/549 1944/570/526 1935/589/545
f 1943/566/522 1944/570/526 1937/593/549
f 1939/594/550 1943/566/522 1937/593/549
f 359/591/547 361/595/551 357/588/544
f 1942/562/518 1943/566/522 1939/594/550
f 357/588/544 361/595/551 356/587/543
f 1941/561/517 1942/562/518 1939/594/550
f 356/587/543 361/595/551 355/586/542
f 361/595/551 362/596/552 355/586/542
f 355/586/542 362/596/552 354/585/541
f 362/596/552 363/597/553 354/585/541
f 354/585/541 363/597/553 353/584/540
f 363/597/553 364/598/554 353/584/540
f 353/584/540 364/598/554 352/582/538
f 1940/599/555 1941/561/517 1939/594/550
f 352/582/538 364/598/554 290/482/437
f 1938/600/556 1940/599/555 1939/594/550
f 290/482/437 364/598/554 288/480/435
f 364/598/554 365/601/557 288/480/435
f 288/480/435 365/601/557 300/499/456
f 1937/593/549 1938/600/556 1939/594/550
f 300/499/456 365/601/557 366/602/558
f 1936/603/559 1938/600/556 1937/593/549
f 366/602/558 365/601/557 367/604/560
f 365/601/557 364/598/554 367/604/560
f 1935/589/545 1936/603/559 1937/593/549
f 364/598/554 363/597/553 367/604/560
f 367/604/560 363/597/553 368/605/561
f 363/597/553 362/596/552 368/605/561
f 368/605/561 362/596/552 369/606/562
f 362/596/552 361/595/551 369/606/562
f 1934/607/563 1936/603/559 1935/589/545
f 361/595/551 359/591/547 369/606/562
f 369/606/562 359/591/547 370/608/564
f 359/591/547 360/592/548 370/608/564
f 1933/548/504 1934/607/563 1935/589/545
f 360/592/548 371/609/565 370/608/564
f 370/608/564 371/609/565 372/610/566
f 1932/611/567 1934/607/563 1933/548/504
f 372/610/566 371/609/565 373/612/568
f 371/609/565 374/613/569 373/612/568
f 1930/550/506 1932/611/567 1933/548/504
f 1931/614/570 1932/611/567 1930/550/506
f 1929/615/375 1931/614/570 1930/550/506
f 1928/549/505 1929/615/375 1930/550/506
f 375/616/571 376/617/572 377/618/573
f 376/617/572 378/619/574 377/618/573
f 377/618/573 378/619/574 372/610/566
f 1927/620/575 1929/615/375 1928/549/505
f 372/610/566 378/619/574 370/608/564
f 1926/583/539 1927/620/575 1928/549/505
f 370/608/564 378/619/574 369/606/562
f 1925/621/576 1927/620/575 1926/583/539
f 369/606/562 378/619/574 368/605/561
f 378/619/574 376/617/572 368/605/561
f 368/605/561 376/617/572 367/604/560
f 1924/581/537 1925/621/576 1926/583/539
f 367/604/560 376/617/572 366/602/558
f 376/617/572 379/616/577 366/602/558
f 1923/622/362 1925/621/576 1924/581/537
f 1915/623/578 1924/581/537 1914/580/536
f 1923/622/362 1924/581/537 1915/623/578
f 1917/624/376 1923/622/362 1915/623/578
f 380/625/579 381/626/470 382/627/580
f 381/626/470 383/628/581 382/627/580
f 382/627/580 383/628/581 384/629/582
f 1916/630/583 1904/631/584 1901/632/585
f 384/629/582 383/628/581 385/633/586
f 1899/634/587 1916/630/583 1901/632/585
f 385/633/586 383/628/581 386/635/588
f 383/628/581 387/636/589 386/635/588
f 386/635/588 387/636/589 388/637/590
f 387/636/589 389/638/591 388/637/590
f 388/637/590 389/638/591 390/639/592
f 1922/640/593 1898/641/594 1900/642/595
f 390/639/592 389/638/591 391/643/596
f 389/638/591 392/644/597 391/643/596
f 1902/645/598 1922/640/593 1900/642/595
f 392/644/597 393/646/449 391/643/596
f 391/643/596 393/646/449 394/647/599
f 393/646/449 395/648/600 394/647/599
f 1908/649/601 1922/640/593 1902/645/598
f 1919/650/602 1920/651/603 1921/652/604
f 1899/634/587 1920/651/603 1919/650/602
f 1918/653/605 1899/634/587 1919/650/602
f 381/626/470 396/654/606 383/628/581
f 1916/630/583 1899/634/587 1918/653/605
f 383/628/581 396/654/606 387/636/589
f 396/654/606 397/655/607 387/636/589
f 387/636/589 397/655/607 389/638/591
f 397/655/607 392/644/597 389/638/591
f 1917/624/376 1916/630/583 1918/653/605
f 1915/623/578 1916/630/583 1917/624/376
f 1904/631/584 1916/630/583 1915/623/578
f 1914/580/536 1904/631/584 1915/623/578
f 390/639/592 391/643/596 398/656/608
f 391/643/596 394/647/599 398/656/608
f 398/656/608 394/647/599 399/657/609
f 1905/658/610 1904/631/584 1914/580/536
f 399/657/609 394/647/599 400/659/611
f 394/647/599 395/648/600 400/659/611
f 1913/502/459 1905/658/610 1914/580/536
f 395/648/600 401/660/612 400/659/611
f 400/659/611 401/660/612 402/661/613
f 401/660/612 403/662/614 402/661/613
f 1912/501/458 1905/658/610 1913/502/459
f 403/662/614 404/663/615 402/661/613
f 1906/664/616 1905/658/610 1912/501/458
f 404/663/615 405/665/617 402/661/613
f 1911/475/430 1906/664/616 1912/501/458
f 405/665/617 406/666/618 402/661/613
f 402/661/613 406/666/618 400/659/611
f 406/666/618 399/657/609 400/659/611
f 1910/474/429 1906/664/616 1911/475/430
f 1907/667/619 1906/664/616 1910/474/429
f 1909/471/428 1907/667/619 1910/474/429
f 1908/649/601 1907/667/619 1909/471/428
f 407/668/290 408/669/620 409/670/621
f 408/669/620 410/671/622 409/670/621
f 409/670/621 410/671/622 411/672/154
f 410/671/622 412/673/623 411/672/154
f 411/672/154 412/673/623 413/674/624
f 412/673/623 414/675/625 413/674/624
f 1902/645/598 1907/667/619 1908/649/601
f 414/675/625 415/676/626 413/674/624
f 413/674/624 415/676/626 416/677/627
f 1906/664/616 1907/667/619 1902/645/598
f 416/677/627 415/676/626 417/678/628
f 415/676/626 418/679/629 417/678/628
f 417/678/628 418/679/629 419/680/630
f 418/679/629 420/681/631 419/680/630
f 419/680/630 420/681/631 421/682/632
f 1903/683/633 1906/664/616 1902/645/598
f 421/682/632 420/681/631 422/684/634
f 420/681/631 423/685/635 422/684/634
f 422/684/634 423/685/635 424/686/524
f 1905/658/610 1906/664/616 1903/683/633
f 1904/631/584 1905/658/610 1903/683/633
f 1901/632/585 1904/631/584 1903/683/633
f 1902/645/598 1901/632/585 1903/683/633
f 410/671/622 408/669/620 425/687/636
f 1900/642/595 1901/632/585 1902/645/598
f 1899/634/587 1901/632/585 1900/642/595
f 1898/641/594 1899/634/587 1900/642/595
f 1897/651/637 1899/634/587 1898/641/594
f 417/678/628 419/680/630 426/688/338
f 1892/689/638 1896/690/639 1891/691/640
f 1895/692/641 1896/690/639 1892/689/638
f 1893/693/642 1895/692/641 1892/689/638
f 1647/694/643 1894/695/644 1893/693/642
f 421/682/632 427/696/645 419/680/630
f 419/680/630 427/696/645 428/688/646
f 1892/689/638 1647/694/643 1893/693/642
f 1645/697/647 1647/694/643 1892/689/638
f 1891/691/640 1645/697/647 1892/689/638
f 1644/698/648 1645/697/647 1891/691/640
f 423/685/635 420/681/631 429/699/649
f 1888/700/650 1887/701/651 1889/702/652
f 420/681/631 418/679/629 429/699/649
f 429/699/649 418/679/629 430/703/653
f 418/679/629 415/676/626 430/703/653
f 1880/704/654 1876/705/655 1878/706/656
f 415/676/626 414/675/625 430/703/653
f 430/703/653 414/675/625 431/707/657
f 414/675/625 412/673/623 431/707/657
f 431/707/657 412/673/623 432/708/658
f 412/673/623 410/671/622 432/708/658
f 432/708/658 410/671/622 433/709/659
f 410/671/622 425/687/636 433/709/659
f 1861/710/660 1889/702/652 1890/711/661
f 425/687/636 434/712/662 433/709/659
f 433/709/659 434/712/662 435/713/663
f 434/712/662 436/714/664 435/713/663
f 1888/700/650 1889/702/652 1861/710/660
f 1860/715/665 1888/700/650 1861/710/660
f 1862/716/666 1888/700/650 1860/715/665
f 1881/717/667 1888/700/650 1862/716/666
f 435/713/663 437/718/668 433/709/659
f 1887/701/651 1888/700/650 1881/717/667
f 433/709/659 437/718/668 432/708/658
f 437/718/668 438/719/669 432/708/658
f 432/708/658 438/719/669 431/707/657
f 438/719/669 439/720/670 431/707/657
f 431/707/657 439/720/670 430/703/653
f 1882/721/671 1887/701/651 1881/717/667
f 430/703/653 439/720/670 429/699/649
f 439/720/670 440/722/672 429/699/649
f 429/699/649 440/722/672 423/685/635
f 440/722/672 441/723/673 423/685/635
f 423/685/635 441/723/673 424/686/524
f 1886/724/674 1887/701/651 1882/721/671
f 424/686/524 441/723/673 442/725/525
f 441/723/673 443/726/675 442/725/525
f 442/725/525 443/726/675 444/727/546
f 1883/728/676 1886/724/674 1882/721/671
f 1885/729/677 1886/724/674 1883/728/676
f 1884/730/678 1885/729/677 1883/728/676
f 1879/731/679 1884/730/678 1883/728/676
f 443/726/675 441/723/673 445/732/680
f 1878/706/656 1879/731/679 1883/728/676
f 441/723/673 440/722/672 445/732/680
f 445/732/680 440/722/672 446/733/681
f 440/722/672 439/720/670 446/733/681
f 1882/721/671 1878/706/656 1883/728/676
f 439/720/670 438/719/669 446/733/681
f 446/733/681 438/719/669 447/734/682
f 438/719/669 437/718/668 447/734/682
f 1880/704/654 1878/706/656 1882/721/671
f 1881/717/667 1880/704/654 1882/721/671
f 1862/716/666 1880/704/654 1881/717/667
f 1863/735/683 1880/704/654 1862/716/666
f 447/734/682 448/736/684 446/733/681
f 1876/705/655 1880/704/654 1863/735/683
f 446/733/681 448/736/684 445/732/680
f 448/736/684 449/737/685 445/732/680
f 445/732/680 449/737/685 443/726/675
f 449/737/685 450/738/686 443/726/675
f 443/726/675 450/738/686 444/727/546
f 1864/739/687 1876/705/655 1863/735/683
f 444/727/546 450/738/686 451/740/688
f 450/738/686 452/741/689 451/740/688
f 451/740/688 452/741/689 453/742/690
f 452/741/689 454/743/691 453/742/690
f 453/742/690 454/743/691 455/744/692
f 1877/745/230 1879/731/679 1878/706/656
f 1876/705/655 1877/745/230 1878/706/656
f 1875/746/693 1877/745/230 1876/705/655
f 1864/739/687 1875/746/693 1876/705/655
f 454/743/691 452/741/689 456/747/694
f 456/747/694 452/741/689 457/748/695
f 1874/749/696 1875/746/693 1864/739/687
f 457/748/695 452/741/689 458/750/697
f 452/741/689 450/738/686 458/750/697
f 1865/751/698 1874/749/696 1864/739/687
f 450/738/686 449/737/685 458/750/697
f 458/750/697 449/737/685 459/752/699
f 449/737/685 448/736/684 459/752/699
f 459/752/699 448/736/684 460/753/700
f 448/736/684 447/734/682 460/753/700
f 460/753/700 447/734/682 461/754/701
f 447/734/682 437/718/668 461/754/701
f 1873/755/268 1874/749/696 1865/751/698
f 437/718/668 435/713/663 461/754/701
f 461/754/701 435/713/663 462/756/702
f 435/713/663 436/714/664 462/756/702
f 1866/757/703 1873/755/268 1865/751/698
f 436/714/664 463/758/704 462/756/702
f 462/756/702 463/758/704 464/759/705
f 463/758/704 465/760/706 464/759/705
f 1872/761/707 1873/755/268 1866/757/703
f 1867/762/708 1872/761/707 1866/757/703
f 1871/763/709 1872/761/707 1867/762/708
f 1868/764/710 1871/763/709 1867/762/708
f 457/748/695 466/765/711 456/747/694
f 1869/766/712 1871/763/709 1868/764/710
f 1842/767/713 1870/768/714 1869/766/712
f 1868/764/710 1842/767/713 1869/766/712
f 1841/769/715 1842/767/713 1868/764/710
f 464/759/705 467/770/716 462/756/702
f 462/756/702 467/770/716 461/754/701
f 1843/771/717 1841/769/715 1868/764/710
f 461/754/701 467/770/716 460/753/700
f 467/770/716 468/772/718 460/753/700
f 460/753/700 468/772/718 459/752/699
f 468/772/718 469/773/719 459/752/699
f 459/752/699 469/773/719 458/750/697
f 1867/762/708 1843/771/717 1868/764/710
f 458/750/697 469/773/719 457/748/695
f 1844/774/720 1843/771/717 1867/762/708
f 457/748/695 469/773/719 466/765/711
f 1866/757/703 1844/774/720 1867/762/708
f 466/765/711 469/773/719 470/775/721
f 1845/776/722 1844/774/720 1866/757/703
f 470/775/721 469/773/719 471/777/723
f 469/773/719 468/772/718 471/777/723
f 471/777/723 468/772/718 472/778/724
f 468/772/718 467/770/716 472/778/724
f 1865/751/698 1845/776/722 1866/757/703
f 467/770/716 464/759/705 472/778/724
f 472/778/724 464/759/705 473/779/725
f 464/759/705 465/760/706 473/779/725
f 1846/780/726 1845/776/722 1865/751/698
f 465/760/706 474/781/727 473/779/725
f 473/779/725 474/781/727 475/782/728
f 474/781/727 476/783/729 475/782/728
f 1864/739/687 1846/780/726 1865/751/698
f 476/783/729 477/784/730 475/782/728
f 1863/735/683 1846/780/726 1864/739/687
f 477/784/730 478/785/731 475/782/728
f 475/782/728 478/785/731 479/786/732
f 478/785/731 470/775/721 479/786/732
f 1847/787/733 1846/780/726 1863/735/683
f 470/775/721 471/777/723 479/786/732
f 1862/716/666 1847/787/733 1863/735/683
f 471/777/723 472/778/724 479/786/732
f 1848/788/734 1847/787/733 1862/716/666
f 472/778/724 473/779/725 479/786/732
f 479/786/732 473/779/725 475/782/728
f 1855/789/735 1848/788/734 1862/716/666
f 1860/715/665 1855/789/735 1862/716/666
f 1859/790/736 1860/715/665 1861/710/660
f 1855/789/735 1860/715/665 1859/790/736
f 480/791/5 482/792/737 481/793/738
f 481/793/738 482/792/737 483/794/739
f 482/792/737 484/795/740 483/794/739
f 483/794/739 484/795/740 485/796/741
f 484/795/740 486/797/742 485/796/741
f 1858/798/743 1855/789/735 1859/790/736
f 1853/799/744 1855/789/735 1858/798/743
f 1852/800/745 1857/801/746 1850/802/747
f 1835/803/748 1856/804/749 1837/805/750
f 480/791/5 481/793/738 487/806/5
f 481/793/738 488/807/751 487/806/5
f 487/806/5 488/807/751 489/808/5
f 1854/809/752 1851/810/753 1849/811/754
f 1848/788/734 1854/809/752 1849/811/754
f 1855/789/735 1854/809/752 1848/788/734
f 1853/799/744 1854/809/752 1855/789/735
f 488/807/751 481/793/738 490/812/755
f 1851/810/753 1854/809/752 1853/799/744
f 481/793/738 483/794/739 490/812/755
f 1852/800/745 1851/810/753 1853/799/744
f 483/794/739 485/796/741 490/812/755
f 1850/802/747 1851/810/753 1852/800/745
f 485/796/741 491/813/756 490/812/755
f 1849/811/754 1851/810/753 1850/802/747
f 491/813/756 492/814/757 490/812/755
f 490/812/755 492/814/757 488/807/751
f 492/814/757 493/815/758 488/807/751
f 488/807/751 493/815/758 489/808/5
f 1828/816/759 1849/811/754 1850/802/747
f 489/808/5 493/815/758 494/817/5
f 493/815/758 495/818/760 494/817/5
f 494/817/5 495/818/760 496/819/5
f 1826/820/761 1849/811/754 1828/816/759
f 1848/788/734 1849/811/754 1826/820/761
f 1825/821/146 1848/788/734 1826/820/761
f 1847/787/733 1848/788/734 1825/821/146
f 495/818/760 493/815/758 497/822/762
f 1833/823/763 1847/787/733 1825/821/146
f 493/815/758 492/814/757 497/822/762
f 497/822/762 492/814/757 498/824/764
f 492/814/757 491/813/756 498/824/764
f 498/824/764 491/813/756 499/825/765
f 1846/780/726 1847/787/733 1833/823/763
f 499/825/765 491/813/756 500/826/766
f 491/813/756 485/796/741 500/826/766
f 500/826/766 485/796/741 501/827/767
f 485/796/741 486/797/742 501/827/767
f 1845/776/722 1846/780/726 1833/823/763
f 486/797/742 502/828/335 501/827/767
f 501/827/767 502/828/335 503/829/586
f 502/828/335 504/830/582 503/829/586
f 1832/831/768 1845/776/722 1833/823/763
f 1844/774/720 1845/776/722 1832/831/768
f 1831/832/769 1844/774/720 1832/831/768
f 1843/771/717 1844/774/720 1831/832/769
f 503/829/586 505/833/588 501/827/767
f 1830/834/181 1843/771/717 1831/832/769
f 501/827/767 505/833/588 500/826/766
f 505/833/588 506/835/590 500/826/766
f 500/826/766 506/835/590 499/825/765
f 506/835/590 507/836/770 499/825/765
f 499/825/765 507/836/770 508/837/771
f 507/836/770 509/838/608 508/837/771
f 508/837/771 509/838/608 510/839/772
f 509/838/608 511/840/773 510/839/772
f 510/839/772 511/840/773 512/841/774
f 511/840/773 513/842/775 512/841/774
f 1841/769/715 1843/771/717 1830/834/181
f 1838/843/776 1841/769/715 1830/834/181
f 1836/844/777 1838/843/776 1830/834/181
f 1829/845/778 1836/844/777 1830/834/181
f 499/825/765 508/837/771 498/824/764
f 508/837/771 514/846/779 498/824/764
f 498/824/764 514/846/779 497/822/762
f 514/846/779 515/847/780 497/822/762
f 497/822/762 515/847/780 495/818/760
f 515/847/780 516/848/781 495/818/760
f 495/818/760 516/848/781 496/819/5
f 1840/849/782 1842/767/713 1841/769/715
f 496/819/5 516/848/781 517/850/5
f 516/848/781 518/851/783 517/850/5
f 517/850/5 518/851/783 519/852/5
f 1838/843/776 1840/849/782 1841/769/715
f 1839/853/784 1840/849/782 1838/843/776
f 1837/805/750 1839/853/784 1838/843/776
f 1836/844/777 1837/805/750 1838/843/776
f 508/837/771 510/839/772 514/846/779
f 514/846/779 510/839/772 520/854/785
f 510/839/772 512/841/774 520/854/785
f 520/854/785 512/841/774 521/855/786
f 1835/803/748 1837/805/750 1836/844/777
f 521/855/786 512/841/774 522/856/787
f 512/841/774 513/842/775 522/856/787
f 522/856/787 513/842/775 523/857/788
f 513/842/775 524/858/789 523/857/788
f 1829/845/778 1835/803/748 1836/844/777
f 1834/859/790 1835/803/748 1829/845/778
f 1820/860/791 1834/859/790 1829/845/778
f 1819/861/792 1820/860/791 1829/845/778
f 514/846/779 520/854/785 515/847/780
f 520/854/785 525/862/793 515/847/780
f 515/847/780 525/862/793 516/848/781
f 525/862/793 518/851/783 516/848/781
f 1823/863/158 1833/823/763 1825/821/146
f 1832/831/768 1833/823/763 1823/863/158
f 1822/864/794 1832/831/768 1823/863/158
f 1831/832/769 1832/831/768 1822/864/794
f 520/854/785 521/855/786 525/862/793
f 521/855/786 526/865/795 525/862/793
f 525/862/793 526/865/795 518/851/783
f 1821/866/796 1831/832/769 1822/864/794
f 518/851/783 526/865/795 527/867/797
f 1830/834/181 1831/832/769 1821/866/796
f 527/867/797 526/865/795 528/868/798
f 526/865/795 529/869/799 528/868/798
f 528/868/798 529/869/799 530/870/800
f 1829/845/778 1830/834/181 1821/866/796
f 530/870/800 529/869/799 523/857/788
f 1819/861/792 1829/845/778 1821/866/796
f 523/857/788 529/869/799 522/856/787
f 1824/871/801 1827/872/802 1818/873/803
f 522/856/787 529/869/799 521/855/786
f 529/869/799 526/865/795 521/855/786
f 1817/874/804 1824/871/801 1818/873/803
f 1826/820/761 1828/816/759 1827/872/802
f 1824/871/801 1826/820/761 1827/872/802
f 1825/821/146 1826/820/761 1824/871/801
f 518/851/783 527/867/797 519/852/5
f 1823/863/158 1825/821/146 1824/871/801
f 519/852/5 527/867/797 531/875/5
f 527/867/797 532/876/805 531/875/5
f 531/875/5 532/876/805 533/877/5
f 1817/874/804 1823/863/158 1824/871/801
f 1822/864/794 1823/863/158 1817/874/804
f 1815/878/806 1822/864/794 1817/874/804
f 1821/866/796 1822/864/794 1815/878/806
f 527/867/797 528/868/798 532/876/805
f 1813/879/807 1821/866/796 1815/878/806
f 1819/861/792 1821/866/796 1813/879/807
f 1819/861/792 1811/880/808 1820/860/791
f 1813/879/807 1811/880/808 1819/861/792
f 534/881/809 535/882/810 536/883/811
f 535/882/810 537/884/812 536/883/811
f 536/883/811 537/884/812 538/885/813
f 537/884/812 539/886/814 538/885/813
f 538/885/813 539/886/814 540/887/815
f 539/886/814 541/888/816 540/887/815
f 540/887/815 541/888/816 542/889/817
f 541/888/816 543/890/818 542/889/817
f 542/889/817 543/890/818 544/891/819
f 543/890/818 545/892/820 544/891/819
f 544/891/819 545/892/820 546/893/821
f 545/892/820 547/894/822 546/893/821
f 546/893/821 547/894/822 548/895/823
f 1816/896/824 1817/874/804 1818/873/803
f 548/895/823 547/894/822 549/897/825
f 547/894/822 550/898/826 549/897/825
f 1815/878/806 1817/874/804 1816/896/824
f 550/898/826 551/899/827 549/897/825
f 549/897/825 551/899/827 552/900/828
f 551/899/827 553/901/829 552/900/828
f 552/900/828 553/901/829 554/902/830
f 1814/903/831 1815/878/806 1816/896/824
f 554/902/830 553/901/829 555/904/832
f 553/901/829 556/905/833 555/904/832
f 1813/879/807 1815/878/806 1814/903/831
f 556/905/833 557/906/834 555/904/832
f 555/904/832 557/906/834 558/907/835
f 557/906/834 559/908/836 558/907/835
f 558/907/835 559/908/836 560/909/837
f 1812/910/838 1813/879/807 1814/903/831
f 560/909/837 559/908/836 561/911/839
f 559/908/836 562/912/840 561/911/839
f 561/911/839 562/912/840 563/913/841
f 562/912/840 564/914/842 563/913/841
f 1811/880/808 1813/879/807 1812/910/838
f 564/914/842 565/698/843 563/913/841
f 1810/915/844 1811/880/808 1812/910/838
f 565/698/843 566/697/845 563/913/841
f 563/913/841 566/697/845 567/916/846
f 566/697/845 568/694/847 567/916/846
f 1807/917/848 1684/918/849 1700/919/850
f 1809/920/851 1700/919/850 1701/921/852
f 1807/917/848 1700/919/850 1809/920/851
f 1808/922/853 1807/917/848 1809/920/851
f 561/911/839 563/913/841 569/923/854
f 563/913/841 567/916/846 569/923/854
f 1805/924/855 1807/917/848 1808/922/853
f 1679/925/856 1681/926/857 1806/927/858
f 1804/928/859 1679/925/856 1806/927/858
f 1678/929/860 1679/925/856 1804/928/859
f 564/914/842 562/912/840 570/930/861
f 562/912/840 559/908/836 570/930/861
f 570/930/861 559/908/836 571/931/862
f 559/908/836 557/906/834 571/931/862
f 571/931/862 557/906/834 572/932/863
f 557/906/834 556/905/833 572/932/863
f 572/932/863 556/905/833 573/933/864
f 556/905/833 553/901/829 573/933/864
f 573/933/864 553/901/829 574/934/865
f 553/901/829 551/899/827 574/934/865
f 574/934/865 551/899/827 575/935/866
f 551/899/827 550/898/826 575/935/866
f 1801/936/867 1678/929/860 1804/928/859
f 1675/937/868 1678/929/860 1801/936/867
f 1807/917/848 1681/926/857 1684/918/849
f 1806/927/858 1681/926/857 1807/917/848
f 571/931/862 572/932/863 570/930/861
f 1805/924/855 1806/927/858 1807/917/848
f 570/930/861 572/932/863 576/938/869
f 572/932/863 573/933/864 576/938/869
f 576/938/869 573/933/864 577/939/870
f 1804/928/859 1806/927/858 1805/924/855
f 577/939/870 573/933/864 578/940/871
f 573/933/864 574/934/865 578/940/871
f 1803/941/872 1804/928/859 1805/924/855
f 574/934/865 575/935/866 578/940/871
f 578/940/871 575/935/866 579/942/873
f 575/935/866 580/943/874 579/942/873
f 579/942/873 580/943/874 581/944/875
f 1801/936/867 1804/928/859 1803/941/872
f 581/944/875 580/943/874 582/945/876
f 580/943/874 583/946/877 582/945/876
f 582/945/876 583/946/877 584/947/878
f 583/946/877 545/892/820 584/947/878
f 1802/948/879 1801/936/867 1803/941/872
f 545/892/820 543/890/818 584/947/878
f 1613/881/880 1801/936/867 1802/948/879
f 543/890/818 585/949/881 584/947/878
f 584/947/878 585/949/881 586/950/882
f 1615/951/883 1801/936/867 1613/881/880
f 586/950/882 585/949/881 587/952/884
f 585/949/881 588/953/885 587/952/884
f 587/952/884 588/953/885 589/954/886
f 1675/937/868 1801/936/867 1615/951/883
f 1620/888/887 1622/890/888 1664/949/889
f 1667/953/890 1620/888/887 1664/949/889
f 1618/886/891 1620/888/887 1667/953/890
f 575/935/866 550/898/826 580/943/874
f 1669/955/892 1618/886/891 1667/953/890
f 550/898/826 547/894/822 580/943/874
f 580/943/874 547/894/822 583/946/877
f 547/894/822 545/892/820 583/946/877
f 1616/884/893 1618/886/891 1669/955/892
f 1671/956/894 1616/884/893 1669/955/892
f 1614/882/895 1616/884/893 1671/956/894
f 1673/957/896 1614/882/895 1671/956/894
f 584/947/878 586/950/882 582/945/876
f 1615/951/883 1614/882/895 1673/957/896
f 1675/937/868 1615/951/883 1673/957/896
f 1800/958/897 1774/959/898 1773/960/383
f 1775/961/899 1774/959/898 1800/958/897
f 543/890/818 541/888/816 585/949/881
f 585/949/881 541/888/816 588/953/885
f 541/888/816 539/886/814 588/953/885
f 588/953/885 539/886/814 590/955/900
f 539/886/814 537/884/812 590/955/900
f 590/955/900 537/884/812 591/956/901
f 537/884/812 535/882/810 591/956/901
f 1799/962/902 1775/961/899 1800/958/897
f 535/882/810 592/957/903 591/956/901
f 591/956/901 592/957/903 593/963/904
f 1776/964/905 1775/961/899 1799/962/902
f 593/963/904 592/957/903 594/965/65
f 592/957/903 595/937/906 594/965/65
f 594/965/65 595/937/906 596/966/907
f 1798/967/379 1776/964/905 1799/962/902
f 596/966/907 595/937/906 597/968/908
f 595/937/906 598/929/909 597/968/908
f 1777/969/910 1776/964/905 1798/967/379
f 598/929/909 599/925/911 597/968/908
f 597/968/908 599/925/911 600/970/912
f 599/925/911 601/926/913 600/970/912
f 600/970/912 601/926/913 602/971/914
f 1797/972/915 1777/969/910 1798/967/379
f 602/971/914 601/926/913 603/973/916
f 601/926/913 604/918/917 603/973/916
f 1778/974/918 1777/969/910 1797/972/915
f 604/918/917 605/975/919 603/973/916
f 603/973/916 605/975/919 606/976/920
f 605/975/919 607/977/921 606/976/920
f 606/976/920 607/977/921 608/978/922
f 1796/979/923 1778/974/918 1797/972/915
f 608/978/922 607/977/921 609/980/924
f 607/977/921 610/981/925 609/980/924
f 1789/982/926 1778/974/918 1796/979/923
f 610/981/925 611/983/927 609/980/924
f 609/980/924 611/983/927 612/984/928
f 1795/985/929 1789/982/926 1796/979/923
f 612/984/928 611/983/927 613/986/930
f 611/983/927 614/987/931 613/986/930
f 613/986/930 614/987/931 615/988/932
f 1790/989/933 1789/982/926 1795/985/929
f 1794/990/934 1790/989/933 1795/985/929
f 1791/991/935 1790/989/933 1794/990/934
f 1793/992/936 1791/991/935 1794/990/934
f 588/953/885 590/955/900 589/954/886
f 589/954/886 590/955/900 616/993/937
f 590/955/900 591/956/901 616/993/937
f 616/993/937 591/956/901 593/963/904
f 1792/994/938 1791/991/935 1793/992/936
f 1787/995/939 1791/991/935 1792/994/938
f 1786/996/940 1791/991/935 1787/995/939
f 1790/989/933 1791/991/935 1786/996/940
f 614/987/931 611/983/927 617/997/941
f 617/997/941 611/983/927 618/998/942
f 611/983/927 610/981/925 618/998/942
f 618/998/942 610/981/925 619/999/943
f 610/981/925 607/977/921 619/999/943
f 619/999/943 607/977/921 620/1000/944
f 607/977/921 605/975/919 620/1000/944
f 620/1000/944 605/975/919 621/919/849
f 605/975/919 604/918/917 621/919/849
f 621/919/849 604/918/917 622/917/945
f 604/918/917 601/926/913 622/917/945
f 622/917/945 601/926/913 623/927/946
f 601/926/913 599/925/911 623/927/946
f 623/927/946 599/925/911 624/928/947
f 599/925/911 598/929/909 624/928/947
f 1788/1001/948 1790/989/933 1786/996/940
f 1789/982/926 1790/989/933 1788/1001/948
f 1779/1002/949 1778/974/918 1789/982/926
f 1788/1001/948 1779/1002/949 1789/982/926
f 624/928/947 625/924/950 623/927/946
f 1780/1003/951 1779/1002/949 1788/1001/948
f 623/927/946 625/924/950 622/917/945
f 625/924/950 626/922/952 622/917/945
f 1781/1004/953 1780/1003/951 1788/1001/948
f 626/922/952 627/920/954 622/917/945
f 622/917/945 627/920/954 621/919/849
f 627/920/954 628/921/955 621/919/849
f 621/919/849 628/921/955 620/1000/944
f 1786/996/940 1781/1004/953 1788/1001/948
f 620/1000/944 628/921/955 619/999/943
f 628/921/955 629/1005/956 619/999/943
f 1783/1006/957 1786/996/940 1787/995/939
f 629/1005/956 630/1007/958 619/999/943
f 619/999/943 630/1007/958 618/998/942
f 630/1007/958 631/1008/959 618/998/942
f 618/998/942 631/1008/959 617/997/941
f 631/1008/959 632/1009/960 617/997/941
f 617/997/941 632/1009/960 614/987/931
f 1781/1004/953 1786/996/940 1783/1006/957
f 1747/1010/961 1782/1011/962 1748/1012/963
f 1784/1013/964 1785/1014/965 1748/1012/963
f 1782/1011/962 1784/1013/964 1748/1012/963
f 631/1008/959 633/1015/966 632/1009/960
f 632/1009/960 633/1015/966 634/1016/967
f 633/1015/966 635/1017/968 634/1016/967
f 1783/1006/957 1784/1013/964 1782/1011/962
f 635/1017/968 636/1018/969 634/1016/967
f 1781/1004/953 1783/1006/957 1782/1011/962
f 636/1018/969 637/1019/970 634/1016/967
f 634/1016/967 637/1019/970 638/1020/971
f 637/1019/970 639/1021/972 638/1020/971
f 638/1020/971 639/1021/972 615/988/932
f 639/1021/972 640/1022/973 615/988/932
f 1747/1010/961 1781/1004/953 1782/1011/962
f 1780/1003/951 1781/1004/953 1747/1010/961
f 1749/1023/325 1780/1003/951 1747/1010/961
f 1779/1002/949 1780/1003/951 1749/1023/325
f 634/1016/967 638/1020/971 632/1009/960
f 1750/1024/974 1779/1002/949 1749/1023/325
f 632/1009/960 638/1020/971 614/987/931
f 638/1020/971 615/988/932 614/987/931
f 1778/974/918 1779/1002/949 1750/1024/974
f 1777/969/910 1778/974/918 1750/1024/974
f 1751/1025/975 1777/969/910 1750/1024/974
f 1776/964/905 1777/969/910 1751/1025/975
f 534/881/809 641/951/976 535/882/810
f 1752/1026/977 1776/964/905 1751/1025/975
f 535/882/810 641/951/976 592/957/903
f 1775/961/899 1776/964/905 1752/1026/977
f 592/957/903 641/951/976 595/937/906
f 641/951/976 642/936/978 595/937/906
f 595/937/906 642/936/978 598/929/909
f 1753/1027/979 1775/961/899 1752/1026/977
f 598/929/909 642/936/978 624/928/947
f 642/936/978 643/941/980 624/928/947
f 624/928/947 643/941/980 625/924/950
f 1774/959/898 1775/961/899 1753/1027/979
f 1769/1028/981 1774/959/898 1753/1027/979
f 1770/1029/982 1774/959/898 1769/1028/981
f 1773/960/383 1774/959/898 1770/1029/982
f 641/951/976 534/881/809 642/936/978
f 1771/1030/983 1773/960/383 1770/1029/982
f 534/881/809 644/948/984 642/936/978
f 642/936/978 644/948/984 643/941/980
f 1767/1031/985 1772/1032/986 1771/1030/983
f 1770/1029/982 1767/1031/985 1771/1030/983
f 1766/1033/987 1767/1031/985 1770/1029/982
f 1769/1028/981 1766/1033/987 1770/1029/982
f 645/1034/984 647/1035/809 646/1036/980
f 646/1036/980 647/1035/809 648/1037/988
f 647/1035/809 649/1038/989 648/1037/988
f 648/1037/988 649/1038/989 650/1039/990
f 649/1038/989 651/1040/991 650/1039/990
f 1768/1041/992 1766/1033/987 1769/1028/981
f 1754/1042/993 1769/1028/981 1753/1027/979
f 1768/1041/992 1769/1028/981 1754/1042/993
f 1755/1043/994 1768/1041/992 1754/1042/993
f 646/1036/980 648/1037/988 652/1044/995
f 648/1037/988 650/1039/990 652/1044/995
f 1758/1045/996 1768/1041/992 1755/1043/994
f 1759/1046/997 1768/1041/992 1758/1045/996
f 1763/1047/998 1768/1041/992 1759/1046/997
f 1766/1033/987 1768/1041/992 1763/1047/998
f 646/1036/980 652/1044/995 653/1048/999
f 652/1044/995 654/1043/1000 653/1048/999
f 653/1048/999 654/1043/1000 655/1049/1001
f 1765/1050/1002 1767/1031/985 1766/1033/987
f 655/1049/1001 654/1043/1000 656/1051/1003
f 654/1043/1000 657/1045/1004 656/1051/1003
f 1763/1047/998 1765/1050/1002 1766/1033/987
f 657/1045/1004 658/1046/1005 656/1051/1003
f 656/1051/1003 658/1046/1005 659/1052/955
f 658/1046/1005 660/1053/1006 659/1052/955
f 659/1052/955 660/1053/1006 661/1054/1007
f 1764/1055/1008 1765/1050/1002 1763/1047/998
f 1761/1053/1009 1764/1055/1008 1763/1047/998
f 1759/1046/997 1761/1053/1009 1763/1047/998
f 1760/1052/1010 1762/1054/1011 1761/1053/1009
f 658/1046/1005 662/1047/1012 660/1053/1006
f 660/1053/1006 662/1047/1012 663/1055/1013
f 1759/1046/997 1760/1052/1010 1761/1053/1009
f 663/1055/1013 662/1047/1012 664/1050/1014
f 662/1047/1012 665/1033/1015 664/1050/1014
f 664/1050/1014 665/1033/1015 666/1031/1016
f 1757/1051/1017 1760/1052/1010 1759/1046/997
f 1758/1045/996 1757/1051/1017 1759/1046/997
f 1755/1043/994 1757/1051/1017 1758/1045/996
f 1756/1049/1018 1757/1051/1017 1755/1043/994
f 665/1033/1015 662/1047/1012 667/1041/1019
f 1724/1048/1020 1756/1049/1018 1755/1043/994
f 662/1047/1012 658/1046/1005 667/1041/1019
f 1723/1044/1021 1724/1048/1020 1755/1043/994
f 658/1046/1005 657/1045/1004 667/1041/1019
f 1754/1042/993 1723/1044/1021 1755/1043/994
f 657/1045/1004 654/1043/1000 667/1041/1019
f 667/1041/1019 654/1043/1000 668/1056/1022
f 654/1043/1000 652/1044/995 668/1056/1022
f 1725/1056/1023 1723/1044/1021 1754/1042/993
f 652/1044/995 650/1039/990 668/1056/1022
f 668/1056/1022 650/1039/990 669/1057/1024
f 650/1039/990 651/1040/991 669/1057/1024
f 1726/1058/311 1725/1056/1023 1754/1042/993
f 651/1040/991 670/1059/1025 669/1057/1024
f 669/1057/1024 670/1059/1025 671/1060/1026
f 670/1059/1025 672/1061/817 671/1060/1026
f 671/1060/1026 672/1061/817 673/1062/1027
f 672/1061/817 674/1063/1028 673/1062/1027
f 673/1062/1027 674/1063/1028 675/1064/1029
f 674/1063/1028 676/1065/1030 675/1064/1029
f 675/1064/1029 676/1065/1030 677/1066/1031
f 676/1065/1030 678/1067/1032 677/1066/1031
f 1741/1068/1033 1726/1058/311 1754/1042/993
f 678/1067/1032 679/1069/1034 677/1066/1031
f 1753/1027/979 1741/1068/1033 1754/1042/993
f 679/1069/1034 680/1070/1035 677/1066/1031
f 1752/1026/977 1741/1068/1033 1753/1027/979
f 680/1070/1035 681/1071/1036 677/1066/1031
f 677/1066/1031 681/1071/1036 675/1064/1029
f 681/1071/1036 682/1072/1037 675/1064/1029
f 675/1064/1029 682/1072/1037 673/1062/1027
f 682/1072/1037 683/1073/1038 673/1062/1027
f 673/1062/1027 683/1073/1038 671/1060/1026
f 683/1073/1038 684/1058/1039 671/1060/1026
f 671/1060/1026 684/1058/1039 669/1057/1024
f 1735/1074/1040 1741/1068/1033 1752/1026/977
f 669/1057/1024 684/1058/1039 668/1056/1022
f 684/1058/1039 685/1042/1041 668/1056/1022
f 668/1056/1022 685/1042/1041 667/1041/1019
f 685/1042/1041 686/1028/1042 667/1041/1019
f 667/1041/1019 686/1028/1042 665/1033/1015
f 686/1028/1042 687/1029/1043 665/1033/1015
f 665/1033/1015 687/1029/1043 666/1031/1016
f 687/1029/1043 688/1030/1044 666/1031/1016
f 666/1031/1016 688/1030/1044 689/1032/1045
f 1751/1025/975 1735/1074/1040 1752/1026/977
f 1736/1075/324 1735/1074/1040 1751/1025/975
f 1750/1024/974 1736/1075/324 1751/1025/975
f 1749/1023/325 1736/1075/324 1750/1024/974
f 678/1067/1032 676/1065/1030 690/1076/823
f 1737/1071/1046 1736/1075/324 1749/1023/325
f 1743/1070/1047 1737/1071/1046 1749/1023/325
f 1744/1077/1048 1743/1070/1047 1749/1023/325
f 1747/1010/961 1744/1077/1048 1749/1023/325
f 688/1030/1044 687/1029/1043 691/960/1049
f 687/1029/1043 692/959/1050 691/960/1049
f 691/960/1049 692/959/1050 693/958/1051
f 1746/1078/1052 1747/1010/961 1748/1012/963
f 1744/1077/1048 1747/1010/961 1746/1078/1052
f 1745/1079/1053 1744/1077/1048 1746/1078/1052
f 1742/1069/1054 1744/1077/1048 1745/1079/1053
f 687/1029/1043 686/1028/1042 692/959/1050
f 692/959/1050 686/1028/1042 694/1027/1055
f 686/1028/1042 685/1042/1041 694/1027/1055
f 694/1027/1055 685/1042/1041 695/1068/1056
f 685/1042/1041 684/1058/1039 695/1068/1056
f 1743/1070/1047 1744/1077/1048 1742/1069/1054
f 684/1058/1039 683/1073/1038 695/1068/1056
f 695/1068/1056 683/1073/1038 696/1074/1057
f 683/1073/1038 682/1072/1037 696/1074/1057
f 696/1074/1057 682/1072/1037 697/1075/1058
f 682/1072/1037 681/1071/1036 697/1075/1058
f 697/1075/1058 681/1071/1036 698/1023/1059
f 681/1071/1036 699/1077/1060 698/1023/1059
f 698/1023/1059 699/1077/1060 700/1010/1061
f 699/1077/1060 701/1078/1062 700/1010/1061
f 1738/1066/1063 1737/1071/1046 1743/1070/1047
f 701/1078/1062 702/1012/1064 700/1010/1061
f 700/1010/1061 702/1012/1064 703/1011/1065
f 702/1012/1064 704/1013/1066 703/1011/1065
f 1742/1069/1054 1738/1066/1063 1743/1070/1047
f 704/1013/1066 705/1006/854 703/1011/1065
f 1739/1067/1067 1738/1066/1063 1742/1069/1054
f 705/1006/854 706/1004/1068 703/1011/1065
f 703/1011/1065 706/1004/1068 700/1010/1061
f 706/1004/1068 707/1003/1069 700/1010/1061
f 700/1010/1061 707/1003/1069 698/1023/1059
f 1733/1073/1070 1741/1068/1033 1735/1074/1040
f 1726/1058/311 1741/1068/1033 1733/1073/1070
f 1727/1060/1071 1726/1058/311 1733/1073/1070
f 1731/1064/1072 1729/1062/1073 1734/1072/1074
f 681/1071/1036 680/1070/1035 699/1077/1060
f 1732/1065/1075 1739/1067/1067 1740/1076/1076
f 680/1070/1035 679/1069/1034 699/1077/1060
f 1738/1066/1063 1739/1067/1067 1732/1065/1075
f 679/1069/1034 708/1079/830 699/1077/1060
f 699/1077/1060 708/1079/830 701/1078/1062
f 1731/1064/1072 1738/1066/1063 1732/1065/1075
f 1737/1071/1046 1738/1066/1063 1731/1064/1072
f 1734/1072/1074 1737/1071/1046 1731/1064/1072
f 1736/1075/324 1737/1071/1046 1734/1072/1074
f 704/1013/1066 702/1012/1064 709/1014/837
f 1735/1074/1040 1736/1075/324 1734/1072/1074
f 1733/1073/1070 1735/1074/1040 1734/1072/1074
f 1729/1062/1073 1733/1073/1070 1734/1072/1074
f 1727/1060/1071 1733/1073/1070 1729/1062/1073
f 705/1006/854 710/996/1077 706/1004/1068
f 710/996/1077 711/1001/1078 706/1004/1068
f 706/1004/1068 711/1001/1078 707/1003/1069
f 1730/1063/1079 1731/1064/1072 1732/1065/1075
f 1729/1062/1073 1731/1064/1072 1730/1063/1079
f 1728/1061/1080 1729/1062/1073 1730/1063/1079
f 1727/1060/1071 1729/1062/1073 1728/1061/1080
f 705/1006/854 712/995/1081 710/996/1077
f 710/996/1077 712/995/1081 713/991/1082
f 712/995/1081 714/994/1083 713/991/1082
f 1722/1059/1084 1727/1060/1071 1728/1061/1080
f 714/994/1083 715/992/1085 713/991/1082
f 1721/1057/1086 1727/1060/1071 1722/1059/1084
f 715/992/1085 716/990/1087 713/991/1082
f 713/991/1082 716/990/1087 717/989/1088
f 716/990/1087 718/985/1089 717/989/1088
f 717/989/1088 718/985/1089 719/982/1090
f 718/985/1089 720/979/1091 719/982/1090
f 1726/1058/311 1727/1060/1071 1721/1057/1086
f 1725/1056/1023 1726/1058/311 1721/1057/1086
f 1719/1039/1092 1725/1056/1023 1721/1057/1086
f 1723/1044/1021 1725/1056/1023 1719/1039/1092
f 713/991/1082 717/989/1088 710/996/1077
f 1717/1037/1093 1723/1044/1021 1719/1039/1092
f 710/996/1077 717/989/1088 711/1001/1078
f 717/989/1088 719/982/1090 711/1001/1078
f 711/1001/1078 719/982/1090 721/1002/1094
f 719/982/1090 722/974/1095 721/1002/1094
f 1723/1044/1021 1715/1036/1096 1724/1048/1020
f 722/974/1095 723/1024/1097 721/1002/1094
f 721/1002/1094 723/1024/1097 698/1023/1059
f 723/1024/1097 697/1075/1058 698/1023/1059
f 1717/1037/1093 1715/1036/1096 1723/1044/1021
f 1720/1040/1098 1721/1057/1086 1722/1059/1084
f 1719/1039/1092 1721/1057/1086 1720/1040/1098
f 1718/1038/1099 1719/1039/1092 1720/1040/1098
f 711/1001/1078 721/1002/1094 707/1003/1069
f 721/1002/1094 698/1023/1059 707/1003/1069
f 1717/1037/1093 1719/1039/1092 1718/1038/1099
f 1716/1035/1100 1717/1037/1093 1718/1038/1099
f 1715/1036/1096 1717/1037/1093 1716/1035/1100
f 1714/1034/879 1715/1036/1096 1716/1035/1100
f 719/982/1090 720/979/1091 722/974/1095
f 720/979/1091 724/972/1101 722/974/1095
f 722/974/1095 724/972/1101 725/969/1102
f 724/972/1101 726/967/1103 725/969/1102
f 1705/1009/1104 1706/1020/1105 1710/1016/1106
f 1713/1019/1107 1706/1020/1105 1707/1021/1108
f 1710/1016/1106 1706/1020/1105 1713/1019/1107
f 1712/1018/1109 1710/1016/1106 1713/1019/1107
f 722/974/1095 725/969/1102 723/1024/1097
f 725/969/1102 727/1025/1110 723/1024/1097
f 723/1024/1097 727/1025/1110 697/1075/1058
f 1711/1017/1111 1710/1016/1106 1712/1018/1109
f 697/1075/1058 727/1025/1110 696/1074/1057
f 727/1025/1110 728/1026/1112 696/1074/1057
f 696/1074/1057 728/1026/1112 695/1068/1056
f 1709/1015/1113 1710/1016/1106 1711/1017/1111
f 695/1068/1056 728/1026/1112 694/1027/1055
f 728/1026/1112 729/961/1114 694/1027/1055
f 694/1027/1055 729/961/1114 692/959/1050
f 1705/1009/1104 1710/1016/1106 1709/1015/1113
f 692/959/1050 729/961/1114 693/958/1051
f 1704/1008/1115 1705/1009/1104 1709/1015/1113
f 693/958/1051 729/961/1114 730/962/1116
f 729/961/1114 731/964/1117 730/962/1116
f 730/962/1116 731/964/1117 726/967/1103
f 1695/988/1118 1708/1022/1119 1707/1021/1108
f 726/967/1103 731/964/1117 725/969/1102
f 1706/1020/1105 1695/988/1118 1707/1021/1108
f 725/969/1102 731/964/1117 727/1025/1110
f 1694/987/1120 1695/988/1118 1706/1020/1105
f 727/1025/1110 731/964/1117 728/1026/1112
f 731/964/1117 729/961/1114 728/1026/1112
f 1705/1009/1104 1694/987/1120 1706/1020/1105
f 1696/997/1121 1694/987/1120 1705/1009/1104
f 1704/1008/1115 1696/997/1121 1705/1009/1104
f 1697/998/1122 1696/997/1121 1704/1008/1115
f 732/915/875 733/910/876 734/880/1123
f 733/910/876 735/879/1124 734/880/1123
f 734/880/1123 735/879/1124 736/861/1125
f 1703/1007/1126 1697/998/1122 1704/1008/1115
f 736/861/1125 735/879/1124 737/866/1127
f 735/879/1124 738/878/1128 737/866/1127
f 737/866/1127 738/878/1128 739/864/1129
f 1698/999/1130 1697/998/1122 1703/1007/1126
f 739/864/1129 738/878/1128 740/874/1131
f 738/878/1128 741/896/1132 740/874/1131
f 1702/1005/1011 1698/999/1130 1703/1007/1126
f 741/896/1132 742/873/1133 740/874/1131
f 740/874/1131 742/873/1133 743/871/1134
f 742/873/1133 744/872/1135 743/871/1134
f 1701/921/852 1698/999/1130 1702/1005/1011
f 1699/1000/1136 1698/999/1130 1701/921/852
f 1700/919/850 1699/1000/1136 1701/921/852
f 1685/975/1137 1700/919/850 1684/918/849
f 741/896/1132 738/878/1128 745/903/882
f 738/878/1128 735/879/1124 745/903/882
f 745/903/882 735/879/1124 733/910/876
f 1699/1000/1136 1700/919/850 1685/975/1137
f 1687/977/1138 1699/1000/1136 1685/975/1137
f 1698/999/1130 1699/1000/1136 1687/977/1138
f 1690/981/1139 1698/999/1130 1687/977/1138
f 734/880/1123 736/861/1125 746/860/871
f 1697/998/1122 1698/999/1130 1690/981/1139
f 1691/983/1140 1697/998/1122 1690/981/1139
f 1696/997/1121 1697/998/1122 1691/983/1140
f 1694/987/1120 1696/997/1121 1691/983/1140
f 743/871/1134 747/863/1141 740/874/1131
f 747/863/1141 739/864/1129 740/874/1131
f 1663/947/1142 1661/945/838 1665/950/831
f 1626/894/1143 1662/946/1144 1624/892/1145
f 1659/943/1146 1662/946/1144 1626/894/1143
f 1629/898/1147 1659/943/1146 1626/894/1143
f 744/872/1135 748/820/1148 743/871/1134
f 748/820/1148 749/821/1149 743/871/1134
f 743/871/1134 749/821/1149 747/863/1141
f 1654/935/1150 1659/943/1146 1629/898/1147
f 1693/986/1151 1695/988/1118 1694/987/1120
f 1691/983/1140 1693/986/1151 1694/987/1120
f 1692/984/1152 1693/986/1151 1691/983/1140
f 744/872/1135 750/816/1153 748/820/1148
f 748/820/1148 750/816/1153 751/811/1154
f 750/816/1153 752/802/65 751/811/1154
f 751/811/1154 752/802/65 753/810/1155
f 752/802/65 754/800/908 753/810/1155
f 1689/980/1156 1692/984/1152 1691/983/1140
f 754/800/908 755/799/912 753/810/1155
f 753/810/1155 755/799/912 756/809/1157
f 1690/981/1139 1689/980/1156 1691/983/1140
f 756/809/1157 755/799/912 757/789/1158
f 755/799/912 758/798/1159 757/789/1158
f 1687/977/1138 1689/980/1156 1690/981/1139
f 758/798/1159 759/790/916 757/789/1158
f 757/789/1158 759/790/916 760/715/1160
f 759/790/916 761/710/1161 760/715/1160
f 760/715/1160 761/710/1161 762/700/1162
f 761/710/1161 763/702/924 762/700/1162
f 1688/978/661 1689/980/1156 1687/977/1138
f 763/702/924 764/701/1163 762/700/1162
f 762/700/1162 764/701/1163 765/717/1164
f 1686/976/1165 1688/978/661 1687/977/1138
f 765/717/1164 764/701/1163 766/721/1166
f 764/701/1163 767/724/1167 766/721/1166
f 766/721/1166 767/724/1167 768/728/1168
f 767/724/1167 769/729/932 768/728/1168
f 1685/975/1137 1686/976/1165 1687/977/1138
f 769/729/932 770/730/1169 768/728/1168
f 1683/973/1170 1686/976/1165 1685/975/1137
f 770/730/1169 771/731/1171 768/728/1168
f 1684/918/849 1683/973/1170 1685/975/1137
f 771/731/1171 772/706/1172 768/728/1168
f 768/728/1168 772/706/1172 766/721/1166
f 1681/926/857 1683/973/1170 1684/918/849
f 1682/971/743 1683/973/1170 1681/926/857
f 1680/970/1173 1682/971/743 1681/926/857
f 1679/925/856 1680/970/1173 1681/926/857
f 753/810/1155 756/809/1157 751/811/1154
f 1677/968/1174 1680/970/1173 1679/925/856
f 756/809/1157 773/788/1175 751/811/1154
f 751/811/1154 773/788/1175 748/820/1148
f 773/788/1175 749/821/1149 748/820/1148
f 1678/929/860 1677/968/1174 1679/925/856
f 1675/937/868 1677/968/1174 1678/929/860
f 1676/966/1176 1677/968/1174 1675/937/868
f 1674/965/1177 1676/966/1176 1675/937/868
f 754/800/908 752/802/65 774/801/1178
f 1673/957/896 1674/965/1177 1675/937/868
f 1672/963/1179 1674/965/1177 1673/957/896
f 1671/956/894 1672/963/1179 1673/957/896
f 1670/993/802 1672/963/1179 1671/956/894
f 763/702/924 761/710/1161 775/711/1180
f 1669/955/892 1670/993/802 1671/956/894
f 1668/954/803 1670/993/802 1669/955/892
f 1667/953/890 1668/954/803 1669/955/892
f 1666/952/824 1668/954/803 1667/953/890
f 771/731/1171 776/745/1181 772/706/1172
f 776/745/1181 777/705/1182 772/706/1172
f 772/706/1172 777/705/1182 778/704/1183
f 777/705/1182 779/735/1184 778/704/1183
f 1664/949/889 1666/952/824 1667/953/890
f 779/735/1184 780/716/1185 778/704/1183
f 778/704/1183 780/716/1185 765/717/1164
f 1665/950/831 1666/952/824 1664/949/889
f 765/717/1164 780/716/1185 762/700/1162
f 1663/947/1142 1665/950/831 1664/949/889
f 762/700/1162 780/716/1185 760/715/1160
f 1622/890/888 1663/947/1142 1664/949/889
f 760/715/1160 780/716/1185 757/789/1158
f 1624/892/1145 1663/947/1142 1622/890/888
f 757/789/1158 780/716/1185 781/787/1186
f 780/716/1185 779/735/1184 781/787/1186
f 1662/946/1144 1663/947/1142 1624/892/1145
f 1661/945/838 1663/947/1142 1662/946/1144
f 1659/943/1146 1661/945/838 1662/946/1144
f 1660/944/844 1661/945/838 1659/943/1146
f 772/706/1172 778/704/1183 766/721/1166
f 778/704/1183 765/717/1164 766/721/1166
f 1658/942/1187 1660/944/844 1659/943/1146
f 1654/935/1150 1658/942/1187 1659/943/1146
f 1657/940/1188 1658/942/1187 1654/935/1150
f 1653/934/1189 1657/940/1188 1654/935/1150
f 776/745/1181 782/746/1190 777/705/1182
f 782/746/1190 783/739/1191 777/705/1182
f 777/705/1182 783/739/1191 779/735/1184
f 1652/933/1192 1657/940/1188 1653/934/1189
f 1656/939/1193 1657/940/1188 1652/933/1192
f 1655/938/1194 1656/939/1193 1652/933/1192
f 1651/932/1195 1655/938/1194 1652/933/1192
f 783/739/1191 782/746/1190 784/749/1196
f 1649/930/1197 1655/938/1194 1651/932/1195
f 1650/931/1198 1649/930/1197 1651/932/1195
f 1630/899/1199 1654/935/1150 1629/898/1147
f 1653/934/1189 1654/935/1150 1630/899/1199
f 757/789/1158 781/787/1186 756/809/1157
f 1632/901/1200 1653/934/1189 1630/899/1199
f 756/809/1157 781/787/1186 773/788/1175
f 1652/933/1192 1653/934/1189 1632/901/1200
f 773/788/1175 781/787/1186 749/821/1149
f 781/787/1186 785/823/1201 749/821/1149
f 749/821/1149 785/823/1201 747/863/1141
f 785/823/1201 786/831/1202 747/863/1141
f 747/863/1141 786/831/1202 739/864/1129
f 786/831/1202 787/832/1203 739/864/1129
f 739/864/1129 787/832/1203 737/866/1127
f 787/832/1203 788/834/1204 737/866/1127
f 737/866/1127 788/834/1204 736/861/1125
f 788/834/1204 789/845/1205 736/861/1125
f 736/861/1125 789/845/1205 746/860/871
f 1635/905/1206 1652/933/1192 1632/901/1200
f 746/860/871 789/845/1205 790/859/870
f 1651/932/1195 1652/933/1192 1635/905/1206
f 790/859/870 789/845/1205 791/803/869
f 789/845/1205 792/844/1207 791/803/869
f 791/803/869 792/844/1207 793/805/1208
f 792/844/1207 794/843/1209 793/805/1208
f 793/805/1208 794/843/1209 795/853/1210
f 1636/906/1211 1651/932/1195 1635/905/1206
f 795/853/1210 794/843/1209 796/849/1212
f 794/843/1209 797/769/1213 796/849/1212
f 796/849/1212 797/769/1213 798/767/1214
f 1650/931/1198 1651/932/1195 1636/906/1211
f 1638/908/1215 1650/931/1198 1636/906/1211
f 1649/930/1197 1650/931/1198 1638/908/1215
f 1641/912/1216 1649/930/1197 1638/908/1215
f 789/845/1205 788/834/1204 792/844/1207
f 792/844/1207 788/834/1204 794/843/1209
f 1643/914/1217 1649/930/1197 1641/912/1216
f 794/843/1209 788/834/1204 797/769/1213
f 1642/913/1218 1648/923/1219 1646/916/1220
f 797/769/1213 788/834/1204 799/771/1221
f 788/834/1204 787/832/1203 799/771/1221
f 799/771/1221 787/832/1203 800/774/1222
f 787/832/1203 786/831/1202 800/774/1222
f 800/774/1222 786/831/1202 801/776/1223
f 786/831/1202 785/823/1201 801/776/1223
f 801/776/1223 785/823/1201 802/780/1224
f 785/823/1201 781/787/1186 802/780/1224
f 1640/911/1225 1648/923/1219 1642/913/1218
f 781/787/1186 779/735/1184 802/780/1224
f 1645/697/647 1646/916/1220 1647/694/643
f 779/735/1184 783/739/1191 802/780/1224
f 802/780/1224 783/739/1191 803/751/1226
f 783/739/1191 784/749/1196 803/751/1226
f 1642/913/1218 1646/916/1220 1645/697/647
f 784/749/1196 804/755/1227 803/751/1226
f 1644/698/648 1642/913/1218 1645/697/647
f 804/755/1227 805/757/1228 803/751/1226
f 803/751/1226 805/757/1228 801/776/1223
f 1643/914/1217 1642/913/1218 1644/698/648
f 801/776/1223 805/757/1228 800/774/1222
f 805/757/1228 806/762/1229 800/774/1222
f 800/774/1222 806/762/1229 799/771/1221
f 806/762/1229 807/764/1230 799/771/1221
f 799/771/1221 807/764/1230 797/769/1213
f 1641/912/1216 1642/913/1218 1643/914/1217
f 797/769/1213 807/764/1230 798/767/1214
f 1640/911/1225 1642/913/1218 1641/912/1216
f 798/767/1214 807/764/1230 808/766/1231
f 1638/908/1215 1640/911/1225 1641/912/1216
f 808/766/1231 807/764/1230 809/763/1232
f 807/764/1230 806/762/1229 809/763/1232
f 809/763/1232 806/762/1229 810/761/1233
f 806/762/1229 805/757/1228 810/761/1233
f 810/761/1233 805/757/1228 804/755/1227
f 1639/909/1234 1640/911/1225 1638/908/1215
f 1637/907/963 1639/909/1234 1638/908/1215
f 1636/906/1211 1637/907/963 1638/908/1215
f 1634/904/1235 1637/907/963 1636/906/1211
f 791/803/869 793/805/1208 811/804/1236
f 1635/905/1206 1634/904/1235 1636/906/1211
f 1632/901/1200 1634/904/1235 1635/905/1206
f 1633/902/1237 1634/904/1235 1632/901/1200
f 1631/900/1238 1633/902/1237 1632/901/1200
f 802/780/1224 803/751/1226 801/776/1223
f 1630/899/1199 1631/900/1238 1632/901/1200
f 1628/897/1239 1631/900/1238 1630/899/1199
f 1629/898/1147 1628/897/1239 1630/899/1199
f 1626/894/1143 1628/897/1239 1629/898/1147
f 798/767/1214 808/766/1231 812/768/1240
f 1627/895/1076 1628/897/1239 1626/894/1143
f 1625/893/1241 1627/895/1076 1626/894/1143
f 1624/892/1145 1625/893/1241 1626/894/1143
f 1623/891/1242 1625/893/1241 1624/892/1145
f 565/698/843 813/691/1243 566/697/845
f 813/691/1243 814/689/1244 566/697/845
f 566/697/845 814/689/1244 568/694/847
f 814/689/1244 815/693/1245 568/694/847
f 568/694/847 815/693/1245 816/695/1246
f 1622/890/888 1623/891/1242 1624/892/1145
f 1621/889/1247 1623/891/1242 1622/890/888
f 1620/888/887 1621/889/1247 1622/890/888
f 1619/887/1248 1621/889/1247 1620/888/887
f 813/691/1243 817/690/1249 814/689/1244
f 1618/886/891 1619/887/1248 1620/888/887
f 817/690/1249 818/692/1250 814/689/1244
f 814/689/1244 818/692/1250 815/693/1245
f 1617/885/1251 1619/887/1248 1618/886/891
f 1616/884/893 1617/885/1251 1618/886/891
f 1612/883/1252 1617/885/1251 1616/884/893
f 1614/882/895 1612/883/1252 1616/884/893
f 819/641/1253 821/640/433 820/642/1254
f 820/642/1254 821/640/433 822/645/1255
f 821/640/433 823/649/456 822/645/1255
f 822/645/1255 823/649/456 824/667/1256
f 823/649/456 825/471/558 824/667/1256
f 824/667/1256 825/471/558 826/474/1257
f 1613/881/880 1614/882/895 1615/951/883
f 826/474/1257 825/471/558 827/465/1258
f 1612/883/1252 1614/882/895 1613/881/880
f 827/465/1258 825/471/558 828/469/571
s 0
f 825/471/558 829/469/1259 828/469/571
s 1
f 1608/92/1260 1610/94/76 1607/93/75
f 1609/97/6 1611/98/6 1610/94/76
f 1608/92/1260 1609/97/6 1610/94/76
f 1600/105/6 1609/97/6 1608/92/1260
f 824/667/1256 830/664/1261 822/645/1255
f 830/664/1261 831/683/1262 822/645/1255
f 1599/108/1263 1600/105/6 1608/92/1260
f 831/683/1262 832/632/1264 822/645/1255
f 822/645/1255 832/632/1264 820/642/1254
f 1601/113/1265 1599/108/1263 1608/92/1260
f 1607/93/75 1601/113/1265 1608/92/1260
f 1602/112/1266 1601/113/1265 1607/93/75
f 1606/117/96 1602/112/1266 1607/93/75
f 824/667/1256 826/474/1257 830/664/1261
f 830/664/1261 826/474/1257 833/475/1267
f 1603/116/95 1602/112/1266 1606/117/96
f 833/475/1267 826/474/1257 834/464/1268
f 826/474/1257 835/465/1269 834/464/1268
f 834/464/1268 835/465/1269 836/459/1270
f 835/465/1269 837/460/573 836/459/1270
f 1594/115/1271 1604/129/108 1605/128/107
f 837/460/573 838/458/1272 836/459/1270
f 836/459/1270 838/458/1272 839/447/1273
f 838/458/1272 840/451/1274 839/447/1273
f 1603/116/95 1604/129/108 1594/115/1271
f 840/451/1274 841/449/1275 839/447/1273
f 839/447/1273 841/449/1275 842/448/1276
f 841/449/1275 843/485/1277 842/448/1276
f 1602/112/1266 1603/116/95 1594/115/1271
f 1595/114/1278 1602/112/1266 1594/115/1271
f 1601/113/1265 1602/112/1266 1595/114/1278
f 1596/118/1279 1601/113/1265 1595/114/1278
f 837/460/573 835/465/1269 844/469/1280
f 1599/108/1263 1601/113/1265 1596/118/1279
f 1597/120/1281 1599/108/1263 1596/118/1279
f 1598/144/6 1600/105/6 1599/108/1263
f 1597/120/1281 1598/144/6 1599/108/1263
f 838/458/1272 845/457/568 840/451/1274
f 840/451/1274 845/457/568 846/454/569
f 1589/147/6 1598/144/6 1597/120/1281
f 1588/148/1282 1589/147/6 1597/120/1281
f 1590/121/1283 1588/148/1282 1597/120/1281
f 1596/118/1279 1590/121/1283 1597/120/1281
f 842/448/1276 847/461/1284 839/447/1273
f 839/447/1273 847/461/1284 836/459/1270
f 1591/119/1285 1590/121/1283 1596/118/1279
f 836/459/1270 847/461/1284 834/464/1268
f 847/461/1284 848/463/1286 834/464/1268
f 834/464/1268 848/463/1286 833/475/1267
f 1595/114/1278 1591/119/1285 1596/118/1279
f 1592/131/1287 1591/119/1285 1595/114/1278
f 1594/115/1271 1592/131/1287 1595/114/1278
f 1593/128/107 1592/131/1287 1594/115/1271
f 848/463/1286 847/461/1284 849/462/1288
f 1581/161/1289 1592/131/1287 1593/128/107
f 847/461/1284 842/448/1276 849/462/1288
f 849/462/1288 842/448/1276 850/484/1290
f 842/448/1276 843/485/1277 850/484/1290
f 1580/139/1291 1592/131/1287 1581/161/1289
f 843/485/1277 851/493/1292 850/484/1290
f 850/484/1290 851/493/1292 852/494/1293
f 851/493/1292 853/539/1294 852/494/1293
f 1591/119/1285 1592/131/1287 1580/139/1291
f 1585/127/1295 1591/119/1285 1580/139/1291
f 1590/121/1283 1591/119/1285 1585/127/1295
f 1584/149/1296 1590/121/1283 1585/127/1295
f 852/494/1293 854/483/1297 850/484/1290
f 1588/148/1282 1590/121/1283 1584/149/1296
f 850/484/1290 854/483/1297 849/462/1288
f 854/483/1297 855/477/1298 849/462/1288
f 849/462/1288 855/477/1298 848/463/1286
f 855/477/1298 856/476/1299 848/463/1286
f 848/463/1286 856/476/1299 833/475/1267
f 856/476/1299 857/501/1300 833/475/1267
f 833/475/1267 857/501/1300 830/664/1261
f 857/501/1300 858/658/1301 830/664/1261
f 830/664/1261 858/658/1301 831/683/1262
f 858/658/1301 859/631/1302 831/683/1262
f 831/683/1262 859/631/1302 832/632/1264
f 1586/193/1303 1588/148/1282 1584/149/1296
f 1587/194/6 1589/147/6 1588/148/1282
f 1586/193/1303 1587/194/6 1588/148/1282
f 1582/196/6 1587/194/6 1586/193/1303
f 859/631/1302 858/658/1301 860/580/1304
f 860/580/1304 858/658/1301 861/502/1305
f 858/658/1301 857/501/1300 861/502/1305
f 861/502/1305 857/501/1300 862/500/1306
f 857/501/1300 856/476/1299 862/500/1306
f 862/500/1306 856/476/1299 863/498/1307
f 856/476/1299 855/477/1298 863/498/1307
f 863/498/1307 855/477/1298 864/497/1308
f 855/477/1298 854/483/1297 864/497/1308
f 864/497/1308 854/483/1297 865/495/1309
f 854/483/1297 852/494/1293 865/495/1309
f 865/495/1309 852/494/1293 866/535/1310
f 852/494/1293 853/539/1294 866/535/1310
f 1574/197/1311 1582/196/6 1586/193/1303
f 853/539/1294 867/540/1312 866/535/1310
f 866/535/1310 867/540/1312 868/536/1313
f 867/540/1312 869/541/1314 868/536/1313
f 1583/192/1315 1574/197/1311 1586/193/1303
f 1584/149/1296 1583/192/1315 1586/193/1303
f 1585/127/1295 1580/139/1291 1578/140/1316
f 1577/150/1317 1585/127/1295 1578/140/1316
f 868/536/1313 870/534/1318 866/535/1310
f 1584/149/1296 1585/127/1295 1577/150/1317
f 866/535/1310 870/534/1318 865/495/1309
f 870/534/1318 871/528/1319 865/495/1309
f 865/495/1309 871/528/1319 864/497/1308
f 871/528/1319 872/525/1320 864/497/1308
f 864/497/1308 872/525/1320 863/498/1307
f 872/525/1320 873/506/1321 863/498/1307
f 863/498/1307 873/506/1321 862/500/1306
f 873/506/1321 874/504/1322 862/500/1306
f 862/500/1306 874/504/1322 861/502/1305
f 874/504/1322 875/574/1323 861/502/1305
f 861/502/1305 875/574/1323 860/580/1304
f 1583/192/1315 1584/149/1296 1577/150/1317
f 1576/187/1324 1583/192/1315 1577/150/1317
f 1575/198/1325 1583/192/1315 1576/187/1324
f 1574/197/1311 1583/192/1315 1575/198/1325
f 875/574/1323 874/504/1322 876/573/1326
f 876/573/1326 874/504/1322 877/571/1327
f 874/504/1322 873/506/1321 877/571/1327
f 877/571/1327 873/506/1321 878/570/1328
f 873/506/1321 872/525/1320 878/570/1328
f 878/570/1328 872/525/1320 879/566/1329
f 872/525/1320 871/528/1319 879/566/1329
f 879/566/1329 871/528/1319 880/562/1330
f 871/528/1319 870/534/1318 880/562/1330
f 880/562/1330 870/534/1318 881/537/1331
f 870/534/1318 868/536/1313 881/537/1331
f 881/537/1331 868/536/1313 882/538/1332
f 868/536/1313 869/541/1314 882/538/1332
f 882/538/1332 869/541/1314 883/553/509
f 869/541/1314 884/543/499 883/553/509
f 1573/205/6 1582/196/6 1574/197/1311
f 1567/182/1333 1562/167/1334 1560/171/1335
f 1579/162/1336 1580/139/1291 1581/161/1289
f 1578/140/1316 1580/139/1291 1579/162/1336
f 883/553/509 885/552/1337 882/538/1332
f 885/552/1337 886/560/516 882/538/1332
f 882/538/1332 886/560/516 881/537/1331
f 886/560/516 887/561/517 881/537/1331
f 881/537/1331 887/561/517 880/562/1330
f 887/561/517 888/594/1338 880/562/1330
f 880/562/1330 888/594/1338 879/566/1329
f 888/594/1338 889/593/1339 879/566/1329
f 879/566/1329 889/593/1339 878/570/1328
f 889/593/1339 890/589/1340 878/570/1328
f 878/570/1328 890/589/1340 877/571/1327
f 1565/165/1341 1578/140/1316 1579/162/1336
f 1564/151/1342 1578/140/1316 1565/165/1341
f 1577/150/1317 1578/140/1316 1564/151/1342
f 1576/187/1324 1577/150/1317 1564/151/1342
f 887/561/517 891/599/555 888/594/1338
f 1562/167/1334 1576/187/1324 1564/151/1342
f 891/599/555 892/600/556 888/594/1338
f 888/594/1338 892/600/556 889/593/1339
f 892/600/556 893/603/559 889/593/1339
f 889/593/1339 893/603/559 890/589/1340
f 893/603/559 894/607/563 890/589/1340
f 890/589/1340 894/607/563 895/548/1343
f 894/607/563 896/611/1344 895/548/1343
f 895/548/1343 896/611/1344 897/550/1345
f 896/611/1344 898/614/398 897/550/1345
f 1567/182/1333 1576/187/1324 1562/167/1334
f 898/614/398 899/615/1346 897/550/1345
f 1575/198/1325 1576/187/1324 1567/182/1333
f 899/615/1346 900/549/1347 897/550/1345
f 897/550/1345 900/549/1347 895/548/1343
f 900/549/1347 876/573/1326 895/548/1343
f 1569/201/1348 1575/198/1325 1567/182/1333
f 876/573/1326 877/571/1327 895/548/1343
f 895/548/1343 877/571/1327 890/589/1340
f 1571/202/1349 1575/198/1325 1569/201/1348
f 1574/197/1311 1575/198/1325 1571/202/1349
f 1573/205/6 1574/197/1311 1571/202/1349
f 1572/209/5 1573/205/6 1571/202/1349
f 899/615/1346 901/620/1350 900/549/1347
f 900/549/1347 901/620/1350 902/583/1351
f 901/620/1350 903/621/1352 902/583/1351
f 1570/212/737 1572/209/5 1571/202/1349
f 903/621/1352 904/581/1353 902/583/1351
f 902/583/1351 904/581/1353 875/574/1323
f 1569/201/1348 1570/212/737 1571/202/1349
f 875/574/1323 904/581/1353 860/580/1304
f 904/581/1353 905/623/1354 860/580/1304
f 860/580/1304 905/623/1354 859/631/1302
f 905/623/1354 906/630/1355 859/631/1302
f 859/631/1302 906/630/1355 832/632/1264
f 906/630/1355 907/634/1356 832/632/1264
f 832/632/1264 907/634/1356 820/642/1254
f 1568/210/740 1570/212/737 1569/201/1348
f 820/642/1254 907/634/1356 908/641/1357
f 907/634/1356 909/651/441 908/641/1357
f 1567/182/1333 1568/210/740 1569/201/1348
f 1566/181/742 1568/210/740 1567/182/1333
f 1560/171/1335 1566/181/742 1567/182/1333
f 1558/179/335 1566/181/742 1560/171/1335
f 900/549/1347 902/583/1351 876/573/1326
f 902/583/1351 875/574/1323 876/573/1326
f 1563/166/1358 1564/151/1342 1565/165/1341
f 1562/167/1334 1564/151/1342 1563/166/1358
f 1561/168/1359 1562/167/1334 1563/166/1358
f 1560/171/1335 1562/167/1334 1561/168/1359
f 903/621/1352 910/622/1360 904/581/1353
f 1559/173/1361 1560/171/1335 1561/168/1359
f 904/581/1353 910/622/1360 905/623/1354
f 910/622/1360 911/624/1362 905/623/1354
f 905/623/1354 911/624/1362 906/630/1355
f 911/624/1362 912/653/1363 906/630/1355
f 906/630/1355 912/653/1363 907/634/1356
f 912/653/1363 913/650/1364 907/634/1356
f 907/634/1356 913/650/1364 914/651/442
f 913/650/1364 915/652/1365 914/651/442
f 1558/179/335 1560/171/1335 1559/173/1361
f 1557/180/582 1558/179/335 1559/173/1361
f 1556/277/1366 1555/269/1367 1553/297/1368
f 1552/294/1369 1556/277/1366 1553/297/1368
f 916/445/570 917/437/1370 918/418/1346
f 917/437/1370 919/415/1371 918/418/1346
f 918/418/1346 919/415/1371 920/410/1350
f 919/415/1371 921/408/1372 920/410/1350
f 920/410/1350 921/408/1372 922/404/1352
f 1551/278/1373 1556/277/1366 1552/294/1369
f 922/404/1352 921/408/1372 923/406/1374
f 921/408/1372 924/429/1375 923/406/1374
f 1550/242/1376 1556/277/1366 1551/278/1373
f 924/429/1375 925/399/1377 923/406/1374
f 1549/240/1378 1556/277/1366 1550/242/1376
f 925/399/1377 926/398/1379 923/406/1374
f 1555/269/1367 1556/277/1366 1549/240/1378
f 926/398/1379 927/405/1380 923/406/1374
f 923/406/1374 927/405/1380 922/404/1352
f 1547/246/1381 1555/269/1367 1549/240/1378
f 1548/264/1382 1555/269/1367 1547/246/1381
f 1554/306/1383 1555/269/1367 1548/264/1382
f 1553/297/1368 1555/269/1367 1554/306/1383
f 917/437/1370 928/435/155 919/415/1371
f 1504/307/1384 1553/297/1368 1554/306/1383
f 928/435/155 929/434/1385 919/415/1371
f 1503/308/1386 1553/297/1368 1504/307/1384
f 929/434/1385 930/430/1387 919/415/1371
f 919/415/1371 930/430/1387 921/408/1372
f 930/430/1387 924/429/1375 921/408/1372
f 1552/294/1369 1553/297/1368 1503/308/1386
f 1505/309/1388 1552/294/1369 1503/308/1386
f 1535/291/1389 1552/294/1369 1505/309/1388
f 1551/278/1373 1552/294/1369 1535/291/1389
f 925/399/1377 931/397/1390 926/398/1379
f 931/397/1390 932/395/1391 926/398/1379
f 926/398/1379 932/395/1391 933/419/1362
f 1536/279/1392 1551/278/1373 1535/291/1389
f 933/419/1362 932/395/1391 934/394/1393
f 932/395/1391 935/385/1394 934/394/1393
f 934/394/1393 935/385/1394 936/393/1395
f 935/385/1394 937/386/613 936/393/1395
f 936/393/1395 937/386/613 938/98/453
f 1537/239/1396 1551/278/1373 1536/279/1392
f 1550/242/1376 1551/278/1373 1537/239/1396
f 1538/251/1397 1550/242/1376 1537/239/1396
f 1540/241/1398 1550/242/1376 1538/251/1397
f 926/398/1379 933/419/1362 927/405/1380
f 1549/240/1378 1550/242/1376 1540/241/1398
f 1541/244/1399 1549/240/1378 1540/241/1398
f 1547/246/1381 1549/240/1378 1541/244/1399
f 1543/250/1400 1547/246/1381 1541/244/1399
f 931/397/1390 939/384/1401 932/395/1391
f 1546/261/1402 1548/264/1382 1547/246/1381
f 932/395/1391 939/384/1401 935/385/1394
f 939/384/1401 940/383/1403 935/385/1394
f 935/385/1394 940/383/1403 937/386/613
f 940/383/1403 941/387/617 937/386/613
f 1543/250/1400 1546/261/1402 1547/246/1381
f 941/387/617 942/388/1404 937/386/613
f 937/386/613 942/388/1404 938/98/453
f 1545/260/228 1546/261/1402 1543/250/1400
f 1544/259/227 1545/260/228 1543/250/1400
f 1542/255/223 1544/259/227 1543/250/1400
f 1541/244/1399 1542/255/223 1543/250/1400
f 943/381/338 945/380/337 944/369/1405
f 944/369/1405 945/380/337 946/344/1406
f 945/380/337 947/378/335 946/344/1406
f 946/344/1406 947/378/335 948/345/1407
f 947/378/335 949/372/330 948/345/1407
f 948/345/1407 949/372/330 950/353/1408
f 1539/252/220 1542/255/223 1541/244/1399
f 950/353/1408 949/372/330 951/370/1409
f 949/372/330 952/371/1410 951/370/1409
f 1540/241/1398 1539/252/220 1541/244/1399
f 952/371/1410 953/323/1411 951/370/1409
f 951/370/1409 953/323/1411 954/324/1412
f 953/323/1411 955/325/290 954/324/1412
f 954/324/1412 955/325/290 956/322/1413
f 1538/251/1397 1539/252/220 1540/241/1398
f 1530/215/1414 1539/252/220 1538/251/1397
f 1529/214/1415 1530/215/1414 1538/251/1397
f 1531/223/1416 1529/214/1415 1538/251/1397
f 946/344/1406 957/362/1417 944/369/1405
f 1537/239/1396 1531/223/1416 1538/251/1397
f 1532/232/1418 1531/223/1416 1537/239/1396
f 1536/279/1392 1532/232/1418 1537/239/1396
f 1533/280/1419 1532/232/1418 1536/279/1392
f 954/324/1412 958/329/1420 951/370/1409
f 1534/290/1421 1533/280/1419 1536/279/1392
f 951/370/1409 958/329/1420 950/353/1408
f 958/329/1420 959/330/1422 950/353/1408
f 950/353/1408 959/330/1422 948/345/1407
f 959/330/1422 960/340/1423 948/345/1407
f 948/345/1407 960/340/1423 946/344/1406
f 960/340/1423 961/341/1424 946/344/1406
f 946/344/1406 961/341/1424 957/362/1417
f 1535/291/1389 1534/290/1421 1536/279/1392
f 957/362/1417 961/341/1424 962/359/1425
f 961/341/1424 963/308/1426 962/359/1425
f 962/359/1425 963/308/1426 964/307/1427
f 1506/311/1428 1535/291/1389 1505/309/1388
f 1534/290/1421 1535/291/1389 1506/311/1428
f 1507/313/1429 1534/290/1421 1506/311/1428
f 1516/288/1430 1534/290/1421 1507/313/1429
f 963/308/1426 961/341/1424 965/309/1431
f 1533/280/1419 1534/290/1421 1516/288/1430
f 961/341/1424 960/340/1423 965/309/1431
f 965/309/1431 960/340/1423 966/311/1432
f 960/340/1423 959/330/1422 966/311/1432
f 966/311/1432 959/330/1422 967/313/1433
f 959/330/1422 958/329/1420 967/313/1433
f 967/313/1433 958/329/1420 968/319/1434
f 958/329/1420 954/324/1412 968/319/1434
f 968/319/1434 954/324/1412 969/320/1435
f 954/324/1412 970/322/1436 969/320/1435
f 969/320/1435 970/322/1436 971/321/1437
f 1518/283/1438 1533/280/1419 1516/288/1430
f 971/321/1437 970/322/1436 972/328/293
f 970/322/1436 973/325/1439 972/328/293
f 1520/229/1440 1533/280/1419 1518/283/1438
f 1532/232/1418 1533/280/1419 1520/229/1440
f 1522/225/1441 1532/232/1418 1520/229/1440
f 1531/223/1416 1532/232/1418 1522/225/1441
f 971/321/1437 974/305/1442 969/320/1435
f 974/305/1442 975/287/1443 969/320/1435
f 969/320/1435 975/287/1443 968/319/1434
f 975/287/1443 976/288/1444 968/319/1434
f 968/319/1434 976/288/1444 967/313/1433
f 1524/220/1445 1531/223/1416 1522/225/1441
f 1529/214/1415 1531/223/1416 1524/220/1445
f 1528/216/186 1530/215/1414 1529/214/1415
f 1524/220/1445 1528/216/186 1529/214/1415
f 974/305/1442 977/285/1294 975/287/1443
f 975/287/1443 977/285/1294 978/283/1446
f 977/285/1294 979/284/1292 978/283/1446
f 978/283/1446 979/284/1292 980/229/1447
f 979/284/1292 981/227/1448 980/229/1447
f 980/229/1447 981/227/1448 982/225/1449
f 981/227/1448 983/226/1450 982/225/1449
f 982/225/1449 983/226/1450 984/220/1451
f 983/226/1450 985/237/1274 984/220/1451
f 984/220/1451 985/237/1274 986/221/691
f 985/237/1274 987/238/692 986/221/691
f 1526/221/191 1528/216/186 1524/220/1445
f 1518/283/1438 1516/288/1430 1515/287/1452
f 1525/237/1453 1527/238/207 1526/221/191
f 1524/220/1445 1525/237/1453 1526/221/191
f 978/283/1446 976/288/1444 975/287/1443
f 1523/226/1454 1525/237/1453 1524/220/1445
f 1522/225/1441 1523/226/1454 1524/220/1445
f 1521/227/1455 1523/226/1454 1522/225/1441
f 1520/229/1440 1521/227/1455 1522/225/1441
f 986/221/691 988/216/694 984/220/1451
f 984/220/1451 988/216/694 989/214/1456
f 988/216/694 990/215/711 989/214/1456
f 1519/284/1457 1521/227/1455 1520/229/1440
f 1518/283/1438 1519/284/1457 1520/229/1440
f 1517/285/1458 1519/284/1457 1518/283/1438
f 1515/287/1452 1517/285/1458 1518/283/1438
f 989/214/1456 991/223/1459 984/220/1451
f 1514/305/1460 1517/285/1458 1515/287/1452
f 984/220/1451 991/223/1459 982/225/1449
f 991/223/1459 992/232/1461 982/225/1449
f 982/225/1449 992/232/1461 980/229/1447
f 992/232/1461 993/280/1462 980/229/1447
f 980/229/1447 993/280/1462 978/283/1446
f 1508/319/1463 1516/288/1430 1507/313/1429
f 978/283/1446 993/280/1462 976/288/1444
f 993/280/1462 994/290/1464 976/288/1444
f 976/288/1444 994/290/1464 967/313/1433
f 1515/287/1452 1516/288/1430 1508/319/1463
f 967/313/1433 994/290/1464 966/311/1432
f 994/290/1464 995/291/1465 966/311/1432
f 966/311/1432 995/291/1465 965/309/1431
f 1509/320/1466 1515/287/1452 1508/319/1463
f 1514/305/1460 1515/287/1452 1509/320/1466
f 1511/321/1467 1514/305/1460 1509/320/1466
f 1510/322/1468 1513/325/646 1512/328/645
f 995/291/1465 994/290/1464 996/279/1469
f 1511/321/1467 1510/322/1468 1512/328/645
f 994/290/1464 993/280/1462 996/279/1469
f 1509/320/1466 1510/322/1468 1511/321/1467
f 993/280/1462 992/232/1461 996/279/1469
f 996/279/1469 992/232/1461 997/239/1470
f 992/232/1461 991/223/1459 997/239/1470
f 997/239/1470 991/223/1459 998/251/1471
f 991/223/1459 989/214/1456 998/251/1471
f 1493/324/1472 1510/322/1468 1509/320/1466
f 989/214/1456 990/215/711 998/251/1471
f 1508/319/1463 1493/324/1472 1509/320/1466
f 990/215/711 999/252/721 998/251/1471
f 998/251/1471 999/252/721 1000/241/1473
f 1498/329/1474 1493/324/1472 1508/319/1463
f 1000/241/1473 999/252/721 1001/244/1475
f 999/252/721 1002/255/731 1001/244/1475
f 1001/244/1475 1002/255/731 1003/250/1476
f 1002/255/731 1004/259/730 1003/250/1476
f 1507/313/1429 1498/329/1474 1508/319/1463
f 1004/259/730 1005/260/729 1003/250/1476
f 1499/330/1477 1498/329/1474 1507/313/1429
f 1005/260/729 1006/261/1478 1003/250/1476
f 1003/250/1476 1006/261/1478 1007/246/1479
f 1006/261/1478 1008/264/1480 1007/246/1479
f 1506/311/1428 1499/330/1477 1507/313/1429
f 1500/340/1481 1499/330/1477 1506/311/1428
f 1505/309/1388 1500/340/1481 1506/311/1428
f 1501/341/1482 1500/340/1481 1505/309/1388
f 1003/250/1476 1007/246/1479 1001/244/1475
f 1007/246/1479 1009/240/1483 1001/244/1475
f 1001/244/1475 1009/240/1483 1000/241/1473
f 1009/240/1483 1010/242/1484 1000/241/1473
f 1000/241/1473 1010/242/1484 998/251/1471
f 1503/308/1386 1501/341/1482 1505/309/1388
f 998/251/1471 1010/242/1484 997/239/1470
f 1010/242/1484 1011/278/1485 997/239/1470
f 997/239/1470 1011/278/1485 996/279/1469
f 1502/359/1486 1503/308/1386 1504/307/1384
f 996/279/1469 1011/278/1485 995/291/1465
f 1011/278/1485 1012/294/1487 995/291/1465
f 995/291/1465 1012/294/1487 965/309/1431
f 1501/341/1482 1503/308/1386 1502/359/1486
f 965/309/1431 1012/294/1487 963/308/1426
f 1012/294/1487 1013/297/1488 963/308/1426
f 963/308/1426 1013/297/1488 964/307/1427
f 1497/362/1489 1501/341/1482 1502/359/1486
f 964/307/1427 1013/297/1488 1014/306/1490
f 1013/297/1488 1015/269/1491 1014/306/1490
f 1014/306/1490 1015/269/1491 1008/264/1480
f 1485/344/1492 1501/341/1482 1497/362/1489
f 1008/264/1480 1015/269/1491 1007/246/1479
f 1500/340/1481 1501/341/1482 1485/344/1492
f 1007/246/1479 1015/269/1491 1009/240/1483
f 1015/269/1491 1016/277/1493 1009/240/1483
f 1009/240/1483 1016/277/1493 1010/242/1484
f 1487/345/1494 1500/340/1481 1485/344/1492
f 1010/242/1484 1016/277/1493 1011/278/1485
f 1499/330/1477 1500/340/1481 1487/345/1494
f 1011/278/1485 1016/277/1493 1012/294/1487
f 1489/353/1495 1499/330/1477 1487/345/1494
f 1012/294/1487 1016/277/1493 1013/297/1488
f 1016/277/1493 1015/269/1491 1013/297/1488
f 1498/329/1474 1499/330/1477 1489/353/1495
f 1490/370/1496 1498/329/1474 1489/353/1495
f 1493/324/1472 1498/329/1474 1490/370/1496
f 1485/344/1492 1497/362/1489 1483/369/1497
f 1017/180/155 1018/179/154 1019/173/1385
f 1018/179/154 1020/171/1498 1019/173/1385
f 1019/173/1385 1020/171/1498 1021/168/1387
f 1020/171/1498 1022/167/1499 1021/168/1387
f 1021/168/1387 1022/167/1499 1023/166/1375
f 1022/167/1499 1024/151/1500 1023/166/1375
f 1023/166/1375 1024/151/1500 1025/165/1501
f 1493/324/1502 1495/325/1503 1496/322/1504
s 0
f 1494/325/1505 1495/325/1505 1493/324/1472
s 1
f 1492/323/1506 1494/325/338 1493/324/1472
f 1490/370/1496 1492/323/1506 1493/324/1472
f 1018/179/154 1026/181/156 1020/171/1498
f 1020/171/1498 1026/181/156 1027/182/1507
f 1026/181/156 1028/210/180 1027/182/1507
f 1027/182/1507 1028/210/180 1029/201/1508
f 1028/210/180 1030/212/182 1029/201/1508
f 1029/201/1508 1030/212/182 1031/202/1509
f 1030/212/182 1032/209/5 1031/202/1509
f 1491/371/1510 1492/323/1506 1490/370/1496
f 1032/209/5 1033/205/5 1031/202/1509
f 1488/372/624 1491/371/1510 1490/370/1496
f 1033/205/5 1034/197/1511 1031/202/1509
f 1489/353/1495 1488/372/624 1490/370/1496
f 1034/197/1511 1035/198/1512 1031/202/1509
f 1031/202/1509 1035/198/1512 1029/201/1508
f 1487/345/1494 1488/372/624 1489/353/1495
f 1029/201/1508 1035/198/1512 1027/182/1507
f 1035/198/1512 1036/187/1513 1027/182/1507
f 1027/182/1507 1036/187/1513 1022/167/1499
f 1486/378/154 1488/372/624 1487/345/1494
f 1022/167/1499 1036/187/1513 1024/151/1500
f 1036/187/1513 1037/150/1514 1024/151/1500
f 1485/344/1492 1486/378/154 1487/345/1494
f 1037/150/1514 1038/140/1515 1024/151/1500
f 1024/151/1500 1038/140/1515 1025/165/1501
f 1484/380/621 1486/378/154 1485/344/1492
f 1025/165/1501 1038/140/1515 1039/162/1390
f 1038/140/1515 1040/139/1516 1039/162/1390
f 1039/162/1390 1040/139/1516 1041/161/1517
f 1483/369/1497 1484/380/621 1485/344/1492
f 1482/381/290 1484/380/621 1483/369/1497
f 1476/386/343 1481/388/345 1477/98/604
f 1480/387/344 1481/388/345 1476/386/343
f 1027/182/1507 1022/167/1499 1020/171/1498
f 1479/383/340 1480/387/344 1476/386/343
f 1474/385/1518 1479/383/340 1476/386/343
f 1478/384/1519 1479/383/340 1474/385/1518
f 1471/395/1520 1478/384/1519 1474/385/1518
f 1033/205/5 1042/196/5 1034/197/1511
f 1470/397/1336 1478/384/1519 1471/395/1520
f 1465/398/1521 1472/419/1522 1466/405/1523
f 1475/393/1524 1476/386/343 1477/98/604
f 1474/385/1518 1476/386/343 1475/393/1524
f 1034/197/1511 1043/192/1525 1035/198/1512
f 1035/198/1512 1043/192/1525 1036/187/1513
f 1473/394/1526 1474/385/1518 1475/393/1524
f 1036/187/1513 1043/192/1525 1037/150/1514
f 1043/192/1525 1044/149/1527 1037/150/1514
f 1471/395/1520 1474/385/1518 1473/394/1526
f 1044/149/1527 1045/127/1528 1037/150/1514
f 1037/150/1514 1045/127/1528 1038/140/1515
f 1045/127/1528 1040/139/1516 1038/140/1515
f 1472/419/1522 1471/395/1520 1473/394/1526
f 1465/398/1521 1471/395/1520 1472/419/1522
f 1470/397/1336 1471/395/1520 1465/398/1521
f 1464/399/1529 1470/397/1336 1465/398/1521
f 1044/149/1527 1043/192/1525 1046/193/1530
f 1043/192/1525 1034/197/1511 1046/193/1530
f 1469/430/1359 1463/429/1358 1460/408/1531
f 1034/197/1511 1042/196/5 1046/193/1530
f 1458/415/1532 1469/430/1359 1460/408/1531
f 1042/196/5 1047/194/5 1046/193/1530
f 1046/193/1530 1047/194/5 1048/148/1533
f 1047/194/5 1049/147/5 1048/148/1533
f 1468/434/1361 1469/430/1359 1458/415/1532
f 1467/435/582 1468/434/1361 1458/415/1532
f 1456/437/1534 1467/435/582 1458/415/1532
f 1462/406/1535 1466/405/1523 1461/404/1536
f 1046/193/1530 1048/148/1533 1044/149/1527
f 1048/148/1533 1050/121/1537 1044/149/1527
f 1044/149/1527 1050/121/1537 1045/127/1528
f 1050/121/1537 1051/119/1538 1045/127/1528
f 1045/127/1528 1051/119/1538 1040/139/1516
f 1051/119/1538 1052/131/1539 1040/139/1516
f 1040/139/1516 1052/131/1539 1041/161/1517
f 1465/398/1521 1466/405/1523 1462/406/1535
f 1041/161/1517 1052/131/1539 1053/128/1540
f 1464/399/1529 1465/398/1521 1462/406/1535
f 1053/128/1540 1052/131/1539 1054/115/1541
f 1463/429/1358 1464/399/1529 1462/406/1535
f 1054/115/1541 1052/131/1539 1055/114/1542
f 1052/131/1539 1051/119/1538 1055/114/1542
f 1055/114/1542 1051/119/1538 1056/118/1543
f 1051/119/1538 1050/121/1537 1056/118/1543
f 1056/118/1543 1050/121/1537 1057/120/1544
f 1050/121/1537 1048/148/1533 1057/120/1544
f 1460/408/1531 1463/429/1358 1462/406/1535
f 1048/148/1533 1049/147/5 1057/120/1544
f 1461/404/1536 1460/408/1531 1462/406/1535
f 1049/147/5 1058/144/5 1057/120/1544
f 1057/120/1544 1058/144/5 1059/108/1545
f 1058/144/5 1060/105/5 1059/108/1545
f 1459/410/1546 1460/408/1531 1461/404/1536
f 1458/415/1532 1460/408/1531 1459/410/1546
f 1457/418/1547 1458/415/1532 1459/410/1546
f 1456/437/1534 1458/415/1532 1457/418/1547
f 1057/120/1544 1059/108/1545 1056/118/1543
f 1059/108/1545 1061/113/1548 1056/118/1543
f 1056/118/1543 1061/113/1548 1055/114/1542
f 1061/113/1548 1062/112/1549 1055/114/1542
f 1055/114/1542 1062/112/1549 1054/115/1541
f 1062/112/1549 1063/116/788 1054/115/1541
f 1455/445/472 1456/437/1534 1457/418/1547
f 1063/116/788 1064/129/789 1054/115/1541
f 1452/650/1550 1454/652/1551 1453/651/1552
s 0
f 1064/129/789 1065/129/1553 1054/115/1554
s 1
f 1054/115/1554 1065/129/617 1066/128/1540
f 1445/634/1555 1452/650/1550 1453/651/1552
f 1451/653/1556 1452/650/1550 1445/634/1555
f 1444/630/1557 1451/653/1556 1445/634/1555
f 1450/624/1522 1451/653/1556 1444/630/1557
f 1063/116/788 1062/112/1549 1067/117/800
f 1067/117/800 1062/112/1549 1068/93/798
f 1062/112/1549 1061/113/1548 1068/93/798
f 1068/93/798 1061/113/1548 1069/92/1558
f 1061/113/1548 1059/108/1545 1069/92/1558
f 1443/623/1559 1450/624/1522 1444/630/1557
f 1059/108/1545 1060/105/5 1069/92/1558
f 1449/622/1523 1450/624/1522 1443/623/1559
f 1060/105/5 1070/97/5 1069/92/1558
f 1069/92/1558 1070/97/5 1071/94/805
f 1070/97/5 1072/98/5 1071/94/805
f 1442/581/1560 1449/622/1523 1443/623/1559
f 1441/621/1561 1449/622/1523 1442/581/1560
f 1414/573/1562 1440/583/1563 1413/574/1564
f 1438/549/1565 1440/583/1563 1414/573/1562
f 1069/92/1558 1071/94/805 1068/93/798
s 0
f 1446/641/594 1447/651/1552 1448/651/637
s 1
f 1445/634/1555 1447/651/1552 1446/641/594
f 1359/642/1566 1445/634/1555 1446/641/594
f 1370/632/1567 1445/634/1555 1359/642/1566
f 1073/881/1568 1075/882/1569 1074/883/1570
f 1444/630/1557 1445/634/1555 1370/632/1567
f 1075/882/1569 1076/884/1571 1074/883/1570
f 1074/883/1570 1076/884/1571 1077/885/1572
f 1076/884/1571 1078/886/1573 1077/885/1572
f 1077/885/1572 1078/886/1573 1079/887/1574
f 1078/886/1573 1080/888/1575 1079/887/1574
f 1079/887/1574 1080/888/1575 1081/889/1576
f 1080/888/1575 1082/890/1577 1081/889/1576
f 1081/889/1576 1082/890/1577 1083/891/1578
f 1082/890/1577 1084/892/1579 1083/891/1578
f 1083/891/1578 1084/892/1579 1085/893/1580
f 1084/892/1579 1086/894/1581 1085/893/1580
f 1085/893/1580 1086/894/1581 1087/895/1582
f 1397/631/1583 1444/630/1557 1370/632/1567
f 1087/895/1582 1086/894/1581 1088/897/1584
f 1086/894/1581 1089/898/1585 1088/897/1584
f 1443/623/1559 1444/630/1557 1397/631/1583
f 1089/898/1585 1090/899/1586 1088/897/1584
f 1088/897/1584 1090/899/1586 1091/900/1587
f 1090/899/1586 1092/901/1588 1091/900/1587
f 1091/900/1587 1092/901/1588 1093/902/1589
f 1398/580/1590 1443/623/1559 1397/631/1583
f 1093/902/1589 1092/901/1588 1094/904/1591
f 1092/901/1588 1095/905/1592 1094/904/1591
f 1442/581/1560 1443/623/1559 1398/580/1590
f 1095/905/1592 1096/906/1593 1094/904/1591
f 1094/904/1591 1096/906/1593 1097/907/1594
f 1096/906/1593 1098/908/1595 1097/907/1594
f 1097/907/1594 1098/908/1595 1099/909/1596
f 1413/574/1564 1442/581/1560 1398/580/1590
f 1099/909/1596 1098/908/1595 1100/911/1597
f 1098/908/1595 1101/912/1598 1100/911/1597
f 1100/911/1597 1101/912/1598 1102/913/1599
f 1101/912/1598 1103/914/1600 1102/913/1599
f 1440/583/1563 1442/581/1560 1413/574/1564
f 1103/914/1600 1104/698/1601 1102/913/1599
f 1441/621/1561 1442/581/1560 1440/583/1563
f 1104/698/1601 1105/697/1602 1102/913/1599
f 1102/913/1599 1105/697/1602 1106/916/1603
f 1105/697/1602 1107/694/1604 1106/916/1603
f 1439/620/1546 1441/621/1561 1440/583/1563
f 1438/549/1565 1439/620/1546 1440/583/1563
f 1437/615/1547 1439/620/1546 1438/549/1565
f 1433/548/1605 1415/571/1606 1428/589/1607
f 1100/911/1597 1102/913/1599 1108/923/1608
f 1102/913/1599 1106/916/1603 1108/923/1608
f 1414/573/1562 1415/571/1606 1433/548/1605
f 1438/549/1565 1414/573/1562 1433/548/1605
f 1435/550/1609 1438/549/1565 1433/548/1605
f 1437/615/1547 1438/549/1565 1435/550/1609
f 1103/914/1600 1101/912/1598 1109/930/1610
f 1101/912/1598 1098/908/1595 1109/930/1610
f 1109/930/1610 1098/908/1595 1110/931/1611
f 1098/908/1595 1096/906/1593 1110/931/1611
f 1110/931/1611 1096/906/1593 1111/932/1612
f 1096/906/1593 1095/905/1592 1111/932/1612
f 1111/932/1612 1095/905/1592 1112/933/1613
f 1095/905/1592 1092/901/1588 1112/933/1613
f 1112/933/1613 1092/901/1588 1113/934/1614
f 1092/901/1588 1090/899/1586 1113/934/1614
f 1113/934/1614 1090/899/1586 1114/935/1615
f 1090/899/1586 1089/898/1585 1114/935/1615
f 1436/614/579 1437/615/1547 1435/550/1609
f 1434/611/1616 1436/614/579 1435/550/1609
f 1433/548/1605 1434/611/1616 1435/550/1609
f 1432/607/475 1434/611/1616 1433/548/1605
f 1110/931/1611 1111/932/1612 1109/930/1610
f 1428/589/1607 1432/607/475 1433/548/1605
f 1109/930/1610 1111/932/1612 1115/938/1617
f 1111/932/1612 1112/933/1613 1115/938/1617
f 1115/938/1617 1112/933/1613 1116/939/1618
f 1431/603/477 1432/607/475 1428/589/1607
f 1116/939/1618 1112/933/1613 1117/940/1619
f 1112/933/1613 1113/934/1614 1117/940/1619
f 1427/593/1620 1431/603/477 1428/589/1607
f 1113/934/1614 1114/935/1615 1117/940/1619
f 1117/940/1619 1114/935/1615 1118/942/1621
f 1114/935/1615 1119/943/1622 1118/942/1621
f 1118/942/1621 1119/943/1622 1120/944/1623
f 1430/600/479 1431/603/477 1427/593/1620
f 1120/944/1623 1119/943/1622 1121/945/1624
f 1119/943/1622 1122/946/1625 1121/945/1624
f 1121/945/1624 1122/946/1625 1123/947/1626
f 1122/946/1625 1084/892/1579 1123/947/1626
f 1426/594/1627 1430/600/479 1427/593/1620
f 1084/892/1579 1082/890/1577 1123/947/1626
f 1429/599/481 1430/600/479 1426/594/1627
f 1082/890/1577 1124/949/1628 1123/947/1626
f 1123/947/1626 1124/949/1628 1125/950/1629
f 1425/561/483 1429/599/481 1426/594/1627
f 1125/950/1629 1124/949/1628 1126/952/1630
f 1124/949/1628 1127/953/1631 1126/952/1630
f 1126/952/1630 1127/953/1631 1128/954/1632
f 1416/570/1633 1428/589/1607 1415/571/1606
f 1427/593/1620 1428/589/1607 1416/570/1633
f 1417/566/1634 1427/593/1620 1416/570/1633
f 1426/594/1627 1427/593/1620 1417/566/1634
f 1114/935/1615 1089/898/1585 1119/943/1622
f 1418/562/1635 1426/594/1627 1417/566/1634
f 1089/898/1585 1086/894/1581 1119/943/1622
f 1119/943/1622 1086/894/1581 1122/946/1625
f 1086/894/1581 1084/892/1579 1122/946/1625
f 1425/561/483 1426/594/1627 1418/562/1635
f 1419/537/1636 1425/561/483 1418/562/1635
f 1424/560/510 1425/561/483 1419/537/1636
f 1420/538/1637 1424/560/510 1419/537/1636
f 1123/947/1626 1125/950/1629 1121/945/1624
f 1422/552/512 1424/560/510 1420/538/1637
f 1421/543/515 1423/553/513 1422/552/512
f 1420/538/1637 1421/543/515 1422/552/512
f 1407/541/1638 1421/543/515 1420/538/1637
f 1082/890/1577 1080/888/1575 1124/949/1628
f 1124/949/1628 1080/888/1575 1127/953/1631
f 1080/888/1575 1078/886/1573 1127/953/1631
f 1127/953/1631 1078/886/1573 1129/955/1639
f 1078/886/1573 1076/884/1571 1129/955/1639
f 1129/955/1639 1076/884/1571 1130/956/1640
f 1076/884/1571 1075/882/1569 1130/956/1640
f 1406/536/1641 1407/541/1638 1420/538/1637
f 1075/882/1569 1131/957/1642 1130/956/1640
f 1130/956/1640 1131/957/1642 1132/963/1643
f 1419/537/1636 1406/536/1641 1420/538/1637
f 1132/963/1643 1131/957/1642 1133/965/1644
f 1131/957/1642 1134/937/1645 1133/965/1644
f 1133/965/1644 1134/937/1645 1135/966/1646
f 1408/534/1647 1406/536/1641 1419/537/1636
f 1135/966/1646 1134/937/1645 1136/968/1648
f 1134/937/1645 1137/929/1649 1136/968/1648
f 1418/562/1635 1408/534/1647 1419/537/1636
f 1137/929/1649 1138/925/1650 1136/968/1648
f 1136/968/1648 1138/925/1650 1139/970/1651
f 1138/925/1650 1140/926/1652 1139/970/1651
f 1139/970/1651 1140/926/1652 1141/971/1653
f 1409/528/1654 1408/534/1647 1418/562/1635
f 1141/971/1653 1140/926/1652 1142/973/1655
f 1140/926/1652 1143/918/105 1142/973/1655
f 1417/566/1634 1409/528/1654 1418/562/1635
f 1143/918/105 1144/975/1656 1142/973/1655
f 1142/973/1655 1144/975/1656 1145/976/1657
f 1144/975/1656 1146/977/1658 1145/976/1657
f 1145/976/1657 1146/977/1658 1147/978/1659
f 1410/525/1660 1409/528/1654 1417/566/1634
f 1147/978/1659 1146/977/1658 1148/980/1661
f 1146/977/1658 1149/981/1662 1148/980/1661
f 1416/570/1633 1410/525/1660 1417/566/1634
f 1149/981/1662 1150/983/1663 1148/980/1661
f 1148/980/1661 1150/983/1663 1151/984/1664
f 1411/506/1665 1410/525/1660 1416/570/1633
f 1151/984/1664 1150/983/1663 1152/986/1666
f 1150/983/1663 1153/987/1667 1152/986/1666
f 1152/986/1666 1153/987/1667 1154/988/1668
f 1415/571/1606 1411/506/1665 1416/570/1633
f 1412/504/1669 1411/506/1665 1415/571/1606
f 1414/573/1562 1412/504/1669 1415/571/1606
f 1413/574/1564 1412/504/1669 1414/573/1562
f 1127/953/1631 1129/955/1639 1128/954/1632
f 1128/954/1632 1129/955/1639 1155/993/1670
f 1129/955/1639 1130/956/1640 1155/993/1670
f 1155/993/1670 1130/956/1640 1132/963/1643
f 1399/502/1671 1413/574/1564 1398/580/1590
f 1412/504/1669 1413/574/1564 1399/502/1671
f 1400/500/1672 1412/504/1669 1399/502/1671
f 1411/506/1665 1412/504/1669 1400/500/1672
f 1153/987/1667 1150/983/1663 1156/997/1673
f 1156/997/1673 1150/983/1663 1157/998/1674
f 1150/983/1663 1149/981/1662 1157/998/1674
f 1157/998/1674 1149/981/1662 1158/999/1675
f 1149/981/1662 1146/977/1658 1158/999/1675
f 1158/999/1675 1146/977/1658 1159/1000/1676
f 1146/977/1658 1144/975/1656 1159/1000/1676
f 1159/1000/1676 1144/975/1656 1160/919/1677
f 1144/975/1656 1143/918/105 1160/919/1677
f 1160/919/1677 1143/918/105 1161/917/1678
f 1143/918/105 1140/926/1652 1161/917/1678
f 1161/917/1678 1140/926/1652 1162/927/1679
f 1140/926/1652 1138/925/1650 1162/927/1679
f 1162/927/1679 1138/925/1650 1163/928/1680
f 1138/925/1650 1137/929/1649 1163/928/1680
f 1401/498/1681 1411/506/1665 1400/500/1672
f 1410/525/1660 1411/506/1665 1401/498/1681
f 1402/497/1682 1410/525/1660 1401/498/1681
f 1409/528/1654 1410/525/1660 1402/497/1682
f 1163/928/1680 1164/924/1683 1162/927/1679
f 1403/495/1684 1409/528/1654 1402/497/1682
f 1162/927/1679 1164/924/1683 1161/917/1678
f 1164/924/1683 1165/922/1685 1161/917/1678
f 1408/534/1647 1409/528/1654 1403/495/1684
f 1165/922/1685 1166/920/1686 1161/917/1678
f 1161/917/1678 1166/920/1686 1160/919/1677
f 1166/920/1686 1167/921/1687 1160/919/1677
f 1160/919/1677 1167/921/1687 1159/1000/1676
f 1404/535/1688 1408/534/1647 1403/495/1684
f 1159/1000/1676 1167/921/1687 1158/999/1675
f 1167/921/1687 1168/1005/1689 1158/999/1675
f 1406/536/1641 1408/534/1647 1404/535/1688
f 1168/1005/1689 1169/1007/1690 1158/999/1675
f 1158/999/1675 1169/1007/1690 1157/998/1674
f 1169/1007/1690 1170/1008/1691 1157/998/1674
f 1157/998/1674 1170/1008/1691 1156/997/1673
f 1170/1008/1691 1171/1009/1692 1156/997/1673
f 1156/997/1673 1171/1009/1692 1153/987/1667
f 1405/540/1693 1407/541/1638 1406/536/1641
f 1404/535/1688 1405/540/1693 1406/536/1641
f 1391/539/1458 1405/540/1693 1404/535/1688
f 1390/494/1694 1391/539/1458 1404/535/1688
f 1170/1008/1691 1172/1015/1695 1171/1009/1692
f 1171/1009/1692 1172/1015/1695 1173/1016/1696
f 1172/1015/1695 1174/1017/1697 1173/1016/1696
f 1403/495/1684 1390/494/1694 1404/535/1688
f 1174/1017/1697 1175/1018/1698 1173/1016/1696
f 1392/483/1699 1390/494/1694 1403/495/1684
f 1175/1018/1698 1176/1019/1700 1173/1016/1696
f 1173/1016/1696 1176/1019/1700 1177/1020/1701
f 1176/1019/1700 1178/1021/1702 1177/1020/1701
f 1177/1020/1701 1178/1021/1702 1154/988/1668
f 1178/1021/1702 1179/1022/1703 1154/988/1668
f 1402/497/1682 1392/483/1699 1403/495/1684
f 1393/477/1704 1392/483/1699 1402/497/1682
f 1401/498/1681 1393/477/1704 1402/497/1682
f 1394/476/1705 1393/477/1704 1401/498/1681
f 1173/1016/1696 1177/1020/1701 1171/1009/1692
f 1400/500/1672 1394/476/1705 1401/498/1681
f 1171/1009/1692 1177/1020/1701 1153/987/1667
f 1177/1020/1701 1154/988/1668 1153/987/1667
f 1395/501/1706 1394/476/1705 1400/500/1672
f 1399/502/1671 1395/501/1706 1400/500/1672
f 1396/658/1707 1395/501/1706 1399/502/1671
f 1398/580/1590 1396/658/1707 1399/502/1671
f 1073/881/1568 1180/951/1708 1075/882/1569
f 1397/631/1583 1396/658/1707 1398/580/1590
f 1075/882/1569 1180/951/1708 1131/957/1642
f 1369/683/1709 1397/631/1583 1370/632/1567
f 1131/957/1642 1180/951/1708 1134/937/1645
f 1180/951/1708 1181/936/1710 1134/937/1645
f 1134/937/1645 1181/936/1710 1137/929/1649
f 1396/658/1707 1397/631/1583 1369/683/1709
f 1137/929/1649 1181/936/1710 1163/928/1680
f 1181/936/1710 1182/941/1711 1163/928/1680
f 1163/928/1680 1182/941/1711 1164/924/1683
f 1368/664/1712 1396/658/1707 1369/683/1709
f 1395/501/1706 1396/658/1707 1368/664/1712
f 1371/475/1713 1395/501/1706 1368/664/1712
f 1394/476/1705 1395/501/1706 1371/475/1713
f 1180/951/1708 1073/881/1568 1181/936/1710
f 1386/463/1714 1394/476/1705 1371/475/1713
f 1073/881/1568 1183/948/1715 1181/936/1710
f 1181/936/1710 1183/948/1715 1182/941/1711
f 1393/477/1704 1394/476/1705 1386/463/1714
f 1387/462/1716 1393/477/1704 1386/463/1714
f 1392/483/1699 1393/477/1704 1387/462/1716
f 1388/484/1717 1392/483/1699 1387/462/1716
f 1184/1034/1715 1186/1035/1718 1185/1036/1719
f 1185/1036/1719 1186/1035/1718 1187/1037/1720
f 1186/1035/1718 1188/1038/1721 1187/1037/1720
f 1187/1037/1720 1188/1038/1721 1189/1039/1722
f 1188/1038/1721 1190/1040/1723 1189/1039/1722
f 1390/494/1694 1392/483/1699 1388/484/1717
f 1389/493/1724 1391/539/1458 1390/494/1694
f 1388/484/1717 1389/493/1724 1390/494/1694
f 1383/485/1725 1389/493/1724 1388/484/1717
f 1185/1036/1719 1187/1037/1720 1191/1044/1726
f 1187/1037/1720 1189/1039/1722 1191/1044/1726
f 1382/448/1727 1383/485/1725 1388/484/1717
f 1387/462/1716 1382/448/1727 1388/484/1717
f 1385/461/1728 1382/448/1727 1387/462/1716
f 1386/463/1714 1385/461/1728 1387/462/1716
f 1185/1036/1719 1191/1044/1726 1192/1048/1729
f 1191/1044/1726 1193/1043/1730 1192/1048/1729
f 1192/1048/1729 1193/1043/1730 1194/1049/1731
f 1372/464/1732 1386/463/1714 1371/475/1713
f 1194/1049/1731 1193/1043/1730 1195/1051/1686
f 1193/1043/1730 1196/1045/1733 1195/1051/1686
f 1385/461/1728 1386/463/1714 1372/464/1732
f 1196/1045/1733 1197/1046/1734 1195/1051/1686
f 1195/1051/1686 1197/1046/1734 1198/1052/1687
f 1197/1046/1734 1199/1053/1735 1198/1052/1687
f 1198/1052/1687 1199/1053/1735 1200/1054/1736
f 1374/459/1737 1385/461/1728 1372/464/1732
f 1377/447/1738 1385/461/1728 1374/459/1737
f 1382/448/1727 1385/461/1728 1377/447/1738
f 1375/460/1739 1373/465/1740 1384/469/422
f 1197/1046/1734 1201/1047/1741 1199/1053/1735
f 1199/1053/1735 1201/1047/1741 1202/1055/1742
f 1381/449/1743 1383/485/1725 1382/448/1727
f 1202/1055/1742 1201/1047/1741 1203/1050/1695
f 1201/1047/1741 1204/1033/1744 1203/1050/1695
f 1203/1050/1695 1204/1033/1744 1205/1031/1745
f 1377/447/1738 1381/449/1743 1382/448/1727
f 1380/451/1746 1381/449/1743 1377/447/1738
f 1379/454/407 1380/451/1746 1377/447/1738
f 1378/457/410 1379/454/407 1377/447/1738
f 1204/1033/1744 1201/1047/1741 1206/1041/1747
f 1376/458/411 1378/457/410 1377/447/1738
f 1201/1047/1741 1197/1046/1734 1206/1041/1747
f 1374/459/1737 1376/458/411 1377/447/1738
f 1197/1046/1734 1196/1045/1733 1206/1041/1747
f 1375/460/1739 1376/458/411 1374/459/1737
f 1196/1045/1733 1193/1043/1730 1206/1041/1747
f 1206/1041/1747 1193/1043/1730 1207/1042/1748
f 1193/1043/1730 1191/1044/1726 1207/1042/1748
f 1207/1042/1748 1191/1044/1726 1208/1056/1749
f 1191/1044/1726 1189/1039/1722 1208/1056/1749
f 1208/1056/1749 1189/1039/1722 1209/1057/1750
f 1189/1039/1722 1190/1040/1723 1209/1057/1750
f 1373/465/1740 1375/460/1739 1374/459/1737
f 1190/1040/1723 1210/1059/1751 1209/1057/1750
f 1209/1057/1750 1210/1059/1751 1211/1060/1752
f 1210/1059/1751 1212/1061/1753 1211/1060/1752
f 1211/1060/1752 1212/1061/1753 1213/1062/1754
f 1212/1061/1753 1214/1063/1755 1213/1062/1754
f 1213/1062/1754 1214/1063/1755 1215/1064/1756
f 1214/1063/1755 1216/1065/1757 1215/1064/1756
f 1215/1064/1756 1216/1065/1757 1217/1066/1758
f 1216/1065/1757 1218/1067/1759 1217/1066/1758
f 1372/464/1732 1373/465/1740 1374/459/1737
f 1218/1067/1759 1219/1069/1760 1217/1066/1758
f 1365/474/1761 1373/465/1740 1372/464/1732
f 1219/1069/1760 1220/1070/1762 1217/1066/1758
f 1371/475/1713 1365/474/1761 1372/464/1732
f 1220/1070/1762 1221/1071/1763 1217/1066/1758
f 1217/1066/1758 1221/1071/1763 1215/1064/1756
f 1221/1071/1763 1222/1072/1129 1215/1064/1756
f 1215/1064/1756 1222/1072/1129 1213/1062/1754
f 1222/1072/1129 1223/1073/1764 1213/1062/1754
f 1213/1062/1754 1223/1073/1764 1211/1060/1752
f 1223/1073/1764 1224/1058/1149 1211/1060/1752
f 1211/1060/1752 1224/1058/1149 1209/1057/1750
f 1368/664/1712 1365/474/1761 1371/475/1713
f 1209/1057/1750 1224/1058/1149 1208/1056/1749
f 1363/667/1765 1365/474/1761 1368/664/1712
f 1208/1056/1749 1224/1058/1149 1207/1042/1748
f 1361/645/1766 1370/632/1567 1359/642/1566
f 1207/1042/1748 1224/1058/1149 1225/1068/1767
f 1224/1058/1149 1223/1073/1764 1225/1068/1767
f 1225/1068/1767 1223/1073/1764 1226/1074/1768
f 1223/1073/1764 1222/1072/1129 1226/1074/1768
f 1226/1074/1768 1222/1072/1129 1227/1075/1769
f 1222/1072/1129 1221/1071/1763 1227/1075/1769
f 1227/1075/1769 1221/1071/1763 1228/1023/1770
f 1221/1071/1763 1229/1077/1771 1228/1023/1770
f 1228/1023/1770 1229/1077/1771 1230/1010/1772
f 1229/1077/1771 1231/1078/1773 1230/1010/1772
f 1369/683/1709 1370/632/1567 1361/645/1766
f 1231/1078/1773 1232/1012/1774 1230/1010/1772
f 1230/1010/1772 1232/1012/1774 1233/1011/1775
f 1232/1012/1774 1234/1013/1776 1233/1011/1775
f 1368/664/1712 1369/683/1709 1361/645/1766
f 1234/1013/1776 1235/1006/1608 1233/1011/1775
f 1363/667/1765 1368/664/1712 1361/645/1766
f 1235/1006/1608 1236/1004/1777 1233/1011/1775
f 1233/1011/1775 1236/1004/1777 1230/1010/1772
f 1236/1004/1777 1237/1003/1778 1230/1010/1772
f 1230/1010/1772 1237/1003/1778 1228/1023/1770
f 1365/474/1761 1366/469/425 1367/465/1779
f 1364/471/1780 1366/469/425 1365/474/1761
f 1363/667/1765 1364/471/1780 1365/474/1761
f 1362/649/601 1364/471/1780 1363/667/1765
f 1218/1067/1759 1216/1065/1757 1238/1076/1781
f 1361/645/1766 1362/649/601 1363/667/1765
f 1360/640/593 1362/649/601 1361/645/1766
f 1359/642/1566 1360/640/593 1361/645/1766
f 1358/641/594 1360/640/593 1359/642/1566
f 1221/1071/1763 1220/1070/1762 1229/1077/1771
f 1220/1070/1762 1219/1069/1760 1229/1077/1771
f 1353/689/1782 1357/692/1783 1354/693/1784
f 1219/1069/1760 1239/1079/1785 1229/1077/1771
f 1229/1077/1771 1239/1079/1785 1231/1078/1773
f 1356/690/1786 1357/692/1783 1353/689/1782
f 1352/691/1787 1356/690/1786 1353/689/1782
f 1107/694/1604 1354/693/1784 1355/695/1788
f 1353/689/1782 1354/693/1784 1107/694/1604
f 1234/1013/1776 1232/1012/1774 1240/1014/1596
f 1105/697/1602 1353/689/1782 1107/694/1604
f 1352/691/1787 1353/689/1782 1105/697/1602
f 1104/698/1601 1352/691/1787 1105/697/1602
f 1337/767/1789 1347/766/1790 1351/768/1783
f 1235/1006/1608 1241/996/1791 1236/1004/1777
f 1241/996/1791 1242/1001/1792 1236/1004/1777
f 1236/1004/1777 1242/1001/1792 1237/1003/1778
f 1341/780/1793 1342/751/1794 1340/776/1795
f 1330/803/1796 1332/805/1797 1350/804/1798
f 1349/761/1799 1344/757/1800 1343/755/1103
f 1345/762/1801 1344/757/1800 1349/761/1799
f 1235/1006/1608 1243/995/1802 1241/996/1791
f 1241/996/1791 1243/995/1802 1244/991/1803
f 1243/995/1802 1245/994/1804 1244/991/1803
f 1348/763/1805 1345/762/1801 1349/761/1799
f 1245/994/1804 1246/992/1806 1244/991/1803
f 1346/764/1807 1345/762/1801 1348/763/1805
f 1246/992/1806 1247/990/1808 1244/991/1803
f 1244/991/1803 1247/990/1808 1248/989/1809
f 1247/990/1808 1249/985/1810 1248/989/1809
f 1248/989/1809 1249/985/1810 1250/982/1811
f 1249/985/1810 1251/979/1812 1250/982/1811
f 1347/766/1790 1346/764/1807 1348/763/1805
f 1337/767/1789 1346/764/1807 1347/766/1790
f 1336/769/1813 1346/764/1807 1337/767/1789
f 1338/771/1814 1346/764/1807 1336/769/1813
f 1244/991/1803 1248/989/1809 1241/996/1791
f 1345/762/1801 1346/764/1807 1338/771/1814
f 1241/996/1791 1248/989/1809 1242/1001/1792
f 1248/989/1809 1250/982/1811 1242/1001/1792
f 1242/1001/1792 1250/982/1811 1252/1002/1815
f 1250/982/1811 1253/974/1816 1252/1002/1815
f 1339/774/1817 1345/762/1801 1338/771/1814
f 1253/974/1816 1254/1024/1818 1252/1002/1815
f 1252/1002/1815 1254/1024/1818 1228/1023/1770
f 1254/1024/1818 1227/1075/1769 1228/1023/1770
f 1344/757/1800 1345/762/1801 1339/774/1817
f 1340/776/1795 1344/757/1800 1339/774/1817
f 1342/751/1794 1344/757/1800 1340/776/1795
f 1343/755/1103 1344/757/1800 1342/751/1794
f 1242/1001/1792 1252/1002/1815 1237/1003/1778
f 1252/1002/1815 1228/1023/1770 1237/1003/1778
f 1318/749/1819 1343/755/1103 1342/751/1794
f 1317/739/1820 1318/749/1819 1342/751/1794
f 1341/780/1793 1317/739/1820 1342/751/1794
f 1321/735/1821 1317/739/1820 1341/780/1793
f 1250/982/1811 1251/979/1812 1253/974/1816
f 1251/979/1812 1255/972/1233 1253/974/1816
f 1253/974/1816 1255/972/1233 1256/969/1822
f 1255/972/1233 1257/967/1823 1256/969/1822
f 1323/787/1824 1321/735/1821 1341/780/1793
f 1324/823/1825 1323/787/1824 1341/780/1793
f 1340/776/1795 1324/823/1825 1341/780/1793
f 1325/831/1826 1324/823/1825 1340/776/1795
f 1253/974/1816 1256/969/1822 1254/1024/1818
f 1256/969/1822 1258/1025/1827 1254/1024/1818
f 1254/1024/1818 1258/1025/1827 1227/1075/1769
f 1339/774/1817 1325/831/1826 1340/776/1795
f 1227/1075/1769 1258/1025/1827 1226/1074/1768
f 1258/1025/1827 1259/1026/1828 1226/1074/1768
f 1226/1074/1768 1259/1026/1828 1225/1068/1767
f 1326/832/1058 1325/831/1826 1339/774/1817
f 1338/771/1814 1326/832/1058 1339/774/1817
f 1327/834/1829 1326/832/1058 1338/771/1814
f 1336/769/1813 1327/834/1829 1338/771/1814
f 1259/1026/1828 1258/1025/1827 1260/964/1830
f 1333/843/1831 1327/834/1829 1336/769/1813
f 1258/1025/1827 1256/969/1822 1260/964/1830
f 1331/844/1832 1327/834/1829 1333/843/1831
f 1256/969/1822 1257/967/1823 1260/964/1830
f 1328/845/1833 1327/834/1829 1331/844/1832
f 1257/967/1823 1261/962/1834 1260/964/1830
f 1260/964/1830 1261/962/1834 1262/961/1835
f 1261/962/1834 1263/958/1836 1262/961/1835
f 1322/716/1837 1321/735/1821 1323/787/1824
f 1320/704/1838 1321/735/1821 1322/716/1837
f 1335/849/1839 1336/769/1813 1337/767/1789
f 1333/843/1831 1336/769/1813 1335/849/1839
f 1260/964/1830 1262/961/1835 1259/1026/1828
f 1262/961/1835 1264/1027/1840 1259/1026/1828
f 1259/1026/1828 1264/1027/1840 1225/1068/1767
f 1334/853/1841 1333/843/1831 1335/849/1839
f 1225/1068/1767 1264/1027/1840 1207/1042/1748
f 1264/1027/1840 1265/1028/1842 1207/1042/1748
f 1207/1042/1748 1265/1028/1842 1206/1041/1747
f 1332/805/1797 1333/843/1831 1334/853/1841
f 1206/1041/1747 1265/1028/1842 1204/1033/1744
f 1265/1028/1842 1266/1029/1843 1204/1033/1744
f 1204/1033/1744 1266/1029/1843 1205/1031/1745
f 1266/1029/1843 1267/1030/1844 1205/1031/1745
f 1205/1031/1745 1267/1030/1844 1268/1032/1845
f 1331/844/1832 1333/843/1831 1332/805/1797
f 1330/803/1796 1331/844/1832 1332/805/1797
f 1328/845/1833 1331/844/1832 1330/803/1796
f 1329/859/1846 1328/845/1833 1330/803/1796
f 1267/1030/1844 1266/1029/1843 1269/960/1847
f 1269/960/1847 1266/1029/1843 1270/959/1848
f 1266/1029/1843 1265/1028/1842 1270/959/1848
f 1283/860/1849 1328/845/1833 1329/859/1846
f 1265/1028/1842 1264/1027/1840 1270/959/1848
f 1282/861/1850 1328/845/1833 1283/860/1849
f 1264/1027/1840 1262/961/1835 1270/959/1848
f 1327/834/1829 1328/845/1833 1282/861/1850
f 1262/961/1835 1263/958/1836 1270/959/1848
f 1270/959/1848 1263/958/1836 1269/960/1847
f 1284/866/1851 1327/834/1829 1282/861/1850
f 1326/832/1058 1327/834/1829 1284/866/1851
f 1285/864/1852 1326/832/1058 1284/866/1851
f 1325/831/1826 1326/832/1058 1285/864/1852
f 1271/915/1623 1273/910/1624 1272/880/1853
f 1272/880/1853 1273/910/1624 1274/879/1854
f 1273/910/1624 1275/903/1629 1274/879/1854
f 1274/879/1854 1275/903/1629 1276/878/1855
f 1275/903/1629 1277/896/1856 1276/878/1855
f 1276/878/1855 1277/896/1856 1278/874/1857
f 1277/896/1856 1279/873/1632 1278/874/1857
f 1278/874/1857 1279/873/1632 1280/871/1858
f 1279/873/1632 1281/872/1859 1280/871/1858
f 1286/863/1860 1325/831/1826 1285/864/1852
f 1324/823/1825 1325/831/1826 1286/863/1860
f 1287/821/1039 1324/823/1825 1286/863/1860
f 1323/787/1824 1324/823/1825 1287/821/1039
f 1274/879/1854 1282/861/1850 1272/880/1853
f 1282/861/1850 1283/860/1849 1272/880/1853
f 1289/788/1861 1323/787/1824 1287/821/1039
f 1291/809/1862 1323/787/1824 1289/788/1861
f 1298/789/1863 1323/787/1824 1291/809/1862
f 1322/716/1837 1323/787/1824 1298/789/1863
f 1282/861/1850 1274/879/1854 1284/866/1851
f 1274/879/1854 1276/878/1855 1284/866/1851
f 1284/866/1851 1276/878/1855 1285/864/1852
f 1276/878/1855 1278/874/1857 1285/864/1852
f 1285/864/1852 1278/874/1857 1286/863/1860
f 1278/874/1857 1280/871/1858 1286/863/1860
f 1286/863/1860 1280/871/1858 1287/821/1039
f 1280/871/1858 1288/820/1864 1287/821/1039
f 1287/821/1039 1288/820/1864 1289/788/1861
f 1288/820/1864 1290/811/1865 1289/788/1861
f 1289/788/1861 1290/811/1865 1291/809/1862
f 1301/715/1866 1322/716/1837 1298/789/1863
f 1291/809/1862 1290/811/1865 1292/810/1867
f 1290/811/1865 1293/802/747 1292/810/1867
f 1292/810/1867 1293/802/747 1294/800/1648
f 1293/802/747 1295/801/1646 1294/800/1648
f 1303/700/1868 1322/716/1837 1301/715/1866
f 1306/717/1869 1322/716/1837 1303/700/1868
f 1320/704/1838 1322/716/1837 1306/717/1869
f 1307/721/1870 1320/704/1838 1306/717/1869
f 1280/871/1858 1281/872/1859 1288/820/1864
f 1281/872/1859 1296/816/1871 1288/820/1864
f 1288/820/1864 1296/816/1871 1290/811/1865
f 1296/816/1871 1293/802/747 1290/811/1865
f 1315/705/1872 1317/739/1820 1321/735/1821
f 1320/704/1838 1315/705/1872 1321/735/1821
f 1313/706/1873 1315/705/1872 1320/704/1838
f 1307/721/1870 1313/706/1873 1320/704/1838
f 1294/800/1648 1297/799/1651 1292/810/1867
f 1309/728/1874 1313/706/1873 1307/721/1870
f 1292/810/1867 1297/799/1651 1291/809/1862
f 1304/702/1875 1302/710/1876 1319/711/1877
f 1291/809/1862 1297/799/1651 1298/789/1863
f 1297/799/1651 1299/798/1653 1298/789/1863
f 1316/746/1878 1318/749/1819 1317/739/1820
f 1299/798/1653 1300/790/1655 1298/789/1863
f 1298/789/1863 1300/790/1655 1301/715/1866
f 1300/790/1655 1302/710/1876 1301/715/1866
f 1301/715/1866 1302/710/1876 1303/700/1868
f 1302/710/1876 1304/702/1875 1303/700/1868
f 1315/705/1872 1316/746/1878 1317/739/1820
f 1304/702/1875 1305/701/1879 1303/700/1868
f 1303/700/1868 1305/701/1879 1306/717/1869
f 1314/745/1880 1316/746/1878 1315/705/1872
f 1306/717/1869 1305/701/1879 1307/721/1870
f 1305/701/1879 1308/724/1881 1307/721/1870
f 1307/721/1870 1308/724/1881 1309/728/1874
f 1308/724/1881 1310/729/1882 1309/728/1874
f 1313/706/1873 1314/745/1880 1315/705/1872
f 1310/729/1882 1311/730/1883 1309/728/1874
f 1312/731/1884 1314/745/1880 1313/706/1873
f 1311/730/1883 1312/731/1884 1309/728/1874
f 1309/728/1874 1312/731/1884 1313/706/1873
