# Blender 4.5.5 LTS
# www.blender.org
mtllib model_1.mtl
o model_1
v -3.312910 12.940137 0.809704
v -3.308946 12.960692 0.635708
v -2.928444 12.756457 0.805823
v -2.977328 12.771046 0.573289
v -3.367079 12.946105 0.479499
v -3.036781 12.751816 0.339138
v -3.291771 12.598639 0.017666
v -3.036781 12.559516 1.381822
v -2.364295 12.391088 1.527681
v -3.024890 12.436842 1.937769
v -2.303521 12.697441 0.720766
v -2.730265 12.710703 0.218829
v -3.028854 12.550896 -0.187378
v -2.784434 12.572115 -0.413444
v -2.427713 12.712029 0.093991
v -1.524019 13.067452 -0.310922
v -1.349622 12.942789 0.551297
v -2.357690 12.694789 -1.217125
v -1.755227 12.804201 -0.929934
v -0.830394 12.834703 -1.431225
v -0.367977 13.210682 -0.881423
v 0.023095 13.330041 -1.947068
v -0.407613 13.101271 -2.150819
v -0.478957 13.552843 -2.664722
v 0.024416 13.845934 -2.642730
v 0.531753 14.138362 -2.601656
v 0.588564 13.530960 -1.984261
v 1.033805 13.587324 -2.111039
v 1.192348 13.498468 -1.369776
v 0.626879 13.496479 -1.103607
v -0.127521 13.363195 0.406408
v -0.464424 12.911623 1.551614
v -1.430214 12.615880 1.368238
v -0.889847 12.540949 2.157690
v -0.534447 12.786960 2.607234
v -0.238501 13.125805 2.390547
v 0.229200 13.208693 1.635054
v 0.646697 13.344629 0.915460
v 1.091938 13.625784 -0.186085
v 1.579457 13.580693 -0.743972
v 1.061550 14.343924 -2.561877
v 2.183240 13.812116 -0.367843
v 2.070939 13.853891 0.027691
v 2.680008 14.237827 -0.165386
v 2.649621 14.259047 0.215594
v 3.047299 14.721229 -0.039579
v 3.010305 14.789528 0.403174
v 2.940282 14.707967 0.993726
v 2.620554 14.142341 0.721412
v 2.886114 14.392330 1.651548
v 2.602058 13.865827 1.285121
v 2.085472 13.749121 0.552591
v 1.369387 13.493164 0.540624
v 1.539821 13.316115 1.105627
v 0.971709 13.211346 1.373090
v 0.567425 13.178190 1.893785
v 0.758998 13.015730 2.156072
v 0.410203 13.336009 2.504712
v 0.654624 13.300201 2.640545
v 0.790706 13.867816 3.038020
v 0.457766 13.861849 2.953609
v 0.094439 13.696736 2.925472
v 0.131432 13.315453 2.392487
v -0.231895 13.441442 2.974307
v 2.121145 13.523004 1.101099
v -0.558229 13.063474 3.052573
v -0.555586 12.357933 2.869522
v -0.691669 12.562168 3.217837
v -0.496133 11.892435 3.138278
v -0.657318 12.058874 3.484330
v -0.929483 11.607302 3.543838
v -0.818503 11.484628 3.317772
v -1.406433 11.483301 3.230774
v -1.481741 11.599344 3.430966
v -2.051173 11.832093 3.199726
v -1.961333 11.704115 2.955873
v -2.376186 12.025056 2.573922
v -2.460742 12.196136 2.845266
v -2.710447 12.455409 2.501801
v -2.680060 12.300906 2.173537
v -2.086846 12.021740 2.248892
v -1.520055 12.285655 2.071015
v -0.848891 12.039644 2.512474
v -0.768298 11.665654 2.787698
v -0.901738 11.466061 3.050956
v -1.328483 11.479986 3.001151
v -3.013000 12.556864 2.244688
v -1.771081 11.687537 2.716547
v -1.383973 11.782361 2.488864
v -1.183152 11.566190 2.756004
v -2.409216 14.250426 -1.540215
v -2.377507 13.841292 -1.843253
v -1.789578 14.442726 -2.362331
v -1.903200 14.042212 -2.561877
v -1.813359 13.632415 -2.923776
v -1.938872 13.597271 -2.697710
v -2.295594 13.401655 -2.104894
v -2.756689 14.016351 -1.417965
v -2.878238 13.288928 -1.593578
v -3.145119 13.818084 -1.335171
v -2.236140 12.857249 -1.913110
v -2.657600 12.893720 -1.484588
v -2.228213 12.773698 -2.635615
v -2.055137 12.926874 -2.974875
v -1.962654 12.969313 -3.124292
v -1.580830 13.597271 -3.020476
v -1.267708 14.360501 -2.808317
v -1.192400 13.406960 -3.045055
v -0.785473 13.993143 -2.899196
v -0.478957 13.552843 -2.664722
v -0.895132 13.103923 -2.828369
v -0.800007 12.810832 -2.396612
v -0.407613 13.101271 -2.150819
v -1.037821 12.612564 -1.897910
v -0.830394 12.834703 -1.431225
v -1.321877 12.190831 -2.300882
v -1.139552 12.381142 -2.670866
v -1.325840 11.908350 -2.972287
v -1.222787 12.638425 -3.020476
v -1.399827 12.167623 -3.288585
v -1.409075 11.725334 -3.628169
v -1.374724 11.452136 -3.323514
v -1.551764 11.709419 -2.635938
v -1.726161 11.184906 -3.077073
v -1.490989 12.849955 -3.202234
v -1.794863 12.946768 -3.183800
v -1.660101 12.347323 -3.478106
v -1.986435 12.442810 -3.481663
v -1.686525 11.872542 -3.833536
v -2.107985 11.878510 -3.844532
v -2.312769 12.011130 -3.725193
v -2.141014 12.476628 -3.398546
v -2.462064 12.061526 -3.500744
v -2.249352 12.452093 -3.248806
v -2.382792 12.345997 -2.936389
v -2.590219 12.001184 -3.165042
v -2.573044 11.819494 -2.888200
v -2.365617 12.142425 -2.647904
v -2.409216 11.580777 -2.747839
v -2.218965 12.506468 -2.331606
v -2.014180 12.279687 -2.144350
v -2.193862 11.910339 -2.466146
v -1.886025 11.739259 -2.466146
v -2.113269 11.328135 -2.766920
v -1.551764 11.709419 -2.635938
v -1.726161 11.184906 -3.077073
v -1.682562 12.153034 -2.106511
v -1.321877 12.190831 -2.300882
v -1.554406 12.514425 -1.617187
v -1.037821 12.612564 -1.897910
v -1.755227 12.804201 -0.929934
v -0.830394 12.834703 -1.431225
v -2.015501 12.567473 -1.698364
v -2.357690 12.694789 -1.217125
v -4.973646 9.828199 -3.696409
v -4.947222 9.986680 -3.723252
v -4.915514 9.975408 -3.613615
v -4.910229 10.085483 -3.739423
v -4.948543 9.933632 -3.805076
v -4.887768 10.021825 -3.886252
v -4.685627 10.224071 -3.984893
v -4.727904 10.294359 -3.858115
v -4.652596 10.251258 -3.631726
v -4.790000 10.155771 -3.624288
v -4.729226 10.108028 -3.578040
v -4.869272 9.917054 -3.617173
v -4.663166 10.051002 -3.588712
v -4.623530 10.009226 -3.623641
v -4.439885 10.188263 -3.601326
v -4.400249 10.151130 -3.627199
v -4.151865 10.377248 -3.584831
v -4.116193 10.324200 -3.606824
v -3.793823 10.592093 -3.497833
v -3.747581 10.515173 -3.538907
v -3.308946 10.684927 -3.379788
v -3.405393 10.828156 -3.315105
v -3.034139 11.055601 -3.058315
v -2.857099 10.807601 -3.124938
v -2.684023 11.296307 -2.940593
v -2.463385 11.027087 -2.982960
v -2.113269 11.328135 -2.766920
v -2.409216 11.580777 -2.747839
v -2.573044 11.819494 -2.888200
v -2.816143 11.546959 -3.078367
v -3.117374 11.308243 -3.240073
v -3.472774 11.019130 -3.387873
v -3.870452 10.663708 -3.493953
v -4.221889 10.430296 -3.591300
v -4.517835 10.227386 -3.588389
v -4.309087 10.550317 -3.634960
v -3.925942 10.848713 -3.611998
v -4.359293 10.619943 -3.840975
v -4.314372 10.531087 -4.045048
v -4.179611 10.324862 -4.041491
v -4.490090 10.091451 -3.972604
v -4.750365 9.897824 -3.867818
v -4.871914 9.853396 -3.794403
v -4.813782 9.839472 -3.714844
v -4.630136 9.925012 -3.746538
v -4.417425 10.052991 -3.767883
v -4.608997 9.969440 -3.668272
v -4.801891 9.879921 -3.671183
v -4.820388 9.900477 -3.645957
v -4.623530 10.009226 -3.623641
v -4.402892 10.109354 -3.669242
v -4.820388 9.900477 -3.645957
v -4.400249 10.151130 -3.627199
v -4.116193 10.324200 -3.606824
v -4.120157 10.269162 -3.664715
v -3.747581 10.515173 -3.538907
v -4.124121 10.223408 -3.783731
v -3.684164 10.445547 -3.832889
v -3.729085 10.451515 -3.638841
v -3.196645 10.687579 -3.851324
v -3.196645 10.606681 -3.579657
v -3.308946 10.684927 -3.379788
v -3.751545 10.612649 -4.086769
v -3.890270 10.861975 -4.054428
v -3.948402 10.938895 -3.837417
v -3.497876 11.259173 -3.826421
v -3.508446 11.163023 -3.574159
v -3.125301 11.480649 -3.482633
v -2.814821 11.714061 -3.343242
v -2.590219 12.001184 -3.165042
v -2.462064 12.061526 -3.500744
v -2.701199 11.747879 -3.660834
v -2.574365 11.635815 -3.873640
v -2.312769 12.011130 -3.725193
v -2.107985 11.878510 -3.844532
v -2.409216 11.450147 -3.978749
v -2.952225 11.458104 -3.925386
v -2.849172 11.289676 -3.931530
v -2.278418 11.014488 -3.801195
v -2.711768 10.949505 -3.834183
v -2.703841 10.736649 -3.466139
v -2.181971 10.845397 -3.384962
v -3.274595 10.934253 -4.103263
v -3.419926 11.194189 -4.033082
v -3.022248 11.505847 -3.758828
v -2.857099 10.807601 -3.124938
v -2.463385 11.027087 -2.982960
v -2.113269 11.328135 -2.766920
v -1.726161 11.184906 -3.077073
v -2.357690 12.694789 -1.217125
v -2.784434 12.572115 -0.413444
v -2.966758 12.576094 -0.912470
v -3.458241 12.321463 -0.480067
v -3.460883 12.361249 -0.821591
v -3.791181 12.079431 -0.832587
v -3.784575 12.019088 -0.577414
v -4.013141 11.706104 -0.905678
v -4.006535 11.643772 -0.696107
v -4.169041 11.236628 -0.823531
v -4.170362 11.304264 -1.011434
v -4.285306 10.897120 -0.953867
v -4.286627 10.962104 -1.119131
v -4.383074 10.704820 -1.192869
v -4.364577 10.706809 -1.045393
v -4.412140 10.651109 -1.000115
v -4.327584 10.861312 -0.864928
v -4.207355 11.215408 -0.727478
v -4.046170 11.631173 -0.583559
v -3.833459 12.011794 -0.442551
v -3.533549 12.312842 -0.316743
v -3.028854 12.550896 -0.187378
v -4.446491 10.580156 -1.177669
v -4.553507 10.492627 -1.146944
v -4.480842 10.609996 -0.959041
v -4.400249 10.844071 -0.791190
v -3.648492 12.371195 -0.185438
v -3.291771 12.598639 0.017666
v -3.910088 12.030361 -0.322888
v -4.117515 11.638468 -0.485241
v -4.277379 11.210104 -0.645654
v -4.607676 10.880542 -0.757232
v -4.645991 10.657740 -0.895329
v -4.768861 10.641162 -1.007553
v -4.768861 10.945526 -0.853932
v -4.492733 11.253868 -0.579678
v -4.352686 11.715387 -0.391775
v -4.162435 12.151709 -0.184791
v -3.887628 12.540949 -0.059307
v -3.581111 12.827410 0.143150
v -3.367079 12.946105 0.479499
v -3.421247 13.355902 0.393148
v -3.738333 13.119838 0.076850
v -4.128084 12.788949 -0.097146
v -4.405534 12.347986 -0.299926
v -4.566719 11.846682 -0.510468
v -4.693553 11.352671 -0.688992
v -4.887768 11.017140 -1.019196
v -4.870593 10.688242 -1.160528
v -4.664487 10.554296 -1.347461
v -4.546901 10.645803 -1.361691
v -4.446491 10.580156 -1.177669
v -4.454418 10.761184 -1.335494
v -4.383074 10.704820 -1.192869
v -4.286627 10.962104 -1.119131
v -4.357971 11.031066 -1.270165
v -4.257561 11.388478 -1.180256
v -4.170362 11.304264 -1.011434
v -4.114872 11.803580 -1.082909
v -4.013141 11.706104 -0.905678
v -3.908767 12.200778 -1.031810
v -3.791181 12.079431 -0.832587
v -3.615463 12.534318 -1.054772
v -3.460883 12.361249 -0.821591
v -2.966758 12.576094 -0.912470
v -3.182112 12.765078 -1.205806
v -2.357690 12.694789 -1.217125
v -2.657600 12.893720 -1.484588
v -2.878238 13.288928 -1.593578
v -3.401430 13.041592 -1.341963
v -3.145119 13.818084 -1.335171
v -3.804393 12.729270 -1.165379
v -4.096375 12.351302 -1.115250
v -4.295875 11.914318 -1.187695
v -4.435921 11.474681 -1.302830
v -4.509908 11.094061 -1.387564
v -4.548223 10.854681 -1.412790
v -4.632779 10.820200 -1.434782
v -4.723941 10.789034 -1.428314
v -4.878520 10.803622 -1.304770
v -4.902301 11.095387 -1.241381
v -4.612961 11.113291 -1.415701
v -4.719977 11.126553 -1.405351
v -4.536332 11.509826 -1.319324
v -4.396286 11.960735 -1.193839
v -4.200749 12.418276 -1.106518
v -4.499339 12.000521 -1.166349
v -4.642027 11.536349 -1.298625
v -4.821709 11.541655 -1.116867
v -4.813782 11.443516 -0.874307
v -4.686947 11.954104 -0.707750
v -4.682984 12.029035 -0.983298
v -4.520478 12.564821 -0.859107
v -4.303802 12.481934 -1.067062
v -3.927263 12.841334 -1.143710
v -3.553366 13.233228 -1.308004
v -3.676237 13.422874 -1.199014
v -3.378969 14.062105 -0.645654
v -4.038243 12.952736 -1.081615
v -4.286627 13.126469 -0.778577
v -3.891591 13.654298 -0.715188
v -3.854598 13.469292 -0.195464
v -3.398787 13.804822 0.038041
v -4.285306 13.035624 -0.352642
v -4.554829 12.503153 -0.516936
v 0.758998 13.015730 2.156072
v 1.140822 12.957377 1.771534
v 0.971709 13.211346 1.373090
v 1.539821 13.316115 1.105627
v 1.637589 13.010426 1.613709
v 1.218772 12.660971 2.161894
v 0.884511 12.814147 2.438089
v 0.838269 13.145035 2.830712
v 0.922825 12.889078 3.083944
v 1.127610 13.277656 3.434201
v 1.084010 12.887752 3.752762
v 0.654624 13.300201 2.640545
v 1.019272 13.621142 3.200050
v 0.790706 13.867816 3.038020
v 0.949249 12.556864 2.741450
v 1.245196 12.383131 2.558722
v 0.925468 12.253826 3.034139
v 0.924146 12.560179 3.380514
v 0.794670 12.160992 3.649594
v 0.895080 12.395067 4.060328
v 0.670478 11.755836 4.243056
v 0.720683 11.641783 3.781870
v 0.626879 11.092734 3.727859
v 0.628200 11.078810 4.105929
v 0.681047 10.570873 3.881804
v 0.638769 10.605354 3.600112
v 0.659908 10.238659 3.521199
v 0.720683 10.237333 3.288665
v 0.707471 10.610660 3.340088
v 0.737859 11.059580 3.393774
v 0.836948 11.511815 3.416736
v 0.909613 11.917633 3.289312
v 1.200275 12.085398 2.885045
v 1.460550 11.981955 2.860142
v 1.582099 12.302233 2.529614
v 1.917681 12.312842 2.662537
v 1.653443 12.648372 2.097211
v 2.088115 12.712692 2.194882
v 2.142284 13.149677 1.655106
v 2.121145 13.523004 1.101099
v 2.602058 13.865827 1.285121
v 2.572992 13.401655 1.883759
v 2.886114 14.392330 1.651548
v 0.692938 10.280435 3.736269
v 2.444836 12.871174 2.467843
v 2.191168 12.405013 2.946817
v 1.737999 11.950788 2.998563
v 1.578135 11.626532 3.215897
v 1.911075 12.027045 3.294163
v 2.329893 12.585377 3.345262
v 2.583561 13.147688 2.884398
v 2.779097 13.788907 2.301608
v 2.685293 14.172843 2.859496
v 2.870259 15.044159 2.190031
v 2.196452 15.196010 3.203607
v 2.191168 14.353207 3.421587
v 2.444836 13.440779 3.319066
v 2.073582 13.623795 3.629219
v 2.192489 12.827410 3.706838
v 1.513397 14.130404 3.396361
v 1.177815 14.729849 3.128575
v 0.790706 13.867816 3.038020
v 1.019272 13.621142 3.200050
v 1.127610 13.277656 3.434201
v 1.546427 13.586661 3.673203
v 1.084010 12.887752 3.752762
v 1.357497 13.134425 4.105283
v 0.895080 12.395067 4.060328
v 1.110434 12.581398 4.540920
v 1.708933 12.357933 4.292215
v 1.901827 13.034960 4.042541
v 1.920324 12.238575 3.960394
v 2.008843 12.112585 3.645713
v 1.736678 11.614595 3.463631
v 1.760460 11.640457 3.809683
v 1.671940 11.668970 4.104312
v 1.473761 11.698810 4.421904
v 0.891117 11.770425 4.799973
v 0.670478 11.755836 4.243056
v 0.628200 11.078810 4.105929
v 0.892438 11.025098 4.434194
v 0.873941 10.500585 4.127275
v 0.681047 10.570873 3.881804
v 0.831663 10.146488 3.861106
v 0.799955 9.968114 3.561625
v 0.876584 9.972755 3.266996
v 0.998133 10.196884 3.130839
v 1.107792 9.913076 3.317125
v 0.881868 10.587451 3.168032
v 0.855445 10.299002 3.166738
v 0.950570 10.997910 3.196816
v 1.049659 11.398424 3.217837
v 1.132894 11.761805 3.113051
v 1.358818 11.674275 3.104319
v 1.467155 11.240606 3.280256
v 1.262371 11.312222 3.186466
v 1.169888 10.923643 3.154449
v 1.383921 10.840093 3.225276
v 1.545106 10.753889 3.419324
v 1.617771 11.182253 3.496943
v 1.646837 11.129869 3.812917
v 1.530573 11.088093 4.131803
v 1.583420 10.661055 3.702310
v 1.432805 10.393162 3.305482
v 1.276904 10.467429 3.156066
v 1.080047 10.532413 3.109818
v 1.168567 10.149803 3.165121
v 1.305970 10.153782 3.261175
v 1.313897 10.035087 3.403477
v 1.280868 9.989333 3.593320
v 1.078726 9.895835 3.609491
v 1.130252 10.118638 3.901856
v 1.191027 10.510530 4.143445
v 1.480367 10.287066 3.545131
v 1.373351 10.194895 3.777019
v 1.456586 10.572200 3.979152
v 1.270298 11.046981 4.372422
v -1.362833 29.044231 1.196181
v -1.354906 28.859226 0.699096
v -1.225430 28.676874 0.893790
v -1.315271 28.396381 0.440689
v -1.015360 28.552210 1.094953
v -1.299416 28.859226 1.322636
v -1.110486 28.802862 1.419013
v -0.881920 28.876467 1.554523
v -0.605792 28.848618 1.287384
v -0.776225 29.081366 1.576515
v -0.582010 28.272381 1.003427
v -0.369299 28.912275 1.047088
v -0.337590 28.386435 0.924191
v -0.332305 27.877172 0.849806
v -0.592580 27.838049 0.907374
v -0.922877 27.834734 0.765719
v -0.973082 28.215355 0.856921
v -1.162013 27.881815 0.472383
v -1.435499 28.286306 0.109837
v -1.250532 27.895739 0.206861
v -1.402469 28.299568 -0.060278
v -1.218824 27.918285 0.012490
v -1.332446 28.350628 -0.197729
v -1.128983 27.973986 -0.144689
v -0.978367 28.082071 -0.253032
v -1.249211 28.448103 -0.291518
v -0.710166 28.270391 -0.276965
v -1.138231 28.628468 -0.349733
v -0.546338 28.818777 -0.237508
v -1.068208 28.918905 -0.326124
v -1.518734 29.003120 -0.431233
v -1.547800 28.814135 -0.450638
v -1.608575 28.670906 -0.403743
v -1.662744 28.597963 -0.321919
v -1.714270 28.562157 -0.210989
v -1.752585 28.571440 -0.084211
v -1.773724 28.669579 0.068440
v -1.718234 28.906307 0.157702
v -4.397607 31.270927 4.239174
v -4.429316 31.293474 4.227855
v -4.405534 31.283527 4.204569
v -4.417425 31.285517 4.179666
v -4.453097 31.289495 4.163172
v -4.348723 31.093218 4.143767
v -4.412140 31.284853 4.189369
v -4.306445 31.109131 4.193250
v -4.303802 31.125710 4.235617
v -4.319657 31.139635 4.277013
v -4.380432 31.142950 4.324555
v -4.408176 31.260983 4.269575
v -4.468951 31.131014 4.312589
v -4.441206 31.261644 4.276367
v -4.519156 31.124382 4.222033
v -4.482163 31.272255 4.227531
v -4.398928 31.103163 4.125656
v -4.309087 30.893623 4.130184
v -4.248312 30.908211 4.187751
v -4.286627 30.699997 4.107222
v -4.198107 30.728512 4.153793
v -4.166399 30.468575 4.048360
v -4.093733 30.552790 4.069382
v -4.306445 31.109131 4.193250
v -4.357971 30.428789 4.143767
v -4.391001 30.714586 4.136976
v -4.538974 30.381708 4.294154
v -4.472915 30.741110 4.237557
v -4.542938 30.454649 4.404438
v -4.463666 30.753708 4.325525
v -4.446491 30.463934 4.470738
v -4.383074 30.747078 4.383093
v -4.206034 30.558756 4.388915
v -4.229816 30.753046 4.352045
v -4.176968 30.747078 4.224620
v -4.239064 30.931419 4.242732
v -4.248312 30.908211 4.187751
v -4.264167 30.942030 4.317117
v -4.375147 30.951977 4.369510
v -4.475557 30.947334 4.327142
v -4.499339 30.931419 4.229472
v -4.397607 30.906221 4.127273
v -4.038243 30.568041 4.223650
v -4.198107 30.728512 4.153793
v -4.093733 30.552790 4.069382
v -6.323902 29.459997 5.554172
v -6.337114 29.504425 5.529915
v -6.265769 29.483206 5.541235
v -6.129687 29.562115 5.490136
v -6.264448 29.473259 5.536384
v -6.124402 29.530285 5.488195
v -6.125723 29.501108 5.474935
v -6.264448 29.463976 5.529915
v -6.278982 29.454693 5.519566
v -6.306726 29.454693 5.518272
v -6.191783 29.607868 5.426100
v -5.951326 29.654285 5.394082
v -6.271054 29.458008 5.525064
v -6.134972 29.484531 5.451326
v -5.944720 29.558136 5.376941
v -5.951326 29.536917 5.347187
v -5.965859 29.534264 5.314522
v -5.710870 29.617151 5.168663
v -5.693694 29.619141 5.205532
v -5.449274 29.704018 5.014719
v -5.433420 29.713303 5.054175
v -5.195606 29.798841 4.854306
v -5.175788 29.811441 4.902494
v -4.936653 29.916210 4.689365
v -4.906265 29.921516 4.748549
v -4.681663 30.024960 4.504696
v -4.627494 30.025623 4.585873
v -4.437243 30.122437 4.338139
v -4.371183 30.117130 4.441307
v -4.179611 30.172169 4.339432
v -4.257561 30.168854 4.224944
v -4.015783 30.211954 4.256315
v -4.095055 30.182777 4.140533
v -3.960293 30.182777 4.064855
v -3.882343 30.229858 4.178696
v -3.799108 30.151611 3.986265
v -3.729085 30.209303 4.083612
v -3.595644 30.113152 3.873071
v -3.529585 30.160896 3.953924
v -3.328764 30.070713 3.799009
v -3.411999 30.036896 3.714598
v -3.237602 29.910906 3.553216
v -3.131907 29.942072 3.647652
v -2.927122 29.777622 3.502763
v -3.057920 29.721258 3.399594
v -2.690629 29.614500 3.332001
v -2.854457 29.524981 3.200695
v -2.430355 29.490499 3.126634
v -2.582292 29.400980 2.976893
v -2.143657 29.410265 2.900891
v -2.287667 29.324060 2.757619
v -1.871492 29.340639 2.672238
v -2.003611 29.261066 2.547401
v -1.609896 29.248466 2.415772
v -1.749942 29.178841 2.303548
v -1.512128 29.104574 2.030587
v -1.354906 29.147676 2.149280
v -1.110486 29.027655 1.866617
v -1.286204 28.988531 1.742749
v -0.881920 28.876467 1.554523
v -1.110486 28.802862 1.419013
v -6.146863 29.479889 5.425776
v -1.002149 29.218628 1.866616
v -0.776225 29.081366 1.576515
v -0.860781 29.432810 1.421600
v -1.054996 29.469280 1.753098
v -1.142195 29.449387 1.228523
v -1.283562 29.512383 1.593009
v -1.316592 29.267696 1.191653
v -1.448711 29.341965 1.538676
v -1.483062 29.176853 1.556787
v -1.362833 29.044231 1.196181
v -1.299416 28.859226 1.322636
v -1.439463 29.015718 1.646696
v -1.110486 28.802862 1.419013
v -1.286204 28.988531 1.742749
v -1.625750 29.139719 1.928388
v -1.512128 29.104574 2.030587
v -1.851674 29.237858 2.184855
v -1.749942 29.178841 2.303548
v -2.105342 29.329365 2.407040
v -2.003611 29.261066 2.547401
v -2.385435 29.406948 2.607556
v -2.287667 29.324060 2.757619
v -2.676096 29.506414 2.816804
v -2.582292 29.400980 2.976893
v -2.945619 29.631077 3.038665
v -2.854457 29.524981 3.200695
v -3.057920 29.721258 3.399594
v -3.141155 29.804146 3.257293
v -3.237602 29.910906 3.553216
v -3.294413 29.969923 3.450047
v -3.464847 30.083975 3.625013
v -3.411999 30.036896 3.714598
v -3.595644 30.113152 3.873071
v -3.643207 30.154928 3.779928
v -3.830817 30.207314 3.898944
v -3.799108 30.151611 3.986265
v -3.994644 30.259035 3.984325
v -3.960293 30.182777 4.064855
v -4.150544 30.302799 4.058063
v -4.095055 30.182777 4.140533
v -4.318336 30.284233 4.162202
v -4.257561 30.168854 4.224944
v -4.503302 30.235826 4.286716
v -4.437243 30.122437 4.338139
v -4.357971 30.428789 4.143767
v -4.166399 30.468575 4.048360
v -3.988038 30.379719 3.959745
v -4.093733 30.552790 4.069382
v -4.538974 30.381708 4.294154
v -3.822889 30.311420 3.854636
v -3.643207 30.257046 3.725918
v -3.463526 30.184105 3.562594
v -3.277238 30.087954 3.380513
v -3.090950 29.971249 3.176116
v -2.890129 29.837965 2.962663
v -2.652315 29.719269 2.743389
v -2.396004 29.596596 2.526056
v -2.135730 29.495804 2.311956
v -1.889988 29.385067 2.094946
v -1.668028 29.275654 1.847212
v -1.636320 29.434135 1.823279
v -1.852995 29.537580 2.077482
v -2.092130 29.641687 2.311310
v -2.345799 29.719933 2.537375
v -2.590219 29.820724 2.768939
v -2.825391 29.920853 2.988536
v -3.026212 30.044853 3.196491
v -3.215142 30.187420 3.385364
v -3.417284 30.294180 3.565505
v -3.611499 30.367121 3.731416
v -3.792502 30.411549 3.871777
v -3.951045 30.467913 3.983678
v -3.713230 30.467249 3.983354
v -3.884985 30.501066 4.098166
v -4.038243 30.568041 4.223650
v -3.516373 30.437408 3.834584
v -3.303662 30.370436 3.662852
v -3.093592 30.253067 3.475273
v -2.913911 30.088617 3.284459
v -2.709126 29.965281 3.089765
v -2.469991 29.886372 2.879223
v -2.218965 29.800169 2.657361
v -1.957369 29.772982 2.418359
v -2.100058 29.776297 2.811306
v -2.384113 29.841280 3.009558
v -2.639103 29.924168 3.198108
v -2.838603 30.042864 3.398947
v -3.013000 30.203997 3.598170
v -3.236281 30.316061 3.782192
v -3.471453 30.383698 3.934196
v -3.694734 30.428125 4.056122
v -3.866488 30.455313 4.157351
v -4.007856 30.463934 4.279601
v -4.190180 30.415527 4.404438
v -4.206034 30.558756 4.388915
v -4.406855 30.326008 4.509224
v -4.446491 30.463934 4.470738
v -3.690770 30.340597 4.098166
v -3.854598 30.359163 4.197130
v -4.003892 30.339933 4.296095
v -4.171683 30.293516 4.396029
v -3.475416 30.268982 3.983354
v -3.250814 30.177473 3.838465
v -3.030175 30.064745 3.675142
v -2.831997 29.928146 3.488533
v -2.610037 29.818071 3.292545
v -2.348441 29.714628 3.109816
v -4.379110 30.217922 4.505020
v -4.624852 30.103207 4.645704
v -4.900980 29.972574 4.794798
v -5.169182 29.852552 4.941627
v -5.428135 29.746456 5.087163
v -5.684446 29.643013 5.238520
v -5.927545 29.605217 5.393112
v -5.710870 29.753752 5.245959
v -5.681804 29.696060 5.256631
v -5.440026 29.791548 5.097836
v -5.190321 29.896318 4.945831
v -4.926083 30.028938 4.806764
v -4.657881 30.172169 4.661228
v -4.702802 30.237816 4.638589
v -4.963076 30.071377 4.789623
v -5.218066 29.930799 4.934835
v -5.466450 29.830008 5.079724
v -5.754469 29.775633 5.181600
v -5.496837 29.849237 5.037034
v -5.255059 29.952019 4.883413
v -5.006676 30.091270 4.726881
v -4.754328 30.263014 4.560000
v -4.542938 30.454649 4.404438
v -4.770183 30.190073 4.477530
v -4.737153 30.093922 4.465240
v -4.984215 29.959312 4.648292
v -4.681663 30.024960 4.504696
v -4.936653 29.916210 4.689365
v -5.014603 30.032917 4.656700
v -5.266950 29.893002 4.812909
v -5.236563 29.830671 4.813879
v -5.195606 29.798841 4.854306
v -5.482304 29.727890 4.979790
v -5.449274 29.704018 5.014719
v -5.508728 29.774307 4.969117
v -5.761075 29.685452 5.118211
v -5.737294 29.641687 5.135352
v -5.710870 29.617151 5.168663
v -5.990962 29.552168 5.279917
v -5.965859 29.534264 5.314522
v -6.012101 29.593943 5.264393
v -6.005495 29.681473 5.333927
v -6.207637 29.513044 5.402814
v -6.292193 29.454693 5.518919
v -6.146863 29.479889 5.425776
v -6.178571 29.486521 5.407665
v 0.105009 29.143698 0.749225
v -0.116951 29.546200 0.486613
v -0.153945 28.997814 0.875679
v -0.319093 29.466627 0.734024
v -0.369299 28.912275 1.047088
v -0.568798 29.433474 0.958473
v -0.718093 29.423527 1.167721
v -0.605792 28.848618 1.287384
v -0.776225 29.081366 1.576515
v -0.860781 29.432810 1.421600
v -0.944016 29.478563 1.015717
v -1.142195 29.449387 1.228523
v -0.564835 29.546200 0.484349
v -0.757728 29.503761 0.771864
v -1.049711 29.432146 0.434220
v -1.235999 29.302179 0.824903
v -1.316592 29.267696 1.191653
v -1.362833 29.044231 1.196181
v -1.354906 28.859226 0.699096
v -1.638962 29.119825 0.177430
v -1.718234 28.906307 0.157702
v -1.081420 29.399654 0.006992
v -0.625609 29.510393 0.060031
v -0.625609 29.264381 -0.223925
v -1.073493 29.204039 -0.240743
v -1.068208 28.918905 -0.326124
v -1.520055 29.200060 -0.368167
v -1.555727 29.320082 -0.183175
v -1.591399 29.284275 0.045478
v -0.546338 28.818777 -0.237508
v -1.518734 29.003120 -0.431233
v -2.929765 13.540907 1.497280
v -3.130586 13.434148 0.908345
v -3.476737 13.244500 1.597215
v -3.483343 13.095965 1.278976
v -3.312910 12.940137 0.809704
v -3.406714 12.836030 1.143466
v -3.036781 12.559516 1.381822
v -2.785755 13.500458 1.998247
v -3.415963 13.206040 1.953616
v -2.690629 13.320757 2.442940
v -3.372364 12.977270 2.184533
v -2.928444 12.814147 2.419654
v -3.386897 12.701420 2.245334
v -3.369721 12.477291 2.121791
v -3.701340 12.279687 2.060019
v -3.805714 12.513762 2.185180
v -4.163756 12.227965 2.144753
v -4.023710 11.987259 2.046435
v -4.486126 11.885804 2.061636
v -4.384395 11.681569 1.968170
v -4.716014 11.448820 1.859826
v -4.799249 11.610617 1.956850
v -5.006676 11.281055 1.795144
v -3.013000 12.556864 2.244688
v -4.591822 12.103302 1.999217
v -4.282663 12.464692 2.099475
v -3.896876 12.779666 2.176771
v -3.914051 12.934832 1.922568
v -3.890270 12.938148 1.658663
v -4.306445 12.689484 1.633437
v -3.829495 12.840672 1.413516
v -4.348723 12.651024 1.901870
v -4.632779 12.257142 1.826191
v -4.891732 11.807558 1.927096
v -5.182394 11.572821 1.879231
v -5.089911 11.400414 1.887640
v -5.344900 11.246574 1.823927
v -5.232599 11.135173 1.725610
v -5.383214 11.031066 1.594628
v -5.632920 11.131858 1.656399
v -5.257701 11.029077 1.439713
v -5.232599 11.135173 1.725610
v -5.146722 11.089419 1.607888
v -5.006676 11.281055 1.795144
v -4.953828 11.174959 1.625352
v -4.655239 11.328135 1.666425
v -4.716014 11.448820 1.859826
v -4.384395 11.681569 1.968170
v -4.299839 11.562211 1.745015
v -3.961614 11.874532 1.809374
v -4.023710 11.987259 2.046435
v -3.664346 12.170276 1.842038
v -3.701340 12.279687 2.060019
v -3.359152 12.347323 1.885376
v -3.369721 12.477291 2.121791
v -3.024890 12.436842 1.937769
v -3.013000 12.556864 2.244688
v -3.448992 12.445462 1.559699
v -3.645850 12.635773 1.390877
v -3.937833 12.393078 1.448445
v -4.151865 12.578083 1.457500
v -4.447812 12.260457 1.410605
v -4.603713 12.318810 1.616943
v -4.885126 11.985270 1.540941
v -4.930047 11.933548 1.766036
v -5.232599 11.704115 1.702001
v -5.383214 11.426275 1.838804
v -5.525903 11.497227 1.653812
v -5.186357 11.731301 1.465909
v -4.755650 11.945483 1.309701
v -4.211319 12.092692 1.370502
v -4.031637 11.936200 1.529945
v -3.758151 12.235259 1.588806
v -4.326262 11.598681 1.429687
v -4.661845 11.312884 1.355949
v -4.508587 11.780372 1.202651
v -4.836242 11.478660 1.080078
v -4.996106 11.125226 1.357566
v -5.536473 11.161034 1.238873
v -5.191642 11.262488 1.106597
v -5.067450 11.680906 1.242754
v -5.462486 11.515130 1.375030
v -5.292053 11.495900 1.211707
v -3.378969 14.062105 -0.645654
v -3.097556 14.253741 -0.598436
v -3.398787 13.804822 0.038041
v -3.098877 13.977891 0.253757
v -2.812179 14.154940 0.470120
v -2.830676 14.457314 -0.552835
v -2.347120 14.973870 -0.455811
v -2.409216 14.250426 -1.540215
v -2.051173 15.058084 -1.311885
v -1.789578 14.442726 -2.362331
v -1.583472 15.214577 -2.076434
v -0.885884 15.079304 -2.605214
v -1.267708 14.360501 -2.808317
v -0.276815 14.525614 -2.760776
v -0.785473 13.993143 -2.899196
v 0.024416 13.845934 -2.642730
v -0.478957 13.552843 -2.664722
v -3.145119 13.818084 -1.335171
v -2.756689 14.016351 -1.417965
v 0.304508 15.001720 -2.510131
v -0.287385 15.817336 -2.128827
v -1.320555 15.768929 -1.757225
v -1.864886 15.571988 -1.136272
v -2.105342 15.424117 -0.406976
v 0.531753 14.138362 -2.601656
v 1.061550 14.343924 -2.561877
v 1.209523 15.377036 -2.204505
v 0.813166 16.268246 -1.770162
v 2.051121 15.997700 -1.534717
v -0.428752 16.459219 -1.520487
v -1.278277 16.239733 -1.459038
v -1.875455 15.999689 -1.036984
v -1.395863 16.670086 -1.275016
v -0.686384 16.981081 -1.302830
v -1.641605 17.171391 -1.187048
v -1.882061 16.429379 -0.933169
v -2.059101 16.930685 -0.882393
v -2.333908 17.471775 -0.842290
v -2.285024 16.785465 -0.426057
v -2.111948 16.290791 -0.411180
v -2.037961 15.832587 -0.396950
v -2.037961 15.800096 0.287068
v -2.118554 16.269571 0.202981
v -2.294272 16.767561 0.131183
v -1.924339 16.374342 0.781243
v -1.851674 15.870384 0.922898
v -2.092130 15.350513 0.384739
v -2.316733 14.820694 0.430340
v -2.107985 14.745100 1.171603
v -1.901879 15.350513 1.060996
v -1.592721 15.995710 1.426453
v 0.488154 16.866364 -1.280514
v -1.712949 15.415497 1.628909
v -2.003611 14.795496 1.816165
v -2.448852 14.085314 1.295470
v -2.929765 13.540907 1.497280
v -3.130586 13.434148 0.908345
v -2.323339 14.113164 1.966552
v -2.785755 13.500458 1.998247
v -2.181971 14.074704 2.506329
v -2.690629 13.320757 2.442940
v -1.941515 13.990490 2.906391
v -2.360332 13.268373 2.900892
v -2.928444 12.814147 2.419654
v -2.648351 12.735901 2.729160
v -2.710447 12.455409 2.501801
v -2.413180 12.477291 3.113698
v -2.460742 12.196136 2.845266
v -2.051173 11.832093 3.199726
v -2.028713 12.064842 3.405417
v -1.510807 11.836735 3.581030
v -1.481741 11.599344 3.430966
v -0.929483 11.607302 3.543838
v -1.107844 11.795623 3.647330
v -1.008755 12.163644 3.597847
v -0.657318 12.058874 3.484330
v -0.691669 12.562168 3.217837
v -0.999506 12.715345 3.396685
v -0.558229 13.063474 3.052573
v -1.816002 14.831966 2.382785
v -3.013000 12.556864 2.244688
v -1.471171 12.240564 3.611108
v -1.889988 12.348650 3.512143
v -2.031356 12.971966 3.337824
v -1.443426 12.867859 3.501471
v -0.842285 13.366511 3.271200
v -0.489527 13.909592 3.161887
v -0.231895 13.441442 2.974307
v -0.032395 14.321378 3.032845
v 0.094439 13.696736 2.925472
v 0.457766 13.861849 2.953609
v 0.531753 14.642982 3.049662
v 1.177815 14.729849 3.128575
v 0.411525 15.471860 2.886339
v -1.640283 13.836651 3.180968
v 0.790706 13.867816 3.038020
v 1.077404 15.814021 2.850763
v 2.196452 15.196010 3.203607
v 1.982420 16.247690 2.764089
v 2.723607 16.223818 1.917393
v 2.870259 15.044159 2.190031
v 3.043335 15.296138 1.270244
v 2.886114 14.392330 1.651548
v 2.940282 14.707967 0.993726
v 3.010305 14.789528 0.403174
v 3.138461 15.420138 0.560999
v 3.047299 14.721229 -0.039579
v 3.293040 15.269614 -0.034081
v 3.275865 15.909508 -0.231686
v 2.884792 16.276203 0.509253
v 2.427661 16.662792 -0.263057
v 2.304790 17.257593 1.207502
v 1.989026 17.444588 0.114366
v 1.328431 18.107691 1.015071
v 1.230662 18.048674 0.249552
v 0.493438 18.641487 0.223679
v 0.515899 18.722385 0.810674
v -0.249070 19.216396 0.123098
v -0.241143 19.277403 0.651878
v -0.984973 19.748869 0.535126
v -0.974404 19.713060 0.046772
v -1.604611 20.232933 0.464622
v -1.588757 20.196463 -0.037639
v -2.117233 20.681189 0.410612
v -2.104021 20.641403 -0.095529
v -2.454136 21.167244 0.357572
v -2.455458 21.126131 -0.156008
v -2.641745 21.653959 -0.207754
v -2.600789 21.684464 0.313588
v -2.676096 22.177147 0.288685
v -2.714411 22.167200 -0.225865
v -2.742156 22.569704 -0.214869
v -2.705163 22.593576 0.278659
v -2.594182 22.911201 0.280276
v -2.619285 22.873405 -0.208401
v -2.348441 23.115437 0.284804
v -2.353726 23.061062 -0.229099
v -1.969260 23.121405 -0.251091
v -1.987756 23.250710 0.270897
v -1.483062 23.199652 -0.274700
v -1.468529 23.265961 0.288685
v -0.908344 23.387308 0.237262
v -0.930804 23.281876 -0.295076
v -0.393080 23.384657 -0.292488
v -0.378547 23.516613 0.144119
v 0.161820 23.319672 -0.300897
v 0.180316 23.456934 0.122774
v -0.371941 23.940336 0.467209
v -0.924198 23.850817 0.633443
v -1.501558 23.720848 0.717854
v -2.070991 23.622709 0.689717
v -2.496414 23.430410 0.677104
v -2.796325 23.135994 0.670312
v -2.936371 22.724207 0.679691
v -2.940334 22.224228 0.692951
v -2.850493 21.665234 0.705241
v -2.637782 21.100269 0.743727
v -2.275776 20.591671 0.821023
v -1.743336 20.117552 0.870505
v -1.122377 19.628847 0.928396
v -0.432716 19.128868 1.075549
v 0.255624 18.542023 1.262805
v 0.918862 17.890194 1.639905
v 1.533215 17.117016 2.089126
v 2.956137 15.964545 1.256014
v 2.769849 16.180054 -0.832911
v 0.869978 16.762920 2.370495
v 0.036307 16.287476 2.484336
v -0.143375 17.227755 1.951675
v 0.455124 17.575882 1.883435
v -0.101097 18.287392 1.544821
v -0.715450 18.871584 1.328781
v -1.345658 19.393446 1.215587
v -1.960011 19.899393 1.159313
v -2.513590 20.409981 1.123414
v -2.913911 20.996826 1.097218
v -3.212499 21.644676 1.049676
v -3.334049 22.307779 0.992108
v -3.295734 22.917170 0.956856
v -3.069811 23.427757 0.941656
v -2.724980 23.856785 0.951682
v -2.224249 24.189663 0.961707
v -1.584793 24.426390 0.951681
v -0.957228 24.641897 0.828138
v -0.324378 24.738710 0.604659
v 0.230522 23.843523 0.405114
v 0.776173 23.406538 0.086875
v 0.737859 23.224848 -0.302514
v 1.316540 23.220871 -0.305101
v 1.352212 23.317682 0.073939
v 1.875403 23.183737 0.055828
v 1.831804 23.106817 -0.307042
v 2.333856 22.924463 0.062619
v 2.295542 22.870752 -0.317391
v 2.787024 22.643970 0.056151
v 2.746068 22.582966 -0.313187
v 3.232265 22.334303 0.052270
v 3.170169 22.236164 -0.295075
v 3.661652 21.976891 0.066177
v 3.573132 21.852890 -0.267909
v 3.978738 21.441105 -0.223925
v 4.050082 21.552505 0.116306
v 4.409446 21.023350 -0.173149
v 4.427942 21.092976 0.206215
v 4.873183 20.609575 -0.122049
v 4.886395 20.681189 0.259901
v 5.376557 20.231606 -0.071273
v 5.384484 20.303885 0.314235
v 5.931457 19.933874 -0.027613
v 5.938063 20.006815 0.351427
v 6.516744 19.806559 0.356279
v 6.512780 19.746880 0.010550
v 7.082213 19.638794 0.362423
v 7.079571 19.585745 0.039657
v 7.621259 19.454451 0.377624
v 7.619937 19.405380 0.067794
v 8.145771 19.277403 0.393471
v 8.144450 19.229660 0.098518
v 8.657071 19.099691 0.399293
v 8.654429 19.055264 0.117923
v 9.144590 18.900097 0.413199
v 9.143270 18.872248 0.137005
v 9.605686 18.626236 0.162878
v 9.617577 18.669338 0.432604
v 10.077351 18.392160 0.191985
v 10.094526 18.436588 0.450715
v 10.568833 18.196547 0.212036
v 10.572797 18.202515 0.468826
v 11.035213 17.950535 0.235322
v 11.049747 17.975071 0.484674
v 11.526696 17.754921 0.508606
v 11.510842 17.725744 0.260872
v 11.998361 17.538086 0.541594
v 11.993076 17.528803 0.291596
v 12.480596 17.361038 0.571348
v 12.473989 17.353081 0.312618
v 12.977363 17.266214 0.583961
v 12.968115 17.243006 0.333963
v 13.454312 17.148846 0.369862
v 13.466203 17.209187 0.590430
v 13.933905 17.124973 0.617920
v 13.924656 17.069273 0.406084
v 14.379146 16.994343 0.660610
v 14.371219 16.943947 0.448451
v 14.799284 16.811989 0.723029
v 14.795321 16.762257 0.503108
v 15.208853 16.591839 0.802265
v 15.211495 16.542770 0.574259
v 15.615779 16.353786 0.904787
v 15.630312 16.306042 0.658023
v 16.055735 16.125679 0.980466
v 16.072910 16.097828 0.739523
v 16.510225 15.920117 1.037710
v 16.527401 15.922107 0.809704
v 16.973963 15.735775 1.067464
v 16.983212 15.758984 0.837194
v 17.431095 15.581272 1.052264
v 17.436378 15.614427 0.833960
v 17.881620 15.445999 1.021863
v 17.867086 15.436052 0.820053
v 18.324219 15.314705 0.997607
v 18.313650 15.302769 0.801295
v 18.748322 15.205956 0.963972
v 18.743036 15.186727 0.791916
v 19.138071 15.093892 0.954270
v 19.132788 15.075988 0.790946
v 19.489508 14.981165 0.946184
v 19.474976 14.969229 0.800002
v 19.776207 14.882362 0.935188
v 19.764317 14.871090 0.815202
v 19.945318 14.822683 0.928397
v 19.974384 14.800801 0.846573
v 20.012699 14.835945 0.987904
v 20.098577 14.774940 0.908022
v 19.815842 14.932758 1.032859
v 19.530466 15.042833 1.063906
v 19.184313 15.166833 1.079754
v 18.801168 15.290833 1.099482
v 18.382351 15.412844 1.142172
v 17.939753 15.538834 1.183569
v 17.506403 15.733122 1.148964
v 17.046627 15.880331 1.190361
v 16.582890 16.064672 1.188421
v 16.137650 16.282171 1.097865
v 15.699014 16.505636 1.024450
v 15.281518 16.741701 0.936158
v 14.854774 16.941957 0.890234
v 14.428029 17.122320 0.829432
v 13.980146 17.258257 0.784478
v 13.508481 17.360374 0.759251
v 13.027568 17.451220 0.729497
v 12.546655 17.565273 0.713327
v 12.072348 17.716461 0.690041
v 11.603325 17.912075 0.684219
v 11.125054 18.128246 0.656729
v 10.648105 18.360996 0.646380
v 10.167192 18.595734 0.638942
v 9.698169 18.853018 0.615332
v 9.213292 19.071178 0.617596
v 8.725774 19.286022 0.593987
v 8.218436 19.482302 0.592047
v 7.715063 19.705103 0.539007
v 7.166769 19.884140 0.558412
v 6.619796 20.085724 0.527364
v 6.071503 20.300570 0.510870
v 5.557560 20.592997 0.484673
v 5.088537 20.954388 0.430017
v 4.634048 21.337660 0.410612
v 4.221837 21.752762 0.352397
v 3.808304 22.159245 0.321673
v 3.385523 22.535885 0.323937
v 2.942925 22.870089 0.315205
v 2.475224 23.168486 0.330405
v 1.981098 23.419800 0.337520
v 1.440732 23.582260 0.376977
v 0.854123 23.712893 0.399616
v 0.973030 24.118710 0.536743
v 0.345465 24.347481 0.537713
v 0.525147 24.762583 0.440042
v 1.567566 23.941662 0.484673
v 1.107792 24.495352 0.436808
v 1.693079 24.279844 0.408348
v 1.809344 24.566303 0.190044
v 2.262512 24.038475 0.379887
v 2.129072 23.739416 0.443276
v 2.654905 23.474174 0.449098
v 3.138461 23.148592 0.415463
v 3.595592 22.795822 0.418374
v 3.331355 23.419800 0.334610
v 2.817412 23.755331 0.358542
v 4.019695 22.409233 0.430987
v 4.443797 21.996784 0.427106
v 4.856008 21.587650 0.442630
v 5.288037 21.217638 0.475941
v 5.734599 20.886751 0.531568
v 6.220797 20.602943 0.561646
v 6.738704 20.375500 0.588812
v 7.275107 20.171926 0.626975
v 7.803583 19.946472 0.652525
v 8.318847 19.737595 0.655436
v 8.822220 19.509489 0.677104
v 9.308418 19.292654 0.691334
v 9.790652 19.053938 0.701037
v 10.266281 18.801958 0.704594
v 10.736625 18.548653 0.729497
v 11.210932 18.312590 0.734348
v 11.677312 18.091112 0.742434
v 12.142370 17.907434 0.742434
v 12.606109 17.758236 0.771218
v 13.077773 17.639540 0.817142
v 13.560007 17.538086 0.845603
v 14.035636 17.425358 0.882148
v 14.498053 17.285444 0.925162
v 14.941973 17.104418 0.977879
v 15.368716 16.880951 1.010220
v 15.794140 16.648867 1.073285
v 16.219563 16.413465 1.169339
v 16.668768 16.206577 1.231111
v 17.128542 16.022898 1.215911
v 17.573782 15.847176 1.201680
v 18.020346 15.703946 1.205885
v 18.457659 15.569336 1.160607
v 18.876476 15.430748 1.129559
v 19.255657 15.291496 1.114359
v 19.593882 15.155560 1.100452
v 19.880581 15.025593 1.076196
v 20.082722 14.892972 1.031889
v 20.173885 14.797485 0.978849
v 20.307325 14.790192 0.962355
v 20.098577 14.774940 0.908022
v 20.165958 14.972545 1.022833
v 19.950603 15.125058 1.046766
v 19.671833 15.274919 1.056791
v 19.327002 15.413507 1.063583
v 18.946499 15.564032 1.069728
v 18.525040 15.695989 1.091397
v 18.087727 15.841871 1.130530
v 17.646448 15.979796 1.134734
v 17.214418 16.164803 1.164488
v 16.771820 16.363731 1.150905
v 16.330544 16.570620 1.094631
v 15.895871 16.794085 1.024450
v 15.474412 17.043411 0.977555
v 15.034455 17.276161 0.956533
v 14.578645 17.483049 0.917400
v 14.099053 17.628931 0.875033
v 13.610212 17.730385 0.820376
v 13.126657 17.824547 0.765396
v 12.662920 17.949209 0.737259
v 12.209751 18.099070 0.710739
v 11.755262 18.282749 0.706535
v 12.267883 18.240311 0.554854
v 12.707840 18.066578 0.575876
v 13.171577 17.976397 0.626975
v 13.657776 17.929316 0.697803
v 14.162470 17.843777 0.763132
v 14.664522 17.693914 0.804206
v 15.136188 17.465807 0.839781
v 15.574822 17.204546 0.861126
v 15.996282 16.937315 0.888617
v 16.413778 16.681358 0.934865
v 16.849771 16.474470 0.989845
v 17.275194 16.263603 1.003428
v 17.701939 16.079926 1.004075
v 18.136610 15.937358 0.995019
v 18.571281 15.782855 0.971734
v 18.995382 15.650234 0.959121
v 19.379850 15.503026 0.952006
v 19.720716 15.349850 0.954270
v 20.002131 15.192694 0.958151
v 20.214842 15.041507 0.946184
v 20.382633 14.866448 0.865654
v 20.165958 14.745764 0.816172
v 20.000809 14.802127 0.745021
v 19.974384 14.800801 0.846573
v 19.774885 14.886341 0.694569
v 19.764317 14.871090 0.815202
v 19.474976 14.969229 0.800002
v 19.485544 14.984480 0.657700
v 19.148642 15.086597 0.630533
v 19.521217 15.059411 0.543212
v 19.810558 14.948672 0.597545
v 20.039124 14.846555 0.657053
v 20.218805 14.772950 0.725617
v 20.309967 14.934084 0.743081
v 20.218805 15.069357 0.830402
v 20.020626 15.209271 0.842045
v 19.739214 15.369742 0.824257
v 19.399668 15.530213 0.804853
v 19.013880 15.686042 0.800648
v 19.369280 15.508330 0.647351
v 19.716753 15.353165 0.686807
v 20.002131 15.194683 0.718825
v 20.171242 15.084608 0.738553
v 20.154066 15.017635 0.665138
v 19.938713 15.139646 0.617273
v 19.642767 15.290833 0.574259
v 19.297935 15.444010 0.532216
v 18.918755 15.593207 0.494376
v 18.986135 15.673443 0.633120
v 18.587135 15.827946 0.806793
v 18.153786 15.988417 0.815849
v 17.724398 16.138277 0.816496
v 17.305582 16.317978 0.802589
v 16.886765 16.520887 0.770571
v 16.462662 16.738384 0.717854
v 16.031954 16.964502 0.658023
v 15.603889 17.223776 0.608541
v 15.159968 17.482386 0.577493
v 14.685661 17.701872 0.535126
v 14.183609 17.846428 0.506019
v 13.680236 17.943905 0.453626
v 13.191396 18.000931 0.415787
v 12.727658 18.090450 0.374713
v 12.292986 18.273466 0.340755
v 11.856994 18.484333 0.311971
v 11.829248 18.447199 0.544828
v 11.298130 18.504889 0.695215
v 10.840999 18.748247 0.683573
v 19.132788 15.075988 0.790946
v 11.382687 18.676632 0.528981
v 11.415716 18.713766 0.281894
v 11.851709 18.434599 0.071675
v 12.291665 18.224396 0.114689
v 12.730300 18.048012 0.163201
v 13.194038 17.946556 0.191338
v 13.678915 17.860353 0.233058
v 14.177003 17.757572 0.265400
v 14.690947 17.671370 0.259578
v 15.170538 17.457851 0.299035
v 15.618422 17.203882 0.353691
v 16.039881 16.935989 0.429047
v 16.463984 16.704567 0.495670
v 16.876194 16.482428 0.557765
v 17.296333 16.301401 0.592694
v 17.700617 16.114407 0.618567
v 18.127361 15.976480 0.615009
v 18.559391 15.822641 0.626652
v 18.499937 15.733786 0.468503
v 18.075834 15.886962 0.458801
v 17.655697 16.028202 0.459771
v 18.011097 15.728480 0.379241
v 18.440483 15.579946 0.394118
v 18.859301 15.451967 0.420638
v 18.373102 15.408202 0.435192
v 17.935789 15.554748 0.427106
v 17.590958 15.884310 0.367922
v 17.248770 16.202599 0.428077
v 16.836559 16.383625 0.382475
v 16.413778 16.582556 0.332670
v 15.989676 16.806684 0.249229
v 15.552362 17.042086 0.167082
v 15.103157 17.277487 0.080084
v 14.626208 17.465145 0.053564
v 14.138689 17.584503 0.075233
v 13.648527 17.681978 0.051300
v 13.163651 17.782108 0.018636
v 12.701234 17.919369 -0.027613
v 12.252029 18.091776 -0.071920
v 12.639138 17.716461 -0.146952
v 13.114766 17.585167 -0.111053
v 13.598322 17.483049 -0.052515
v 14.073951 17.365679 -0.010148
v 14.542973 17.234385 -0.009178
v 15.004068 17.048717 0.016048
v 15.459879 16.843155 0.070705
v 15.899835 16.619690 0.161261
v 16.335827 16.414127 0.224650
v 16.758608 16.229122 0.295154
v 17.174784 16.050085 0.343019
v 17.505081 15.707261 0.422579
v 17.082300 15.879668 0.413523
v 16.658197 16.056053 0.377947
v 16.230133 16.246363 0.304533
v 15.794140 16.438663 0.202658
v 15.352862 16.641573 0.098842
v 14.908942 16.865700 0.085259
v 14.457095 17.032803 0.046449
v 14.005249 17.191946 0.033189
v 13.536226 17.299370 -0.015970
v 13.042101 17.359049 -0.084533
v 12.558545 17.510235 -0.087444
v 12.085560 17.683306 -0.094882
v 12.175401 17.878920 -0.185115
v 11.804146 18.287392 -0.124960
v 11.402504 18.658066 0.031895
v 10.965190 18.959776 0.253110
v 10.929519 18.919327 0.510547
v 10.449926 19.138815 0.457830
v 10.371976 19.004204 0.658670
v 9.897669 19.264803 0.636354
v 9.420719 19.524076 0.615979
v 8.931879 19.754173 0.579110
v 8.427184 19.988247 0.569408
v 7.913241 20.204418 0.523806
v 7.391371 20.436504 0.520572
v 6.868180 20.650686 0.482086
v 6.370091 20.872826 0.440689
v 5.907675 21.147350 0.409318
v 5.486216 21.466303 0.382475
v 5.064756 21.819073 0.354338
v 4.661793 22.222902 0.352397
v 4.236370 22.638666 0.322643
v 3.806983 23.054432 0.333963
v 3.970811 23.251373 0.097548
v 3.485934 23.641939 0.106280
v 2.960100 23.993383 0.129889
v 2.395952 24.310347 0.161907
v 2.421055 24.373341 -0.239449
v 2.946888 23.995373 -0.265322
v 3.489897 23.650560 -0.276964
v 3.986665 23.265299 -0.272760
v 4.431906 22.828314 -0.249798
v 4.410767 22.824999 0.100135
v 4.826941 22.401276 0.119540
v 5.239153 22.005404 0.150911
v 5.642116 21.656612 0.176461
v 6.049042 21.345617 0.202334
v 6.498247 21.083029 0.237586
v 6.985766 20.868847 0.282540
v 7.501030 20.653339 0.325878
v 8.014973 20.413960 0.350457
v 8.527595 20.185188 0.381181
v 9.033610 19.957745 0.412229
v 9.523772 19.711735 0.435515
v 9.999400 19.440525 0.453626
v 10.480313 19.171307 0.218181
v 10.946693 18.898771 -0.003033
v 11.348335 18.507542 -0.175736
v 11.718268 18.084482 -0.242035
v 11.603325 17.847755 -0.199992
v 12.003646 17.524160 0.067794
v 12.488523 17.357059 0.080407
v 12.986611 17.243006 0.101753
v 13.475451 17.124310 0.130860
v 13.939189 17.041422 0.183900
v 14.389715 16.920738 0.216241
v 14.823065 16.744352 0.268634
v 15.252452 16.530834 0.325555
v 15.687123 16.314663 0.410612
v 16.132364 16.125015 0.494376
v 16.572321 15.939347 0.566821
v 17.018883 15.793465 0.617920
v 17.458839 15.638299 0.631827
v 17.884262 15.459261 0.611128
v 18.329504 15.318021 0.611775
v 18.313650 15.302769 0.801295
v 17.867086 15.436052 0.820053
v 17.436378 15.614427 0.833960
v 16.983212 15.758984 0.837194
v 16.527401 15.922107 0.809704
v 16.072910 16.097828 0.739523
v 15.630312 16.306042 0.658023
v 15.211495 16.542770 0.574259
v 14.795321 16.762257 0.503108
v 14.371219 16.943947 0.448451
v 13.924656 17.069273 0.406084
v 13.454312 17.148846 0.369862
v 12.968115 17.243006 0.333963
v 12.473989 17.353081 0.312618
v 11.993076 17.528803 0.291596
v 11.524054 17.731049 0.036423
v 11.510842 17.725744 0.260872
v 11.037856 17.929979 -0.010148
v 11.035213 17.950535 0.235322
v 10.570154 18.164055 -0.059307
v 10.568833 18.196547 0.212036
v 10.099811 18.399456 -0.084210
v 10.077351 18.392160 0.191985
v 9.628146 18.636847 -0.115258
v 9.605686 18.626236 0.162878
v 9.156482 18.862301 -0.139190
v 9.143270 18.872248 0.137005
v 8.670283 19.057253 -0.164093
v 8.654429 19.055264 0.117923
v 8.144450 19.229660 0.098518
v 8.168231 19.239605 -0.199992
v 7.619937 19.405380 0.067794
v 7.646361 19.424612 -0.239125
v 7.079571 19.585745 0.039657
v 7.112600 19.613596 -0.283109
v 6.512780 19.746880 0.010550
v 6.555058 19.778044 -0.339059
v 5.931457 19.933874 -0.027613
v 5.984304 19.971006 -0.402448
v 5.434689 20.269403 -0.447079
v 5.376557 20.231606 -0.071273
v 4.933958 20.640739 -0.488476
v 4.873183 20.609575 -0.122049
v 4.476826 21.045233 -0.545074
v 4.409446 21.023350 -0.173149
v 4.038191 21.452377 -0.599084
v 3.978738 21.441105 -0.223925
v 3.573132 21.852890 -0.267909
v 3.612768 21.859522 -0.636600
v 3.197914 22.251415 -0.663119
v 3.170169 22.236164 -0.295075
v 2.779097 22.622751 -0.670881
v 2.746068 22.582966 -0.313187
v 2.302148 22.891972 -0.684141
v 2.295542 22.870752 -0.317391
v 1.838410 23.149256 -0.658268
v 1.831804 23.106817 -0.307042
v 1.320503 23.290495 -0.669264
v 1.316540 23.220871 -0.305101
v 0.748428 23.357470 -0.720364
v 0.737859 23.224848 -0.302514
v 0.161820 23.319672 -0.300897
v 0.169747 23.478817 -0.714866
v -0.393080 23.582260 -0.697078
v -0.393080 23.384657 -0.292488
v -0.930804 23.281876 -0.295076
v -0.967798 23.555073 -0.759173
v -1.483062 23.199652 -0.274700
v -1.546479 23.540485 -0.764995
v -2.081561 23.493404 -0.751735
v -1.969260 23.121405 -0.251091
v -2.353726 23.061062 -0.229099
v -2.538692 23.338902 -0.751735
v -2.619285 22.873405 -0.208401
v -2.890129 23.074987 -0.735564
v -3.094913 22.695694 -0.726508
v -2.742156 22.569704 -0.214869
v -2.714411 22.167200 -0.225865
v -3.116053 22.187757 -0.740415
v -2.994503 21.576378 -0.727479
v -2.641745 21.653959 -0.207754
v -2.455458 21.126131 -0.156008
v -2.724980 20.958366 -0.678643
v -2.104021 20.641403 -0.095529
v -2.300878 20.425232 -0.623339
v -1.588757 20.196463 -0.037639
v -1.764475 19.951777 -0.565125
v -0.974404 19.713060 0.046772
v -1.154086 19.461744 -0.493974
v -0.249070 19.216396 0.123098
v -0.488206 18.935242 -0.449020
v 0.188244 18.375584 -0.440288
v 0.493438 18.641487 0.223679
v 1.230662 18.048674 0.249552
v 0.793349 17.794043 -0.498178
v 1.339000 17.269529 -0.744943
v 1.989026 17.444588 0.114366
v 2.427661 16.662792 -0.263057
v 1.726109 16.621679 -1.106195
v 0.091797 17.388226 -1.038602
v -0.393080 17.926001 -0.947723
v -1.047069 17.504930 -1.226181
v 11.130340 18.068567 -0.248504
v 2.769849 16.180054 -0.832911
v -0.946659 18.496931 -0.923790
v -1.526661 19.038685 -0.920556
v -2.102700 19.548611 -0.973919
v -2.665527 20.058537 -1.046364
v -3.188718 20.659969 -1.118808
v -3.593002 21.439116 -1.189959
v -3.760793 22.277939 -1.183167
v -3.684164 22.968227 -1.130451
v -3.361794 23.507330 -1.113957
v -2.855778 23.898560 -1.142418
v -2.249352 24.157169 -1.112017
v -1.599326 24.235416 -1.082263
v -0.953265 24.140593 -1.043777
v -0.358729 24.019245 -0.935757
v 0.222595 23.861427 -0.935757
v 0.807882 23.687695 -0.957425
v 0.321684 24.303053 -0.939961
v -0.266246 24.555695 -0.938021
v -0.856818 24.889235 -1.015640
v -1.595363 25.203545 -1.059624
v -2.464706 24.934326 -1.188666
v -3.232317 24.564978 -1.245910
v -3.881022 24.021896 -1.273723
v -4.336832 23.325640 -1.329027
v -4.536332 22.439074 -1.415055
v -4.443849 21.218302 -1.502699
v -3.692091 20.250174 -1.352636
v -3.069811 19.636805 -1.232326
v -2.496414 19.122236 -1.120749
v -1.963975 18.615627 -1.099727
v -1.481741 18.068567 -1.147268
v -1.960011 17.731049 -1.089701
v -2.681381 17.992973 -0.830970
v -2.549262 17.304010 -0.429291
v -2.570401 17.270193 0.085582
v -2.110627 16.888247 0.669019
v -1.650853 16.541443 1.264746
v -1.243926 16.140930 1.859826
v -1.475135 15.526897 2.159630
v -1.525340 14.766319 2.763765
v -1.152764 14.585293 2.965575
v -0.821146 14.307453 3.113698
v -0.622967 15.368416 2.780259
v -1.125019 15.536181 2.563573
v -0.792079 16.270899 2.243717
v -1.266387 16.743690 1.614679
v -1.847710 17.075241 1.121797
v -2.410537 17.392866 0.594634
v -2.366938 18.266172 -1.066415
v -2.160832 17.603733 1.024127
v -1.501558 17.312632 1.469466
v -0.763013 16.959198 1.842685
v -0.267567 14.908887 2.933881
v -1.251853 13.645678 3.323270
v -1.045748 17.602407 1.627615
v -0.559550 17.928654 1.641845
v -1.072172 18.540697 1.483373
v -1.631035 19.091734 1.379881
v -2.215001 19.618900 1.324254
v -2.771222 20.171265 1.374059
v -3.290450 20.804527 1.360152
v -3.714552 21.604227 1.366944
v -3.844028 22.434431 1.258924
v -3.747581 23.170475 1.178394
v -3.434459 23.786495 1.152521
v -3.024890 24.328913 1.131499
v -2.430355 24.747332 1.109184
v -1.767118 25.137897 1.000193
v -1.091990 25.558304 0.793856
v -0.537090 25.603395 0.614362
v 0.027058 25.156466 0.436485
v -0.231895 25.704187 0.433897
v 0.212025 25.336166 0.209772
v -0.045607 25.781107 0.236939
v -0.029753 25.801662 -0.048635
v 0.222595 25.370647 -0.118492
v 0.130111 25.281792 -0.441905
v -0.196223 25.744637 -0.363639
v -0.599186 25.573557 -0.692550
v -0.097133 25.003952 -0.721334
v -1.111807 25.901791 -0.729743
v -1.440784 26.180294 -0.598437
v -1.962654 25.816252 -0.831618
v -2.200468 26.084808 -0.552512
v -1.671992 26.346069 -0.381427
v -2.343157 26.186926 -0.189320
v -1.810717 26.432274 -0.109437
v -1.843747 26.424978 0.207185
v -2.372223 26.160400 0.219474
v -2.271812 26.009214 0.621153
v -1.740694 26.304958 0.515397
v -2.036640 25.669706 0.880531
v -1.496274 26.054968 0.747608
v -2.715732 25.326220 1.124061
v -3.355188 24.815630 1.204590
v -3.895555 24.216848 1.263775
v -4.303802 23.504015 1.350450
v -4.545580 22.647949 1.490488
v -4.558792 21.516035 1.592363
v -3.709267 20.495522 1.408664
v -3.061884 19.848997 1.385379
v -2.484524 19.305252 1.372442
v -1.945478 18.760183 1.400903
v -1.463244 18.196547 1.494692
v -1.852995 17.870964 1.360800
v -2.562474 18.121616 0.989198
v -2.269170 18.427969 1.308406
v -2.763295 18.957787 1.281887
v -3.324801 19.476334 1.286414
v -3.992002 20.016762 1.356918
v -5.014603 20.647371 1.490811
v -5.815244 22.189747 1.501807
v -5.418887 23.090902 1.477875
v -4.961755 23.960892 1.344305
v -4.433279 24.718817 1.166751
v -3.739654 25.342796 0.990168
v -2.964116 25.716124 0.745021
v -3.084344 25.891182 0.264752
v -3.110768 25.972080 -0.248181
v -2.942977 25.791716 -0.704193
v -2.723659 25.484037 -1.022755
v -3.544118 25.036444 -1.093582
v -4.306445 24.436998 -1.170555
v -4.895696 23.667137 -1.244293
v -3.958972 25.560293 0.358542
v -4.638063 24.779823 -0.903739
v -3.780611 25.333513 -0.781812
v -3.964257 25.545706 -0.281169
v -4.805855 25.010582 0.484026
v -5.557612 24.311010 0.613715
v -6.090051 23.422453 0.721088
v -6.401852 22.515993 0.725616
v -6.132329 23.378689 -0.236538
v -5.599890 24.256636 -0.279875
v -4.824351 24.981405 -0.288284
v -5.344900 24.019245 -0.985886
v -5.247132 22.727522 -1.311239
v -5.397748 21.715628 -1.329027
v -5.811280 23.122730 -1.026636
v -6.438846 22.508699 -0.194494
v -6.666090 21.804483 -0.166034
v -6.639667 21.819073 0.689717
v -6.095336 21.468954 1.441329
v -6.346362 21.027992 1.225613
v -6.876159 21.322409 0.651231
v -6.913153 21.250132 -0.147276
v -6.321259 21.470943 -0.951927
v -6.096657 22.230858 -1.007878
v -6.584177 20.860889 -0.891772
v -5.566860 20.892719 -1.312533
v -5.759754 20.140099 -1.116868
v -4.767540 20.339029 -1.409233
v -4.042207 19.769424 -1.296685
v -3.409357 19.240932 -1.191253
v -2.842566 18.768803 -1.069003
v -3.133228 18.467754 -0.870103
v -2.875596 17.813936 -0.435436
v -2.931086 17.746300 0.054211
v -2.797646 17.879583 0.565527
v -3.274595 18.322536 0.554531
v -3.040745 18.616289 0.993079
v -3.589039 19.071178 1.005045
v -4.196786 19.461082 1.033182
v -4.832278 19.754835 1.056468
v -5.751827 20.417938 1.404783
v -5.438704 19.758152 1.040944
v -4.879841 19.254856 0.522513
v -5.367361 19.291328 0.531245
v -4.949864 19.062557 -0.093912
v -5.380572 19.139477 -0.077742
v -4.936653 19.286022 -0.663443
v -5.479661 19.410686 -0.652447
v -4.908907 19.736933 -1.125276
v -4.261524 19.337082 -1.058653
v -3.656419 18.933252 -0.928965
v -3.841386 18.665359 -0.551218
v -4.396286 19.014151 -0.626250
v -4.474236 18.837767 -0.089061
v -4.381752 19.027412 0.533832
v -3.824210 18.709124 0.542565
v -3.961614 18.504225 -0.067716
v -3.409357 18.149466 0.001495
v -3.319516 18.262194 -0.480714
v -3.367079 12.946105 0.479499
v -3.308946 12.960692 0.635708
v -3.421247 13.355902 0.393148
v -3.252135 13.386404 0.641853
v -3.312910 12.940137 0.809704
v -0.231895 25.704187 0.433897
v -0.255676 26.269814 0.481439
v -0.045607 25.781107 0.236939
v -0.090528 26.283739 0.290949
v -0.029753 25.801662 -0.048635
v -0.057498 26.297001 0.039333
v -0.037680 26.832787 0.375683
v -0.194902 26.822840 0.557764
v -0.142054 27.377857 0.650260
v -0.502739 26.271139 0.626005
v -0.537090 25.603395 0.614362
v -0.838321 26.334797 0.724969
v -1.091990 25.558304 0.793856
v -1.173903 26.512508 0.668695
v -1.496274 26.054968 0.747608
v -0.691669 26.878540 0.772187
v -0.414219 26.833450 0.695538
v -0.333626 27.368572 0.785124
v -0.616361 27.379183 0.791592
v -1.003470 26.968723 0.676780
v -1.406433 26.661043 0.484026
v -1.740694 26.304958 0.515397
v -1.498916 26.739288 0.223679
v -1.843747 26.424978 0.207185
v -1.810717 26.432274 -0.109437
v -1.461923 26.742605 -0.038609
v -1.671992 26.346069 -0.381427
v -1.327161 26.685577 -0.250768
v -1.271671 27.115931 0.003111
v -1.130304 27.097364 -0.174443
v -1.065566 27.545622 -0.144365
v -1.181830 27.511141 0.026073
v -1.128983 27.973986 -0.144689
v -1.218824 27.918285 0.012490
v -1.225430 27.491911 0.235322
v -1.250532 27.895739 0.206861
v -1.317913 27.104658 0.233381
v -1.225430 27.058905 0.484026
v -1.165976 27.461407 0.489201
v -1.162013 27.881815 0.472383
v -0.922877 27.834734 0.765719
v -0.924198 27.417643 0.706858
v -0.592580 27.838049 0.907374
v -0.332305 27.877172 0.849806
v -0.138090 27.921600 0.761191
v 0.024416 27.408360 0.482086
v 0.009883 26.859310 0.121480
v -0.002008 27.967354 0.577169
v 0.049519 27.989901 0.310030
v 0.090476 27.449472 0.220121
v -0.049571 27.505173 -0.100058
v -0.044286 28.034327 -0.002387
v -0.309845 28.120531 -0.190613
v -0.327021 27.566177 -0.278258
v -0.630894 27.604637 -0.303808
v -0.710166 28.270391 -0.276965
v -0.978367 28.082071 -0.253032
v -0.879278 27.584082 -0.256913
v -1.065566 27.545622 -0.144365
v -0.933447 27.070177 -0.306719
v -1.130304 27.097364 -0.174443
v -1.327161 26.685577 -0.250768
v -1.122377 26.594070 -0.406653
v -1.440784 26.180294 -0.598437
v -0.855497 26.464102 -0.484919
v -1.111807 25.901791 -0.729743
v -0.542374 26.343418 -0.426705
v -0.599186 25.573557 -0.692550
v -0.243786 26.316231 -0.233304
v -0.196223 25.744637 -0.363639
v -0.146017 26.911034 -0.152451
v -0.407613 26.965406 -0.315774
v -0.681099 27.021107 -0.360082
v -1.128983 27.973986 -0.144689
v -1.671992 26.346069 -0.381427
v 3.953635 13.540907 -1.700304
v 3.997234 13.000479 -1.655350
v 4.170310 13.129784 -1.780834
v 4.381701 12.775687 -1.732322
v 4.524389 12.842661 -1.916344
v 4.312999 13.236544 -1.988142
v 4.330174 13.257099 -2.340338
v 4.017052 13.737185 -2.248489
v 4.065936 13.678169 -1.930574
v 3.859831 14.171517 -1.723267
v 3.776596 13.992479 -1.480060
v 3.783201 13.374469 -1.550241
v 3.559921 13.158298 -1.500112
v 3.337960 13.456030 -1.301859
v 3.583702 13.741827 -1.321588
v 3.122607 13.728565 -1.081292
v 3.411947 14.067410 -1.059623
v 3.262653 14.341271 -0.795071
v 3.635228 14.444052 -1.154707
v 3.505752 14.785549 -0.821915
v 3.735639 14.724545 -1.412143
v 3.754135 14.261699 -2.014662
v 3.442335 14.215945 -2.345837
v 3.587666 14.888330 -1.763693
v 3.775275 13.645014 -2.546353
v 4.125390 13.113206 -2.636908
v 4.603661 12.812158 -2.233612
v 4.435869 12.623837 -2.524684
v 4.782021 12.410318 -2.019189
v 4.653866 12.233933 -2.245255
v 4.179559 12.356606 -2.724230
v 3.828122 12.870511 -2.877204
v 3.427801 13.408950 -2.797644
v 3.052583 13.069442 -2.828369
v 3.018233 13.952030 -2.661164
v 3.116001 14.800801 -2.114273
v 3.422517 15.286192 -1.650175
v 3.689397 15.124394 -1.108782
v 3.456868 14.955303 -0.643067
v 3.458189 12.556201 -2.893051
v 3.655046 15.389635 -0.927994
v 3.252083 15.569999 -1.515959
v 2.620554 15.275582 -1.917315
v 2.831945 15.066705 -2.019513
v 2.583561 14.428801 -2.503662
v 2.284972 13.827367 -2.720025
v 2.609985 13.488522 -2.751720
v 2.451442 13.129121 -2.431865
v 2.861011 12.790938 -2.504956
v 3.253404 12.386447 -2.545059
v 3.636549 11.997206 -2.426043
v 3.866436 12.078104 -2.717438
v 4.202019 11.793633 -2.360713
v 4.443797 12.011130 -2.372033
v 4.815051 11.942831 -1.955800
v 4.639333 11.768435 -2.056382
v 4.434548 11.599344 -2.031156
v 4.295823 11.550275 -1.929927
v 4.002519 11.718040 -2.187364
v 3.607483 12.079431 -2.125916
v 3.267937 12.407002 -2.169253
v 2.912537 12.731259 -2.122682
v 2.553174 13.011088 -2.024041
v 2.779097 13.051538 -1.677989
v 3.089577 12.802212 -1.807354
v 3.398735 12.518404 -1.872360
v 3.686755 12.216692 -1.847457
v 3.958920 11.928906 -1.749463
v 3.933817 11.790981 -1.979409
v 4.227121 11.592713 -1.788272
v 4.235049 11.703451 -1.610719
v 4.451724 11.549612 -1.511107
v 4.442475 11.481312 -1.635621
v 4.628763 11.471366 -1.445778
v 4.496644 11.460093 -1.742995
v 4.604982 11.503858 -1.828052
v 4.755598 11.623216 -1.845517
v 4.883753 11.751195 -1.793770
v 5.000018 11.724670 -1.590344
v 4.832226 11.540328 -1.710330
v 4.920746 12.074125 -1.762723
v 4.866577 12.124521 -1.552181
v 4.704071 12.471324 -1.755931
v 4.571952 12.435516 -1.612012
v 4.223158 12.674232 -1.631094
v 4.027622 12.537634 -1.602310
v 3.793771 12.846640 -1.611366
v 3.316822 12.952736 -1.586786
v 3.052583 13.206703 -1.426697
v 2.810806 13.425528 -1.240411
v 2.944246 13.940758 -0.860401
v 3.089577 12.802212 -1.807354
v 2.779097 13.051538 -1.677989
v 2.481829 13.248479 -1.523397
v 2.607342 13.590640 -1.052832
v 3.398735 12.518404 -1.872360
v 3.583702 12.670254 -1.677018
v 3.838691 12.376500 -1.665052
v 4.256187 12.241227 -1.528895
v 3.686755 12.216692 -1.847457
v 3.958920 11.928906 -1.749463
v 4.085754 12.092692 -1.584846
v 4.336780 11.835409 -1.483294
v 4.235049 11.703451 -1.610719
v 4.487396 11.650403 -1.434459
v 4.451724 11.549612 -1.511107
v 4.627442 11.665654 -1.362661
v 4.784664 11.699472 -1.319324
v 4.482111 11.942831 -1.425727
v 4.630085 12.029697 -1.416994
v 4.429264 12.361249 -1.543449
v 4.752955 12.088714 -1.450629
v 4.986805 11.755836 -1.409556
v 4.890359 11.726660 -1.335494
v 4.842796 11.428927 -1.514342
v 4.763525 11.421633 -1.446101
v 4.912819 11.493911 -1.556709
v 4.634048 11.416991 -1.610719
v 4.570631 11.436885 -1.560913
v 4.709356 11.447495 -1.687368
v 2.273081 29.799505 -1.022432
v 2.619233 29.999762 -1.090672
v 2.535998 30.089281 -1.045394
v 2.919143 30.229858 -1.141771
v 2.171350 29.913559 -0.928642
v 2.138320 29.988489 -0.772110
v 1.673261 29.857195 -0.606846
v 1.707612 29.786905 -0.800247
v 1.161961 29.731205 -0.396628
v 1.187063 29.652296 -0.620753
v 1.800095 29.637709 -0.927025
v 1.716860 29.842607 -0.366227
v 2.171350 29.991804 -0.567713
v 2.487114 30.179462 -0.899535
v 2.757958 30.383036 -0.990737
v 2.825339 30.308104 -1.110400
v 3.036729 30.596554 -1.063182
v 2.776455 30.376404 -0.779225
v 2.512217 30.180788 -0.693844
v 2.592809 30.037560 -0.547985
v 2.261191 29.868467 -0.392423
v 1.786883 29.688766 -0.177677
v 1.216129 29.705345 -0.129812
v 0.757676 29.627098 0.086551
v 0.692938 29.654285 -0.211635
v 0.692938 29.544210 -0.447080
v 1.274262 29.467955 -0.760791
v 1.957317 29.459997 -0.920880
v 2.407843 29.689430 -1.020815
v 2.718323 29.936104 -1.058654
v 2.513538 29.631741 -0.899858
v 2.800236 29.920189 -0.971333
v 2.867617 30.233173 -0.669265
v 2.122466 29.379099 -0.771787
v 1.601917 29.174864 -0.554130
v 1.432805 29.265045 -0.724568
v 1.080047 28.979912 -0.321272
v 0.918862 29.107889 -0.501413
v 0.646697 28.886414 -0.123344
v 0.476263 29.002457 -0.302838
v 0.338859 29.193430 -0.390483
v 0.770888 29.312124 -0.557040
v 0.238449 29.455355 -0.319332
v 0.250340 29.609858 -0.067070
v 0.319041 29.579355 0.283833
v 0.407561 29.278307 0.507312
v 0.830342 29.391035 0.294829
v 1.282189 29.523655 0.082994
v -0.116951 29.546200 0.486613
v 1.305970 29.239847 0.088168
v 0.840911 29.094627 0.253109
v 0.451160 28.910286 0.480792
v 0.105009 29.143698 0.749225
v 0.036307 28.608574 0.603365
v 0.091797 28.445450 0.326847
v 0.386422 28.741858 0.232734
v 0.016489 28.449429 0.058091
v 0.280727 28.723953 -0.001093
v 0.790706 28.885088 0.094637
v 0.646697 28.886414 -0.123344
v 1.230662 29.021687 -0.088092
v 1.080047 28.979912 -0.321272
v 1.601917 29.174864 -0.554130
v 1.736678 29.229237 -0.340354
v 2.122466 29.379099 -0.771787
v 1.809344 29.429495 -0.173796
v 2.300826 29.604553 -0.401155
v 2.633766 29.818071 -0.606523
v 2.896683 30.070713 -0.736211
v 3.138461 30.445366 -0.769200
v 3.038050 30.599869 -0.856198
v 3.327391 30.808083 -1.137890
v 3.417232 30.726522 -1.216803
v 3.116001 30.522949 -1.173142
v 3.211126 30.458628 -1.177994
v 3.002378 30.190073 -1.101991
v 3.065795 30.193388 -1.039573
v 3.335318 30.448019 -1.105549
v 3.283792 30.436083 -1.143065
v 3.619374 30.679441 -1.167968
v 3.570490 30.665516 -1.190607
v 3.911357 30.872404 -1.226506
v 3.503109 30.678778 -1.211628
v 3.865115 30.861794 -1.248174
v 4.146529 31.029560 -1.306065
v 4.195413 31.030886 -1.279869
v 4.397555 31.175442 -1.347462
v 4.455687 31.158865 -1.324176
v 4.626121 31.211248 -1.333555
v 4.587806 31.253687 -1.354577
v 4.725210 31.280212 -1.352637
v 4.562704 31.247057 -1.353930
v 4.371131 31.161516 -1.345198
v 4.104251 31.028233 -1.315768
v 3.805662 30.866436 -1.263051
v 3.725069 30.907549 -1.268549
v 3.635228 30.992426 -1.203867
v 3.316822 30.814714 -0.938668
v 4.032907 31.055420 -1.322883
v 4.331495 31.163506 -1.345845
v 3.944387 31.150244 -1.278575
v 4.545528 31.258329 -1.356518
v 4.664435 31.308725 -1.356194
v 4.664435 31.286842 -1.358135
v 4.455687 31.158865 -1.324176
v 4.527031 31.139635 -1.257553
v 4.717283 31.205280 -1.275017
v 4.754276 31.245068 -1.188019
v 4.870541 31.386309 -1.282456
v 4.195413 31.030886 -1.279869
v 4.248260 31.038179 -1.226829
v 3.911357 30.872404 -1.226506
v 4.552134 31.160854 -1.176053
v 4.688217 31.330608 -1.148240
v 4.678968 31.400232 -1.261111
v 4.641975 31.343206 -1.342287
v 4.512498 31.311378 -1.349726
v 4.483432 31.385645 -1.225212
v 4.532316 31.278885 -1.091966
v 4.246939 31.266951 -1.341641
v 4.219194 31.339891 -1.176377
v 4.269400 31.178095 -1.065122
v 4.279969 31.066031 -1.146299
v 3.957599 30.890308 -1.178964
v 3.662973 30.705965 -1.115575
v 3.619374 30.679441 -1.167968
v 3.335318 30.448019 -1.105549
v 3.382881 30.482500 -1.041513
v 3.065795 30.193388 -1.039573
v 3.119964 30.233173 -0.954192
v 2.800236 29.920189 -0.971333
v 3.413268 30.548147 -0.955809
v 3.690718 30.761665 -1.038279
v 3.986665 30.933409 -1.100698
v 3.973453 31.038843 -1.025990
v 3.915321 31.192019 -1.100051
v 3.608804 31.018950 -1.011436
v 3.402699 30.663527 -0.878190
v 3.681470 30.867100 -0.958720
v 3.151673 30.312082 -0.858461
v 2.866296 29.963955 -0.857815
v 2.609985 29.678820 -0.741709
v 2.513538 29.631741 -0.899858
v 2.244015 29.426178 -0.567066
v -0.564835 29.546200 0.484349
v -0.186974 29.575377 0.034805
v -0.625609 29.510393 0.060031
v -0.193580 29.377771 -0.258530
v -0.625609 29.264381 -0.223925
v -0.546338 28.818777 -0.237508
v -0.082600 29.056168 -0.280199
v -0.210756 28.568125 -0.127548
v 0.093118 28.851269 -0.162477
v 0.016489 28.449429 0.058091
v 0.280727 28.723953 -0.001093
v -2.181971 10.845397 -3.384962
v -1.756548 10.688906 -3.831919
v -2.278418 11.014488 -3.801195
v -1.893952 10.764499 -4.056368
v -1.642926 10.410402 -4.387866
v -1.904521 10.999237 -4.205138
v -2.409216 11.450147 -3.978749
v -2.107985 11.878510 -3.844532
v -1.760512 11.225355 -4.225836
v -1.686525 11.872542 -3.833536
v -1.538552 11.300948 -4.161154
v -1.494952 10.784392 -4.652095
v -1.665386 10.584135 -4.581267
v -1.468529 10.253910 -4.863283
v -1.307343 10.426317 -4.931523
v -1.280920 10.853354 -4.555071
v -1.320555 11.223366 -3.998477
v -1.409075 11.725334 -3.628169
v -1.374724 11.452136 -3.323514
v -1.317913 10.994596 -3.805076
v -1.167297 10.740627 -4.372343
v -1.218824 10.559601 -4.271438
v -1.064245 10.370616 -4.672146
v -1.117092 10.474060 -4.821239
v -1.726161 11.184906 -3.077073
v -1.524019 10.790359 -3.719371
v -1.321877 10.448199 -4.235862
v -1.464565 10.384542 -4.252033
v -1.029894 10.106702 -4.975508
v -1.143516 10.098082 -5.043101
v -1.245248 9.995300 -5.026283
v -1.266387 9.872627 -4.929583
v -1.459280 10.107365 -4.689287
v -1.288847 10.089461 -4.577063
v -1.167297 10.145162 -4.579327
v -1.039142 9.869974 -4.781137
v -1.167297 9.813611 -4.811861
v -1.037821 9.672370 -5.013994
v -0.926841 9.673697 -4.874603
v -0.944016 9.816263 -4.964835
v -1.039142 9.869974 -4.781137
v -0.979688 9.970766 -4.829001
v -1.098595 10.239323 -4.608434
v -1.167297 10.145162 -4.579327
v -1.321877 10.448199 -4.235862
v -1.524019 10.790359 -3.719371
v -1.726161 11.184906 -3.077073
v -0.983652 10.064926 -4.898212
v -0.982331 9.903130 -4.993942
v -1.006112 9.901803 -5.016904
v -1.004791 9.826210 -5.024990
v -1.047069 9.853396 -5.039544
v -1.077456 9.787749 -5.034369
v -1.040463 9.911750 -5.035663
v 9.241037 19.018129 -0.368813
v 8.750876 19.227007 -0.391776
v 8.256751 19.429253 -0.420883
v 7.742808 19.626194 -0.459692
v 7.214332 19.820482 -0.508204
v 6.664717 20.008141 -0.576445
v 6.120387 20.226965 -0.643714
v 5.609086 20.508783 -0.683494
v 5.136100 20.864868 -0.678320
v 4.677647 21.248804 -0.751088
v 4.229764 21.634729 -0.853286
v 3.781880 22.026623 -0.927995
v 3.339282 22.414537 -0.960983
v 4.015731 22.301147 -0.962276
v 4.468899 21.891350 -0.940608
v 4.903571 21.494152 -0.863312
v 4.655187 22.128740 -0.762731
v 4.220515 22.552464 -0.840997
v 3.759420 22.961597 -0.868163
v 3.562563 22.702324 -1.001733
v 2.882150 22.756699 -0.977800
v 2.393310 23.057747 -0.982975
v 1.912397 23.346197 -0.936404
v 1.390527 23.547779 -0.922497
v 0.918862 24.100807 -0.976183
v 0.456445 24.675716 -0.743326
v 0.607061 24.948252 -0.475217
v 1.049659 24.464186 -0.810273
v 1.502828 23.895245 -0.995588
v 2.057727 23.672443 -1.041513
v 1.638910 24.245363 -0.852316
v 1.172530 24.727438 -0.535371
v 0.704829 25.084850 -0.147599
v 0.661230 24.995995 0.187457
v 1.229341 24.787781 0.203627
v 1.247838 24.853428 -0.176706
v 1.763102 24.511267 -0.587441
v 1.834446 24.646540 -0.210988
v 2.347068 24.250668 -0.616548
v 2.217592 23.998690 -0.883687
v 2.588846 23.401234 -1.077088
v 3.097504 23.072334 -1.092289
v 2.747389 23.670454 -0.853610
v 2.882150 23.897234 -0.597467
v 3.421196 23.551758 -0.615254
v 3.917963 23.168486 -0.611373
v 4.375095 22.745426 -0.583236
v 4.832226 22.344250 -0.550895
v 4.874505 22.425148 -0.223278
v 5.286716 22.033918 -0.188996
v 5.692321 21.683136 -0.149863
v 6.097927 21.371479 -0.101998
v 6.540525 21.112206 -0.067393
v 7.029366 20.902666 -0.030523
v 7.544630 20.695114 0.007963
v 8.053288 20.459051 0.047096
v 8.565909 20.230944 0.084288
v 9.045502 19.958408 0.125362
v 9.536984 19.713060 0.146060
v 10.020539 19.449146 0.175814
v 10.484278 19.149424 -0.038609
v 10.883277 18.748911 -0.211311
v 11.255852 18.305958 -0.309305
v 10.659995 18.301317 -0.283756
v 10.188331 18.540033 -0.299926
v 9.716666 18.782064 -0.327416
v 9.355981 19.252867 -0.449020
v 9.838215 19.012161 -0.413121
v 10.309880 18.770792 -0.385307
v 10.780224 18.534729 -0.292488
v 10.415575 18.993595 -0.255295
v 9.980904 19.356312 -0.052839
v 9.523772 19.644760 -0.114934
v 9.027004 19.878836 -0.140160
v 8.548734 20.159990 -0.193847
v 8.036112 20.376825 -0.235891
v 7.520848 20.596975 -0.286343
v 7.004263 20.803200 -0.320948
v 6.514102 21.023350 -0.350379
v 6.051685 21.250793 -0.357817
v 5.667219 21.598923 -0.450314
v 5.247080 21.950367 -0.502707
v 5.092501 21.743479 -0.710985
v 3.275865 23.339565 -0.869780
v 5.339563 21.125467 -0.735564
v 5.796695 20.805853 -0.680260
v 5.531136 21.388720 -0.658592
v 5.949953 21.063137 -0.581296
v 6.274966 20.530664 -0.672822
v 6.799479 20.298580 -0.674762
v 6.411048 20.806515 -0.558657
v 6.927634 20.597639 -0.554129
v 7.338524 20.095671 -0.617841
v 7.853788 19.890772 -0.507881
v 7.449504 20.387436 -0.519201
v 7.968731 20.175905 -0.471012
v 8.358482 19.675926 -0.512409
v 8.860535 19.470366 -0.478774
v 8.979442 19.746880 -0.402448
v 9.464318 19.483627 -0.340676
v 9.943911 19.241594 -0.306071
v 8.476068 19.963713 -0.433819
v 18.743036 15.186727 0.791916
v 18.761532 15.197336 0.610482
v 19.182993 15.168822 0.492436
v 18.798527 15.283539 0.452656
v 19.237162 15.322662 0.465592
v 19.572742 15.184073 0.516692
v 19.866047 15.048801 0.570055
v 20.090651 14.931432 0.626329
v 20.226732 14.851196 0.677428
v -2.061743 29.621130 2.912858
v -1.827892 29.719933 2.586210
v -1.712949 29.690756 2.161893
v -1.792220 29.528959 2.695201
v -1.518734 29.425516 2.442939
v -1.546479 29.646328 2.336859
v -1.258459 29.328703 2.166420
v -1.298095 29.554157 2.059371
v -1.483062 29.596596 1.893136
v -22.616817 15.576631 -1.037955
v -22.301052 15.550106 -0.999792
v -22.299732 15.668139 -0.969714
v -21.939047 15.673443 -0.927671
v -21.935083 15.816010 -0.991383
v -21.557222 15.827283 -0.961306
v -21.558544 15.674769 -0.894359
v -21.935083 15.549443 -0.958718
v -21.551937 15.547454 -0.928641
v -21.927156 15.459261 -1.064798
v -21.540047 15.448651 -1.043129
v -21.927156 15.431411 -1.203219
v -22.298410 15.479155 -1.084849
v -22.297089 15.451967 -1.199985
v -22.627386 15.514298 -1.101990
v -22.615496 15.482470 -1.202895
v -22.858595 15.524245 -1.248496
v -22.908800 15.569999 -1.123012
v -22.861237 15.644267 -1.066092
v -22.772717 15.690683 -1.046363
v -22.599642 15.672780 -1.013052
v -22.759506 15.765615 -1.079675
v -22.590393 15.788823 -1.062211
v -22.816317 15.802748 -1.151473
v -22.873127 15.798769 -1.276633
v -22.858595 15.708588 -1.378508
v -22.800463 15.605144 -1.396296
v -22.807068 15.528887 -1.318030
v -22.618137 15.495731 -1.309622
v -22.615496 15.482470 -1.202895
v -22.312943 15.469208 -1.323205
v -22.297089 15.451967 -1.199985
v -21.935083 15.456609 -1.348755
v -21.927156 15.431411 -1.203219
v -21.540047 15.455282 -1.367189
v -21.536083 15.416822 -1.201602
v -21.127836 15.408202 -1.191252
v -21.129158 15.450641 -1.371393
v -20.703733 15.407539 -1.171201
v -20.694485 15.454619 -1.370423
v -20.245281 15.416822 -1.152443
v -20.230747 15.467881 -1.366219
v -19.767010 15.440694 -1.134008
v -19.748514 15.501037 -1.358133
v -19.274206 15.481144 -1.110076
v -19.258352 15.551433 -1.339699
v -18.784044 15.539496 -1.076117
v -18.770832 15.619732 -1.309298
v -18.307095 15.603817 -1.027282
v -18.293884 15.693999 -1.258522
v -17.830145 15.667475 -0.969714
v -17.815613 15.773572 -1.213891
v -17.347912 15.737101 -0.903091
v -17.332058 15.859775 -1.161498
v -16.859072 15.815347 -0.827413
v -16.847179 15.957913 -1.101020
v -16.360983 15.909508 -0.764024
v -16.355698 16.066000 -1.045070
v -15.865536 16.020245 -0.690932
v -15.865536 16.184032 -0.981681
v -15.366126 16.133636 -0.617194
v -15.371411 16.317978 -0.930582
v -14.862753 16.252995 -0.538605
v -14.873322 16.449272 -0.884657
v -14.352774 16.392246 -0.460339
v -14.360701 16.590513 -0.829677
v -13.830903 16.541443 -0.369460
v -13.834867 16.747669 -0.763700
v -13.301106 16.704567 -0.278258
v -13.306391 16.910791 -0.686405
v -12.772631 16.861721 -0.189642
v -12.773952 17.066620 -0.605228
v -12.216410 16.996994 -0.096176
v -12.225657 17.215818 -0.528579
v -11.645656 17.119669 -0.007237
v -11.670758 17.355732 -0.458722
v -11.106609 17.515541 -0.395656
v -11.076222 17.284119 0.073292
v -10.531892 17.692589 -0.351349
v -10.486972 17.477081 0.119217
v -9.937357 17.852396 -0.351672
v -9.880546 17.656780 0.147354
v -9.321682 18.009552 -0.377222
v -9.270156 17.877594 0.174844
v -8.674299 18.178642 -0.412474
v -8.589743 17.982365 0.154469
v -7.909330 18.164717 0.104663
v -8.013704 18.380226 -0.452901
v -7.227596 18.352375 0.045155
v -7.357072 18.604355 -0.506587
v -6.540577 18.553959 -0.013382
v -6.728186 18.864952 -0.581619
v -5.858843 18.815220 -0.036021
v -6.084766 19.117596 -0.688992
v -5.380572 19.139477 -0.077742
v -5.479661 19.410686 -0.652447
v -6.432240 19.748869 -1.031810
v -5.759754 20.140099 -1.116868
v -6.584177 20.860889 -0.891772
v -6.958073 20.393404 -0.763377
v -7.061126 19.435221 -0.886274
v -7.647734 19.160034 -0.789250
v -8.246233 18.924633 -0.748177
v -8.857944 18.691221 -0.734593
v -9.474940 18.476376 -0.700312
v -10.076081 18.288054 -0.652123
v -10.652121 18.107691 -0.636599
v -11.216269 17.936611 -0.662472
v -11.772490 17.780119 -0.695460
v -12.320784 17.621637 -0.746560
v -12.862472 17.459841 -0.833558
v -13.394911 17.296717 -0.916675
v -13.919423 17.114365 -0.999792
v -14.436008 16.927368 -1.069002
v -14.943345 16.753635 -1.093905
v -15.434828 16.599134 -1.125276
v -15.913099 16.446621 -1.173465
v -16.390049 16.321293 -1.232649
v -16.886816 16.211882 -1.191899
v -17.365088 16.091860 -1.264991
v -17.847321 15.991069 -1.316090
v -18.321629 15.906855 -1.346814
v -18.781403 15.806726 -1.459685
v -19.266279 15.741079 -1.478767
v -19.751156 15.679411 -1.510138
v -20.238674 15.641614 -1.525338
v -20.699770 15.613764 -1.523721
v -21.130478 15.595197 -1.514342
v -21.537405 15.586576 -1.502052
v -21.924513 15.587240 -1.483294
v -22.293125 15.581935 -1.447395
v -22.606247 15.586576 -1.421199
v -22.594357 15.756330 -1.424757
v -22.274630 15.768929 -1.432518
v -21.911301 15.790149 -1.466477
v -21.532120 15.807389 -1.478767
v -21.133121 15.812032 -1.496554
v -20.720909 15.833914 -1.504963
v -20.262457 15.873036 -1.497524
v -19.784185 15.911497 -1.460979
v -19.307236 15.959240 -1.414407
v -18.828966 16.040138 -1.401471
v -18.366549 16.140266 -1.366219
v -17.901489 16.240395 -1.348431
v -17.427183 16.358427 -1.319000
v -16.958160 16.495026 -1.254965
v -16.487816 16.627647 -1.183491
v -16.022758 16.786129 -1.120748
v -15.564304 16.965830 -1.087760
v -15.091319 17.160780 -1.059623
v -14.591909 17.353081 -1.017903
v -14.074002 17.544054 -0.947722
v -13.542884 17.725080 -0.866869
v -13.017051 17.902128 -0.785369
v -12.471399 18.077850 -0.683171
v -11.920463 18.229038 -0.601347
v -11.369527 18.390835 -0.560274
v -10.818590 18.585123 -0.549601
v -10.247836 18.789360 -0.562538
v -9.653300 19.002214 -0.565772
v -9.046874 19.222364 -0.574504
v -8.470836 19.467051 -0.574827
v -7.929148 19.732954 -0.585500
v -7.431059 20.033339 -0.636599
v -7.601493 20.384783 -0.059631
v -8.069194 20.058537 -0.049928
v -8.600312 19.787329 -0.046047
v -9.176352 19.541981 -0.058013
v -9.776172 19.320503 -0.074831
v -10.365422 19.078472 -0.082593
v -10.932213 18.852354 -0.098763
v -11.487112 18.660055 -0.139190
v -12.042012 18.482344 -0.198698
v -12.598233 18.319883 -0.294105
v -13.149170 18.148804 -0.400184
v -13.681609 17.961807 -0.504323
v -14.207442 17.762878 -0.588087
v -14.710816 17.548033 -0.663766
v -15.189087 17.323904 -0.721657
v -15.651504 17.111712 -0.779871
v -16.105993 16.924053 -0.841320
v -16.561804 16.774855 -0.919262
v -17.028183 16.652182 -0.998175
v -17.495884 16.524866 -1.064151
v -17.958302 16.395561 -1.113957
v -18.415432 16.275539 -1.153413
v -18.875206 16.168779 -1.192869
v -19.344229 16.083241 -1.226181
v -19.822500 16.041464 -1.260786
v -20.290201 16.010300 -1.299596
v -20.738085 15.966535 -1.322235
v -21.143690 15.933379 -1.319647
v -21.532120 15.906855 -1.318030
v -21.912622 15.883646 -1.317060
v -22.274630 15.858449 -1.318354
v -22.593035 15.835903 -1.312532
v -22.590393 15.843197 -1.181550
v -22.291803 15.797443 -1.036014
v -21.924513 15.892267 -1.153413
v -21.549295 15.914149 -1.140800
v -21.156902 15.943326 -1.119778
v -22.282557 15.866405 -1.169907
v -21.166151 15.853806 -0.934462
v -21.164829 15.692010 -0.854579
v -21.155581 15.546791 -0.894036
v -21.137085 15.445999 -1.017903
v -21.536083 15.416822 -1.201602
v -21.127836 15.408202 -1.191252
v -20.715624 15.450641 -0.988149
v -20.703733 15.407539 -1.171201
v -20.269062 15.458598 -0.952574
v -20.245281 15.416822 -1.152443
v -19.798719 15.486448 -0.918939
v -19.767010 15.440694 -1.134008
v -19.305914 15.520929 -0.880129
v -19.274206 15.481144 -1.110076
v -18.817074 15.571988 -0.836145
v -18.784044 15.539496 -1.076117
v -18.341446 15.635646 -0.786663
v -18.307095 15.603817 -1.027282
v -17.872423 15.693999 -0.716159
v -17.830145 15.667475 -0.969714
v -17.395473 15.755005 -0.634659
v -17.347912 15.737101 -0.903091
v -16.911919 15.830598 -0.536988
v -16.859072 15.815347 -0.827413
v -16.420437 15.928074 -0.445139
v -16.360983 15.909508 -0.764024
v -15.927632 16.044117 -0.351349
v -15.865536 16.020245 -0.690932
v -15.429543 16.160160 -0.251091
v -15.366126 16.133636 -0.617194
v -14.931455 16.289465 -0.146952
v -14.862753 16.252995 -0.538605
v -14.441294 16.429379 -0.036991
v -14.352774 16.392246 -0.460339
v -13.830903 16.541443 -0.369460
v -13.927350 16.584545 0.061003
v -13.301106 16.704567 -0.278258
v -13.400195 16.744352 0.159644
v -12.772631 16.861721 -0.189642
v -12.865113 16.892887 0.262489
v -12.216410 16.996994 -0.096176
v -12.312857 17.026834 0.375037
v -11.645656 17.119669 -0.007237
v -11.735497 17.156803 0.482410
v -11.142282 17.321915 0.568761
v -11.076222 17.284119 0.073292
v -10.533214 17.515541 0.630856
v -10.486972 17.477081 0.119217
v -9.916218 17.713808 0.666755
v -9.880546 17.656780 0.147354
v -9.282046 17.896160 0.709769
v -9.270156 17.877594 0.174844
v -8.610882 18.053980 0.723352
v -8.589743 17.982365 0.154469
v -7.913293 18.229702 0.725940
v -7.909330 18.164717 0.104663
v -7.217026 18.438578 0.722706
v -7.227596 18.352375 0.045155
v -6.511511 18.687904 0.711386
v -6.540577 18.553959 -0.013382
v -5.844310 18.995584 0.644763
v -5.858843 18.815220 -0.036021
v -5.367361 19.291328 0.531245
v -5.380572 19.139477 -0.077742
v -5.438704 19.758152 1.040944
v -6.023992 19.510151 1.082341
v -5.751827 20.417938 1.404783
v -6.354290 20.069147 1.355301
v -6.346362 21.027992 1.225613
v -6.655520 19.175285 1.121474
v -7.341218 18.891478 1.132146
v -8.040128 18.658728 1.132146
v -8.733752 18.441231 1.114035
v -9.404917 18.248268 1.073932
v -10.045694 18.050663 1.018952
v -10.654763 17.782770 1.071992
v -11.283649 17.601080 0.972057
v -11.887433 17.452545 0.863714
v -12.466114 17.304010 0.732085
v -13.013087 17.152824 0.611775
v -13.546847 16.995668 0.487261
v -14.063433 16.825251 0.369539
v -14.568128 16.694620 0.185840
v -15.056968 16.552717 0.074586
v -15.543166 16.377657 0.006346
v -16.025400 16.239069 -0.115904
v -16.510277 16.114407 -0.219073
v -16.987226 16.008972 -0.318684
v -17.454927 15.941337 -0.480067
v -17.923950 15.882983 -0.580002
v -18.386366 15.816010 -0.662149
v -18.850103 15.711903 -0.656974
v -19.342909 15.661508 -0.712925
v -19.843639 15.621721 -0.766288
v -20.306055 15.585251 -0.813183
v -20.743370 15.563368 -0.855226
v -20.755260 15.720523 -0.824179
v -20.329838 15.756330 -0.786339
v -19.868742 15.801422 -0.738798
v -19.374617 15.872374 -0.677349
v -18.891062 15.945315 -0.604905
v -18.423361 16.002342 -0.620752
v -17.966228 16.094513 -0.552512
v -17.505133 16.183369 -0.467454
v -17.041395 16.273550 -0.342293
v -16.573694 16.397551 -0.236537
v -16.109957 16.536139 -0.121402
v -15.647540 16.703903 -0.005297
v -15.170590 16.860395 0.114042
v -14.687035 17.019541 0.225943
v -14.196873 17.201231 0.384416
v -13.672360 17.389551 0.511194
v -13.135958 17.575220 0.644116
v -12.596912 17.709829 0.767660
v -12.027479 17.886215 0.915783
v -11.422374 18.056631 1.002134
v -10.811984 18.243626 1.089132
v -10.196310 18.437252 1.149287
v -9.556854 18.659391 1.223025
v -8.900223 18.894129 1.249222
v -8.225095 19.119585 1.278329
v -7.565821 19.366259 1.298381
v -6.942219 19.683222 1.310347
v -6.788961 20.577745 1.153815
v -7.201172 20.863543 0.626652
v -6.876159 21.322409 0.651231
v -6.913153 21.250132 -0.147276
v -7.228917 20.771372 -0.102645
v -7.604135 20.483585 0.622124
v -7.281765 20.146729 1.166428
v -7.807598 19.818493 1.098835
v -8.421951 19.571157 1.097865
v -9.074619 19.311220 1.090426
v -9.700864 19.057917 1.018305
v -10.325787 18.833124 0.938422
v -10.915037 18.607006 0.858862
v -11.508251 18.424654 0.783831
v -12.096181 18.251583 0.697479
v -12.648438 18.064589 0.554854
v -13.212586 17.908760 0.430340
v -13.755595 17.737680 0.323291
v -14.261611 17.511562 0.190044
v -14.762342 17.331198 0.079437
v -15.232686 17.141550 -0.036991
v -15.710957 16.963840 -0.137896
v -16.156199 16.780823 -0.275347
v -16.609365 16.628973 -0.385307
v -17.066498 16.497679 -0.491387
v -17.530235 16.394897 -0.583236
v -17.990009 16.288801 -0.667647
v -18.443178 16.191326 -0.736210
v -18.912201 16.148888 -0.746236
v -18.448463 16.315327 -0.926701
v -17.996616 16.430042 -0.868486
v -17.539484 16.557358 -0.798629
v -17.075747 16.677380 -0.716482
v -16.609365 16.790108 -0.624956
v -16.160162 16.939304 -0.536341
v -18.906916 16.209230 -0.970685
v -19.375938 16.120375 -1.014992
v -19.856852 16.066662 -1.048951
v -20.311340 16.021572 -1.082262
v -20.753939 15.976480 -1.099080
v -20.763187 15.881658 -0.907619
v -20.332479 15.924759 -0.876248
v -19.875347 15.978470 -0.840349
v -19.390471 16.054728 -0.802833
v -3.437102 29.194094 -1.078059
v -3.758151 29.261730 -1.236855
v -3.394824 29.148338 -1.176376
v -3.714552 29.200060 -1.341317
v -3.367079 29.060810 -1.256583
v -3.696055 29.109879 -1.414085
v -4.017104 29.173536 -1.576115
v -4.030316 29.269024 -1.506258
v -3.495234 29.196083 -0.949017
v -3.117374 29.173536 -0.907944
v -3.069811 29.115183 -1.010789
v -3.034139 29.028980 -1.095200
v -2.721017 29.129772 -0.855874
v -2.771222 29.184809 -0.751088
v -2.406574 29.243826 -0.586471
v -2.357690 29.152317 -0.685759
v -2.323339 29.045559 -0.755616
v -2.685345 29.031633 -0.929612
v -3.023569 28.909622 -1.131745
v -3.360473 28.936810 -1.304771
v -3.700019 28.995163 -1.451601
v -4.028995 29.062799 -1.591962
v -3.730406 28.883760 -1.428315
v -3.388218 28.806841 -1.289571
v -3.043387 28.790926 -1.102315
v -3.442387 28.698093 -1.209364
v -3.788538 28.789600 -1.350049
v -4.059382 28.965986 -1.565442
v -4.100339 28.899012 -1.499143
v -4.373826 29.028316 -1.699335
v -4.405534 28.971291 -1.646295
v -4.681663 29.064789 -1.826760
v -4.705444 29.007097 -1.775337
v -4.988179 29.015718 -1.885621
v -4.974967 29.072744 -1.934133
v -5.225993 29.055504 -2.015956
v -5.229957 29.129772 -2.042153
v -5.420208 29.034285 -2.053149
v -5.224672 29.009750 -1.969385
v -5.404354 28.995163 -1.997198
v -4.972324 29.148338 -1.959036
v -4.668451 29.145023 -1.850046
v -4.351365 29.113857 -1.729736
v -4.343438 29.217302 -1.717770
v -4.668451 29.237858 -1.845841
v -4.980252 29.229237 -1.954508
v -5.233920 29.215313 -2.036008
v -5.426814 29.132425 -2.090988
v -5.654058 29.019033 -2.035038
v -5.523261 28.983889 -1.958389
v -5.500801 28.995163 -1.881093
v -5.393784 28.975933 -1.941248
v -5.404354 28.995163 -1.997198
v -5.232599 28.979912 -1.907937
v -5.224672 29.009750 -1.969385
v -4.988179 29.015718 -1.885621
v -5.010639 28.981237 -1.812530
v -4.743759 28.970627 -1.690280
v -4.705444 29.007097 -1.775337
v -4.405534 28.971291 -1.646295
v -4.451776 28.940125 -1.551212
v -4.100339 28.899012 -1.499143
v -4.151865 28.869173 -1.398884
v -3.788538 28.789600 -1.350049
v -4.496696 28.952724 -1.449660
v -4.786037 28.979248 -1.590668
v -5.048954 28.981237 -1.713565
v -5.255059 28.976595 -1.821909
v -5.377930 28.975933 -1.873331
v -5.433420 29.013729 -1.807355
v -5.585357 29.069429 -1.853603
v -5.622350 29.176189 -1.892413
v -5.650095 29.188126 -2.067379
v -5.510049 29.233215 -1.821909
v -5.495516 29.284275 -1.948687
v -5.410960 29.249794 -2.043770
v -5.479661 29.111868 -1.773397
v -5.340937 29.148338 -1.680577
v -5.301301 29.027655 -1.731353
v -5.087268 29.043570 -1.622363
v -4.823030 29.044231 -1.494615
v -4.540296 29.027655 -1.351666
v -4.200749 28.894371 -1.286984
v -3.904803 28.795568 -1.095523
v -3.846671 28.756445 -1.231033
v -3.512410 28.653002 -1.072884
v -3.442387 28.698093 -1.209364
v -3.085665 28.704723 -1.025019
v -3.139834 28.672232 -0.914735
v -2.775186 28.677536 -0.742356
v -2.727623 28.697430 -0.843584
v -2.417143 28.700083 -0.565773
v -2.373544 28.723291 -0.659562
v -2.022107 28.724617 -0.478128
v -2.065706 28.682840 -0.387895
v -1.662744 28.597963 -0.321919
v -1.714270 28.562157 -0.210989
v -1.752585 28.571440 -0.084211
v -2.100058 28.715996 -0.284080
v -1.773724 28.669579 0.068440
v -2.458100 28.744511 -0.464221
v -2.821427 28.729921 -0.635630
v -3.187397 28.724617 -0.804775
v -3.570542 28.696104 -0.933817
v -4.239064 28.973944 -1.188019
v -3.224390 28.822092 -0.720041
v -2.862384 28.821430 -0.547661
v -2.497736 28.828060 -0.372048
v -2.138372 28.798222 -0.178324
v -2.147620 28.954050 -0.135633
v -1.718234 28.906307 0.157702
v -1.638962 29.119825 0.177430
v -2.122518 29.123804 -0.161506
v -1.591399 29.284275 0.045478
v -2.069670 29.259077 -0.237508
v -1.555727 29.320082 -0.183175
v -2.003611 29.284275 -0.405683
v -1.961333 29.185472 -0.519201
v -1.520055 29.200060 -0.368167
v -1.940194 29.042906 -0.583237
v -1.518734 29.003120 -0.431233
v -1.949442 28.901001 -0.588412
v -1.547800 28.814135 -0.450638
v -1.608575 28.670906 -0.403743
v -1.979829 28.781643 -0.554777
v -1.662744 28.597963 -0.321919
v -2.022107 28.724617 -0.478128
v -2.341835 28.808830 -0.724892
v -2.373544 28.723291 -0.659562
v -2.695914 28.796894 -0.910531
v -2.727623 28.697430 -0.843584
v -3.085665 28.704723 -1.025019
v -2.672133 28.899675 -0.956132
v -2.314090 28.918242 -0.777285
v -2.464706 29.225922 -0.448374
v -2.500378 29.104574 -0.373018
v -2.514911 28.964659 -0.336473
v -2.880881 28.954714 -0.508852
v -3.237602 28.948746 -0.669265
v -2.865026 29.089987 -0.548308
v -2.820106 29.156296 -0.644685
v -3.166258 29.141045 -0.807686
v -3.216463 29.082029 -0.707428
v -3.603572 28.981901 -0.779549
v -3.604893 28.813473 -0.821269
v -3.932548 28.892382 -0.999469
v -4.257561 29.106564 -1.124954
v -3.933869 29.038263 -0.945136
v -3.886306 29.190777 -0.991384
v -3.561294 29.121151 -0.838410
v -3.818926 29.266371 -1.101991
v -4.141296 29.343290 -1.268226
v -4.213962 29.265045 -1.163116
v -4.521799 29.310135 -1.323853
v -4.561434 29.152981 -1.292482
v -4.825673 29.320745 -1.468095
v -4.844169 29.169558 -1.430256
v -4.454418 29.393686 -1.434460
v -4.069952 29.336660 -1.396621
v -4.357971 29.313452 -1.661819
v -4.684305 29.326714 -1.800564
v -4.994785 29.307484 -1.914405
v -5.204854 29.283611 -1.986849
v -5.270914 29.318092 -1.946099
v -5.313191 29.335997 -1.845841
v -5.340937 29.276981 -1.733294
v -5.118977 29.158949 -1.567059
v -5.111050 29.310799 -1.612661
v -5.070093 29.381750 -1.733617
v -5.026494 29.359205 -1.851016
v -4.714693 29.384403 -1.723268
v -4.393643 29.383078 -1.563502
v -4.772825 29.404297 -1.590668
v -12.696001 18.402107 0.202011
v -13.253544 18.221745 0.087846
v -13.789947 18.016182 -0.027613
v -14.305211 17.803328 -0.136603
v -14.796694 17.585167 -0.245269
v -15.263074 17.354406 -0.345527
v -15.714920 17.131605 -0.440287
v -12.126569 18.566557 0.308414
v -11.558456 18.753551 0.394118
v -11.000915 18.947842 0.451685
v -10.424875 19.164675 0.502138
v -9.825055 19.402729 0.550003
v -9.221272 19.653381 0.580404
v -8.628057 19.912655 0.602719
v -8.079763 20.180548 0.616303
v 3.172812 14.509036 -0.581295
v 2.825339 14.078020 -0.657621
v 3.386845 15.112459 -0.395656
v 3.551993 15.666149 -0.665059
v 3.051262 15.874363 -1.260139
v 2.370849 15.567347 -1.763693
v 3.102789 14.630383 -0.351025
v 3.293040 15.269614 -0.034081
v 3.275865 15.909508 -0.231686
v 2.769849 16.180054 -0.832911
v 2.051121 15.997700 -1.534717
v 2.739461 14.173507 -0.436730
v 3.047299 14.721229 -0.039579
v 2.680008 14.237827 -0.165386
v 2.310075 13.770340 -0.646301
v 2.183240 13.812116 -0.367843
v 1.851622 13.524329 -1.022107
v 1.579457 13.580693 -0.743972
v 2.048479 13.463325 -1.210657
v 2.444836 13.700051 -0.859430
v 2.244015 13.378448 -1.368482
v -0.044286 28.034327 -0.002387
v 0.016489 28.449429 0.058091
v 0.049519 27.989901 0.310030
v 0.091797 28.445450 0.326847
v -0.002008 27.967354 0.577169
v 0.036307 28.608574 0.603365
v -0.138090 27.921600 0.761191
v -0.179047 28.474627 0.798707
v -0.337590 28.386435 0.924191
v -0.369299 28.912275 1.047088
v -0.153945 28.997814 0.875679
v 0.105009 29.143698 0.749225
v -0.309845 28.120531 -0.190613
v -0.210756 28.568125 -0.127548
v -0.546338 28.818777 -0.237508
v -0.710166 28.270391 -0.276965
v -0.332305 27.877172 0.849806
v 2.481829 13.248479 -1.523397
v 2.226840 13.204051 -1.910846
v 2.244015 13.378448 -1.368482
v 1.970529 13.322083 -1.802826
v 2.121145 13.315453 -2.385293
v 1.831804 13.445420 -2.341632
v 1.977135 14.039559 -2.659224
v 1.570208 13.528308 -2.280831
v 1.741963 13.402982 -1.695776
v 2.048479 13.463325 -1.210657
v 1.851622 13.524329 -1.022107
v 1.516039 13.457356 -1.563501
v 1.579457 13.580693 -0.743972
v 1.192348 13.498468 -1.369776
v 1.333715 13.572073 -2.205475
v 1.033805 13.587324 -2.111039
v 1.439411 14.296180 -2.564787
v 1.061550 14.343924 -2.561877
v 1.759138 15.031560 -2.260779
v 1.209523 15.377036 -2.204505
v 2.073582 14.814063 -2.337105
v 1.715539 14.182790 -2.607801
v 2.324608 14.637014 -2.414077
vn -0.9325 -0.2537 -0.2570
vn -0.8732 -0.3881 0.2948
vn -0.1840 -0.9563 -0.2274
vn 0.0957 0.4798 -0.8721
vn 0.1915 0.5895 -0.7847
vn 0.2388 0.5494 -0.8007
vn -0.1802 -0.9829 0.0371
vn -0.7241 -0.3738 0.5796
vn -0.1166 -0.9269 0.3568
vn 0.0207 -0.8146 0.5796
vn 0.0977 0.4716 -0.8764
vn 0.1502 0.4331 -0.8887
vn -0.1713 0.0302 -0.9848
vn -0.1336 -0.9246 -0.3568
vn 0.0132 -0.9309 -0.3650
vn -0.1262 -0.9884 -0.0851
vn -0.1451 0.0591 -0.9877
vn -0.3616 -0.6919 -0.6249
vn -0.2345 -0.7559 -0.6112
vn -0.0501 0.0715 -0.9962
vn 0.1186 -0.9624 -0.2444
vn 0.0038 -0.9928 0.1199
vn 0.1469 0.4667 -0.8721
vn 0.2040 -0.9348 0.2907
vn 0.2221 0.6251 -0.7483
vn 0.3065 -0.9481 0.0851
vn 0.2539 -0.9670 0.0197
vn 0.2649 -0.9619 0.0677
vn 0.3053 0.6421 -0.7032
vn 0.2484 -0.9501 -0.1889
vn 0.1595 0.4665 -0.8700
vn 0.0843 0.0226 -0.9962
vn -0.0152 -0.8463 -0.5324
vn -0.0000 -0.9995 0.0328
vn -0.1559 0.0151 -0.9877
vn -0.4809 -0.6671 -0.5689
vn -0.0810 -0.9927 -0.0894
vn 0.2462 -0.9333 0.2613
vn 0.3888 -0.8895 0.2401
vn 0.2867 -0.9556 0.0677
vn -0.5639 -0.6466 -0.5138
vn 0.4218 -0.8839 -0.2018
vn 0.6059 -0.7684 -0.2061
vn -0.4238 -0.8999 0.1025
vn 0.5021 -0.3863 -0.7738
vn -0.5230 -0.8405 0.1416
vn 0.3501 -0.3888 -0.8522
vn -0.1280 -0.9914 0.0284
vn -0.2338 -0.9712 0.0459
vn 0.2093 -0.1987 -0.9575
vn 0.2262 -0.9111 -0.3445
vn -0.0151 -0.8463 -0.5324
vn 0.2098 -0.9774 0.0240
vn 0.1036 -0.9789 0.1760
vn 0.2375 -0.9655 -0.1068
vn 0.3578 -0.9108 -0.2061
vn 0.2573 -0.9044 -0.3404
vn 0.0546 -0.9649 0.2570
vn 0.5375 -0.7501 -0.3852
vn 0.8517 -0.5237 -0.0197
vn -0.0302 -0.9368 0.3486
vn 0.5912 -0.7880 0.1717
vn -0.1315 -0.8955 0.4251
vn 0.2117 -0.9736 -0.0851
vn -0.3297 -0.9413 0.0720
vn 0.1298 -0.9680 -0.2146
vn 0.1950 -0.9805 -0.0240
vn -0.4195 -0.6712 -0.6112
vn -0.2366 -0.8428 0.4835
vn -0.3287 -0.7800 0.5324
vn 0.6582 -0.0827 0.7483
vn 0.5483 -0.1706 0.8187
vn 0.3712 -0.1471 0.9168
vn 0.3813 0.0676 -0.9220
vn 0.1305 0.0076 -0.9914
vn 0.1305 -0.0076 -0.9914
vn 0.3242 -0.1537 -0.9334
vn 0.7315 -0.3157 -0.6043
vn 0.8029 0.0528 -0.5938
vn 0.5873 0.1346 0.7981
vn 0.7310 -0.2660 0.6283
vn 0.4873 0.2192 0.8453
vn 0.3311 -0.9114 0.2444
vn 0.3895 -0.9206 -0.0284
vn 0.6593 -0.7180 0.2231
vn 0.7281 -0.6854 0.0109
vn 0.8407 -0.4832 0.2443
vn 0.6616 -0.1051 0.7425
vn 0.9119 -0.3962 0.1068
vn 0.6483 0.0826 0.7569
vn 0.9546 -0.2975 0.0153
vn 0.7805 -0.6035 -0.1631
vn 0.9792 -0.2025 0.0153
vn 0.8134 -0.5154 -0.2697
vn 0.4550 -0.8460 -0.2781
vn 0.1784 -0.9486 -0.2613
vn 0.8886 -0.0452 0.4565
vn 0.1558 -0.8935 -0.4212
vn 0.9268 -0.3685 0.0720
vn -0.0529 -0.9460 -0.3198
vn -0.1950 -0.9803 -0.0328
vn -0.6264 -0.7743 -0.0894
vn -0.2221 -0.8423 0.4911
vn -0.6581 -0.5397 0.5250
vn 0.9987 -0.0076 -0.0502
vn -0.4037 -0.0786 0.9115
vn -0.0979 -0.2892 0.9523
vn 0.2511 -0.4199 0.8721
vn 0.2751 -0.9052 0.3239
vn 0.5469 -0.4141 0.7276
vn 0.2472 -0.8096 0.5324
vn 0.1313 -0.7498 0.6485
vn 0.3856 -0.5750 0.7216
vn 0.4929 -0.6457 0.5832
vn 0.5916 -0.6969 0.4053
vn 0.3321 -0.8610 0.3852
vn 0.4817 -0.7663 -0.4251
vn -0.1315 -0.8955 0.4252
vn -0.2365 -0.8428 0.4835
vn -0.0302 -0.9368 0.3487
vn 0.0547 -0.9648 0.2571
vn 0.7595 -0.5182 0.3933
vn 0.9456 -0.0302 0.3239
vn 0.8407 -0.4832 0.2444
vn 0.1037 -0.9789 0.1761
vn 0.7446 -0.2158 0.6317
vn 0.9779 -0.1130 -0.1760
vn 0.8072 0.1574 0.5689
vn 0.9793 -0.2025 -0.0022
vn 0.7510 0.0828 0.6551
vn 0.3425 -0.5605 0.7540
vn 0.5396 -0.7838 0.3074
vn -0.2447 -0.9510 0.1889
vn -0.3386 -0.7522 0.5652
vn -0.6551 -0.6192 0.4330
vn -0.5108 -0.8596 -0.0109
vn -0.5642 -0.8163 -0.1242
vn -0.8171 -0.4653 0.3404
vn -0.7935 -0.4611 0.3972
vn -0.4240 -0.8952 -0.1372
vn 0.6775 -0.4875 0.5508
vn -0.0961 -0.8805 -0.4643
vn 0.2348 -0.8157 -0.5287
vn 0.5836 -0.4371 -0.6844
vn 0.4300 0.7649 -0.4797
vn 0.5115 0.7779 -0.3649
vn 0.6291 -0.5411 -0.5581
vn 0.3771 -0.9067 -0.1889
vn -0.1317 -0.9596 -0.2486
vn 0.8356 0.5492 0.0153
vn 0.8203 0.5679 0.0677
vn 0.8963 -0.1800 0.4053
vn -0.4074 -0.6754 0.6146
vn 0.4812 0.6449 -0.5938
vn -0.2133 -0.8617 -0.4604
vn 0.9247 0.3753 -0.0633
vn 0.8572 -0.2456 0.4526
vn 0.1166 -0.6856 -0.7186
vn 0.0980 -0.7827 -0.6146
vn 0.6191 -0.4125 0.6683
vn -0.3339 0.8691 -0.3650
vn -0.3801 0.8943 0.2359
vn -0.3447 0.8631 -0.3690
vn -0.7530 0.5023 -0.4252
vn -0.6712 0.4391 -0.5973
vn -0.7127 0.3049 -0.6317
vn -0.6753 0.3862 -0.6283
vn -0.5383 0.4303 -0.7247
vn -0.3819 0.8925 0.2401
vn -0.8642 0.2424 -0.4409
vn -0.8264 0.0980 -0.5544
vn -0.5825 0.5238 -0.6216
vn -0.5380 -0.0038 -0.8430
vn -0.5403 0.4895 -0.6844
vn -0.3339 0.8691 -0.3649
vn -0.2435 0.5473 0.8007
vn -0.4010 0.8805 0.2528
vn -0.2677 0.5590 0.7847
vn -0.4740 0.8311 0.2907
vn -0.2839 0.4867 0.8261
vn -0.3335 0.4079 0.8500
vn -0.5944 0.7342 0.3281
vn -0.6102 0.7115 -0.3486
vn -0.8541 -0.4568 -0.2486
vn -0.4106 -0.6608 -0.6283
vn -0.4699 0.8038 -0.3650
vn -0.3864 0.8453 -0.3690
vn -0.9609 0.2135 -0.1760
vn -0.8602 0.3604 -0.3609
vn -0.5944 0.4375 -0.6747
vn -0.2056 0.3562 -0.9115
vn -0.2772 0.3796 -0.8826
vn 0.2700 0.0893 -0.9587
vn 0.1651 0.0873 -0.9824
vn -0.2975 0.5706 0.7654
vn 0.5021 -0.3862 -0.7738
vn 0.6603 -0.2796 -0.6970
vn 0.7581 -0.6143 -0.2189
vn 0.5251 -0.8139 0.2486
vn 0.3889 -0.8894 0.2401
vn -0.3025 0.5792 0.7569
vn -0.2930 0.5878 0.7541
vn -0.3610 0.9011 0.2401
vn 0.6330 -0.6849 0.3608
vn -0.2895 0.5969 0.7483
vn 0.8774 -0.4645 -0.1199
vn 0.9429 -0.3262 0.0677
vn 0.7729 -0.1278 -0.6215
vn -0.2187 0.9000 -0.3771
vn -0.3328 0.9119 0.2402
vn -0.2662 0.8853 -0.3812
vn 0.8743 0.1130 -0.4720
vn -0.3310 0.9137 0.2359
vn 0.8961 0.2896 -0.3363
vn -0.2078 0.9008 -0.3812
vn 0.9240 -0.2752 0.2655
vn 0.6002 -0.6162 0.5100
vn 0.4762 -0.6766 0.5616
vn -0.3346 0.9101 0.2444
vn -0.3039 0.8766 -0.3731
vn -0.3234 0.5903 0.7395
vn -0.3415 0.5763 0.7425
vn 0.3533 0.2026 -0.9133
vn -0.0621 0.3740 -0.9253
vn 0.3949 0.4363 -0.8085
vn -0.0114 0.5415 -0.8406
vn -0.3522 0.9057 0.2359
vn -0.3819 0.5660 0.7307
vn -0.3955 0.8909 0.2231
vn -0.4065 0.5486 0.7306
vn -0.4197 0.8776 0.2316
vn -0.4020 0.5558 0.7277
vn -0.4365 0.8716 0.2231
vn -0.4054 0.5765 0.7094
vn -0.4504 0.8707 0.1975
vn 0.3414 0.5335 -0.7738
vn -0.4149 0.6032 0.6812
vn -0.0697 0.4804 -0.8743
vn -0.3522 0.5849 -0.7306
vn -0.4742 0.5955 -0.6485
vn -0.6999 0.6278 -0.3405
vn -0.7897 0.5402 -0.2907
vn -0.9119 0.4104 0.0065
vn -0.4337 0.8819 0.1846
vn -0.3999 0.6273 0.6683
vn -0.3941 0.8985 0.1932
vn -0.2987 0.9021 -0.3115
vn -0.2189 0.9204 -0.3239
vn -0.3522 0.8811 -0.3156
vn -0.8444 0.5333 0.0502
vn -0.8139 0.2054 0.5435
vn -0.8898 0.0829 0.4487
vn -0.4788 -0.2533 0.8406
vn -0.3571 0.8745 -0.3281
vn -0.3292 0.8759 -0.3527
vn -0.9623 -0.1280 0.2402
vn -0.2951 0.8813 -0.3690
vn -0.5708 -0.5521 0.6078
vn -0.5367 -0.3490 0.7682
vn 0.0639 -0.6370 0.7682
vn 0.0809 -0.6518 0.7541
vn 0.6001 -0.6162 0.5101
vn 0.4761 -0.6766 0.5617
vn -0.2590 0.8875 -0.3812
vn -0.2298 0.8955 -0.3812
vn -0.4585 0.6285 0.6283
vn -0.3948 0.6236 0.6747
vn -0.2648 0.9613 0.0764
vn 0.1070 -0.7565 0.6452
vn 0.6329 -0.6850 0.3609
vn 0.1651 -0.8880 0.4291
vn 0.3888 -0.8895 0.2402
vn -0.4501 -0.0639 0.8907
vn -0.1111 0.9757 0.1889
vn -0.3508 0.6077 0.7125
vn -0.0415 0.9677 0.2486
vn -0.1783 0.9750 0.1329
vn 0.0321 0.9382 -0.3445
vn 0.1130 0.9449 -0.3074
vn 0.1949 0.9510 -0.2402
vn 0.2683 0.9479 -0.1717
vn -0.3642 -0.8914 0.2697
vn 0.3428 0.7044 -0.6215
vn -0.0811 -0.9927 -0.0894
vn 0.2694 0.6776 -0.6844
vn 0.2048 0.6646 -0.7186
vn -0.0378 0.9080 -0.4172
vn -0.8107 -0.5798 0.0808
vn -0.5188 0.1559 0.8406
vn -0.9578 0.2684 0.1025
vn -0.7818 0.6221 0.0415
vn -0.6762 -0.2729 -0.6843
vn -0.5230 -0.0113 -0.8522
vn -0.4307 0.1978 -0.8806
vn -0.6945 0.7145 -0.0851
vn -0.4422 -0.0638 0.8946
vn -0.5407 0.6513 0.5325
vn -0.3514 -0.6590 0.6650
vn -0.5784 0.6570 0.4835
vn -0.2258 0.1992 0.9536
vn -0.0113 -0.3709 0.9286
vn 0.1361 -0.2733 0.9523
vn 0.3117 -0.5475 0.7766
vn 0.1212 -0.1999 0.9723
vn 0.3026 -0.5290 0.7928
vn -0.0187 -0.2500 0.9681
vn 0.2125 -0.6003 0.7710
vn -0.2038 -0.2384 0.9496
vn 0.0939 -0.7109 0.6970
vn -0.3156 -0.6672 0.6747
vn -0.0207 -0.7831 0.6216
vn -0.4095 -0.1686 0.8966
vn -0.3072 -0.6776 0.6683
vn -0.4143 -0.0860 0.9060
vn 0.0170 -0.7553 0.6552
vn -0.3926 -0.1224 0.9115
vn 0.0809 -0.7001 0.7094
vn -0.4837 -0.0414 0.8743
vn -0.4788 -0.2532 0.8406
vn -0.5681 0.6148 0.5471
vn -0.3666 0.9160 -0.1631
vn -0.7021 0.3596 0.6147
vn -0.6296 0.4426 0.6385
vn -0.5790 0.3908 0.7155
vn -0.4020 0.2437 0.8826
vn -0.0340 0.6851 -0.7277
vn -0.2317 0.1720 0.9575
vn -0.1146 0.1635 0.9799
vn 0.2071 0.3460 -0.9151
vn 0.1517 0.6624 -0.7336
vn -0.5216 0.5988 0.6078
vn 0.2949 0.2868 -0.9115
vn -0.5512 0.6299 0.5472
vn 0.3387 0.2973 -0.8927
vn -0.6400 0.7679 -0.0284
vn -0.3593 0.3486 -0.8657
vn 0.1934 -0.4780 -0.8568
vn 0.1767 -0.5389 -0.8236
vn 0.0585 -0.6171 -0.7847
vn -0.2410 -0.6976 -0.6747
vn 0.3936 0.3215 -0.8613
vn 0.3044 -0.9420 0.1416
vn 0.4908 -0.8652 -0.1025
vn 0.5117 -0.8435 -0.1631
vn 0.4399 0.3691 -0.8187
vn 0.4507 -0.7479 0.4873
vn 0.3281 -0.7514 0.5725
vn 0.4020 0.7315 -0.5508
vn 0.2233 -0.6142 0.7569
vn 0.3118 -0.5476 0.7765
vn 0.4642 -0.7613 0.4526
vn 0.2774 0.9515 -0.1329
vn 0.0245 0.9526 0.3032
vn -0.4170 -0.6368 0.6485
vn -0.4854 -0.0038 0.8743
vn -0.4636 -0.0488 0.8847
vn -0.3171 0.6046 0.7306
vn -0.2776 0.6061 0.7454
vn -0.2397 0.6255 0.7425
vn 0.0547 0.9459 0.3198
vn 0.0132 0.9446 0.3281
vn 0.3026 -0.5291 0.7928
vn 0.4182 -0.8300 0.3690
vn -0.2113 0.6357 0.7425
vn -0.2640 0.6227 0.7366
vn -0.3647 0.0412 0.9302
vn 0.4651 -0.8533 -0.2358
vn -0.4644 0.0414 0.8847
vn -0.5160 -0.5067 0.6907
vn 0.4014 -0.8310 -0.3852
vn 0.3397 -0.9137 0.2231
vn 0.4046 -0.7160 -0.5689
vn 0.2975 -0.9547 0.0022
vn -0.0207 -0.7831 0.6215
vn -0.3663 -0.5042 0.7820
vn -0.5001 -0.5813 0.6419
vn -0.4371 -0.8375 0.3281
vn -0.2782 -0.8513 0.4448
vn -0.2859 -0.5304 0.7981
vn 0.1829 -0.3772 -0.9079
vn -0.3507 -0.0038 0.9365
vn -0.3293 0.4347 -0.8382
vn -0.6002 0.7985 -0.0459
vn -0.5377 0.8358 -0.1112
vn -0.5980 0.7006 0.3892
vn -0.3812 0.5548 0.7395
vn -0.2569 0.9029 0.3445
vn -0.6330 0.7462 0.2060
vn -0.1073 0.9341 0.3404
vn -0.7375 0.6681 0.0982
vn -0.3054 0.8690 0.3893
vn -0.0038 0.9686 -0.2486
vn -0.0114 0.9835 -0.1803
vn -0.4408 0.4501 0.7766
vn -0.4230 -0.0113 0.9060
vn -0.4623 -0.0000 0.8867
vn -0.6999 0.6279 -0.3404
vn -0.5783 0.7356 -0.3527
vn 0.4366 -0.1268 -0.8907
vn 0.3565 -0.1405 -0.9237
vn 0.2458 -0.5615 -0.7901
vn -0.2726 0.5176 -0.8111
vn 0.3771 -0.5576 -0.7395
vn -0.0698 0.4804 -0.8743
vn 0.4495 -0.0902 -0.8887
vn -0.2293 0.0781 -0.9702
vn -0.1732 0.5698 -0.8033
vn 0.3985 -0.5344 -0.7454
vn 0.1564 -0.0940 -0.9832
vn -0.3036 -0.7367 -0.6043
vn 0.2804 -0.6190 -0.7336
vn 0.2612 -0.9651 -0.0197
vn 0.0829 0.9913 -0.1025
vn 0.1261 -0.9418 0.3115
vn 0.2347 -0.2078 -0.9496
vn -0.3521 -0.5346 0.7682
vn -0.3910 -0.5318 0.7512
vn -0.2209 0.5184 -0.8261
vn -0.4886 0.8412 -0.2317
vn -0.5352 -0.4726 0.7001
vn -0.5453 -0.0038 0.8382
vn -0.4902 0.4065 0.7710
vn -0.3016 0.8573 0.4172
vn 0.0246 0.9725 -0.2317
vn 0.2616 0.6341 -0.7276
vn 0.2500 0.6913 -0.6780
vn 0.3864 0.3637 -0.8476
vn 0.3573 0.2549 -0.8985
vn 0.0170 -0.7553 0.6551
vn 0.0810 -0.7001 0.7094
vn 0.0809 -0.6518 0.7540
vn 0.3789 0.4456 -0.8111
vn 0.4584 -0.0076 -0.8887
vn 0.1672 -0.9238 -0.3445
vn 0.4580 -0.8889 -0.0022
vn 0.4169 -0.8252 -0.3811
vn 0.3978 -0.5058 -0.7654
vn 0.7223 -0.5546 -0.4132
vn 0.7584 -0.6517 -0.0066
vn 0.8652 -0.3395 -0.3690
vn 0.8924 -0.4513 -0.0022
vn 0.2423 -0.8581 -0.4527
vn 0.1261 -0.8553 -0.5025
vn 0.9348 -0.3545 0.0197
vn 0.9139 -0.2390 -0.3280
vn 0.9205 -0.2245 -0.3198
vn 0.2568 -0.8539 -0.4526
vn 0.8698 -0.3322 -0.3649
vn 0.9056 -0.4242 0.0022
vn 0.7338 -0.6179 0.2823
vn 0.7696 -0.4799 0.4212
vn 0.7889 -0.4475 0.4212
vn 0.7596 -0.5118 0.4013
vn 0.6497 -0.6457 0.4013
vn 0.3943 -0.8287 0.3973
vn 0.2461 -0.8550 -0.4565
vn 0.0698 -0.8639 -0.4988
vn 0.6801 -0.6800 -0.2739
vn -0.1926 -0.7812 -0.5938
vn -0.0923 -0.9940 0.0590
vn 0.0491 -0.5058 -0.8612
vn 0.1924 -0.7677 0.6112
vn 0.2982 -0.5115 0.8059
vn 0.2278 -0.1235 -0.9658
vn 0.2878 0.1857 -0.9395
vn 0.2274 0.6020 -0.7654
vn 0.1658 -0.6321 0.7569
vn 0.0207 -0.8146 0.5797
vn -0.0377 0.9700 -0.2401
vn 0.3190 -0.5274 0.7874
vn -0.3748 0.8999 0.2232
vn 0.3560 -0.4861 0.7981
vn 0.3439 -0.4554 0.8212
vn -0.7087 0.4795 0.5176
vn -0.2584 -0.3973 0.8806
vn -0.2624 -0.6199 0.7395
vn -0.6446 -0.6246 0.4409
vn -0.7492 -0.0715 0.6585
vn -0.7292 -0.1977 0.6552
vn -0.2211 -0.3228 0.9203
vn -0.1923 -0.2981 0.9350
vn -0.1942 -0.3114 0.9302
vn -0.4469 -0.3433 0.8261
vn -0.7116 -0.4072 0.5725
vn -0.7555 0.3053 0.5796
vn -0.3934 -0.8573 0.3322
vn -0.6592 0.2114 0.7216
vn -0.5826 0.1233 0.8033
vn -0.6601 -0.0000 0.7512
vn -0.7077 -0.0678 0.7032
vn -0.2404 -0.8545 0.4604
vn -0.7104 -0.0977 0.6970
vn -0.9523 -0.0340 0.3032
vn -0.8711 -0.4876 0.0590
vn -0.3543 -0.8246 -0.4409
vn 0.4416 -0.4950 -0.7483
vn 0.6801 -0.6801 -0.2739
vn 0.7171 -0.2088 -0.6650
vn 0.8697 -0.3322 -0.3650
vn -0.2166 -0.8324 0.5101
vn 0.7473 -0.0603 -0.6617
vn 0.7151 -0.0529 -0.6970
vn 0.9139 -0.2390 -0.3281
vn 0.6394 -0.1351 -0.7569
vn 0.8652 -0.3394 -0.3690
vn 0.4764 -0.3143 -0.8212
vn 0.7222 -0.5546 -0.4133
vn 0.1965 -0.5509 -0.8111
vn 0.4169 -0.8252 -0.3812
vn -0.1741 -0.8354 0.5213
vn 0.1671 -0.9238 -0.3446
vn -0.0679 -0.6697 -0.7395
vn -0.0811 -0.9927 -0.0895
vn -0.4105 -0.6608 -0.6284
vn -0.4021 -0.8723 0.2781
vn -0.5379 -0.0038 -0.8430
vn -0.3047 -0.1563 -0.9395
vn -0.5403 0.4896 -0.6844
vn -0.1055 -0.9941 -0.0240
vn 0.0038 -0.9974 0.0720
vn -0.0675 -0.2763 -0.9587
vn -0.0170 -0.9932 0.1155
vn 0.1805 -0.0947 -0.9790
vn 0.3642 0.0453 -0.9302
vn 0.4574 0.0903 -0.8847
vn 0.4893 0.0603 -0.8700
vn 0.4756 -0.0453 -0.8785
vn 0.1167 -0.0979 -0.9883
vn -0.5064 -0.1816 -0.8430
vn -0.8749 -0.1504 -0.4604
vn -0.9248 0.1616 -0.3445
vn -0.0264 -0.9967 0.0764
vn -0.1634 -0.9825 -0.0894
vn 0.0666 0.1606 -0.9848
vn -0.5231 0.2280 -0.8212
vn -0.0114 -0.8394 -0.5435
vn -0.2630 -0.9584 -0.1112
vn -0.2228 -0.9664 -0.1285
vn -0.5359 -0.1011 0.8382
vn -0.6252 -0.7426 0.2401
vn -0.4164 -0.8721 -0.2570
vn -0.1927 -0.7812 -0.5937
vn 0.0698 -0.8640 -0.4987
vn 0.0469 0.2420 -0.9691
vn -0.0189 0.2330 -0.9723
vn -0.1660 0.1393 -0.9762
vn 0.2423 -0.8582 -0.4526
vn -0.5039 0.3549 -0.7875
vn -0.5186 0.3394 -0.7848
vn -0.9066 0.2934 -0.3032
vn -0.9438 0.0979 0.3157
vn -0.9462 0.1502 0.2865
vn -0.2842 -0.9163 0.2823
vn -0.1892 -0.9405 0.2823
vn -0.8813 0.3360 -0.3322
vn -0.8594 0.3815 -0.3404
vn -0.1223 -0.9563 0.2655
vn -0.0886 -0.9677 0.2359
vn -0.3351 -0.6959 0.6351
vn -0.5287 0.3169 -0.7875
vn -0.3482 0.0415 -0.9365
vn -0.3996 0.1267 -0.9079
vn -0.5518 0.4532 -0.7001
vn -0.6068 0.7851 -0.1242
vn -0.7663 -0.2771 0.5796
vn -0.8434 0.3703 0.3892
vn -0.7185 -0.4809 -0.5025
vn -0.7052 0.3013 -0.6418
vn 0.0038 0.0654 -0.9979
vn -0.5887 0.3457 -0.7307
vn -0.8134 0.5219 -0.2571
vn -0.6983 0.6970 -0.1631
vn -0.7039 0.5748 0.4172
vn -0.6691 0.6331 0.3892
vn -0.8031 0.4477 0.3933
vn -0.9172 0.2536 0.3074
vn -0.3701 -0.8320 0.4132
vn -0.0019 -0.9938 -0.1112
vn -0.0961 -0.9720 0.2146
vn 0.0924 -0.9732 -0.2103
vn 0.0585 -0.9826 -0.1760
vn -0.0019 -0.9887 -0.1502
vn -0.1055 -0.9849 -0.1372
vn -0.6265 -0.7743 -0.0895
vn -0.2404 -0.8350 -0.4949
vn -0.0038 -0.8534 -0.5213
vn 0.1130 -0.8196 -0.5617
vn -0.3482 -0.7791 -0.5213
vn -0.8078 -0.5700 -0.1502
vn -0.9064 -0.1983 0.3731
vn -0.9799 0.0490 0.1932
vn -0.8221 0.3241 0.4681
vn -0.8693 0.4366 0.2316
vn 0.0736 -0.8615 -0.5025
vn 0.1502 -0.8424 -0.5175
vn 0.1983 -0.8157 -0.5435
vn -0.6582 -0.5396 0.5250
vn -0.6682 0.1051 0.7366
vn -0.4037 -0.0787 0.9115
vn 0.1983 -0.8058 -0.5580
vn 0.0717 -0.8848 -0.4604
vn -0.2484 -0.9671 -0.0546
vn -0.9036 -0.3575 -0.2359
vn -0.4333 -0.6901 -0.5796
vn 0.0284 -0.5036 -0.8635
vn -0.9214 -0.1876 -0.3404
vn -0.9804 0.1950 0.0284
vn -0.9728 0.2099 -0.0981
vn -0.9056 0.3858 0.1760
vn -0.9574 0.1541 0.2443
vn -0.9733 0.1616 -0.1631
vn 0.2592 -0.0818 -0.9623
vn -0.9855 0.0868 -0.1460
vn -0.9484 -0.1055 0.2990
vn -0.9118 -0.2169 0.3486
vn -0.9949 -0.0227 -0.0981
vn -0.9649 -0.2576 -0.0502
vn 0.3239 -0.1112 -0.9395
vn -0.8560 -0.2020 -0.4759
vn -0.8675 0.0791 -0.4912
vn -0.8433 0.1576 -0.5138
vn 0.3405 -0.1257 -0.9318
vn -0.8586 0.1018 -0.5025
vn -0.8974 -0.0604 -0.4370
vn -0.4938 -0.5405 -0.6812
vn 0.0151 -0.6826 -0.7306
vn 0.0547 -0.7732 -0.6318
vn 0.4773 -0.7437 -0.4682
vn 0.0848 -0.7949 -0.6008
vn 0.4730 -0.7263 -0.4987
vn 0.3592 -0.1335 -0.9237
vn 0.4761 -0.7164 -0.5101
vn 0.3808 -0.0900 -0.9203
vn 0.4817 -0.7663 -0.4252
vn 0.8275 -0.4828 -0.2865
vn 0.2264 -0.5355 -0.8136
vn 0.2526 -0.5432 -0.8007
vn 0.2793 -0.5140 -0.8111
vn 0.2933 -0.4854 -0.8237
vn 0.2598 -0.4878 -0.8334
vn 0.1984 -0.8156 -0.5435
vn 0.1983 -0.8057 -0.5581
vn -0.8931 -0.2894 0.3445
vn 0.1503 -0.8423 -0.5176
vn 0.0736 -0.8614 -0.5025
vn 0.8136 -0.5351 -0.2274
vn -0.0037 -0.8534 -0.5213
vn 0.7742 -0.6092 -0.1717
vn 0.5285 -0.6870 -0.4987
vn 0.6012 -0.4760 -0.6419
vn -0.0113 -0.8393 -0.5435
vn 0.7915 -0.5853 -0.1760
vn 0.9140 -0.3470 0.2103
vn 0.4482 0.4428 -0.7766
vn 0.9582 -0.2463 0.1459
vn 0.3489 0.8005 -0.4873
vn 0.3945 0.4999 -0.7710
vn 0.4257 0.5044 -0.7512
vn 0.9807 -0.1876 0.0546
vn 0.9007 0.0679 0.4291
vn 0.9053 0.1502 0.3972
vn 0.2290 -0.4949 -0.8382
vn 0.4305 0.3165 0.8453
vn 0.4379 0.2651 0.8590
vn 0.8598 0.0226 0.5101
vn 0.4562 0.3054 0.8359
vn 0.3197 -0.4856 -0.8136
vn 0.8410 -0.0377 0.5398
vn 0.4340 0.0302 -0.9004
vn 0.3952 -0.0076 -0.9186
vn -0.2784 0.2691 0.9220
vn -0.1714 0.2270 0.9587
vn -0.6681 0.1051 0.7366
vn -0.8220 0.3242 0.4682
vn -0.2911 0.4992 0.8161
vn -0.8693 0.4366 0.2317
vn -0.2518 0.6066 0.7541
vn -0.9056 0.3859 0.1761
vn -0.2162 0.4347 0.8743
vn 0.2291 0.7686 -0.5973
vn 0.5839 0.0974 0.8059
vn 0.5017 0.3208 0.8033
vn 0.8389 -0.1796 0.5138
vn 0.8906 -0.4097 0.1975
vn 0.8852 -0.3958 -0.2444
vn 0.2709 0.8093 -0.5213
vn 0.2079 0.9713 -0.1156
vn 0.4081 0.7597 -0.5063
vn 0.9375 -0.3118 0.1545
vn 0.8443 -0.2311 0.4835
vn 0.5705 -0.1123 0.8136
vn -0.2753 0.0524 0.9599
vn -0.9573 0.1541 0.2444
vn -0.9484 -0.1055 0.2991
vn -0.3533 -0.3493 0.8678
vn -0.4137 -0.4523 0.7901
vn -0.9118 -0.2170 0.3487
vn -0.4483 -0.6010 0.6617
vn -0.5803 -0.7942 0.1803
vn -0.1084 0.1727 0.9790
vn -0.1294 0.7414 0.6585
vn -0.0955 0.1504 0.9840
vn -0.4721 -0.7371 -0.4836
vn -0.1155 -0.2553 -0.9599
vn -0.1498 0.7577 0.6351
vn 0.1243 -0.9075 -0.4013
vn -0.1253 0.1872 0.9743
vn -0.1540 0.1870 0.9702
vn -0.1942 0.7782 0.5973
vn -0.1665 0.7683 0.6181
vn -0.4895 0.1051 -0.8657
vn -0.5084 -0.0603 -0.8590
vn -0.1071 0.7302 0.6748
vn -0.1036 0.9804 0.1675
vn -0.0961 0.9764 0.1932
vn -0.1914 0.9792 0.0677
vn -0.2318 0.9624 0.1415
vn -0.1597 0.9851 0.0633
vn -0.4608 0.1525 -0.8743
vn -0.4776 0.0113 -0.8785
vn -0.5151 -0.3126 -0.7981
vn 0.0604 -0.4584 -0.8867
vn 0.6310 -0.1570 -0.7598
vn -0.1112 0.9855 0.1285
vn 0.1214 -0.0920 -0.9883
vn 0.0896 0.0829 -0.9925
vn -0.0909 0.1276 0.9877
vn -0.0977 0.7226 0.6844
vn 0.5849 -0.0076 -0.8111
vn -0.0849 0.9758 0.2017
vn 0.9124 -0.1130 -0.3933
vn -0.0641 0.9425 -0.3281
vn 0.9301 -0.1876 -0.3157
vn -0.0736 0.9359 -0.3445
vn 0.9697 -0.2023 0.1372
vn 0.8079 -0.2526 0.5324
vn -0.0604 0.9353 -0.3486
vn 0.9700 -0.2244 0.0938
vn 0.8446 -0.1947 -0.4987
vn -0.0528 0.9311 -0.3609
vn 0.4787 -0.0529 -0.8764
vn -0.1036 0.9187 -0.3811
vn -0.1616 0.9069 -0.3892
vn -0.1856 0.9005 -0.3933
vn -0.2004 0.8973 -0.3933
vn 0.0218 0.0428 -0.9988
vn -0.2774 0.9393 0.2018
vn -0.2005 0.9025 -0.3812
vn 0.3128 -0.3662 -0.8764
vn 0.7062 -0.3910 -0.5903
vn 0.7388 -0.6374 -0.2189
vn -0.2844 0.9314 0.2274
vn 0.6180 -0.7472 0.2444
vn -0.1913 0.9160 -0.3527
vn 0.0321 -0.9427 0.3322
vn 0.1607 -0.6603 0.7336
vn 0.2982 -0.4739 0.8286
vn -0.2899 0.9264 0.2402
vn -0.3202 0.9196 0.2274
vn -0.3455 0.6387 0.6875
vn -0.3147 0.6306 0.7094
vn 0.9350 -0.3546 -0.0109
vn 0.7086 -0.5279 0.4682
vn -0.2904 0.6284 0.7216
vn -0.2682 0.6450 0.7155
vn 0.7593 -0.3579 0.5435
vn 0.4514 -0.3373 0.8261
vn -0.1828 0.7089 0.6812
vn -0.0886 0.1884 0.9781
vn -0.0888 0.1788 0.9799
vn -0.2069 0.1763 0.9623
vn -0.2678 0.2001 0.9425
vn -0.2864 0.2359 0.9286
vn -0.3021 0.1860 0.9350
vn -0.9899 -0.0755 -0.1198
vn -0.9075 -0.0754 0.4133
vn -0.8108 -0.4848 0.3281
vn -0.8035 -0.3308 0.4949
vn -0.2821 0.1549 0.9468
vn -0.3625 -0.6429 0.6747
vn -0.7423 -0.6530 0.1502
vn -0.1316 -0.8859 0.4448
vn -0.2578 0.1099 0.9599
vn 0.2965 -0.7563 0.5832
vn 0.5624 -0.2350 0.7928
vn 0.8483 0.1277 0.5138
vn -0.3029 0.0960 0.9482
vn -0.3115 0.1214 0.9425
vn -0.2829 0.1446 0.9482
vn -0.2645 0.1607 0.9509
vn 0.0894 -0.3433 0.9350
vn 0.6482 0.0826 0.7569
vn -0.2707 0.1411 0.9523
vn -0.2368 0.1498 0.9599
vn -0.0927 -0.2006 0.9753
vn -0.5850 -0.1711 0.7928
vn -0.5712 -0.3740 0.7307
vn -0.8478 -0.1576 0.5063
vn -0.1961 0.1629 0.9670
vn -0.8282 -0.5159 0.2189
vn -0.9653 -0.2135 0.1502
vn -0.6899 -0.6299 -0.3568
vn -0.8809 -0.2751 -0.3852
vn -0.4502 -0.5542 -0.7001
vn -0.6254 -0.2402 -0.7425
vn -0.2184 -0.1232 -0.9681
vn -0.1062 -0.3342 -0.9365
vn 0.1372 -0.0661 -0.9883
vn -0.1465 0.1597 0.9762
vn 0.1827 0.1084 -0.9772
vn 0.2877 0.1857 -0.9395
vn -0.1144 0.0868 0.9896
vn 0.0491 -0.5058 -0.8613
vn -0.1023 0.0223 0.9945
vn -0.1927 -0.7812 -0.5938
vn -0.4164 -0.8721 -0.2571
vn -0.0594 0.0146 0.9981
vn -0.6253 -0.7426 0.2401
vn -0.7492 -0.0715 0.6584
vn -0.0319 0.0142 0.9994
vn -0.0234 -0.0260 0.9994
vn -0.0074 -0.0607 0.9981
vn -0.3808 0.3250 0.8657
vn 0.7663 0.5642 0.3073
vn 0.8213 0.5548 -0.1328
vn -0.1110 0.9600 0.2571
vn -0.7113 0.6007 0.3650
vn 0.5175 0.3937 -0.7597
vn -0.4932 0.1956 -0.8476
vn -0.7449 0.5785 -0.3322
vn 0.4787 0.1917 -0.8568
vn 0.7288 0.4651 -0.5025
vn 0.8070 0.3103 -0.5026
vn -0.4760 0.2879 -0.8310
vn -0.5315 0.1640 -0.8310
vn -0.8455 0.4395 -0.3032
vn 0.9236 0.3826 0.0240
vn 0.7223 0.3772 0.5796
vn 0.1935 0.2925 0.9365
vn 0.3266 0.4853 0.8110
vn -0.6412 0.1568 0.7512
vn -0.5379 0.3592 0.7626
vn -0.9496 0.0340 -0.3115
vn -0.9365 0.2135 -0.2781
vn -0.4123 0.0490 -0.9097
vn -0.8209 0.4217 0.3852
vn 0.3039 0.1392 -0.9425
vn -0.4326 0.1263 0.8927
vn 0.7618 0.2670 -0.5903
vn -0.1386 0.1120 -0.9840
vn 0.5793 0.4620 -0.6716
vn -0.3378 0.0564 -0.9395
vn 0.2426 0.6780 -0.6938
vn -0.0130 -0.0951 0.9954
vn 0.2283 -0.4456 0.8657
vn 0.1732 -0.4697 0.8657
vn 0.1412 -0.4881 0.8613
vn 0.1158 -0.5025 0.8568
vn 0.8070 0.3103 -0.5025
vn 0.0972 -0.5178 0.8499
vn 0.1340 -0.5096 0.8499
vn -0.5573 -0.0829 -0.8261
vn -0.5661 -0.0340 -0.8237
vn -0.7671 0.0905 -0.6351
vn -0.8837 0.0038 -0.4681
vn -0.7954 0.5759 0.1889
vn -0.8652 0.1798 0.4681
vn -0.0357 0.4256 0.9042
vn -0.0684 0.2324 0.9702
vn 0.4345 0.2914 0.8522
vn 0.5246 0.2819 0.8033
vn 0.8759 0.4440 0.1889
vn 0.9497 0.2974 0.0981
vn 0.7618 0.2670 -0.5902
vn 0.1102 -0.4999 0.8590
vn 0.0132 -0.5118 0.8590
vn 0.6547 0.2437 0.7155
vn 0.0426 0.1552 0.9870
vn -0.7378 0.0189 0.6747
vn -0.9314 -0.0717 -0.3568
vn -0.4880 -0.0340 -0.8722
vn -0.0320 -0.5109 0.8590
vn -0.0583 -0.5162 0.8545
vn -0.0582 -0.5010 0.8635
vn -0.0452 -0.4871 0.8722
vn 0.7022 0.6461 0.2990
vn 0.5793 0.4620 -0.6715
vn 0.2425 0.6780 -0.6939
vn -0.0825 -0.4822 0.8722
vn -0.1065 -0.4618 0.8806
vn -0.0544 -0.4316 0.9004
vn -0.0637 -0.4383 0.8966
vn -0.5043 -0.0113 0.8635
vn 0.0226 0.5846 0.8110
vn -0.7506 0.6572 -0.0677
vn 0.0696 0.6262 0.7766
vn 0.4042 -0.2955 0.8656
vn 0.4669 -0.1908 0.8635
vn 0.4901 -0.6111 0.6215
vn -0.0915 -0.4492 0.8887
vn 0.4084 -0.6621 0.6284
vn 0.0698 -0.9892 -0.1285
vn -0.0898 -0.4416 0.8927
vn -0.6949 -0.0716 -0.7155
vn -0.5532 0.8224 -0.1329
vn 0.1014 0.7006 0.7064
vn -0.1426 -0.4316 0.8907
vn 0.2863 -0.9253 0.2485
vn -0.1600 -0.4171 0.8946
vn 0.3661 -0.9024 0.2274
vn 0.5246 -0.5818 0.6215
vn 0.3940 -0.8957 0.2061
vn 0.1224 -0.9451 -0.3031
vn -0.1060 -0.4015 0.9097
vn 0.1262 -0.9376 -0.3239
vn 0.4281 -0.8747 0.2274
vn 0.1504 -0.9396 -0.3073
vn 0.4821 -0.8250 0.2949
vn 0.1617 -0.9217 -0.3527
vn 0.5064 -0.8041 0.3115
vn 0.1037 -0.8973 -0.4291
vn 0.4985 -0.8182 0.2865
vn 0.0038 -0.8579 -0.5138
vn 0.4824 -0.8306 0.2781
vn -0.0679 -0.8390 -0.5398
vn 0.4574 -0.8249 0.3322
vn 0.4240 -0.7997 0.4251
vn -0.1205 -0.8670 -0.4835
vn 0.4132 -0.7334 0.5398
vn -0.1205 -0.9340 -0.3363
vn -0.0038 -0.4389 0.8985
vn -0.1671 -0.9791 -0.1155
vn 0.3665 -0.6574 0.6585
vn -0.1540 -0.9848 0.0808
vn 0.2958 -0.6328 0.7156
vn -0.1875 -0.9671 0.1718
vn 0.2472 -0.6633 0.7063
vn 0.1533 -0.7005 0.6970
vn -0.3434 -0.9153 0.2104
vn 0.0132 -0.4967 0.8678
vn -0.4821 -0.8250 0.2949
vn 0.1143 -0.6435 0.7569
vn 0.1837 -0.5702 0.8007
vn -0.4752 -0.8130 0.3363
vn 0.2801 -0.5606 0.7793
vn -0.3680 -0.8983 0.2401
vn 0.3320 -0.6002 0.7277
vn -0.2336 -0.9607 0.1502
vn 0.3685 -0.6257 0.6875
vn -0.1559 -0.9788 0.1329
vn 0.3832 -0.6511 0.6552
vn -0.1224 -0.9767 0.1761
vn 0.3744 -0.6912 0.6181
vn -0.1298 -0.9708 0.2018
vn -0.0489 -0.5134 0.8568
vn -0.1503 -0.9590 0.2402
vn 0.3603 -0.7195 0.5938
vn -0.0507 -0.5018 0.8635
vn 0.3392 -0.7180 0.6078
vn -0.1744 -0.9240 0.3404
vn -0.1315 -0.8859 0.4448
vn -0.0545 -0.5090 0.8590
vn -0.0545 -0.5278 0.8476
vn 0.1130 -0.9642 -0.2401
vn 0.2721 -0.4512 0.8499
vn -0.0601 -0.5530 0.8310
vn -0.0264 -0.9047 0.4252
vn -0.0170 -0.9012 0.4331
vn 0.0057 -0.8975 0.4409
vn 0.7932 0.0753 0.6043
vn 0.0245 -0.8991 0.4370
vn 0.0471 -0.9076 0.4172
vn 0.8483 0.1276 0.5138
vn 0.6520 0.7054 0.2781
vn 0.6025 0.7556 0.2571
vn -0.2846 0.9468 -0.1502
vn -0.1374 0.9554 -0.2613
vn -0.8331 0.4897 -0.2571
vn -0.7355 0.4784 -0.4797
vn -0.9165 -0.1541 -0.3690
vn -0.9899 -0.0755 -0.1199
vn 0.0866 -0.9010 0.4251
vn -0.6743 -0.7384 -0.0109
vn -0.1745 -0.9240 0.3404
vn -0.6178 -0.7643 -0.1846
vn -0.1504 -0.9590 0.2401
vn -0.5883 -0.7480 -0.3073
vn -0.1299 -0.9708 0.2017
vn -0.5635 -0.7153 -0.4133
vn -0.1224 -0.9767 0.1760
vn -0.5752 -0.6513 -0.4949
vn -0.1560 -0.9788 0.1329
vn -0.6434 -0.5607 -0.5213
vn -0.2337 -0.9607 0.1502
vn -0.7479 -0.4855 -0.4526
vn 0.0716 -0.8787 0.4720
vn -0.4753 -0.8130 0.3363
vn -0.8247 -0.4355 -0.3609
vn -0.4821 -0.8250 0.2948
vn -0.8001 -0.4881 -0.3486
vn -0.6970 -0.5996 -0.3933
vn -0.3434 -0.9153 0.2103
vn 0.0302 -0.8790 0.4759
vn -0.1876 -0.9671 0.1717
vn -0.5805 -0.6552 -0.4835
vn -0.5191 -0.5939 -0.6147
vn -0.1541 -0.9848 0.0808
vn -0.4952 -0.4512 -0.7425
vn -0.4452 -0.3571 -0.8212
vn -0.1204 -0.9340 -0.3363
vn -0.4510 -0.3669 -0.8136
vn -0.1205 -0.8670 -0.4836
vn -0.4699 -0.3302 -0.8187
vn 0.0339 -0.9045 0.4252
vn 0.0754 -0.9197 0.3852
vn 0.1260 -0.9175 0.3771
vn 0.1354 -0.9129 0.3852
vn 0.1540 -0.8975 0.4133
vn -0.5574 -0.0830 -0.8261
vn -0.4562 0.0753 -0.8867
vn 0.1577 -0.8796 0.4487
vn 0.1464 -0.8836 0.4448
vn -0.7671 0.0905 -0.6352
vn 0.1763 -0.8934 0.4132
vn 0.1874 -0.8984 0.3972
vn -0.5598 -0.0114 -0.8286
vn -0.6386 -0.0453 -0.7682
vn -0.6858 -0.0151 -0.7276
vn -0.7042 0.0716 -0.7063
vn -0.6917 0.1352 -0.7094
vn -0.6621 0.1017 -0.7425
vn -0.6405 0.0307 -0.7673
vn -0.6444 -0.0866 -0.7598
vn -0.6761 -0.1756 -0.7155
vn -0.7393 -0.2235 -0.6352
vn -0.8207 -0.2167 -0.5287
vn -0.6244 0.4686 -0.6250
vn 0.1652 -0.9079 0.3852
vn 0.1429 -0.9117 0.3852
vn -0.5303 0.4916 -0.6907
vn 0.1578 -0.9093 0.3851
vn -0.4511 0.5804 -0.6780
vn 0.2112 -0.9034 0.3731
vn -0.3658 0.6739 -0.6419
vn -0.2526 0.7529 -0.6078
vn -0.1890 0.7794 -0.5973
vn -0.1519 0.7430 -0.6518
vn -0.2069 0.6929 -0.6907
vn -0.2957 0.6730 -0.6780
vn 0.2660 -0.8871 0.3771
vn -0.3271 0.6873 -0.6485
vn -0.2787 0.7233 -0.6317
vn -0.0848 0.7733 -0.6284
vn 0.1223 0.9880 -0.0938
vn 0.2675 -0.8723 0.4093
vn 0.3118 0.9497 -0.0284
vn 0.7022 0.6462 0.2991
vn 0.2094 -0.8787 0.4291
vn 0.2076 -0.8732 0.4409
vn 0.2458 -0.8592 0.4487
vn 0.2801 -0.8424 0.4604
vn 0.1243 0.9801 -0.1545
vn 0.2041 0.9501 -0.2359
vn 0.3095 0.8940 -0.3239
vn 0.3238 0.8890 -0.3239
vn 0.3433 -0.8029 0.4873
vn 0.2191 0.9478 -0.2316
vn 0.1280 0.9673 -0.2188
vn 0.0340 0.9732 -0.2274
vn -0.0000 0.9664 -0.2571
vn 0.4388 -0.7500 0.4949
vn -0.0878 -0.2120 0.9733
vn 0.1213 -0.5241 0.8430
vn 0.4649 0.8103 0.3568
vn 0.4835 0.8098 0.3322
vn 0.5778 0.7626 0.2907
vn 0.2436 -0.8131 0.5287
vn 0.7149 0.6535 0.2486
vn 0.7160 0.6162 0.3281
vn 0.6139 0.6299 0.4759
vn 0.5236 0.6342 0.5689
vn -0.0453 -0.9990 0.0066
vn -0.0227 -0.9996 -0.0153
vn -0.0415 -0.9042 0.4251
vn 0.4757 0.6258 0.6181
vn 0.4340 -0.8876 -0.1545
vn 0.2448 -0.9585 -0.1458
vn 0.5520 0.5200 0.6518
vn 0.5818 0.3047 0.7541
vn 0.4370 0.1835 0.8806
vn 0.3593 0.2082 0.9097
vn -0.0356 0.4257 0.9042
vn 0.3262 -0.9304 -0.1674
vn 0.2793 -0.9477 -0.1544
vn 0.5068 0.0376 0.8613
vn 0.5518 0.0301 0.8334
vn 0.5512 -0.0751 0.8310
vn 0.5149 -0.1559 0.8430
vn 0.2612 -0.9555 -0.1372
vn 0.2226 -0.9680 -0.1155
vn 0.5099 -0.0451 0.8590
vn 0.2374 -0.9650 -0.1111
vn 0.5440 -0.0974 0.8334
vn 0.6169 -0.0602 0.7848
vn 0.2919 -0.9472 -0.1328
vn 0.6656 0.0377 0.7454
vn 0.6479 0.1567 0.7454
vn 0.6103 0.1567 0.7765
vn 0.2938 -0.9433 -0.1545
vn 0.2975 -0.9399 -0.1674
vn 0.5233 -0.1990 0.8286
vn 0.5526 -0.2488 0.7954
vn 0.5559 -0.3036 0.7738
vn 0.5599 -0.3240 0.7626
vn 0.5798 -0.3840 0.7186
vn 0.5601 -0.5028 0.6585
vn 0.2666 -0.9476 -0.1760
vn 0.4961 -0.0675 0.8657
vn 0.1424 0.7448 0.6519
vn 0.2464 -0.9538 -0.1717
vn 0.4988 0.0750 0.8635
vn 0.4547 0.2184 0.8635
vn 0.3677 0.2802 0.8867
vn 0.3488 0.2599 0.9004
vn 0.3621 0.2481 0.8985
vn 0.2775 -0.9468 -0.1631
vn 0.3026 -0.9412 -0.1501
vn -0.0358 0.6722 0.7395
vn -0.0471 0.7365 0.6747
vn 0.0170 0.7553 0.6552
vn 0.1202 0.7686 0.6284
vn 0.3010 -0.9410 -0.1544
vn -0.4451 0.8565 -0.2613
vn 0.2903 -0.9422 -0.1674
vn -0.4504 0.8656 -0.2189
vn -0.5039 0.8577 -0.1025
vn -0.5427 0.8394 -0.0284
vn -0.6225 0.7824 0.0197
vn 0.2722 -0.9452 -0.1803
vn -0.7953 0.5760 0.1889
vn -0.7018 0.2554 -0.6650
vn -0.4268 -0.3680 -0.8261
vn -0.3464 -0.4490 -0.8237
vn 0.2539 -0.9477 -0.1932
vn 0.2320 -0.9533 -0.1932
vn 0.1987 -0.9625 -0.1846
vn 0.1727 -0.9699 -0.1717
vn -0.6611 0.3004 -0.6875
vn -0.6171 0.2996 -0.7277
vn 0.1578 -0.9773 -0.1415
vn 0.1486 -0.9826 -0.1112
vn -0.2715 -0.5457 -0.7928
vn 0.1374 -0.9869 -0.0850
vn 0.1036 -0.9929 -0.0589
vn 0.1616 -0.9217 -0.3527
vn -0.2262 -0.6374 -0.7366
vn 0.1503 -0.9396 -0.3074
vn 0.0679 -0.9972 -0.0327
vn 0.0377 -0.9991 -0.0196
vn -0.5775 0.2601 -0.7738
vn -0.5501 0.2457 -0.7981
vn 0.0075 -0.9999 -0.0152
vn -0.0075 -0.9999 -0.0152
vn -0.1886 -0.6759 -0.7125
vn 0.1261 -0.9376 -0.3240
vn -0.1777 -0.7010 -0.6907
vn 0.1223 -0.9450 -0.3032
vn -0.0676 -0.5521 0.8310
vn -0.0943 0.1140 0.9890
vn -0.5670 0.2037 -0.7981
vn -0.4774 0.8572 -0.1932
vn -0.0902 0.7144 0.6939
vn -0.6210 0.0528 -0.7820
vn -0.2458 -0.8445 -0.4759
vn -0.0829 0.9768 0.1975
vn -0.0754 0.9387 -0.3363
vn -0.1261 0.9256 -0.3568
vn 0.1129 -0.9641 -0.2402
vn -0.2199 -0.7404 -0.6351
vn -0.0999 0.9793 0.1760
vn -0.1052 0.7124 0.6939
vn -0.0697 0.9761 0.2061
vn -0.0661 0.9466 -0.3156
vn -0.0772 0.9755 0.2060
vn -0.0977 0.7134 0.6939
vn -0.0585 0.9471 -0.3156
vn 0.4873 0.2191 0.8453
vn 0.1335 0.8971 0.4212
vn 0.3569 0.6659 0.6551
vn 0.6483 0.0827 0.7569
vn 0.4929 0.6458 0.5831
vn 0.6404 0.6205 0.4526
vn 0.8484 0.1277 0.5138
vn -0.2319 0.9725 0.0197
vn -0.2846 0.9468 -0.1501
vn -0.1247 0.1273 0.9840
vn -0.1422 0.1144 0.9832
vn -0.1088 0.7088 0.6970
vn -0.1055 0.9937 0.0371
vn -0.1430 0.9848 0.0981
vn -0.4678 0.8403 0.2739
vn -0.3632 0.9299 0.0589
vn -0.7447 0.6566 0.1198
vn -0.6789 0.6829 -0.2697
vn -0.8331 0.4897 -0.2570
vn -0.1158 0.4396 -0.8907
vn -0.9899 -0.0754 -0.1199
vn -0.9075 -0.0753 0.4132
vn -0.7087 0.4795 0.5175
vn -0.0844 0.4427 -0.8927
vn -0.0753 0.4757 -0.8764
vn -0.1467 0.9480 -0.2823
vn -0.1635 0.9440 -0.2865
vn -0.0528 0.4978 -0.8657
vn -0.0659 0.4340 -0.8985
vn 0.0996 0.5212 -0.8476
vn 0.1827 0.1085 -0.9772
vn -0.0377 0.9700 -0.2402
vn -0.0472 0.4831 -0.8743
vn -0.3748 0.8999 0.2231
vn -0.0415 0.4913 -0.8700
vn -0.0094 0.5231 -0.8522
vn 0.0095 0.5598 -0.8286
vn -0.0321 0.5805 -0.8136
vn -0.0378 0.5477 -0.8358
vn 0.2877 0.1858 -0.9395
vn -0.0321 0.4882 -0.8721
vn -0.6801 0.7095 0.1846
vn -0.7773 0.6002 0.1889
vn -0.5493 0.8356 -0.0066
vn -0.0472 0.4245 -0.9042
vn -0.7301 0.5901 -0.3446
vn -0.9325 -0.2537 -0.2571
vn -0.6344 -0.3343 -0.6970
vn -0.0114 0.4071 -0.9133
vn -0.0246 0.4461 -0.8947
vn -0.6664 0.6812 0.3032
vn -0.4568 0.8113 0.3650
vn -0.6993 0.4727 0.5361
vn -0.4062 0.5034 0.7626
vn -0.5970 0.0490 0.8008
vn -0.2138 -0.0946 0.9723
vn 0.0920 -0.6956 0.7125
vn 0.3278 -0.5729 0.7512
vn -0.0204 -0.1422 0.9896
vn -0.0640 0.5079 -0.8590
vn -0.0582 -0.1454 0.9877
vn 0.3622 -0.5319 0.7654
vn -0.1169 -0.1774 0.9772
vn 0.2878 -0.5940 0.7512
vn -0.1015 0.5321 -0.8406
vn 0.2400 -0.6459 0.7247
vn -0.0987 -0.2259 0.9691
vn 0.2220 -0.6590 0.7186
vn -0.1382 0.5084 -0.8499
vn -0.1490 0.4976 -0.8545
vn -0.4074 -0.6754 0.6147
vn -0.1105 0.5037 -0.8568
vn -0.0678 0.5150 -0.8545
vn -0.5255 0.2650 0.8085
vn -0.4750 0.3227 0.8187
vn -0.3403 0.4491 0.8261
vn -0.0453 0.5175 -0.8545
vn -0.4960 0.7988 0.3404
vn -0.5640 0.8058 -0.1803
vn -0.6232 0.7192 -0.3074
vn -0.0264 0.5262 -0.8499
vn -0.5198 0.4225 -0.7425
vn -0.0302 0.5481 -0.8358
vn -0.0736 0.5550 -0.8286
vn -0.1330 0.5438 -0.8286
vn -0.1856 0.5321 -0.8261
vn -0.6696 0.6723 0.3157
vn -0.2139 0.5213 -0.8261
vn -0.7600 0.5634 0.3239
vn -0.2141 0.5367 -0.8161
vn -0.4708 0.3030 0.8286
vn -0.4172 0.3217 0.8500
vn -0.0300 -0.2954 0.9549
vn -0.2889 -0.3408 0.8946
vn 0.0921 -0.7440 0.6618
vn -0.2247 0.5401 -0.8111
vn -0.2244 -0.9592 0.1718
vn -0.9422 -0.2974 0.1545
vn 0.0038 -0.9542 -0.2990
vn 0.0921 -0.7441 0.6617
vn 0.3252 -0.8985 0.2949
vn 0.2221 -0.6590 0.7186
vn 0.4090 -0.8691 0.2781
vn -0.2559 0.5339 -0.8059
vn 0.4929 -0.8387 0.2317
vn 0.2400 -0.6460 0.7246
vn 0.2879 -0.5940 0.7512
vn 0.6092 -0.7742 0.1718
vn -0.3281 0.4928 -0.8059
vn 0.6902 -0.7169 0.0982
vn 0.6166 -0.7871 0.0153
vn 0.3279 -0.5729 0.7511
vn 0.3190 -0.9477 -0.0109
vn 0.0921 -0.6956 0.7125
vn -0.1261 -0.9884 -0.0851
vn -0.4336 0.4082 -0.8033
vn -0.1286 -0.1527 -0.9799
vn -0.0606 -0.1303 -0.9896
vn -0.0076 -0.1305 -0.9914
vn 0.0114 -0.1562 -0.9877
vn 0.1836 -0.8142 -0.5508
vn 0.0057 -0.1910 -0.9816
vn 0.0170 -0.2075 -0.9781
vn -0.1431 -0.4232 -0.8946
vn 0.1665 -0.1518 -0.9743
vn 0.0687 -0.1920 -0.9790
vn -0.3127 0.3861 -0.8679
vn -0.2792 0.4684 -0.8382
vn -0.7063 0.6436 -0.2948
vn -0.6351 0.7298 -0.2528
vn -0.6802 0.6616 0.3157
vn -0.6141 0.7432 0.2655
vn 0.1052 -0.1595 -0.9816
vn -0.5104 0.2302 0.8286
vn -0.8572 0.4869 0.1675
vn 0.1287 -0.1353 -0.9824
vn 0.1701 -0.1274 -0.9772
vn 0.1964 -0.1418 -0.9702
vn 0.1974 -0.1546 -0.9681
vn 0.1877 -0.1663 -0.9681
vn 0.1552 -0.1860 -0.9702
vn -0.5703 0.7869 -0.2359
vn -0.2947 0.5759 -0.7626
vn 0.1255 -0.2023 -0.9713
vn 0.3128 0.0227 -0.9496
vn 0.6758 -0.4686 -0.5689
vn 0.5135 -0.5695 -0.6418
vn 0.1318 -0.1981 -0.9713
vn 0.1547 -0.2027 -0.9669
vn 0.1243 -0.2128 -0.9691
vn 0.6775 -0.5576 -0.4797
vn 0.5559 -0.7143 -0.4251
vn 0.3204 0.0303 -0.9468
vn 0.2217 -0.1498 -0.9635
vn 0.1324 -0.2470 -0.9599
vn 0.1676 -0.2551 -0.9523
vn 0.1257 -0.2504 -0.9599
vn 0.3427 -0.8495 -0.4012
vn 0.1477 -0.2181 -0.9647
vn -0.7109 -0.3292 -0.6215
vn 0.1318 -0.1982 -0.9713
vn 0.0742 -0.1991 -0.9772
vn -0.0377 -0.3732 -0.9270
vn 0.0745 -0.2438 -0.9670
vn -0.3371 0.5789 -0.7425
vn -0.7646 0.5256 -0.3731
vn 0.0358 -0.2947 -0.9549
vn 0.0038 -0.3301 -0.9439
vn -0.0189 -0.3296 -0.9439
vn -0.4191 0.4659 -0.7793
vn -0.0321 -0.3203 -0.9468
vn -0.0639 -0.3239 -0.9439
vn -0.0787 -0.3543 -0.9318
vn -0.5980 0.7949 -0.1025
vn -0.6808 0.6528 0.3322
vn -0.0990 -0.3660 -0.9253
vn -0.7525 0.6008 0.2697
vn -0.7375 0.6682 -0.0982
vn -0.8291 0.5520 -0.0894
vn -0.7530 0.5023 -0.4251
vn -0.7893 0.4877 -0.3731
vn -0.6711 0.4391 -0.5973
vn -0.6026 0.5292 -0.5973
vn -0.1814 0.4947 -0.8499
vn 0.1350 0.2262 -0.9647
vn 0.3500 -0.3887 -0.8523
vn 0.5020 -0.3862 -0.7738
vn 0.1572 -0.6644 -0.7306
vn -0.0910 -0.1729 -0.9807
vn 0.2260 -0.6272 -0.7454
vn -0.1410 -0.9856 0.0938
vn -0.6983 -0.7117 -0.0764
vn -0.3453 -0.8089 -0.4758
vn -0.6274 0.2925 -0.7216
vn -0.5404 0.4896 -0.6843
vn -0.5825 0.5239 -0.6215
vn -0.3078 -0.3185 -0.8966
vn -0.1055 -0.8933 -0.4370
vn -0.0717 -0.8848 -0.4604
vn 0.1225 0.3673 -0.9220
vn -0.0548 0.5644 -0.8236
vn -0.0453 -0.8742 -0.4835
vn -0.4620 0.5793 -0.6715
vn -0.8299 0.3876 -0.4013
vn -0.0245 -0.8686 -0.4950
vn -0.9420 0.3223 -0.0938
vn -0.0019 -0.8646 -0.5025
vn 0.0246 -0.8620 -0.5063
vn 0.2093 -0.1986 -0.9575
vn 0.0528 -0.8540 -0.5175
vn 0.1385 0.5828 -0.8007
vn 0.0867 -0.8397 -0.5361
vn 0.1242 -0.8204 -0.5581
vn -0.0979 0.5549 -0.8261
vn -0.3959 0.4306 -0.8111
vn -0.8293 0.1577 -0.5361
vn 0.1743 -0.7855 -0.5938
vn -0.3319 0.1467 -0.9318
vn 0.0226 0.3169 -0.9482
vn -0.2967 -0.0113 -0.9549
vn -0.7562 -0.0566 -0.6519
vn 0.1961 -0.7355 -0.6485
vn -0.6683 -0.2334 -0.7063
vn -0.6016 -0.3161 -0.7336
vn -0.8856 -0.3750 -0.2738
vn -0.9540 -0.2136 -0.2103
vn -0.9898 0.0151 -0.1415
vn 0.1813 -0.7093 -0.6812
vn -0.9875 0.0302 0.1545
vn -0.9641 -0.2059 0.1674
vn -0.9080 -0.3822 0.1717
vn 0.2139 -0.6876 -0.6939
vn -0.8994 -0.1167 0.4212
vn -0.9321 0.0980 0.3486
vn -0.9346 0.3116 0.1717
vn 0.2014 -0.6882 -0.6970
vn -0.8234 0.5218 0.2231
vn -0.8566 0.4568 0.2401
vn -0.9113 0.3183 0.2613
vn -0.8550 0.2311 0.4643
vn 0.2212 -0.7103 -0.6683
vn 0.2592 -0.7097 -0.6552
vn 0.2537 -0.7024 -0.6650
vn 0.2608 -0.6998 -0.6650
vn 0.2836 -0.6971 -0.6585
vn 0.1237 0.6003 -0.7901
vn 0.3077 -0.6837 -0.6617
vn 0.3128 -0.6750 -0.6683
vn 0.2972 -0.6756 -0.6747
vn 0.2656 -0.6758 -0.6875
vn -0.8696 0.4021 0.2865
vn -0.8679 0.4539 0.2018
vn -0.7932 0.5596 0.2401
vn -0.6801 0.7094 0.1847
vn -0.7773 0.6001 0.1889
vn 0.2604 -0.6843 -0.6812
vn 0.2678 -0.6972 -0.6650
vn -0.8242 0.5223 0.2189
vn 0.2395 -0.7225 -0.6485
vn -0.6665 0.6811 0.3032
vn -0.7694 0.4732 0.4291
vn -0.6994 0.4727 0.5361
vn -0.6011 0.4180 0.6812
vn -0.6801 0.3419 0.6485
vn -0.5971 0.0490 0.8007
vn -0.7822 0.1015 0.6147
vn -0.7935 -0.4610 0.3973
vn -0.7554 -0.0114 0.6552
vn -0.8171 -0.4652 0.3404
vn 0.2036 -0.7537 -0.6250
vn -0.6551 -0.6191 0.4331
vn -0.6015 -0.2288 0.7654
vn -0.2973 -0.3066 0.9042
vn -0.3386 -0.7522 0.5653
vn 0.1799 -0.7735 -0.6078
vn 0.3424 -0.5605 0.7541
vn 0.0501 -0.1977 0.9790
vn 0.2697 0.1904 0.9439
vn 0.7509 0.0829 0.6552
vn 0.1723 -0.7501 -0.6385
vn 0.3576 0.1949 0.9133
vn 0.7445 -0.2157 0.6318
vn 0.1759 -0.7076 -0.6844
vn 0.1665 -0.6784 -0.7155
vn -0.7738 0.4765 0.4172
vn -0.1920 -0.2373 -0.9523
vn 0.0529 -0.6807 -0.7306
vn 0.2448 -0.9585 -0.1459
vn 0.3261 -0.9304 -0.1675
vn -0.0824 0.1229 0.9890
vn 0.2793 -0.9477 -0.1545
vn -0.3940 0.0858 0.9151
vn -0.4706 0.2529 0.8453
vn -0.0280 0.2192 0.9753
vn 0.3232 0.0672 0.9439
vn 0.2279 0.0520 0.9723
vn 0.5468 -0.4141 0.7277
vn 0.0522 0.0587 0.9969
vn 0.2511 -0.4198 0.8722
vn -0.0979 -0.2891 0.9523
vn -0.0968 0.0942 0.9908
vn -0.1158 0.3003 0.9468
vn 0.2226 -0.9680 -0.1156
vn 0.2374 -0.9650 -0.1112
vn 0.2919 -0.9472 -0.1329
vn -0.3426 0.3599 0.8678
vn 0.2974 -0.9399 -0.1675
vn 0.2666 -0.9476 -0.1761
vn -0.4036 -0.0786 0.9115
vn 0.2465 -0.9538 -0.1718
vn 0.2775 -0.9468 -0.1632
vn -0.1112 0.3667 0.9237
vn 0.3027 -0.9412 -0.1502
vn 0.4304 0.3165 0.8453
vn 0.3987 0.4879 0.7765
vn 0.7848 0.4473 0.4291
vn 0.9879 0.0377 0.1502
vn 0.3010 -0.9410 -0.1545
vn 0.9546 -0.2974 0.0153
vn 0.9120 -0.3961 0.1068
vn 0.9818 0.0603 0.1803
vn 0.2902 -0.9422 -0.1675
vn 0.8635 0.5043 0.0022
vn 0.6779 0.6619 -0.3198
vn 0.7115 0.6648 0.2274
vn 0.6723 0.6790 -0.2948
vn 0.5779 0.7800 0.2401
vn 0.5899 0.7484 -0.3032
vn 0.2722 -0.9452 -0.1804
vn 0.5986 0.7212 -0.3486
vn 0.5602 0.8045 0.1975
vn 0.5768 0.7407 -0.3445
vn 0.5467 0.8186 0.1761
vn 0.5606 0.8101 0.1717
vn 0.5823 0.7475 -0.3198
vn 0.6151 0.7695 0.1717
vn 0.6265 0.7198 -0.2990
vn 0.7133 0.6773 0.1804
vn 0.7158 0.6291 -0.3032
vn 0.8662 0.4572 0.2018
vn 0.8434 0.4223 -0.3322
vn 0.9004 0.2168 -0.3771
vn 0.9460 0.2391 0.2189
vn 0.9652 0.1130 0.2359
vn 0.9125 0.0981 -0.3972
vn 0.2484 -0.9500 -0.1890
vn 0.9077 -0.1355 -0.3972
vn 0.9560 -0.1054 0.2739
vn 0.7663 -0.5316 0.3609
vn 0.7333 -0.5813 -0.3527
vn 0.4257 -0.7902 0.4409
vn 0.3902 -0.8694 -0.3032
vn 0.2320 -0.9533 -0.1933
vn 0.1561 -0.9526 -0.2613
vn 0.1631 -0.8622 0.4797
vn 0.1148 -0.9650 -0.2359
vn 0.1483 -0.8605 0.4873
vn 0.2507 -0.8204 0.5138
vn 0.1616 -0.9694 -0.1846
vn 0.1987 -0.9625 -0.1847
vn 0.0378 -0.9945 -0.0981
vn 0.1183 -0.8063 0.5796
vn -0.1430 -0.9896 -0.0153
vn -0.0753 -0.7985 0.5973
vn 0.1727 -0.9699 -0.1718
vn 0.1829 -0.3594 0.9151
vn 0.2849 -0.3883 0.8764
vn 0.1607 -0.4701 0.8678
vn 0.1432 -0.5186 0.8430
vn 0.3375 -0.4992 0.7981
vn 0.5555 -0.3505 0.7540
vn 0.1579 -0.9773 -0.1416
vn 0.6990 -0.0903 0.7094
vn 0.7345 0.0978 0.6715
vn 0.7384 0.2447 0.6284
vn 0.6993 0.4233 0.5761
vn 0.5879 0.5786 0.5653
vn 0.4968 0.6523 0.5725
vn 0.4226 0.6817 0.5973
vn 0.3706 0.6745 0.6385
vn 0.3313 0.6693 0.6650
vn 0.3295 0.6637 0.6715
vn 0.3507 0.6427 0.6812
vn 0.9383 0.3116 0.1502
vn 0.1374 -0.9869 -0.0851
vn 0.1036 -0.9929 -0.0590
vn 0.0679 -0.9972 -0.0328
vn 0.0377 -0.9991 -0.0197
vn 0.5116 0.7779 -0.3649
vn 0.0076 -0.9999 -0.0153
vn -0.0075 -0.9999 -0.0153
vn -0.0769 0.4870 0.8700
vn -0.0226 -0.9996 -0.0154
vn -0.0453 -0.9990 0.0065
vn -0.1795 0.4260 0.8867
vn -0.1878 0.4054 0.8947
vn -0.0150 0.4890 0.8722
vn 0.0712 0.4568 0.8867
vn 0.1675 0.4474 0.8785
vn 0.2477 0.4566 0.8545
vn 0.3439 0.4554 0.8212
vn 0.4520 0.4241 0.7847
vn 0.5368 0.3426 0.7710
vn 0.5615 0.2280 0.7955
vn 0.5426 0.1048 0.8334
vn -0.0754 -0.9963 0.0415
vn 0.4855 -0.0601 0.8721
vn 0.3872 -0.2229 0.8946
vn 0.2489 -0.2914 0.9237
vn 0.1453 -0.2542 0.9562
vn 0.1829 -0.1523 0.9713
vn 0.2807 -0.0671 0.9575
vn 0.2587 -0.0150 0.9658
vn -0.0301 -0.4061 0.9133
vn -0.0885 -0.8176 0.5689
vn -0.1055 -0.9937 0.0372
vn -0.1374 -0.9890 0.0546
vn -0.1444 -0.8457 0.5138
vn -0.8242 -0.4555 0.3363
vn -0.3048 -0.8183 0.4873
vn -0.3562 -0.9326 0.0590
vn -0.4377 -0.7580 0.4835
vn -0.4994 -0.8649 0.0503
vn -0.4888 -0.7210 0.4911
vn -0.5754 -0.8157 0.0590
vn -0.5445 -0.6629 0.5138
vn -0.6506 -0.7519 0.1069
vn -0.6012 -0.5892 0.5398
vn -0.6930 -0.7077 0.1372
vn -0.7155 -0.6928 0.0895
vn -0.6487 -0.5328 0.5435
vn -0.6907 -0.7227 0.0241
vn -0.6182 -0.5608 0.5508
vn -0.6344 -0.7730 0.0022
vn -0.5557 -0.6130 0.5617
vn -0.5366 -0.8438 0.0066
vn -0.4755 -0.6680 0.5725
vn -0.3965 -0.9178 0.0197
vn -0.3521 -0.7405 0.5725
vn -0.6450 -0.0490 0.7626
vn -0.2722 -0.7865 0.5544
vn -0.2974 -0.9544 0.0241
vn -0.2652 -0.7989 0.5398
vn -0.2974 -0.9543 0.0284
vn -0.2936 -0.7988 0.5250
vn -0.3260 -0.9448 0.0328
vn -0.3083 -0.8147 0.4912
vn -0.3279 -0.9434 0.0502
vn -0.3245 -0.8327 0.4487
vn -0.3491 -0.9352 0.0590
vn -0.3816 -0.8166 0.4330
vn -0.4120 -0.9096 0.0546
vn -0.4462 -0.8935 0.0502
vn -0.4071 -0.7956 0.4487
vn -0.4256 -0.9030 0.0590
vn -0.4023 -0.8024 0.4409
vn -0.4342 -0.8979 0.0720
vn -0.4043 -0.8159 0.4132
vn -0.4341 -0.8976 0.0764
vn -0.4057 -0.8132 0.4172
vn -0.2243 0.6779 0.7001
vn -0.3852 -0.8128 0.4370
vn -0.4051 -0.9126 0.0546
vn -0.3469 -0.8214 0.4527
vn -0.3686 -0.9293 0.0240
vn -0.2566 -0.8434 0.4720
vn -0.2757 -0.9610 0.0197
vn -0.1706 -0.8586 0.4835
vn -0.2042 -0.9771 0.0589
vn -0.1876 -0.9720 0.1415
vn -0.1705 -0.8585 0.4836
vn -0.2384 -0.8509 0.4681
vn -0.2318 -0.9575 0.1718
vn -0.3488 -0.8249 0.4448
vn -0.3399 -0.9291 0.1459
vn -0.4403 -0.7777 0.4487
vn -0.4372 -0.8930 0.1069
vn -0.4909 -0.7347 0.4682
vn -0.4794 -0.8756 0.0590
vn -0.4889 -0.7261 0.4835
vn -0.4580 -0.8889 0.0022
vn -0.4383 -0.7743 0.4565
vn -0.3984 -0.9161 -0.0458
vn -0.3857 -0.8289 0.4053
vn -0.3526 -0.9315 -0.0895
vn -0.3071 -0.8720 0.3812
vn -0.3244 -0.9372 -0.1285
vn -0.2929 -0.8820 0.3690
vn -0.3366 -0.9334 -0.1242
vn -0.2841 -0.8963 0.3404
vn -0.3278 -0.9429 -0.0589
vn -0.2298 -0.9148 0.3322
vn -0.2758 -0.9611 -0.0153
vn -0.2333 -0.9109 0.3405
vn -0.2613 -0.9653 0.0022
vn -0.2680 -0.9028 0.3363
vn -0.2830 -0.9591 0.0066
vn -0.2912 -0.8987 0.3281
vn -0.3047 -0.9524 -0.0021
vn -0.3038 -0.8960 0.3240
vn -0.3190 -0.9477 -0.0109
vn -0.2966 -0.8984 0.3239
vn -0.1571 -0.6934 0.7032
vn -0.1616 -0.9405 0.2991
vn -0.1665 -0.4880 0.8568
vn -0.0866 -0.8914 0.4448
vn -0.0546 -0.8997 0.4330
vn -0.0844 -0.5387 0.8382
vn -0.1705 -0.8586 0.4835
vn -0.1176 -0.5250 0.8430
vn -0.1049 0.1221 0.9870
vn -0.2605 0.1670 0.9509
vn -0.1565 -0.6033 0.7820
vn -0.1602 -0.5809 0.7981
vn -0.1526 -0.5573 0.8161
vn -0.1011 -0.5396 0.8358
vn -0.0787 -0.5284 0.8453
vn -0.1396 -0.5003 0.8545
vn -0.1390 -0.4450 0.8847
vn -0.1354 -0.4339 0.8907
vn -0.2555 -0.4128 0.8743
vn -0.3315 -0.3701 0.8678
vn -0.3533 -0.3439 0.8700
vn -0.3526 -0.4111 0.8406
vn -0.3312 -0.5033 0.7981
vn -0.2903 -0.5630 0.7738
vn -0.2108 -0.5901 0.7793
vn -0.1490 -0.5657 0.8111
vn -0.1656 -0.4317 0.8867
vn -0.1991 -0.4301 0.8806
vn -0.2395 -0.4651 0.8522
vn -0.2605 -0.4914 0.8310
vn -0.2587 -0.4883 0.8334
vn -0.2665 -0.4716 0.8406
vn -0.2562 -0.4688 0.8453
vn -0.2380 -0.4824 0.8430
vn -0.2173 -0.4717 0.8545
vn -0.2094 -0.4379 0.8743
vn -0.1848 -0.4153 0.8907
vn -0.1558 -0.3849 0.9097
vn -0.1548 -0.3282 0.9318
vn -0.1695 -0.2785 0.9454
vn -0.2283 -0.2269 0.9468
vn -0.2584 -0.2119 0.9425
vn -0.3076 -0.2216 0.9253
vn -0.3723 -0.2742 0.8867
vn -0.3706 -0.3640 0.8545
vn -0.1410 -0.9855 0.0939
vn -0.3318 -0.3996 0.8545
vn -0.2776 -0.4256 0.8613
vn -0.2387 -0.4486 0.8613
vn -0.1664 -0.4879 0.8569
vn -0.0826 -0.5166 0.8523
vn -0.0676 -0.4845 0.8722
vn 0.0284 -0.0540 0.9981
vn 0.0513 -0.0474 0.9976
vn 0.2144 0.3463 0.9133
vn 0.0573 -0.0599 0.9966
vn 0.1731 0.3775 0.9097
vn 0.1933 0.3675 0.9097
vn 0.3392 0.7806 0.5250
vn 0.2155 0.3733 0.9023
vn 0.0230 -0.0471 0.9986
vn 0.0108 -0.0378 0.9992
vn 0.0053 -0.0257 0.9997
vn -0.0035 -0.0026 1.0000
vn 0.2921 0.3732 0.8806
vn 0.2600 0.3776 0.8887
vn 0.6022 0.7499 0.2739
vn 0.5772 0.7514 0.3198
vn 0.7126 0.0452 0.7001
vn 0.7541 0.0453 0.6552
vn -0.0585 0.9414 -0.3322
vn -0.0132 0.9431 -0.3322
vn -0.0066 0.0114 0.9999
vn -0.0108 0.0332 0.9994
vn 0.0056 0.0696 0.9976
vn -0.0056 0.1002 0.9950
vn -0.0074 0.1088 0.9940
vn -0.0184 0.0898 0.9958
vn -0.0093 0.0693 0.9976
vn -0.0127 0.0463 0.9988
vn -0.0127 0.0508 0.9986
vn -0.0175 0.0352 0.9992
vn -0.0203 0.0166 0.9997
vn -0.0283 -0.0206 0.9994
vn -0.0503 -0.0347 0.9981
vn -0.0573 -0.0599 0.9966
vn -0.0519 -0.0702 0.9962
vn -0.0433 -0.0602 0.9972
vn -0.0487 -0.0500 0.9976
vn -0.0802 -0.0527 0.9954
vn -0.0883 -0.0843 0.9925
vn -0.1074 -0.1312 0.9855
vn -0.1291 -0.1687 0.9772
vn -0.1516 -0.1489 0.9772
vn -0.1389 -0.1046 0.9848
vn -0.1254 -0.0368 0.9914
vn -0.1407 0.0583 0.9883
vn -0.1184 0.1026 0.9877
vn -0.0223 0.1023 0.9945
vn 0.0573 0.0599 0.9966
vn 0.0339 0.0660 0.9972
vn 0.0738 0.1079 0.9914
vn 0.1233 0.1035 0.9870
vn 0.0852 0.0812 0.9931
vn 0.0568 0.0477 0.9972
vn 0.0568 -0.0000 0.9984
vn 0.0742 -0.0913 0.9931
vn 0.0852 -0.2670 0.9599
vn 0.0621 -0.6605 0.7483
vn 0.6583 -0.4672 0.5902
vn -0.1616 -0.9405 0.2990
vn 0.6254 0.1199 0.7710
vn 0.6680 0.0827 0.7395
vn 0.5081 0.7820 0.3609
vn 0.4304 0.2246 0.8743
vn 0.3045 0.3974 0.8657
vn 0.2466 0.4823 0.8406
vn 0.2198 0.5110 0.8310
vn 0.2204 0.5418 0.8111
vn 0.2419 0.5594 0.7928
vn 0.2245 0.5740 0.7875
vn 0.2297 0.5608 0.7955
vn 0.2538 0.5426 0.8007
vn 0.2051 0.5628 0.8007
vn 0.1616 0.5511 0.8187
vn 0.1428 0.4639 0.8743
vn 0.1381 0.3617 0.9220
vn 0.0907 0.3131 0.9454
vn 0.0300 0.2996 0.9536
vn -0.0169 0.3089 0.9509
vn -0.0357 0.3734 0.9270
vn 0.0056 0.4584 0.8887
vn 0.0825 0.4822 0.8721
vn 0.1481 0.4461 0.8826
vn 0.1759 0.4149 0.8927
vn 0.3331 0.8250 0.4565
vn 0.2314 0.8731 0.4291
vn 0.0922 0.8849 0.4565
vn 0.0716 0.8638 0.4987
vn 0.1519 0.8421 0.5175
vn 0.2687 0.8124 0.5175
vn 0.3700 0.7690 0.5213
vn 0.4125 0.7548 0.5101
vn 0.4025 0.7676 0.4987
vn 0.3570 0.8015 0.4797
vn 0.3539 0.8163 0.4565
vn 0.3677 0.8102 0.4565
vn 0.3171 0.8248 0.4681
vn 0.3014 0.8350 0.4604
vn 0.3012 0.8393 0.4526
vn 0.3083 0.8367 0.4526
vn 0.3434 0.8229 0.4526
vn 0.3936 0.8023 0.4487
vn 0.4783 0.7430 0.4681
vn 0.6533 0.5920 0.4720
vn 0.9822 -0.0528 0.1803
vn 0.1111 -0.9871 -0.1155
vn -0.2374 -0.9187 -0.3157
vn -0.2552 -0.8954 -0.3649
vn -0.3190 -0.9477 -0.0110
vn -0.3047 -0.9524 -0.0022
vn -0.2518 -0.8996 -0.3568
vn -0.2427 -0.9129 -0.3281
vn -0.0641 -0.5525 -0.8310
vn -0.0604 -0.5747 -0.8161
vn -0.0585 -0.6575 -0.7512
vn 0.3778 -0.7777 -0.5025
vn 0.8372 0.2891 -0.4643
vn 0.6795 0.7328 -0.0371
vn 0.5301 0.8476 0.0240
vn 0.4580 0.8889 0.0066
vn 0.3965 0.9179 0.0153
vn 0.3457 0.9370 0.0502
vn 0.3931 0.8293 -0.3973
vn 0.4398 0.7994 -0.4093
vn 0.5024 0.7595 -0.4132
vn 0.5784 0.7010 -0.4172
vn 0.4854 0.3854 -0.7847
vn 0.3860 0.4581 -0.8007
vn 0.3473 0.5134 -0.7847
vn 0.3091 0.5529 -0.7738
vn 0.4844 -0.2339 -0.8430
vn 0.2523 -0.0891 -0.9635
vn 0.2657 0.5934 -0.7598
vn 0.3394 0.8687 -0.3609
vn 0.3279 0.9409 0.0851
vn 0.3348 0.9376 0.0938
vn 0.3631 0.9270 0.0938
vn 0.4119 0.9068 0.0894
vn 0.4341 0.8976 0.0764
vn 0.4612 0.8844 0.0721
vn 0.1995 -0.0076 -0.9799
vn 0.5025 0.8628 0.0546
vn 0.5105 0.8591 0.0371
vn 0.4580 0.8888 0.0153
vn 0.3387 0.9398 -0.0458
vn 0.2226 0.9680 -0.1155
vn 0.1672 0.9775 -0.1286
vn 0.1616 0.9839 -0.0764
vn 0.2901 0.9564 -0.0328
vn 0.4104 0.9118 -0.0109
vn 0.4446 0.8957 -0.0065
vn 0.3654 0.7884 0.4950
vn 0.1882 0.4138 0.8907
vn 0.1885 0.4390 0.8785
vn 0.1813 0.0450 -0.9824
vn 0.1591 0.0802 -0.9840
vn -0.0736 -0.5550 -0.8286
vn -0.2830 -0.9591 0.0065
vn 0.1158 0.0851 -0.9896
vn -0.1587 -0.5885 -0.7928
vn -0.2481 -0.9173 -0.3115
vn -0.2681 -0.9131 -0.3073
vn 0.3891 0.7745 0.4987
vn 0.4713 0.8818 -0.0153
vn 0.4311 0.8021 -0.4132
vn -0.1146 -0.5700 -0.8136
vn 0.4027 0.8207 -0.4053
vn 0.3088 0.8528 -0.4212
vn 0.2095 0.8499 -0.4835
vn 0.1873 0.8302 -0.5250
vn 0.1892 0.8413 -0.5063
vn 0.2876 0.8461 -0.4487
vn 0.4402 0.8053 -0.3972
vn 0.5131 0.7730 -0.3731
vn 0.4796 0.7980 -0.3650
vn 0.4422 0.8264 -0.3486
vn 0.4036 0.8525 -0.3322
vn 0.3501 0.8774 -0.3281
vn 0.3148 0.8907 -0.3281
vn 0.3200 0.8873 -0.3322
vn 0.2379 0.6051 -0.7598
vn 0.2260 0.6271 -0.7454
vn -0.2613 -0.9653 0.0021
vn 0.2666 0.6251 -0.7336
vn 0.2606 0.4664 -0.8453
vn 0.3189 0.5071 -0.8007
vn 0.0615 -0.0224 -0.9979
vn 0.0340 -0.0340 -0.9988
vn 0.0501 0.0767 -0.9958
vn 0.2576 0.4336 -0.8635
vn 0.0675 0.0742 -0.9950
vn 0.3811 0.7833 -0.4912
vn -0.2061 -0.6025 -0.7710
vn 0.4172 0.7881 -0.4526
vn 0.0566 0.0606 -0.9966
vn 0.3211 0.5989 -0.7336
vn 0.4478 0.7908 -0.4172
vn 0.3581 0.5700 -0.7395
vn 0.3502 0.5359 -0.7682
vn 0.3855 0.5318 -0.7541
vn 0.4037 0.4837 -0.7766
vn 0.3052 0.4606 -0.8335
vn 0.1780 0.5038 -0.8453
vn 0.4544 0.7870 -0.4172
vn 0.1275 0.5489 -0.8261
vn 0.1768 0.5687 -0.8033
vn 0.2058 0.5991 -0.7738
vn 0.2588 0.5965 -0.7597
vn 0.3196 0.5662 -0.7598
vn 0.3485 0.5683 -0.7454
vn 0.4560 0.7923 -0.4053
vn 0.3471 0.5458 -0.7626
vn 0.1208 0.0373 -0.9920
vn 0.0829 -0.0000 -0.9966
vn 0.0958 0.1012 -0.9902
vn 0.1287 0.1527 -0.9799
vn 0.1290 0.1410 -0.9816
vn 0.0491 0.0875 -0.9950
vn 0.0335 0.0281 -0.9990
vn 0.0913 0.0075 -0.9958
vn 0.1756 0.0301 -0.9840
vn 0.2076 0.0151 -0.9781
vn 0.1646 -0.0152 -0.9863
vn 0.1228 -0.0299 -0.9920
vn 0.0826 0.0075 -0.9966
vn -0.1874 -0.5352 -0.8237
vn -0.1731 -0.5400 -0.8237
vn -0.1492 -0.5130 -0.8453
vn 0.0767 -0.0501 -0.9958
vn -0.2009 -0.6525 -0.7306
vn -0.1608 -0.6368 -0.7541
vn -0.1275 -0.6170 -0.7766
vn -0.1052 -0.5968 -0.7955
vn -0.1496 -0.5582 -0.8161
vn -0.1384 -0.5237 -0.8406
vn -0.0696 -0.4842 -0.8722
vn 0.0019 -0.4777 -0.8785
vn -0.0491 -0.5058 -0.8613
vn -0.1309 -0.5103 -0.8500
vn 0.2713 0.4473 -0.8522
vn -0.1238 -0.5423 -0.8310
vn 0.3620 0.7778 -0.5139
vn 0.1298 0.0374 -0.9908
vn 0.3494 0.5523 -0.7569
vn 0.4427 0.7895 -0.4252
vn 0.4513 0.8924 -0.0022
vn 0.3728 0.7966 0.4759
vn 0.4089 0.8012 0.4370
vn 0.2118 0.4620 0.8612
vn 0.3516 0.7700 -0.5324
vn 0.2283 0.4455 0.8657
vn 0.2368 0.4706 -0.8500
vn 0.1869 0.4438 0.8764
vn 0.1729 0.4495 0.8764
vn 0.1626 0.4614 0.8721
vn 0.1661 0.4723 0.8657
vn 0.1535 0.4725 0.8678
vn 0.1391 0.4769 0.8678
vn 0.1058 -0.0516 -0.9930
vn 0.1802 0.4671 0.8657
vn 0.2300 0.4361 0.8700
vn 0.2552 0.3994 0.8806
vn 0.2891 0.3608 0.8867
vn 0.3200 0.3599 0.8764
vn 0.3398 0.3624 0.8678
vn 0.3240 0.3666 0.8722
vn 0.6011 0.6864 0.4093
vn -0.1086 -0.5003 -0.8590
vn 0.5431 0.7398 0.3973
vn 0.4954 0.7575 0.4251
vn 0.4212 0.7673 0.4835
vn 0.4761 0.8724 -0.1112
vn 0.5408 0.8284 -0.1459
vn -0.0791 -0.5209 -0.8499
vn 0.5703 0.8068 -0.1545
vn 0.6508 0.7468 -0.1372
vn 0.6886 0.7166 -0.1112
vn 0.0738 0.0076 -0.9972
vn 0.6252 0.6545 0.4252
vn 0.6054 0.6520 0.4565
vn 0.5726 0.6593 0.4873
vn 0.5265 0.6913 0.4949
vn 0.4582 0.7332 0.5025
vn 0.3585 0.7867 0.5025
vn 0.3063 0.8108 0.4987
vn 0.2413 0.4557 -0.8568
vn 0.3204 0.8006 0.5063
vn 0.3309 0.7939 0.5101
vn 0.3447 0.7976 0.4949
vn 0.3712 0.8064 0.4604
vn 0.3986 0.8085 0.4330
vn 0.4504 0.7851 0.4251
vn 0.3750 0.7402 -0.5581
vn 0.4580 0.8888 -0.0196
vn 0.4444 0.7948 -0.4132
vn 0.3358 0.5489 -0.7654
vn 0.1680 0.0594 -0.9840
vn -0.1294 -0.5668 -0.8136
vn -0.3039 -0.8766 -0.3731
vn -0.2551 -0.8903 -0.3771
vn -0.1857 -0.9202 -0.3445
vn -0.1393 -0.9253 -0.3527
vn -0.1874 -0.9229 -0.3363
vn -0.2915 -0.9044 -0.3115
vn -0.3746 -0.8748 -0.3073
vn -0.3865 -0.8604 -0.3322
vn -0.3394 -0.8687 -0.3609
vn -0.3022 -0.8737 -0.3812
vn -0.2951 -0.8863 -0.3568
vn -0.3025 -0.8993 -0.3157
vn -0.3398 -0.8944 -0.2907
vn -0.3237 -0.8962 -0.3032
vn 0.5024 0.6542 -0.5653
vn 0.3320 0.3747 -0.8656
vn 0.0734 0.0747 -0.9945
vn -0.0903 -0.4924 -0.8657
vn -0.1212 -0.4096 -0.9042
vn 0.1072 0.0583 -0.9925
vn -0.3278 -0.9429 -0.0590
vn -0.3983 -0.9161 -0.0459
vn -0.4794 -0.8756 0.0589
vn -0.4372 -0.8930 0.1068
vn -0.3399 -0.9291 0.1458
vn -0.2318 -0.9575 0.1717
vn -0.2757 -0.9610 0.0196
vn -0.3327 -0.8871 -0.3198
vn -0.4051 -0.9126 0.0545
vn -0.3854 -0.8785 -0.2823
vn -0.4041 -0.8659 -0.2948
vn -0.3987 -0.8564 -0.3281
vn -0.4256 -0.9030 0.0589
vn -0.4018 -0.8468 -0.3486
vn -0.3658 -0.8646 -0.3445
vn -0.3165 -0.8789 -0.3568
vn -0.3491 -0.9352 0.0589
vn 0.3985 0.3092 -0.8635
vn -0.3280 -0.9434 0.0502
vn -0.2877 -0.8733 -0.3933
vn -0.2695 -0.8660 -0.4212
vn -0.2424 -0.8682 -0.4331
vn -0.2974 -0.9545 0.0240
vn -0.2297 -0.8657 -0.4448
vn -0.3965 -0.9178 0.0196
vn -0.3193 -0.8239 -0.4681
vn 0.5835 0.5968 -0.5508
vn -0.4442 -0.7443 -0.4987
vn -0.5366 -0.8438 0.0065
vn -0.5110 -0.6891 -0.5138
vn -0.6344 -0.7730 0.0021
vn -0.5374 -0.6800 -0.4988
vn -0.6907 -0.7228 0.0240
vn -0.5755 -0.6862 -0.4448
vn -0.7155 -0.6929 0.0894
vn -0.6930 -0.7077 0.1371
vn -0.6068 -0.6908 -0.3933
vn 0.5858 0.5911 -0.5544
vn -0.6076 -0.7117 -0.3527
vn -0.6506 -0.7519 0.1068
vn -0.5423 -0.7735 -0.3281
vn -0.5754 -0.8157 0.0589
vn -0.4789 -0.8143 -0.3281
vn -0.4994 -0.8649 0.0502
vn -0.3638 -0.8463 -0.3892
vn -0.3562 -0.9326 0.0589
vn -0.1409 -0.8596 -0.4911
vn -0.1373 -0.9890 0.0546
vn -0.1204 -0.8034 -0.5831
vn -0.1054 -0.9937 0.0371
vn 0.4160 0.3293 -0.8476
vn -0.1591 -0.7414 -0.6519
vn 0.1316 -0.0300 -0.9908
vn -0.0038 -0.6954 -0.7186
vn 0.0378 -0.9945 -0.0982
vn 0.1615 -0.9694 -0.1847
vn 0.0641 -0.6437 -0.7626
vn 0.0490 -0.6110 -0.7901
vn -0.1696 -0.3391 -0.9253
vn 0.1330 -0.5948 -0.7928
vn 0.1560 -0.9526 -0.2613
vn 0.2773 -0.5658 -0.7765
vn 0.7333 -0.5813 -0.3528
vn 0.4689 -0.4208 -0.7765
vn -0.1839 -0.3589 -0.9151
vn 0.6239 -0.1277 -0.7710
vn 0.9076 -0.1355 -0.3973
vn -0.1977 -0.4180 -0.8867
vn 0.9124 0.0981 -0.3973
vn 0.6665 0.0679 -0.7424
vn 0.1545 -0.0450 -0.9870
vn 0.6719 0.1794 -0.7186
vn 0.9004 0.2168 -0.3772
vn 0.6480 0.3210 -0.6907
vn 0.5784 0.4678 -0.6683
vn 0.6265 0.7198 -0.2991
vn 0.5248 0.5355 -0.6617
vn 0.5823 0.7474 -0.3198
vn 0.4966 0.5500 -0.6715
vn 0.5768 0.7406 -0.3446
vn 0.4797 0.5531 -0.6812
vn 0.4321 0.3560 -0.8286
vn 0.4740 0.5580 -0.6812
vn 0.1211 0.0852 -0.9890
vn 0.4170 0.6266 -0.6585
vn 0.3597 0.5048 -0.7847
vn 0.4795 0.6947 -0.5361
vn 0.5574 0.6401 -0.5287
vn 0.4086 0.6522 -0.6385
vn 0.6723 0.6790 -0.2949
vn 0.4574 0.7067 -0.5398
vn 0.3886 0.6479 -0.6551
vn 0.3218 0.5297 -0.7847
vn 0.2226 0.4610 -0.8590
vn 0.1229 0.1230 -0.9848
vn 0.3011 0.3759 -0.8764
vn 0.0671 0.2016 -0.9772
vn 0.1514 0.0663 -0.9862
vn 0.4023 0.4197 -0.8136
vn 0.4173 0.3732 -0.8286
vn -0.1819 -0.5257 -0.8310
vn 0.5992 0.6045 -0.5250
vn 0.6002 0.5868 -0.5435
vn 0.6877 0.7224 -0.0720
vn 0.6726 0.7380 -0.0546
vn 0.5115 0.7779 -0.3650
vn 0.6487 0.7580 -0.0676
vn 0.5689 0.8170 -0.0938
vn 0.4444 0.8904 -0.0982
vn 0.3914 0.9167 -0.0807
vn 0.3137 0.3604 -0.8785
vn 0.4000 0.9140 -0.0677
vn 0.4156 0.9084 -0.0459
vn 0.3263 0.3330 -0.8847
vn 0.3574 0.2933 -0.8867
vn 0.3936 0.2570 -0.8826
vn 0.4427 0.8950 -0.0546
vn 0.4242 0.1839 -0.8867
vn 0.4183 0.1193 -0.9004
vn 0.4659 0.8799 -0.0938
vn 0.4068 0.0602 -0.9115
vn 0.3620 -0.0602 -0.9302
vn 0.2498 -0.2030 -0.9468
vn 0.4742 0.8716 -0.1242
vn 0.1572 -0.2420 -0.9575
vn 0.1137 -0.1994 -0.9733
vn 0.0734 -0.1624 -0.9840
vn 0.4989 0.8616 -0.0938
vn 0.0773 -0.1841 -0.9799
vn 0.4335 0.8088 -0.3973
vn 0.0505 -0.2239 -0.9733
vn -0.0835 -0.2498 -0.9647
vn 0.3381 0.5276 -0.7793
vn -0.0787 -0.3206 -0.9439
vn 0.0470 0.1985 -0.9790
vn 0.1776 0.1709 -0.9691
vn 0.1221 0.0981 -0.9877
vn 0.1826 0.1718 -0.9681
vn -0.1903 -0.4953 -0.8476
vn 0.1125 0.2050 -0.9723
vn 0.0572 0.1318 -0.9896
vn -0.2032 -0.5178 -0.8310
vn 0.0095 0.0736 -0.9972
vn 0.0335 0.0403 -0.9986
vn 0.0669 0.0561 -0.9962
vn 0.0620 0.0674 -0.9958
vn 0.0662 0.0223 -0.9976
vn 0.1866 -0.0076 -0.9824
vn -0.2124 -0.5335 -0.8187
vn 0.1782 -0.0000 -0.9840
vn 0.1375 0.0226 -0.9902
vn 0.0840 0.1001 -0.9914
vn 0.0665 0.1606 -0.9848
vn -0.2646 -0.0784 -0.9612
vn -0.5081 -0.4214 -0.7512
vn -0.8155 -0.4824 -0.3198
vn -0.8421 -0.5167 0.1545
vn -0.8301 -0.3030 0.4681
vn -0.7915 -0.0038 0.6112
vn -0.7065 0.3904 0.5903
vn -0.7414 0.4883 0.4604
vn -0.5050 0.4451 0.7395
vn -0.2136 0.3699 0.9042
vn -0.0019 0.2718 0.9624
vn -0.1804 0.3828 0.9061
vn -0.4295 0.4747 0.7682
vn -0.3932 0.4611 0.7954
vn -0.6119 0.1639 0.7738
vn -0.7192 -0.2012 0.6650
vn -0.7450 -0.4555 0.4873
vn -0.2051 -0.1584 -0.9658
vn -0.6364 -0.3435 0.6907
vn -0.5020 -0.0488 0.8635
vn -0.3616 0.3296 0.8721
vn -0.0761 0.2609 0.9624
vn -0.0262 0.2493 0.9681
vn -0.2632 0.1375 0.9549
vn -0.1100 0.2803 0.9536
vn -0.0094 0.2378 0.9713
vn 0.0721 0.2268 0.9713
vn 0.1616 0.2026 0.9658
vn 0.2200 0.1803 0.9587
vn 0.2737 0.1443 0.9509
vn 0.3260 0.1178 0.9380
vn 0.3667 0.0966 0.9253
vn 0.3383 -0.0075 0.9410
vn 0.2516 -0.1027 0.9624
vn 0.1645 -0.1130 0.9799
vn 0.1389 -0.0369 0.9896
vn 0.1735 0.0800 0.9816
vn 0.2138 0.0946 0.9723
vn 0.3467 0.0525 0.9365
vn 0.3669 0.2480 0.8966
vn 0.5291 0.0974 0.8430
vn 0.3919 0.7342 -0.5544
vn 0.6397 0.5783 0.5063
vn 0.8592 0.2384 0.4526
vn 0.9031 0.3471 -0.2528
vn 0.6819 0.7099 -0.1760
vn 0.2468 0.5106 -0.8237
vn 0.4780 0.5700 -0.6682
vn 0.6059 0.3600 -0.7094
vn 0.0680 0.1554 -0.9855
vn 0.3174 0.3254 -0.8907
vn 0.3126 0.4007 -0.8613
vn 0.1577 0.3536 -0.9220
vn -0.0490 0.5096 -0.8590
vn -0.0038 0.4931 -0.8700
vn -0.2911 -0.4740 -0.8310
vn -0.1891 0.7848 -0.5902
vn -0.2805 0.7314 -0.6215
vn -0.3226 0.9292 -0.1803
vn -0.4651 0.8509 -0.2444
vn -0.5154 0.8274 0.2231
vn -0.3487 0.9048 0.2444
vn -0.3057 -0.4690 -0.8286
vn -0.2175 0.7353 0.6418
vn -0.3602 0.6340 0.6844
vn 0.0319 0.3778 0.9253
vn -0.0468 0.3017 0.9523
vn -0.2513 -0.4503 -0.8568
vn 0.0152 0.1298 -0.9914
vn 0.0132 0.3340 0.9425
vn 0.1529 0.5196 -0.8406
vn 0.0075 0.1909 0.9816
vn 0.0744 0.0967 0.9925
vn 0.1423 0.0923 0.9855
vn 0.1175 0.0900 0.9890
vn 0.2814 0.7780 -0.5617
vn 0.0524 -0.0000 0.9986
vn 0.0789 -0.0619 0.9950
vn -0.0146 -0.0639 0.9979
vn -0.0512 -0.0408 0.9979
vn -0.1172 0.0112 0.9930
vn 0.3701 0.9243 -0.0938
vn -0.1839 0.0519 0.9816
vn -0.4330 -0.1621 0.8867
vn -0.5397 -0.4386 0.7186
vn 0.3112 0.7822 0.5398
vn -0.3479 -0.2340 0.9079
vn -0.2731 -0.2745 0.9220
vn -0.1966 -0.2904 0.9365
vn -0.0817 -0.2855 0.9549
vn -0.0608 -0.1991 0.9781
vn -0.3547 0.1220 0.9270
vn -0.3368 0.2428 0.9097
vn -0.3259 0.3750 0.8678
vn -0.3231 0.5044 0.8007
vn 0.3404 0.9352 -0.0982
vn -0.2768 0.6448 0.7125
vn -0.2049 0.7476 0.6318
vn 0.2417 0.7782 -0.5796
vn -0.3328 0.9119 0.2401
vn -0.3648 0.9126 -0.1846
vn -0.2684 0.7502 -0.6043
vn 0.4426 0.8898 -0.1112
vn -0.0847 0.4585 -0.8847
vn 0.4068 0.7423 0.5324
vn -0.1745 0.4028 -0.8985
vn -0.1901 0.3091 -0.9318
vn -0.2171 0.2025 -0.9549
vn 0.3190 0.7184 -0.6181
vn 0.1292 0.5298 -0.8382
vn -0.4568 0.8566 0.2401
vn -0.1066 -0.4136 -0.9042
vn 0.0226 0.1767 -0.9840
vn 0.1797 0.4992 -0.8476
vn -0.4610 0.6127 -0.6419
vn -0.3630 0.6942 -0.6215
vn -0.4752 0.8533 -0.2146
vn -0.5928 0.7511 0.2907
vn -0.7178 0.5979 0.3568
vn -0.8152 0.4177 0.4013
vn -0.8660 0.3036 0.3972
vn -0.8885 0.4099 -0.2061
vn -0.7719 0.6000 -0.2103
vn -0.6069 0.7653 -0.2146
vn -0.5886 0.4501 -0.6715
vn -0.2469 0.1033 -0.9635
vn -0.2558 0.0415 -0.9658
vn -0.6571 0.2793 -0.7001
vn -0.9292 0.3007 -0.2146
vn -0.9123 0.3222 -0.2528
vn -0.8757 0.2965 0.3812
vn -0.3698 0.0300 0.9286
vn -0.8209 0.4216 0.3852
vn -0.6215 0.1388 -0.7710
vn -0.6608 0.1718 -0.7306
vn -0.2879 -0.4233 -0.8590
vn 0.1432 0.0521 -0.9883
vn 0.1602 0.0152 -0.9870
vn -0.5316 0.1639 -0.8310
vn -0.2780 -0.0601 -0.9587
vn -0.1149 -0.1788 -0.9772
vn -0.2405 -0.4217 -0.8743
vn -0.0470 -0.2592 -0.9647
vn -0.2769 -0.3940 -0.8764
vn -0.0731 -0.3007 -0.9509
vn -0.1223 -0.2521 -0.9599
vn -0.3959 -0.5199 -0.7569
vn -0.7005 -0.6059 -0.3771
vn -0.7381 -0.6648 0.1155
vn -0.6475 -0.5729 0.5025
vn -0.5442 -0.6573 0.5213
vn -0.4436 -0.4888 0.7512
vn -0.3517 -0.5187 0.7793
vn -0.2640 -0.5377 0.8007
vn -0.1288 -0.5449 0.8286
vn -0.2254 -0.8135 0.5361
vn 0.2435 -0.8131 0.5287
vn -0.3117 -0.9495 -0.0371
vn -0.2953 -0.7622 -0.5760
vn 0.0528 -0.6807 -0.7306
vn -0.2338 -0.4804 -0.8453
vn -0.2528 -0.5584 -0.7901
vn -0.2997 -0.5695 -0.7654
vn -0.4507 -0.7404 -0.4987
vn -0.3858 -0.7637 -0.5176
vn -0.2142 -0.2115 -0.9536
vn -0.7672 -0.6246 -0.1459
vn -0.6231 -0.1608 -0.7655
vn -0.4780 -0.8783 0.0109
vn -0.3968 -0.7477 0.5324
vn -0.0056 0.2801 -0.9599
vn 0.1918 0.0810 -0.9781
vn 0.6558 0.2011 -0.7277
vn -0.4681 -0.7053 0.5325
vn -0.5427 -0.8393 0.0328
vn -0.6132 -0.7862 0.0764
vn 0.6047 -0.1643 -0.7793
vn -0.5620 -0.5795 -0.5902
vn -0.1877 -0.9819 0.0240
vn 0.9963 -0.0151 -0.0851
vn 0.6901 0.4035 -0.6008
vn 0.9761 0.2173 0.0065
vn 0.9724 0.2172 0.0851
vn -0.5492 -0.7050 -0.4487
vn 0.9314 0.1949 -0.3074
vn 0.9014 -0.0076 0.4330
vn -0.8731 -0.3882 0.2949
vn -0.7556 0.3053 0.5796
vn -0.8107 0.4107 0.4172
vn 0.8492 -0.1502 0.5063
vn 0.8611 -0.2239 0.4565
vn 0.4538 -0.6829 0.5725
vn 0.4762 -0.6766 0.5617
vn 0.8968 -0.2315 0.3771
vn 0.4645 -0.6066 0.6452
vn -0.9325 -0.2538 -0.2570
vn 0.4702 -0.4861 0.7366
vn 0.4098 -0.4604 0.7875
vn 0.5291 0.0973 0.8430
vn 0.8593 0.2383 0.4526
vn 0.6225 -0.0976 0.7765
vn 0.9099 -0.0678 0.4093
vn 0.9031 0.3470 -0.2528
vn 0.9640 0.0151 -0.2655
vn 0.8974 -0.1650 0.4093
vn 0.6368 -0.1859 0.7483
vn 0.6494 -0.1642 0.7425
vn 0.4026 -0.7200 0.5652
vn 0.4098 -0.4604 0.7874
vn -0.7974 -0.6017 0.0459
vn -0.7885 -0.0679 -0.6112
vn -0.7890 -0.6106 0.0677
vn 0.3743 -0.0821 0.9237
vn 0.3467 0.0524 0.9365
vn 0.1036 0.0149 0.9945
vn 0.2137 0.0946 0.9723
vn -0.2354 0.1877 0.9536
vn -0.3802 -0.7691 0.5138
vn -0.2013 -0.7514 0.6284
vn 0.4702 -0.4862 0.7366
vn 0.4644 -0.6066 0.6452
vn -0.1962 -0.8210 0.5361
vn -0.0236 -0.0703 0.9972
vn 0.3580 -0.1676 0.9186
vn 0.3358 -0.1671 0.9270
vn -0.0968 -0.1231 0.9877
vn -0.1874 0.4353 -0.8806
vn -0.4091 0.0711 0.9097
vn -0.5846 0.4359 0.6843
vn -0.3603 0.6339 0.6844
vn -0.7719 0.6056 0.1932
vn -0.5155 0.8274 0.2231
vn -0.4651 0.8508 -0.2444
vn -0.6972 0.6331 -0.3363
vn -0.2806 0.7314 -0.6215
vn 0.6201 0.5587 -0.5508
vn -0.4776 0.5470 -0.6875
vn -0.8535 0.3464 -0.3892
vn -0.6170 0.2923 -0.7306
vn -0.6686 0.0415 -0.7424
vn -0.9172 0.0641 -0.3932
vn -0.6254 -0.2401 -0.7424
vn 0.9176 0.3474 -0.1932
vn 0.9501 0.3119 -0.0066
vn 0.4814 0.6729 -0.5617
vn -0.9926 0.0867 0.0851
vn -0.9654 -0.2134 0.1501
vn -0.1391 -0.9190 0.3690
vn 0.4537 -0.6829 0.5725
vn -0.9347 0.3331 0.1242
vn -0.7474 0.2159 0.6283
vn -0.8283 0.0490 0.5581
vn 0.1260 -0.9418 0.3115
vn -0.8479 -0.1575 0.5063
vn -0.5850 -0.1710 0.7928
vn -0.4992 -0.0376 0.8657
vn 0.3615 0.6086 -0.7063
vn -0.2912 0.5195 -0.8033
vn -0.8322 -0.0076 -0.5544
vn 0.9008 -0.1054 0.4212
vn 0.9708 -0.0980 -0.2189
vn -0.6367 -0.0114 -0.7710
vn -0.1789 0.4554 -0.8721
vn 0.9907 -0.0302 -0.1328
vn 0.7718 0.0302 -0.6351
vn -0.2294 0.0781 -0.9702
vn 0.8029 0.0529 -0.5938
vn 0.3813 0.0677 -0.9220
vn 0.3675 0.0750 -0.9270
vn -0.7250 -0.6516 -0.2231
vn 0.0314 0.0720 -0.9969
vn -0.2184 -0.1231 -0.9681
vn -0.3067 0.0415 -0.9509
vn -0.6686 0.0415 -0.7425
vn -0.3135 0.2203 -0.9237
vn -0.6170 0.2923 -0.7307
vn -0.4776 0.5470 -0.6876
vn -0.1996 0.4213 -0.8847
vn 0.1181 0.2950 -0.9482
vn 0.3975 0.2040 -0.8946
vn 0.6862 0.1129 -0.7186
vn 0.7225 -0.0302 -0.6907
vn -0.1354 0.9758 -0.1718
vn -0.1299 0.9661 -0.2232
vn -0.1916 0.4625 -0.8657
vn 0.3754 0.0528 -0.9253
vn -0.2800 0.5453 -0.7901
vn 0.0282 0.1453 -0.9890
vn -0.2378 -0.1635 -0.9574
vn -0.0575 -0.1550 -0.9862
vn 0.1254 -0.5079 -0.8522
vn -0.0735 -0.6658 -0.7425
vn 0.1448 -0.9229 -0.3568
vn 0.3845 -0.7792 -0.4950
vn 0.7315 -0.3158 -0.6043
vn 0.3242 -0.1538 -0.9334
vn -0.6254 -0.2401 -0.7425
vn 0.1304 -0.0076 -0.9914
vn -0.2805 0.7314 -0.6216
vn -0.1054 0.9937 0.0371
vn 0.7239 -0.6786 0.1242
vn 0.7443 -0.6562 0.1242
vn 0.6136 -0.7002 -0.3649
vn 0.7516 0.1202 0.6485
vn 0.3520 0.1037 0.9302
vn 0.6037 0.3050 0.7366
vn 0.4784 0.4452 0.7569
vn 0.6758 -0.4938 0.5471
vn 0.7893 0.5138 0.3363
vn 0.8264 0.4822 0.2907
vn 0.7855 0.4811 -0.3892
vn 0.6423 -0.5477 0.5361
vn 0.7247 0.5423 -0.4251
vn 0.8968 0.3960 0.1975
vn 0.9615 0.2612 0.0851
vn 0.2361 0.0299 0.9713
vn 0.1702 0.0659 0.9832
vn -0.3492 0.8505 0.3933
vn 0.8338 -0.0377 0.5508
vn 0.5239 -0.1047 0.8453
vn -0.3658 0.8044 0.4681
vn 0.2066 -0.3227 0.9237
vn 0.2738 0.0597 0.9599
vn 0.2801 -0.4374 0.8545
vn 0.5889 -0.2424 0.7710
vn 0.3200 -0.5064 0.8007
vn 0.5965 -0.3386 0.7277
vn 0.8469 -0.1502 0.5101
vn 0.8377 -0.2310 0.4949
vn 0.5482 -0.3434 0.7626
vn 0.6739 -0.7206 0.1631
vn 0.6438 -0.3608 0.6747
vn 0.9818 0.1876 0.0284
vn 0.5229 -0.8127 0.2570
vn 0.7147 0.4903 -0.4987
vn 0.4642 -0.8367 0.2907
vn 0.4038 0.5011 -0.7654
vn 0.3204 -0.8932 -0.3156
vn 0.7039 0.4573 -0.5435
vn 0.4794 -0.7925 -0.3771
vn 0.6715 -0.4087 0.6181
vn 0.2639 0.1169 0.9575
vn 0.5553 -0.6100 0.5653
vn 0.4370 0.4770 -0.7626
vn 0.5366 0.3367 -0.7738
vn 0.8789 0.3539 -0.3198
vn 0.6853 0.0978 -0.7216
vn 0.9359 0.2537 -0.2443
vn 0.7745 -0.0980 -0.6249
vn 0.4624 -0.6679 0.5832
vn 0.4368 -0.1630 -0.8847
vn 0.2513 0.1240 -0.9599
vn 0.1496 0.2943 -0.9439
vn -0.2845 -0.1107 -0.9523
vn -0.3959 0.7661 0.5063
vn 0.1654 0.3722 -0.9133
vn 0.3535 0.5091 -0.7847
vn 0.6051 0.5264 -0.5973
vn 0.9761 0.2172 -0.0022
vn -0.5110 0.6891 -0.5138
vn -0.4394 0.6453 -0.6250
vn -0.2909 0.6247 -0.7247
vn -0.2752 0.9203 0.2781
vn 0.1068 0.1365 0.9849
vn 0.3737 -0.7126 0.5938
vn 0.5041 -0.8580 0.0982
vn -0.2294 -0.2864 -0.9302
vn 0.5960 -0.7888 0.1501
vn 0.6739 -0.7259 0.1372
vn 0.6322 -0.7148 -0.2990
vn 0.6091 -0.7517 -0.2528
vn -0.2260 -0.0599 -0.9723
vn -0.6497 -0.6136 -0.4487
vn -0.6508 -0.6495 -0.3933
vn -0.5472 -0.7718 -0.3239
vn -0.0321 -0.5517 -0.8334
vn 0.1666 -0.7129 -0.6811
vn 0.5610 -0.3777 -0.7366
vn 0.8021 -0.1576 -0.5761
vn 0.5523 -0.8032 -0.2231
vn 0.4584 -0.8468 -0.2697
vn 0.4018 -0.9146 -0.0459
vn 0.3460 -0.7148 0.6077
vn 0.1294 0.2342 0.9635
vn -0.1410 0.9710 0.1932
vn -0.1552 0.6314 -0.7598
vn 0.5736 -0.4550 -0.6812
vn 0.2380 -0.7520 -0.6147
vn -0.2810 -0.9258 -0.2528
vn -0.0859 -0.0152 -0.9962
vn -0.3941 -0.8786 -0.2697
vn -0.6957 -0.6691 0.2613
vn -0.6715 -0.6995 0.2444
vn -0.6130 -0.7661 0.1932
vn -0.0364 0.0377 -0.9986
vn 0.0678 0.4960 -0.8657
vn -0.4149 -0.6984 0.5831
vn -0.5251 -0.5850 0.6181
vn -0.6252 -0.4896 0.6077
vn 0.2565 0.3939 0.8826
vn -0.6670 -0.4548 0.5902
vn -0.6787 -0.6880 0.2570
vn -0.6223 -0.7423 0.2486
vn 0.1036 0.9781 0.1803
vn -0.0735 0.7284 -0.6812
vn -0.6494 -0.4663 0.6007
vn -0.5793 -0.5233 0.6249
vn -0.5402 -0.8000 0.2613
vn -0.3064 -0.5810 0.7540
vn 0.9406 0.3045 0.1501
vn 0.6777 -0.4290 0.5973
vn -0.1858 -0.9549 -0.2316
vn 0.5259 -0.8303 -0.1846
vn 0.2705 -0.7740 -0.5725
vn 0.3333 -0.9377 -0.0982
vn 0.5770 -0.5050 -0.6419
vn 0.8015 -0.2239 -0.5544
vn 0.9833 -0.0227 -0.1803
vn 0.6748 -0.5509 -0.4912
vn 0.3509 -0.8261 -0.4409
vn 0.2542 -0.7579 -0.6008
vn 0.6090 -0.4705 -0.6385
vn 0.2340 -0.7153 -0.6585
vn 0.9584 0.2246 -0.1760
vn 0.7819 0.4870 0.3893
vn 0.7680 0.5319 0.3568
vn 0.3829 0.5130 0.7682
vn 0.1233 0.1286 -0.9840
vn -0.0095 -0.0515 -0.9986
vn 0.1727 0.2716 0.9468
vn -0.1173 0.0471 0.9920
vn 0.0528 -0.1336 0.9896
vn -0.1434 -0.5412 0.8286
vn -0.0546 -0.6345 0.7710
vn 0.0245 -0.6918 0.7216
vn 0.1027 -0.3649 -0.9254
vn 0.0639 -0.3819 -0.9220
vn -0.2409 0.1064 -0.9647
vn -0.1712 0.0302 -0.9848
vn 0.0434 -0.3480 -0.9365
vn 0.0432 -0.2255 -0.9733
vn -0.2857 0.1889 -0.9395
vn 0.0583 -0.2869 -0.9562
vn -0.4169 0.7472 0.5176
vn -0.4148 -0.6984 0.5832
vn -0.3287 -0.7800 0.5325
vn -0.5676 0.7074 -0.4212
vn -0.5250 -0.5850 0.6181
vn -0.2849 -0.3883 0.8764
vn -0.4226 -0.2310 0.8764
vn -0.2190 0.1221 0.9681
vn 0.2940 -0.6802 -0.6715
vn 0.2875 -0.7139 -0.6385
vn -0.6252 -0.4896 0.6078
vn 0.2113 -0.6114 -0.7626
vn -0.6669 -0.4547 0.5903
vn -0.4865 -0.1593 0.8590
vn -0.4931 -0.1377 0.8590
vn 0.1595 -0.4665 -0.8700
vn -0.6494 -0.4662 0.6008
vn -0.4817 -0.2225 0.8476
vn -0.5793 -0.5233 0.6250
vn -0.2803 -0.1100 0.9536
vn 0.0402 -0.0337 0.9986
vn -0.2729 0.1171 0.9549
vn -0.0449 0.2978 0.9536
vn 0.0431 0.3356 0.9410
vn 0.3194 0.4729 0.8212
vn 0.4584 -0.8468 -0.2698
vn 0.3215 -0.6096 -0.7246
vn 0.3736 -0.5791 -0.7246
vn 0.8926 0.1501 0.4252
vn 0.4623 0.0600 0.8847
vn 0.5244 -0.8077 0.2696
vn 0.1293 -0.7237 0.6779
vn 0.3701 -0.5505 -0.7483
vn 0.5523 -0.8032 -0.2232
vn 0.6091 -0.7517 -0.2529
vn 0.8181 -0.5739 0.0371
vn 0.6321 -0.7148 -0.2991
vn -0.3623 0.2745 -0.8907
vn 0.2673 0.4454 0.8545
vn 0.4892 -0.3396 0.8033
vn 0.5134 -0.3348 0.7901
vn 0.4124 0.3220 0.8522
vn 0.2940 -0.5016 -0.8136
vn 0.6136 -0.7002 -0.3650
vn -0.1521 -0.0375 -0.9877
vn -0.0413 -0.1467 -0.9883
vn -0.0660 -0.9938 -0.0895
vn -0.3918 -0.8743 0.2865
vn -0.4432 0.3538 -0.8236
vn 0.2802 -0.8527 -0.4409
vn -0.6151 0.7151 -0.3322
vn -0.2260 0.0599 -0.9723
vn -0.4744 0.4397 -0.7626
vn -0.4125 0.7648 0.4949
vn 0.2359 0.2067 0.9496
vn -0.4106 0.5953 -0.6907
vn -0.4082 0.8931 -0.1889
vn -0.3027 0.9438 -0.1329
vn -0.3842 0.6604 -0.6452
vn -0.2484 0.9623 -0.1112
vn 0.2463 0.3193 0.9151
vn -0.3965 0.6464 -0.6519
vn -0.2934 0.0676 -0.9536
vn 0.2473 0.4133 0.8764
vn -0.1016 0.9189 0.3812
vn -0.2057 0.9013 0.3812
vn -0.5657 0.7889 -0.2401
vn -0.6303 0.7264 -0.2739
vn 0.4293 -0.8493 0.3073
vn 0.4158 -0.8659 0.2781
vn -0.3471 0.8319 0.4330
vn 0.4927 -0.3468 0.7981
vn 0.5866 -0.7875 0.1889
vn -0.0189 0.9104 0.4132
vn 0.0566 0.8938 0.4448
vn 0.5773 -0.3645 0.7306
vn -0.1877 0.9726 -0.1372
vn -0.3648 0.6067 -0.7063
vn 0.2318 -0.9283 -0.2907
vn -0.3425 0.0038 -0.9395
vn -0.0057 -0.5742 -0.8187
vn 0.1455 -0.5064 -0.8500
vn 0.4793 -0.7925 -0.3772
vn 0.1578 -0.9384 -0.3073
vn 0.1449 -0.9229 -0.3568
vn 0.3845 -0.7792 -0.4949
vn 0.9268 -0.3686 0.0720
vn 0.7310 -0.2661 0.6284
vn 0.3399 0.3572 0.8700
vn 0.3012 0.4140 0.8590
vn 0.3204 -0.8931 -0.3157
vn -0.0847 -0.6278 -0.7738
vn 0.1578 -0.9384 -0.3074
vn -0.1259 -0.6678 -0.7336
vn 0.1184 0.8838 0.4526
vn -0.3366 -0.0824 -0.9380
vt 1.211899 7.658822
vt 1.257410 7.597433
vt 1.351162 7.815617
vt -3.222036 3.090777
vt -2.954523 3.039353
vt -2.942691 3.135423
vt 1.417608 7.719414
vt 1.303558 7.535114
vt 1.485055 7.621749
vt 1.541398 7.409279
vt -3.191453 3.183392
vt -3.163145 3.282651
vt -3.409176 3.298331
vt 1.101763 7.973608
vt 1.253405 8.289324
vt 0.891685 8.127213
vt -3.451410 3.214485
vt -3.649109 3.375931
vt -3.706908 3.321451
vt -3.501472 3.133696
vt 1.591460 8.035263
vt 1.630690 7.699482
vt -3.259992 2.975838
vt 1.691674 7.437848
vt -2.953613 2.910197
vt 1.839584 7.466150
vt 1.774140 7.776020
vt 2.247998 7.982378
vt -2.934226 2.726428
vt 2.001057 8.343670
vt -3.336996 2.786754
vt -3.586122 3.050515
vt -3.783912 3.259398
vt -3.962405 3.422969
vt -3.364758 3.404632
vt -3.538791 3.532593
vt 2.260104 7.338854
vt 2.358316 7.651381
vt 2.840185 7.737352
vt 2.861484 8.134123
vt -3.479809 3.638761
vt 3.367837 7.854550
vt 3.235765 7.623477
vt -3.657938 3.651916
vt 3.491262 7.416454
vt -3.579387 3.751042
vt 3.708349 7.589992
vt -3.860279 3.484358
vt -3.789646 3.530068
vt 3.937268 7.748780
vt 3.608407 8.037787
vt 3.809110 8.160433
vt 3.615052 8.459672
vt 3.319778 8.375561
vt -4.087924 3.618697
vt 2.532987 8.713467
vt 1.973022 9.038617
vt 1.653172 8.598794
vt -3.970688 3.655903
vt 1.555142 9.093628
vt 1.579900 9.436185
vt -3.890134 3.685800
vt 1.832667 9.489601
vt -3.818682 3.721810
vt 2.258102 9.312610
vt -3.725931 3.584149
vt 2.660417 9.149303
vt 3.203270 8.876242
vt 3.561349 8.803557
vt -3.593131 3.445558
vt -3.742588 3.777751
vt 4.163639 7.914345
vt -3.657574 3.863855
vt -5.052571 -1.235566
vt -5.169625 -0.998114
vt -5.156154 -1.250315
vt -4.474948 -1.222544
vt -4.261775 -1.183478
vt -4.297456 -0.902709
vt -4.490877 -0.994261
vt -4.644612 -1.025620
vt -4.640881 -1.235167
vt -5.042741 -0.702995
vt -4.910942 -0.912010
vt -4.895468 -0.640277
vt 3.696152 9.130568
vt 3.540596 9.267165
vt 3.889846 9.391937
vt 3.780620 9.545277
vt 4.105476 9.601218
vt -5.062220 -0.964098
vt 4.001439 9.792428
vt -5.179455 -0.730633
vt 3.810930 10.011144
vt 3.600215 9.729843
vt 3.521482 10.224411
vt 3.354093 9.921718
vt 3.370932 9.472062
vt 3.068740 9.237800
vt -4.938976 -1.223607
vt 2.936031 9.504483
vt -4.781509 -1.005954
vt 2.637935 9.426219
vt 2.336107 9.520164
vt 2.375884 9.690113
vt 2.102364 9.746187
vt 2.191838 9.859265
vt -4.803991 -1.230118
vt 2.069596 10.179234
vt 1.947627 10.062434
vt 1.839129 9.914808
vt 2.004879 9.622877
vt 1.704326 9.797610
vt -2.056595 3.674771
vt -2.126773 3.726726
vt -2.208146 3.575113
vt -2.147071 3.511997
vt -2.089454 3.453664
vt -1.990422 3.625341
vt 3.170047 9.686790
vt -2.046947 3.875017
vt -2.126773 3.917404
vt -1.977224 3.840867
vt -1.901130 3.805921
vt -2.184390 3.290624
vt -2.196586 3.047724
vt -2.107567 3.218737
vt -1.914328 3.565546
vt -1.789811 3.758616
vt 1.520827 9.692106
vt 1.335234 9.458110
vt 1.293182 9.657558
vt 1.077278 9.472992
vt 0.991081 9.651313
vt -2.025284 3.390547
vt 0.754789 9.467810
vt 0.856642 9.396986
vt 0.727573 9.172026
vt 0.613979 9.198335
vt 0.578753 8.879563
vt 0.719928 8.877835
vt 0.797751 8.588429
vt 0.630271 8.574212
vt 0.701814 8.356426
vt 0.885587 8.334103
vt -2.242461 3.355866
vt 1.020845 8.626565
vt 1.327861 8.789207
vt 1.273794 9.189698
vt -2.666167 2.922687
vt -2.591256 2.751940
vt 1.080464 9.272480
vt 0.924180 9.291083
vt 0.842534 9.137079
vt -2.432787 3.008791
vt -2.334757 2.868606
vt -2.285879 3.142067
vt 0.744503 8.175049
vt -2.701665 3.053172
vt 0.869203 8.892851
vt -2.484579 3.114562
vt -2.345953 3.218338
vt 1.076186 8.976297
vt 0.984345 9.124854
vt -2.299441 3.429613
vt 4.567775 -1.853709
vt 4.418044 -2.018344
vt 4.571962 -2.012232
vt 2.686540 4.392838
vt 2.248362 4.289062
vt 2.671886 4.132798
vt 2.274395 4.061975
vt 2.166898 3.816684
vt 4.420138 -1.858493
vt 2.296786 3.831832
vt 2.662784 3.855218
vt 2.874409 4.355367
vt 3.007938 4.026363
vt 3.075202 4.328526
vt 4.563406 -1.698110
vt 4.424234 -1.701964
vt 4.259120 -2.182314
vt 4.413402 -2.178195
vt 4.269133 -2.015819
vt 4.406485 -2.330871
vt 4.240916 -2.340438
vt 4.224442 -2.489792
vt 4.401569 -2.472252
vt 4.575057 -2.459629
vt 2.873681 3.625872
vt 3.089584 3.864785
vt 4.576877 -2.317184
vt 4.574783 -2.167964
vt 2.514328 3.437453
vt 2.282768 3.459776
vt 2.179732 3.459643
vt 2.041925 3.811236
vt 1.961007 4.226476
vt 1.834032 3.773366
vt 1.721620 4.119643
vt 4.280602 -1.855835
vt 1.502986 4.009754
vt 1.609391 3.712907
vt 1.355531 3.653112
vt 1.236202 3.893088
vt 1.092388 3.541894
vt 0.869749 3.705067
vt 4.293344 -1.699439
vt 4.301992 -1.550883
vt 4.427692 -1.553407
vt 1.236839 3.304044
vt 4.310184 -1.405117
vt 1.456565 3.372742
vt 1.497252 3.090777
vt 1.686759 3.420312
vt 4.551846 -1.264666
vt 4.428694 -1.411495
vt 4.556670 -1.406313
vt 1.711062 3.132367
vt 4.430605 -1.268120
vt 1.709332 2.852262
vt 4.548934 -1.124348
vt 1.528928 2.806420
vt 1.271974 3.044535
vt 1.298916 2.709685
vt 4.431242 -1.127005
vt 4.560038 -1.549554
vt 4.314462 -1.261742
vt 4.318376 -1.123285
vt 1.899022 3.447950
vt 2.078334 3.456720
vt 1.902480 3.140074
vt 4.325384 -0.985225
vt 2.077242 3.144858
vt 4.431425 -0.988813
vt 4.329207 -0.851152
vt 4.430696 -0.853146
vt 4.328388 -0.718275
vt 4.428329 -0.720933
vt 4.333212 -0.590581
vt 4.428329 -0.593238
vt 4.341131 -0.467537
vt 4.429422 -0.468600
vt 1.869166 2.848675
vt 4.350506 -0.344758
vt 2.047023 2.801105
vt 2.154792 2.856647
vt 2.168081 3.157614
vt 2.261379 2.908735
vt 2.262926 3.166251
vt 2.444150 3.164523
vt 4.432244 -0.345954
vt 4.360610 -0.225435
vt 4.434610 -0.226498
vt 4.509976 -0.225169
vt 4.507883 -0.107573
vt 4.514527 -0.344094
vt 2.407104 2.936639
vt 2.532714 2.911791
vt 2.614997 3.122800
vt 2.638481 2.843094
vt 4.518987 -0.465942
vt 4.525996 -0.590714
vt 2.727955 3.363839
vt 4.533186 -0.719471
vt 2.904992 3.270559
vt 2.761451 3.043473
vt 2.896800 2.939031
vt 2.747252 2.708357
vt 3.037975 2.825421
vt 2.908360 2.512762
vt 4.541470 -0.851551
vt 4.545475 -0.986155
vt -4.721799 -2.778002
vt -4.732266 -2.880051
vt -4.661633 -2.777869
vt 3.058910 3.158145
vt 3.201267 3.007729
vt 3.279455 3.358258
vt 3.453033 3.110442
vt 3.480249 3.657497
vt 3.673852 3.231892
vt -4.808633 -2.863309
vt -4.664091 -3.019174
vt -4.744008 -3.017180
vt -4.667823 -3.175703
vt -4.659722 -2.879919
vt -4.596553 -2.868358
vt -4.589453 -3.013593
vt -4.595370 -3.174905
vt -4.598009 -3.345387
vt 3.072017 3.500038
vt -4.532019 -3.168926
vt 3.221019 3.763267
vt -4.538754 -3.004823
vt -4.554683 -2.856931
vt -4.611936 -2.764980
vt 2.143142 2.232524
vt 2.066228 2.169806
vt 2.112012 2.152931
vt 2.096993 2.106557
vt 2.152517 2.156120
vt 2.161619 2.099381
vt 2.176182 1.974743
vt 2.106187 1.975407
vt -4.822104 -3.005753
vt 1.995049 1.999325
vt -4.892282 -2.986752
vt 2.025815 2.072407
vt 1.988678 2.087422
vt 2.050390 2.197179
vt 1.953270 2.104165
vt 1.926328 2.120907
vt 1.894106 1.974344
vt 1.865708 1.980589
vt 1.848869 1.797485
vt 1.817921 1.810108
vt 1.795075 1.584084
vt 1.750656 1.605345
vt -4.866341 -2.838594
vt 1.655448 1.382111
vt 1.737913 1.341982
vt -4.831662 -2.722858
vt 1.662456 1.107720
vt 1.520281 1.163529
vt 1.605204 0.900166
vt 1.436086 0.953583
vt -4.780416 -2.757539
vt 1.370095 0.717195
vt 1.558510 0.688095
vt -4.716156 -2.711165
vt 1.710607 0.657533
vt -4.659358 -2.707577
vt 1.762489 0.857912
vt 1.814371 1.058822
vt 1.838583 1.301056
vt 1.845592 1.580630
vt -4.612482 -2.694156
vt 1.891012 1.799079
vt 1.934520 1.978065
vt -4.554865 -2.726844
vt -4.577075 -2.766574
vt 1.964011 1.779546
vt -4.512904 -2.838860
vt 1.950722 1.538242
vt -4.488783 -2.993661
vt 2.071689 1.760545
vt 2.185740 1.764797
vt 2.305524 1.789246
vt 2.283952 1.967567
vt 2.237440 2.115194
vt 2.196480 2.172995
vt -4.476223 -3.161086
vt 2.234436 2.195584
vt 2.311805 2.119712
vt 2.375884 2.007962
vt -4.471307 -3.335687
vt 2.351126 2.134062
vt 2.257555 2.211795
vt -4.530471 -3.342065
vt 2.260195 2.230398
vt 2.373153 2.153064
vt 2.428221 2.019921
vt -4.596371 -3.519455
vt -4.671919 -3.342463
vt -4.903387 -3.150988
vt -4.833482 -3.332763
vt -4.831298 -3.159492
vt -4.746284 -3.170521
vt -4.748104 -3.337414
vt 2.026907 2.211928
vt -4.745829 -3.519721
vt -4.670554 -3.521581
vt -4.669734 -3.706015
vt 2.456256 2.022844
vt 2.533806 1.856748
vt 2.495577 1.856615
vt 2.622461 1.654509
vt -4.743462 -3.702294
vt -4.745555 -3.891511
vt -4.819738 -3.700434
vt 2.436231 1.843194
vt -4.828294 -3.517595
vt -4.905116 -3.514008
vt 2.478556 1.593253
vt 2.566028 1.640557
vt 2.511688 1.321519
vt 2.643578 1.364173
vt 2.742064 1.433933
vt -4.902567 -3.697511
vt -4.909030 -3.329176
vt -4.974474 -3.508693
vt -4.980937 -3.695385
vt -4.893283 -3.890847
vt 2.330282 1.547543
vt -4.820466 -3.892043
vt 2.188197 1.521898
vt 2.070688 1.519373
vt 2.086344 1.255878
vt 1.954818 1.276075
vt -4.743007 -4.091889
vt -4.677744 -4.092288
vt 1.962373 1.021882
vt -4.678017 -3.892308
vt 1.921777 0.820042
vt -4.678290 -4.303961
vt -4.602743 -4.297184
vt -4.614484 -4.090693
vt 1.866527 0.624447
vt -4.752564 -4.300374
vt -4.816552 -4.091491
vt -4.826292 -4.298779
vt 2.036373 0.587374
vt 2.097813 0.789214
vt -4.400493 -4.273931
vt -4.358896 -4.473645
vt -4.296637 -4.457434
vt 2.239624 0.788417
vt 2.164987 0.563190
vt -4.338962 -4.265560
vt 2.292781 0.532629
vt -4.412689 -4.078203
vt 2.374700 0.778717
vt 2.215322 0.995041
vt -4.354981 -4.074084
vt 2.322090 1.000090
vt 2.608899 0.843029
vt 2.524522 1.044205
vt 2.734782 1.120344
vt -4.616032 -3.892973
vt 2.834632 0.870535
vt 2.343025 1.277670
vt -4.888368 -4.090428
vt -4.898745 -4.295324
vt 2.198301 1.254549
vt 2.115380 0.994243
vt -4.927690 -4.503410
vt -4.845679 -4.512047
vt -4.758116 -4.520285
vt -4.675378 -4.528390
vt -4.584447 -4.517229
vt -4.507170 -4.503941
vt -4.530745 -4.289610
vt -4.464936 -4.282169
vt -4.428982 -4.489458
vt 2.895799 1.225848
vt 3.030147 1.038757
vt 3.224660 0.878507
vt 3.081847 0.666702
vt -4.481502 -4.082588
vt -4.418515 -3.886063
vt -4.610934 6.508639
vt -4.166294 6.395428
vt -4.286624 6.630088
vt -3.933006 6.678323
vt -4.072451 6.789275
vt -4.355437 -3.883538
vt -3.958219 6.965337
vt -3.842894 6.897304
vt -3.876572 7.180199
vt -3.778724 7.131433
vt -4.293360 -3.882608
vt -4.272425 -3.687146
vt -3.713461 7.373004
vt -3.799659 7.418049
vt -3.633636 7.570724
vt -3.700627 7.626932
vt -4.292541 -4.071426
vt -3.553719 7.751172
vt -3.551352 7.674103
vt -3.512668 7.667060
vt -3.596499 7.547205
vt -3.669407 7.350547
vt -3.723656 7.106851
vt -3.775902 6.869267
vt -3.845443 6.643110
vt -4.001272 6.389980
vt -4.283530 -4.258517
vt -4.246120 -4.442951
vt -3.457418 7.752766
vt -4.154279 -4.623398
vt -3.359660 7.754361
vt -4.210621 -4.646917
vt -3.473438 7.659752
vt -3.558816 7.523420
vt -4.283439 -4.677213
vt -4.371001 -4.706180
vt -4.466028 -4.733819
vt -3.756515 6.607367
vt -3.833610 6.384399
vt -4.567426 -4.766772
vt -3.707818 6.840831
vt -4.671555 -4.807299
vt -3.667768 7.081870
vt -3.624715 7.327560
vt -4.774045 -4.818328
vt -3.479354 7.479040
vt -3.439668 7.594510
vt -3.381961 7.610986
vt -4.874897 -4.775675
vt -3.401439 7.457115
vt -3.523863 7.288893
vt -3.537061 7.044532
vt -3.556267 6.796318
vt -3.592585 6.553020
vt -3.638551 6.311582
vt -4.987764 -4.728503
vt -3.714098 6.114658
vt -3.527504 6.003706
vt -4.997776 -4.488262
vt -3.460330 6.249928
vt -3.416003 6.513024
vt -3.389971 6.772532
vt -3.393885 7.028188
vt -4.964553 -4.287750
vt -3.407811 7.264975
vt -3.315515 7.448478
vt -3.312693 7.588398
vt -3.273008 7.689118
vt -3.207017 7.700014
vt -3.253438 7.768977
vt -3.141937 7.710910
vt -3.148763 7.783328
vt -4.956088 -4.088036
vt -2.970270 7.705994
vt -3.003584 7.630785
vt -2.881433 7.460968
vt -2.810982 7.537506
vt -2.780945 7.238931
vt -2.691926 7.313741
vt -2.680184 7.020614
vt -2.581426 7.112432
vt -2.542560 6.830998
vt -2.437156 6.958826
vt -4.964553 -3.891245
vt -2.210149 6.822361
vt -2.338125 6.658524
vt -1.918151 6.640187
vt -2.081171 6.486581
vt -4.976204 -3.321867
vt -2.227534 6.307994
vt -2.467740 6.514485
vt -2.473019 6.089279
vt -5.055484 -3.693923
vt -5.032547 -3.890847
vt -2.653060 6.722970
vt -5.020623 -4.084980
vt -2.786042 6.936370
vt -2.880705 7.167177
vt -2.967357 7.386690
vt -3.055648 7.555577
vt -3.133017 7.639156
vt -3.165147 7.626134
vt -3.197733 7.612847
vt -3.248432 7.561822
vt -3.217940 7.455520
vt -5.023171 -4.278582
vt -5.053299 -4.470456
vt -3.087597 7.525281
vt -3.120092 7.494586
vt -5.117379 -3.490090
vt -5.050660 -3.501251
vt -5.039373 -3.312167
vt -4.763123 -2.686582
vt -5.065041 -4.691829
vt -5.120746 -4.662862
vt -5.177453 -4.638412
vt -5.105182 -4.454511
vt -3.010775 7.357856
vt -5.075782 -4.272071
vt -5.077602 -4.084316
vt -2.931222 7.139273
vt -2.843113 6.903284
vt -5.096535 -3.893903
vt -2.982376 7.110837
vt -5.134309 -3.693126
vt -3.054829 7.328623
vt -3.166058 7.275206
vt -3.293670 7.261653
vt -3.259537 7.033104
vt -4.969832 -3.140623
vt -4.950627 -2.966156
vt -3.111354 7.062869
vt -3.055284 6.812130
vt -4.916403 -2.810557
vt -4.867160 -2.688576
vt -4.788154 -2.655223
vt -2.901094 6.869666
vt -2.725149 6.674469
vt -2.565952 6.437284
vt -2.665712 6.358886
vt -2.848847 5.931952
vt -4.737090 -2.633698
vt -4.709511 -2.665721
vt -4.688030 -2.594100
vt -4.663818 -2.646321
vt -4.594642 -2.638880
vt -2.798330 6.625172
vt -3.001400 6.539333
vt -2.935955 6.243283
vt -3.218668 6.204217
vt -3.238602 5.903915
vt -3.220215 6.500268
vt -3.233778 6.775190
vt -4.751017 -2.605660
vt -4.806631 -2.591841
vt -4.816006 -2.629844
vt -4.891645 -2.652832
vt -4.960366 -2.781988
vt -5.002145 -2.947553
vt -5.025265 -3.127867
vt 3.893214 5.118347
vt 3.919883 4.702309
vt 4.070979 4.908002
vt 4.144342 4.471767
vt -5.096807 -3.300341
vt 4.289158 4.742438
vt 4.183846 5.143992
vt 3.978683 5.286569
vt 3.742391 5.428880
vt 3.825494 5.598166
vt 3.562259 5.726392
vt 3.675308 5.924644
vt -5.079240 -3.114048
vt -5.049021 -2.929880
vt -4.994135 -2.756742
vt 3.683773 5.288164
vt 3.443658 5.564149
vt 3.346993 5.404165
vt -4.907938 -2.621738
vt -4.801443 -2.561146
vt -4.705779 -2.565133
vt 4.066155 5.483626
vt -4.591820 -2.567259
vt 4.269861 5.388486
vt -4.599010 -2.593037
vt 4.144251 5.699684
vt 3.913147 5.808111
vt 4.015911 6.039185
vt 3.811021 6.165683
vt 4.000983 6.434494
vt 4.161727 6.263879
vt -4.529106 -2.695086
vt 4.353965 6.457481
vt 4.277689 6.617997
vt 4.568594 6.713668
vt 4.566956 6.582784
vt 4.724423 6.614143
vt -4.475494 -2.821851
vt 4.676637 6.516877
vt 4.562040 6.459475
vt 4.430241 6.313974
vt -4.443546 -2.981569
vt 4.312550 6.123694
vt 4.222712 5.915077
vt 4.334486 5.622084
vt 4.493865 5.577437
vt 4.457911 5.324306
vt 4.655428 5.284443
vt 4.393833 5.037292
vt 4.621204 4.961154
vt -4.424886 -3.152316
vt 4.536736 4.619792
vt -4.415693 -3.329309
vt 4.413857 4.302881
vt 4.708494 4.166150
vt 4.809983 4.534618
vt 5.058654 4.044701
vt -4.364084 -3.322000
vt -4.379193 -3.143148
vt -4.403314 -2.969212
vt -4.440724 -2.804312
vt -4.505440 -2.667448
vt -4.407319 -2.788499
vt -4.482503 -2.648181
vt 4.804977 6.706493
vt -4.365085 -2.956854
vt -4.338507 -3.133979
vt 4.869512 4.922220
vt -4.313567 -3.314028
vt 4.879159 5.267169
vt 4.676819 5.551792
vt 4.687013 5.764926
vt -4.285623 -3.495538
vt 4.881799 5.548204
vt 5.127558 5.278065
vt -4.471944 -3.516798
vt 5.144578 4.920759
vt -4.540120 -3.704022
vt -4.483413 -3.889252
vt -4.478498 -3.702161
vt 5.123097 4.489041
vt 5.478082 4.525450
vt 5.492554 3.964044
vt -4.352706 -3.506168
vt 6.036681 4.302349
vt 5.840439 4.700980
vt 5.433117 4.963943
vt 5.699993 5.063601
vt -4.344878 -3.692594
vt 5.368401 5.316732
vt -4.411779 -3.697909
vt -4.411324 -3.511483
vt 6.106677 4.965804
vt 6.409688 4.743899
vt 6.469762 5.215347
vt 6.304558 5.296003
vt 6.174124 5.455854
vt 5.944386 5.237670
vt 6.085469 5.709915
vt 5.857642 5.560694
vt 5.987257 6.057521
vt 5.760067 5.891957
vt -4.547493 -4.086973
vt 5.470345 5.711908
vt 5.608334 5.407487
vt 5.277288 5.619957
vt 5.093152 5.571723
vt 4.863231 5.772899
vt -4.549131 -3.891777
vt -4.598738 -3.705218
vt -4.531473 -3.519721
vt 5.055286 5.819805
vt 5.204926 5.891425
vt 5.360391 6.002909
vt 5.601689 6.222820
vt 5.762980 6.427185
vt 5.411272 6.677659
vt 5.360664 6.468643
vt 5.107988 6.615605
vt 5.051555 6.767483
vt 4.895089 6.639124
vt 4.801973 6.585309
vt 4.341859 0.816188
vt 4.387097 0.813132
vt 4.344408 0.917706
vt 4.747633 6.487910
vt 4.700029 6.400344
vt 4.388462 0.703110
vt 4.800517 6.446851
vt 4.339857 0.705767
vt 4.340221 0.586710
vt 4.393013 0.585514
vt 4.392285 0.469113
vt 4.596629 6.357026
vt 4.661982 6.432766
vt 4.387825 0.915314
vt 4.440891 0.808614
vt 4.438979 0.913188
vt 4.445806 0.468183
vt 4.441073 0.354441
vt 4.445988 0.584052
vt 4.514527 6.207540
vt 4.449356 6.027092
vt 4.393195 5.834155
vt 4.534006 5.789907
vt 4.693748 5.953479
vt 4.442438 0.700187
vt 4.565954 5.977795
vt 4.600088 6.147213
vt 4.347593 1.014042
vt 4.390738 1.009923
vt 4.701303 6.114924
vt 4.440344 1.006734
vt 4.822453 6.124491
vt 4.488768 1.006468
vt 4.841113 5.964773
vt 4.492500 0.912657
vt 5.000947 6.028820
vt 5.143395 6.138842
vt 4.492409 0.807817
vt 4.947244 6.188671
vt 4.798242 6.254578
vt 4.493592 0.697130
vt 4.716504 6.261222
vt 4.497870 0.582723
vt 4.498780 0.467519
vt 4.497779 0.354308
vt 4.499053 0.241495
vt 4.648238 6.295238
vt 4.438888 0.241229
vt 4.502239 0.126689
vt 4.746359 6.367258
vt 4.791597 6.341081
vt 4.839565 6.382937
vt 4.438615 0.125892
vt 4.891084 6.427451
vt 4.506062 0.010156
vt 4.866690 6.505848
vt 4.963810 6.516479
vt 5.105075 6.454957
vt 4.438615 0.008828
vt 4.436067 -0.109433
vt 4.366617 -0.107706
vt 4.371168 0.009758
vt 4.890628 6.297497
vt 4.958895 6.389980
vt 4.374991 0.126557
vt 4.379906 0.242292
vt 5.045547 6.305603
vt 5.259357 6.287930
vt 4.385185 0.356301
vt 4.336034 0.471372
vt 4.330026 0.358560
vt 4.325566 0.244817
vt 4.317465 0.129613
vt 4.308363 0.012814
vt 4.300444 -0.104384
vt 4.289977 -0.221448
vt -4.366724 -1.557261
vt -4.568700 -1.698908
vt -4.452830 -1.789264
vt -4.689486 -1.929715
vt 4.280784 -0.340905
vt -4.313021 -1.872578
vt -4.284076 -1.630742
vt -4.202248 -1.686550
vt 4.265037 -0.461956
vt -4.070266 -1.687480
vt -4.041503 -1.868990
vt -3.956034 -1.688277
vt 4.250928 -0.585133
vt 4.244011 -0.713890
vt 4.237275 -0.847033
vt 4.233088 -0.982568
vt -4.219633 -2.130625
vt -3.913709 -1.969844
vt 4.221529 -1.112920
vt -4.082554 -2.179125
vt -4.238474 -2.379238
vt 4.216432 -1.252840
vt -4.345334 -2.313331
vt -4.495883 -2.245298
vt -4.424613 -2.055948
vt -4.662999 -2.190287
vt 4.208968 -1.397277
vt -4.874806 -1.975956
vt -4.796254 -2.180985
vt -4.962369 -1.997748
vt -4.888459 -2.195336
vt -5.053117 -2.021666
vt -4.967830 -2.206897
vt -5.052480 -2.237325
vt -5.140316 -2.035485
vt -5.192563 -2.302169
vt -5.245992 -2.039073
vt -5.460530 -2.252872
vt 4.199774 -1.544239
vt -5.386712 -2.008910
vt -5.329732 -1.793915
vt 4.182389 -1.691467
vt -5.241441 -1.818364
vt -5.164983 -1.827001
vt 4.170011 -1.847331
vt -5.119199 -1.827666
vt -5.071413 -1.809727
vt 4.156266 -2.007581
vt -5.013068 -1.784082
vt -4.945985 -1.729735
vt -4.873441 -1.627686
vt 4.133420 -2.170223
vt 4.105749 -2.330472
vt 4.080809 -2.491785
vt 4.227536 -2.645789
vt -3.352743 5.503026
vt -3.366851 5.519503
vt -3.364576 5.507278
vt 4.399840 -2.609647
vt -3.380868 5.522559
vt -3.385784 5.507411
vt 4.574146 -2.589981
vt -3.473073 5.481234
vt -3.376408 5.526279
vt -3.479627 5.512991
vt 4.765201 -2.593037
vt 4.760285 -2.735747
vt 4.569686 -2.726313
vt -3.280199 5.476184
vt -3.294762 5.461302
vt -3.323161 5.440308
vt -3.349466 5.488409
vt -3.358386 5.425292
vt -3.356748 5.481234
vt -3.400438 5.432202
vt -3.373860 5.486283
vt -3.456143 5.465687
vt 4.402935 -2.744384
vt -3.528414 5.395794
vt 4.227263 -2.797269
vt -3.556358 5.430608
vt -3.569010 5.306500
vt -3.606056 5.348623
vt -3.673412 5.221858
vt -3.689523 5.277666
vt 4.061240 -2.656021
vt 3.934720 -2.474777
vt 3.974223 -2.311471
vt 4.011178 -2.150291
vt 4.039121 -1.989111
vt -3.267820 5.492263
vt 4.061695 -1.832848
vt 4.078170 -1.680305
vt -3.576929 5.161266
vt -3.512577 5.289360
vt -3.470434 5.088848
vt -3.438940 5.271953
vt -3.401348 5.103199
vt -3.385875 5.262917
vt -3.337269 5.106122
vt -3.326529 5.258000
vt -3.212479 5.185450
vt -3.238420 5.280723
vt -3.170609 5.312746
vt -3.225586 5.390080
vt -3.200737 5.402704
vt 4.089001 -1.530818
vt 4.099013 -1.384786
vt -3.258899 5.369617
vt -3.316425 5.353406
vt -3.370947 5.351679
vt -3.421464 5.357525
vt -3.488729 5.378387
vt 4.111757 -1.243405
vt 4.121951 -1.103884
vt 4.131417 -0.970077
vt 4.142340 -0.837466
vt -3.095334 5.225446
vt -3.139570 5.335999
vt -3.039811 5.288031
vt 4.153626 -0.708044
vt 4.169009 -0.578489
vt 4.187122 -0.455445
vt 4.201595 -0.333464
vt -3.402168 -1.295493
vt -3.412453 -1.310641
vt -3.394431 -1.311306
vt -3.421282 -1.373492
vt -3.412726 -1.305592
vt -3.435572 -1.366051
vt -3.448498 -1.356882
vt 4.216432 -0.214406
vt -3.411998 -1.300144
vt -3.404534 -1.289381
vt 4.231632 -0.096677
vt -3.400893 -1.294829
vt -3.373860 -1.370569
vt -3.412726 -1.468366
vt 4.245558 0.017996
vt -3.408812 -1.294430
vt 4.258574 0.134263
vt -3.460603 -1.348245
vt -3.464608 -1.454946
vt -3.482904 -1.452022
vt -3.500016 -1.448966
vt 4.273684 0.248272
vt -3.509482 -1.601509
vt -3.489184 -1.602439
vt -3.506387 -1.756045
vt -3.484815 -1.756311
vt -3.526230 -1.905664
vt -3.499925 -1.908056
vt -3.562366 -2.061263
vt -3.529689 -2.067243
vt -3.622258 -2.218457
vt -3.576019 -2.231479
vt -3.674595 -2.377643
vt -3.615977 -2.390001
vt -3.632907 -2.512779
vt -3.698352 -2.500422
vt -3.623987 -2.618417
vt -3.693983 -2.609780
vt 4.281967 0.361217
vt -3.684516 -2.698409
vt -3.610607 -2.703856
vt -3.674322 -2.796472
vt -3.607148 -2.799395
vt -3.670408 -2.920712
vt -3.613429 -2.923635
vt -3.630996 -3.060233
vt -3.691070 -3.052260
vt 4.281330 0.473365
vt -3.714281 -3.188326
vt -3.644194 -3.202411
vt -3.654570 -3.349905
vt -3.740768 -3.333826
vt -3.669498 -3.509357
vt -3.782183 -3.493810
vt -3.684972 -3.677712
vt -3.799750 -3.671600
vt -3.690706 -3.856565
vt -3.799659 -3.853641
vt -3.695166 -4.031032
vt -3.793014 -4.028906
vt -3.707090 -4.212675
vt -3.802025 -4.204702
vt 4.289067 0.589234
vt -3.818409 -4.382625
vt -3.719287 -4.395647
vt 4.296349 0.707495
vt -3.744500 -4.582073
vt -3.850904 -4.564267
vt -3.789920 -4.780857
vt -3.923721 -4.753219
vt 4.300717 0.817384
vt 4.306179 0.921161
vt -3.471617 -1.339343
vt 3.897037 -2.635558
vt 4.312004 1.018693
vt 4.274230 1.023343
vt 4.264582 0.923287
vt 4.255661 0.817783
vt -3.636821 -4.600277
vt 4.247015 0.707495
vt 4.236911 0.592158
vt -3.676416 -4.787501
vt -3.486271 -4.792550
vt -3.495647 -4.605194
vt -3.327894 -4.793214
vt -3.352743 -4.598151
vt -3.211659 -4.779263
vt -3.227861 -4.587654
vt -3.140845 -4.583933
vt -3.106620 -4.786172
vt 4.228992 0.476555
vt -3.002128 -4.755477
vt -3.045090 -4.568387
vt -2.895450 -4.741260
vt -2.955343 -4.550714
vt -3.077767 -4.390066
vt -3.001764 -4.378505
vt -3.094241 -4.211213
vt -3.011230 -4.203240
vt -3.109351 -4.034885
vt -3.017510 -4.028906
vt -3.126281 -3.858425
vt -3.029070 -3.854173
vt -3.145123 -3.677845
vt -3.040357 -3.670271
vt -3.163418 -3.501251
vt -3.059107 -3.487831
vt 4.227809 0.364672
vt -3.102525 -3.323063
vt -3.192363 -3.341267
vt -3.151767 -3.183542
vt -3.215573 -3.196431
vt -3.227042 -3.057575
vt -3.171428 -3.049735
vt 4.216978 0.254251
vt -3.178618 -2.921376
vt -3.234324 -2.929083
vt -3.243426 -2.812948
vt -3.189632 -2.802983
vt -3.253347 -2.717011
vt -3.195640 -2.710899
vt -3.261266 -2.628249
vt -3.187539 -2.626256
vt -3.258262 -2.524738
vt -3.187994 -2.520752
vt -3.270732 -2.407939
vt -3.204287 -2.397708
vt 4.199410 0.142502
vt 4.178840 0.028892
vt 4.159816 -0.087243
vt 4.140520 -0.204573
vt 4.119220 -0.324162
vt -3.326256 -2.527263
vt -3.337269 -2.624662
vt -3.316425 -2.722991
vt -3.381870 -2.652566
vt 4.100652 -0.445479
vt 4.082903 -0.566663
vt -3.338907 -2.419234
vt 4.059965 -0.693693
vt 4.040851 -0.825374
vt -3.301407 -2.822117
vt -3.291940 -2.936524
vt -3.284022 -3.065548
vt -3.283293 -3.207195
vt -3.287207 -3.357478
vt -3.275647 -3.515868
vt -3.256351 -3.685552
vt -3.228043 -3.862677
vt -3.204469 -4.040998
vt -3.181167 -4.218787
vt -3.159686 -4.399500
vt -3.242971 -4.404682
vt 4.024922 -0.957321
vt 4.010632 -1.091926
vt -3.258991 -4.223438
vt 3.995158 -1.229586
vt -3.278378 -4.043389
vt 3.981687 -1.370834
vt -3.293943 -3.865600
vt -3.316425 -3.688342
vt -3.329988 -3.518658
vt -3.337906 -3.360136
vt -3.339636 -3.209719
vt -3.341638 -3.066345
vt 3.968671 -1.516600
vt -3.349830 -2.936391
vt -3.357931 -2.822383
vt -3.368581 -2.727907
vt -3.438121 -2.820390
vt 3.957839 -1.662765
vt -3.443764 -2.723257
vt -3.444948 -2.629578
vt 3.940181 -1.810259
vt 3.908687 -1.960543
vt 3.871186 -2.114547
vt 3.831410 -2.269747
vt -3.428564 -2.937188
vt -3.421828 -3.068205
vt -3.417641 -3.211712
vt -3.414364 -3.363458
vt 3.788084 -2.429864
vt -3.411998 -3.521847
vt -3.402987 -3.691265
vt -3.389333 -3.867992
vt -3.382598 -4.046844
vt 3.740752 -2.588519
vt 4.030201 -2.818529
vt 3.847248 -2.776806
vt -3.486636 -3.866796
vt -3.484178 -3.689937
vt -3.482267 -3.520651
vt 3.698792 -2.713557
vt -3.489093 -3.363192
vt -3.490914 -3.211181
vt -3.492188 -3.067009
vt -3.489093 -2.932804
vt 4.272774 1.225848
vt 4.249928 1.130309
vt 4.286791 1.119281
vt -3.483086 -2.811354
vt 3.582830 -2.539488
vt 3.555160 -2.672763
vt -3.485179 -2.716878
vt -3.502291 -2.629179
vt -3.522225 -2.522214
vt -3.468431 -2.535103
vt -3.506023 -2.401030
vt -3.439941 -2.423220
vt 3.623699 -2.376049
vt 3.677128 -2.222576
vt -3.535150 -2.806172
vt -3.541066 -2.712095
vt -3.560545 -2.621871
vt -3.573379 -2.517696
vt 3.729284 -2.074019
vt 3.777525 -1.926659
vt -3.551534 -2.928817
vt 3.817211 -1.781424
vt -3.564095 -3.065681
vt -3.566462 -3.210118
vt 3.835324 -1.639645
vt -3.564368 -3.359870
vt -3.556813 -3.519057
vt -3.566826 -3.687545
vt 3.849705 -1.497068
vt 3.865816 -1.353560
vt -3.558270 -2.391861
vt -3.527868 -2.239983
vt -3.495738 -2.073089
vt -3.471708 -1.912574
vt -3.461423 -1.756975
vt -3.468795 -1.602970
vt 3.880016 -1.214438
vt -3.440943 -1.468632
vt -3.408903 -1.608950
vt 3.898402 -1.076910
vt -3.441125 -1.608684
vt -3.437302 -1.757772
vt -3.447132 -1.912840
vt -3.464153 -2.075481
vt -3.488365 -2.240913
vt 3.917152 -0.942040
vt 3.936358 -0.811024
vt -3.446859 -2.246361
vt -3.434025 -2.076145
vt -3.424559 -1.912574
vt -3.411998 -1.759234
vt 3.957475 -0.678678
vt -3.368581 -1.611209
vt 3.981960 -0.550053
vt -3.383326 -1.761493
vt -3.390972 -1.915763
vt -3.393885 -2.079866
vt -3.396160 -2.253403
vt 4.008356 -0.427408
vt -3.394431 -2.397575
vt -3.338362 -2.250480
vt -3.287389 -2.243703
vt -3.306868 -2.079468
vt -3.239876 -2.237192
vt -3.268730 -2.076544
vt 4.033387 -0.307287
vt 4.060147 -0.190089
vt 4.084450 -0.074353
vt 4.110664 0.040984
vt 4.135422 0.152999
vt -3.347100 -2.082125
vt -3.344915 -1.918819
vt 4.156357 0.262357
vt 4.169919 0.369854
vt -3.310600 -1.919351
vt 4.172195 0.480009
vt 4.181661 0.595745
vt -3.277832 -1.919351
vt -3.304683 -1.766808
vt -3.278469 -1.768535
vt 4.194768 0.710551
vt 4.207511 0.822168
vt -3.332081 -1.764815
vt -3.314150 -1.611740
vt 4.220618 0.930330
vt 4.233088 1.031847
vt -3.288117 -1.610810
vt -3.263542 -1.610146
vt -3.288300 -1.448036
vt -3.266909 -1.441126
vt 4.322107 1.111707
vt 4.353328 1.105727
vt -3.311055 -1.455876
vt -3.368945 -1.463981
vt 4.393377 1.099881
vt -3.342093 -1.334160
vt -3.402714 -1.291773
vt 4.444896 1.252290
vt 4.479757 1.254284
vt 4.473659 1.311554
vt -3.317153 -1.315823
vt -3.329259 -1.324726
vt 4.447262 1.309693
vt 4.409943 1.259067
vt 4.443348 1.178677
vt 4.482760 1.178411
vt 4.442074 1.096559
vt 4.400477 1.183859
vt 4.485491 1.094831
vt 4.668627 8.519732
vt 4.841204 8.335033
vt 4.750546 8.650882
vt 4.927947 8.473624
vt 4.824547 8.764226
vt 5.050189 8.593213
vt 5.130106 8.695395
vt 4.912018 8.900956
vt 5.095700 8.963276
vt 5.213846 8.814719
vt 5.242700 8.612082
vt 5.339365 8.716257
vt 4.377540 1.270627
vt 4.398293 1.329093
vt 4.420593 1.314078
vt 5.050462 8.354965
vt 5.148948 8.493821
vt 4.441619 1.348095
vt 5.290850 8.315899
vt 5.416369 8.508969
vt 4.458367 1.361914
vt 5.456055 8.697123
vt 4.497142 1.324708
vt 5.563278 8.696459
vt 5.653935 8.467910
vt 5.605057 8.164287
vt 5.717287 8.162160
vt 4.513071 1.262655
vt 4.524266 1.185453
vt 5.282750 8.096386
vt 5.060019 8.153656
vt 4.531275 1.100412
vt 5.050735 7.976265
vt 5.268823 7.936136
vt 5.250801 7.788909
vt 5.489914 7.875146
vt 5.508665 7.980252
vt 4.540650 1.010189
vt 5.537064 8.087616
vt 4.546385 0.915049
vt 4.549206 0.808481
vt 4.550845 0.696599
vt 4.989751 7.762599
vt 4.552665 0.582989
vt 4.556761 0.467785
vt 5.474714 7.776551
vt 4.560220 0.356168
vt 5.255898 -7.187259
vt 5.543344 -7.190980
vt 5.305050 -6.876859
vt 4.567410 0.244418
vt 5.502931 -6.869152
vt 5.719289 -7.018107
vt 5.678147 -6.844835
vt 5.931369 -6.757402
vt 4.575057 0.130144
vt 4.578970 0.014674
vt 4.997852 -7.191910
vt 5.105895 -6.857990
vt 4.756463 -7.158823
vt 4.939962 -6.791817
vt 4.683645 -6.895727
vt 4.824091 -6.690300
vt 4.725242 -6.595691
vt 4.757191 -6.406873
vt 4.892176 -6.474773
vt 4.582338 -0.103321
vt 4.913111 -6.249547
vt 4.773848 -6.180052
vt 4.920847 -6.005186
vt 4.813988 -5.923201
vt 4.588346 -0.221980
vt 4.886441 -5.689868
vt 4.959714 -5.776371
vt 5.008046 -5.507827
vt 4.598267 -0.339443
vt 4.608917 -0.459564
vt 4.627485 -6.749031
vt 4.621295 -0.584601
vt 4.632764 -0.713625
vt 5.040723 -6.075079
vt 5.041360 -6.309873
vt 5.024976 -6.542141
vt 4.644142 -0.845837
vt 5.177256 -6.598481
vt 5.326713 -6.621336
vt 5.322344 -6.388137
vt 4.652971 -0.978183
vt 5.486729 -6.625588
vt 4.658341 -1.117305
vt 4.667262 -1.256959
vt 4.677547 -1.397676
vt 4.686285 -1.540917
vt 5.180441 -6.358505
vt 4.696753 -1.688410
vt 5.162419 -6.129292
vt 4.706674 -1.842016
vt 5.049097 -5.858490
vt 5.095791 -5.673657
vt 5.043818 -5.587819
vt 5.170247 -5.478063
vt 5.178257 -5.401525
vt 4.718780 -1.999475
vt 5.367672 -5.377607
vt 5.298041 -5.475936
vt 5.462517 -5.458928
vt 5.546894 -5.349570
vt 5.547258 -5.424911
vt 5.722748 -5.429695
vt 5.654300 -5.498260
vt 4.728792 -2.153480
vt 5.766529 -5.656516
vt 5.862557 -5.605226
vt 5.961771 -5.832844
vt 5.843898 -5.875099
vt 4.737621 -2.302568
vt 5.883401 -6.111354
vt 6.009102 -6.079995
vt 5.923996 -6.315985
vt 6.042052 -6.274527
vt 6.012925 -6.463744
vt 6.140901 -6.401159
vt 6.135258 -6.583599
vt 6.288083 -6.515300
vt 4.748362 -2.445676
vt 4.931679 -2.434249
vt 4.902461 -2.282503
vt 4.875246 -2.132220
vt 4.855767 -1.977418
vt 5.830336 -6.551709
vt 4.838655 -1.823413
vt 4.821998 -1.673130
vt 5.653298 -6.614560
vt 5.622169 -6.396641
vt 4.807252 -1.527629
vt 5.461607 -6.404215
vt 5.431388 -6.184038
vt 5.283022 -6.163575
vt 5.264818 -5.962399
vt 5.146581 -5.916822
vt 5.170065 -5.748068
vt 4.792780 -1.385584
vt 5.156412 -5.575063
vt 5.224951 -5.607352
vt 4.779764 -1.246329
vt 4.770207 -1.108004
vt 4.760013 -0.970609
vt 4.747998 -0.836802
vt 4.736802 -0.704722
vt 4.724514 -0.575433
vt 5.269551 -5.795904
vt 5.401533 -5.981799
vt 4.709496 -0.450661
vt 5.592405 -6.178988
vt 5.740952 -6.151882
vt 5.776542 -6.363289
vt 4.691109 -0.330806
vt 4.675089 -0.213874
vt 4.659707 -0.100265
vt 5.708822 -5.927186
vt 5.654664 -5.724416
vt 5.556269 -5.968113
vt 5.522592 -5.784610
vt 4.650058 0.017996
vt 4.640046 0.134263
vt 4.628213 0.248405
vt 5.567283 -5.565894
vt 4.617928 0.360420
vt 5.391611 -5.541312
vt 4.613559 0.471771
vt 4.608098 0.584451
vt 5.468524 -5.640305
vt 4.607187 0.697795
vt 5.381144 -5.815039
vt 5.305232 -5.664887
vt 4.604002 0.810873
vt 4.599086 0.917972
vt 4.592624 1.018427
vt 5.378777 -5.702890
vt 4.583704 1.113035
vt 4.570415 1.202595
vt 4.551118 1.286839
vt -0.386349 -3.966188
vt -0.244537 -4.015087
vt -0.372423 -3.873971
vt -0.179821 -3.936822
vt 4.517713 1.351284
vt -0.116106 -3.859621
vt -0.358678 -3.783216
vt -0.335559 -3.592272
vt -0.612720 -3.791720
vt -0.572306 -3.559451
vt -0.821978 -3.769131
vt -0.802318 -3.556927
vt -1.018403 -3.611406
vt -0.977170 -3.815372
vt -1.198808 -3.732059
vt -1.109697 -3.893504
vt -1.322961 -3.881147
vt -1.226296 -3.987980
vt 5.104802 -2.403953
vt 4.969635 -2.597954
vt 5.149130 -2.557559
vt 4.541561 1.402442
vt 4.452724 1.414533
vt 4.477390 1.397791
vt 4.473203 1.369355
vt -0.556741 -3.978678
vt -0.584958 -3.884469
vt 4.485036 1.378391
vt 4.529637 1.379985
vt 4.580245 1.315008
vt -1.309763 -3.580977
vt -1.111336 -3.378207
vt 4.610919 1.222393
vt -0.801589 -3.378074
vt -0.555194 -3.405713
vt 4.627303 1.125526
vt -0.324545 -3.445576
vt 4.640319 1.027330
vt 4.651060 0.924616
vt -1.421811 -3.781489
vt -1.538318 -3.707875
vt 4.659161 0.815922
vt -1.519568 -3.453017
vt -1.387040 -3.225930
vt -1.723820 -3.258352
vt 4.662346 0.703243
vt 4.664076 0.589234
vt -1.036789 -3.164275
vt -0.779835 -3.232574
vt -0.540357 -3.283998
vt 4.668991 0.475757
vt -0.739513 -3.107935
vt -0.970161 -3.023559
vt -0.691817 -2.961505
vt -0.529253 -3.158960
vt 4.673906 0.364805
vt -0.507681 -3.009075
vt -0.485380 -2.841916
vt -0.326730 -3.038972
vt -0.329187 -3.190319
vt -0.324363 -3.325854
vt 4.685010 0.254251
vt -0.103363 -3.343659
vt -0.118927 -3.205201
vt -0.131306 -3.053057
vt 4.699574 0.141704
vt 0.091059 -3.200551
vt 0.110720 -3.347646
vt -0.087889 -3.474543
vt 4.714501 0.027696
vt -0.095717 -3.634261
vt 0.108354 -3.674124
vt 0.118912 -3.497265
vt 0.293582 -3.343128
vt 4.733161 -0.087110
vt 4.752913 -0.202846
vt 4.773028 -0.320176
vt 4.796330 -0.438835
vt 4.819723 -0.562809
vt -1.303756 -3.043357
vt 4.838200 -0.692896
vt 4.853036 -0.825507
vt 4.866326 -0.958916
vt 4.879159 -1.094716
vt 0.291671 -3.516399
vt 0.278018 -3.708141
vt 0.097431 -3.870517
vt 0.096339 -4.067440
vt -0.034368 -4.077273
vt 4.894907 -1.230383
vt 4.911472 -1.367911
vt 0.257174 -3.909582
vt 4.928766 -1.508495
vt 0.202015 -4.102653
vt 0.386425 -3.956621
vt 0.289213 -4.176532
vt 0.498563 -3.996085
vt 0.422196 -4.194869
vt 0.237513 -4.323361
vt 0.343189 -4.340635
vt 0.291125 -4.420362
vt 0.454054 -4.403486
vt 0.399987 -4.486933
vt 4.949429 -1.650939
vt 0.549444 -4.573037
vt 0.578298 -4.499556
vt 0.714830 -4.547657
vt 0.715468 -4.620076
vt 4.973367 -1.796705
vt 0.863560 -4.601207
vt 0.814863 -4.550049
vt 0.834615 -4.455707
vt 0.930461 -4.476170
vt 5.001038 -1.947786
vt 0.923179 -4.324956
vt 0.825331 -4.304493
vt 0.934192 -4.189687
vt 5.031257 -2.101658
vt 5.067483 -2.253802
vt 0.430206 -3.741626
vt 0.190819 -4.393255
vt 5.009139 -2.778666
vt 5.203288 -2.704255
vt 5.345554 -2.653496
vt 5.320614 -2.519955
vt 5.260176 -2.363559
vt 0.720019 -4.444014
vt 5.208294 -2.214603
vt 0.614343 -4.424747
vt 0.553995 -4.272602
vt 0.705637 -4.284296
vt 0.826696 -4.131088
vt 0.874118 -3.980804
vt 0.980249 -4.083917
vt 0.962500 -3.864803
vt 1.036137 -4.012828
vt 5.170611 -2.065914
vt 1.108681 -3.964859
vt 1.086836 -3.778566
vt 1.245395 -3.754781
vt 1.020299 -3.576194
vt 5.140574 -1.914301
vt 5.104074 -1.766409
vt 5.073764 -1.625294
vt 0.599779 -4.039137
vt 5.049370 -1.486039
vt 5.032713 -1.347182
vt 5.012961 -1.212578
vt 1.190964 -3.953830
vt 4.991480 -1.078372
vt 4.973458 -0.944033
vt 1.182590 -3.494475
vt 4.958804 -0.811555
vt 1.496979 -3.661767
vt 1.404501 -3.396810
vt 1.651352 -3.278948
vt 1.791161 -3.548821
vt 1.938252 -3.348443
vt 2.006245 -3.592006
vt 4.940872 -0.677748
vt 2.088346 -3.422588
vt 2.190928 -3.308181
vt 2.056034 -3.203075
vt 2.291325 -3.251708
vt 4.916388 -0.547263
vt 2.200212 -3.127734
vt 2.128396 -2.973331
vt 1.901297 -3.030734
vt 1.910308 -2.783583
vt 1.561877 -2.986752
vt 1.667827 -2.725117
vt 1.332321 -2.786639
vt 1.452287 -2.628117
vt 4.888535 -0.422890
vt 1.289177 -2.509457
vt 1.179314 -2.619878
vt 1.172851 -2.361432
vt 1.067084 -2.453649
vt 0.987440 -2.279447
vt 1.093116 -2.202644
vt 0.942567 -2.096210
vt 1.056435 -2.026582
vt 0.919720 -1.908322
vt 1.038139 -1.847863
vt 0.911801 -1.717112
vt 1.033952 -1.664625
vt 4.857406 -0.304496
vt 1.028855 -1.474744
vt 0.906522 -1.524706
vt 0.888045 -1.337482
vt 1.008193 -1.289912
vt 4.830736 -0.188893
vt 0.979521 -1.140559
vt 0.860556 -1.172449
vt 0.834706 -1.031466
vt 0.955674 -1.014724
vt 0.815227 -0.896331
vt 0.941747 -0.884903
vt 4.807526 -0.074088
vt 0.931280 -0.730500
vt 0.798843 -0.742592
vt 0.910345 -0.542745
vt 0.772174 -0.552976
vt 0.723477 -0.354990
vt 0.855368 -0.339177
vt 4.786591 0.040186
vt 0.774450 -0.154345
vt 0.657214 -0.173745
vt 0.708277 0.022780
vt 0.594955 0.002051
vt 4.765838 0.152335
vt 0.518770 -0.181187
vt 0.577479 -0.357514
vt 0.630909 -0.542479
vt 0.666407 -0.730234
vt 0.692803 -0.889687
vt 0.720929 -1.038509
vt 4.747179 0.262888
vt 0.754698 -1.193444
vt 0.787193 -1.370967
vt 0.808401 -1.569486
vt 0.816229 -1.773585
vt 0.816229 -1.972236
vt 0.839803 -2.165306
vt 0.887316 -2.351068
vt 0.958859 -2.533375
vt 1.059438 -2.712095
vt 4.732615 0.371183
vt 1.170758 -2.913536
vt 1.296641 -3.135042
vt 1.827114 -3.219419
vt 4.726698 0.481604
vt 4.720691 0.595745
vt 4.716777 0.710817
vt 4.710406 0.824028
vt 2.120204 -2.762057
vt 4.698482 0.933386
vt 4.683190 1.035169
vt 1.115417 -3.236693
vt 4.665987 1.135359
vt 4.643141 1.234618
vt 0.891321 -3.352828
vt 0.844536 -3.078171
vt 1.026762 -3.000704
vt 0.932645 -2.790758
vt 0.849087 -2.604996
vt 0.783006 -2.424283
vt 0.739042 -2.236262
vt 0.718289 -2.039737
vt 0.717652 -1.832050
vt 0.709733 -1.612006
vt 0.689708 -1.397011
vt 4.604821 1.329492
vt 0.653482 -1.206864
vt 0.615799 -1.037446
vt 0.569196 -0.878658
vt 0.522320 -0.710569
vt 0.466615 -0.523345
vt 0.390611 -0.345290
vt 0.303322 -0.177998
vt 0.466797 -0.006852
vt 0.533697 0.177448
vt 0.645108 0.194988
vt 0.578571 0.357098
vt 0.476718 0.342747
vt 4.435793 1.389154
vt 0.434575 0.494626
vt 0.532241 0.503396
vt 0.410090 0.642252
vt 0.509304 0.646504
vt 0.391977 0.788815
vt 0.488551 0.792137
vt 0.377686 0.936309
vt 0.471621 0.938435
vt 0.366764 1.085663
vt 0.461426 1.084068
vt 0.458696 1.231827
vt 0.363851 1.236478
vt 0.463156 1.383706
vt 0.364124 1.388622
vt 0.463884 1.540368
vt 0.363123 1.540368
vt 0.460698 1.698890
vt 0.359937 1.693043
vt 0.445407 1.857279
vt 0.347558 1.844523
vt 4.426509 1.370152
vt 0.328626 1.992947
vt 0.417554 2.007962
vt 0.309602 2.139245
vt 0.392523 2.152798
vt 0.292672 2.283416
vt 0.372316 2.295375
vt 0.277108 2.424266
vt 0.352564 2.435560
vt 0.262908 2.563255
vt 0.335361 2.572689
vt 0.250711 2.699454
vt 0.321617 2.705965
vt 0.309420 2.839373
vt 0.239425 2.834856
vt 0.297769 2.973181
vt 0.230413 2.970656
vt 0.287939 3.107253
vt 0.222131 3.106190
vt 0.278382 3.240263
vt 0.213848 3.240396
vt 4.428057 1.341982
vt 0.205474 3.372742
vt 0.269735 3.371546
vt 0.198647 3.501234
vt 0.262999 3.500171
vt 0.194915 3.626537
vt 0.261270 3.626271
vt 0.190455 3.750511
vt 0.255080 3.751973
vt 0.246706 3.876213
vt 0.187997 3.875017
vt 0.187087 3.999921
vt 0.242974 3.999655
vt 0.186905 4.124825
vt 0.242428 4.123098
vt 0.183810 4.249863
vt 0.241336 4.247736
vt 0.175710 4.375432
vt 0.235784 4.373837
vt 0.166425 4.500070
vt 0.230960 4.500602
vt 0.161237 4.626569
vt 0.223678 4.628429
vt 0.154319 4.752802
vt 0.212573 4.756257
vt 0.140393 4.877308
vt 0.199921 4.882490
vt 0.128833 4.997296
vt 0.185722 5.003674
vt 0.124919 5.116752
vt 0.176438 5.123529
vt 0.112358 5.235943
vt 0.161874 5.246174
vt 0.097886 5.350616
vt 0.140939 5.363239
vt 0.078680 5.458379
vt 0.117911 5.472863
vt 0.053285 5.558037
vt 0.087419 5.572388
vt 0.017514 5.638427
vt 0.042909 5.655569
vt -0.016164 5.682011
vt -0.011067 5.705132
vt -0.039101 5.682808
vt -0.057306 5.716958
vt 4.385641 1.348493
vt 4.330936 1.299462
vt 4.302993 1.211763
vt 4.334304 1.200468
vt 4.378268 1.368558
vt 4.352417 1.284845
vt 4.363704 1.191831
vt 4.419137 1.352480
vt -0.006698 5.625273
vt 0.021064 5.546476
vt 0.040816 5.451071
vt 0.054651 5.346098
vt 0.064936 5.232887
vt 0.075677 5.116885
vt 0.077315 4.997561
vt 0.088147 4.876776
vt 0.098432 4.754264
vt 0.106624 4.629758
vt 0.112085 4.503791
vt 0.120459 4.377956
vt 0.128833 4.252786
vt 0.132565 4.128280
vt 0.132292 4.003243
vt 0.129197 3.877010
vt 0.128378 3.751441
vt 0.128560 3.626537
vt 0.135205 3.501632
vt 0.141394 3.373539
vt 0.151680 3.239998
vt 0.158506 3.104463
vt 0.164423 2.967467
vt 0.170066 2.830205
vt 0.180716 2.693475
vt 0.191911 2.556478
vt 0.202652 2.417356
vt 0.212937 2.275842
vt 0.226864 2.129279
vt 0.240426 1.982715
vt 0.255444 1.836285
vt 0.261907 1.689456
vt 0.263636 1.541298
vt 0.266731 1.391147
vt 0.271373 1.239933
vt 0.276652 1.087789
vt 4.367527 1.388224
vt 0.281932 0.936840
vt 0.294038 0.787885
vt 0.309238 0.637469
vt 0.331083 0.486786
vt 4.310092 1.316337
vt 0.366127 0.333047
vt 0.413185 0.169476
vt 0.288485 0.168679
vt 0.312606 0.000589
vt 0.169247 0.024773
vt 0.256719 0.328264
vt 0.167245 0.174259
vt 0.152954 0.326271
vt 0.045640 0.327732
vt 0.139210 0.479345
vt 0.230505 0.482800
vt 0.210662 0.635608
vt 0.201651 0.788018
vt 0.192002 0.939232
vt 0.111721 0.788550
vt 0.121825 0.634811
vt -3.490094 -4.411193
vt -3.489002 -4.226228
vt -3.608968 -4.219850
vt -3.616888 -4.405213
vt -3.361845 -4.410529
vt -3.368945 -4.226627
vt 0.186723 1.088985
vt 0.182536 1.242989
vt 0.179350 1.393937
vt 0.175345 1.541829
vt 0.171796 1.685204
vt 0.166516 1.829242
vt 0.158051 1.974078
vt 0.147129 2.120775
vt 0.141303 2.267869
vt 0.131837 2.410181
vt 0.126558 2.551960
vt 0.117092 2.688159
vt 0.109446 2.826219
vt 0.103256 2.964411
vt 0.101709 3.102071
vt 0.095793 3.238270
vt 0.089239 3.371014
vt 0.079864 3.499772
vt 0.073492 3.625739
vt 0.072855 3.751707
vt 0.077406 3.878737
vt 0.082230 4.006033
vt 0.082776 4.132001
vt 0.078225 4.257702
vt 0.074038 4.383006
vt 0.065391 4.509371
vt 0.062752 4.634542
vt 0.055197 4.757586
vt 0.045185 4.879567
vt 0.039268 4.999688
vt 0.029165 5.116885
vt 0.019698 5.232355
vt 0.012963 5.344636
vt 0.003770 5.446819
vt -0.010339 5.537706
vt -0.031456 5.614111
vt -0.059217 5.674437
vt -0.093623 5.712174
vt -0.106731 5.698355
vt -0.146143 5.725462
vt -3.580024 -3.864670
vt -3.594496 -4.035816
vt -3.487182 -4.041928
vt -0.075874 5.662744
vt -0.056942 5.604012
vt -0.045564 5.531727
vt -0.034459 5.444693
vt -0.028816 5.344238
vt -0.021443 5.234216
vt -0.014162 5.118081
vt -0.005423 5.001681
vt 0.000220 4.883154
vt 0.003497 4.761705
vt 0.009049 4.638262
vt 0.016877 4.512428
vt 0.023066 4.386593
vt 0.029711 4.259696
vt 0.030712 4.132665
vt 0.029529 4.005900
vt 0.026434 3.878339
vt 0.020700 3.749979
vt 0.019425 3.622949
vt 0.025524 3.496583
vt 0.035263 3.367692
vt -0.032366 3.493394
vt -0.036189 3.620823
vt -0.035005 3.748651
vt -0.034186 3.876345
vt -0.032275 4.003907
vt -0.031183 4.130672
vt -0.029999 4.258898
vt -0.033731 4.386327
vt -0.041468 4.512693
vt -0.046565 4.638793
vt -0.050297 4.763565
vt -0.051571 4.884616
vt -0.052118 5.002877
vt -0.058125 5.119277
vt -0.061948 5.235544
vt -0.067318 5.344769
vt -0.073508 5.442301
vt -0.078787 5.526811
vt -0.083156 5.595641
vt -0.092713 5.646134
vt -0.120657 5.678822
vt -0.152878 5.705530
vt -0.200574 5.684536
vt -0.203760 5.706726
vt -0.246631 5.630189
vt -0.264653 5.655834
vt -0.314806 5.572255
vt -0.283403 5.551393
vt -0.312075 5.457981
vt -0.251546 5.533056
vt -0.225514 5.608131
vt -0.193201 5.660352
vt -0.157794 5.683871
vt -0.136495 5.657827
vt -0.116288 5.635238
vt -0.110462 5.590724
vt -0.112101 5.524286
vt -0.112738 5.440972
vt -0.109825 5.343441
vt -0.154517 5.436056
vt -0.147599 5.520699
vt -0.140500 5.587137
vt -0.135129 5.624608
vt -0.155609 5.630721
vt -0.171811 5.586074
vt -0.184190 5.515782
vt -0.191745 5.428748
vt -0.158522 5.665268
vt -0.177545 5.641749
vt -0.197479 5.330684
vt -0.153607 5.337594
vt -0.107095 5.233551
vt -0.106366 5.117284
vt -0.105638 5.000618
vt -0.107004 4.883154
vt -0.108915 4.761705
vt -0.106731 4.637598
vt -0.200938 5.592452
vt -0.103545 4.511896
vt -0.098630 4.384999
vt -0.094079 4.258101
vt -0.095535 4.129476
vt -0.096354 4.001648
vt -0.096718 3.873555
vt -0.091985 3.746126
vt -0.091803 3.619361
vt -0.090529 3.492065
vt -0.088617 3.362909
vt -0.027178 3.364105
vt 0.041089 3.234948
vt 0.043637 3.100875
vt -0.219415 5.519237
vt -0.230611 5.431405
vt -0.272299 5.443098
vt -0.350941 5.471932
vt -0.241169 5.333076
vt -0.299241 5.228236
vt -0.333465 5.351280
vt -0.350850 5.233950
vt -0.023628 3.232291
vt -0.087889 3.231493
vt -0.151968 3.362643
vt -0.287135 5.341049
vt -0.152423 3.491932
vt -0.150785 3.618697
vt -0.153243 3.744930
vt -0.156974 3.872492
vt -0.160979 4.000718
vt -0.161252 4.129077
vt -0.161890 4.256241
vt -0.163073 4.383138
vt -0.164347 4.510036
vt -0.165804 4.635605
vt -0.165530 4.759313
vt -0.162709 4.879567
vt -0.159705 4.995967
vt -0.158704 5.111437
vt -0.154517 5.227173
vt -0.203942 5.221991
vt -0.207036 5.107717
vt -0.379158 5.360316
vt -0.209858 4.993176
vt -0.399092 5.240062
vt -0.241442 2.401809
vt -0.235435 2.541729
vt -0.313896 2.545848
vt -0.321906 2.406593
vt -0.255642 5.108381
vt -0.246358 2.260295
vt -0.250727 5.223984
vt -0.165257 2.257239
vt -0.305886 5.110241
vt -0.161343 2.399418
vt -0.258555 4.992379
vt -0.215046 4.876644
vt -0.160433 2.541463
vt -0.219597 4.757453
vt -0.233524 2.683509
vt -0.220963 4.634143
vt -0.223966 4.508707
vt -0.227152 4.381145
vt -0.232340 4.253317
vt -0.232431 4.126686
vt -0.161617 2.681383
vt -0.227061 4.000319
vt -0.222601 3.872492
vt -0.216047 3.744266
vt -0.213499 3.617767
vt -0.214591 3.491268
vt -0.229155 2.821701
vt -0.157430 2.820638
vt -0.223602 2.958830
vt -0.294690 2.958697
vt -0.299150 2.823694
vt -0.304065 2.685103
vt -0.278579 3.617235
vt -0.278215 3.743469
vt -0.281492 3.870765
vt -0.289229 3.998194
vt -0.293325 4.124028
vt -0.295327 4.251324
vt -0.286771 4.379285
vt -0.282857 4.506980
vt -0.277396 4.632416
vt -0.270660 4.754529
vt -0.265290 4.874650
vt -0.373788 2.688292
vt -0.312166 4.992645
vt -0.384802 2.550499
vt -0.393358 2.412041
vt -0.326275 2.264547
vt -0.319539 4.874252
vt -0.327640 4.753865
vt -0.333283 4.630290
vt -0.338472 4.504455
vt -0.343751 4.377557
vt -0.349394 4.248932
vt -0.348302 4.121105
vt -0.338198 3.994739
vt -0.331918 3.868506
vt -0.338927 3.742538
vt -0.339018 3.616837
vt -0.249452 2.115194
vt -0.344388 3.490603
vt -0.168443 2.112270
vt -0.282129 3.491002
vt -0.216503 3.363440
vt -0.152969 3.230298
vt -0.087798 3.097686
vt -0.021625 3.098351
vt -0.023082 2.960956
vt 0.043000 2.962683
vt -0.168989 1.965973
vt 0.046823 2.823428
vt -0.250909 1.969162
vt 0.049645 2.684572
vt 0.054196 2.546512
vt 0.059657 2.404866
vt 0.062934 2.261358
vt 0.069487 2.114396
vt 0.074585 1.967700
vt -0.332191 2.119446
vt 0.078589 1.824193
vt 0.082412 1.682015
vt 0.087054 1.541962
vt 0.093881 1.396462
vt 0.097795 1.246975
vt 0.099706 1.092971
vt 0.103620 0.940162
vt 0.014146 0.940428
vt -0.401367 2.269730
vt 0.019152 0.787620
vt 0.026252 0.634678
vt 0.037721 0.479611
vt -0.072324 0.479876
vt -0.079606 0.633084
vt -0.414019 2.125160
vt -0.079970 0.787620
vt -0.080880 0.940960
vt -0.080880 1.095894
vt -0.339473 1.972617
vt 0.011051 1.094300
vt 0.009504 1.247108
vt 0.006955 1.397392
vt 0.001130 1.540235
vt -0.004877 1.680022
vt -0.006789 1.821668
vt -0.007608 1.965043
vt -0.254914 1.823130
vt -0.008791 2.111872
vt -0.011067 2.258169
vt -0.013433 2.402341
vt -0.017529 2.543589
vt -0.020715 2.682313
vt -0.022536 2.821302
vt -0.170264 1.822466
vt -0.086615 2.960956
vt -0.154790 3.095826
vt -0.219051 3.231228
vt -0.280855 3.361979
vt -0.349121 3.360251
vt -0.408285 3.491401
vt -0.400548 3.616172
vt -0.396452 3.742140
vt -0.392629 3.869037
vt -0.395633 3.991816
vt -0.401458 4.116986
vt -0.408740 4.244282
vt -0.411289 4.373438
vt -0.407011 4.502861
vt -0.397636 4.630024
vt -0.389535 4.753998
vt -0.379704 4.875049
vt -0.370602 4.994372
vt -0.360408 5.112899
vt -0.170446 1.682546
vt -0.256552 1.683078
vt -0.342294 1.826585
vt -0.424669 1.977267
vt -0.430949 1.830571
vt -0.342294 1.684274
vt -0.414019 5.117284
vt -0.423031 4.997561
vt -0.437594 4.878637
vt -0.453341 4.756921
vt -0.463171 4.631220
vt -0.472455 4.501930
vt -0.475186 4.370382
vt -0.468814 4.240827
vt -0.460896 4.114993
vt -0.453523 3.992746
vt -0.454524 3.869967
vt -0.456162 3.744531
vt -0.460258 3.619361
vt -0.466175 3.494723
vt -0.419390 3.361979
vt -0.476915 3.366364
vt -0.427127 3.229102
vt -0.489749 3.233354
vt -0.427400 3.096889
vt -0.497577 3.099414
vt -0.434044 2.963082
vt -0.505041 2.965208
vt -0.439232 2.827547
vt -0.510775 2.830736
vt -0.448153 2.692411
vt -0.518876 2.697062
vt -0.459712 2.556877
vt -0.531710 2.563787
vt -0.260193 1.541564
vt -0.546911 2.426657
vt -0.470544 2.418818
vt -0.560746 2.286472
vt -0.482013 2.277038
vt -0.579770 2.144161
vt -0.496576 2.132734
vt -0.603981 1.998129
vt -0.513597 1.986967
vt -0.624734 1.845719
vt -0.527523 1.838677
vt -0.172539 1.541564
vt -0.534441 1.687064
vt -0.632471 1.688924
vt -0.534987 1.535850
vt -0.631652 1.533724
vt -0.535351 1.384902
vt -0.633108 1.380251
vt -0.538901 1.233953
vt -0.636385 1.228240
vt -0.638661 1.078620
vt -0.543725 1.083005
vt -0.172175 1.396861
vt -0.548276 0.934316
vt -0.643212 0.932190
vt -0.557287 0.785759
vt -0.650129 0.786158
vt -0.570030 0.637601
vt -0.663874 0.641056
vt -0.588326 0.493297
vt -0.680986 0.501004
vt -0.617635 0.345272
vt -0.713389 0.359490
vt -0.658959 0.187547
vt -0.770278 0.202562
vt -0.260375 1.395000
vt -0.819248 0.033543
vt -0.704378 0.022248
vt -0.350122 1.540235
vt -0.755441 -0.147702
vt -0.872404 -0.138400
vt -0.942855 -0.318581
vt -0.809235 -0.328016
vt -0.996740 -0.518296
vt -0.847555 -0.515638
vt -0.435956 1.686665
vt -0.867398 -0.696616
vt -1.024683 -0.706715
vt -1.032784 -0.866433
vt -0.882326 -0.864972
vt -1.047803 -1.008346
vt -0.895160 -1.023494
vt -0.440143 1.539703
vt -0.917733 -1.181086
vt -1.065643 -1.152119
vt -0.443875 1.388091
vt -1.094497 -1.320075
vt -0.948589 -1.362729
vt -0.352216 1.390615
vt -0.973802 -1.577325
vt -1.112337 -1.524573
vt -1.120802 -1.724553
vt -0.987000 -1.796306
vt -1.133181 -1.905399
vt -1.002929 -1.992965
vt -1.161580 -2.071096
vt -1.034969 -2.168495
vt -1.217649 -2.223639
vt -1.093678 -2.329808
vt -1.314314 -2.359174
vt -1.184972 -2.480756
vt -0.261831 1.244849
vt -1.307032 -2.620144
vt -1.452576 -2.479693
vt -0.287499 3.095693
vt -1.613138 -2.596093
vt -1.437375 -2.754350
vt -0.265381 0.786158
vt -0.172539 0.787221
vt -0.172812 0.940295
vt -1.555066 -2.897060
vt -1.787990 -2.735348
vt -0.174178 0.632685
vt -1.892574 -2.938783
vt -1.645542 -3.073387
vt -0.272390 0.633349
vt -1.212370 -2.902508
vt -0.364868 0.785361
vt -1.107877 -2.766442
vt -0.892429 -2.884038
vt -0.358314 0.935113
vt -0.266929 0.937505
vt -0.264744 1.090313
vt -0.353399 3.229234
vt -0.171902 1.094566
vt -0.170719 1.248171
vt -0.081791 1.248437
vt -0.084885 1.397259
vt -1.942545 -3.131986
vt -0.088253 1.540766
vt -0.090438 1.680553
vt -0.090074 1.820871
vt -0.089709 1.965308
vt -1.009483 -2.614032
vt -0.090165 2.111872
vt -0.089892 2.256841
vt -0.935846 -2.451789
vt -0.886148 -2.283965
vt -0.857477 -2.104182
vt -0.089345 2.400215
vt -0.842094 -1.896496
vt -0.826438 -1.650806
vt -0.089983 2.540799
vt -0.795309 -1.405515
vt -0.758263 -1.205934
vt -0.730228 -1.027613
vt -0.093714 2.680851
vt -0.706381 -0.849691
vt -0.685264 -0.667384
vt -0.666604 -0.487335
vt -0.093441 2.821834
vt -0.648582 -0.311273
vt -0.153152 2.960291
vt -0.621367 -0.144380
vt -0.584503 0.017730
vt -0.222510 3.095294
vt -0.550461 0.179442
vt -0.454797 0.021982
vt -0.470362 -0.129763
vt -0.284132 3.230829
vt -0.461806 -0.279383
vt -0.355948 3.096490
vt -0.438049 -0.451458
vt -0.502219 -0.655292
vt -0.364322 2.962019
vt -0.536899 -0.842250
vt -0.569848 -1.027746
vt -0.603071 -1.215501
vt -0.642666 -1.428370
vt -0.663419 -1.732791
vt -0.703104 -2.006385
vt -0.369510 2.825554
vt -0.717576 -2.208757
vt -0.737965 -2.385350
vt -0.774101 -2.553440
vt -0.823708 -2.722326
vt -0.652041 -2.793814
vt -0.471090 -2.677148
vt -0.317537 -2.875534
vt -0.136495 -2.891877
vt 0.071672 -3.045616
vt 0.284025 -3.183277
vt 0.469891 -3.338078
vt 0.457785 -3.532743
vt 0.551538 -3.777636
vt 0.665224 -3.823079
vt 0.768169 -3.890847
vt 0.752331 -3.605294
vt 0.602965 -3.559717
vt 0.648658 -3.339806
vt 0.464612 -3.158695
vt 0.261179 -3.023027
vt 0.056380 -2.883772
vt -0.621549 -2.625326
vt 0.240608 -2.856798
vt 0.439945 -2.987682
vt 0.649295 -3.128930
vt 0.869749 -3.721296
vt 0.708914 -4.079266
vt 0.612613 -2.938119
vt 0.778273 -2.871281
vt 0.716196 -2.683393
vt 0.668500 -2.497764
vt 0.635733 -2.308547
vt 0.617619 -2.113883
vt 0.613159 -1.900615
vt 0.599779 -1.656121
vt 0.580483 -1.417474
vt 0.540979 -1.215767
vt 0.498381 -1.038110
vt 0.441402 -0.875070
vt 0.389610 -0.705121
vt 0.312060 -0.531583
vt 0.190000 -0.369075
vt 0.128469 -0.254136
vt 0.142032 -0.107307
vt 0.066393 -0.193544
vt -0.180913 0.480275
vt 0.037812 -0.070633
vt 0.010050 -0.158863
vt -0.057852 -0.152087
vt -0.070049 -0.060933
vt -0.285679 0.482268
vt -0.181823 -0.071696
vt -0.142684 -0.170291
vt -0.373697 0.634944
vt -0.257917 -0.238589
vt -0.317355 -0.103055
vt -0.244719 -0.350073
vt -0.198116 -0.414386
vt -0.299150 -0.515106
vt -0.466357 0.786557
vt -0.208129 -0.557760
vt -0.150512 -0.464082
vt -0.118472 -0.584867
vt -0.094170 -0.490923
vt -0.029817 -0.498763
vt -0.020169 -0.595364
vt -0.479282 0.637070
vt 0.082412 -0.587923
vt 0.040451 -0.476838
vt 0.190091 -0.564935
vt 0.111448 -0.455976
vt -0.494938 0.487982
vt -0.392629 0.485457
vt 0.249892 -0.715219
vt -0.298968 0.330788
vt 0.311332 -0.875203
vt 0.361576 -1.039838
vt 0.405994 -1.217893
vt 0.438671 -1.423188
vt -0.186101 0.330390
vt 0.451141 -1.699705
vt 0.504844 -1.984460
vt 0.514219 -2.195336
vt 0.525050 -2.381630
vt 0.542345 -2.568455
vt -0.070504 0.329460
vt 0.571198 -2.753818
vt 0.412457 -2.812417
vt 0.233963 -2.687778
vt 0.048916 0.182099
vt 0.402353 -2.632634
vt 0.396710 -2.455244
vt 0.393160 -2.280510
vt 0.383057 -2.098735
vt 0.311787 -1.902608
vt 0.226682 -1.564702
vt 0.251075 -1.387710
vt 0.239516 -1.206997
vt 0.199193 -1.039838
vt -0.069139 0.185155
vt 0.156231 -0.875868
vt 0.112358 -0.721066
vt -0.187558 0.183959
vt -0.012432 -0.721597
vt -0.136039 -0.714688
vt -0.253912 -0.694225
vt -0.067591 0.052145
vt -0.363411 -0.672433
vt 0.048825 0.044173
vt -0.401276 -0.848362
vt -0.438777 -1.029341
vt -0.467722 -1.215767
vt -0.188923 0.048425
vt -0.308252 0.180372
vt -0.005970 -0.874406
vt -0.413291 0.333712
vt -0.516783 0.338628
vt -0.431223 0.177847
vt -0.320176 0.033941
vt -0.315534 -1.031201
vt -0.289138 -0.857929
vt -0.155336 -0.868294
vt 0.011871 -1.037180
vt 0.024887 -1.199689
vt 0.035263 -1.363127
vt 0.028710 -1.512614
vt -0.165986 -1.361267
vt -0.167442 -1.199822
vt -0.162709 -1.033725
vt -0.335923 -1.207263
vt -0.495484 -1.414684
vt -0.501218 -1.628616
vt -0.350213 -1.380401
vt -0.163346 -1.505306
vt -0.158795 -1.618916
vt 0.010869 -1.623965
vt 0.179714 -1.700236
vt 0.103529 -1.768270
vt -0.017438 -1.705286
vt -0.148054 -1.714853
vt -0.323180 -1.686417
vt -0.348029 -1.543840
vt -0.453250 0.934714
vt -0.354218 1.088055
vt -0.352125 1.241926
vt -0.269841 -1.806671
vt -0.450246 -1.804678
vt -0.347210 -1.943800
vt -0.536534 -1.944996
vt -0.444967 1.236877
vt -0.574035 -2.116806
vt -0.447424 1.085264
vt -0.585140 -2.290476
vt -0.601069 -2.459230
vt -0.462716 -2.516101
vt -0.311347 -2.713955
vt -0.137951 -2.732558
vt 0.051920 -2.722061
vt 0.051920 -2.566462
vt 0.237422 -2.521283
vt 0.237149 -2.364621
vt 0.223678 -2.225234
vt 0.188179 -2.112022
vt 0.168883 -1.910315
vt 0.104895 -2.049437
vt 0.024978 -2.215666
vt -0.003148 -2.147102
vt -0.145324 -2.230017
vt -0.137041 -2.157201
vt -0.295600 -2.178859
vt -0.256006 -2.093685
vt -0.424214 -2.076145
vt -0.449882 -2.210351
vt -0.457346 -2.358775
vt -0.313259 -2.412590
vt -0.309345 -2.284231
vt 2.358863 0.202562
vt 2.263381 0.148083
vt 2.318904 0.110877
vt -0.150512 -2.320772
vt 0.038358 -2.304827
vt 2.379524 0.098918
vt 2.376066 0.186351
vt 2.388627 0.200038
vt 0.048006 -2.424150
vt -0.154426 -2.437571
vt -0.145142 -2.579749
vt 2.368329 0.223557
vt 2.331920 0.216248
vt 2.327824 0.259301
vt 2.390538 0.254916
vt 2.434502 0.120976
vt 2.465904 0.152733
vt 2.564025 -0.006188
vt -0.311347 -2.558755
vt 2.400915 0.208010
vt 2.484381 0.207479
vt -0.129213 -4.224899
vt -0.087707 -4.218787
vt -0.165986 -4.124311
vt -0.099722 -4.100659
vt 2.607534 0.056530
vt 2.714666 -0.163514
vt 2.950503 -0.363228
vt 2.986457 -0.742459
vt 3.214921 -0.636556
vt 2.828625 -0.456242
vt 2.774194 -0.111559
vt -0.046747 -4.212941
vt 2.643578 0.106625
vt 2.500037 0.271260
vt 2.140593 4.799708
vt 2.266385 4.832130
vt 2.114652 5.078218
vt 2.246451 5.079813
vt 2.397911 4.828144
vt 2.380162 5.076623
vt 2.227973 5.355665
vt 2.105914 5.354469
vt 2.095992 5.631518
vt 2.333103 0.331320
vt 2.181917 0.260895
vt 2.131127 -0.229554
vt 2.281221 -0.043925
vt 2.181462 -0.009908
vt 1.967470 5.077155
vt 1.978756 4.746158
vt 1.786610 5.097884
vt 1.710971 4.693007
vt 1.599651 5.164987
vt 1.495068 4.902023
vt 2.220237 0.208409
vt 2.097995 0.047362
vt 2.048206 0.088952
vt 1.958368 -0.153150
vt 2.026725 -0.190355
vt 1.824293 5.373869
vt 1.973659 5.359120
vt 1.982852 5.628196
vt 1.843498 5.623678
vt 2.388354 -0.062129
vt 1.652808 5.405494
vt 1.438998 5.228236
vt 1.338693 5.004471
vt 1.300372 5.283380
vt 1.203343 5.071840
vt 1.072545 5.125921
vt 1.173397 5.332146
vt 0.930370 5.183324
vt 2.488113 -0.052562
vt 1.057891 5.383038
vt 1.247489 5.524684
vt 1.141904 5.566408
vt 1.196517 5.761471
vt 1.292271 5.718951
vt 1.242574 5.964109
vt 2.689635 -0.534507
vt 2.630107 -0.233939
vt 2.514145 -0.274865
vt 1.324766 5.919994
vt 1.394944 5.685466
vt 1.411237 5.889831
vt 1.957093 -0.480957
vt 1.828935 -0.425016
vt 1.542399 -0.682797
vt 1.360902 5.483758
vt 1.497616 5.446686
vt 1.522465 5.653841
vt 1.847048 -0.783385
vt 1.532295 5.863787
vt 2.804868 -0.825374
vt 1.697227 5.840400
vt 1.684848 5.634574
vt 2.646309 -0.908821
vt 2.541361 -0.584203
vt 2.391812 -0.278984
vt 1.857971 5.860465
vt 2.256099 -0.262773
vt 1.981487 5.882124
vt 2.082976 5.905111
vt 2.209587 5.643078
vt 2.360410 5.359253
vt 2.256827 -0.562809
vt 2.194751 5.919728
vt 2.405830 -0.597623
vt 2.326459 5.918266
vt 2.338292 5.650785
vt 2.504497 5.661415
vt 2.476827 -1.015654
vt 2.235073 -0.923969
vt 2.486930 5.925707
vt 2.066501 -0.768237
vt 2.646946 5.958395
vt 2.663239 5.682277
vt 2.103638 -0.509260
vt 2.810239 5.699418
vt 2.846647 6.031212
vt 2.978720 5.940191
vt 2.933664 5.691578
vt 3.040887 5.676829
vt 2.951322 5.434594
vt 3.068103 5.462100
vt 3.156667 5.264644
vt 3.039795 5.194485
vt 3.195624 4.969923
vt 2.902808 5.122599
vt 3.040978 4.823493
vt 2.737422 5.071176
vt 2.796950 4.667761
vt 2.553103 5.070910
vt 2.558837 4.778448
vt 2.522337 5.369750
vt -3.074854 -0.636822
vt -3.096608 -0.863377
vt -2.878520 -0.907492
vt -3.267820 -0.830955
vt 2.680624 5.383569
vt -3.225131 -0.607456
vt 2.822345 5.406025
vt -3.365213 -0.555767
vt -3.429929 -0.780595
vt -3.559089 -0.709771
vt -3.483905 -0.505805
vt -3.608787 -0.447206
vt -3.672137 -0.629779
vt -3.785460 -0.777671
vt -3.676052 -0.882777
vt 3.068649 5.887173
vt -3.531691 -1.026949
vt -3.320066 -1.050734
vt -3.146488 -1.079701
vt 3.321507 5.087652
vt -2.942600 -1.115445
vt -2.728972 0.961290
vt -2.690925 0.775794
vt -2.622113 0.773933
vt -2.614376 3.741741
vt -2.585249 3.933217
vt -2.653970 3.886045
vt -2.690561 4.011481
vt -2.790229 0.972053
vt -2.754731 3.976933
vt -2.733068 3.845385
vt -2.841930 3.815488
vt -2.816443 1.164592
vt -2.816443 3.662679
vt -2.707946 3.698025
vt -2.658339 3.530467
vt -2.914110 1.353410
vt -2.964081 1.528143
vt -3.044089 1.487084
vt -2.557305 3.582289
vt -2.530909 3.796619
vt -3.000489 1.336003
vt -2.451629 3.873821
vt -2.885347 1.168445
vt -2.372986 3.760742
vt -2.457819 3.659889
vt -2.286880 3.658560
vt -2.377537 3.537509
vt -2.474020 3.419780
vt -2.387277 3.287966
vt -2.714590 0.379554
vt -2.639589 0.591759
vt -2.737255 0.595612
vt -2.584885 3.344970
vt -2.591711 0.370917
vt -2.767292 3.491002
vt -2.551207 0.091610
vt -2.927399 3.459244
vt -2.471472 0.372645
vt -2.716411 3.291421
vt -2.544107 0.594018
vt -2.772571 0.783102
vt -2.867871 0.981886
vt -2.850486 1.362844
vt -2.950427 3.643412
vt -2.961259 3.806984
vt -2.847209 3.955142
vt -2.956344 3.953148
vt -2.855128 4.078584
vt -2.944420 4.081773
vt -2.911288 1.560432
vt -3.071941 3.978794
vt -3.094515 3.822663
vt -3.114448 3.655637
vt -3.275465 3.704270
vt -2.977916 1.166452
vt -3.131469 3.471469
vt -2.911925 3.255677
vt -2.710221 3.159740
vt -2.518621 3.205317
vt -3.101523 1.333478
vt -3.138569 1.471006
vt -3.184262 1.580895
vt -3.102160 1.599631
vt -3.040266 1.665937
vt -3.018693 1.721479
vt -2.870146 1.572524
vt -3.227133 3.869702
vt -2.802881 1.360718
vt -2.762377 1.155689
vt -2.676908 0.952387
vt -2.722054 1.143198
vt -3.334538 3.541761
vt -3.406173 3.786786
vt -3.333719 3.938000
vt -3.261266 4.084165
vt -3.176616 4.026098
vt -3.118817 4.156981
vt -3.035624 4.109545
vt -2.931404 4.182494
vt -2.768839 1.349291
vt -2.837106 1.566013
vt -2.999670 1.752307
vt -3.150766 1.781407
vt -3.125462 1.722808
vt -3.159322 1.662880
vt -3.221126 1.665272
vt -3.002219 4.209867
vt -3.061018 4.259430
vt -3.092512 4.299426
vt -3.246156 1.602421
vt -3.177890 4.208405
vt -3.323070 4.145422
vt -3.414819 4.015601
vt -3.497467 3.877940
vt -3.246703 1.681882
vt -3.243972 1.708856
vt -3.571104 3.973213
vt -3.481720 4.099180
vt -3.378320 4.224483
vt -3.163509 1.732508
vt -3.255714 4.330918
vt -3.218941 4.259696
vt -3.111900 4.343143
vt -3.192727 1.700883
vt -3.228407 1.696897
vt -3.120547 4.406259
vt -3.002583 4.424596
vt -3.019786 4.382607
vt -2.901458 4.397755
vt -3.222491 1.724004
vt -3.195002 1.759349
vt -3.020969 4.348059
vt -3.236690 1.756559
vt -3.006315 4.308727
vt -3.178254 1.800674
vt -2.971726 4.268200
vt -2.928400 4.241890
vt -2.889443 4.267535
vt -2.946786 4.299957
vt -2.968359 1.764000
vt -3.176070 1.831368
vt -3.249797 1.731179
vt -3.265908 1.734634
vt -2.863047 4.182893
vt -2.810436 4.204950
vt -2.778761 4.098516
vt -2.730428 4.127350
vt -3.247795 1.716563
vt -3.252619 1.690386
vt -2.638587 4.052009
vt -2.584794 4.103831
vt -2.520259 3.990487
vt -2.380541 3.960457
vt -2.293889 3.869170
vt -2.206599 3.789577
vt -3.255532 1.617835
vt -3.241696 1.508344
vt -3.173066 1.348626
vt -3.209202 1.484294
vt -3.215664 1.371614
vt -3.199098 1.047394
vt -3.152586 1.192894
vt -3.198734 1.215882
vt -2.967448 0.989593
vt -2.313549 4.051876
vt -2.222163 3.973877
vt -3.079678 1.174557
vt -2.401385 4.141302
vt -2.459548 4.062373
vt -2.537007 4.168011
vt -2.657429 4.208937
vt -3.239057 1.394469
vt -3.254986 1.524821
vt -2.487765 4.241226
vt -3.256169 1.628332
vt -2.586341 4.338093
vt -2.622021 4.267270
vt -2.721326 4.346597
vt -3.252801 1.699289
vt -2.705761 4.404398
vt -2.801152 4.386460
vt -2.815260 4.424729
vt -2.824544 4.363605
vt -2.836013 4.331715
vt -2.740258 4.300622
vt -2.760465 4.262353
vt -2.692836 4.160968
vt -3.278742 1.652649
vt -2.781218 4.232987
vt -3.275010 1.545550
vt -3.256806 1.414400
vt -3.227315 1.239800
vt -3.234506 1.071312
vt -2.856220 4.286802
vt -2.843568 4.310455
vt -2.917022 4.346332
vt -2.909104 4.369186
vt -3.251254 0.896180
vt -3.244427 1.262788
vt -3.257352 1.096293
vt -2.913109 4.321218
vt -3.287025 0.924616
vt -3.145123 1.024274
vt -2.818355 0.116857
vt -2.642865 -0.192481
vt -2.687648 0.100513
vt -2.635857 -0.881847
vt -2.697751 -0.684923
vt -3.280017 0.718524
vt -3.331444 0.751344
vt -3.223674 0.689955
vt -3.206380 0.871598
vt -2.963261 4.366130
vt -2.963261 4.385264
vt -3.146215 0.849009
vt -2.966720 4.335170
vt -3.069757 1.003412
vt -3.239785 0.493164
vt -3.160141 0.668562
vt -2.961896 0.811139
vt -2.860043 0.797585
vt -3.155863 0.455028
vt -3.067936 0.430579
vt -3.061565 0.161503
vt -3.156591 0.200835
vt -3.059016 -0.134015
vt -2.852670 0.611292
vt -3.168970 -0.088306
vt -3.253256 0.244153
vt -2.845115 0.402011
vt -2.943146 0.137585
vt -2.962533 0.413571
vt -3.069575 0.650358
vt -3.068846 0.828413
vt -2.500417 -0.195670
vt -2.446350 -0.430331
vt -2.963444 0.632818
vt -2.583701 -0.441758
vt -2.356875 -0.638682
vt -2.924668 -0.159661
vt -2.906009 -0.424086
vt -2.508426 -0.675489
vt -3.062384 -0.398441
vt -3.190724 -0.362032
vt -2.421865 0.091211
vt -3.281291 -0.038211
vt -3.358477 0.295310
vt -3.317335 0.535286
vt -3.395523 0.570366
vt -2.361609 -0.191152
vt -2.316280 -0.415050
vt -2.234452 -0.593238
vt -2.121949 -0.746844
vt -2.237819 -0.821521
vt -2.371257 -0.901380
vt -2.739348 -0.442157
vt -2.783130 -0.183313
vt -3.463061 0.348860
vt -3.518766 0.062377
vt -3.400165 0.013212
vt -3.570831 -0.222910
vt -3.439941 -0.266759
vt -2.893266 -0.668314
vt -3.319702 -0.317120
s 1
f 1/1/1 2/2/2 3/3/3
f 2895/4/4 1873/5/5 1874/6/6
f 3/3/3 2/2/2 4/7/7
f 2/2/2 5/8/8 4/7/7
f 4/7/7 5/8/8 6/9/9
f 5/8/8 7/10/10 6/9/9
f 2897/11/11 1875/12/12 2881/13/13
f 1874/6/6 1875/12/12 2897/11/11
f 2895/4/4 1874/6/6 2897/11/11
f 2881/13/13 2895/4/4 2897/11/11
f 1/1/1 3/3/3 8/14/14
f 3/3/3 9/15/15 8/14/14
f 8/14/14 9/15/15 10/16/16
f 2896/17/17 2895/4/4 2881/13/13
f 2882/18/18 2896/17/17 2881/13/13
f 2889/19/19 2896/17/17 2882/18/18
f 2891/20/20 2896/17/17 2889/19/19
f 9/15/15 3/3/3 11/21/21
f 2895/4/4 2896/17/17 2891/20/20
f 3/3/3 4/7/7 11/21/21
f 11/21/21 4/7/7 12/22/22
f 4/7/7 6/9/9 12/22/22
f 2893/23/23 2895/4/4 2891/20/20
f 6/9/9 7/10/10 12/22/22
f 1873/5/5 2895/4/4 2893/23/23
f 7/10/10 13/24/24 12/22/22
f 2842/25/25 1873/5/5 2893/23/23
f 13/24/24 14/26/26 12/22/22
f 12/22/22 14/26/26 15/27/27
f 14/26/26 16/28/28 15/27/27
f 2847/29/29 2842/25/25 2893/23/23
f 16/28/28 17/30/30 15/27/27
f 15/27/27 17/30/30 11/21/21
f 17/30/30 9/15/15 11/21/21
f 2894/31/31 2847/29/29 2893/23/23
f 2892/32/32 2894/31/31 2893/23/23
f 2891/20/20 2892/32/32 2893/23/23
f 2890/33/33 2892/32/32 2891/20/20
f 11/21/21 12/22/22 15/27/27
f 2889/19/19 2890/33/33 2891/20/20
f 2888/34/34 2890/33/33 2889/19/19
f 1876/35/35 2881/13/13 1875/12/12
f 2879/36/36 2881/13/13 1876/35/35
f 18/37/37 19/38/38 14/26/26
f 14/26/26 19/38/38 16/28/28
f 19/38/38 20/39/39 16/28/28
f 16/28/28 20/39/39 21/40/40
f 1878/41/41 2879/36/36 1876/35/35
f 21/40/40 20/39/39 22/42/42
f 20/39/39 23/43/43 22/42/42
f 2876/44/44 2879/36/36 1878/41/41
f 23/43/43 24/45/45 22/42/42
f 1893/46/46 2876/44/44 1878/41/41
f 24/45/45 25/47/47 22/42/42
f 2886/48/48 2882/18/18 2883/49/49
f 25/47/47 26/50/50 22/42/42
f 22/42/42 26/50/50 27/51/51
f 26/50/50 28/52/52 27/51/51
f 2889/19/19 2882/18/18 2886/48/48
f 28/52/52 29/53/34 27/51/51
f 2888/34/34 2889/19/19 2886/48/48
f 29/53/34 30/54/53 27/51/51
f 27/51/51 30/54/53 22/42/42
f 2887/55/54 2888/34/34 2886/48/48
f 22/42/42 30/54/53 21/40/40
f 30/54/53 31/56/55 21/40/40
f 21/40/40 31/56/55 17/30/30
f 31/56/55 32/57/56 17/30/30
f 17/30/30 32/57/56 33/58/57
f 2885/59/58 2887/55/54 2886/48/48
f 33/58/57 32/57/56 34/60/59
f 2883/49/49 2885/59/58 2886/48/48
f 34/60/59 32/57/56 35/61/60
f 2884/62/61 2885/59/58 2883/49/49
f 35/61/60 32/57/56 36/63/62
f 2877/64/63 2884/62/61 2883/49/49
f 36/63/62 32/57/56 37/65/64
f 2878/66/65 2877/64/63 2883/49/49
f 37/65/64 32/57/56 38/67/66
f 32/57/56 31/56/55 38/67/66
f 38/67/66 31/56/55 39/68/67
f 31/56/55 30/54/53 39/68/67
f 39/68/67 30/54/53 40/69/54
f 30/54/53 29/53/34 40/69/54
f 2882/18/18 2878/66/65 2883/49/49
f 2880/70/68 2878/66/65 2882/18/18
f 2881/13/13 2880/70/68 2882/18/18
f 2879/36/36 2880/70/68 2881/13/13
f 17/30/30 16/28/28 21/40/40
f 2878/66/65 2880/70/68 2879/36/36
f 2876/44/44 2878/66/65 2879/36/36
f 2877/64/63 2878/66/65 2876/44/44
f 2875/71/69 2877/64/63 2876/44/44
f 26/50/50 41/72/32 28/52/52
f 1893/46/46 2875/71/69 2876/44/44
f 1894/73/70 2875/71/69 1893/46/46
f 2864/74/71 2866/75/72 2874/76/73
f 2870/77/74 2873/78/75 2872/79/76
f 17/30/30 33/58/57 9/15/15
f 2871/80/77 2870/77/74 2872/79/76
f 2859/81/78 2870/77/74 2871/80/77
f 2858/82/79 2870/77/74 2859/81/78
f 2868/83/80 2863/84/81 2869/85/82
f 40/69/54 42/86/83 39/68/67
f 39/68/67 42/86/83 43/87/84
f 42/86/83 44/88/85 43/87/84
f 43/87/84 44/88/85 45/89/86
f 44/88/85 46/90/87 45/89/86
f 2865/91/88 2863/84/81 2868/83/80
f 46/90/87 47/92/89 45/89/86
f 2867/93/90 2865/91/88 2868/83/80
f 47/92/89 48/94/91 45/89/86
f 45/89/86 48/94/91 49/95/92
f 48/94/91 50/96/93 49/95/92
f 2866/75/72 2865/91/88 2867/93/90
f 50/96/93 51/97/94 49/95/92
f 2864/74/71 2865/91/88 2866/75/72
f 51/97/94 52/98/95 49/95/92
f 49/95/92 52/98/95 45/89/86
f 2863/84/81 2865/91/88 2864/74/71
f 45/89/86 52/98/95 43/87/84
f 52/98/95 53/99/96 43/87/84
f 43/87/84 53/99/96 39/68/67
f 2862/100/97 2863/84/81 2864/74/71
f 39/68/67 53/99/96 38/67/66
f 53/99/96 54/101/98 38/67/66
f 2861/102/99 2863/84/81 2862/100/97
f 54/101/98 55/103/100 38/67/66
f 38/67/66 55/103/100 56/104/101
f 55/103/100 57/105/102 56/104/101
f 56/104/101 57/105/102 58/106/103
f 57/105/102 59/107/104 58/106/103
f 2860/108/105 2861/102/99 2862/100/97
f 59/107/104 60/109/106 58/106/103
f 2859/81/78 2861/102/99 2860/108/105
f 60/109/106 61/110/107 58/106/103
f 2858/82/79 2859/81/78 2860/108/105
f 61/110/107 62/111/108 58/106/103
f 58/106/103 62/111/108 63/112/109
f 62/111/108 64/113/110 63/112/109
f 2856/114/111 1925/115/112 1921/116/113
f 2838/117/114 2856/114/111 1921/116/113
f 2848/118/115 2856/114/111 2838/117/114
f 2851/119/116 2856/114/111 2848/118/115
f 54/101/98 53/99/96 65/120/117
f 53/99/96 52/98/95 65/120/117
f 65/120/117 52/98/95 51/97/94
f 2857/121/118 1924/122/119 1925/115/112
f 2856/114/111 2857/121/118 1925/115/112
f 2855/123/120 2857/121/118 2856/114/111
f 2851/119/116 2855/123/120 2856/114/111
f 38/67/66 56/104/101 37/65/64
f 2853/124/121 2855/123/120 2851/119/116
f 56/104/101 58/106/103 37/65/64
f 2843/125/122 2844/126/123 2849/127/124
f 58/106/103 63/112/109 37/65/64
f 37/65/64 63/112/109 36/63/62
f 63/112/109 64/113/110 36/63/62
f 2852/128/83 2854/129/125 2853/124/121
f 64/113/110 66/130/126 36/63/62
f 36/63/62 66/130/126 35/61/60
f 2851/119/116 2852/128/83 2853/124/121
f 35/61/60 66/130/126 67/131/127
f 66/130/126 68/132/128 67/131/127
f 67/131/127 68/132/128 69/133/129
f 68/132/128 70/134/130 69/133/129
f 2850/135/85 2852/128/83 2851/119/116
f 70/134/130 71/136/131 69/133/129
f 69/133/129 71/136/131 72/137/132
f 2848/118/115 2850/135/85 2851/119/116
f 72/137/132 71/136/131 73/138/133
f 71/136/131 74/139/134 73/138/133
f 2849/127/124 2850/135/85 2848/118/115
f 74/139/134 75/140/135 73/138/133
f 73/138/133 75/140/135 76/141/136
f 2843/125/122 2849/127/124 2848/118/115
f 76/141/136 75/140/135 77/142/137
f 75/140/135 78/143/138 77/142/137
f 2838/117/114 2843/125/122 2848/118/115
f 78/143/138 79/144/139 77/142/137
f 77/142/137 79/144/139 80/145/140
f 79/144/139 10/16/16 80/145/140
f 2837/146/141 2843/125/122 2838/117/114
f 10/16/16 9/15/15 80/145/140
f 80/145/140 9/15/15 81/147/142
f 9/15/15 33/58/57 81/147/142
f 81/147/142 33/58/57 82/148/143
f 33/58/57 34/60/59 82/148/143
f 82/148/143 34/60/59 83/149/144
f 34/60/59 35/61/60 83/149/144
f 2841/150/145 2842/25/25 2847/29/29
f 35/61/60 67/131/127 83/149/144
f 2846/151/146 2841/150/145 2847/29/29
f 67/131/127 69/133/129 83/149/144
f 83/149/144 69/133/129 84/152/147
f 69/133/129 72/137/132 84/152/147
f 84/152/147 72/137/132 85/153/148
f 72/137/132 86/154/149 85/153/148
f 85/153/148 86/154/149 84/152/147
f 2840/155/150 2841/150/145 2846/151/146
f 2845/156/151 2840/155/150 2846/151/146
f 2839/157/152 2840/155/150 2845/156/151
f 2844/126/123 2839/157/152 2845/156/151
f 79/144/139 87/158/153 10/16/16
f 2843/125/122 2839/157/152 2844/126/123
f 2837/146/141 2839/157/152 2843/125/122
f 1872/159/154 1873/5/5 2842/25/25
f 2841/150/145 1872/159/154 2842/25/25
f 80/145/140 81/147/142 77/142/137
f 81/147/142 88/160/155 77/142/137
f 77/142/137 88/160/155 76/141/136
f 88/160/155 86/154/149 76/141/136
f 76/141/136 86/154/149 73/138/133
f 86/154/149 72/137/132 73/138/133
f 1871/161/156 1872/159/154 2841/150/145
f 2840/155/150 1871/161/156 2841/150/145
f 1869/162/157 1871/161/156 2840/155/150
f 2839/157/152 1869/162/157 2840/155/150
f 81/147/142 82/148/143 88/160/155
f 82/148/143 89/163/158 88/160/155
f 88/160/155 89/163/158 86/154/149
f 89/163/158 90/164/159 86/154/149
f 86/154/149 90/164/159 84/152/147
f 2837/146/141 1869/162/157 2839/157/152
f 84/152/147 90/164/159 83/149/144
f 90/164/159 89/163/158 83/149/144
f 83/149/144 89/163/158 82/148/143
f 1848/165/160 1869/162/157 2837/146/141
f 1848/165/160 2838/117/114 1921/116/113
f 2837/146/141 2838/117/114 1848/165/160
f 2448/166/161 2834/167/162 2447/168/163
f 91/169/164 93/170/165 92/171/166
f 92/171/166 93/170/165 94/172/167
f 93/170/165 95/173/168 94/172/167
f 2833/174/169 2834/167/162 2448/166/161
f 95/173/168 96/175/170 94/172/167
f 94/172/167 96/175/170 92/171/166
f 96/175/170 97/176/171 92/171/166
f 92/171/166 97/176/171 98/177/172
f 97/176/171 99/178/173 98/177/172
f 98/177/172 99/178/173 100/179/174
f 2449/180/175 2833/174/169 2448/166/161
f 2832/181/169 2833/174/169 2449/180/175
f 2613/182/176 2835/183/177 2614/184/178
f 2836/185/179 2835/183/177 2613/182/176
f 92/171/166 98/177/172 91/169/164
f 2612/186/180 2836/185/179 2613/182/176
f 2611/187/181 2836/185/179 2612/186/180
f 2610/188/182 2836/185/179 2611/187/181
f 2444/189/183 2836/185/179 2610/188/182
f 97/176/171 101/190/184 99/178/173
f 101/190/184 102/191/185 99/178/173
f 2445/192/186 2836/185/179 2444/189/183
f 2446/193/187 2836/185/179 2445/192/186
f 2835/183/177 2836/185/179 2446/193/187
f 2447/168/163 2835/183/177 2446/193/187
f 101/190/184 97/176/171 103/194/188
f 97/176/171 96/175/170 103/194/188
f 103/194/188 96/175/170 104/195/189
f 96/175/170 95/173/168 104/195/189
f 104/195/189 95/173/168 105/196/190
f 2834/167/162 2835/183/177 2447/168/163
f 105/196/190 95/173/168 106/197/191
f 95/173/168 93/170/165 106/197/191
f 2614/184/178 2835/183/177 2834/167/162
f 93/170/165 107/198/192 106/197/191
f 106/197/191 107/198/192 108/199/193
f 107/198/192 109/200/194 108/199/193
f 2615/201/195 2614/184/178 2834/167/162
f 109/200/194 110/202/196 108/199/193
f 108/199/193 110/202/196 111/203/197
f 2833/174/169 2615/201/195 2834/167/162
f 111/203/197 110/202/196 112/204/198
f 110/202/196 113/205/43 112/204/198
f 112/204/198 113/205/43 114/206/199
f 113/205/43 115/207/200 114/206/199
f 2616/208/201 2615/201/195 2833/174/169
f 2832/181/169 2616/208/201 2833/174/169
f 2617/209/202 2616/208/201 2832/181/169
f 2831/210/203 2617/209/202 2832/181/169
f 114/206/199 116/211/204 112/204/198
f 2618/212/205 2617/209/202 2831/210/203
f 112/204/198 116/211/204 117/213/206
f 116/211/204 118/214/207 117/213/206
f 117/213/206 118/214/207 119/215/208
f 2452/216/209 2830/217/210 2451/218/211
f 119/215/208 118/214/207 120/219/212
f 2829/220/213 2830/217/210 2452/216/209
f 120/219/212 118/214/207 121/221/214
f 2453/222/215 2829/220/213 2452/216/209
f 121/221/214 118/214/207 122/223/216
f 118/214/207 123/224/217 122/223/216
f 122/223/216 123/224/217 124/225/218
f 2822/226/219 2829/220/213 2453/222/215
f 2450/227/220 2832/181/169 2449/180/175
f 2831/210/203 2832/181/169 2450/227/220
f 2451/218/211 2831/210/203 2450/227/220
f 116/211/204 123/224/217 118/214/207
f 2830/217/210 2831/210/203 2451/218/211
f 2618/212/205 2831/210/203 2830/217/210
f 2619/228/221 2618/212/205 2830/217/210
f 2829/220/213 2619/228/221 2830/217/210
f 117/213/206 119/215/208 112/204/198
f 2620/229/222 2619/228/221 2829/220/213
f 112/204/198 119/215/208 111/203/197
f 2822/226/219 2620/229/222 2829/220/213
f 111/203/197 119/215/208 108/199/193
f 119/215/208 125/230/223 108/199/193
f 108/199/193 125/230/223 126/231/224
f 125/230/223 127/232/225 126/231/224
f 2621/233/222 2620/229/222 2822/226/219
f 127/232/225 128/234/226 126/231/224
f 2823/235/227 2621/233/222 2822/226/219
f 128/234/226 105/196/190 126/231/224
f 2622/236/228 2621/233/222 2823/235/227
f 105/196/190 106/197/191 126/231/224
f 126/231/224 106/197/191 108/199/193
f 2824/237/229 2622/236/228 2823/235/227
f 2623/238/230 2622/236/228 2824/237/229
f 2825/239/231 2623/238/230 2824/237/229
f 2624/240/232 2623/238/230 2825/239/231
f 125/230/223 119/215/208 127/232/225
f 2826/241/233 2624/240/232 2825/239/231
f 119/215/208 120/219/212 127/232/225
f 2625/242/234 2624/240/232 2826/241/233
f 120/219/212 121/221/214 127/232/225
f 2827/243/235 2625/242/234 2826/241/233
f 121/221/214 129/244/236 127/232/225
f 2626/245/237 2625/242/234 2827/243/235
f 129/244/236 130/246/238 127/232/225
f 127/232/225 130/246/238 128/234/226
f 130/246/238 131/247/239 128/234/226
f 128/234/226 131/247/239 132/248/240
f 131/247/239 133/249/241 132/248/240
f 132/248/240 133/249/241 134/250/242
f 133/249/241 135/251/243 134/250/242
f 2828/252/244 2626/245/237 2827/243/235
f 135/251/243 104/195/189 134/250/242
f 2627/253/245 2626/245/237 2828/252/244
f 104/195/189 105/196/190 134/250/242
f 134/250/242 105/196/190 132/248/240
f 105/196/190 128/234/226 132/248/240
f 2639/254/246 2627/253/245 2828/252/244
f 2639/254/246 2460/255/247 2461/256/248
f 2459/257/249 2460/255/247 2639/254/246
f 2828/252/244 2459/257/249 2639/254/246
f 133/249/241 136/258/250 135/251/243
f 136/258/250 137/259/251 135/251/243
f 135/251/243 137/259/251 138/260/252
f 137/259/251 139/261/253 138/260/252
f 2458/262/254 2459/257/249 2828/252/244
f 2827/243/235 2458/262/254 2828/252/244
f 2457/263/255 2458/262/254 2827/243/235
f 2826/241/233 2457/263/255 2827/243/235
f 104/195/189 135/251/243 103/194/188
f 135/251/243 140/264/256 103/194/188
f 103/194/188 140/264/256 101/190/184
f 2456/265/257 2457/263/255 2826/241/233
f 101/190/184 140/264/256 141/266/258
f 140/264/256 138/260/252 141/266/258
f 141/266/258 138/260/252 142/267/259
f 138/260/252 139/261/253 142/267/259
f 142/267/259 139/261/253 143/268/260
f 139/261/253 144/269/261 143/268/260
f 143/268/260 144/269/261 145/270/262
f 144/269/261 146/271/263 145/270/262
f 2825/239/231 2456/265/257 2826/241/233
f 2455/272/264 2456/265/257 2825/239/231
f 2824/237/229 2455/272/264 2825/239/231
f 2454/273/265 2455/272/264 2824/237/229
f 135/251/243 138/260/252 140/264/256
f 2823/235/227 2454/273/265 2824/237/229
f 2822/226/219 2454/273/265 2823/235/227
f 2453/222/215 2454/273/265 2822/226/219
f 2814/274/266 2816/275/267 2813/276/268
f 142/267/259 143/268/260 141/266/258
f 141/266/258 143/268/260 147/277/269
f 143/268/260 148/278/270 147/277/269
f 147/277/269 148/278/270 149/279/271
f 148/278/270 150/280/199 149/279/271
f 149/279/271 150/280/199 151/281/38
f 150/280/199 152/282/272 151/281/38
f 2815/283/273 2816/275/267 2814/274/266
f 2821/284/274 2804/285/275 2806/286/276
f 2817/287/277 2804/285/275 2821/284/274
f 2818/288/278 2817/287/277 2821/284/274
f 148/278/270 143/268/260 145/270/262
f 2819/289/279 2818/288/278 2821/284/274
f 2806/286/276 2819/289/279 2821/284/274
f 2820/290/280 2819/289/279 2806/286/276
f 2807/291/281 2820/290/280 2806/286/276
f 147/277/269 149/279/271 141/266/258
f 141/266/258 149/279/271 153/292/282
f 149/279/271 151/281/38 153/292/282
f 2808/293/283 2820/290/280 2807/291/281
f 151/281/38 154/294/284 153/292/282
f 2819/289/279 2820/290/280 2808/293/283
f 154/294/284 102/191/185 153/292/282
f 2809/295/285 2819/289/279 2808/293/283
f 102/191/185 101/190/184 153/292/282
f 153/292/282 101/190/184 141/266/258
f 2818/288/278 2819/289/279 2809/295/285
f 2810/296/286 2818/288/278 2809/295/285
f 2812/297/287 2818/288/278 2810/296/286
f 2817/287/277 2818/288/278 2812/297/287
f 155/298/288 157/299/289 156/300/290
f 2813/276/268 2817/287/277 2812/297/287
f 157/299/289 158/301/291 156/300/290
f 156/300/290 158/301/291 159/302/292
f 2816/275/267 2817/287/277 2813/276/268
f 159/302/292 158/301/291 160/303/293
f 2804/285/275 2817/287/277 2816/275/267
f 160/303/293 158/301/291 161/304/294
f 2815/283/273 2804/285/275 2816/275/267
f 161/304/294 158/301/291 162/305/295
f 2805/306/296 2804/285/275 2815/283/273
f 162/305/295 158/301/291 163/307/297
f 2729/308/298 2805/306/296 2815/283/273
f 163/307/297 158/301/291 164/309/299
f 158/301/291 157/299/289 164/309/299
f 164/309/299 157/299/289 165/310/300
f 157/299/289 166/311/301 165/310/300
f 165/310/300 166/311/301 167/312/302
f 166/311/301 168/313/303 167/312/302
f 167/312/302 168/313/303 169/314/304
f 168/313/303 170/315/305 169/314/304
f 169/314/304 170/315/305 171/316/306
f 170/315/305 172/317/307 171/316/306
f 171/316/306 172/317/307 173/318/308
f 172/317/307 174/319/309 173/318/308
f 2728/320/310 2729/308/298 2815/283/273
f 174/319/309 175/321/311 173/318/308
f 173/318/308 175/321/311 176/322/312
f 2727/323/313 2728/320/310 2815/283/273
f 176/322/312 175/321/311 177/324/314
f 175/321/311 178/325/315 177/324/314
f 177/324/314 178/325/315 179/326/316
f 178/325/315 180/327/317 179/326/316
f 2726/328/318 2727/323/313 2815/283/273
f 180/327/317 181/329/261 179/326/316
f 2814/274/266 2726/328/318 2815/283/273
f 181/329/261 182/330/319 179/326/316
f 2722/331/320 2726/328/318 2814/274/266
f 182/330/319 183/332/251 179/326/316
f 2723/333/321 2722/331/320 2814/274/266
f 183/332/251 184/334/322 179/326/316
f 2813/276/268 2723/333/321 2814/274/266
f 184/334/322 185/335/323 179/326/316
f 179/326/316 185/335/323 177/324/314
f 185/335/323 186/336/324 177/324/314
f 177/324/314 186/336/324 176/322/312
f 186/336/324 187/337/325 176/322/312
f 176/322/312 187/337/325 173/318/308
f 2724/338/326 2723/333/321 2813/276/268
f 173/318/308 187/337/325 171/316/306
f 187/337/325 188/339/327 171/316/306
f 2812/297/287 2724/338/326 2813/276/268
f 188/339/327 189/340/328 171/316/306
f 171/316/306 189/340/328 169/314/304
f 2695/341/329 2724/338/326 2812/297/287
f 169/314/304 189/340/328 167/312/302
f 2811/342/330 2812/297/287 2810/296/286
f 167/312/302 189/340/328 165/310/300
f 2695/341/329 2812/297/287 2811/342/330
f 165/310/300 189/340/328 164/309/299
f 2810/296/286 2695/341/329 2811/342/330
f 164/309/299 189/340/328 163/307/297
f 189/340/328 188/339/327 163/307/297
f 163/307/297 188/339/327 190/343/331
f 188/339/327 187/337/325 190/343/331
f 2694/344/332 2695/341/329 2810/296/286
f 187/337/325 191/345/333 190/343/331
f 2693/346/334 2694/344/332 2810/296/286
f 191/345/333 192/347/335 190/343/331
f 190/343/331 192/347/335 162/305/295
f 192/347/335 193/348/336 162/305/295
f 162/305/295 193/348/336 161/304/294
f 193/348/336 194/349/337 161/304/294
f 2809/295/285 2693/346/334 2810/296/286
f 194/349/337 195/350/338 161/304/294
f 161/304/294 195/350/338 160/303/293
f 195/350/338 196/351/339 160/303/293
f 160/303/293 196/351/339 159/302/292
f 196/351/339 197/352/340 159/302/292
f 159/302/292 197/352/340 155/298/288
f 2692/353/341 2693/346/334 2809/295/285
f 155/298/288 197/352/340 198/354/342
f 197/352/340 196/351/339 198/354/342
f 198/354/342 196/351/339 199/355/343
f 196/351/339 195/350/338 199/355/343
f 2808/293/283 2692/353/341 2809/295/285
f 195/350/338 200/356/344 199/355/343
f 2655/357/345 2692/353/341 2808/293/283
f 200/356/344 201/358/346 199/355/343
f 199/355/343 201/358/346 198/354/342
f 201/358/346 202/359/347 198/354/342
f 198/354/342 202/359/347 155/298/288
f 2656/360/348 2655/357/345 2808/293/283
f 155/298/288 202/359/347 203/361/349
f 2807/291/281 2656/360/348 2808/293/283
f 203/361/349 202/359/347 204/362/350
f 202/359/347 201/358/346 204/362/350
f 204/362/350 201/358/346 205/363/351
f 201/358/346 200/356/344 205/363/351
f 2650/364/352 2656/360/348 2807/291/281
f 2800/365/353 2650/364/352 2807/291/281
f 2806/286/276 2800/365/353 2807/291/281
f 2730/366/354 2795/367/355 2803/368/356
f 156/300/290 159/302/292 155/298/288
f 2802/369/357 2806/286/276 2804/285/275
f 2800/365/353 2806/286/276 2802/369/357
f 2801/370/358 2800/365/353 2802/369/357
f 2805/306/296 2729/308/298 2730/366/354
f 157/299/289 155/298/288 166/311/301
f 2803/368/356 2805/306/296 2730/366/354
f 155/298/288 206/371/349 166/311/301
f 166/311/301 206/371/349 168/313/303
f 2804/285/275 2805/306/296 2803/368/356
f 2802/369/357 2804/285/275 2803/368/356
f 2795/367/355 2802/369/357 2803/368/356
f 2801/370/358 2802/369/357 2795/367/355
f 190/343/331 162/305/295 163/307/297
f 2797/372/359 2801/370/358 2795/367/355
f 2800/365/353 2801/370/358 2797/372/359
f 2799/373/360 2657/374/361 2650/364/352
f 2800/365/353 2799/373/360 2650/364/352
f 204/362/350 205/363/351 207/375/362
f 2797/372/359 2799/373/360 2800/365/353
f 207/375/362 205/363/351 208/376/307
f 205/363/351 209/377/363 208/376/307
f 208/376/307 209/377/363 210/378/309
f 2657/374/361 2799/373/360 2797/372/359
f 2798/379/364 2657/374/361 2797/372/359
f 2791/380/365 2657/374/361 2798/379/364
f 2792/381/366 2791/380/365 2798/379/364
f 209/377/363 205/363/351 211/382/367
f 2797/372/359 2792/381/366 2798/379/364
f 205/363/351 200/356/344 211/382/367
f 2796/383/368 2795/367/355 2794/384/369
f 200/356/344 195/350/338 211/382/367
f 2797/372/359 2795/367/355 2796/383/368
f 195/350/338 194/349/337 211/382/367
f 2792/381/366 2797/372/359 2796/383/368
f 194/349/337 212/385/370 211/382/367
f 211/382/367 212/385/370 213/386/371
f 212/385/370 214/387/372 213/386/371
f 2794/384/369 2792/381/366 2796/383/368
f 214/387/372 215/388/373 213/386/371
f 213/386/371 215/388/373 210/378/309
f 215/388/373 216/389/374 210/378/309
f 2793/390/375 2792/381/366 2794/384/369
f 2753/391/376 2795/367/355 2730/366/354
f 2794/384/369 2795/367/355 2753/391/376
f 2732/392/377 2794/384/369 2753/391/376
f 211/382/367 213/386/371 209/377/363
f 213/386/371 210/378/309 209/377/363
f 2793/390/375 2794/384/369 2732/392/377
f 2752/393/378 2793/390/375 2732/392/377
f 2754/394/379 2793/390/375 2752/393/378
f 2792/381/366 2793/390/375 2754/394/379
f 214/387/372 212/385/370 217/395/380
f 212/385/370 194/349/337 217/395/380
f 2787/396/381 2792/381/366 2754/394/379
f 194/349/337 193/348/336 217/395/380
f 217/395/380 193/348/336 218/397/382
f 193/348/336 192/347/335 218/397/382
f 218/397/382 192/347/335 219/398/383
f 192/347/335 191/345/333 219/398/383
f 219/398/383 191/345/333 220/399/384
f 2791/380/365 2792/381/366 2787/396/381
f 220/399/384 191/345/333 221/400/385
f 191/345/333 187/337/325 221/400/385
f 2788/401/386 2791/380/365 2787/396/381
f 187/337/325 186/336/324 221/400/385
f 2789/402/387 2791/380/365 2788/401/386
f 186/336/324 185/335/323 221/400/385
f 221/400/385 185/335/323 222/403/388
f 2790/404/389 2657/374/361 2791/380/365
f 222/403/388 185/335/323 223/405/390
f 185/335/323 184/334/322 223/405/390
f 2789/402/387 2790/404/389 2791/380/365
f 184/334/322 183/332/251 223/405/390
f 2783/406/391 2663/407/392 2662/408/393
f 183/332/251 224/409/250 223/405/390
f 2784/410/394 2786/411/395 2785/412/396
f 224/409/250 225/413/397 223/405/390
f 223/405/390 225/413/397 226/414/398
f 2782/415/399 2770/416/400 2773/417/401
f 226/414/398 225/413/397 227/418/402
f 225/413/397 228/419/239 227/418/402
f 2776/420/403 2782/415/399 2773/417/401
f 228/419/239 229/421/404 227/418/402
f 2781/422/405 2782/415/399 2776/420/403
f 229/421/404 230/423/406 227/418/402
f 227/418/402 230/423/406 231/424/407
f 2778/425/408 2781/422/405 2776/420/403
f 231/424/407 230/423/406 232/426/409
f 230/423/406 233/427/410 232/426/409
f 232/426/409 233/427/410 234/428/411
f 233/427/410 235/429/412 234/428/411
f 2658/430/413 2657/374/361 2790/404/389
f 235/429/412 214/387/372 234/428/411
f 234/428/411 214/387/372 232/426/409
f 2789/402/387 2658/430/413 2790/404/389
f 2662/408/393 2658/430/413 2789/402/387
f 2783/406/391 2662/408/393 2789/402/387
f 2788/401/386 2783/406/391 2789/402/387
f 233/427/410 236/431/414 235/429/412
f 2784/410/394 2783/406/391 2788/401/386
f 2786/411/395 2784/410/394 2788/401/386
f 2787/396/381 2786/411/395 2788/401/386
f 2754/394/379 2786/411/395 2787/396/381
f 218/397/382 237/432/415 217/395/380
f 2755/433/416 2786/411/395 2754/394/379
f 217/395/380 237/432/415 214/387/372
f 2756/434/417 2786/411/395 2755/433/416
f 214/387/372 237/432/415 232/426/409
f 237/432/415 238/435/418 232/426/409
f 232/426/409 238/435/418 231/424/407
f 238/435/418 239/436/419 231/424/407
f 231/424/407 239/436/419 227/418/402
f 2785/412/396 2786/411/395 2756/434/417
f 2757/437/420 2785/412/396 2756/434/417
f 2758/438/421 2785/412/396 2757/437/420
f 2784/410/394 2785/412/396 2758/438/421
f 237/432/415 218/397/382 238/435/418
f 2761/439/422 2784/410/394 2758/438/421
f 218/397/382 219/398/383 238/435/418
f 2783/406/391 2784/410/394 2761/439/422
f 219/398/383 220/399/384 238/435/418
f 238/435/418 220/399/384 239/436/419
f 220/399/384 221/400/385 239/436/419
f 2763/440/423 2783/406/391 2761/439/422
f 221/400/385 222/403/388 239/436/419
f 2765/441/424 2783/406/391 2763/440/423
f 222/403/388 223/405/390 239/436/419
f 2663/407/392 2783/406/391 2765/441/424
f 223/405/390 226/414/398 239/436/419
f 239/436/419 226/414/398 227/418/402
f 2766/442/425 2663/407/392 2765/441/424
f 2664/443/426 2663/407/392 2766/442/425
f 2665/444/427 2664/443/426 2766/442/425
f 2768/445/428 2665/444/427 2766/442/425
f 214/387/372 235/429/412 215/388/373
f 215/388/373 235/429/412 216/389/374
f 2770/416/400 2665/444/427 2768/445/428
f 216/389/374 235/429/412 240/446/429
f 2782/415/399 2665/444/427 2770/416/400
f 240/446/429 235/429/412 241/447/430
f 235/429/412 236/431/414 241/447/430
f 241/447/430 236/431/414 242/448/431
f 236/431/414 243/449/263 242/448/431
f 2666/450/432 2665/444/427 2782/415/399
f 2781/422/405 2666/450/432 2782/415/399
f 2667/451/433 2666/450/432 2781/422/405
f 2778/425/408 2667/451/433 2781/422/405
f 244/452/37 245/453/26 246/454/434
f 245/453/26 247/455/435 246/454/434
f 246/454/434 247/455/435 248/456/436
f 2673/457/437 2667/451/433 2778/425/408
f 248/456/436 247/455/435 249/458/438
f 247/455/435 250/459/439 249/458/438
f 249/458/438 250/459/439 251/460/440
f 250/459/439 252/461/441 251/460/440
f 2673/457/437 2780/462/442 2674/463/443
f 252/461/441 253/464/444 251/460/440
f 251/460/440 253/464/444 254/465/445
f 253/464/444 255/466/444 254/465/445
f 254/465/445 255/466/444 256/467/446
f 2779/468/447 2780/462/442 2673/457/437
f 256/467/446 255/466/444 257/469/448
f 255/466/444 258/470/449 257/469/448
f 257/469/448 258/470/449 259/471/450
f 258/470/449 255/466/444 259/471/450
f 259/471/450 255/466/444 260/472/451
f 2778/425/408 2779/468/447 2673/457/437
f 260/472/451 255/466/444 261/473/452
f 255/466/444 253/464/444 261/473/452
f 261/473/452 253/464/444 262/474/453
f 253/464/444 252/461/441 262/474/453
f 262/474/453 252/461/441 263/475/454
f 252/461/441 250/459/439 263/475/454
f 263/475/454 250/459/439 264/476/455
f 250/459/439 247/455/435 264/476/455
f 264/476/455 247/455/435 265/477/24
f 247/455/435 245/453/26 265/477/24
f 2777/478/456 2779/468/447 2778/425/408
f 2776/420/403 2777/478/456 2778/425/408
f 2775/479/457 2777/478/456 2776/420/403
f 2773/417/401 2775/479/457 2776/420/403
f 257/469/448 259/471/450 266/480/458
f 2774/481/459 2775/479/457 2773/417/401
f 266/480/458 259/471/450 267/482/460
f 2772/483/461 2774/481/459 2773/417/401
f 267/482/460 259/471/450 268/484/462
f 2770/416/400 2772/483/461 2773/417/401
f 268/484/462 259/471/450 269/485/463
f 259/471/450 260/472/451 269/485/463
f 2771/486/464 2772/483/461 2770/416/400
f 2769/487/465 2771/486/464 2770/416/400
f 2768/445/428 2769/487/465 2770/416/400
f 2767/488/466 2769/487/465 2768/445/428
f 264/476/455 265/477/24 270/489/467
f 265/477/24 271/490/468 270/489/467
f 2766/442/425 2767/488/466 2768/445/428
f 2764/491/469 2767/488/466 2766/442/425
f 2765/441/424 2764/491/469 2766/442/425
f 2763/440/423 2764/491/469 2765/441/424
f 270/489/467 272/492/470 264/476/455
f 2762/493/471 2764/491/469 2763/440/423
f 264/476/455 272/492/470 263/475/454
f 272/492/470 273/494/472 263/475/454
f 263/475/454 273/494/472 262/474/453
f 273/494/472 274/495/473 262/474/453
f 262/474/453 274/495/473 261/473/452
f 2761/439/422 2762/493/471 2763/440/423
f 261/473/452 274/495/473 260/472/451
f 2760/496/474 2762/493/471 2761/439/422
f 260/472/451 274/495/473 269/485/463
f 274/495/473 275/497/475 269/485/463
f 269/485/463 275/497/475 268/484/462
f 275/497/475 276/498/476 268/484/462
f 268/484/462 276/498/476 267/482/460
f 2758/438/421 2760/496/474 2761/439/422
f 267/482/460 276/498/476 277/499/477
f 2759/500/478 2760/496/474 2758/438/421
f 277/499/477 276/498/476 278/501/479
f 276/498/476 275/497/475 278/501/479
f 278/501/479 275/497/475 279/502/480
f 275/497/475 274/495/473 279/502/480
f 279/502/480 274/495/473 280/503/480
f 274/495/473 273/494/472 280/503/480
f 280/503/480 273/494/472 281/504/481
f 273/494/472 272/492/470 281/504/481
f 281/504/481 272/492/470 282/505/482
f 272/492/470 270/489/467 282/505/482
f 282/505/482 270/489/467 283/506/483
f 270/489/467 271/490/468 283/506/483
f 2748/507/484 2759/500/478 2758/438/421
f 271/490/468 284/508/8 283/506/483
f 2757/437/420 2748/507/484 2758/438/421
f 284/508/8 285/509/485 283/506/483
f 2747/510/486 2748/507/484 2757/437/420
f 285/509/485 286/511/487 283/506/483
f 283/506/483 286/511/487 282/505/482
f 286/511/487 287/512/488 282/505/482
f 282/505/482 287/512/488 281/504/481
f 287/512/488 288/513/489 281/504/481
f 281/504/481 288/513/489 280/503/480
f 288/513/489 289/514/490 280/503/480
f 2749/515/491 2747/510/486 2757/437/420
f 289/514/490 290/516/492 280/503/480
f 280/503/480 290/516/492 279/502/480
f 2756/434/417 2749/515/491 2757/437/420
f 279/502/480 290/516/492 278/501/479
f 290/516/492 291/517/493 278/501/479
f 278/501/479 291/517/493 277/499/477
f 291/517/493 292/518/494 277/499/477
f 277/499/477 292/518/494 267/482/460
f 292/518/494 293/519/495 267/482/460
f 2755/433/416 2749/515/491 2756/434/417
f 293/519/495 294/520/496 267/482/460
f 267/482/460 294/520/496 295/521/497
f 294/520/496 296/522/498 295/521/497
f 295/521/497 296/522/498 297/523/499
f 2750/524/500 2749/515/491 2755/433/416
f 297/523/499 296/522/498 298/525/446
f 296/522/498 299/526/501 298/525/446
f 2754/394/379 2750/524/500 2755/433/416
f 299/526/501 300/527/502 298/525/446
f 298/525/446 300/527/502 301/528/503
f 300/527/502 302/529/504 301/528/503
f 301/528/503 302/529/504 303/530/505
f 302/529/504 304/531/506 303/530/505
f 303/530/505 304/531/506 305/532/507
f 304/531/506 306/533/508 305/532/507
f 305/532/507 306/533/508 307/534/509
f 2751/535/510 2750/524/500 2754/394/379
f 307/534/509 306/533/508 308/536/511
f 306/533/508 309/537/512 308/536/511
f 308/536/511 309/537/512 310/538/513
f 2752/393/378 2751/535/510 2754/394/379
f 310/538/513 309/537/512 311/539/514
f 2753/391/376 2731/540/515 2732/392/377
f 311/539/514 309/537/512 312/541/516
f 309/537/512 313/542/517 312/541/516
f 312/541/516 313/542/517 314/543/518
f 2730/366/354 2731/540/515 2753/391/376
f 2734/544/519 2752/393/378 2732/392/377
f 2751/535/510 2752/393/378 2734/544/519
f 2737/545/520 2751/535/510 2734/544/519
f 309/537/512 306/533/508 313/542/517
f 313/542/517 306/533/508 315/546/521
f 2738/547/522 2751/535/510 2737/545/520
f 315/546/521 306/533/508 316/548/523
f 306/533/508 304/531/506 316/548/523
f 316/548/523 304/531/506 317/549/524
f 304/531/506 302/529/504 317/549/524
f 317/549/524 302/529/504 318/550/525
f 302/529/504 300/527/502 318/550/525
f 318/550/525 300/527/502 319/551/526
f 300/527/502 299/526/501 319/551/526
f 2750/524/500 2751/535/510 2738/547/522
f 299/526/501 296/522/498 319/551/526
f 319/551/526 296/522/498 320/552/527
f 296/522/498 294/520/496 320/552/527
f 320/552/527 294/520/496 321/553/528
f 294/520/496 293/519/495 321/553/528
f 321/553/528 293/519/495 322/554/529
f 293/519/495 323/555/530 322/554/529
f 322/554/529 323/555/530 324/556/531
f 323/555/530 292/518/494 324/556/531
f 324/556/531 292/518/494 291/517/493
f 2740/557/532 2750/524/500 2738/547/522
f 2749/515/491 2750/524/500 2740/557/532
f 2747/510/486 2749/515/491 2740/557/532
f 2743/558/533 2747/510/486 2740/557/532
f 320/552/527 321/553/528 319/551/526
f 319/551/526 321/553/528 325/559/534
f 321/553/528 322/554/529 325/559/534
f 325/559/534 322/554/529 326/560/535
f 322/554/529 324/556/531 326/560/535
f 2712/561/536 2733/562/537 2711/563/538
f 2722/331/320 2725/564/539 2726/328/318
f 2746/565/540 2748/507/484 2747/510/486
f 2743/558/533 2746/565/540 2747/510/486
f 293/519/495 292/518/494 323/555/530
f 2745/566/541 2746/565/540 2743/558/533
f 2744/567/542 2745/566/541 2743/558/533
f 2742/568/543 2744/567/542 2743/558/533
f 2740/557/532 2742/568/543 2743/558/533
f 326/560/535 327/569/544 325/559/534
f 325/559/534 327/569/544 319/551/526
f 2741/570/456 2742/568/543 2740/557/532
f 319/551/526 327/569/544 318/550/525
f 2739/571/447 2741/570/456 2740/557/532
f 318/550/525 327/569/544 317/549/524
f 327/569/544 328/572/545 317/549/524
f 317/549/524 328/572/545 316/548/523
f 328/572/545 329/573/546 316/548/523
f 316/548/523 329/573/546 315/546/521
f 2738/547/522 2739/571/447 2740/557/532
f 2736/574/547 2739/571/447 2738/547/522
f 2737/545/520 2736/574/547 2738/547/522
f 2734/544/519 2736/574/547 2737/545/520
f 329/573/546 328/572/545 330/575/548
f 2735/576/443 2736/574/547 2734/544/519
f 328/572/545 327/569/544 330/575/548
f 330/575/548 327/569/544 331/577/549
f 327/569/544 326/560/535 331/577/549
f 2712/561/536 2735/576/443 2734/544/519
f 326/560/535 324/556/531 331/577/549
f 331/577/549 324/556/531 332/578/550
f 2733/562/537 2712/561/536 2734/544/519
f 332/578/550 324/556/531 333/579/551
f 324/556/531 291/517/493 333/579/551
f 2732/392/377 2733/562/537 2734/544/519
f 291/517/493 290/516/492 333/579/551
f 2711/563/538 2733/562/537 2732/392/377
f 290/516/492 289/514/490 333/579/551
f 333/579/551 289/514/490 334/580/552
f 289/514/490 288/513/489 334/580/552
f 2731/540/515 2711/563/538 2732/392/377
f 2713/581/553 2711/563/538 2731/540/515
f 2730/366/354 2713/581/553 2731/540/515
f 2714/582/554 2713/581/553 2730/366/354
f 331/577/549 332/578/550 330/575/548
f 332/578/550 335/583/555 330/575/548
f 330/575/548 335/583/555 336/584/556
f 2729/308/298 2714/582/554 2730/366/354
f 336/584/556 335/583/555 334/580/552
f 2728/320/310 2714/582/554 2729/308/298
f 334/580/552 335/583/555 333/579/551
f 335/583/555 332/578/550 333/579/551
f 2715/585/557 2714/582/554 2728/320/310
f 2716/586/558 2715/585/557 2728/320/310
f 2727/323/313 2716/586/558 2728/320/310
f 2718/587/559 2716/586/558 2727/323/313
f 336/584/556 337/588/560 330/575/548
f 2726/328/318 2718/587/559 2727/323/313
f 330/575/548 337/588/560 329/573/546
f 337/588/560 338/589/561 329/573/546
f 329/573/546 338/589/561 315/546/521
f 338/589/561 339/590/562 315/546/521
f 315/546/521 339/590/562 313/542/517
f 2725/564/539 2718/587/559 2726/328/318
f 313/542/517 339/590/562 314/543/518
f 339/590/562 340/591/563 314/543/518
f 314/543/518 340/591/563 341/592/564
f 2719/593/565 2718/587/559 2725/564/539
f 2722/331/320 2719/593/565 2725/564/539
f 2720/594/566 2719/593/565 2722/331/320
f 2697/595/567 2721/596/568 2696/597/569
f 338/589/561 337/588/560 342/598/570
f 2724/338/326 2695/341/329 2696/597/569
f 337/588/560 336/584/556 342/598/570
f 2721/596/568 2724/338/326 2696/597/569
f 336/584/556 343/599/571 342/598/570
f 342/598/570 343/599/571 340/591/563
f 343/599/571 344/600/572 340/591/563
f 340/591/563 344/600/572 341/592/564
f 344/600/572 345/601/573 341/592/564
f 341/592/564 345/601/573 346/602/574
f 2723/333/321 2724/338/326 2721/596/568
f 346/602/574 345/601/573 285/509/485
f 2722/331/320 2723/333/321 2721/596/568
f 285/509/485 345/601/573 286/511/487
f 2720/594/566 2722/331/320 2721/596/568
f 286/511/487 345/601/573 287/512/488
f 345/601/573 347/603/575 287/512/488
f 287/512/488 347/603/575 348/604/576
f 347/603/575 343/599/571 348/604/576
f 2697/595/567 2720/594/566 2721/596/568
f 343/599/571 336/584/556 348/604/576
f 2719/593/565 2720/594/566 2697/595/567
f 336/584/556 334/580/552 348/604/576
f 2699/605/577 2719/593/565 2697/595/567
f 334/580/552 288/513/489 348/604/576
f 348/604/576 288/513/489 287/512/488
f 2718/587/559 2719/593/565 2699/605/577
f 2700/606/578 2718/587/559 2699/605/577
f 2717/607/579 2716/586/558 2718/587/559
f 2700/606/578 2717/607/579 2718/587/559
f 338/589/561 342/598/570 339/590/562
f 339/590/562 342/598/570 340/591/563
f 2716/586/558 2717/607/579 2700/606/578
f 2702/608/580 2716/586/558 2700/606/578
f 2705/609/581 2716/586/558 2702/608/580
f 2715/585/557 2716/586/558 2705/609/581
f 344/600/572 343/599/571 345/601/573
f 345/601/573 343/599/571 347/603/575
f 2714/582/554 2715/585/557 2705/609/581
f 2706/610/582 2714/582/554 2705/609/581
f 2713/581/553 2714/582/554 2706/610/582
f 2709/611/583 2713/581/553 2706/610/582
f 349/612/584 351/613/100 350/614/585
f 2711/563/538 2713/581/553 2709/611/583
f 351/613/100 352/615/98 350/614/585
f 2710/616/586 2712/561/536 2711/563/538
f 352/615/98 353/617/587 350/614/585
f 2709/611/583 2710/616/586 2711/563/538
f 353/617/587 354/618/588 350/614/585
f 350/614/585 354/618/588 349/612/584
f 354/618/588 355/619/589 349/612/584
f 349/612/584 355/619/589 356/620/590
f 355/619/589 357/621/591 356/620/590
f 356/620/590 357/621/591 358/622/592
f 357/621/591 359/623/593 358/622/592
f 2708/624/594 2710/616/586 2709/611/583
f 2706/610/582 2708/624/594 2709/611/583
f 2707/625/595 2708/624/594 2706/610/582
f 2704/626/596 2707/625/595 2706/610/582
f 349/612/584 356/620/590 360/627/597
f 356/620/590 361/628/598 360/627/597
f 360/627/597 361/628/598 362/629/599
f 2705/609/581 2704/626/596 2706/610/582
f 2702/608/580 2704/626/596 2705/609/581
f 2703/630/600 2704/626/596 2702/608/580
f 2701/631/601 2703/630/600 2702/608/580
f 356/620/590 358/622/592 361/628/598
f 2700/606/578 2701/631/601 2702/608/580
f 2698/632/602 2701/631/601 2700/606/578
f 2699/605/577 2698/632/602 2700/606/578
f 2697/595/567 2698/632/602 2699/605/577
f 357/621/591 355/619/589 363/633/603
f 355/619/589 354/618/588 363/633/603
f 2688/634/601 2698/632/602 2697/595/567
f 354/618/588 364/635/604 363/633/603
f 2686/636/605 2688/634/601 2697/595/567
f 364/635/604 365/637/606 363/633/603
f 363/633/603 365/637/606 357/621/591
f 365/637/606 366/638/607 357/621/591
f 357/621/591 366/638/607 359/623/593
f 366/638/607 367/639/608 359/623/593
f 359/623/593 367/639/608 368/640/609
f 2696/597/569 2686/636/605 2697/595/567
f 368/640/609 367/639/608 369/641/610
f 367/639/608 370/642/611 369/641/610
f 2685/643/612 2686/636/605 2696/597/569
f 370/642/611 371/644/613 369/641/610
f 369/641/610 371/644/613 372/645/614
f 2695/341/329 2685/643/612 2696/597/569
f 372/645/614 371/644/613 373/646/615
f 371/644/613 374/647/616 373/646/615
f 373/646/615 374/647/616 375/648/617
f 2689/649/618 2685/643/612 2695/341/329
f 375/648/617 374/647/616 376/650/619
f 2694/344/332 2689/649/618 2695/341/329
f 376/650/619 374/647/616 377/651/620
f 374/647/616 371/644/613 377/651/620
f 377/651/620 371/644/613 378/652/621
f 2690/653/622 2689/649/618 2694/344/332
f 378/652/621 371/644/613 379/654/623
f 371/644/613 370/642/611 379/654/623
f 2693/346/334 2690/653/622 2694/344/332
f 370/642/611 367/639/608 379/654/623
f 379/654/623 367/639/608 380/655/624
f 367/639/608 365/637/606 380/655/624
f 380/655/624 365/637/606 381/656/625
f 365/637/606 364/635/604 381/656/625
f 381/656/625 364/635/604 382/657/626
f 364/635/604 383/658/627 382/657/626
f 382/657/626 383/658/627 384/659/628
f 383/658/627 385/660/629 384/659/628
f 384/659/628 385/660/629 386/661/630
f 2691/662/631 2690/653/622 2693/346/334
f 386/661/630 385/660/629 387/663/632
f 385/660/629 353/617/587 387/663/632
f 2692/353/341 2691/662/631 2693/346/334
f 353/617/587 352/615/98 387/663/632
f 2670/664/633 2692/353/341 2655/357/345
f 352/615/98 388/665/634 387/663/632
f 2691/662/631 2692/353/341 2670/664/633
f 388/665/634 389/666/94 387/663/632
f 387/663/632 389/666/94 390/667/635
f 389/666/94 391/668/93 390/667/635
f 2676/669/636 2691/662/631 2670/664/633
f 2678/670/637 2691/662/631 2676/669/636
f 2690/653/622 2691/662/631 2678/670/637
f 2680/671/638 2690/653/622 2678/670/637
f 365/637/606 367/639/608 366/638/607
f 2689/649/618 2690/653/622 2680/671/638
f 2683/672/639 2689/649/618 2680/671/638
f 2685/643/612 2689/649/618 2683/672/639
f 2684/673/640 2682/674/641 2687/675/642
f 373/646/615 375/648/617 392/676/643
f 2686/636/605 2687/675/642 2688/634/601
f 2684/673/640 2687/675/642 2686/636/605
f 2685/643/612 2684/673/640 2686/636/605
f 2683/672/639 2684/673/640 2685/643/612
f 364/635/604 354/618/588 383/658/627
f 2682/674/641 2684/673/640 2683/672/639
f 383/658/627 354/618/588 385/660/629
f 354/618/588 353/617/587 385/660/629
f 2680/671/638 2682/674/641 2683/672/639
f 2681/677/644 2682/674/641 2680/671/638
f 2679/678/645 2681/677/644 2680/671/638
f 2678/670/637 2679/678/645 2680/671/638
f 390/667/635 393/679/646 387/663/632
f 2677/680/647 2679/678/645 2678/670/637
f 387/663/632 393/679/646 386/661/630
f 393/679/646 394/681/648 386/661/630
f 386/661/630 394/681/648 384/659/628
f 394/681/648 395/682/649 384/659/628
f 384/659/628 395/682/649 382/657/626
f 2676/669/636 2677/680/647 2678/670/637
f 382/657/626 395/682/649 396/683/650
f 2675/684/651 2677/680/647 2676/669/636
f 396/683/650 395/682/649 397/685/652
f 395/682/649 394/681/648 397/685/652
f 397/685/652 394/681/648 398/686/653
f 2670/664/633 2655/357/345 2654/687/654
f 398/686/653 394/681/648 399/688/655
f 394/681/648 393/679/646 399/688/655
f 2651/689/656 2660/690/657 2653/691/658
f 393/679/646 390/667/635 399/688/655
f 399/688/655 390/667/635 400/692/659
f 390/667/635 391/668/93 400/692/659
f 400/692/659 391/668/93 401/693/660
f 391/668/93 402/694/661 401/693/660
f 2671/695/662 2676/669/636 2670/664/633
f 402/694/661 403/696/663 401/693/660
f 2675/684/651 2676/669/636 2671/695/662
f 403/696/663 404/697/664 401/693/660
f 401/693/660 404/697/664 405/698/665
f 404/697/664 406/699/666 405/698/665
f 2672/700/667 2675/684/651 2671/695/662
f 406/699/666 407/701/668 405/698/665
f 2674/463/443 2675/684/651 2672/700/667
f 407/701/668 398/686/653 405/698/665
f 2673/457/437 2674/463/443 2672/700/667
f 398/686/653 399/688/655 405/698/665
f 2667/451/433 2673/457/437 2672/700/667
f 399/688/655 400/692/659 405/698/665
f 405/698/665 400/692/659 401/693/660
f 2668/702/669 2667/451/433 2672/700/667
f 2671/695/662 2668/702/669 2672/700/667
f 2669/703/670 2668/702/669 2671/695/662
f 2670/664/633 2669/703/670 2671/695/662
f 406/699/666 404/697/664 408/704/671
f 2654/687/654 2669/703/670 2670/664/633
f 404/697/664 403/696/663 408/704/671
f 2668/702/669 2669/703/670 2654/687/654
f 403/696/663 409/705/672 408/704/671
f 2653/691/658 2668/702/669 2654/687/654
f 409/705/672 410/706/106 408/704/671
f 2667/451/433 2668/702/669 2653/691/658
f 410/706/106 411/707/673 408/704/671
f 2660/690/657 2667/451/433 2653/691/658
f 411/707/673 412/708/674 408/704/671
f 408/704/671 412/708/674 413/709/675
f 412/708/674 414/710/676 413/709/675
f 413/709/675 414/710/676 415/711/677
f 414/710/676 416/712/678 415/711/677
f 2666/450/432 2667/451/433 2660/690/657
f 416/712/678 417/713/679 415/711/677
f 2661/714/680 2666/450/432 2660/690/657
f 417/713/679 418/715/681 415/711/677
f 415/711/677 418/715/681 419/716/682
f 418/715/681 420/717/683 419/716/682
f 419/716/682 420/717/683 407/701/668
f 420/717/683 421/718/684 407/701/668
f 407/701/668 421/718/684 398/686/653
f 2665/444/427 2666/450/432 2661/714/680
f 398/686/653 421/718/684 397/685/652
f 421/718/684 422/719/685 397/685/652
f 397/685/652 422/719/685 396/683/650
f 2664/443/426 2665/444/427 2661/714/680
f 2663/407/392 2664/443/426 2661/714/680
f 2662/408/393 2663/407/392 2661/714/680
f 2658/430/413 2662/408/393 2661/714/680
f 408/704/671 413/709/675 406/699/666
f 406/699/666 413/709/675 419/716/682
f 413/709/675 415/711/677 419/716/682
f 2659/720/686 2658/430/413 2661/714/680
f 2660/690/657 2659/720/686 2661/714/680
f 2651/689/656 2659/720/686 2660/690/657
f 2658/430/413 2659/720/686 2651/689/656
f 406/699/666 419/716/682 407/701/668
f 2649/721/687 2658/430/413 2651/689/656
f 2657/374/361 2658/430/413 2649/721/687
f 2650/364/352 2657/374/361 2649/721/687
f 2652/722/688 2656/360/348 2650/364/352
f 422/719/685 421/718/684 423/723/689
f 2655/357/345 2656/360/348 2652/722/688
f 421/718/684 420/717/683 423/723/689
f 423/723/689 420/717/683 424/724/690
f 420/717/683 418/715/681 424/724/690
f 424/724/690 418/715/681 425/725/691
f 2654/687/654 2655/357/345 2652/722/688
f 425/725/691 418/715/681 426/726/692
f 418/715/681 417/713/679 426/726/692
f 2653/691/658 2654/687/654 2652/722/688
f 417/713/679 416/712/678 426/726/692
f 2651/689/656 2653/691/658 2652/722/688
f 416/712/678 427/727/693 426/726/692
f 2650/364/352 2651/689/656 2652/722/688
f 427/727/693 428/728/694 426/726/692
f 426/726/692 428/728/694 429/729/695
f 2649/721/687 2651/689/656 2650/364/352
f 429/729/695 428/728/694 430/730/696
f 428/728/694 431/731/697 430/730/696
f 430/730/696 431/731/697 432/732/698
f 431/731/697 392/676/643 432/732/698
f 432/732/698 392/676/643 433/733/699
f 392/676/643 375/648/617 433/733/699
f 2579/734/700 2646/735/701 2578/736/702
f 375/648/617 376/650/619 433/733/699
f 433/733/699 376/650/619 434/737/703
f 376/650/619 435/738/704 434/737/703
f 2647/739/705 2646/735/701 2579/734/700
f 435/738/704 436/740/706 434/737/703
f 434/737/703 436/740/706 433/733/699
f 2580/741/707 2647/739/705 2579/734/700
f 2581/742/708 2647/739/705 2580/741/707
f 2648/743/709 2647/739/705 2581/742/708
f 2633/744/710 2648/743/709 2581/742/708
f 377/651/620 437/745/711 376/650/619
f 376/650/619 437/745/711 438/746/712
f 437/745/711 435/738/704 438/746/712
f 438/746/712 435/738/704 376/650/619
f 2645/747/713 2643/748/714 2644/749/715
f 2640/750/716 2633/744/710 2634/751/717
f 2648/743/709 2633/744/710 2640/750/716
f 2641/752/718 2648/743/709 2640/750/716
f 377/651/620 378/652/621 437/745/711
f 437/745/711 378/652/621 439/753/719
f 378/652/621 379/654/623 439/753/719
f 439/753/719 379/654/623 440/754/720
f 379/654/623 380/655/624 440/754/720
f 440/754/720 380/655/624 441/755/721
f 380/655/624 381/656/625 441/755/721
f 441/755/721 381/656/625 442/756/722
f 381/656/625 382/657/626 442/756/722
f 2647/739/705 2648/743/709 2641/752/718
f 382/657/626 396/683/650 442/756/722
f 442/756/722 396/683/650 443/757/723
f 396/683/650 422/719/685 443/757/723
f 2642/758/724 2647/739/705 2641/752/718
f 2646/735/701 2647/739/705 2642/758/724
f 2643/748/714 2646/735/701 2642/758/724
f 2645/747/713 2646/735/701 2643/748/714
f 441/755/721 442/756/722 440/754/720
f 442/756/722 444/759/725 440/754/720
f 440/754/720 444/759/725 439/753/719
f 444/759/725 445/760/726 439/753/719
f 439/753/719 445/760/726 437/745/711
f 2578/736/702 2646/735/701 2645/747/713
f 2483/761/727 2578/736/702 2645/747/713
f 2482/762/728 2483/761/727 2645/747/713
f 2644/749/715 2482/762/728 2645/747/713
f 442/756/722 443/757/723 444/759/725
f 444/759/725 443/757/723 446/763/729
f 2480/764/730 2482/762/728 2644/749/715
f 446/763/729 443/757/723 447/765/731
f 2471/766/732 2480/764/730 2644/749/715
f 447/765/731 443/757/723 448/767/733
f 443/757/723 422/719/685 448/767/733
f 2470/768/734 2471/766/732 2644/749/715
f 422/719/685 423/723/689 448/767/733
f 448/767/733 423/723/689 449/769/735
f 423/723/689 450/770/736 449/769/735
f 2469/771/737 2470/768/734 2644/749/715
f 450/770/736 451/772/738 449/769/735
f 449/769/735 451/772/738 448/767/733
f 2643/748/714 2469/771/737 2644/749/715
f 448/767/733 451/772/738 447/765/731
f 451/772/738 452/773/739 447/765/731
f 2468/774/740 2469/771/737 2643/748/714
f 452/773/739 453/775/741 447/765/731
f 447/765/731 453/775/741 446/763/729
f 453/775/741 445/760/726 446/763/729
f 446/763/729 445/760/726 444/759/725
f 2642/758/724 2468/774/740 2643/748/714
f 2467/776/742 2468/774/740 2642/758/724
f 2641/752/718 2467/776/742 2642/758/724
f 2466/777/743 2467/776/742 2641/752/718
f 450/770/736 423/723/689 424/724/690
f 2640/750/716 2466/777/743 2641/752/718
f 2465/778/744 2466/777/743 2640/750/716
f 2634/751/717 2465/778/744 2640/750/716
f 2464/779/745 2465/778/744 2634/751/717
f 453/775/741 454/780/746 445/760/726
f 2635/781/747 2464/779/745 2634/751/717
f 445/760/726 454/780/746 437/745/711
f 2463/782/748 2464/779/745 2635/781/747
f 437/745/711 454/780/746 435/738/704
f 454/780/746 453/775/741 435/738/704
f 435/738/704 453/775/741 455/783/749
f 453/775/741 456/784/750 455/783/749
f 455/783/749 456/784/750 436/740/706
f 456/784/750 457/785/751 436/740/706
f 2636/786/752 2463/782/748 2635/781/747
f 457/785/751 458/787/753 436/740/706
f 2462/788/754 2463/782/748 2636/786/752
f 458/787/753 459/789/755 436/740/706
f 436/740/706 459/789/755 433/733/699
f 459/789/755 460/790/756 433/733/699
f 433/733/699 460/790/756 432/732/698
f 460/790/756 461/791/757 432/732/698
f 432/732/698 461/791/757 430/730/696
f 2637/792/758 2462/788/754 2636/786/752
f 2461/256/248 2462/788/754 2637/792/758
f 2638/793/759 2461/256/248 2637/792/758
f 2639/254/246 2461/256/248 2638/793/759
f 436/740/706 435/738/704 455/783/749
f 2628/794/760 2627/253/245 2639/254/246
f 2638/793/759 2628/794/760 2639/254/246
f 2629/795/761 2628/794/760 2638/793/759
f 2637/792/758 2629/795/761 2638/793/759
f 453/775/741 452/773/739 456/784/750
f 452/773/739 462/796/762 456/784/750
f 456/784/750 462/796/762 457/785/751
f 462/796/762 463/797/763 457/785/751
f 457/785/751 463/797/763 458/787/753
f 2630/798/764 2629/795/761 2637/792/758
f 458/787/753 463/797/763 459/789/755
f 2636/786/752 2630/798/764 2637/792/758
f 459/789/755 463/797/763 460/790/756
f 2631/799/765 2630/798/764 2636/786/752
f 460/790/756 463/797/763 461/791/757
f 463/797/763 464/800/766 461/791/757
f 461/791/757 464/800/766 465/801/767
f 464/800/766 450/770/736 465/801/767
f 2635/781/747 2631/799/765 2636/786/752
f 450/770/736 424/724/690 465/801/767
f 465/801/767 424/724/690 425/725/691
f 2634/751/717 2631/799/765 2635/781/747
f 2632/802/768 2631/799/765 2634/751/717
f 2633/744/710 2632/802/768 2634/751/717
f 2582/803/769 2633/744/710 2581/742/708
f 452/773/739 451/772/738 462/796/762
f 462/796/762 451/772/738 464/800/766
f 451/772/738 450/770/736 464/800/766
f 2632/802/768 2633/744/710 2582/803/769
f 2583/804/770 2632/802/768 2582/803/769
f 2631/799/765 2632/802/768 2583/804/770
f 2584/805/771 2631/799/765 2583/804/770
f 464/800/766 463/797/763 462/796/762
f 2630/798/764 2631/799/765 2584/805/771
f 2585/806/772 2630/798/764 2584/805/771
f 2629/795/761 2630/798/764 2585/806/772
f 2586/807/773 2629/795/761 2585/806/772
f 461/791/757 465/801/767 430/730/696
f 430/730/696 465/801/767 429/729/695
f 2628/794/760 2629/795/761 2586/807/773
f 429/729/695 465/801/767 426/726/692
f 465/801/767 425/725/691 426/726/692
f 2587/808/773 2628/794/760 2586/807/773
f 2627/253/245 2628/794/760 2587/808/773
f 2588/809/774 2627/253/245 2587/808/773
f 2626/245/237 2627/253/245 2588/809/774
f 466/810/775 467/811/776 468/812/777
f 467/811/776 469/813/778 468/812/777
f 2589/814/779 2626/245/237 2588/809/774
f 469/813/778 470/815/780 468/812/777
f 468/812/777 470/815/780 471/816/781
f 2625/242/234 2626/245/237 2589/814/779
f 471/816/781 470/815/780 472/817/782
f 2590/818/783 2625/242/234 2589/814/779
f 472/817/782 470/815/780 473/819/784
f 470/815/780 474/820/785 473/819/784
f 473/819/784 474/820/785 475/821/786
f 2624/240/232 2625/242/234 2590/818/783
f 2591/822/787 2624/240/232 2590/818/783
f 2623/238/230 2624/240/232 2591/822/787
f 2592/823/788 2623/238/230 2591/822/787
f 466/810/775 468/812/777 471/816/781
f 2622/236/228 2623/238/230 2592/823/788
f 2593/824/789 2622/236/228 2592/823/788
f 2621/233/222 2622/236/228 2593/824/789
f 2594/825/790 2621/233/222 2593/824/789
f 470/815/780 476/826/791 474/820/785
f 2620/229/222 2621/233/222 2594/825/790
f 474/820/785 476/826/791 477/827/792
f 2595/828/793 2620/229/222 2594/825/790
f 477/827/792 476/826/791 478/829/72
f 2619/228/221 2620/229/222 2595/828/793
f 478/829/72 476/826/791 479/830/73
f 2596/831/794 2619/228/221 2595/828/793
f 479/830/73 476/826/791 480/832/795
f 2618/212/205 2619/228/221 2596/831/794
f 480/832/795 476/826/791 481/833/796
f 476/826/791 482/834/797 481/833/796
f 481/833/796 482/834/797 483/835/798
f 482/834/797 469/813/778 483/835/798
f 2597/836/799 2618/212/205 2596/831/794
f 469/813/778 484/837/800 483/835/798
f 483/835/798 484/837/800 485/838/801
f 484/837/800 486/839/802 485/838/801
f 485/838/801 486/839/802 487/840/803
f 486/839/802 488/841/804 487/840/803
f 487/840/803 488/841/804 489/842/805
f 2617/209/202 2618/212/205 2597/836/799
f 489/842/805 488/841/804 490/843/806
f 488/841/804 491/844/807 490/843/806
f 490/843/806 491/844/807 492/845/75
f 491/844/807 493/846/808 492/845/75
f 492/845/75 493/846/808 494/847/76
f 2598/848/809 2617/209/202 2597/836/799
f 494/847/76 493/846/808 495/849/810
f 2616/208/201 2617/209/202 2598/848/809
f 495/849/810 493/846/808 496/850/811
f 2599/851/812 2616/208/201 2598/848/809
f 496/850/811 493/846/808 497/852/464
f 2615/201/195 2616/208/201 2599/851/812
f 497/852/464 493/846/808 498/853/813
f 493/846/808 491/844/807 498/853/813
f 2600/854/814 2615/201/195 2599/851/812
f 491/844/807 488/841/804 498/853/813
f 498/853/813 488/841/804 499/855/815
f 2614/184/178 2615/201/195 2600/854/814
f 499/855/815 488/841/804 500/856/816
f 488/841/804 486/839/802 500/856/816
f 2601/857/817 2614/184/178 2600/854/814
f 486/839/802 484/837/800 500/856/816
f 500/856/816 484/837/800 501/858/818
f 484/837/800 469/813/778 501/858/818
f 501/858/818 469/813/778 502/859/484
f 469/813/778 467/811/776 502/859/484
f 502/859/484 467/811/776 503/860/819
f 2613/182/176 2614/184/178 2601/857/817
f 2602/861/820 2613/182/176 2601/857/817
f 2612/186/180 2613/182/176 2602/861/820
f 2603/862/821 2612/186/180 2602/861/820
f 476/826/791 470/815/780 482/834/797
f 482/834/797 470/815/780 469/813/778
f 2611/187/181 2612/186/180 2603/862/821
f 2604/863/822 2611/187/181 2603/862/821
f 2605/864/823 2611/187/181 2604/863/822
f 2610/188/182 2611/187/181 2605/864/823
f 504/865/824 506/866/825 505/867/826
f 2606/868/827 2610/188/182 2605/864/823
f 506/866/825 507/869/828 505/867/826
f 505/867/826 507/869/828 508/870/829
f 2609/871/830 2610/188/182 2606/868/827
f 508/870/829 507/869/828 509/872/831
f 507/869/828 510/873/832 509/872/831
f 509/872/831 510/873/832 511/874/833
f 2444/189/183 2610/188/182 2609/871/830
f 2379/875/834 2444/189/183 2609/871/830
f 2378/876/835 2379/875/834 2609/871/830
f 2608/877/836 2378/876/835 2609/871/830
f 507/869/828 506/866/825 510/873/832
f 510/873/832 506/866/825 512/878/837
f 2606/868/827 2608/877/836 2609/871/830
f 512/878/837 506/866/825 513/879/838
f 506/866/825 504/865/824 513/879/838
f 513/879/838 504/865/824 514/880/839
f 504/865/824 515/881/840 514/880/839
f 514/880/839 515/881/840 516/882/841
f 515/881/840 517/883/842 516/882/841
f 516/882/841 517/883/842 518/884/843
f 517/883/842 519/885/844 518/884/843
f 518/884/843 519/885/844 520/886/845
f 519/885/844 508/870/829 520/886/845
f 2607/887/846 2608/877/836 2606/868/827
f 508/870/829 509/872/831 520/886/845
f 520/886/845 509/872/831 521/888/847
f 509/872/831 511/874/833 521/888/847
f 2550/889/848 2607/887/846 2606/868/827
f 511/874/833 522/890/849 521/888/847
f 521/888/847 522/890/849 523/891/850
f 522/890/849 524/892/851 523/891/850
f 523/891/850 524/892/851 525/893/852
f 524/892/851 526/894/853 525/893/852
f 2605/864/823 2550/889/848 2606/868/827
f 2549/895/854 2550/889/848 2605/864/823
f 2604/863/822 2549/895/854 2605/864/823
f 2551/896/855 2549/895/854 2604/863/822
f 504/865/824 505/867/826 515/881/840
f 2552/897/856 2551/896/855 2604/863/822
f 515/881/840 505/867/826 517/883/842
f 2603/862/821 2552/897/856 2604/863/822
f 517/883/842 505/867/826 519/885/844
f 505/867/826 508/870/829 519/885/844
f 2553/898/857 2552/897/856 2603/862/821
f 2602/861/820 2553/898/857 2603/862/821
f 2554/899/858 2553/898/857 2602/861/820
f 2601/857/817 2554/899/858 2602/861/820
f 512/878/837 527/900/859 510/873/832
f 2555/901/860 2554/899/858 2601/857/817
f 2600/854/814 2555/901/860 2601/857/817
f 2556/902/861 2555/901/860 2600/854/814
f 2599/851/812 2556/902/861 2600/854/814
f 525/893/852 528/903/862 523/891/850
f 523/891/850 528/903/862 529/904/863
f 528/903/862 530/905/864 529/904/863
f 529/904/863 530/905/864 531/906/865
f 530/905/864 532/907/866 531/906/865
f 531/906/865 532/907/866 533/908/867
f 532/907/866 534/909/868 533/908/867
f 533/908/867 534/909/868 535/910/869
f 534/909/868 536/911/870 535/910/869
f 535/910/869 536/911/870 537/912/871
f 536/911/870 538/913/872 537/912/871
f 537/912/871 538/913/872 539/914/873
f 538/913/872 540/915/874 539/914/873
f 2557/916/875 2556/902/861 2599/851/812
f 540/915/874 527/900/859 539/914/873
f 2598/848/809 2557/916/875 2599/851/812
f 527/900/859 512/878/837 539/914/873
f 2558/917/876 2557/916/875 2598/848/809
f 512/878/837 541/918/877 539/914/873
f 539/914/873 541/918/877 537/912/871
f 2597/836/799 2558/917/876 2598/848/809
f 537/912/871 541/918/877 535/910/869
f 541/918/877 542/919/878 535/910/869
f 535/910/869 542/919/878 533/908/867
f 542/919/878 543/920/879 533/908/867
f 533/908/867 543/920/879 531/906/865
f 543/920/879 544/921/880 531/906/865
f 531/906/865 544/921/880 529/904/863
f 544/921/880 545/922/881 529/904/863
f 529/904/863 545/922/881 523/891/850
f 2559/923/882 2558/917/876 2597/836/799
f 523/891/850 545/922/881 521/888/847
f 2596/831/794 2559/923/882 2597/836/799
f 521/888/847 545/922/881 520/886/845
f 2560/924/883 2559/923/882 2596/831/794
f 520/886/845 545/922/881 518/884/843
f 545/922/881 544/921/880 518/884/843
f 518/884/843 544/921/880 516/882/841
f 544/921/880 543/920/879 516/882/841
f 516/882/841 543/920/879 514/880/839
f 543/920/879 542/919/878 514/880/839
f 514/880/839 542/919/878 513/879/838
f 542/919/878 541/918/877 513/879/838
f 513/879/838 541/918/877 512/878/837
f 2595/828/793 2560/924/883 2596/831/794
f 2561/925/884 2560/924/883 2595/828/793
f 2594/825/790 2561/925/884 2595/828/793
f 2562/926/885 2561/925/884 2594/825/790
f 536/911/870 546/927/886 538/913/872
f 538/913/872 546/927/886 547/928/887
f 546/927/886 548/929/888 547/928/887
f 2593/824/789 2562/926/885 2594/825/790
f 2563/930/889 2562/926/885 2593/824/789
f 2592/823/788 2563/930/889 2593/824/789
f 2564/931/890 2563/930/889 2592/823/788
f 538/913/872 547/928/887 540/915/874
f 2591/822/787 2564/931/890 2592/823/788
f 2565/932/891 2564/931/890 2591/822/787
f 2590/818/783 2565/932/891 2591/822/787
f 2566/933/892 2565/932/891 2590/818/783
f 549/934/893 551/935/894 550/936/895
f 550/936/895 551/935/894 552/937/896
f 551/935/894 553/938/897 552/937/896
f 552/937/896 553/938/897 554/939/898
f 2589/814/779 2566/933/892 2590/818/783
f 554/939/898 553/938/897 555/940/899
f 2567/941/900 2566/933/892 2589/814/779
f 555/940/899 553/938/897 556/942/901
f 553/938/897 551/935/894 556/942/901
f 2588/809/774 2567/941/900 2589/814/779
f 551/935/894 549/934/893 556/942/901
f 556/942/901 549/934/893 557/943/902
f 2568/944/903 2567/941/900 2588/809/774
f 557/943/902 549/934/893 558/945/904
f 549/934/893 550/936/895 558/945/904
f 558/945/904 550/936/895 559/946/905
f 550/936/895 552/937/896 559/946/905
f 559/946/905 552/937/896 560/947/906
f 552/937/896 554/939/898 560/947/906
f 2587/808/773 2568/944/903 2588/809/774
f 2569/948/907 2568/944/903 2587/808/773
f 2586/807/773 2569/948/907 2587/808/773
f 2585/806/772 2569/948/907 2586/807/773
f 557/943/902 561/949/908 556/942/901
f 2570/950/909 2569/948/907 2585/806/772
f 556/942/901 561/949/908 555/940/899
f 561/949/908 562/951/910 555/940/899
f 555/940/899 562/951/910 563/952/911
f 2584/805/771 2570/950/909 2585/806/772
f 563/952/911 562/951/910 564/953/912
f 562/951/910 565/954/913 564/953/912
f 2571/955/914 2570/950/909 2584/805/771
f 565/954/913 566/956/915 564/953/912
f 564/953/912 566/956/915 567/957/916
f 566/956/915 568/958/917 567/957/916
f 567/957/916 568/958/917 569/959/918
f 568/958/917 570/960/919 569/959/918
f 569/959/918 570/960/919 571/961/920
f 570/960/919 572/962/921 571/961/920
f 571/961/920 572/962/921 573/963/922
f 572/962/921 574/964/923 573/963/922
f 573/963/922 574/964/923 575/965/924
f 574/964/923 576/966/925 575/965/924
f 575/965/924 576/966/925 577/967/926
f 2583/804/770 2571/955/914 2584/805/771
f 577/967/926 576/966/925 578/968/927
f 576/966/925 579/969/928 578/968/927
f 578/968/927 579/969/928 580/970/929
f 579/969/928 581/971/930 580/970/929
f 2572/972/931 2571/955/914 2583/804/770
f 581/971/930 582/973/932 580/970/929
f 580/970/929 582/973/932 583/974/933
f 582/973/932 584/975/934 583/974/933
f 583/974/933 584/975/934 585/976/935
f 584/975/934 586/977/936 585/976/935
f 585/976/935 586/977/936 587/978/937
f 2582/803/769 2572/972/931 2583/804/770
f 587/978/937 586/977/936 588/979/938
f 586/977/936 589/980/939 588/979/938
f 2573/981/940 2572/972/931 2582/803/769
f 589/980/939 590/982/941 588/979/938
f 588/979/938 590/982/941 591/983/942
f 2581/742/708 2573/981/940 2582/803/769
f 591/983/942 590/982/941 592/984/943
f 590/982/941 593/985/944 592/984/943
f 592/984/943 593/985/944 594/986/945
f 593/985/944 595/987/946 594/986/945
f 594/986/945 595/987/946 596/988/947
f 595/987/946 597/989/948 596/988/947
f 596/988/947 597/989/948 598/990/949
f 597/989/948 599/991/950 598/990/949
f 598/990/949 599/991/950 600/992/951
f 599/991/950 601/993/952 600/992/951
f 600/992/951 601/993/952 602/994/953
f 601/993/952 603/995/954 602/994/953
f 2574/996/955 2573/981/940 2581/742/708
f 603/995/954 604/997/956 602/994/953
f 602/994/953 604/997/956 605/998/957
f 2575/999/958 2574/996/955 2581/742/708
f 605/998/957 604/997/956 606/1000/959
f 604/997/956 607/1001/960 606/1000/959
f 606/1000/959 607/1001/960 608/1002/784
f 607/1001/960 609/1003/961 608/1002/784
f 2580/741/707 2575/999/958 2581/742/708
f 2576/1004/962 2575/999/958 2580/741/707
f 2579/734/700 2576/1004/962 2580/741/707
f 2577/1005/963 2576/1004/962 2579/734/700
f 565/954/913 562/951/910 610/1006/964
f 562/951/910 561/949/908 610/1006/964
f 610/1006/964 561/949/908 557/943/902
f 2578/736/702 2577/1005/963 2579/734/700
f 2551/896/855 2547/1007/965 2549/895/854
f 2484/1008/966 2578/736/702 2483/761/727
f 2577/1005/963 2578/736/702 2484/1008/966
f 563/952/911 554/939/898 555/940/899
f 2485/1009/967 2577/1005/963 2484/1008/966
f 2488/1010/968 2577/1005/963 2485/1009/967
f 2576/1004/962 2577/1005/963 2488/1010/968
f 2490/1011/969 2576/1004/962 2488/1010/968
f 608/1002/784 611/1012/970 606/1000/959
f 611/1012/970 605/998/957 606/1000/959
f 2492/1013/971 2576/1004/962 2490/1011/969
f 2575/999/958 2576/1004/962 2492/1013/971
f 2574/996/955 2575/999/958 2492/1013/971
f 2494/1014/972 2574/996/955 2492/1013/971
f 608/1002/784 612/1015/973 611/1012/970
f 612/1015/973 613/1016/974 611/1012/970
f 611/1012/970 613/1016/974 614/1017/975
f 613/1016/974 615/1018/976 614/1017/975
f 614/1017/975 615/1018/976 616/1019/977
f 615/1018/976 617/1020/978 616/1019/977
f 616/1019/977 617/1020/978 618/1021/979
f 2573/981/940 2574/996/955 2494/1014/972
f 618/1021/979 617/1020/978 619/1022/980
f 617/1020/978 620/1023/981 619/1022/980
f 2496/1024/982 2573/981/940 2494/1014/972
f 620/1023/981 621/1025/781 619/1022/980
f 619/1022/980 621/1025/781 622/1026/983
f 621/1025/781 623/1027/961 622/1026/983
f 2572/972/931 2573/981/940 2496/1024/982
f 623/1027/961 624/1028/984 622/1026/983
f 622/1026/983 624/1028/984 625/1029/985
f 624/1028/984 626/1030/986 625/1029/985
f 625/1029/985 626/1030/986 627/1031/987
f 626/1030/986 628/1032/988 627/1031/987
f 627/1031/987 628/1032/988 629/1033/989
f 628/1032/988 630/1034/990 629/1033/989
f 629/1033/989 630/1034/990 631/1035/991
f 630/1034/990 632/1036/992 631/1035/991
f 631/1035/991 632/1036/992 633/1037/993
f 632/1036/992 634/1038/994 633/1037/993
f 633/1037/993 634/1038/994 635/1039/995
f 634/1038/994 636/1040/946 635/1039/995
f 2498/1041/996 2572/972/931 2496/1024/982
f 636/1040/946 637/1042/997 635/1039/995
f 635/1039/995 637/1042/997 638/1043/998
f 637/1042/997 639/1044/999 638/1043/998
f 638/1043/998 639/1044/999 640/1045/1000
f 2571/955/914 2572/972/931 2498/1041/996
f 640/1045/1000 639/1044/999 641/1046/1001
f 639/1044/999 642/1047/1002 641/1046/1001
f 2500/1048/1003 2571/955/914 2498/1041/996
f 642/1047/1002 643/1049/1004 641/1046/1001
f 641/1046/1001 643/1049/1004 644/1050/1005
f 2570/950/909 2571/955/914 2500/1048/1003
f 644/1050/1005 643/1049/1004 645/1051/1006
f 643/1049/1004 646/1052/1007 645/1051/1006
f 645/1051/1006 646/1052/1007 647/1053/1008
f 646/1052/1007 648/1054/932 647/1053/1008
f 647/1053/1008 648/1054/932 649/1055/1009
f 648/1054/932 650/1056/1010 649/1055/1009
f 649/1055/1009 650/1056/1010 651/1057/1011
f 650/1056/1010 652/1058/1012 651/1057/1011
f 651/1057/1011 652/1058/1012 653/1059/1013
f 652/1058/1012 654/1060/925 653/1059/1013
f 2502/1061/1014 2570/950/909 2500/1048/1003
f 2569/948/907 2570/950/909 2502/1061/1014
f 2504/1062/1015 2569/948/907 2502/1061/1014
f 2506/1063/1016 2569/948/907 2504/1062/1015
f 619/1022/980 622/1026/983 625/1029/985
f 2568/944/903 2569/948/907 2506/1063/1016
f 2508/1064/1017 2568/944/903 2506/1063/1016
f 2567/941/900 2568/944/903 2508/1064/1017
f 2510/1065/1018 2567/941/900 2508/1064/1017
f 653/1059/1013 655/1066/1019 651/1057/1011
f 651/1057/1011 655/1066/1019 649/1055/1009
f 655/1066/1019 656/1067/852 649/1055/1009
f 649/1055/1009 656/1067/852 657/1068/1020
f 656/1067/852 658/1069/888 657/1068/1020
f 2566/933/892 2567/941/900 2510/1065/1018
f 2512/1070/1021 2566/933/892 2510/1065/1018
f 2565/932/891 2566/933/892 2512/1070/1021
f 2514/1071/1022 2565/932/891 2512/1070/1021
f 655/1066/1019 653/1059/1013 659/1072/1023
f 2564/931/890 2565/932/891 2514/1071/1022
f 2563/930/889 2564/931/890 2514/1071/1022
f 2517/1073/1024 2563/930/889 2514/1071/1022
f 2562/926/885 2563/930/889 2517/1073/1024
f 649/1055/1009 657/1068/1020 647/1053/1008
f 2519/1074/1025 2562/926/885 2517/1073/1024
f 657/1068/1020 660/1075/1026 647/1053/1008
f 647/1053/1008 660/1075/1026 645/1051/1006
f 2561/925/884 2562/926/885 2519/1074/1025
f 645/1051/1006 660/1075/1026 644/1050/1005
f 660/1075/1026 661/1076/1027 644/1050/1005
f 644/1050/1005 661/1076/1027 641/1046/1001
f 661/1076/1027 662/1077/1028 641/1046/1001
f 641/1046/1001 662/1077/1028 640/1045/1000
f 662/1077/1028 663/1078/1029 640/1045/1000
f 640/1045/1000 663/1078/1029 638/1043/998
f 663/1078/1029 664/1079/1030 638/1043/998
f 638/1043/998 664/1079/1030 635/1039/995
f 664/1079/1030 665/1080/1031 635/1039/995
f 635/1039/995 665/1080/1031 633/1037/993
f 665/1080/1031 666/1081/1032 633/1037/993
f 633/1037/993 666/1081/1032 631/1035/991
f 666/1081/1032 667/1082/1033 631/1035/991
f 631/1035/991 667/1082/1033 629/1033/989
f 667/1082/1033 668/1083/1034 629/1033/989
f 629/1033/989 668/1083/1034 627/1031/987
f 668/1083/1034 669/1084/1035 627/1031/987
f 627/1031/987 669/1084/1035 625/1029/985
f 669/1084/1035 670/1085/1036 625/1029/985
f 625/1029/985 670/1085/1036 619/1022/980
f 670/1085/1036 671/1086/1037 619/1022/980
f 619/1022/980 671/1086/1037 618/1021/979
f 2521/1087/1038 2561/925/884 2519/1074/1025
f 2560/924/883 2561/925/884 2521/1087/1038
f 2523/1088/1039 2560/924/883 2521/1087/1038
f 2559/923/882 2560/924/883 2523/1088/1039
f 671/1086/1037 670/1085/1036 672/1089/1040
f 2525/1090/1041 2559/923/882 2523/1088/1039
f 670/1085/1036 669/1084/1035 672/1089/1040
f 2558/917/876 2559/923/882 2525/1090/1041
f 669/1084/1035 668/1083/1034 672/1089/1040
f 672/1089/1040 668/1083/1034 673/1091/1042
f 2526/1092/1043 2558/917/876 2525/1090/1041
f 673/1091/1042 668/1083/1034 674/1093/1044
f 668/1083/1034 667/1082/1033 674/1093/1044
f 674/1093/1044 667/1082/1033 675/1094/1045
f 667/1082/1033 666/1081/1032 675/1094/1045
f 675/1094/1045 666/1081/1032 676/1095/1046
f 666/1081/1032 665/1080/1031 676/1095/1046
f 676/1095/1046 665/1080/1031 677/1096/1047
f 665/1080/1031 664/1079/1030 677/1096/1047
f 2557/916/875 2558/917/876 2526/1092/1043
f 664/1079/1030 663/1078/1029 677/1096/1047
f 677/1096/1047 663/1078/1029 678/1097/1048
f 663/1078/1029 662/1077/1028 678/1097/1048
f 678/1097/1048 662/1077/1028 679/1098/1049
f 2528/1099/1050 2557/916/875 2526/1092/1043
f 679/1098/1049 662/1077/1028 680/1100/1051
f 662/1077/1028 661/1076/1027 680/1100/1051
f 2556/902/861 2557/916/875 2528/1099/1050
f 661/1076/1027 660/1075/1026 680/1100/1051
f 680/1100/1051 660/1075/1026 681/1101/1052
f 660/1075/1026 682/1102/1053 681/1101/1052
f 681/1101/1052 682/1102/1053 683/1103/1054
f 2530/1104/1055 2556/902/861 2528/1099/1050
f 683/1103/1054 682/1102/1053 684/1105/1056
f 682/1102/1053 658/1069/888 684/1105/1056
f 684/1105/1056 658/1069/888 685/1106/1057
f 2555/901/860 2556/902/861 2530/1104/1055
f 2532/1107/1058 2555/901/860 2530/1104/1055
f 2554/899/858 2555/901/860 2532/1107/1058
f 2534/1108/1059 2554/899/858 2532/1107/1058
f 660/1075/1026 657/1068/1020 682/1102/1053
f 682/1102/1053 657/1068/1020 658/1069/888
f 2553/898/857 2554/899/858 2534/1108/1059
f 2536/1109/1060 2553/898/857 2534/1108/1059
f 2552/897/856 2553/898/857 2536/1109/1060
f 2538/1110/1061 2552/897/856 2536/1109/1060
f 681/1101/1052 683/1103/1054 680/1100/1051
f 2551/896/855 2552/897/856 2538/1110/1061
f 683/1103/1054 686/1111/1062 680/1100/1051
f 680/1100/1051 686/1111/1062 679/1098/1049
f 686/1111/1062 687/1112/1063 679/1098/1049
f 679/1098/1049 687/1112/1063 678/1097/1048
f 687/1112/1063 688/1113/1064 678/1097/1048
f 678/1097/1048 688/1113/1064 677/1096/1047
f 688/1113/1064 689/1114/1065 677/1096/1047
f 2540/1115/1066 2551/896/855 2538/1110/1061
f 689/1114/1065 690/1116/1067 677/1096/1047
f 677/1096/1047 690/1116/1067 676/1095/1046
f 2547/1007/965 2551/896/855 2540/1115/1066
f 676/1095/1046 690/1116/1067 675/1094/1045
f 690/1116/1067 691/1117/1068 675/1094/1045
f 675/1094/1045 691/1117/1068 674/1093/1044
f 691/1117/1068 692/1118/1069 674/1093/1044
f 674/1093/1044 692/1118/1069 673/1091/1042
f 692/1118/1069 693/1119/1070 673/1091/1042
f 673/1091/1042 693/1119/1070 672/1089/1040
f 2542/1120/1071 2547/1007/965 2540/1115/1066
f 2548/1121/1072 2550/889/848 2549/895/854
f 2547/1007/965 2548/1121/1072 2549/895/854
f 2546/1122/1073 2548/1121/1072 2547/1007/965
f 693/1119/1070 692/1118/1069 694/1123/1074
f 2542/1120/1071 2546/1122/1073 2547/1007/965
f 692/1118/1069 691/1117/1068 694/1123/1074
f 694/1123/1074 691/1117/1068 695/1124/1075
f 691/1117/1068 690/1116/1067 695/1124/1075
f 695/1124/1075 690/1116/1067 696/1125/1076
f 2544/1126/1077 2546/1122/1073 2542/1120/1071
f 696/1125/1076 690/1116/1067 697/1127/1078
f 690/1116/1067 689/1114/1065 697/1127/1078
f 697/1127/1078 689/1114/1065 698/1128/1079
f 689/1114/1065 688/1113/1064 698/1128/1079
f 698/1128/1079 688/1113/1064 699/1129/1080
f 688/1113/1064 687/1112/1063 699/1129/1080
f 699/1129/1080 687/1112/1063 700/1130/1081
f 687/1112/1063 686/1111/1062 700/1130/1081
f 2291/1131/1082 2486/1132/1083 2290/1133/1084
f 686/1111/1062 683/1103/1054 700/1130/1081
f 700/1130/1081 683/1103/1054 701/1134/1085
f 2543/1135/1086 2545/1136/1087 2544/1126/1077
f 701/1134/1085 683/1103/1054 702/1137/1088
f 683/1103/1054 684/1105/1056 702/1137/1088
f 702/1137/1088 684/1105/1056 703/1138/1089
f 684/1105/1056 685/1106/1057 703/1138/1089
f 703/1138/1089 685/1106/1057 704/1139/1090
f 685/1106/1057 705/1140/870 704/1139/1090
f 704/1139/1090 705/1140/870 706/1141/1091
f 705/1140/870 707/1142/1092 706/1141/1091
f 2542/1120/1071 2543/1135/1086 2544/1126/1077
f 2541/1143/1093 2543/1135/1086 2542/1120/1071
f 2540/1115/1066 2541/1143/1093 2542/1120/1071
f 2539/1144/1094 2541/1143/1093 2540/1115/1066
f 701/1134/1085 702/1137/1088 708/1145/1095
f 2538/1110/1061 2539/1144/1094 2540/1115/1066
f 708/1145/1095 702/1137/1088 709/1146/1096
f 702/1137/1088 703/1138/1089 709/1146/1096
f 709/1146/1096 703/1138/1089 710/1147/1097
f 703/1138/1089 704/1139/1090 710/1147/1097
f 710/1147/1097 704/1139/1090 711/1148/1098
f 704/1139/1090 706/1141/1091 711/1148/1098
f 2537/1149/1099 2539/1144/1094 2538/1110/1061
f 2536/1109/1060 2537/1149/1099 2538/1110/1061
f 2535/1150/1100 2537/1149/1099 2536/1109/1060
f 2534/1108/1059 2535/1150/1100 2536/1109/1060
f 701/1134/1085 708/1145/1095 700/1130/1081
f 708/1145/1095 712/1151/1101 700/1130/1081
f 2533/1152/1102 2535/1150/1100 2534/1108/1059
f 712/1151/1101 713/1153/1103 700/1130/1081
f 700/1130/1081 713/1153/1103 699/1129/1080
f 2532/1107/1058 2533/1152/1102 2534/1108/1059
f 699/1129/1080 713/1153/1103 698/1128/1079
f 713/1153/1103 714/1154/1104 698/1128/1079
f 2531/1155/1105 2533/1152/1102 2532/1107/1058
f 714/1154/1104 715/1156/1106 698/1128/1079
f 698/1128/1079 715/1156/1106 697/1127/1078
f 2530/1104/1055 2531/1155/1105 2532/1107/1058
f 697/1127/1078 715/1156/1106 696/1125/1076
f 715/1156/1106 716/1157/1107 696/1125/1076
f 696/1125/1076 716/1157/1107 695/1124/1075
f 716/1157/1107 717/1158/1108 695/1124/1075
f 695/1124/1075 717/1158/1108 694/1123/1074
f 2529/1159/1109 2531/1155/1105 2530/1104/1055
f 2528/1099/1050 2529/1159/1109 2530/1104/1055
f 2527/1160/1110 2529/1159/1109 2528/1099/1050
f 2526/1092/1043 2527/1160/1110 2528/1099/1050
f 717/1158/1108 716/1157/1107 594/986/945
f 594/986/945 716/1157/1107 592/984/943
f 716/1157/1107 715/1156/1106 592/984/943
f 592/984/943 715/1156/1106 591/983/942
f 715/1156/1106 714/1154/1104 591/983/942
f 591/983/942 714/1154/1104 588/979/938
f 714/1154/1104 713/1153/1103 588/979/938
f 588/979/938 713/1153/1103 587/978/937
f 713/1153/1103 712/1151/1101 587/978/937
f 587/978/937 712/1151/1101 585/976/935
f 712/1151/1101 708/1145/1095 585/976/935
f 585/976/935 708/1145/1095 583/974/933
f 708/1145/1095 709/1146/1096 583/974/933
f 583/974/933 709/1146/1096 580/970/929
f 709/1146/1096 710/1147/1097 580/970/929
f 580/970/929 710/1147/1097 578/968/927
f 710/1147/1097 711/1148/1098 578/968/927
f 578/968/927 711/1148/1098 577/967/926
f 711/1148/1098 718/1161/1111 577/967/926
f 577/967/926 718/1161/1111 575/965/924
f 718/1161/1111 719/1162/1112 575/965/924
f 575/965/924 719/1162/1112 573/963/922
f 719/1162/1112 720/1163/1113 573/963/922
f 573/963/922 720/1163/1113 571/961/920
f 720/1163/1113 721/1164/1114 571/961/920
f 571/961/920 721/1164/1114 569/959/918
f 721/1164/1114 722/1165/1115 569/959/918
f 569/959/918 722/1165/1115 567/957/916
f 722/1165/1115 723/1166/1116 567/957/916
f 567/957/916 723/1166/1116 564/953/912
f 2524/1167/1117 2527/1160/1110 2526/1092/1043
f 564/953/912 723/1166/1116 563/952/911
f 723/1166/1116 724/1168/1118 563/952/911
f 563/952/911 724/1168/1118 554/939/898
f 2525/1090/1041 2524/1167/1117 2526/1092/1043
f 554/939/898 724/1168/1118 560/947/906
f 2523/1088/1039 2524/1167/1117 2525/1090/1041
f 560/947/906 724/1168/1118 725/1169/1119
f 2522/1170/1120 2524/1167/1117 2523/1088/1039
f 725/1169/1119 724/1168/1118 726/1171/1121
f 724/1168/1118 723/1166/1116 726/1171/1121
f 2521/1087/1038 2522/1170/1120 2523/1088/1039
f 723/1166/1116 722/1165/1115 726/1171/1121
f 726/1171/1121 722/1165/1115 727/1172/1122
f 722/1165/1115 721/1164/1114 727/1172/1122
f 727/1172/1122 721/1164/1114 728/1173/1123
f 721/1164/1114 720/1163/1113 728/1173/1123
f 728/1173/1123 720/1163/1113 729/1174/1124
f 720/1163/1113 719/1162/1112 729/1174/1124
f 729/1174/1124 719/1162/1112 730/1175/1125
f 719/1162/1112 718/1161/1111 730/1175/1125
f 730/1175/1125 718/1161/1111 706/1141/1091
f 718/1161/1111 711/1148/1098 706/1141/1091
f 2520/1176/1126 2522/1170/1120 2521/1087/1038
f 2519/1074/1025 2520/1176/1126 2521/1087/1038
f 2518/1177/1127 2520/1176/1126 2519/1074/1025
f 2517/1073/1024 2518/1177/1127 2519/1074/1025
f 706/1141/1091 707/1142/1092 730/1175/1125
f 707/1142/1092 731/1178/1128 730/1175/1125
f 730/1175/1125 731/1178/1128 729/1174/1124
f 731/1178/1128 732/1179/1129 729/1174/1124
f 729/1174/1124 732/1179/1129 728/1173/1123
f 732/1179/1129 733/1180/1130 728/1173/1123
f 728/1173/1123 733/1180/1130 727/1172/1122
f 733/1180/1130 734/1181/1131 727/1172/1122
f 727/1172/1122 734/1181/1131 726/1171/1121
f 2516/1182/1132 2518/1177/1127 2517/1073/1024
f 726/1171/1121 734/1181/1131 725/1169/1119
f 2514/1071/1022 2516/1182/1132 2517/1073/1024
f 725/1169/1119 734/1181/1131 735/1183/1133
f 2515/1184/1134 2516/1182/1132 2514/1071/1022
f 735/1183/1133 734/1181/1131 736/1185/1135
f 734/1181/1131 733/1180/1130 736/1185/1135
f 736/1185/1135 733/1180/1130 737/1186/1136
f 733/1180/1130 732/1179/1129 737/1186/1136
f 737/1186/1136 732/1179/1129 738/1187/1137
f 732/1179/1129 731/1178/1128 738/1187/1137
f 738/1187/1137 731/1178/1128 739/1188/1138
f 731/1178/1128 707/1142/1092 739/1188/1138
f 2513/1189/1139 2515/1184/1134 2514/1071/1022
f 707/1142/1092 740/1190/1140 739/1188/1138
f 2512/1070/1021 2513/1189/1139 2514/1071/1022
f 740/1190/1140 659/1072/1023 739/1188/1138
f 739/1188/1138 659/1072/1023 741/1191/1141
f 659/1072/1023 742/1192/1142 741/1191/1141
f 741/1191/1141 742/1192/1142 743/1193/1143
f 742/1192/1142 744/1194/923 743/1193/1143
f 743/1193/1143 744/1194/923 745/1195/921
f 2511/1196/1144 2513/1189/1139 2512/1070/1021
f 2510/1065/1018 2511/1196/1144 2512/1070/1021
f 2509/1197/30 2511/1196/1144 2510/1065/1018
f 2508/1064/1017 2509/1197/30 2510/1065/1018
f 659/1072/1023 653/1059/1013 742/1192/1142
f 2507/1198/1145 2509/1197/30 2508/1064/1017
f 653/1059/1013 654/1060/925 742/1192/1142
f 742/1192/1142 654/1060/925 744/1194/923
f 2506/1063/1016 2507/1198/1145 2508/1064/1017
f 2505/1199/1146 2507/1198/1145 2506/1063/1016
f 2504/1062/1015 2505/1199/1146 2506/1063/1016
f 2503/1200/1147 2505/1199/1146 2504/1062/1015
f 743/1193/1143 746/1201/1148 741/1191/1141
f 741/1191/1141 746/1201/1148 739/1188/1138
f 2502/1061/1014 2503/1200/1147 2504/1062/1015
f 739/1188/1138 746/1201/1148 738/1187/1137
f 746/1201/1148 747/1202/1149 738/1187/1137
f 738/1187/1137 747/1202/1149 737/1186/1136
f 2501/1203/1150 2503/1200/1147 2502/1061/1014
f 2500/1048/1003 2501/1203/1150 2502/1061/1014
f 2499/1204/1151 2501/1203/1150 2500/1048/1003
f 2498/1041/996 2499/1204/1151 2500/1048/1003
f 747/1202/1149 746/1201/1148 748/1205/1152
f 2497/1206/1153 2499/1204/1151 2498/1041/996
f 746/1201/1148 743/1193/1143 748/1205/1152
f 2496/1024/982 2497/1206/1153 2498/1041/996
f 743/1193/1143 745/1195/921 748/1205/1152
f 2495/1207/1154 2497/1206/1153 2496/1024/982
f 745/1195/921 749/1208/1155 748/1205/1152
f 748/1205/1152 749/1208/1155 750/1209/1156
f 749/1208/1155 751/1210/1157 750/1209/1156
f 2494/1014/972 2495/1207/1154 2496/1024/982
f 2493/1211/1158 2495/1207/1154 2494/1014/972
f 2492/1013/971 2493/1211/1158 2494/1014/972
f 2491/1212/1159 2493/1211/1158 2492/1013/971
f 748/1205/1152 750/1209/1156 747/1202/1149
f 750/1209/1156 752/1213/1160 747/1202/1149
f 747/1202/1149 752/1213/1160 737/1186/1136
f 2490/1011/969 2491/1212/1159 2492/1013/971
f 737/1186/1136 752/1213/1160 736/1185/1135
f 752/1213/1160 753/1214/1161 736/1185/1135
f 736/1185/1135 753/1214/1161 735/1183/1133
f 2489/1215/1162 2491/1212/1159 2490/1011/969
f 2488/1010/968 2489/1215/1162 2490/1011/969
f 2487/1216/1163 2489/1215/1162 2488/1010/968
f 2485/1009/967 2487/1216/1163 2488/1010/968
f 753/1214/1161 752/1213/1160 754/1217/1164
f 2486/1132/1083 2487/1216/1163 2485/1009/967
f 752/1213/1160 750/1209/1156 754/1217/1164
f 2290/1133/1084 2486/1132/1083 2485/1009/967
f 750/1209/1156 751/1210/1157 754/1217/1164
f 2484/1008/966 2290/1133/1084 2485/1009/967
f 751/1210/1157 755/1218/1165 754/1217/1164
f 754/1217/1164 755/1218/1165 756/1219/1166
f 755/1218/1165 757/1220/1167 756/1219/1166
f 2288/1221/1168 2290/1133/1084 2484/1008/966
f 2483/761/727 2288/1221/1168 2484/1008/966
f 2286/1222/1169 2288/1221/1168 2483/761/727
f 2482/762/728 2286/1222/1169 2483/761/727
f 754/1217/1164 756/1219/1166 753/1214/1161
f 756/1219/1166 758/1223/1170 753/1214/1161
f 753/1214/1161 758/1223/1170 735/1183/1133
f 758/1223/1170 759/1224/1171 735/1183/1133
f 735/1183/1133 759/1224/1171 725/1169/1119
f 2285/1225/1172 2286/1222/1169 2482/762/728
f 725/1169/1119 759/1224/1171 560/947/906
f 2480/764/730 2285/1225/1172 2482/762/728
f 560/947/906 759/1224/1171 559/946/905
f 759/1224/1171 760/1226/1173 559/946/905
f 559/946/905 760/1226/1173 558/945/904
f 760/1226/1173 761/1227/1174 558/945/904
f 558/945/904 761/1227/1174 557/943/902
f 2481/1228/1175 2474/1229/1176 2475/1230/1177
f 557/943/902 761/1227/1174 762/1231/1178
f 761/1227/1174 763/1232/1179 762/1231/1178
f 762/1231/1178 763/1232/1179 757/1220/1167
f 2476/1233/1180 2481/1228/1175 2475/1230/1177
f 757/1220/1167 763/1232/1179 756/1219/1166
f 2477/1234/1181 2481/1228/1175 2476/1233/1180
f 756/1219/1166 763/1232/1179 758/1223/1170
f 763/1232/1179 760/1226/1173 758/1223/1170
f 758/1223/1170 760/1226/1173 759/1224/1171
f 2478/1235/1182 2481/1228/1175 2477/1234/1181
f 2474/1229/1176 2481/1228/1175 2478/1235/1182
f 2473/1236/1183 2474/1229/1176 2478/1235/1182
f 2479/1237/1184 2284/1238/1185 2285/1225/1172
f 760/1226/1173 763/1232/1179 761/1227/1174
f 2480/764/730 2479/1237/1184 2285/1225/1172
f 2471/766/732 2479/1237/1184 2480/764/730
f 2472/1239/1186 2479/1237/1184 2471/766/732
f 2473/1236/1183 2479/1237/1184 2472/1239/1186
f 764/1240/1187 765/1241/1188 766/1242/80
f 765/1241/1188 767/1243/1189 766/1242/80
f 766/1242/80 767/1243/1189 768/1244/1190
f 767/1243/1189 769/1245/1191 768/1244/1190
f 2478/1235/1182 2479/1237/1184 2473/1236/1183
f 769/1245/1191 770/1246/1192 768/1244/1190
f 768/1244/1190 770/1246/1192 771/1247/785
f 2284/1238/1185 2479/1237/1184 2478/1235/1182
f 771/1247/785 770/1246/1192 772/1248/1193
f 2477/1234/1181 2284/1238/1185 2478/1235/1182
f 772/1248/1193 770/1246/1192 773/1249/974
f 770/1246/1192 774/1250/1194 773/1249/974
f 773/1249/974 774/1250/1194 775/1251/1195
f 2282/1252/1196 2284/1238/1185 2477/1234/1181
f 2300/1253/1197 2282/1252/1196 2477/1234/1181
f 2302/1254/1198 2300/1253/1197 2477/1234/1181
f 2476/1233/1180 2302/1254/1198 2477/1234/1181
f 765/1241/1188 776/1255/1199 767/1243/1189
f 767/1243/1189 776/1255/1199 769/1245/1191
f 776/1255/1199 777/1256/1200 769/1245/1191
f 769/1245/1191 777/1256/1200 770/1246/1192
f 2303/1257/1201 2302/1254/1198 2476/1233/1180
f 770/1246/1192 777/1256/1200 774/1250/1194
f 777/1256/1200 778/1258/1202 774/1250/1194
f 2475/1230/1177 2303/1257/1201 2476/1233/1180
f 778/1258/1202 779/1259/1203 774/1250/1194
f 774/1250/1194 779/1259/1203 775/1251/1195
f 2304/1260/1204 2303/1257/1201 2475/1230/1177
f 775/1251/1195 779/1259/1203 780/1261/1205
f 2412/1262/1206 2304/1260/1204 2475/1230/1177
f 780/1261/1205 779/1259/1203 781/1263/1207
f 2474/1229/1176 2412/1262/1206 2475/1230/1177
f 781/1263/1207 779/1259/1203 782/1264/1208
f 779/1259/1203 783/1265/1209 782/1264/1208
f 782/1264/1208 783/1265/1209 784/1266/478
f 2413/1267/1210 2412/1262/1206 2474/1229/1176
f 2414/1268/1211 2413/1267/1210 2474/1229/1176
f 2473/1236/1183 2414/1268/1211 2474/1229/1176
f 2472/1239/1186 2414/1268/1211 2473/1236/1183
f 777/1256/1200 776/1255/1199 778/1258/1202
f 778/1258/1202 776/1255/1199 785/1269/1212
f 776/1255/1199 786/1270/1213 785/1269/1212
f 2415/1271/1214 2414/1268/1211 2472/1239/1186
f 786/1270/1213 787/1272/1215 785/1269/1212
f 785/1269/1212 787/1272/1215 788/1273/1216
f 787/1272/1215 789/1274/1217 788/1273/1216
f 2471/766/732 2415/1271/1214 2472/1239/1186
f 789/1274/1217 790/1275/466 788/1273/1216
f 788/1273/1216 790/1275/466 785/1269/1212
f 790/1275/466 791/1276/1218 785/1269/1212
f 2416/1277/1219 2415/1271/1214 2471/766/732
f 791/1276/1218 792/1278/1220 785/1269/1212
f 785/1269/1212 792/1278/1220 778/1258/1202
f 2417/1279/1221 2416/1277/1219 2471/766/732
f 778/1258/1202 792/1278/1220 779/1259/1203
f 792/1278/1220 783/1265/1209 779/1259/1203
f 2470/768/734 2417/1279/1221 2471/766/732
f 2418/1280/1222 2417/1279/1221 2470/768/734
f 2469/771/737 2418/1280/1222 2470/768/734
f 2419/1281/1223 2418/1280/1222 2469/771/737
f 789/1274/1217 787/1272/1215 793/1282/76
f 2468/774/740 2419/1281/1223 2469/771/737
f 2420/1283/1224 2419/1281/1223 2468/774/740
f 2467/776/742 2420/1283/1224 2468/774/740
f 2421/1284/1225 2420/1283/1224 2467/776/742
f 789/1274/1217 794/1285/1226 790/1275/466
f 2466/777/743 2421/1284/1225 2467/776/742
f 2465/778/744 2421/1284/1225 2466/777/743
f 2422/1286/1227 2421/1284/1225 2465/778/744
f 2464/779/745 2422/1286/1227 2465/778/744
f 795/1287/1228 796/1288/1229 797/1289/1230
f 2423/1290/1231 2422/1286/1227 2464/779/745
f 797/1289/1230 796/1288/1229 798/1291/1232
f 796/1288/1229 799/1292/1233 798/1291/1232
f 798/1291/1232 799/1292/1233 800/1293/1234
f 799/1292/1233 801/1294/14 800/1293/1234
f 2463/782/748 2423/1290/1231 2464/779/745
f 2424/1295/1235 2423/1290/1231 2463/782/748
f 2462/788/754 2424/1295/1235 2463/782/748
f 2425/1296/1236 2424/1295/1235 2462/788/754
f 795/1287/1228 797/1289/1230 802/1297/1237
f 797/1289/1230 803/1298/1238 802/1297/1237
f 802/1297/1237 803/1298/1238 804/1299/1239
f 803/1298/1238 805/1300/1240 804/1299/1239
f 804/1299/1239 805/1300/1240 806/1301/1241
f 805/1300/1240 807/1302/1242 806/1301/1241
f 806/1301/1241 807/1302/1242 808/1303/1243
f 2461/256/248 2425/1296/1236 2462/788/754
f 808/1303/1243 807/1302/1242 809/1304/1244
f 807/1302/1242 810/1305/1245 809/1304/1244
f 2426/1306/1246 2425/1296/1236 2461/256/248
f 810/1305/1245 811/1307/1247 809/1304/1244
f 809/1304/1244 811/1307/1247 812/1308/1248
f 811/1307/1247 813/1309/1249 812/1308/1248
f 812/1308/1248 813/1309/1249 814/1310/1250
f 2427/1311/1251 2426/1306/1246 2461/256/248
f 814/1310/1250 813/1309/1249 815/1312/1252
f 813/1309/1249 816/1313/1253 815/1312/1252
f 815/1312/1252 816/1313/1253 817/1314/1254
f 2460/255/247 2427/1311/1251 2461/256/248
f 2459/257/249 2427/1311/1251 2460/255/247
f 2428/1315/1255 2427/1311/1251 2459/257/249
f 2429/1316/1256 2428/1315/1255 2459/257/249
f 806/1301/1241 808/1303/1243 818/1317/1257
f 2458/262/254 2429/1316/1256 2459/257/249
f 2457/263/255 2429/1316/1256 2458/262/254
f 2430/1318/1258 2429/1316/1256 2457/263/255
f 2431/1319/1259 2430/1318/1258 2457/263/255
f 816/1313/1253 813/1309/1249 819/1320/1260
f 813/1309/1249 811/1307/1247 819/1320/1260
f 819/1320/1260 811/1307/1247 820/1321/1261
f 2456/265/257 2431/1319/1259 2457/263/255
f 820/1321/1261 811/1307/1247 821/1322/1262
f 811/1307/1247 810/1305/1245 821/1322/1262
f 2432/1323/1263 2431/1319/1259 2456/265/257
f 810/1305/1245 807/1302/1242 821/1322/1262
f 2455/272/264 2432/1323/1263 2456/265/257
f 807/1302/1242 805/1300/1240 821/1322/1262
f 2454/273/265 2432/1323/1263 2455/272/264
f 805/1300/1240 803/1298/1238 821/1322/1262
f 821/1322/1262 803/1298/1238 822/1324/1264
f 803/1298/1238 823/1325/1265 822/1324/1264
f 822/1324/1264 823/1325/1265 824/1326/1266
f 2433/1327/1267 2432/1323/1263 2454/273/265
f 824/1326/1266 823/1325/1265 825/1328/1268
f 823/1325/1265 798/1291/1232 825/1328/1268
f 825/1328/1268 798/1291/1232 800/1293/1234
f 2434/1329/1269 2433/1327/1267 2454/273/265
f 2453/222/215 2434/1329/1269 2454/273/265
f 2435/1330/1270 2434/1329/1269 2453/222/215
f 2452/216/209 2435/1330/1270 2453/222/215
f 803/1298/1238 797/1289/1230 823/1325/1265
f 823/1325/1265 797/1289/1230 798/1291/1232
f 2436/1331/1271 2435/1330/1270 2452/216/209
f 2451/218/211 2436/1331/1271 2452/216/209
f 2437/1332/1272 2436/1331/1271 2451/218/211
f 2450/227/220 2437/1332/1272 2451/218/211
f 824/1326/1266 826/1333/1273 822/1324/1264
f 822/1324/1264 826/1333/1273 821/1322/1262
f 2438/1334/1274 2437/1332/1272 2450/227/220
f 821/1322/1262 826/1333/1273 820/1321/1261
f 2449/180/175 2438/1334/1274 2450/227/220
f 820/1321/1261 826/1333/1273 819/1320/1260
f 826/1333/1273 827/1335/1275 819/1320/1260
f 2439/1336/1276 2438/1334/1274 2449/180/175
f 827/1335/1275 828/1337/1277 819/1320/1260
f 819/1320/1260 828/1337/1277 816/1313/1253
f 828/1337/1277 829/1338/1278 816/1313/1253
f 816/1313/1253 829/1338/1278 830/1339/1279
f 829/1338/1278 831/1340/1280 830/1339/1279
f 830/1339/1279 831/1340/1280 817/1314/1254
f 2448/166/161 2439/1336/1276 2449/180/175
f 817/1314/1254 831/1340/1280 832/1341/1281
f 2440/1342/1282 2439/1336/1276 2448/166/161
f 832/1341/1281 831/1340/1280 833/1343/1283
f 831/1340/1280 834/1344/1284 833/1343/1283
f 2447/168/163 2440/1342/1282 2448/166/161
f 834/1344/1284 835/1345/1285 833/1343/1283
f 833/1343/1283 835/1345/1285 836/1346/1286
f 835/1345/1285 837/1347/1287 836/1346/1286
f 836/1346/1286 837/1347/1287 838/1348/1288
f 837/1347/1287 839/1349/1289 838/1348/1288
f 2441/1350/1290 2440/1342/1282 2447/168/163
f 839/1349/1289 840/1351/1291 838/1348/1288
f 838/1348/1288 840/1351/1291 841/1352/1292
f 2446/193/187 2441/1350/1290 2447/168/163
f 841/1352/1292 840/1351/1291 842/1353/1293
f 840/1351/1291 843/1354/1294 842/1353/1293
f 2442/1355/1295 2441/1350/1290 2446/193/187
f 843/1354/1294 844/1356/1296 842/1353/1293
f 842/1353/1293 844/1356/1296 845/1357/1248
f 844/1356/1296 846/1358/1297 845/1357/1248
f 845/1357/1248 846/1358/1297 847/1359/1298
f 846/1358/1297 848/1360/1299 847/1359/1298
f 847/1359/1298 848/1360/1299 849/1361/1300
f 848/1360/1299 850/1362/1301 849/1361/1300
f 849/1361/1300 850/1362/1301 851/1363/1257
f 2445/192/186 2442/1355/1295 2446/193/187
f 2443/1364/1302 2442/1355/1295 2445/192/186
f 2444/189/183 2443/1364/1302 2445/192/186
f 2379/875/834 2443/1364/1302 2444/189/183
f 824/1326/1266 827/1335/1275 826/1333/1273
f 2380/1365/1303 2443/1364/1302 2379/875/834
f 2381/1366/1304 2443/1364/1302 2380/1365/1303
f 2442/1355/1295 2443/1364/1302 2381/1366/1304
f 2382/1367/1305 2442/1355/1295 2381/1366/1304
f 817/1314/1254 816/1313/1253 830/1339/1279
f 2441/1350/1290 2442/1355/1295 2382/1367/1305
f 2383/1368/1306 2441/1350/1290 2382/1367/1305
f 2440/1342/1282 2441/1350/1290 2383/1368/1306
f 2439/1336/1276 2440/1342/1282 2383/1368/1306
f 850/1362/1301 848/1360/1299 852/1369/1307
f 852/1369/1307 848/1360/1299 846/1358/1297
f 2384/1370/1308 2439/1336/1276 2383/1368/1306
f 2438/1334/1274 2439/1336/1276 2384/1370/1308
f 2385/1371/1309 2438/1334/1274 2384/1370/1308
f 2437/1332/1272 2438/1334/1274 2385/1371/1309
f 850/1362/1301 852/1369/1307 801/1294/14
f 801/1294/14 852/1369/1307 800/1293/1234
f 852/1369/1307 853/1372/1310 800/1293/1234
f 800/1293/1234 853/1372/1310 825/1328/1268
f 853/1372/1310 854/1373/1311 825/1328/1268
f 2386/1374/1312 2437/1332/1272 2385/1371/1309
f 854/1373/1311 855/1375/1313 825/1328/1268
f 825/1328/1268 855/1375/1313 824/1326/1266
f 855/1375/1313 856/1376/1314 824/1326/1266
f 2436/1331/1271 2437/1332/1272 2386/1374/1312
f 856/1376/1314 857/1377/1315 824/1326/1266
f 824/1326/1266 857/1377/1315 827/1335/1275
f 857/1377/1315 858/1378/1316 827/1335/1275
f 827/1335/1275 858/1378/1316 859/1379/1317
f 858/1378/1316 860/1380/1318 859/1379/1317
f 859/1379/1317 860/1380/1318 828/1337/1277
f 2387/1381/1319 2436/1331/1271 2386/1374/1312
f 828/1337/1277 860/1380/1318 829/1338/1278
f 860/1380/1318 861/1382/1320 829/1338/1278
f 829/1338/1278 861/1382/1320 831/1340/1280
f 861/1382/1320 862/1383/1321 831/1340/1280
f 831/1340/1280 862/1383/1321 834/1344/1284
f 2435/1330/1270 2436/1331/1271 2387/1381/1319
f 2388/1384/1322 2435/1330/1270 2387/1381/1319
f 2434/1329/1269 2435/1330/1270 2388/1384/1322
f 2389/1385/1323 2434/1329/1269 2388/1384/1322
f 852/1369/1307 854/1373/1311 853/1372/1310
f 2433/1327/1267 2434/1329/1269 2389/1385/1323
f 2390/1386/1324 2433/1327/1267 2389/1385/1323
f 2432/1323/1263 2433/1327/1267 2390/1386/1324
f 2391/1387/1325 2432/1323/1263 2390/1386/1324
f 827/1335/1275 859/1379/1317 828/1337/1277
f 2431/1319/1259 2432/1323/1263 2391/1387/1325
f 2392/1388/1326 2431/1319/1259 2391/1387/1325
f 2393/1389/1327 2431/1319/1259 2392/1388/1326
f 2430/1318/1258 2431/1319/1259 2393/1389/1327
f 861/1382/1320 860/1380/1318 862/1383/1321
f 862/1383/1321 860/1380/1318 863/1390/1328
f 860/1380/1318 858/1378/1316 863/1390/1328
f 863/1390/1328 858/1378/1316 864/1391/1329
f 858/1378/1316 857/1377/1315 864/1391/1329
f 2394/1392/1330 2430/1318/1258 2393/1389/1327
f 857/1377/1315 856/1376/1314 864/1391/1329
f 864/1391/1329 856/1376/1314 865/1393/1331
f 856/1376/1314 855/1375/1313 865/1393/1331
f 2429/1316/1256 2430/1318/1258 2394/1392/1330
f 855/1375/1313 854/1373/1311 865/1393/1331
f 865/1393/1331 854/1373/1311 866/1394/1332
f 854/1373/1311 867/1395/1333 866/1394/1332
f 866/1394/1332 867/1395/1333 846/1358/1297
f 2395/1396/1334 2429/1316/1256 2394/1392/1330
f 846/1358/1297 867/1395/1333 852/1369/1307
f 867/1395/1333 854/1373/1311 852/1369/1307
f 2428/1315/1255 2429/1316/1256 2395/1396/1334
f 2396/1397/1335 2428/1315/1255 2395/1396/1334
f 2427/1311/1251 2428/1315/1255 2396/1397/1335
f 2397/1398/1336 2427/1311/1251 2396/1397/1335
f 846/1358/1297 844/1356/1296 866/1394/1332
f 844/1356/1296 843/1354/1294 866/1394/1332
f 866/1394/1332 843/1354/1294 868/1399/1337
f 843/1354/1294 869/1400/1338 868/1399/1337
f 868/1399/1337 869/1400/1338 870/1401/1339
f 869/1400/1338 871/1402/1340 870/1401/1339
f 2426/1306/1246 2427/1311/1251 2397/1398/1336
f 871/1402/1340 864/1391/1329 870/1401/1339
f 2398/1403/1341 2426/1306/1246 2397/1398/1336
f 864/1391/1329 865/1393/1331 870/1401/1339
f 2425/1296/1236 2426/1306/1246 2398/1403/1341
f 865/1393/1331 866/1394/1332 870/1401/1339
f 870/1401/1339 866/1394/1332 868/1399/1337
f 2399/1404/1342 2425/1296/1236 2398/1403/1341
f 2424/1295/1235 2425/1296/1236 2399/1404/1342
f 2400/1405/1343 2424/1295/1235 2399/1404/1342
f 2423/1290/1231 2424/1295/1235 2400/1405/1343
f 843/1354/1294 840/1351/1291 869/1400/1338
f 869/1400/1338 840/1351/1291 872/1406/1344
f 840/1351/1291 839/1349/1289 872/1406/1344
f 2401/1407/1345 2423/1290/1231 2400/1405/1343
f 839/1349/1289 837/1347/1287 872/1406/1344
f 2422/1286/1227 2423/1290/1231 2401/1407/1345
f 837/1347/1287 835/1345/1285 872/1406/1344
f 872/1406/1344 835/1345/1285 873/1408/1346
f 835/1345/1285 834/1344/1284 873/1408/1346
f 2402/1409/1347 2422/1286/1227 2401/1407/1345
f 2421/1284/1225 2422/1286/1227 2402/1409/1347
f 2403/1410/1348 2421/1284/1225 2402/1409/1347
f 2420/1283/1224 2421/1284/1225 2403/1410/1348
f 869/1400/1338 872/1406/1344 871/1402/1340
f 872/1406/1344 874/1411/1349 871/1402/1340
f 2404/1412/1350 2420/1283/1224 2403/1410/1348
f 874/1411/1349 875/1413/1351 871/1402/1340
f 871/1402/1340 875/1413/1351 864/1391/1329
f 2419/1281/1223 2420/1283/1224 2404/1412/1350
f 864/1391/1329 875/1413/1351 863/1390/1328
f 875/1413/1351 876/1414/1352 863/1390/1328
f 863/1390/1328 876/1414/1352 862/1383/1321
f 2405/1415/1353 2419/1281/1223 2404/1412/1350
f 862/1383/1321 876/1414/1352 834/1344/1284
f 2418/1280/1222 2419/1281/1223 2405/1415/1353
f 834/1344/1284 876/1414/1352 873/1408/1346
f 876/1414/1352 874/1411/1349 873/1408/1346
f 873/1408/1346 874/1411/1349 872/1406/1344
f 2406/1416/1354 2418/1280/1222 2405/1415/1353
f 2417/1279/1221 2418/1280/1222 2406/1416/1354
f 2407/1417/1355 2417/1279/1221 2406/1416/1354
f 2416/1277/1219 2417/1279/1221 2407/1417/1355
f 874/1411/1349 876/1414/1352 877/1418/1356
f 2415/1271/1214 2416/1277/1219 2407/1417/1355
f 876/1414/1352 875/1413/1351 877/1418/1356
f 877/1418/1356 875/1413/1351 874/1411/1349
f 2408/1419/1357 2415/1271/1214 2407/1417/1355
f 2409/1420/1358 2415/1271/1214 2408/1419/1357
f 2414/1268/1211 2415/1271/1214 2409/1420/1358
f 2410/1421/1359 2414/1268/1211 2409/1420/1358
f 878/1422/564 880/1423/574 879/1424/1360
f 2413/1267/1210 2414/1268/1211 2410/1421/1359
f 880/1423/574 881/1425/1361 879/1424/1360
f 2411/1426/1362 2413/1267/1210 2410/1421/1359
f 881/1425/1361 882/1427/1363 879/1424/1360
f 879/1424/1360 882/1427/1363 883/1428/1364
f 882/1427/1363 884/1429/1365 883/1428/1364
f 883/1428/1364 884/1429/1365 885/1430/1366
f 884/1429/1365 886/1431/1367 885/1430/1366
f 885/1430/1366 886/1431/1367 887/1432/1368
f 886/1431/1367 888/1433/1369 887/1432/1368
f 2412/1262/1206 2413/1267/1210 2411/1426/1362
f 888/1433/1369 889/1434/1370 887/1432/1368
f 887/1432/1368 889/1434/1370 890/1435/192
f 889/1434/1370 891/1436/1371 890/1435/192
f 890/1435/192 891/1436/1371 892/1437/194
f 891/1436/1371 893/1438/1372 892/1437/194
f 892/1437/194 893/1438/1372 894/1439/1373
f 2371/1440/1374 2376/1441/1375 2373/1442/1376
f 2309/1443/1377 2296/1444/1378 2307/1445/1379
f 2305/1446/1380 2304/1260/1204 2412/1262/1206
f 2411/1426/1362 2305/1446/1380 2412/1262/1206
f 878/1422/564 879/1424/1360 895/1447/1381
f 895/1447/1381 879/1424/1360 896/1448/1382
f 879/1424/1360 883/1428/1364 896/1448/1382
f 896/1448/1382 883/1428/1364 885/1430/1366
f 2306/1449/1383 2305/1446/1380 2411/1426/1362
f 2308/1450/1384 2306/1449/1383 2411/1426/1362
f 2410/1421/1359 2308/1450/1384 2411/1426/1362
f 2310/1451/1385 2308/1450/1384 2410/1421/1359
f 893/1438/1372 891/1436/1371 897/1452/1386
f 2409/1420/1358 2310/1451/1385 2410/1421/1359
f 891/1436/1371 889/1434/1370 897/1452/1386
f 897/1452/1386 889/1434/1370 898/1453/1387
f 2312/1454/1388 2310/1451/1385 2409/1420/1358
f 898/1453/1387 889/1434/1370 899/1455/1389
f 889/1434/1370 888/1433/1369 899/1455/1389
f 2408/1419/1357 2312/1454/1388 2409/1420/1358
f 888/1433/1369 886/1431/1367 899/1455/1389
f 899/1455/1389 886/1431/1367 900/1456/1390
f 2314/1457/1391 2312/1454/1388 2408/1419/1357
f 900/1456/1390 886/1431/1367 901/1458/1392
f 886/1431/1367 884/1429/1365 901/1458/1392
f 2407/1417/1355 2314/1457/1391 2408/1419/1357
f 2317/1459/1393 2314/1457/1391 2407/1417/1355
f 2319/1460/1394 2317/1459/1393 2407/1417/1355
f 2406/1416/1354 2319/1460/1394 2407/1417/1355
f 893/1438/1372 897/1452/1386 902/1461/1395
f 2405/1415/1353 2319/1460/1394 2406/1416/1354
f 902/1461/1395 897/1452/1386 903/1462/32
f 2321/1463/1396 2319/1460/1394 2405/1415/1353
f 903/1462/32 897/1452/1386 904/1464/31
f 897/1452/1386 905/1465/1397 904/1464/31
f 904/1464/31 905/1465/1397 906/1466/29
f 2323/1467/1398 2321/1463/1396 2405/1415/1353
f 2404/1412/1350 2323/1467/1398 2405/1415/1353
f 2325/1468/1399 2323/1467/1398 2404/1412/1350
f 2403/1410/1348 2325/1468/1399 2404/1412/1350
f 897/1452/1386 898/1453/1387 905/1465/1397
f 905/1465/1397 898/1453/1387 907/1469/1400
f 898/1453/1387 899/1455/1389 907/1469/1400
f 907/1469/1400 899/1455/1389 908/1470/1401
f 899/1455/1389 909/1471/1402 908/1470/1401
f 2327/1472/1403 2325/1468/1399 2403/1410/1348
f 909/1471/1402 910/1473/1404 908/1470/1401
f 908/1470/1401 910/1473/1404 911/1474/1405
f 2402/1409/1347 2327/1472/1403 2403/1410/1348
f 911/1474/1405 910/1473/1404 912/1475/1406
f 910/1473/1404 913/1476/1407 912/1475/1406
f 2329/1477/1408 2327/1472/1403 2402/1409/1347
f 913/1476/1407 914/1478/1409 912/1475/1406
f 912/1475/1406 914/1478/1409 915/1479/1410
f 2401/1407/1345 2329/1477/1408 2402/1409/1347
f 915/1479/1410 914/1478/1409 916/1480/1411
f 914/1478/1409 913/1476/1407 916/1480/1411
f 916/1480/1411 913/1476/1407 917/1481/1412
f 913/1476/1407 909/1471/1402 917/1481/1412
f 917/1481/1412 909/1471/1402 918/1482/1413
f 909/1471/1402 901/1458/1392 918/1482/1413
f 2331/1483/1414 2329/1477/1408 2401/1407/1345
f 901/1458/1392 919/1484/1415 918/1482/1413
f 918/1482/1413 919/1484/1415 917/1481/1412
f 919/1484/1415 920/1485/1416 917/1481/1412
f 917/1481/1412 920/1485/1416 916/1480/1411
f 2400/1405/1343 2331/1483/1414 2401/1407/1345
f 916/1480/1411 920/1485/1416 921/1486/1417
f 2333/1487/1418 2331/1483/1414 2400/1405/1343
f 921/1486/1417 920/1485/1416 922/1488/1419
f 2399/1404/1342 2333/1487/1418 2400/1405/1343
f 922/1488/1419 920/1485/1416 923/1489/1420
f 920/1485/1416 919/1484/1415 923/1489/1420
f 923/1489/1420 919/1484/1415 924/1490/1421
f 919/1484/1415 901/1458/1392 924/1490/1421
f 2335/1491/1422 2333/1487/1418 2399/1404/1342
f 901/1458/1392 884/1429/1365 924/1490/1421
f 924/1490/1421 884/1429/1365 925/1492/1423
f 884/1429/1365 882/1427/1363 925/1492/1423
f 2398/1403/1341 2335/1491/1422 2399/1404/1342
f 882/1427/1363 926/1493/1424 925/1492/1423
f 925/1492/1423 926/1493/1424 924/1490/1421
f 926/1493/1424 927/1494/1425 924/1490/1421
f 924/1490/1421 927/1494/1425 923/1489/1420
f 927/1494/1425 928/1495/1426 923/1489/1420
f 923/1489/1420 928/1495/1426 922/1488/1419
f 2337/1496/1427 2335/1491/1422 2398/1403/1341
f 2397/1398/1336 2337/1496/1427 2398/1403/1341
f 2339/1497/1428 2337/1496/1427 2397/1398/1336
f 2396/1397/1335 2339/1497/1428 2397/1398/1336
f 901/1458/1392 909/1471/1402 900/1456/1390
f 900/1456/1390 909/1471/1402 899/1455/1389
f 2341/1498/1429 2339/1497/1428 2396/1397/1335
f 2395/1396/1334 2341/1498/1429 2396/1397/1335
f 2343/1499/1430 2341/1498/1429 2395/1396/1334
f 2394/1392/1330 2343/1499/1430 2395/1396/1334
f 908/1470/1401 911/1474/1405 907/1469/1400
f 2345/1500/1431 2343/1499/1430 2394/1392/1330
f 911/1474/1405 929/1501/1432 907/1469/1400
f 907/1469/1400 929/1501/1432 905/1465/1397
f 2393/1389/1327 2345/1500/1431 2394/1392/1330
f 2347/1502/1433 2345/1500/1431 2393/1389/1327
f 2392/1388/1326 2347/1502/1433 2393/1389/1327
f 2349/1503/1434 2347/1502/1433 2392/1388/1326
f 909/1471/1402 913/1476/1407 910/1473/1404
f 2391/1387/1325 2349/1503/1434 2392/1388/1326
f 2351/1504/1435 2349/1503/1434 2391/1387/1325
f 2390/1386/1324 2351/1504/1435 2391/1387/1325
f 2353/1505/1436 2351/1504/1435 2390/1386/1324
f 928/1495/1426 927/1494/1425 930/1506/1437
f 2389/1385/1323 2353/1505/1436 2390/1386/1324
f 930/1506/1437 927/1494/1425 931/1507/1438
f 927/1494/1425 926/1493/1424 931/1507/1438
f 931/1507/1438 926/1493/1424 932/1508/1439
f 926/1493/1424 882/1427/1363 932/1508/1439
f 932/1508/1439 882/1427/1363 933/1509/1440
f 882/1427/1363 934/1510/1441 933/1509/1440
f 2355/1511/1442 2353/1505/1436 2389/1385/1323
f 2388/1384/1322 2355/1511/1442 2389/1385/1323
f 2356/1512/1443 2355/1511/1442 2388/1384/1322
f 2387/1381/1319 2356/1512/1443 2388/1384/1322
f 931/1507/1438 932/1508/1439 935/1513/1444
f 932/1508/1439 933/1509/1440 935/1513/1444
f 2358/1514/1445 2356/1512/1443 2387/1381/1319
f 933/1509/1440 936/1515/1446 935/1513/1444
f 935/1513/1444 936/1515/1446 937/1516/1447
f 936/1515/1446 938/1517/1448 937/1516/1447
f 937/1516/1447 938/1517/1448 939/1518/1449
f 2386/1374/1312 2358/1514/1445 2387/1381/1319
f 939/1518/1449 938/1517/1448 940/1519/1450
f 938/1517/1448 941/1520/1451 940/1519/1450
f 940/1519/1450 941/1520/1451 942/1521/1452
f 941/1520/1451 943/1522/1453 942/1521/1452
f 942/1521/1452 943/1522/1453 944/1523/1454
f 943/1522/1453 945/1524/1455 944/1523/1454
f 2360/1525/1456 2358/1514/1445 2386/1374/1312
f 945/1524/1455 946/1526/1457 944/1523/1454
f 944/1523/1454 946/1526/1457 947/1527/1458
f 2385/1371/1309 2360/1525/1456 2386/1374/1312
f 947/1527/1458 946/1526/1457 948/1528/1459
f 946/1526/1457 949/1529/1460 948/1528/1459
f 2362/1530/1461 2360/1525/1456 2385/1371/1309
f 949/1529/1460 950/1531/1462 948/1528/1459
f 948/1528/1459 950/1531/1462 951/1532/1463
f 2384/1370/1308 2362/1530/1461 2385/1371/1309
f 951/1532/1463 950/1531/1462 952/1533/1464
f 950/1531/1462 953/1534/1465 952/1533/1464
f 2364/1535/1466 2362/1530/1461 2384/1370/1308
f 953/1534/1465 954/1536/128 952/1533/1464
f 952/1533/1464 954/1536/128 955/1537/1467
f 954/1536/128 956/1538/1468 955/1537/1467
f 2383/1368/1306 2364/1535/1466 2384/1370/1308
f 2382/1367/1305 2364/1535/1466 2383/1368/1306
f 2367/1539/1469 2364/1535/1466 2382/1367/1305
f 2381/1366/1304 2367/1539/1469 2382/1367/1305
f 935/1513/1444 937/1516/1447 931/1507/1438
f 2369/1540/1470 2367/1539/1469 2381/1366/1304
f 931/1507/1438 937/1516/1447 957/1541/1471
f 937/1516/1447 939/1518/1449 957/1541/1471
f 2380/1365/1303 2369/1540/1470 2381/1366/1304
f 2371/1440/1374 2369/1540/1470 2380/1365/1303
f 2376/1441/1375 2371/1440/1374 2380/1365/1303
f 2379/875/834 2376/1441/1375 2380/1365/1303
f 943/1522/1453 941/1520/1451 958/1542/1257
f 2378/876/835 2376/1441/1375 2379/875/834
f 2377/1543/1472 2376/1441/1375 2378/876/835
f 2375/1544/1473 2376/1441/1375 2377/1543/1472
f 2373/1442/1376 2376/1441/1375 2375/1544/1473
f 944/1523/1454 940/1519/1450 942/1521/1452
f 2374/1545/1474 2373/1442/1376 2375/1544/1473
f 2372/1546/1086 2373/1442/1376 2374/1545/1474
f 2371/1440/1374 2373/1442/1376 2372/1546/1086
f 2370/1547/1475 2371/1440/1374 2372/1546/1086
f 955/1537/1467 959/1548/1476 952/1533/1464
f 2369/1540/1470 2371/1440/1374 2370/1547/1475
f 952/1533/1464 959/1548/1476 951/1532/1463
f 2368/1549/1477 2369/1540/1470 2370/1547/1475
f 951/1532/1463 959/1548/1476 948/1528/1459
f 2367/1539/1469 2369/1540/1470 2368/1549/1477
f 948/1528/1459 959/1548/1476 947/1527/1458
f 959/1548/1476 960/1550/1478 947/1527/1458
f 947/1527/1458 960/1550/1478 961/1551/1479
f 960/1550/1478 959/1548/1476 961/1551/1479
f 961/1551/1479 959/1548/1476 962/1552/1480
f 959/1548/1476 955/1537/1467 962/1552/1480
f 962/1552/1480 955/1537/1467 963/1553/1481
f 955/1537/1467 956/1538/1468 963/1553/1481
f 963/1553/1481 956/1538/1468 964/1554/1482
f 956/1538/1468 965/1555/1483 964/1554/1482
f 964/1554/1482 965/1555/1483 966/1556/1484
f 965/1555/1483 967/1557/1485 966/1556/1484
f 2366/1558/1099 2367/1539/1469 2368/1549/1477
f 967/1557/1485 968/1559/1486 966/1556/1484
f 966/1556/1484 968/1559/1486 969/1560/1487
f 968/1559/1486 970/1561/672 969/1560/1487
f 2364/1535/1466 2367/1539/1469 2366/1558/1099
f 970/1561/672 971/1562/1488 969/1560/1487
f 969/1560/1487 971/1562/1488 966/1556/1484
f 2365/1563/1489 2364/1535/1466 2366/1558/1099
f 2363/1564/1490 2364/1535/1466 2365/1563/1489
f 2362/1530/1461 2364/1535/1466 2363/1564/1490
f 2361/1565/1491 2362/1530/1461 2363/1564/1490
f 947/1527/1458 961/1551/1479 944/1523/1454
f 944/1523/1454 961/1551/1479 940/1519/1450
f 961/1551/1479 972/1566/1492 940/1519/1450
f 940/1519/1450 972/1566/1492 939/1518/1449
f 2360/1525/1456 2362/1530/1461 2361/1565/1491
f 2359/1567/1109 2360/1525/1456 2361/1565/1491
f 2358/1514/1445 2360/1525/1456 2359/1567/1109
f 2357/1568/1493 2358/1514/1445 2359/1567/1109
f 972/1566/1492 961/1551/1479 962/1552/1480
f 2356/1512/1443 2358/1514/1445 2357/1568/1493
f 2354/1569/1494 2356/1512/1443 2357/1568/1493
f 2355/1511/1442 2356/1512/1443 2354/1569/1494
f 2353/1505/1436 2355/1511/1442 2354/1569/1494
f 968/1559/1486 973/1570/1495 970/1561/672
f 2352/1571/1496 2353/1505/1436 2354/1569/1494
f 2351/1504/1435 2353/1505/1436 2352/1571/1496
f 2350/1572/1497 2351/1504/1435 2352/1571/1496
f 2349/1503/1434 2351/1504/1435 2350/1572/1497
f 971/1562/1488 970/1561/672 974/1573/1498
f 2348/1574/1499 2349/1503/1434 2350/1572/1497
f 970/1561/672 975/1575/1500 974/1573/1498
f 974/1573/1498 975/1575/1500 976/1576/1501
f 2347/1502/1433 2349/1503/1434 2348/1574/1499
f 976/1576/1501 975/1575/1500 977/1577/1502
f 975/1575/1500 978/1578/661 977/1577/1502
f 977/1577/1502 978/1578/661 979/1579/1503
f 978/1578/661 980/1580/93 979/1579/1503
f 2346/1581/1504 2347/1502/1433 2348/1574/1499
f 980/1580/93 981/1582/1505 979/1579/1503
f 2345/1500/1431 2347/1502/1433 2346/1581/1504
f 981/1582/1505 982/1583/1506 979/1579/1503
f 979/1579/1503 982/1583/1506 983/1584/1507
f 982/1583/1506 984/1585/124 983/1584/1507
f 2344/1586/1508 2345/1500/1431 2346/1581/1504
f 984/1585/124 985/1587/123 983/1584/1507
f 2343/1499/1430 2345/1500/1431 2344/1586/1508
f 985/1587/123 986/1588/151 983/1584/1507
f 983/1584/1507 986/1588/151 987/1589/1509
f 986/1588/151 988/1590/1510 987/1589/1509
f 987/1589/1509 988/1590/1510 989/1591/1511
f 988/1590/1510 990/1592/1512 989/1591/1511
f 989/1591/1511 990/1592/1512 991/1593/1513
f 990/1592/1512 992/1594/1514 991/1593/1513
f 2342/1595/1515 2343/1499/1430 2344/1586/1508
f 992/1594/1514 993/1596/1516 991/1593/1513
f 991/1593/1513 993/1596/1516 994/1597/1517
f 993/1596/1516 995/1598/1518 994/1597/1517
f 994/1597/1517 995/1598/1518 996/1599/1519
f 2341/1498/1429 2343/1499/1430 2342/1595/1515
f 996/1599/1519 995/1598/1518 997/1600/1520
f 995/1598/1518 998/1601/1521 997/1600/1520
f 997/1600/1520 998/1601/1521 999/1602/1522
f 998/1601/1521 1000/1603/1523 999/1602/1522
f 999/1602/1522 1000/1603/1523 1001/1604/1524
f 1000/1603/1523 1002/1605/1525 1001/1604/1524
f 1001/1604/1524 1002/1605/1525 1003/1606/1526
f 1002/1605/1525 1004/1607/1527 1003/1606/1526
f 2340/1608/1144 2341/1498/1429 2342/1595/1515
f 1004/1607/1527 1005/1609/1528 1003/1606/1526
f 1003/1606/1526 1005/1609/1528 1006/1610/1529
f 2339/1497/1428 2341/1498/1429 2340/1608/1144
f 1006/1610/1529 1005/1609/1528 1007/1611/1530
f 1005/1609/1528 1008/1612/1531 1007/1611/1530
f 2338/1613/1532 2339/1497/1428 2340/1608/1144
f 1008/1612/1531 1009/1614/1533 1007/1611/1530
f 1007/1611/1530 1009/1614/1533 1010/1615/1534
f 2337/1496/1427 2339/1497/1428 2338/1613/1532
f 1010/1615/1534 1009/1614/1533 1011/1616/1535
f 1009/1614/1533 1012/1617/1536 1011/1616/1535
f 1011/1616/1535 1012/1617/1536 1013/1618/1537
f 1012/1617/1536 1014/1619/1538 1013/1618/1537
f 2336/1620/1539 2337/1496/1427 2338/1613/1532
f 1014/1619/1538 1015/1621/1540 1013/1618/1537
f 1013/1618/1537 1015/1621/1540 1016/1622/1541
f 1015/1621/1540 1017/1623/1542 1016/1622/1541
f 1016/1622/1541 1017/1623/1542 1018/1624/1543
f 2335/1491/1422 2337/1496/1427 2336/1620/1539
f 1018/1624/1543 1017/1623/1542 1019/1625/1544
f 1017/1623/1542 1020/1626/1545 1019/1625/1544
f 2334/1627/1546 2335/1491/1422 2336/1620/1539
f 1020/1626/1545 1021/1628/1547 1019/1625/1544
f 1019/1625/1544 1021/1628/1547 1022/1629/1548
f 1021/1628/1547 1023/1630/1549 1022/1629/1548
f 2333/1487/1418 2335/1491/1422 2334/1627/1546
f 1023/1630/1549 1024/1631/1550 1022/1629/1548
f 2332/1632/1551 2333/1487/1418 2334/1627/1546
f 1024/1631/1550 1025/1633/1552 1022/1629/1548
f 1022/1629/1548 1025/1633/1552 1019/1625/1544
f 1025/1633/1552 1026/1634/1553 1019/1625/1544
f 1019/1625/1544 1026/1634/1553 1018/1624/1543
f 1026/1634/1553 1027/1635/1554 1018/1624/1543
f 1018/1624/1543 1027/1635/1554 1016/1622/1541
f 1027/1635/1554 1028/1636/1555 1016/1622/1541
f 1016/1622/1541 1028/1636/1555 1013/1618/1537
f 1028/1636/1555 1029/1637/1556 1013/1618/1537
f 2331/1483/1414 2333/1487/1418 2332/1632/1551
f 1029/1637/1556 1030/1638/1557 1013/1618/1537
f 1013/1618/1537 1030/1638/1557 1011/1616/1535
f 2330/1639/1558 2331/1483/1414 2332/1632/1551
f 1011/1616/1535 1030/1638/1557 1010/1615/1534
f 1030/1638/1557 1031/1640/1559 1010/1615/1534
f 1010/1615/1534 1031/1640/1559 1007/1611/1530
f 1031/1640/1559 1032/1641/1560 1007/1611/1530
f 1007/1611/1530 1032/1641/1560 1006/1610/1529
f 1032/1641/1560 1033/1642/1561 1006/1610/1529
f 1006/1610/1529 1033/1642/1561 1003/1606/1526
f 1033/1642/1561 1034/1643/1562 1003/1606/1526
f 1003/1606/1526 1034/1643/1562 1001/1604/1524
f 1034/1643/1562 1035/1644/1563 1001/1604/1524
f 1001/1604/1524 1035/1644/1563 999/1602/1522
f 1035/1644/1563 1036/1645/1564 999/1602/1522
f 999/1602/1522 1036/1645/1564 997/1600/1520
f 1036/1645/1564 1037/1646/1565 997/1600/1520
f 997/1600/1520 1037/1646/1565 996/1599/1519
f 1037/1646/1565 1038/1647/1566 996/1599/1519
f 2329/1477/1408 2331/1483/1414 2330/1639/1558
f 1038/1647/1566 1039/1648/1567 996/1599/1519
f 996/1599/1519 1039/1648/1567 994/1597/1517
f 2328/1649/1151 2329/1477/1408 2330/1639/1558
f 994/1597/1517 1039/1648/1567 991/1593/1513
f 1039/1648/1567 1040/1650/1568 991/1593/1513
f 2327/1472/1403 2329/1477/1408 2328/1649/1151
f 1040/1650/1568 1041/1651/1569 991/1593/1513
f 991/1593/1513 1041/1651/1569 989/1591/1511
f 1041/1651/1569 977/1577/1502 989/1591/1511
f 989/1591/1511 977/1577/1502 987/1589/1509
f 977/1577/1502 1042/1652/1570 987/1589/1509
f 987/1589/1509 1042/1652/1570 979/1579/1503
f 1042/1652/1570 977/1577/1502 979/1579/1503
f 2326/1653/1571 2327/1472/1403 2328/1649/1151
f 2325/1468/1399 2327/1472/1403 2326/1653/1571
f 2324/1654/1572 2325/1468/1399 2326/1653/1571
f 2323/1467/1398 2325/1468/1399 2324/1654/1572
f 979/1579/1503 983/1584/1507 987/1589/1509
f 2322/1655/1573 2323/1467/1398 2324/1654/1572
f 2321/1463/1396 2323/1467/1398 2322/1655/1573
f 2320/1656/1574 2321/1463/1396 2322/1655/1573
f 2319/1460/1394 2321/1463/1396 2320/1656/1574
f 988/1590/1510 986/1588/151 1043/1657/1575
f 2318/1658/1576 2319/1460/1394 2320/1656/1574
f 2317/1459/1393 2319/1460/1394 2318/1658/1576
f 2316/1659/1577 2317/1459/1393 2318/1658/1576
f 2314/1457/1391 2317/1459/1393 2316/1659/1577
f 977/1577/1502 1041/1651/1569 976/1576/1501
f 1041/1651/1569 1044/1660/1578 976/1576/1501
f 976/1576/1501 1044/1660/1578 974/1573/1498
f 2315/1661/1579 2314/1457/1391 2316/1659/1577
f 974/1573/1498 1044/1660/1578 971/1562/1488
f 2313/1662/1580 2314/1457/1391 2315/1661/1579
f 971/1562/1488 1044/1660/1578 1045/1663/1581
f 2312/1454/1388 2314/1457/1391 2313/1662/1580
f 1045/1663/1581 1044/1660/1578 1046/1664/1582
f 1044/1660/1578 1047/1665/1583 1046/1664/1582
f 1046/1664/1582 1047/1665/1583 1048/1666/1584
f 1047/1665/1583 1039/1648/1567 1048/1666/1584
f 1048/1666/1584 1039/1648/1567 1049/1667/1585
f 1039/1648/1567 1038/1647/1566 1049/1667/1585
f 1049/1667/1585 1038/1647/1566 1050/1668/1586
f 1038/1647/1566 1037/1646/1565 1050/1668/1586
f 1050/1668/1586 1037/1646/1565 1051/1669/1587
f 1037/1646/1565 1036/1645/1564 1051/1669/1587
f 1051/1669/1587 1036/1645/1564 1052/1670/1588
f 1036/1645/1564 1035/1644/1563 1052/1670/1588
f 1052/1670/1588 1035/1644/1563 1053/1671/1589
f 1035/1644/1563 1034/1643/1562 1053/1671/1589
f 1053/1671/1589 1034/1643/1562 1054/1672/1590
f 1034/1643/1562 1033/1642/1561 1054/1672/1590
f 1054/1672/1590 1033/1642/1561 1055/1673/1591
f 1033/1642/1561 1032/1641/1560 1055/1673/1591
f 2311/1674/1592 2312/1454/1388 2313/1662/1580
f 1032/1641/1560 1031/1640/1559 1055/1673/1591
f 1055/1673/1591 1031/1640/1559 1056/1675/1593
f 2310/1451/1385 2312/1454/1388 2311/1674/1592
f 1056/1675/1593 1031/1640/1559 1057/1676/1594
f 1031/1640/1559 1030/1638/1557 1057/1676/1594
f 2309/1443/1377 2310/1451/1385 2311/1674/1592
f 1030/1638/1557 1029/1637/1556 1057/1676/1594
f 1057/1676/1594 1029/1637/1556 1058/1677/1595
f 1029/1637/1556 1028/1636/1555 1058/1677/1595
f 1058/1677/1595 1028/1636/1555 1059/1678/1596
f 2308/1450/1384 2310/1451/1385 2309/1443/1377
f 1059/1678/1596 1028/1636/1555 1060/1679/1597
f 1028/1636/1555 1027/1635/1554 1060/1679/1597
f 1060/1679/1597 1027/1635/1554 1061/1680/1598
f 1027/1635/1554 1026/1634/1553 1061/1680/1598
f 2307/1445/1379 2308/1450/1384 2309/1443/1377
f 1026/1634/1553 1025/1633/1552 1061/1680/1598
f 1061/1680/1598 1025/1633/1552 1062/1681/1599
f 2306/1449/1383 2308/1450/1384 2307/1445/1379
f 1062/1681/1599 1025/1633/1552 1063/1682/1600
f 1025/1633/1552 1024/1631/1550 1063/1682/1600
f 1063/1682/1600 1024/1631/1550 1064/1683/1601
f 1024/1631/1550 1023/1630/1549 1064/1683/1601
f 2296/1444/1378 2306/1449/1383 2307/1445/1379
f 1023/1630/1549 1065/1684/1602 1064/1683/1601
f 2305/1446/1380 2306/1449/1383 2296/1444/1378
f 1065/1684/1602 1066/1685/1603 1064/1683/1601
f 1064/1683/1601 1066/1685/1603 1067/1686/1604
f 2297/1687/1605 2305/1446/1380 2296/1444/1378
f 1067/1686/1604 1066/1685/1603 1068/1688/1606
f 1066/1685/1603 1069/1689/1607 1068/1688/1606
f 1068/1688/1606 1069/1689/1607 1070/1690/1608
f 1069/1689/1607 1071/1691/1609 1070/1690/1608
f 1070/1690/1608 1071/1691/1609 1072/1692/1610
f 1071/1691/1609 1073/1693/1611 1072/1692/1610
f 1072/1692/1610 1073/1693/1611 1074/1694/1612
f 1073/1693/1611 1075/1695/1613 1074/1694/1612
f 1074/1694/1612 1075/1695/1613 1076/1696/1614
f 1075/1695/1613 1077/1697/1615 1076/1696/1614
f 2304/1260/1204 2305/1446/1380 2297/1687/1605
f 1077/1697/1615 1078/1698/1616 1076/1696/1614
f 1076/1696/1614 1078/1698/1616 1079/1699/1617
f 1078/1698/1616 1080/1700/1618 1079/1699/1617
f 1079/1699/1617 1080/1700/1618 1081/1701/1619
f 1080/1700/1618 1082/1702/1620 1081/1701/1619
f 1081/1701/1619 1082/1702/1620 1083/1703/1621
f 1082/1702/1620 1084/1704/1622 1083/1703/1621
f 1083/1703/1621 1084/1704/1622 1085/1705/1623
f 1084/1704/1622 1086/1706/1624 1085/1705/1623
f 1085/1705/1623 1086/1706/1624 1087/1707/1625
f 2298/1708/1626 2304/1260/1204 2297/1687/1605
f 1087/1707/1625 1086/1706/1624 1088/1709/1627
f 1086/1706/1624 1089/1710/1628 1088/1709/1627
f 1088/1709/1627 1089/1710/1628 1090/1711/1629
f 1089/1710/1628 1091/1712/1630 1090/1711/1629
f 1090/1711/1629 1091/1712/1630 1092/1713/1631
f 1091/1712/1630 1093/1714/1632 1092/1713/1631
f 1092/1713/1631 1093/1714/1632 1094/1715/1633
f 1093/1714/1632 1095/1716/1634 1094/1715/1633
f 1094/1715/1633 1095/1716/1634 1096/1717/1635
f 1095/1716/1634 1097/1718/1636 1096/1717/1635
f 1096/1717/1635 1097/1718/1636 1098/1719/1637
f 1097/1718/1636 1099/1720/1638 1098/1719/1637
f 2303/1257/1201 2304/1260/1204 2298/1708/1626
f 1099/1720/1638 1100/1721/1639 1098/1719/1637
f 1098/1719/1637 1100/1721/1639 1101/1722/1640
f 1100/1721/1639 1102/1723/1641 1101/1722/1640
f 1101/1722/1640 1102/1723/1641 1103/1724/1642
f 1102/1723/1641 1104/1725/1643 1103/1724/1642
f 1103/1724/1642 1104/1725/1643 1105/1726/1644
f 1104/1725/1643 1106/1727/1645 1105/1726/1644
f 1105/1726/1644 1106/1727/1645 1107/1728/1646
f 2301/1729/1647 2303/1257/1201 2298/1708/1626
f 1107/1728/1646 1106/1727/1645 1108/1730/1648
f 1106/1727/1645 1109/1731/1649 1108/1730/1648
f 1108/1730/1648 1109/1731/1649 1110/1732/1650
f 1109/1731/1649 1111/1733/1651 1110/1732/1650
f 1110/1732/1650 1111/1733/1651 1112/1734/1652
f 1111/1733/1651 1113/1735/1653 1112/1734/1652
f 1112/1734/1652 1113/1735/1653 1114/1736/1654
f 1113/1735/1653 1115/1737/1655 1114/1736/1654
f 2302/1254/1198 2303/1257/1201 2301/1729/1647
f 1115/1737/1655 1116/1738/1656 1114/1736/1654
f 1114/1736/1654 1116/1738/1656 1117/1739/1657
f 2300/1253/1197 2302/1254/1198 2301/1729/1647
f 1117/1739/1657 1116/1738/1656 1118/1740/1658
f 1116/1738/1656 1119/1741/1659 1118/1740/1658
f 1118/1740/1658 1119/1741/1659 1120/1742/1660
f 1119/1741/1659 1121/1743/1661 1120/1742/1660
f 1120/1742/1660 1121/1743/1661 1122/1744/1662
f 1121/1743/1661 1123/1745/1663 1122/1744/1662
f 1122/1744/1662 1123/1745/1663 1124/1746/1664
f 1123/1745/1663 1125/1747/1665 1124/1746/1664
f 1124/1746/1664 1125/1747/1665 1126/1748/1666
f 1125/1747/1665 1127/1749/1667 1126/1748/1666
f 1126/1748/1666 1127/1749/1667 1128/1750/1668
f 1127/1749/1667 1129/1751/1669 1128/1750/1668
f 1128/1750/1668 1129/1751/1669 1130/1752/1670
f 1129/1751/1669 1131/1753/1671 1130/1752/1670
f 1130/1752/1670 1131/1753/1671 1132/1754/1672
f 1131/1753/1671 1133/1755/1673 1132/1754/1672
f 1132/1754/1672 1133/1755/1673 1134/1756/1674
f 1133/1755/1673 1135/1757/1675 1134/1756/1674
f 1134/1756/1674 1135/1757/1675 1136/1758/1676
f 1135/1757/1675 1137/1759/1677 1136/1758/1676
f 1136/1758/1676 1137/1759/1677 1138/1760/1678
f 1137/1759/1677 1139/1761/1679 1138/1760/1678
f 1138/1760/1678 1139/1761/1679 1140/1762/1680
f 1139/1761/1679 1141/1763/1681 1140/1762/1680
f 1140/1762/1680 1141/1763/1681 1142/1764/1682
f 1141/1763/1681 1143/1765/1683 1142/1764/1682
f 1142/1764/1682 1143/1765/1683 1144/1766/1684
f 1143/1765/1683 1145/1767/1685 1144/1766/1684
f 1144/1766/1684 1145/1767/1685 1146/1768/1686
f 1145/1767/1685 1147/1769/1687 1146/1768/1686
f 1146/1768/1686 1147/1769/1687 1148/1770/1688
f 1147/1769/1687 1149/1771/1630 1148/1770/1688
f 1148/1770/1688 1149/1771/1630 1150/1772/1689
f 1149/1771/1630 1151/1773/1690 1150/1772/1689
f 2280/1774/1691 2282/1252/1196 2300/1253/1197
f 2292/1775/1692 2289/1776/1693 2287/1777/1694
f 2292/1775/1692 2280/1774/1691 2294/1778/1695
f 2281/1779/1696 2280/1774/1691 2292/1775/1692
f 1041/1651/1569 1040/1650/1568 1044/1660/1578
f 2287/1777/1694 2281/1779/1696 2292/1775/1692
f 1044/1660/1578 1040/1650/1568 1047/1665/1583
f 1040/1650/1568 1039/1648/1567 1047/1665/1583
f 2283/1780/1697 2281/1779/1696 2287/1777/1694
f 2299/1781/1698 2301/1729/1647 2298/1708/1626
f 2300/1253/1197 2301/1729/1647 2299/1781/1698
f 2280/1774/1691 2300/1253/1197 2299/1781/1698
f 1148/1770/1688 1150/1772/1689 1146/1768/1686
f 1150/1772/1689 1152/1782/1699 1146/1768/1686
f 1146/1768/1686 1152/1782/1699 1144/1766/1684
f 1152/1782/1699 1153/1783/1700 1144/1766/1684
f 1144/1766/1684 1153/1783/1700 1142/1764/1682
f 1153/1783/1700 1154/1784/1701 1142/1764/1682
f 1142/1764/1682 1154/1784/1701 1140/1762/1680
f 1154/1784/1701 1155/1785/1702 1140/1762/1680
f 1140/1762/1680 1155/1785/1702 1138/1760/1678
f 1155/1785/1702 1156/1786/1703 1138/1760/1678
f 1138/1760/1678 1156/1786/1703 1136/1758/1676
f 1156/1786/1703 1157/1787/1704 1136/1758/1676
f 1136/1758/1676 1157/1787/1704 1134/1756/1674
f 1157/1787/1704 1158/1788/1705 1134/1756/1674
f 1134/1756/1674 1158/1788/1705 1132/1754/1672
f 1158/1788/1705 1159/1789/1706 1132/1754/1672
f 1132/1754/1672 1159/1789/1706 1130/1752/1670
f 1159/1789/1706 1160/1790/1707 1130/1752/1670
f 1130/1752/1670 1160/1790/1707 1128/1750/1668
f 1160/1790/1707 1161/1791/1708 1128/1750/1668
f 1128/1750/1668 1161/1791/1708 1126/1748/1666
f 1161/1791/1708 1162/1792/1709 1126/1748/1666
f 1126/1748/1666 1162/1792/1709 1124/1746/1664
f 1162/1792/1709 1163/1793/1710 1124/1746/1664
f 1124/1746/1664 1163/1793/1710 1122/1744/1662
f 1163/1793/1710 1164/1794/1711 1122/1744/1662
f 1122/1744/1662 1164/1794/1711 1120/1742/1660
f 1164/1794/1711 1165/1795/1712 1120/1742/1660
f 1120/1742/1660 1165/1795/1712 1118/1740/1658
f 1165/1795/1712 1166/1796/1713 1118/1740/1658
f 1118/1740/1658 1166/1796/1713 1117/1739/1657
f 1166/1796/1713 1167/1797/1714 1117/1739/1657
f 1117/1739/1657 1167/1797/1714 1114/1736/1654
f 1167/1797/1714 1168/1798/1704 1114/1736/1654
f 1114/1736/1654 1168/1798/1704 1112/1734/1652
f 1168/1798/1704 1169/1799/1715 1112/1734/1652
f 2298/1708/1626 2280/1774/1691 2299/1781/1698
f 1169/1799/1715 1170/1800/1716 1112/1734/1652
f 1112/1734/1652 1170/1800/1716 1110/1732/1650
f 1170/1800/1716 1171/1801/1717 1110/1732/1650
f 1110/1732/1650 1171/1801/1717 1108/1730/1648
f 1171/1801/1717 1172/1802/1718 1108/1730/1648
f 1108/1730/1648 1172/1802/1718 1107/1728/1646
f 2297/1687/1605 2280/1774/1691 2298/1708/1626
f 1107/1728/1646 1172/1802/1718 1105/1726/1644
f 1172/1802/1718 1173/1803/1719 1105/1726/1644
f 1105/1726/1644 1173/1803/1719 1103/1724/1642
f 1173/1803/1719 1174/1804/1720 1103/1724/1642
f 1103/1724/1642 1174/1804/1720 1101/1722/1640
f 1174/1804/1720 1175/1805/1721 1101/1722/1640
f 1101/1722/1640 1175/1805/1721 1098/1719/1637
f 1175/1805/1721 1176/1806/1722 1098/1719/1637
f 1098/1719/1637 1176/1806/1722 1096/1717/1635
f 1176/1806/1722 1177/1807/1723 1096/1717/1635
f 1096/1717/1635 1177/1807/1723 1094/1715/1633
f 1177/1807/1723 1178/1808/1724 1094/1715/1633
f 1094/1715/1633 1178/1808/1724 1092/1713/1631
f 1178/1808/1724 1179/1809/1725 1092/1713/1631
f 1092/1713/1631 1179/1809/1725 1090/1711/1629
f 1179/1809/1725 1180/1810/1726 1090/1711/1629
f 1090/1711/1629 1180/1810/1726 1088/1709/1627
f 1180/1810/1726 1181/1811/1727 1088/1709/1627
f 1088/1709/1627 1181/1811/1727 1087/1707/1625
f 1181/1811/1727 1182/1812/1728 1087/1707/1625
f 2294/1778/1695 2280/1774/1691 2297/1687/1605
f 1182/1812/1728 1183/1813/1729 1087/1707/1625
f 1087/1707/1625 1183/1813/1729 1085/1705/1623
f 2296/1444/1378 2294/1778/1695 2297/1687/1605
f 1085/1705/1623 1183/1813/1729 1083/1703/1621
f 1183/1813/1729 1184/1814/1730 1083/1703/1621
f 1083/1703/1621 1184/1814/1730 1081/1701/1619
f 1184/1814/1730 1185/1815/1731 1081/1701/1619
f 1081/1701/1619 1185/1815/1731 1079/1699/1617
f 1185/1815/1731 1186/1816/1732 1079/1699/1617
f 1079/1699/1617 1186/1816/1732 1076/1696/1614
f 1186/1816/1732 1187/1817/1733 1076/1696/1614
f 2295/1818/1734 2294/1778/1695 2296/1444/1378
f 1187/1817/1733 1188/1819/1735 1076/1696/1614
f 1076/1696/1614 1188/1819/1735 1074/1694/1612
f 1188/1819/1735 1189/1820/1736 1074/1694/1612
f 1074/1694/1612 1189/1820/1736 1072/1692/1610
f 1189/1820/1736 1190/1821/1737 1072/1692/1610
f 1072/1692/1610 1190/1821/1737 1070/1690/1608
f 1190/1821/1737 1191/1822/1738 1070/1690/1608
f 1070/1690/1608 1191/1822/1738 1068/1688/1606
f 2293/1823/1592 2294/1778/1695 2295/1818/1734
f 1068/1688/1606 1191/1822/1738 1067/1686/1604
f 1191/1822/1738 1192/1824/1739 1067/1686/1604
f 1067/1686/1604 1192/1824/1739 1064/1683/1601
f 1192/1824/1739 1193/1825/1740 1064/1683/1601
f 1064/1683/1601 1193/1825/1740 1063/1682/1600
f 1193/1825/1740 1194/1826/1741 1063/1682/1600
f 1063/1682/1600 1194/1826/1741 1195/1827/1742
f 1194/1826/1741 1196/1828/1743 1195/1827/1742
f 2292/1775/1692 2294/1778/1695 2293/1823/1592
f 1196/1828/1743 1062/1681/1599 1195/1827/1742
f 1195/1827/1742 1062/1681/1599 1063/1682/1600
f 2291/1131/1082 2292/1775/1692 2293/1823/1592
f 2289/1776/1693 2292/1775/1692 2291/1131/1082
f 2290/1133/1084 2289/1776/1693 2291/1131/1082
f 2288/1221/1168 2289/1776/1693 2290/1133/1084
f 1193/1825/1740 1192/1824/1739 1197/1829/1744
f 1197/1829/1744 1192/1824/1739 1191/1822/1738
f 2287/1777/1694 2289/1776/1693 2288/1221/1168
f 2286/1222/1169 2287/1777/1694 2288/1221/1168
f 2283/1780/1697 2287/1777/1694 2286/1222/1169
f 2285/1225/1172 2283/1780/1697 2286/1222/1169
f 1193/1825/1740 1197/1829/1744 1194/1826/1741
f 1194/1826/1741 1197/1829/1744 1198/1830/1745
f 1197/1829/1744 1199/1831/1746 1198/1830/1745
f 1198/1830/1745 1199/1831/1746 1200/1832/1747
f 2284/1238/1185 2283/1780/1697 2285/1225/1172
f 1200/1832/1747 1199/1831/1746 1201/1833/1748
f 1199/1831/1746 1197/1829/1744 1201/1833/1748
f 1201/1833/1748 1197/1829/1744 1202/1834/1749
f 1197/1829/1744 1191/1822/1738 1202/1834/1749
f 2282/1252/1196 2283/1780/1697 2284/1238/1185
f 1191/1822/1738 1190/1821/1737 1202/1834/1749
f 1202/1834/1749 1190/1821/1737 1203/1835/1750
f 1190/1821/1737 1189/1820/1736 1203/1835/1750
f 1203/1835/1750 1189/1820/1736 1204/1836/1751
f 1189/1820/1736 1205/1837/1752 1204/1836/1751
f 2281/1779/1696 2283/1780/1697 2282/1252/1196
f 1205/1837/1752 1206/1838/1753 1204/1836/1751
f 1204/1836/1751 1206/1838/1753 1203/1835/1750
f 1206/1838/1753 1207/1839/1754 1203/1835/1750
f 1203/1835/1750 1207/1839/1754 1202/1834/1749
f 1207/1839/1754 1201/1833/1748 1202/1834/1749
f 2280/1774/1691 2281/1779/1696 2282/1252/1196
f 2278/1840/1755 2276/1841/1756 2275/1842/1757
f 2277/1843/1758 2278/1840/1755 2275/1842/1757
f 2279/1844/1759 614/1017/975 616/1019/977
f 1194/1826/1741 1198/1830/1745 1196/1828/1743
f 618/1021/979 2279/1844/1759 616/1019/977
f 671/1086/1037 2279/1844/1759 618/1021/979
f 672/1089/1040 2279/1844/1759 671/1086/1037
f 2273/1845/1760 2279/1844/1759 672/1089/1040
f 1189/1820/1736 1188/1819/1735 1205/1837/1752
f 1205/1837/1752 1188/1819/1735 1208/1846/1761
f 1188/1819/1735 1187/1817/1733 1208/1846/1761
f 1208/1846/1761 1187/1817/1733 1209/1847/1762
f 1187/1817/1733 1186/1816/1732 1209/1847/1762
f 1209/1847/1762 1186/1816/1732 1210/1848/1763
f 1186/1816/1732 1185/1815/1731 1210/1848/1763
f 1210/1848/1763 1185/1815/1731 1211/1849/1764
f 1185/1815/1731 1184/1814/1730 1211/1849/1764
f 1211/1849/1764 1184/1814/1730 1212/1850/1765
f 1184/1814/1730 1183/1813/1729 1212/1850/1765
f 1212/1850/1765 1183/1813/1729 1213/1851/1764
f 1183/1813/1729 1182/1812/1728 1213/1851/1764
f 1213/1851/1764 1182/1812/1728 1214/1852/1766
f 1182/1812/1728 1181/1811/1727 1214/1852/1766
f 1214/1852/1766 1181/1811/1727 1215/1853/1767
f 1181/1811/1727 1180/1810/1726 1215/1853/1767
f 1215/1853/1767 1180/1810/1726 1216/1854/1768
f 1180/1810/1726 1179/1809/1725 1216/1854/1768
f 2276/1841/1756 2279/1844/1759 2273/1845/1760
f 1179/1809/1725 1178/1808/1724 1216/1854/1768
f 1216/1854/1768 1178/1808/1724 1217/1855/1769
f 1178/1808/1724 1177/1807/1723 1217/1855/1769
f 1217/1855/1769 1177/1807/1723 1218/1856/1770
f 2278/1840/1755 2279/1844/1759 2276/1841/1756
f 1218/1856/1770 1177/1807/1723 1219/1857/1771
f 1177/1807/1723 1176/1806/1722 1219/1857/1771
f 1219/1857/1771 1176/1806/1722 1220/1858/1772
f 1176/1806/1722 1175/1805/1721 1220/1858/1772
f 1220/1858/1772 1175/1805/1721 1221/1859/1773
f 1175/1805/1721 1174/1804/1720 1221/1859/1773
f 1221/1859/1773 1174/1804/1720 1222/1860/1774
f 1174/1804/1720 1173/1803/1719 1222/1860/1774
f 1222/1860/1774 1173/1803/1719 1223/1861/1775
f 1173/1803/1719 1172/1802/1718 1223/1861/1775
f 1223/1861/1775 1172/1802/1718 1224/1862/1776
f 1172/1802/1718 1171/1801/1717 1224/1862/1776
f 1224/1862/1776 1171/1801/1717 1225/1863/1777
f 1171/1801/1717 1170/1800/1716 1225/1863/1777
f 1225/1863/1777 1170/1800/1716 1226/1864/1778
f 1170/1800/1716 1169/1799/1715 1226/1864/1778
f 614/1017/975 2279/1844/1759 2278/1840/1755
f 1169/1799/1715 1168/1798/1704 1226/1864/1778
f 1226/1864/1778 1168/1798/1704 1227/1865/1779
f 1168/1798/1704 1167/1797/1714 1227/1865/1779
f 1227/1865/1779 1167/1797/1714 1228/1866/1780
f 1167/1797/1714 1166/1796/1713 1228/1866/1780
f 1228/1866/1780 1166/1796/1713 1229/1867/1781
f 1166/1796/1713 1165/1795/1712 1229/1867/1781
f 1229/1867/1781 1165/1795/1712 1230/1868/1782
f 2277/1843/1758 614/1017/975 2278/1840/1755
f 1230/1868/1782 1165/1795/1712 1231/1869/1783
f 1165/1795/1712 1164/1794/1711 1231/1869/1783
f 1231/1869/1783 1164/1794/1711 1232/1870/1784
f 1164/1794/1711 1163/1793/1710 1232/1870/1784
f 1232/1870/1784 1163/1793/1710 1233/1871/1785
f 1163/1793/1710 1162/1792/1709 1233/1871/1785
f 1233/1871/1785 1162/1792/1709 1234/1872/1786
f 1162/1792/1709 1161/1791/1708 1234/1872/1786
f 1234/1872/1786 1161/1791/1708 1235/1873/1787
f 1161/1791/1708 1160/1790/1707 1235/1873/1787
f 1235/1873/1787 1160/1790/1707 1236/1874/1788
f 1160/1790/1707 1159/1789/1706 1236/1874/1788
f 1236/1874/1788 1159/1789/1706 1237/1875/1789
f 1159/1789/1706 1158/1788/1705 1237/1875/1789
f 1237/1875/1789 1158/1788/1705 1238/1876/1790
f 1158/1788/1705 1157/1787/1704 1238/1876/1790
f 1238/1876/1790 1157/1787/1704 1239/1877/1791
f 1157/1787/1704 1156/1786/1703 1239/1877/1791
f 1239/1877/1791 1156/1786/1703 1240/1878/1792
f 1156/1786/1703 1155/1785/1702 1240/1878/1792
f 1240/1878/1792 1155/1785/1702 1241/1879/1793
f 1155/1785/1702 1154/1784/1701 1241/1879/1793
f 1241/1879/1793 1154/1784/1701 1242/1880/1794
f 1154/1784/1701 1153/1783/1700 1242/1880/1794
f 1242/1880/1794 1153/1783/1700 1243/1881/1795
f 1153/1783/1700 1152/1782/1699 1243/1881/1795
f 1243/1881/1795 1152/1782/1699 1244/1882/1796
f 1152/1782/1699 1150/1772/1689 1244/1882/1796
f 611/1012/970 614/1017/975 2277/1843/1758
f 1150/1772/1689 1151/1773/1690 1244/1882/1796
f 605/998/957 611/1012/970 2277/1843/1758
f 1151/1773/1690 1245/1883/1797 1244/1882/1796
f 1244/1882/1796 1245/1883/1797 1246/1884/1798
f 1245/1883/1797 1247/1885/1799 1246/1884/1798
f 602/994/953 605/998/957 2277/1843/1758
f 2275/1842/1757 602/994/953 2277/1843/1758
f 600/992/951 602/994/953 2275/1842/1757
f 2271/1886/1800 2274/1887/1801 2272/1888/1802
f 1246/1884/1798 1248/1889/1803 1244/1882/1796
f 2276/1841/1756 2273/1845/1760 2272/1888/1802
f 1244/1882/1796 1248/1889/1803 1243/1881/1795
f 1248/1889/1803 1249/1890/1804 1243/1881/1795
f 1243/1881/1795 1249/1890/1804 1242/1880/1794
f 1249/1890/1804 1250/1891/1805 1242/1880/1794
f 1242/1880/1794 1250/1891/1805 1241/1879/1793
f 1250/1891/1805 1251/1892/1806 1241/1879/1793
f 1241/1879/1793 1251/1892/1806 1240/1878/1792
f 1251/1892/1806 1252/1893/1807 1240/1878/1792
f 1240/1878/1792 1252/1893/1807 1239/1877/1791
f 1252/1893/1807 1253/1894/1808 1239/1877/1791
f 1239/1877/1791 1253/1894/1808 1238/1876/1790
f 1253/1894/1808 1254/1895/1809 1238/1876/1790
f 1238/1876/1790 1254/1895/1809 1237/1875/1789
f 1254/1895/1809 1255/1896/1810 1237/1875/1789
f 1237/1875/1789 1255/1896/1810 1236/1874/1788
f 1255/1896/1810 1256/1897/1811 1236/1874/1788
f 1236/1874/1788 1256/1897/1811 1235/1873/1787
f 1256/1897/1811 1257/1898/1812 1235/1873/1787
f 1235/1873/1787 1257/1898/1812 1234/1872/1786
f 1257/1898/1812 1258/1899/1813 1234/1872/1786
f 2274/1887/1801 2276/1841/1756 2272/1888/1802
f 1258/1899/1813 1259/1900/1814 1234/1872/1786
f 1234/1872/1786 1259/1900/1814 1233/1871/1785
f 1259/1900/1814 1260/1901/1815 1233/1871/1785
f 1233/1871/1785 1260/1901/1815 1232/1870/1784
f 1260/1901/1815 1261/1902/1816 1232/1870/1784
f 1232/1870/1784 1261/1902/1816 1231/1869/1783
f 1261/1902/1816 1262/1903/1817 1231/1869/1783
f 1231/1869/1783 1262/1903/1817 1230/1868/1782
f 2275/1842/1757 2276/1841/1756 2274/1887/1801
f 1230/1868/1782 1262/1903/1817 1229/1867/1781
f 1262/1903/1817 1263/1904/1818 1229/1867/1781
f 1229/1867/1781 1263/1904/1818 1228/1866/1780
f 1263/1904/1818 1264/1905/1819 1228/1866/1780
f 1228/1866/1780 1264/1905/1819 1227/1865/1779
f 1264/1905/1819 1265/1906/1820 1227/1865/1779
f 1227/1865/1779 1265/1906/1820 1226/1864/1778
f 1265/1906/1820 1266/1907/1821 1226/1864/1778
f 1226/1864/1778 1266/1907/1821 1225/1863/1777
f 1266/1907/1821 1267/1908/1822 1225/1863/1777
f 1225/1863/1777 1267/1908/1822 1224/1862/1776
f 1267/1908/1822 1268/1909/1823 1224/1862/1776
f 1224/1862/1776 1268/1909/1823 1223/1861/1775
f 600/992/951 2275/1842/1757 2274/1887/1801
f 2271/1886/1800 600/992/951 2274/1887/1801
f 598/990/949 600/992/951 2271/1886/1800
f 596/988/947 598/990/949 2271/1886/1800
f 1268/1909/1823 1267/1908/1822 1269/1910/1824
f 693/1119/1070 2273/1845/1760 672/1089/1040
f 1267/1908/1822 1266/1907/1821 1269/1910/1824
f 1269/1910/1824 1266/1907/1821 1270/1911/1825
f 1266/1907/1821 1265/1906/1820 1270/1911/1825
f 1270/1911/1825 1265/1906/1820 1271/1912/1826
f 1265/1906/1820 1264/1905/1819 1271/1912/1826
f 1271/1912/1826 1264/1905/1819 1272/1913/1827
f 1264/1905/1819 1263/1904/1818 1272/1913/1827
f 1272/1913/1827 1263/1904/1818 1273/1914/1828
f 2272/1888/1802 2273/1845/1760 693/1119/1070
f 1273/1914/1828 1263/1904/1818 1274/1915/1829
f 1263/1904/1818 1262/1903/1817 1274/1915/1829
f 1274/1915/1829 1262/1903/1817 1275/1916/1830
f 1262/1903/1817 1261/1902/1816 1275/1916/1830
f 1275/1916/1830 1261/1902/1816 1276/1917/1831
f 1261/1902/1816 1260/1901/1815 1276/1917/1831
f 1276/1917/1831 1260/1901/1815 1277/1918/1832
f 1260/1901/1815 1259/1900/1814 1277/1918/1832
f 1277/1918/1832 1259/1900/1814 1278/1919/1833
f 1259/1900/1814 1258/1899/1813 1278/1919/1833
f 694/1123/1074 2272/1888/1802 693/1119/1070
f 1258/1899/1813 1257/1898/1812 1278/1919/1833
f 1278/1919/1833 1257/1898/1812 1279/1920/1834
f 1257/1898/1812 1256/1897/1811 1279/1920/1834
f 1279/1920/1834 1256/1897/1811 1280/1921/1835
f 1256/1897/1811 1255/1896/1810 1280/1921/1835
f 1280/1921/1835 1255/1896/1810 1281/1922/1836
f 2271/1886/1800 2272/1888/1802 694/1123/1074
f 1281/1922/1836 1255/1896/1810 1282/1923/1837
f 1255/1896/1810 1254/1895/1809 1282/1923/1837
f 1282/1923/1837 1254/1895/1809 1283/1924/1838
f 1254/1895/1809 1253/1894/1808 1283/1924/1838
f 1283/1924/1838 1253/1894/1808 1284/1925/1839
f 1253/1894/1808 1252/1893/1807 1284/1925/1839
f 1284/1925/1839 1252/1893/1807 1285/1926/1840
f 1252/1893/1807 1251/1892/1806 1285/1926/1840
f 1285/1926/1840 1251/1892/1806 1286/1927/1841
f 1251/1892/1806 1250/1891/1805 1286/1927/1841
f 1286/1927/1841 1250/1891/1805 1287/1928/1842
f 1250/1891/1805 1249/1890/1804 1287/1928/1842
f 1287/1928/1842 1249/1890/1804 1288/1929/1843
f 1249/1890/1804 1248/1889/1803 1288/1929/1843
f 1288/1929/1843 1248/1889/1803 1289/1930/1844
f 1248/1889/1803 1246/1884/1798 1289/1930/1844
f 1289/1930/1844 1246/1884/1798 1290/1931/1845
f 1246/1884/1798 1247/1885/1799 1290/1931/1845
f 1290/1931/1845 1247/1885/1799 1291/1932/1846
f 1247/1885/1799 1292/1933/1630 1291/1932/1846
f 1291/1932/1846 1292/1933/1630 1293/1934/1847
f 1292/1933/1630 1294/1935/1848 1293/1934/1847
f 717/1158/1108 2271/1886/1800 694/1123/1074
f 1294/1935/1848 1295/1936/1849 1293/1934/1847
f 1293/1934/1847 1295/1936/1849 1296/1937/1850
f 1295/1936/1849 1297/1938/1851 1296/1937/1850
f 596/988/947 2271/1886/1800 717/1158/1108
f 1297/1938/1851 1298/1939/1852 1296/1937/1850
f 1296/1937/1850 1298/1939/1852 1293/1934/1847
f 1298/1939/1852 1299/1940/1853 1293/1934/1847
f 1293/1934/1847 1299/1940/1853 1291/1932/1846
f 1299/1940/1853 1300/1941/1854 1291/1932/1846
f 1291/1932/1846 1300/1941/1854 1290/1931/1845
f 1300/1941/1854 1301/1942/1855 1290/1931/1845
f 1290/1931/1845 1301/1942/1855 1289/1930/1844
f 1301/1942/1855 1302/1943/1856 1289/1930/1844
f 1289/1930/1844 1302/1943/1856 1288/1929/1843
f 1302/1943/1856 1303/1944/1857 1288/1929/1843
f 1288/1929/1843 1303/1944/1857 1287/1928/1842
f 1303/1944/1857 1304/1945/1858 1287/1928/1842
f 1287/1928/1842 1304/1945/1858 1286/1927/1841
f 1304/1945/1858 1305/1946/1859 1286/1927/1841
f 1286/1927/1841 1305/1946/1859 1285/1926/1840
f 1305/1946/1859 1306/1947/1860 1285/1926/1840
f 1285/1926/1840 1306/1947/1860 1307/1948/1861
f 594/986/945 596/988/947 717/1158/1108
f 1307/1948/1861 1306/1947/1860 1308/1949/1862
f 1306/1947/1860 1305/1946/1859 1308/1949/1862
f 1308/1949/1862 1305/1946/1859 1309/1950/1863
f 1305/1946/1859 1304/1945/1858 1309/1950/1863
f 1309/1950/1863 1304/1945/1858 1310/1951/1864
f 1304/1945/1858 1303/1944/1857 1310/1951/1864
f 1310/1951/1864 1303/1944/1857 1311/1952/1865
f 1303/1944/1857 1312/1953/1866 1311/1952/1865
f 1311/1952/1865 1312/1953/1866 1310/1951/1864
f 1312/1953/1866 1313/1954/1867 1310/1951/1864
f 1310/1951/1864 1313/1954/1867 1309/1950/1863
f 1313/1954/1867 1314/1955/1868 1309/1950/1863
f 1309/1950/1863 1314/1955/1868 1308/1949/1862
f 1314/1955/1868 1315/1956/1869 1308/1949/1862
f 2270/1957/1870 2269/1958/1871 1302/1943/1856
f 1315/1956/1869 1316/1959/1872 1308/1949/1862
f 1301/1942/1855 2270/1957/1870 1302/1943/1856
f 1316/1959/1872 1317/1960/1873 1308/1949/1862
f 1308/1949/1862 1317/1960/1873 1307/1948/1861
f 1317/1960/1873 1318/1961/1874 1307/1948/1861
f 1307/1948/1861 1318/1961/1874 1284/1925/1839
f 2269/1958/1871 2270/1957/1870 1301/1942/1855
f 1284/1925/1839 1318/1961/1874 1283/1924/1838
f 1300/1941/1854 2269/1958/1871 1301/1942/1855
f 1283/1924/1838 1318/1961/1874 1282/1923/1837
f 1318/1961/1874 1319/1962/1875 1282/1923/1837
f 1282/1923/1837 1319/1962/1875 1281/1922/1836
f 1319/1962/1875 1320/1963/1876 1281/1922/1836
f 1281/1922/1836 1320/1963/1876 1280/1921/1835
f 1320/1963/1876 1321/1964/1877 1280/1921/1835
f 1280/1921/1835 1321/1964/1877 1279/1920/1834
f 1321/1964/1877 1322/1965/1878 1279/1920/1834
f 1279/1920/1834 1322/1965/1878 1278/1919/1833
f 1322/1965/1878 1323/1966/1879 1278/1919/1833
f 2268/1967/1880 2269/1958/1871 1300/1941/1854
f 1323/1966/1879 1324/1968/1881 1278/1919/1833
f 1278/1919/1833 1324/1968/1881 1277/1918/1832
f 1324/1968/1881 1325/1969/1882 1277/1918/1832
f 1277/1918/1832 1325/1969/1882 1276/1917/1831
f 1325/1969/1882 1326/1970/1883 1276/1917/1831
f 1276/1917/1831 1326/1970/1883 1275/1916/1830
f 1326/1970/1883 1327/1971/1884 1275/1916/1830
f 1275/1916/1830 1327/1971/1884 1274/1915/1829
f 1327/1971/1884 1328/1972/1885 1274/1915/1829
f 1274/1915/1829 1328/1972/1885 1273/1914/1828
f 1328/1972/1885 1329/1973/1886 1273/1914/1828
f 1273/1914/1828 1329/1973/1886 1272/1913/1827
f 1329/1973/1886 1330/1974/1887 1272/1913/1827
f 1272/1913/1827 1330/1974/1887 1271/1912/1826
f 1330/1974/1887 1331/1975/1888 1271/1912/1826
f 1271/1912/1826 1331/1975/1888 1270/1911/1825
f 1331/1975/1888 1332/1976/1889 1270/1911/1825
f 1270/1911/1825 1332/1976/1889 1269/1910/1824
f 1332/1976/1889 1333/1977/1890 1269/1910/1824
f 1299/1940/1853 2268/1967/1880 1300/1941/1854
f 1333/1977/1890 1334/1978/1891 1269/1910/1824
f 1269/1910/1824 1334/1978/1891 1268/1909/1823
f 1334/1978/1891 1335/1979/1892 1268/1909/1823
f 1268/1909/1823 1335/1979/1892 1223/1861/1775
f 1335/1979/1892 1336/1980/1893 1223/1861/1775
f 1223/1861/1775 1336/1980/1893 1222/1860/1774
f 2267/1981/1894 2268/1967/1880 1299/1940/1853
f 1298/1939/1852 2267/1981/1894 1299/1940/1853
f 2266/1982/1895 2267/1981/1894 1298/1939/1852
f 2264/1983/1896 2266/1982/1895 1298/1939/1852
f 1297/1938/1851 1295/1936/1849 1337/1984/1897
f 1297/1938/1851 2264/1983/1896 1298/1939/1852
f 1312/1953/1866 1302/1943/1856 2269/1958/1871
f 2268/1967/1880 1312/1953/1866 2269/1958/1871
f 1313/1954/1867 1312/1953/1866 2268/1967/1880
f 1307/1948/1861 1284/1925/1839 1285/1926/1840
f 2267/1981/1894 1313/1954/1867 2268/1967/1880
f 1314/1955/1868 1313/1954/1867 2267/1981/1894
f 2266/1982/1895 1314/1955/1868 2267/1981/1894
f 1315/1956/1869 1314/1955/1868 2266/1982/1895
f 1312/1953/1866 1303/1944/1857 1302/1943/1856
f 1316/1959/1872 1315/1956/1869 2266/1982/1895
f 1361/1985/1898 1316/1959/1872 2266/1982/1895
f 2264/1983/1896 1361/1985/1898 2266/1982/1895
f 1362/1986/1899 2263/1987/1900 1463/1988/1901
f 1336/1980/1893 1335/1979/1892 1338/1989/1902
f 1335/1979/1892 1334/1978/1891 1338/1989/1902
f 1338/1989/1902 1334/1978/1891 1339/1990/1903
f 1334/1978/1891 1333/1977/1890 1339/1990/1903
f 1339/1990/1903 1333/1977/1890 1340/1991/1904
f 2265/1992/1905 2263/1987/1900 1362/1986/1899
f 1340/1991/1904 1333/1977/1890 1341/1993/1906
f 1333/1977/1890 1332/1976/1889 1341/1993/1906
f 1341/1993/1906 1332/1976/1889 1342/1994/1907
f 1332/1976/1889 1331/1975/1888 1342/1994/1907
f 1342/1994/1907 1331/1975/1888 1343/1995/1908
f 1331/1975/1888 1330/1974/1887 1343/1995/1908
f 1343/1995/1908 1330/1974/1887 1344/1996/1909
f 1330/1974/1887 1329/1973/1886 1344/1996/1909
f 1344/1996/1909 1329/1973/1886 1345/1997/1910
f 1329/1973/1886 1328/1972/1885 1345/1997/1910
f 1345/1997/1910 1328/1972/1885 1346/1998/1911
f 1328/1972/1885 1327/1971/1884 1346/1998/1911
f 1346/1998/1911 1327/1971/1884 1347/1999/1912
f 1327/1971/1884 1326/1970/1883 1347/1999/1912
f 1347/1999/1912 1326/1970/1883 1348/2000/1913
f 1326/1970/1883 1325/1969/1882 1348/2000/1913
f 1348/2000/1913 1325/1969/1882 1349/2001/146
f 1325/1969/1882 1324/1968/1881 1349/2001/146
f 1349/2001/146 1324/1968/1881 1350/2002/1914
f 1324/1968/1881 1323/1966/1879 1350/2002/1914
f 1350/2002/1914 1323/1966/1879 1351/2003/1915
f 1323/1966/1879 1322/1965/1878 1351/2003/1915
f 1361/1985/1898 2265/1992/1905 1362/1986/1899
f 1322/1965/1878 1321/1964/1877 1351/2003/1915
f 1351/2003/1915 1321/1964/1877 1352/2004/1916
f 1321/1964/1877 1320/1963/1876 1352/2004/1916
f 1352/2004/1916 1320/1963/1876 1353/2005/1917
f 1320/1963/1876 1319/1962/1875 1353/2005/1917
f 1353/2005/1917 1319/1962/1875 1354/2006/1918
f 1319/1962/1875 1318/1961/1874 1354/2006/1918
f 1354/2006/1918 1318/1961/1874 1355/2007/1919
f 1318/1961/1874 1317/1960/1873 1355/2007/1919
f 1355/2007/1919 1317/1960/1873 1356/2008/1920
f 1317/1960/1873 1316/1959/1872 1356/2008/1920
f 2264/1983/1896 2265/1992/1905 1361/1985/1898
f 2263/1987/1900 2265/1992/1905 2264/1983/1896
f 1297/1938/1851 2263/1987/1900 2264/1983/1896
f 1337/1984/1897 2263/1987/1900 1297/1938/1851
f 1356/2008/1920 1357/2009/1921 1355/2007/1919
f 2262/2010/1922 2263/1987/1900 1337/1984/1897
f 1355/2007/1919 1357/2009/1921 1354/2006/1918
f 1357/2009/1921 1358/2011/1923 1354/2006/1918
f 1354/2006/1918 1358/2011/1923 1353/2005/1917
f 1463/1988/1901 2263/1987/1900 2262/2010/1922
f 1464/2012/1679 1463/1988/1901 2262/2010/1922
f 2261/2013/1924 2258/2014/1925 2257/2015/1926
f 2256/2016/1927 2261/2013/1924 2257/2015/1926
f 1358/2011/1923 1357/2009/1921 1359/2017/1928
f 2255/2018/1929 2261/2013/1924 2256/2016/1927
f 1357/2009/1921 1356/2008/1920 1359/2017/1928
f 1359/2017/1928 1356/2008/1920 1360/2019/1930
f 1356/2008/1920 1361/1985/1898 1360/2019/1930
f 2235/2020/1931 2261/2013/1924 2255/2018/1929
f 1361/1985/1898 1362/1986/1899 1360/2019/1930
f 1360/2019/1930 1362/1986/1899 1359/2017/1928
f 1362/1986/1899 1363/2021/1932 1359/2017/1928
f 2234/2022/1933 2261/2013/1924 2235/2020/1931
f 1363/2021/1932 1364/2023/1934 1359/2017/1928
f 1359/2017/1928 1364/2023/1934 1358/2011/1923
f 1364/2023/1934 1365/2024/1935 1358/2011/1923
f 1358/2011/1923 1365/2024/1935 1353/2005/1917
f 2258/2014/1925 2261/2013/1924 2234/2022/1933
f 1353/2005/1917 1365/2024/1935 1352/2004/1916
f 2233/2025/1936 2258/2014/1925 2234/2022/1933
f 1352/2004/1916 1365/2024/1935 1351/2003/1915
f 1365/2024/1935 1366/2026/1937 1351/2003/1915
f 2259/2027/1938 2258/2014/1925 2233/2025/1936
f 1366/2026/1937 1367/2028/1939 1351/2003/1915
f 1351/2003/1915 1367/2028/1939 1350/2002/1914
f 1367/2028/1939 1368/2029/1940 1350/2002/1914
f 1350/2002/1914 1368/2029/1940 1349/2001/146
f 1368/2029/1940 1369/2030/1867 1349/2001/146
f 1349/2001/146 1369/2030/1867 1348/2000/1913
f 1369/2030/1867 1370/2031/1941 1348/2000/1913
f 1348/2000/1913 1370/2031/1941 1347/1999/1912
f 1370/2031/1941 1371/2032/1942 1347/1999/1912
f 1347/1999/1912 1371/2032/1942 1346/1998/1911
f 2232/2033/1943 2259/2027/1938 2233/2025/1936
f 1346/1998/1911 1371/2032/1942 1345/1997/1910
f 1371/2032/1942 1372/2034/1944 1345/1997/1910
f 1345/1997/1910 1372/2034/1944 1344/1996/1909
f 1372/2034/1944 1373/2035/1945 1344/1996/1909
f 1344/1996/1909 1373/2035/1945 1343/1995/1908
f 1373/2035/1945 1374/2036/1946 1343/1995/1908
f 1343/1995/1908 1374/2036/1946 1342/1994/1907
f 1374/2036/1946 1375/2037/1947 1342/1994/1907
f 1342/1994/1907 1375/2037/1947 1341/1993/1906
f 1375/2037/1947 1376/2038/1948 1341/1993/1906
f 1341/1993/1906 1376/2038/1948 1340/1991/1904
f 2260/2039/1949 2259/2027/1938 2232/2033/1943
f 2231/2040/1950 2260/2039/1949 2232/2033/1943
f 2230/2041/1951 2260/2039/1949 2231/2040/1950
f 2228/2042/1952 2260/2039/1949 2230/2041/1951
f 1356/2008/1920 1316/1959/1872 1361/1985/1898
f 2227/2043/32 2260/2039/1949 2228/2042/1952
f 2259/2027/1938 2260/2039/1949 2227/2043/32
f 2226/2044/1953 2259/2027/1938 2227/2043/32
f 2258/2014/1925 2259/2027/1938 2226/2044/1953
f 1376/2038/1948 1375/2037/1947 1377/2045/1954
f 1375/2037/1947 1374/2036/1946 1377/2045/1954
f 1377/2045/1954 1374/2036/1946 1378/2046/1955
f 1374/2036/1946 1373/2035/1945 1378/2046/1955
f 1378/2046/1955 1373/2035/1945 1379/2047/1956
f 1373/2035/1945 1372/2034/1944 1379/2047/1956
f 1379/2047/1956 1372/2034/1944 1380/2048/1957
f 1372/2034/1944 1371/2032/1942 1380/2048/1957
f 1380/2048/1957 1371/2032/1942 1381/2049/1958
f 2257/2015/1926 2258/2014/1925 2226/2044/1953
f 1381/2049/1958 1371/2032/1942 1382/2050/1959
f 1371/2032/1942 1370/2031/1941 1382/2050/1959
f 1382/2050/1959 1370/2031/1941 1383/2051/1960
f 1370/2031/1941 1369/2030/1867 1383/2051/1960
f 1383/2051/1960 1369/2030/1867 1384/2052/1961
f 1369/2030/1867 1368/2029/1940 1384/2052/1961
f 1384/2052/1961 1368/2029/1940 1385/2053/1962
f 1368/2029/1940 1367/2028/1939 1385/2053/1962
f 1385/2053/1962 1367/2028/1939 1386/2054/1963
f 1367/2028/1939 1366/2026/1937 1386/2054/1963
f 1386/2054/1963 1366/2026/1937 1387/2055/1964
f 1366/2026/1937 1365/2024/1935 1387/2055/1964
f 2160/2056/1965 2257/2015/1926 2226/2044/1953
f 1365/2024/1935 1364/2023/1934 1387/2055/1964
f 1387/2055/1964 1364/2023/1934 1388/2057/1156
f 1364/2023/1934 1363/2021/1932 1388/2057/1156
f 2161/2058/1966 2257/2015/1926 2160/2056/1965
f 2256/2016/1927 2257/2015/1926 2161/2058/1966
f 2162/2059/1967 2256/2016/1927 2161/2058/1966
f 2253/2060/1968 2256/2016/1927 2162/2059/1967
f 1388/2057/1156 1389/2061/1969 1387/2055/1964
f 2255/2018/1929 2256/2016/1927 2253/2060/1968
f 1387/2055/1964 1389/2061/1969 1386/2054/1963
f 1389/2061/1969 1390/2062/1970 1386/2054/1963
f 1386/2054/1963 1390/2062/1970 1385/2053/1962
f 1390/2062/1970 1391/2063/1971 1385/2053/1962
f 1385/2053/1962 1391/2063/1971 1384/2052/1961
f 1391/2063/1971 1392/2064/1972 1384/2052/1961
f 1384/2052/1961 1392/2064/1972 1383/2051/1960
f 1392/2064/1972 1393/2065/1973 1383/2051/1960
f 1383/2051/1960 1393/2065/1973 1382/2050/1959
f 1393/2065/1973 1394/2066/1966 1382/2050/1959
f 1382/2050/1959 1394/2066/1966 1381/2049/1958
f 1394/2066/1966 1395/2067/1974 1381/2049/1958
f 1381/2049/1958 1395/2067/1974 1380/2048/1957
f 1395/2067/1974 1396/2068/1975 1380/2048/1957
f 1380/2048/1957 1396/2068/1975 1379/2047/1956
f 1396/2068/1975 1397/2069/1976 1379/2047/1956
f 1379/2047/1956 1397/2069/1976 1378/2046/1955
f 1397/2069/1976 1398/2070/1977 1378/2046/1955
f 1378/2046/1955 1398/2070/1977 1377/2045/1954
f 1398/2070/1977 1399/2071/1978 1377/2045/1954
f 2254/2072/1979 2255/2018/1929 2253/2060/1968
f 1399/2071/1978 1400/2073/1980 1377/2045/1954
f 2236/2074/1981 2235/2020/1931 2255/2018/1929
f 1400/2073/1980 1401/2075/1982 1377/2045/1954
f 1377/2045/1954 1401/2075/1982 1376/2038/1948
f 1401/2075/1982 1402/2076/1983 1376/2038/1948
f 1376/2038/1948 1402/2076/1983 1340/1991/1904
f 1402/2076/1983 1403/2077/1984 1340/1991/1904
f 1340/1991/1904 1403/2077/1984 1339/1990/1903
f 1403/2077/1984 1404/2078/1985 1339/1990/1903
f 1339/1990/1903 1404/2078/1985 1338/1989/1902
f 1404/2078/1985 1405/2079/1986 1338/1989/1902
f 1338/1989/1902 1405/2079/1986 1336/1980/1893
f 1405/2079/1986 1406/2080/1987 1336/1980/1893
f 2254/2072/1979 2236/2074/1981 2255/2018/1929
f 1406/2080/1987 1407/2081/1988 1336/1980/1893
f 1336/1980/1893 1407/2081/1988 1222/1860/1774
f 2237/2082/1989 2236/2074/1981 2254/2072/1979
f 1222/1860/1774 1407/2081/1988 1221/1859/1773
f 1407/2081/1988 1408/2083/1990 1221/1859/1773
f 1221/1859/1773 1408/2083/1990 1220/1858/1772
f 2251/2084/1991 2237/2082/1989 2254/2072/1979
f 1220/1858/1772 1408/2083/1990 1219/1857/1771
f 1408/2083/1990 1409/2085/1992 1219/1857/1771
f 1219/1857/1771 1409/2085/1992 1218/1856/1770
f 1409/2085/1992 1410/2086/1993 1218/1856/1770
f 1218/1856/1770 1410/2086/1993 1217/1855/1769
f 1410/2086/1993 1411/2087/1994 1217/1855/1769
f 1217/1855/1769 1411/2087/1994 1216/1854/1768
f 1411/2087/1994 1412/2088/1995 1216/1854/1768
f 1216/1854/1768 1412/2088/1995 1215/1853/1767
f 1412/2088/1995 1413/2089/1996 1215/1853/1767
f 1215/1853/1767 1413/2089/1996 1214/1852/1766
f 1413/2089/1996 1414/2090/1997 1214/1852/1766
f 2252/2091/1998 2251/2084/1991 2254/2072/1979
f 1414/2090/1997 1415/2092/1999 1214/1852/1766
f 1214/1852/1766 1415/2092/1999 1213/1851/1764
f 1415/2092/1999 1416/2093/2000 1213/1851/1764
f 1213/1851/1764 1416/2093/2000 1212/1850/1765
f 1416/2093/2000 1417/2094/2001 1212/1850/1765
f 1212/1850/1765 1417/2094/2001 1211/1849/1764
f 1417/2094/2001 1418/2095/2002 1211/1849/1764
f 1211/1849/1764 1418/2095/2002 1210/1848/1763
f 1418/2095/2002 1419/2096/2003 1210/1848/1763
f 1210/1848/1763 1419/2096/2003 1209/1847/1762
f 1419/2096/2003 1420/2097/2004 1209/1847/1762
f 1209/1847/1762 1420/2097/2004 1208/1846/1761
f 1420/2097/2004 1421/2098/2005 1208/1846/1761
f 1208/1846/1761 1421/2098/2005 1205/1837/1752
f 2253/2060/1968 2252/2091/1998 2254/2072/1979
f 1205/1837/1752 1421/2098/2005 1206/1838/1753
f 1421/2098/2005 1422/2099/2006 1206/1838/1753
f 2163/2100/2007 2253/2060/1968 2162/2059/1967
f 1422/2099/2006 1423/2101/2008 1206/1838/1753
f 1206/1838/1753 1423/2101/2008 1207/1839/1754
f 1423/2101/2008 1424/2102/2009 1207/1839/1754
f 1207/1839/1754 1424/2102/2009 1201/1833/1748
f 1424/2102/2009 1425/2103/2010 1201/1833/1748
f 1201/1833/1748 1425/2103/2010 1200/1832/1747
f 2252/2091/1998 2253/2060/1968 2163/2100/2007
f 1200/1832/1747 1425/2103/2010 1426/2104/2011
f 1425/2103/2010 1424/2102/2009 1426/2104/2011
f 1426/2104/2011 1424/2102/2009 1427/2105/2012
f 2164/2106/2013 2252/2091/1998 2163/2100/2007
f 1427/2105/2012 1424/2102/2009 1428/2107/2014
f 1424/2102/2009 1423/2101/2008 1428/2107/2014
f 1428/2107/2014 1423/2101/2008 1429/2108/2015
f 1423/2101/2008 1422/2099/2006 1429/2108/2015
f 1429/2108/2015 1422/2099/2006 1430/2109/2016
f 2249/2110/2017 2252/2091/1998 2164/2106/2013
f 1430/2109/2016 1422/2099/2006 1431/2111/2018
f 1422/2099/2006 1421/2098/2005 1431/2111/2018
f 2251/2084/1991 2252/2091/1998 2249/2110/2017
f 1421/2098/2005 1420/2097/2004 1431/2111/2018
f 1431/2111/2018 1420/2097/2004 1432/2112/2019
f 1420/2097/2004 1419/2096/2003 1432/2112/2019
f 1432/2112/2019 1419/2096/2003 1433/2113/2020
f 1419/2096/2003 1418/2095/2002 1433/2113/2020
f 1433/2113/2020 1418/2095/2002 1434/2114/2021
f 1418/2095/2002 1417/2094/2001 1434/2114/2021
f 1434/2114/2021 1417/2094/2001 1435/2115/2022
f 1417/2094/2001 1416/2093/2000 1435/2115/2022
f 1435/2115/2022 1416/2093/2000 1436/2116/2023
f 1416/2093/2000 1415/2092/1999 1436/2116/2023
f 1436/2116/2023 1415/2092/1999 1437/2117/2024
f 1415/2092/1999 1414/2090/1997 1437/2117/2024
f 2250/2118/2025 2251/2084/1991 2249/2110/2017
f 1414/2090/1997 1413/2089/1996 1437/2117/2024
f 1437/2117/2024 1413/2089/1996 1438/2119/2026
f 1413/2089/1996 1412/2088/1995 1438/2119/2026
f 1438/2119/2026 1412/2088/1995 1439/2120/2027
f 1412/2088/1995 1411/2087/1994 1439/2120/2027
f 1439/2120/2027 1411/2087/1994 1440/2121/2028
f 1411/2087/1994 1410/2086/1993 1440/2121/2028
f 1440/2121/2028 1410/2086/1993 1441/2122/2029
f 1410/2086/1993 1409/2085/1992 1441/2122/2029
f 1441/2122/2029 1409/2085/1992 1442/2123/2030
f 1409/2085/1992 1408/2083/1990 1442/2123/2030
f 1442/2123/2030 1408/2083/1990 1443/2124/2031
f 1408/2083/1990 1407/2081/1988 1443/2124/2031
f 2238/2125/2032 2237/2082/1989 2251/2084/1991
f 1407/2081/1988 1406/2080/1987 1443/2124/2031
f 1443/2124/2031 1406/2080/1987 1444/2126/2033
f 1406/2080/1987 1404/2078/1985 1444/2126/2033
f 1444/2126/2033 1404/2078/1985 1445/2127/2034
f 1404/2078/1985 1403/2077/1984 1445/2127/2034
f 1445/2127/2034 1403/2077/1984 1446/2128/2035
f 1403/2077/1984 1402/2076/1983 1446/2128/2035
f 1446/2128/2035 1402/2076/1983 1447/2129/2036
f 1402/2076/1983 1401/2075/1982 1447/2129/2036
f 1447/2129/2036 1401/2075/1982 1448/2130/2037
f 1401/2075/1982 1400/2073/1980 1448/2130/2037
f 1448/2130/2037 1400/2073/1980 1449/2131/2038
f 2250/2118/2025 2238/2125/2032 2251/2084/1991
f 1449/2131/2038 1400/2073/1980 1450/2132/2039
f 1400/2073/1980 1399/2071/1978 1450/2132/2039
f 1450/2132/2039 1399/2071/1978 1451/2133/2040
f 1399/2071/1978 1398/2070/1977 1451/2133/2040
f 1451/2133/2040 1398/2070/1977 1452/2134/2041
f 1398/2070/1977 1397/2069/1976 1452/2134/2041
f 1452/2134/2041 1397/2069/1976 1453/2135/2042
f 1397/2069/1976 1396/2068/1975 1453/2135/2042
f 1453/2135/2042 1396/2068/1975 1454/2136/2043
f 1396/2068/1975 1395/2067/1974 1454/2136/2043
f 1454/2136/2043 1395/2067/1974 1455/2137/2044
f 1395/2067/1974 1394/2066/1966 1455/2137/2044
f 1455/2137/2044 1394/2066/1966 1456/2138/2045
f 1394/2066/1966 1393/2065/1973 1456/2138/2045
f 1456/2138/2045 1393/2065/1973 1457/2139/2046
f 1393/2065/1973 1392/2064/1972 1457/2139/2046
f 1457/2139/2046 1392/2064/1972 1458/2140/2047
f 1392/2064/1972 1391/2063/1971 1458/2140/2047
f 1458/2140/2047 1391/2063/1971 1459/2141/2048
f 1391/2063/1971 1390/2062/1970 1459/2141/2048
f 1459/2141/2048 1390/2062/1970 1460/2142/2049
f 1390/2062/1970 1389/2061/1969 1460/2142/2049
f 1460/2142/2049 1389/2061/1969 1461/2143/2050
f 1389/2061/1969 1388/2057/1156 1461/2143/2050
f 1461/2143/2050 1388/2057/1156 1462/2144/2051
f 1388/2057/1156 1363/2021/1932 1462/2144/2051
f 1462/2144/2051 1363/2021/1932 1463/1988/1901
f 1363/2021/1932 1362/1986/1899 1463/1988/1901
f 2239/2145/2052 2238/2125/2032 2250/2118/2025
f 2247/2146/2053 2239/2145/2052 2250/2118/2025
f 2248/2147/2054 2247/2146/2053 2250/2118/2025
f 2249/2110/2017 2248/2147/2054 2250/2118/2025
f 1406/2080/1987 1405/2079/1986 1404/2078/1985
f 2165/2148/2055 2249/2110/2017 2164/2106/2013
f 2248/2147/2054 2249/2110/2017 2165/2148/2055
f 2166/2149/2056 2248/2147/2054 2165/2148/2055
f 2245/2150/2057 2248/2147/2054 2166/2149/2056
f 1463/1988/1901 1464/2012/1679 1462/2144/2051
f 2247/2146/2053 2248/2147/2054 2245/2150/2057
f 1464/2012/1679 1465/2151/2058 1462/2144/2051
f 1462/2144/2051 1465/2151/2058 1461/2143/2050
f 1465/2151/2058 1466/2152/1675 1461/2143/2050
f 1461/2143/2050 1466/2152/1675 1460/2142/2049
f 1466/2152/1675 1467/2153/1673 1460/2142/2049
f 1460/2142/2049 1467/2153/1673 1459/2141/2048
f 1467/2153/1673 1468/2154/1671 1459/2141/2048
f 1459/2141/2048 1468/2154/1671 1458/2140/2047
f 1468/2154/1671 1469/2155/2059 1458/2140/2047
f 1458/2140/2047 1469/2155/2059 1457/2139/2046
f 1469/2155/2059 1470/2156/1667 1457/2139/2046
f 1457/2139/2046 1470/2156/1667 1456/2138/2045
f 1470/2156/1667 1471/2157/2060 1456/2138/2045
f 1456/2138/2045 1471/2157/2060 1455/2137/2044
f 1471/2157/2060 1472/2158/2061 1455/2137/2044
f 1455/2137/2044 1472/2158/2061 1454/2136/2043
f 1472/2158/2061 1473/2159/2062 1454/2136/2043
f 1454/2136/2043 1473/2159/2062 1453/2135/2042
f 1473/2159/2062 1474/2160/2063 1453/2135/2042
f 1453/2135/2042 1474/2160/2063 1452/2134/2041
f 1474/2160/2063 1475/2161/1656 1452/2134/2041
f 1452/2134/2041 1475/2161/1656 1451/2133/2040
f 1475/2161/1656 1476/2162/1655 1451/2133/2040
f 1451/2133/2040 1476/2162/1655 1450/2132/2039
f 1476/2162/1655 1477/2163/2064 1450/2132/2039
f 1450/2132/2039 1477/2163/2064 1449/2131/2038
f 1477/2163/2064 1478/2164/1651 1449/2131/2038
f 1449/2131/2038 1478/2164/1651 1479/2165/2065
f 1478/2164/1651 1480/2166/2066 1479/2165/2065
f 1479/2165/2065 1480/2166/2066 1481/2167/2067
f 1480/2166/2066 1482/2168/1645 1481/2167/2067
f 1481/2167/2067 1482/2168/1645 1483/2169/2068
f 1482/2168/1645 1484/2170/1643 1483/2169/2068
f 1483/2169/2068 1484/2170/1643 1485/2171/2069
f 1484/2170/1643 1486/2172/2070 1485/2171/2069
f 1485/2171/2069 1486/2172/2070 1487/2173/2071
f 1486/2172/2070 1488/2174/1639 1487/2173/2071
f 1487/2173/2071 1488/2174/1639 1489/2175/2072
f 1488/2174/1639 1490/2176/1638 1489/2175/2072
f 1489/2175/2072 1490/2176/1638 1491/2177/2073
f 1490/2176/1638 1492/2178/2074 1491/2177/2073
f 2246/2179/2075 2247/2146/2053 2245/2150/2057
f 1492/2178/2074 1493/2180/2076 1491/2177/2073
f 1491/2177/2073 1493/2180/2076 1494/2181/2077
f 1493/2180/2076 1495/2182/1632 1494/2181/2077
f 1494/2181/2077 1495/2182/1632 1496/2183/2078
f 1495/2182/1632 1497/2184/1630 1496/2183/2078
f 1496/2183/2078 1497/2184/1630 1498/2185/2079
f 1497/2184/1630 1499/2186/2080 1498/2185/2079
f 1498/2185/2079 1499/2186/2080 1500/2187/2081
f 1499/2186/2080 1501/2188/2082 1500/2187/2081
f 1500/2187/2081 1501/2188/2082 1502/2189/2083
f 2240/2190/2084 2239/2145/2052 2247/2146/2053
f 1502/2189/2083 1501/2188/2082 1503/2191/2085
f 1501/2188/2082 1504/2192/2086 1503/2191/2085
f 1503/2191/2085 1504/2192/2086 1505/2193/2087
f 1504/2192/2086 1506/2194/2088 1505/2193/2087
f 1505/2193/2087 1506/2194/2088 1507/2195/2089
f 1506/2194/2088 1508/2196/2090 1507/2195/2089
f 1507/2195/2089 1508/2196/2090 1509/2197/2091
f 1508/2196/2090 1510/2198/2092 1509/2197/2091
f 2246/2179/2075 2240/2190/2084 2247/2146/2053
f 1510/2198/2092 1511/2199/2093 1509/2197/2091
f 1509/2197/2091 1511/2199/2093 1512/2200/2094
f 2241/2201/2095 2240/2190/2084 2246/2179/2075
f 1512/2200/2094 1511/2199/2093 1513/2202/2096
f 1511/2199/2093 1514/2203/2097 1513/2202/2096
f 1513/2202/2096 1514/2203/2097 1515/2204/2098
f 1514/2203/2097 1516/2205/2099 1515/2204/2098
f 1515/2204/2098 1516/2205/2099 1517/2206/2100
f 1516/2205/2099 1518/2207/2101 1517/2206/2100
f 1517/2206/2100 1518/2207/2101 1519/2208/2102
f 1518/2207/2101 1520/2209/2103 1519/2208/2102
f 1519/2208/2102 1520/2209/2103 1521/2210/2104
f 1520/2209/2103 1522/2211/2105 1521/2210/2104
f 1521/2210/2104 1522/2211/2105 1523/2212/2106
f 1522/2211/2105 1524/2213/2107 1523/2212/2106
f 2242/2214/2108 2241/2201/2095 2246/2179/2075
f 1524/2213/2107 1525/2215/1549 1523/2212/2106
f 1523/2212/2106 1525/2215/1549 1526/2216/2109
f 2244/2217/2110 2242/2214/2108 2246/2179/2075
f 1526/2216/2109 1525/2215/1549 1527/2218/2111
f 1525/2215/1549 1528/2219/2112 1527/2218/2111
f 2245/2150/2057 2244/2217/2110 2246/2179/2075
f 1528/2219/2112 1529/2220/2113 1527/2218/2111
f 1527/2218/2111 1529/2220/2113 1530/2221/2114
f 1529/2220/2113 1531/2222/1542 1530/2221/2114
f 1530/2221/2114 1531/2222/1542 1532/2223/2115
f 2167/2224/2116 2245/2150/2057 2166/2149/2056
f 1532/2223/2115 1531/2222/1542 1533/2225/2117
f 1531/2222/1542 1534/2226/2118 1533/2225/2117
f 2244/2217/2110 2245/2150/2057 2167/2224/2116
f 1534/2226/2118 1535/2227/1538 1533/2225/2117
f 1533/2225/2117 1535/2227/1538 1536/2228/2119
f 1535/2227/1538 1537/2229/2120 1536/2228/2119
f 1536/2228/2119 1537/2229/2120 1538/2230/2121
f 2168/2231/2122 2244/2217/2110 2167/2224/2116
f 1538/2230/2121 1537/2229/2120 1539/2232/2123
f 1537/2229/2120 1540/2233/2124 1539/2232/2123
f 2169/2234/2125 2244/2217/2110 2168/2231/2122
f 1540/2233/2124 1541/2235/2126 1539/2232/2123
f 1539/2232/2123 1541/2235/2126 1542/2236/2127
f 2175/2237/2128 2244/2217/2110 2169/2234/2125
f 1542/2236/2127 1541/2235/2126 1543/2238/2129
f 1541/2235/2126 1544/2239/2130 1543/2238/2129
f 2242/2214/2108 2244/2217/2110 2175/2237/2128
f 1544/2239/2130 1545/2240/1527 1543/2238/2129
f 1543/2238/2129 1545/2240/1527 1546/2241/2131
f 1545/2240/1527 1547/2242/1525 1546/2241/2131
f 1546/2241/2131 1547/2242/1525 1548/2243/2132
f 1547/2242/1525 1549/2244/2133 1548/2243/2132
f 1548/2243/2132 1549/2244/2133 1550/2245/2134
f 1549/2244/2133 1551/2246/2135 1550/2245/2134
f 1550/2245/2134 1551/2246/2135 1552/2247/2136
f 1551/2246/2135 1553/2248/2137 1552/2247/2136
f 1552/2247/2136 1553/2248/2137 1554/2249/2138
f 2176/2250/2139 2242/2214/2108 2175/2237/2128
f 1554/2249/2138 1553/2248/2137 1555/2251/2140
f 1553/2248/2137 1556/2252/1516 1555/2251/2140
f 2230/2041/1951 2229/2253/2141 2228/2042/1952
f 1556/2252/1516 1557/2254/1514 1555/2251/2140
f 1555/2251/2140 1557/2254/1514 1558/2255/2142
f 2243/2256/2143 2204/2257/2144 2205/2258/2145
f 1558/2255/2142 1557/2254/1514 1559/2259/2146
f 1557/2254/1514 1560/2260/2147 1559/2259/2146
f 2203/2261/2148 2204/2257/2144 2243/2256/2143
f 1560/2260/2147 1561/2262/1510 1559/2259/2146
f 1559/2259/2146 1561/2262/1510 1562/2263/2149
f 1561/2262/1510 906/1466/29 1562/2263/2149
f 2202/2264/2150 2203/2261/2148 2243/2256/2143
f 906/1466/29 905/1465/1397 1562/2263/2149
f 1562/2263/2149 905/1465/1397 1559/2259/2146
f 905/1465/1397 929/1501/1432 1559/2259/2146
f 1559/2259/2146 929/1501/1432 1558/2255/2142
f 929/1501/1432 1563/2265/2151 1558/2255/2142
f 1558/2255/2142 1563/2265/2151 1555/2251/2140
f 2201/2266/2152 2202/2264/2150 2243/2256/2143
f 1555/2251/2140 1563/2265/2151 1564/2267/2153
f 1563/2265/2151 911/1474/1405 1564/2267/2153
f 1564/2267/2153 911/1474/1405 1565/2268/2154
f 911/1474/1405 912/1475/1406 1565/2268/2154
f 2179/2269/2155 2201/2266/2152 2243/2256/2143
f 2178/2270/2156 2179/2269/2155 2243/2256/2143
f 2205/2258/2145 2178/2270/2156 2243/2256/2143
f 2177/2271/2157 2178/2270/2156 2205/2258/2145
f 1449/2131/2038 1479/2165/2065 1448/2130/2037
f 1479/2165/2065 1566/2272/2158 1448/2130/2037
f 1448/2130/2037 1566/2272/2158 1447/2129/2036
f 2206/2273/2159 2177/2271/2157 2205/2258/2145
f 2176/2250/2139 2177/2271/2157 2206/2273/2159
f 2207/2274/2160 2176/2250/2139 2206/2273/2159
f 2242/2214/2108 2176/2250/2139 2207/2274/2160
f 1566/2272/2158 1479/2165/2065 1481/2167/2067
f 2241/2201/2095 2242/2214/2108 2207/2274/2160
f 2208/2275/2161 2241/2201/2095 2207/2274/2160
f 2209/2276/2162 2241/2201/2095 2208/2275/2161
f 2240/2190/2084 2241/2201/2095 2209/2276/2162
f 1561/2262/1510 1567/2277/2163 906/1466/29
f 2210/2278/2164 2240/2190/2084 2209/2276/2162
f 2239/2145/2052 2240/2190/2084 2210/2278/2164
f 2211/2279/2165 2239/2145/2052 2210/2278/2164
f 2238/2125/2032 2239/2145/2052 2211/2279/2165
f 911/1474/1405 1563/2265/2151 929/1501/1432
f 2212/2280/2166 2238/2125/2032 2211/2279/2165
f 2237/2082/1989 2238/2125/2032 2212/2280/2166
f 2213/2281/2167 2237/2082/1989 2212/2280/2166
f 2236/2074/1981 2237/2082/1989 2213/2281/2167
f 1565/2268/2154 1568/2282/2168 1564/2267/2153
f 2214/2283/2169 2236/2074/1981 2213/2281/2167
f 1564/2267/2153 1568/2282/2168 1555/2251/2140
f 2235/2020/1931 2236/2074/1981 2214/2283/2169
f 1555/2251/2140 1568/2282/2168 1554/2249/2138
f 2215/2284/2170 2235/2020/1931 2214/2283/2169
f 1554/2249/2138 1568/2282/2168 1552/2247/2136
f 1568/2282/2168 1569/2285/2171 1552/2247/2136
f 1552/2247/2136 1569/2285/2171 1550/2245/2134
f 1569/2285/2171 1570/2286/2172 1550/2245/2134
f 2234/2022/1933 2235/2020/1931 2215/2284/2170
f 1570/2286/2172 1571/2287/2173 1550/2245/2134
f 1550/2245/2134 1571/2287/2173 1548/2243/2132
f 2216/2288/2174 2234/2022/1933 2215/2284/2170
f 1548/2243/2132 1571/2287/2173 1546/2241/2131
f 1571/2287/2173 1572/2289/2175 1546/2241/2131
f 2233/2025/1936 2234/2022/1933 2216/2288/2174
f 1572/2289/2175 1573/2290/2176 1546/2241/2131
f 1546/2241/2131 1573/2290/2176 1543/2238/2129
f 2217/2291/2177 2233/2025/1936 2216/2288/2174
f 1543/2238/2129 1573/2290/2176 1542/2236/2127
f 1573/2290/2176 1574/2292/2178 1542/2236/2127
f 1542/2236/2127 1574/2292/2178 1539/2232/2123
f 1574/2292/2178 1575/2293/2179 1539/2232/2123
f 2232/2033/1943 2233/2025/1936 2217/2291/2177
f 1575/2293/2179 1576/2294/2180 1539/2232/2123
f 1539/2232/2123 1576/2294/2180 1538/2230/2121
f 2218/2295/2181 2232/2033/1943 2217/2291/2177
f 1538/2230/2121 1576/2294/2180 1536/2228/2119
f 1576/2294/2180 1577/2296/2182 1536/2228/2119
f 1536/2228/2119 1577/2296/2182 1533/2225/2117
f 1577/2296/2182 1578/2297/2183 1533/2225/2117
f 2231/2040/1950 2232/2033/1943 2218/2295/2181
f 1578/2297/2183 1579/2298/2184 1533/2225/2117
f 1533/2225/2117 1579/2298/2184 1532/2223/2115
f 2219/2299/2185 2231/2040/1950 2218/2295/2181
f 1532/2223/2115 1579/2298/2184 1530/2221/2114
f 1579/2298/2184 1580/2300/2186 1530/2221/2114
f 2220/2301/2187 2231/2040/1950 2219/2299/2185
f 1580/2300/2186 1581/2302/2188 1530/2221/2114
f 1530/2221/2114 1581/2302/2188 1527/2218/2111
f 1581/2302/2188 1582/2303/2189 1527/2218/2111
f 1527/2218/2111 1582/2303/2189 1526/2216/2109
f 2230/2041/1951 2231/2040/1950 2220/2301/2187
f 1526/2216/2109 1582/2303/2189 1523/2212/2106
f 2221/2304/2190 2230/2041/1951 2220/2301/2187
f 1523/2212/2106 1582/2303/2189 1583/2305/2191
f 2229/2253/2141 2230/2041/1951 2221/2304/2190
f 1583/2305/2191 1582/2303/2189 1584/2306/2192
f 1582/2303/2189 1581/2302/2188 1584/2306/2192
f 1584/2306/2192 1581/2302/2188 1585/2307/2193
f 2222/2308/2194 2229/2253/2141 2221/2304/2190
f 1585/2307/2193 1581/2302/2188 1586/2309/2195
f 1581/2302/2188 1580/2300/2186 1586/2309/2195
f 2223/2310/2196 2229/2253/2141 2222/2308/2194
f 1580/2300/2186 1579/2298/2184 1586/2309/2195
f 1586/2309/2195 1579/2298/2184 1587/2311/2197
f 2228/2042/1952 2229/2253/2141 2223/2310/2196
f 1587/2311/2197 1579/2298/2184 1588/2312/2198
f 1579/2298/2184 1578/2297/2183 1588/2312/2198
f 2224/2313/2199 2228/2042/1952 2223/2310/2196
f 1578/2297/2183 1577/2296/2182 1588/2312/2198
f 1588/2312/2198 1577/2296/2182 1589/2314/2200
f 1577/2296/2182 1576/2294/2180 1589/2314/2200
f 1589/2314/2200 1576/2294/2180 1590/2315/2201
f 1576/2294/2180 1575/2293/2179 1590/2315/2201
f 1590/2315/2201 1575/2293/2179 1591/2316/2202
f 1575/2293/2179 1574/2292/2178 1591/2316/2202
f 1591/2316/2202 1574/2292/2178 1592/2317/2203
f 1574/2292/2178 1573/2290/2176 1592/2317/2203
f 1592/2317/2203 1573/2290/2176 1593/2318/2204
f 2227/2043/32 2228/2042/1952 2224/2313/2199
f 1593/2318/2204 1573/2290/2176 1594/2319/2205
f 1573/2290/2176 1572/2289/2175 1594/2319/2205
f 2225/2320/2206 2227/2043/32 2224/2313/2199
f 1572/2289/2175 1571/2287/2173 1594/2319/2205
f 1594/2319/2205 1571/2287/2173 1595/2321/2207
f 2226/2044/1953 2227/2043/32 2225/2320/2206
f 1595/2321/2207 1571/2287/2173 1596/2322/2208
f 1571/2287/2173 1570/2286/2172 1596/2322/2208
f 2160/2056/1965 2226/2044/1953 2225/2320/2206
f 1570/2286/2172 1569/2285/2171 1596/2322/2208
f 1596/2322/2208 1569/2285/2171 1597/2323/2209
f 1569/2285/2171 1568/2282/2168 1597/2323/2209
f 1597/2323/2209 1568/2282/2168 1598/2324/2210
f 1568/2282/2168 1565/2268/2154 1598/2324/2210
f 1489/2175/2072 2160/2056/1965 2225/2320/2206
f 1565/2268/2154 912/1475/1406 1598/2324/2210
f 1598/2324/2210 912/1475/1406 1599/2325/2211
f 912/1475/1406 915/1479/1410 1599/2325/2211
f 1599/2325/2211 915/1479/1410 1600/2326/2212
f 1487/2173/2071 1489/2175/2072 2225/2320/2206
f 1600/2326/2212 915/1479/1410 1601/2327/2213
f 915/1479/1410 916/1480/1411 1601/2327/2213
f 1601/2327/2213 916/1480/1411 1602/2328/2214
f 916/1480/1411 921/1486/1417 1602/2328/2214
f 1602/2328/2214 921/1486/1417 1603/2329/2215
f 921/1486/1417 922/1488/1419 1603/2329/2215
f 1603/2329/2215 922/1488/1419 1604/2330/2216
f 922/1488/1419 928/1495/1426 1604/2330/2216
f 1604/2330/2216 928/1495/1426 1605/2331/2217
f 928/1495/1426 930/1506/1437 1605/2331/2217
f 1605/2331/2217 930/1506/1437 1606/2332/2218
f 930/1506/1437 931/1507/1438 1606/2332/2218
f 2224/2313/2199 1487/2173/2071 2225/2320/2206
f 931/1507/1438 957/1541/1471 1606/2332/2218
f 1606/2332/2218 957/1541/1471 1607/2333/2219
f 957/1541/1471 939/1518/1449 1607/2333/2219
f 1485/2171/2069 1487/2173/2071 2224/2313/2199
f 939/1518/1449 972/1566/1492 1607/2333/2219
f 1607/2333/2219 972/1566/1492 1608/2334/2220
f 972/1566/1492 1609/2335/2221 1608/2334/2220
f 2223/2310/2196 1485/2171/2069 2224/2313/2199
f 1609/2335/2221 1610/2336/2222 1608/2334/2220
f 1608/2334/2220 1610/2336/2222 1607/2333/2219
f 1610/2336/2222 1611/2337/2223 1607/2333/2219
f 1607/2333/2219 1611/2337/2223 1606/2332/2218
f 1611/2337/2223 1612/2338/2224 1606/2332/2218
f 1606/2332/2218 1612/2338/2224 1605/2331/2217
f 1612/2338/2224 1613/2339/2225 1605/2331/2217
f 1605/2331/2217 1613/2339/2225 1604/2330/2216
f 1613/2339/2225 1614/2340/2226 1604/2330/2216
f 1604/2330/2216 1614/2340/2226 1603/2329/2215
f 1614/2340/2226 1615/2341/2227 1603/2329/2215
f 1603/2329/2215 1615/2341/2227 1602/2328/2214
f 1483/2169/2068 1485/2171/2069 2223/2310/2196
f 1481/2167/2067 1483/2169/2068 2223/2310/2196
f 1566/2272/2158 1481/2167/2067 2223/2310/2196
f 2222/2308/2194 1566/2272/2158 2223/2310/2196
f 1598/2324/2210 1599/2325/2211 1597/2323/2209
f 1597/2323/2209 1599/2325/2211 1616/2342/2228
f 1599/2325/2211 1600/2326/2212 1616/2342/2228
f 1447/2129/2036 1566/2272/2158 2222/2308/2194
f 1446/2128/2035 1447/2129/2036 2222/2308/2194
f 2221/2304/2190 1446/2128/2035 2222/2308/2194
f 1445/2127/2034 1446/2128/2035 2221/2304/2190
f 1616/2342/2228 1596/2322/2208 1597/2323/2209
f 2220/2301/2187 1445/2127/2034 2221/2304/2190
f 1444/2126/2033 1445/2127/2034 2220/2301/2187
f 2219/2299/2185 1444/2126/2033 2220/2301/2187
f 1443/2124/2031 1444/2126/2033 2219/2299/2185
f 1612/2338/2224 1611/2337/2223 1610/2336/2222
f 1442/2123/2030 1443/2124/2031 2219/2299/2185
f 2218/2295/2181 1442/2123/2030 2219/2299/2185
f 1441/2122/2029 1442/2123/2030 2218/2295/2181
f 2217/2291/2177 1441/2122/2029 2218/2295/2181
f 1615/2341/2227 1614/2340/2226 1617/2343/2229
f 1440/2121/2028 1441/2122/2029 2217/2291/2177
f 1617/2343/2229 1614/2340/2226 1618/2344/2230
f 1614/2340/2226 1613/2339/2225 1618/2344/2230
f 1618/2344/2230 1613/2339/2225 1619/2345/2231
f 1613/2339/2225 1612/2338/2224 1619/2345/2231
f 1619/2345/2231 1612/2338/2224 1046/1664/1582
f 2216/2288/2174 1440/2121/2028 2217/2291/2177
f 1046/1664/1582 1612/2338/2224 1045/1663/1581
f 1612/2338/2224 1610/2336/2222 1045/1663/1581
f 1045/1663/1581 1610/2336/2222 971/1562/1488
f 1610/2336/2222 1620/2346/2232 971/1562/1488
f 971/1562/1488 1620/2346/2232 966/1556/1484
f 1620/2346/2232 1609/2335/2221 966/1556/1484
f 966/1556/1484 1609/2335/2221 964/1554/1482
f 1439/2120/2027 1440/2121/2028 2216/2288/2174
f 964/1554/1482 1609/2335/2221 963/1553/1481
f 1609/2335/2221 1621/2347/2233 963/1553/1481
f 963/1553/1481 1621/2347/2233 962/1552/1480
f 2215/2284/2170 1439/2120/2027 2216/2288/2174
f 962/1552/1480 1621/2347/2233 972/1566/1492
f 1621/2347/2233 1609/2335/2221 972/1566/1492
f 1438/2119/2026 1439/2120/2027 2215/2284/2170
f 2214/2283/2169 1438/2119/2026 2215/2284/2170
f 1437/2117/2024 1438/2119/2026 2214/2283/2169
f 2213/2281/2167 1437/2117/2024 2214/2283/2169
f 1609/2335/2221 1620/2346/2232 1610/2336/2222
f 1436/2116/2023 1437/2117/2024 2213/2281/2167
f 2212/2280/2166 1436/2116/2023 2213/2281/2167
f 1435/2115/2022 1436/2116/2023 2212/2280/2166
f 2211/2279/2165 1435/2115/2022 2212/2280/2166
f 1046/1664/1582 1622/2348/2234 1619/2345/2231
f 1619/2345/2231 1622/2348/2234 1618/2344/2230
f 1434/2114/2021 1435/2115/2022 2211/2279/2165
f 2210/2278/2164 1434/2114/2021 2211/2279/2165
f 1433/2113/2020 1434/2114/2021 2210/2278/2164
f 2209/2276/2162 1433/2113/2020 2210/2278/2164
f 1622/2348/2234 1046/1664/1582 1623/2349/2235
f 1432/2112/2019 1433/2113/2020 2209/2276/2162
f 1046/1664/1582 1048/1666/1584 1623/2349/2235
f 1623/2349/2235 1048/1666/1584 1624/2350/2236
f 1048/1666/1584 1049/1667/1585 1624/2350/2236
f 1624/2350/2236 1049/1667/1585 1625/2351/2237
f 1049/1667/1585 1050/1668/1586 1625/2351/2237
f 1625/2351/2237 1050/1668/1586 1626/2352/2238
f 1050/1668/1586 1051/1669/1587 1626/2352/2238
f 1626/2352/2238 1051/1669/1587 1627/2353/2239
f 1051/1669/1587 1052/1670/1588 1627/2353/2239
f 1627/2353/2239 1052/1670/1588 1628/2354/2240
f 1052/1670/1588 1053/1671/1589 1628/2354/2240
f 1628/2354/2240 1053/1671/1589 1629/2355/2241
f 1053/1671/1589 1054/1672/1590 1629/2355/2241
f 1629/2355/2241 1054/1672/1590 1630/2356/2242
f 1054/1672/1590 1055/1673/1591 1630/2356/2242
f 1630/2356/2242 1055/1673/1591 1631/2357/2243
f 1055/1673/1591 1056/1675/1593 1631/2357/2243
f 2208/2275/2161 1432/2112/2019 2209/2276/2162
f 1056/1675/1593 1057/1676/1594 1631/2357/2243
f 1631/2357/2243 1057/1676/1594 1632/2358/2244
f 1431/2111/2018 1432/2112/2019 2208/2275/2161
f 1632/2358/2244 1057/1676/1594 1633/2359/2245
f 1057/1676/1594 1058/1677/1595 1633/2359/2245
f 1633/2359/2245 1058/1677/1595 1634/2360/2246
f 1058/1677/1595 1059/1678/1596 1634/2360/2246
f 1430/2109/2016 1431/2111/2018 2208/2275/2161
f 1059/1678/1596 1060/1679/1597 1634/2360/2246
f 1634/2360/2246 1060/1679/1597 1635/2361/2247
f 1060/1679/1597 1061/1680/1598 1635/2361/2247
f 1635/2361/2247 1061/1680/1598 1636/2362/2248
f 2207/2274/2160 1430/2109/2016 2208/2275/2161
f 1636/2362/2248 1061/1680/1598 1637/2363/2249
f 1061/1680/1598 1062/1681/1599 1637/2363/2249
f 1637/2363/2249 1062/1681/1599 1638/2364/2250
f 1062/1681/1599 1196/1828/1743 1638/2364/2250
f 2206/2273/2159 1430/2109/2016 2207/2274/2160
f 1429/2108/2015 1430/2109/2016 2206/2273/2159
f 2205/2258/2145 1429/2108/2015 2206/2273/2159
f 1428/2107/2014 1429/2108/2015 2205/2258/2145
f 1624/2350/2236 1622/2348/2234 1623/2349/2235
f 2204/2257/2144 1428/2107/2014 2205/2258/2145
f 2203/2261/2148 1428/2107/2014 2204/2257/2144
f 1427/2105/2012 1428/2107/2014 2203/2261/2148
f 1426/2104/2011 1427/2105/2012 2203/2261/2148
f 1637/2363/2249 1638/2364/2250 1639/2365/2251
f 2198/2366/2252 1426/2104/2011 2203/2261/2148
f 1638/2364/2250 1640/2367/2253 1639/2365/2251
f 1639/2365/2251 1640/2367/2253 1641/2368/2254
f 2202/2264/2150 2198/2366/2252 2203/2261/2148
f 1641/2368/2254 1640/2367/2253 1642/2369/2255
f 1640/2367/2253 1643/2370/2256 1642/2369/2255
f 2199/2371/2257 2198/2366/2252 2202/2264/2150
f 1643/2370/2256 1644/2372/2258 1642/2369/2255
f 1642/2369/2255 1644/2372/2258 1645/2373/2259
f 2200/2374/2260 2199/2371/2257 2202/2264/2150
f 1645/2373/2259 1644/2372/2258 1646/2375/2261
f 1644/2372/2258 1647/2376/2262 1646/2375/2261
f 2201/2266/2152 2200/2374/2260 2202/2264/2150
f 1647/2376/2262 1586/2309/2195 1646/2375/2261
f 1646/2375/2261 1586/2309/2195 1648/2377/2263
f 1586/2309/2195 1587/2311/2197 1648/2377/2263
f 1648/2377/2263 1587/2311/2197 1649/2378/2264
f 1587/2311/2197 1650/2379/2265 1649/2378/2264
f 2180/2380/2266 2201/2266/2152 2179/2269/2155
f 1650/2379/2265 1651/2381/2267 1649/2378/2264
f 1649/2378/2264 1651/2381/2267 1652/2382/2268
f 1651/2381/2267 1653/2383/2269 1652/2382/2268
f 1652/2382/2268 1653/2383/2269 1654/2384/2270
f 2200/2374/2260 2201/2266/2152 2180/2380/2266
f 1654/2384/2270 1653/2383/2269 1655/2385/2271
f 1653/2383/2269 1656/2386/2272 1655/2385/2271
f 2181/2387/2273 2200/2374/2260 2180/2380/2266
f 1656/2386/2272 1657/2388/2274 1655/2385/2271
f 1655/2385/2271 1657/2388/2274 1658/2389/2275
f 1657/2388/2274 1659/2390/2276 1658/2389/2275
f 1658/2389/2275 1659/2390/2276 1660/2391/2277
f 2182/2392/2278 2200/2374/2260 2181/2387/2273
f 1660/2391/2277 1659/2390/2276 1636/2362/2248
f 2189/2393/2279 2200/2374/2260 2182/2392/2278
f 1636/2362/2248 1659/2390/2276 1635/2361/2247
f 2199/2371/2257 2200/2374/2260 2189/2393/2279
f 1635/2361/2247 1659/2390/2276 1634/2360/2246
f 1659/2390/2276 1661/2394/2280 1634/2360/2246
f 2190/2395/2281 2199/2371/2257 2189/2393/2279
f 1661/2394/2280 1662/2396/2282 1634/2360/2246
f 1634/2360/2246 1662/2396/2282 1633/2359/2245
f 1662/2396/2282 1663/2397/2283 1633/2359/2245
f 1633/2359/2245 1663/2397/2283 1632/2358/2244
f 1663/2397/2283 1664/2398/2284 1632/2358/2244
f 1632/2358/2244 1664/2398/2284 1631/2357/2243
f 1664/2398/2284 1665/2399/2285 1631/2357/2243
f 1631/2357/2243 1665/2399/2285 1630/2356/2242
f 2196/2400/2286 2199/2371/2257 2190/2395/2281
f 1630/2356/2242 1665/2399/2285 1629/2355/2241
f 1665/2399/2285 1666/2401/2287 1629/2355/2241
f 2198/2366/2252 2199/2371/2257 2196/2400/2286
f 1666/2401/2287 1667/2402/2288 1629/2355/2241
f 1629/2355/2241 1667/2402/2288 1628/2354/2240
f 1667/2402/2288 1668/2403/2289 1628/2354/2240
f 1628/2354/2240 1668/2403/2289 1627/2353/2239
f 1668/2403/2289 1669/2404/2290 1627/2353/2239
f 1627/2353/2239 1669/2404/2290 1626/2352/2238
f 1669/2404/2290 1670/2405/2291 1626/2352/2238
f 1626/2352/2238 1670/2405/2291 1625/2351/2237
f 2197/2406/2292 2198/2366/2252 2196/2400/2286
f 1625/2351/2237 1670/2405/2291 1624/2350/2236
f 1670/2405/2291 1671/2407/2293 1624/2350/2236
f 1624/2350/2236 1671/2407/2293 1622/2348/2234
f 1671/2407/2293 1672/2408/2294 1622/2348/2234
f 1622/2348/2234 1672/2408/2294 1618/2344/2230
f 1426/2104/2011 2198/2366/2252 2197/2406/2292
f 1618/2344/2230 1672/2408/2294 1617/2343/2229
f 1200/1832/1747 1426/2104/2011 2197/2406/2292
f 1617/2343/2229 1672/2408/2294 1673/2409/2295
f 2194/2410/2296 1200/1832/1747 2197/2406/2292
f 1673/2409/2295 1672/2408/2294 1674/2411/2297
f 1672/2408/2294 1670/2405/2291 1674/2411/2297
f 1674/2411/2297 1670/2405/2291 1675/2412/2298
f 1670/2405/2291 1669/2404/2290 1675/2412/2298
f 1675/2412/2298 1669/2404/2290 1676/2413/2299
f 1669/2404/2290 1668/2403/2289 1676/2413/2299
f 1676/2413/2299 1668/2403/2289 1677/2414/2300
f 1668/2403/2289 1667/2402/2288 1677/2414/2300
f 1677/2414/2300 1667/2402/2288 1678/2415/2301
f 1667/2402/2288 1666/2401/2287 1678/2415/2301
f 1678/2415/2301 1666/2401/2287 1679/2416/2302
f 1666/2401/2287 1665/2399/2285 1679/2416/2302
f 1679/2416/2302 1665/2399/2285 1680/2417/2303
f 1665/2399/2285 1664/2398/2284 1680/2417/2303
f 1680/2417/2303 1664/2398/2284 1681/2418/2304
f 1664/2398/2284 1663/2397/2283 1681/2418/2304
f 1681/2418/2304 1663/2397/2283 1682/2419/2305
f 2195/2420/2306 2194/2410/2296 2197/2406/2292
f 1682/2419/2305 1663/2397/2283 1683/2421/2307
f 1663/2397/2283 1662/2396/2282 1683/2421/2307
f 2196/2400/2286 2195/2420/2306 2197/2406/2292
f 1662/2396/2282 1661/2394/2280 1683/2421/2307
f 1683/2421/2307 1661/2394/2280 1684/2422/2308
f 1661/2394/2280 1657/2388/2274 1684/2422/2308
f 2191/2423/2309 2196/2400/2286 2190/2395/2281
f 1657/2388/2274 1656/2386/2272 1684/2422/2308
f 1684/2422/2308 1656/2386/2272 1685/2424/2310
f 1656/2386/2272 1653/2383/2269 1685/2424/2310
f 1685/2424/2310 1653/2383/2269 1686/2425/2311
f 2195/2420/2306 2196/2400/2286 2191/2423/2309
f 1686/2425/2311 1653/2383/2269 1687/2426/2312
f 1653/2383/2269 1651/2381/2267 1687/2426/2312
f 2192/2427/2313 2195/2420/2306 2191/2423/2309
f 1651/2381/2267 1650/2379/2265 1687/2426/2312
f 1687/2426/2312 1650/2379/2265 1688/2428/2314
f 1650/2379/2265 1587/2311/2197 1688/2428/2314
f 2193/2429/2315 2195/2420/2306 2192/2427/2313
f 1587/2311/2197 1588/2312/2198 1688/2428/2314
f 1688/2428/2314 1588/2312/2198 1689/2430/2316
f 1588/2312/2198 1589/2314/2200 1689/2430/2316
f 1689/2430/2316 1589/2314/2200 1690/2431/2317
f 1589/2314/2200 1590/2315/2201 1690/2431/2317
f 1690/2431/2317 1590/2315/2201 1691/2432/2318
f 1590/2315/2201 1591/2316/2202 1691/2432/2318
f 2194/2410/2296 2195/2420/2306 2193/2429/2315
f 1198/1830/1745 1200/1832/1747 2194/2410/2296
f 2193/2429/2315 1198/1830/1745 2194/2410/2296
f 1196/1828/1743 1198/1830/1745 2193/2429/2315
f 1661/2394/2280 1659/2390/2276 1657/2388/2274
f 1638/2364/2250 1196/1828/1743 2193/2429/2315
f 1640/2367/2253 1638/2364/2250 2193/2429/2315
f 1643/2370/2256 1640/2367/2253 2193/2429/2315
f 2192/2427/2313 1643/2370/2256 2193/2429/2315
f 1670/2405/2291 1672/2408/2294 1671/2407/2293
f 1644/2372/2258 1643/2370/2256 2192/2427/2313
f 2186/2433/2319 1644/2372/2258 2192/2427/2313
f 2191/2423/2309 2186/2433/2319 2192/2427/2313
f 2187/2434/2320 2186/2433/2319 2191/2423/2309
f 1685/2424/2310 1692/2435/2321 1684/2422/2308
f 1692/2435/2321 1683/2421/2307 1684/2422/2308
f 2190/2395/2281 2187/2434/2320 2191/2423/2309
f 2188/2436/2279 2187/2434/2320 2190/2395/2281
f 2189/2393/2279 2188/2436/2279 2190/2395/2281
f 2183/2437/2322 2189/2393/2279 2182/2392/2278
f 1692/2435/2321 1685/2424/2310 1686/2425/2311
f 2188/2436/2279 2189/2393/2279 2183/2437/2322
f 2184/2438/2323 2188/2436/2279 2183/2437/2322
f 2187/2434/2320 2188/2436/2279 2184/2438/2323
f 2185/2439/2324 2187/2434/2320 2184/2438/2323
f 1691/2432/2318 1693/2440/2325 1690/2431/2317
f 1690/2431/2317 1693/2440/2325 1689/2430/2316
f 1693/2440/2325 1694/2441/2326 1689/2430/2316
f 1689/2430/2316 1694/2441/2326 1688/2428/2314
f 2186/2433/2319 2187/2434/2320 2185/2439/2324
f 1688/2428/2314 1694/2441/2326 1687/2426/2312
f 1694/2441/2326 1695/2442/2327 1687/2426/2312
f 1687/2426/2312 1695/2442/2327 1686/2425/2311
f 1647/2376/2262 1644/2372/2258 2186/2433/2319
f 1686/2425/2311 1695/2442/2327 1692/2435/2321
f 1695/2442/2327 1696/2443/2328 1692/2435/2321
f 1692/2435/2321 1696/2443/2328 1683/2421/2307
f 2185/2439/2324 1647/2376/2262 2186/2433/2319
f 1683/2421/2307 1696/2443/2328 1682/2419/2305
f 1585/2307/2193 1586/2309/2195 1647/2376/2262
f 1682/2419/2305 1696/2443/2328 1681/2418/2304
f 1696/2443/2328 1697/2444/2329 1681/2418/2304
f 1681/2418/2304 1697/2444/2329 1680/2417/2303
f 1697/2444/2329 1698/2445/2330 1680/2417/2303
f 1680/2417/2303 1698/2445/2330 1679/2416/2302
f 2185/2439/2324 1585/2307/2193 1647/2376/2262
f 1679/2416/2302 1698/2445/2330 1699/2446/2331
f 1584/2306/2192 1585/2307/2193 2185/2439/2324
f 1699/2446/2331 1698/2445/2330 1700/2447/2332
f 2184/2438/2323 1584/2306/2192 2185/2439/2324
f 1700/2447/2332 1698/2445/2330 1701/2448/2333
f 1698/2445/2330 1697/2444/2329 1701/2448/2333
f 1701/2448/2333 1697/2444/2329 1702/2449/2334
f 1697/2444/2329 1696/2443/2328 1702/2449/2334
f 1583/2305/2191 1584/2306/2192 2184/2438/2323
f 1696/2443/2328 1695/2442/2327 1702/2449/2334
f 2183/2437/2322 1583/2305/2191 2184/2438/2323
f 1695/2442/2327 1694/2441/2326 1702/2449/2334
f 1523/2212/2106 1583/2305/2191 2183/2437/2322
f 1694/2441/2326 1693/2440/2325 1702/2449/2334
f 1702/2449/2334 1693/2440/2325 1703/2450/2335
f 1693/2440/2325 1691/2432/2318 1703/2450/2335
f 1703/2450/2335 1691/2432/2318 1704/2451/2336
f 1691/2432/2318 1591/2316/2202 1704/2451/2336
f 1521/2210/2104 1523/2212/2106 2183/2437/2322
f 1591/2316/2202 1592/2317/2203 1704/2451/2336
f 1704/2451/2336 1592/2317/2203 1705/2452/2337
f 1592/2317/2203 1593/2318/2204 1705/2452/2337
f 2182/2392/2278 1521/2210/2104 2183/2437/2322
f 1519/2208/2102 1521/2210/2104 2182/2392/2278
f 2181/2387/2273 1519/2208/2102 2182/2392/2278
f 1517/2206/2100 1519/2208/2102 2181/2387/2273
f 1702/2449/2334 1703/2450/2335 1701/2448/2333
f 1703/2450/2335 1706/2453/2338 1701/2448/2333
f 1701/2448/2333 1706/2453/2338 1700/2447/2332
f 1706/2453/2338 1707/2454/2339 1700/2447/2332
f 1700/2447/2332 1707/2454/2339 1699/2446/2331
f 1707/2454/2339 1708/2455/2340 1699/2446/2331
f 2180/2380/2266 1517/2206/2100 2181/2387/2273
f 1708/2455/2340 1709/2456/2341 1699/2446/2331
f 1699/2446/2331 1709/2456/2341 1679/2416/2302
f 1709/2456/2341 1710/2457/2342 1679/2416/2302
f 1679/2416/2302 1710/2457/2342 1678/2415/2301
f 1515/2204/2098 1517/2206/2100 2180/2380/2266
f 1678/2415/2301 1710/2457/2342 1711/2458/848
f 1710/2457/2342 1709/2456/2341 1711/2458/848
f 1711/2458/848 1709/2456/2341 1712/2459/2343
f 1709/2456/2341 1708/2455/2340 1712/2459/2343
f 1712/2459/2343 1708/2455/2340 1713/2460/836
f 1513/2202/2096 1515/2204/2098 2180/2380/2266
f 1713/2460/836 1708/2455/2340 1714/2461/2344
f 1708/2455/2340 1715/2462/2345 1714/2461/2344
f 1714/2461/2344 1715/2462/2345 1705/2452/2337
f 1715/2462/2345 1706/2453/2338 1705/2452/2337
f 1705/2452/2337 1706/2453/2338 1704/2451/2336
f 1706/2453/2338 1703/2450/2335 1704/2451/2336
f 2172/2463/2346 1513/2202/2096 2180/2380/2266
f 2179/2269/2155 2172/2463/2346 2180/2380/2266
f 2173/2464/2347 2172/2463/2346 2179/2269/2155
f 2178/2270/2156 2173/2464/2347 2179/2269/2155
f 1706/2453/2338 1715/2462/2345 1707/2454/2339
f 1715/2462/2345 1708/2455/2340 1707/2454/2339
f 2177/2271/2157 2173/2464/2347 2178/2270/2156
f 2176/2250/2139 2173/2464/2347 2177/2271/2157
f 2174/2465/2348 2173/2464/2347 2176/2250/2139
f 2175/2237/2128 2174/2465/2348 2176/2250/2139
f 1713/2460/836 1714/2461/2344 1716/2466/2349
f 1714/2461/2344 1717/2467/2350 1716/2466/2349
f 1716/2466/2349 1717/2467/2350 1718/2468/1472
f 2169/2234/2125 2174/2465/2348 2175/2237/2128
f 1718/2468/1472 1717/2467/2350 1719/2469/2351
f 1717/2467/2350 1705/2452/2337 1719/2469/2351
f 2170/2470/2352 2174/2465/2348 2169/2234/2125
f 1705/2452/2337 1593/2318/2204 1719/2469/2351
f 2173/2464/2347 2174/2465/2348 2170/2470/2352
f 1593/2318/2204 1594/2319/2205 1719/2469/2351
f 1719/2469/2351 1594/2319/2205 1720/2471/2353
f 2171/2472/2354 2173/2464/2347 2170/2470/2352
f 1720/2471/2353 1594/2319/2205 1721/2473/2355
f 1594/2319/2205 1595/2321/2207 1721/2473/2355
f 2172/2463/2346 2173/2464/2347 2171/2472/2354
f 1595/2321/2207 1596/2322/2208 1721/2473/2355
f 1721/2473/2355 1596/2322/2208 1722/2474/2356
f 1596/2322/2208 1616/2342/2228 1722/2474/2356
f 1513/2202/2096 2172/2463/2346 2171/2472/2354
f 1616/2342/2228 1600/2326/2212 1722/2474/2356
f 1722/2474/2356 1600/2326/2212 1723/2475/2357
f 1512/2200/2094 1513/2202/2096 2171/2472/2354
f 1723/2475/2357 1600/2326/2212 1724/2476/2358
f 1600/2326/2212 1601/2327/2213 1724/2476/2358
f 1509/2197/2091 1512/2200/2094 2171/2472/2354
f 1601/2327/2213 1602/2328/2214 1724/2476/2358
f 1724/2476/2358 1602/2328/2214 1725/2477/2359
f 2170/2470/2352 1509/2197/2091 2171/2472/2354
f 1725/2477/2359 1602/2328/2214 1726/2478/2360
f 1602/2328/2214 1615/2341/2227 1726/2478/2360
f 1507/2195/2089 1509/2197/2091 2170/2470/2352
f 1615/2341/2227 1617/2343/2229 1726/2478/2360
f 2169/2234/2125 1507/2195/2089 2170/2470/2352
f 1617/2343/2229 1673/2409/2295 1726/2478/2360
f 1726/2478/2360 1673/2409/2295 1727/2479/2361
f 1505/2193/2087 1507/2195/2089 2169/2234/2125
f 1727/2479/2361 1673/2409/2295 1728/2480/2362
f 1673/2409/2295 1674/2411/2297 1728/2480/2362
f 2168/2231/2122 1505/2193/2087 2169/2234/2125
f 1674/2411/2297 1675/2412/2298 1728/2480/2362
f 1728/2480/2362 1675/2412/2298 1729/2481/2363
f 1675/2412/2298 1676/2413/2299 1729/2481/2363
f 1729/2481/2363 1676/2413/2299 1730/2482/2364
f 1676/2413/2299 1677/2414/2300 1730/2482/2364
f 1730/2482/2364 1677/2414/2300 1731/2483/2365
f 1677/2414/2300 1678/2415/2301 1731/2483/2365
f 1731/2483/2365 1678/2415/2301 1732/2484/1072
f 1678/2415/2301 1711/2458/848 1732/2484/1072
f 1503/2191/2085 1505/2193/2087 2168/2231/2122
f 2167/2224/2116 1503/2191/2085 2168/2231/2122
f 2166/2149/2056 1503/2191/2085 2167/2224/2116
f 1502/2189/2083 1503/2191/2085 2166/2149/2056
f 1705/2452/2337 1717/2467/2350 1714/2461/2344
f 1500/2187/2081 1502/2189/2083 2166/2149/2056
f 2165/2148/2055 1500/2187/2081 2166/2149/2056
f 1498/2185/2079 1500/2187/2081 2165/2148/2055
f 2164/2106/2013 1498/2185/2079 2165/2148/2055
f 1721/2473/2355 1722/2474/2356 1723/2475/2357
f 1496/2183/2078 1498/2185/2079 2164/2106/2013
f 2163/2100/2007 1496/2183/2078 2164/2106/2013
f 1494/2181/2077 1496/2183/2078 2163/2100/2007
f 2162/2059/1967 1494/2181/2077 2163/2100/2007
f 1732/2484/1072 1733/2485/1073 1731/2483/2365
f 1491/2177/2073 1494/2181/2077 2162/2059/1967
f 1731/2483/2365 1733/2485/1073 1734/2486/2366
f 1733/2485/1073 1735/2487/2367 1734/2486/2366
f 1734/2486/2366 1735/2487/2367 1736/2488/2368
f 1735/2487/2367 1737/2489/1474 1736/2488/2368
f 1736/2488/2368 1737/2489/1474 1738/2490/2369
f 1737/2489/1474 1739/2491/2370 1738/2490/2369
f 1738/2490/2369 1739/2491/2370 1740/2492/2371
f 1739/2491/2370 1718/2468/1472 1740/2492/2371
f 2161/2058/1966 1491/2177/2073 2162/2059/1967
f 1718/2468/1472 1719/2469/2351 1740/2492/2371
f 1740/2492/2371 1719/2469/2351 1741/2493/2372
f 1719/2469/2351 1720/2471/2353 1741/2493/2372
f 2160/2056/1965 1491/2177/2073 2161/2058/1966
f 1720/2471/2353 1721/2473/2355 1741/2493/2372
f 1741/2493/2372 1721/2473/2355 1742/2494/2373
f 1721/2473/2355 1723/2475/2357 1742/2494/2373
f 1489/2175/2072 1491/2177/2073 2160/2056/1965
f 1723/2475/2357 1743/2495/2374 1742/2494/2373
f 1742/2494/2373 1743/2495/2374 1741/2493/2372
f 1743/2495/2374 1744/2496/2375 1741/2493/2372
f 1741/2493/2372 1744/2496/2375 1740/2492/2371
f 2157/2497/2376 2137/2498/2377 2136/2499/2378
f 1740/2492/2371 1744/2496/2375 1738/2490/2369
f 1744/2496/2375 1745/2500/2379 1738/2490/2369
f 1738/2490/2369 1745/2500/2379 1736/2488/2368
f 1745/2500/2379 1746/2501/2380 1736/2488/2368
f 1736/2488/2368 1746/2501/2380 1734/2486/2366
f 2135/2502/2381 2157/2497/2376 2136/2499/2378
f 1734/2486/2366 1746/2501/2380 1731/2483/2365
f 2159/2503/2382 2157/2497/2376 2135/2502/2381
f 1731/2483/2365 1746/2501/2380 1730/2482/2364
f 2155/2504/2383 2159/2503/2382 2135/2502/2381
f 1730/2482/2364 1746/2501/2380 1729/2481/2363
f 1746/2501/2380 1747/2505/2384 1729/2481/2363
f 1729/2481/2363 1747/2505/2384 1728/2480/2362
f 2157/2497/2376 2159/2503/2382 2155/2504/2383
f 1728/2480/2362 1747/2505/2384 1727/2479/2361
f 1747/2505/2384 1748/2506/2385 1727/2479/2361
f 1727/2479/2361 1748/2506/2385 1749/2507/2386
f 2156/2508/2387 2157/2497/2376 2155/2504/2383
f 1749/2507/2386 1748/2506/2385 1743/2495/2374
f 1748/2506/2385 1745/2500/2379 1743/2495/2374
f 1743/2495/2374 1745/2500/2379 1744/2496/2375
f 2158/2509/2388 2143/2510/2389 2137/2498/2377
f 2157/2497/2376 2158/2509/2388 2137/2498/2377
f 2143/2510/2389 2158/2509/2388 2157/2497/2376
f 2156/2508/2387 2143/2510/2389 2157/2497/2376
f 1747/2505/2384 1746/2501/2380 1748/2506/2385
f 1748/2506/2385 1746/2501/2380 1745/2500/2379
f 2145/2511/2390 2143/2510/2389 2156/2508/2387
f 2155/2504/2383 2145/2511/2390 2156/2508/2387
f 2135/2502/2381 2134/2512/2391 2155/2504/2383
f 2153/2513/2392 2134/2512/2391 2128/2514/2393
f 1727/2479/2361 1749/2507/2386 1726/2478/2360
f 1726/2478/2360 1749/2507/2386 1725/2477/2359
f 2155/2504/2383 2134/2512/2391 2153/2513/2392
f 1725/2477/2359 1749/2507/2386 1724/2476/2358
f 1749/2507/2386 1750/2515/2394 1724/2476/2358
f 1724/2476/2358 1750/2515/2394 1723/2475/2357
f 2154/2516/2395 2155/2504/2383 2153/2513/2392
f 1723/2475/2357 1750/2515/2394 1743/2495/2374
f 1750/2515/2394 1749/2507/2386 1743/2495/2374
f 2145/2511/2390 2155/2504/2383 2154/2516/2395
f 2153/2513/2392 2145/2511/2390 2154/2516/2395
f 2147/2517/2396 2145/2511/2390 2153/2513/2392
f 2128/2514/2393 2147/2517/2396 2153/2513/2392
f 1751/2518/8 1752/2519/2397 1753/2520/2398
f 1752/2519/2397 1754/2521/2399 1753/2520/2398
f 1753/2520/2398 1754/2521/2399 880/1423/574
f 2148/2522/2400 2147/2517/2396 2128/2514/2393
f 880/1423/574 1754/2521/2399 881/1425/1361
f 1754/2521/2399 934/1510/1441 881/1425/1361
f 881/1425/1361 934/1510/1441 882/1427/1363
f 2127/2523/2401 2148/2522/2400 2128/2514/2393
f 2151/2524/2402 2124/2525/216 2152/2526/2403
f 2125/2527/2404 2124/2525/216 2151/2524/2402
f 2150/2528/2405 2125/2527/2404 2151/2524/2402
f 1752/2519/2397 1755/2529/2406 1754/2521/2399
f 1754/2521/2399 1755/2529/2406 934/1510/1441
f 2127/2523/2401 2125/2527/2404 2150/2528/2405
f 2149/2530/2407 2127/2523/2401 2150/2528/2405
f 2148/2522/2400 2127/2523/2401 2149/2530/2407
f 2146/2531/2408 2148/2522/2400 2149/2530/2407
f 1756/2532/2409 1758/2533/2410 1757/2534/2411
f 1757/2534/2411 1758/2533/2410 1759/2535/2412
f 1758/2533/2410 1760/2536/2413 1759/2535/2412
f 2147/2517/2396 2148/2522/2400 2146/2531/2408
f 1760/2536/2413 1761/2537/2414 1759/2535/2412
f 2145/2511/2390 2147/2517/2396 2146/2531/2408
f 1761/2537/2414 1762/2538/2415 1759/2535/2412
f 1759/2535/2412 1762/2538/2415 1763/2539/2416
f 1762/2538/2415 1764/2540/2417 1763/2539/2416
f 2144/2541/2418 2145/2511/2390 2146/2531/2408
f 2143/2510/2389 2145/2511/2390 2144/2541/2418
f 2141/2542/2419 2143/2510/2389 2144/2541/2418
f 2110/2543/2420 2119/2544/2421 2138/2545/2422
f 1759/2535/2412 1763/2539/2416 1757/2534/2411
f 1763/2539/2416 1765/2546/2423 1757/2534/2411
f 1757/2534/2411 1765/2546/2423 1766/2547/2424
f 1765/2546/2423 1767/2548/2425 1766/2547/2424
f 1766/2547/2424 1767/2548/2425 1768/2549/2426
f 1767/2548/2425 1769/2550/2427 1768/2549/2426
f 1768/2549/2426 1769/2550/2427 1770/2551/2277
f 2142/2552/2428 2139/2553/2429 2137/2498/2377
f 2143/2510/2389 2142/2552/2428 2137/2498/2377
f 2141/2542/2419 2142/2552/2428 2143/2510/2389
f 2139/2553/2429 2142/2552/2428 2141/2542/2419
f 1766/2547/2424 1756/2532/2409 1757/2534/2411
f 2140/2554/2430 2139/2553/2429 2141/2542/2419
f 2132/2555/2431 2139/2553/2429 2140/2554/2430
f 2133/2556/2432 2139/2553/2429 2132/2555/2431
f 2110/2543/2420 2139/2553/2429 2133/2556/2432
f 1769/2550/2427 1767/2548/2425 1771/2557/2433
f 1767/2548/2425 1765/2546/2423 1771/2557/2433
f 1771/2557/2433 1765/2546/2423 1772/2558/2434
f 1765/2546/2423 1763/2539/2416 1772/2558/2434
f 1772/2558/2434 1763/2539/2416 1773/2559/2435
f 1763/2539/2416 1764/2540/2417 1773/2559/2435
f 2138/2545/2422 2139/2553/2429 2110/2543/2420
f 2137/2498/2377 2139/2553/2429 2138/2545/2422
f 2119/2544/2421 2137/2498/2377 2138/2545/2422
f 2136/2499/2378 2137/2498/2377 2119/2544/2421
f 1773/2559/2435 1774/2560/2436 1772/2558/2434
f 2120/2561/2437 2136/2499/2378 2119/2544/2421
f 1772/2558/2434 1774/2560/2436 1771/2557/2433
f 1774/2560/2436 1775/2562/2438 1771/2557/2433
f 1771/2557/2433 1775/2562/2438 1769/2550/2427
f 1775/2562/2438 1776/2563/2439 1769/2550/2427
f 1769/2550/2427 1776/2563/2439 1770/2551/2277
f 2135/2502/2381 2136/2499/2378 2120/2561/2437
f 1770/2551/2277 1776/2563/2439 1777/2564/2440
f 1776/2563/2439 1778/2565/2441 1777/2564/2440
f 1777/2564/2440 1778/2565/2441 1779/2566/2442
f 2134/2512/2391 2135/2502/2381 2120/2561/2437
f 1779/2566/2442 1778/2565/2441 1780/2567/2443
f 1778/2565/2441 1781/2568/2444 1780/2567/2443
f 1780/2567/2443 1781/2568/2444 1782/2569/2445
f 2129/2570/2446 2134/2512/2391 2120/2561/2437
f 1782/2569/2445 1781/2568/2444 1783/2571/2447
f 1781/2568/2444 1784/2572/2448 1783/2571/2447
f 1783/2571/2447 1784/2572/2448 1785/2573/2449
f 2128/2514/2393 2134/2512/2391 2129/2570/2446
f 1785/2573/2449 1784/2572/2448 1786/2574/2450
f 1784/2572/2448 1787/2575/2451 1786/2574/2450
f 1786/2574/2450 1787/2575/2451 1788/2576/2452
f 2122/2577/2453 2126/2578/2454 2121/2579/2455
f 1788/2576/2452 1787/2575/2451 1789/2580/803
f 1787/2575/2451 1790/2581/2456 1789/2580/803
f 1789/2580/803 1790/2581/2456 1791/2582/2457
f 2107/2583/2458 2110/2543/2420 2133/2556/2432
f 2132/2555/2431 2107/2583/2458 2133/2556/2432
f 2131/2584/2459 2107/2583/2458 2132/2555/2431
f 2130/2585/263 2107/2583/2458 2131/2584/2459
f 1781/2568/2444 1778/2565/2441 1784/2572/2448
f 1784/2572/2448 1778/2565/2441 1792/2586/2460
f 1778/2565/2441 1793/2587/2461 1792/2586/2460
f 1792/2586/2460 1793/2587/2461 1794/2588/2462
f 2106/2589/2463 2107/2583/2458 2130/2585/263
f 1794/2588/2462 1793/2587/2461 1775/2562/2438
f 2121/2579/2455 2129/2570/2446 2120/2561/2437
f 1775/2562/2438 1793/2587/2461 1776/2563/2439
f 1793/2587/2461 1778/2565/2441 1776/2563/2439
f 2128/2514/2393 2129/2570/2446 2121/2579/2455
f 2126/2578/2454 2128/2514/2393 2121/2579/2455
f 2127/2523/2401 2128/2514/2393 2126/2578/2454
f 2125/2527/2404 2127/2523/2401 2126/2578/2454
f 1784/2572/2448 1792/2586/2460 1787/2575/2451
f 2122/2577/2453 2125/2527/2404 2126/2578/2454
f 1787/2575/2451 1792/2586/2460 1790/2581/2456
f 1792/2586/2460 1794/2588/2462 1790/2581/2456
f 1790/2581/2456 1794/2588/2462 1791/2582/2457
f 2124/2525/216 2125/2527/2404 2122/2577/2453
f 1791/2582/2457 1794/2588/2462 1795/2590/2464
f 2123/2591/214 2124/2525/216 2122/2577/2453
f 1795/2590/2464 1794/2588/2462 1796/2592/2465
f 1794/2588/2462 1797/2593/2466 1796/2592/2465
f 1796/2592/2465 1797/2593/2466 1774/2560/2436
f 2115/2594/236 2123/2591/214 2122/2577/2453
f 1774/2560/2436 1797/2593/2466 1775/2562/2438
f 1797/2593/2466 1794/2588/2462 1775/2562/2438
f 2116/2595/2467 2115/2594/236 2122/2577/2453
f 2121/2579/2455 2116/2595/2467 2122/2577/2453
f 2117/2596/2468 2116/2595/2467 2121/2579/2455
f 2120/2561/2437 2117/2596/2468 2121/2579/2455
f 1796/2592/2465 1774/2560/2436 1798/2597/795
f 2118/2598/2469 2117/2596/2468 2120/2561/2437
f 1798/2597/795 1774/2560/2436 1799/2599/73
f 1774/2560/2436 1773/2559/2435 1799/2599/73
f 1799/2599/73 1773/2559/2435 1800/2600/71
f 1773/2559/2435 1764/2540/2417 1800/2600/71
f 1800/2600/71 1764/2540/2417 1801/2601/2470
f 1764/2540/2417 1762/2538/2415 1801/2601/2470
f 1801/2601/2470 1762/2538/2415 1802/2602/2471
f 1762/2538/2415 1761/2537/2414 1802/2602/2471
f 2119/2544/2421 2118/2598/2469 2120/2561/2437
f 2110/2543/2420 2118/2598/2469 2119/2544/2421
f 2111/2603/2472 2118/2598/2469 2110/2543/2420
f 2117/2596/2468 2118/2598/2469 2111/2603/2472
f 1800/2600/71 1801/2601/2470 1803/2604/97
f 2114/2605/2473 2117/2596/2468 2111/2603/2472
f 1803/2604/97 1801/2601/2470 1804/2606/105
f 1801/2601/2470 1805/2607/2474 1804/2606/105
f 1804/2606/105 1805/2607/2474 1806/2608/2475
f 2116/2595/2467 2117/2596/2468 2114/2605/2473
f 1806/2608/2475 1805/2607/2474 1802/2602/2471
f 1805/2607/2474 1801/2601/2470 1802/2602/2471
f 2115/2594/236 2116/2595/2467 2114/2605/2473
f 2113/2609/404 2115/2594/236 2114/2605/2473
f 2111/2603/2472 2113/2609/404 2114/2605/2473
f 2112/2610/2476 2113/2609/404 2111/2603/2472
f 1804/2606/105 1806/2608/2475 1807/2611/2477
f 2108/2612/410 2112/2610/2476 2111/2603/2472
f 1807/2611/2477 1806/2608/2475 1808/2613/2478
f 1806/2608/2475 1809/2614/2479 1808/2613/2478
f 2109/2615/2480 2108/2612/410 2111/2603/2472
f 1809/2614/2479 1810/2616/2481 1808/2613/2478
f 1808/2613/2478 1810/2616/2481 1811/2617/75
f 2110/2543/2420 2109/2615/2480 2111/2603/2472
f 1811/2617/75 1810/2616/2481 1812/2618/2482
f 1810/2616/2481 1813/2619/2483 1812/2618/2482
f 1812/2618/2482 1813/2619/2483 1814/2620/2484
f 1813/2619/2483 1815/2621/2485 1814/2620/2484
f 1814/2620/2484 1815/2621/2485 1816/2622/2486
f 2107/2583/2458 2109/2615/2480 2110/2543/2420
f 1816/2622/2486 1815/2621/2485 1817/2623/2487
f 1815/2621/2485 1818/2624/2488 1817/2623/2487
f 1817/2623/2487 1818/2624/2488 1819/2625/2264
f 1818/2624/2488 1820/2626/2489 1819/2625/2264
f 1819/2625/2264 1820/2626/2489 1821/2627/2263
f 1820/2626/2489 1822/2628/2490 1821/2627/2263
f 1821/2627/2263 1822/2628/2490 1823/2629/2261
f 1822/2628/2490 1824/2630/2491 1823/2629/2261
f 1823/2629/2261 1824/2630/2491 1825/2631/2259
f 2108/2612/410 2109/2615/2480 2107/2583/2458
f 1825/2631/2259 1824/2630/2491 1760/2536/2413
f 2106/2589/2463 2108/2612/410 2107/2583/2458
f 1760/2536/2413 1824/2630/2491 1761/2537/2414
f 1824/2630/2491 1826/2632/2492 1761/2537/2414
f 1761/2537/2414 1826/2632/2492 1802/2602/2471
f 1994/2633/2493 2096/2634/2494 1999/2635/1188
f 1802/2602/2471 1826/2632/2492 1806/2608/2475
f 2098/2636/2495 2096/2634/2494 1994/2633/2493
f 1806/2608/2475 1826/2632/2492 1827/2637/2496
f 1826/2632/2492 1824/2630/2491 1827/2637/2496
f 1993/2638/2497 2098/2636/2495 1994/2633/2493
f 1824/2630/2491 1822/2628/2490 1827/2637/2496
f 1827/2637/2496 1822/2628/2490 1828/2639/2498
f 1822/2628/2490 1820/2626/2489 1828/2639/2498
f 1991/2640/2499 2098/2636/2495 1993/2638/2497
f 1820/2626/2489 1818/2624/2488 1828/2639/2498
f 2101/2641/2500 2098/2636/2495 1991/2640/2499
f 1818/2624/2488 1815/2621/2485 1828/2639/2498
f 2103/2642/2501 2101/2641/2500 1991/2640/2499
f 1815/2621/2485 1813/2619/2483 1828/2639/2498
f 1990/2643/2502 2103/2642/2501 1991/2640/2499
f 1813/2619/2483 1810/2616/2481 1828/2639/2498
f 1989/2644/2503 2103/2642/2501 1990/2643/2502
f 1810/2616/2481 1809/2614/2479 1828/2639/2498
f 1828/2639/2498 1809/2614/2479 1827/2637/2496
f 1809/2614/2479 1806/2608/2475 1827/2637/2496
f 2105/2645/2504 2103/2642/2501 1989/2644/2503
f 2104/2646/2505 2103/2642/2501 2105/2645/2504
f 2102/2647/2506 2103/2642/2501 2104/2646/2505
f 2101/2641/2500 2103/2642/2501 2102/2647/2506
f 1812/2618/2482 1814/2620/2484 1829/2648/2507
f 2100/2649/2508 2101/2641/2500 2102/2647/2506
f 2098/2636/2495 2101/2641/2500 2100/2649/2508
f 2099/2650/1215 2098/2636/2495 2100/2649/2508
f 2097/2651/1213 2098/2636/2495 2099/2650/1215
f 1819/2625/2264 1830/2652/2509 1817/2623/2487
f 2096/2634/2494 2098/2636/2495 2097/2651/1213
f 2095/2653/2510 2096/2634/2494 2097/2651/1213
f 1999/2635/1188 2096/2634/2494 2095/2653/2510
f 2080/2654/2511 2091/2655/2512 2081/2656/2513
f 1831/2657/2514 1832/2658/2515 1833/2659/2516
f 1832/2658/2515 1834/2660/2517 1833/2659/2516
f 2090/2661/2518 2091/2655/2512 2080/2654/2511
f 1834/2660/2517 1835/2662/2519 1833/2659/2516
f 1833/2659/2516 1835/2662/2519 1836/2663/2520
f 1835/2662/2519 1837/2664/2521 1836/2663/2520
f 2082/2665/2522 2090/2661/2518 2080/2654/2511
f 1837/2664/2521 1838/2666/2523 1836/2663/2520
f 1836/2663/2520 1838/2666/2523 1839/2667/2524
f 1838/2666/2523 1840/2668/2525 1839/2667/2524
f 2089/2669/2526 2085/2670/2527 2086/2671/2528
f 1840/2668/2525 1841/2672/2529 1839/2667/2524
f 1839/2667/2524 1841/2672/2529 1831/2657/2514
f 1841/2672/2529 1842/2673/2530 1831/2657/2514
f 1831/2657/2514 1842/2673/2530 1832/2658/2515
f 2087/2674/2531 2089/2669/2526 2086/2671/2528
f 1832/2658/2515 1842/2673/2530 1843/2675/2532
f 2088/2676/2533 2089/2669/2526 2087/2674/2531
f 1843/2675/2532 1842/2673/2530 1844/2677/2534
f 1842/2673/2530 1845/2678/2535 1844/2677/2534
f 1844/2677/2534 1845/2678/2535 1846/2679/2536
f 1845/2678/2535 1847/2680/2537 1846/2679/2536
f 1846/2679/2536 1847/2680/2537 1848/165/160
f 1847/2680/2537 1849/2681/2538 1848/165/160
f 1848/165/160 1849/2681/2538 1850/2682/2539
f 2017/2683/2540 2092/2684/2541 2018/2685/2542
f 1850/2682/2539 1849/2681/2538 1851/2686/2543
f 1849/2681/2538 1841/2672/2529 1851/2686/2543
f 2094/2687/2544 2092/2684/2541 2017/2683/2540
f 1841/2672/2529 1840/2668/2525 1851/2686/2543
f 1851/2686/2543 1840/2668/2525 1852/2688/2545
f 1840/2668/2525 1838/2666/2523 1852/2688/2545
f 2014/2689/2546 2094/2687/2544 2017/2683/2540
f 1838/2666/2523 1853/2690/2547 1852/2688/2545
f 2015/2691/2548 2094/2687/2544 2014/2689/2546
f 1853/2690/2547 1854/2692/2549 1852/2688/2545
f 1852/2688/2545 1854/2692/2549 1851/2686/2543
f 2092/2684/2541 2094/2687/2544 2015/2691/2548
f 2093/2693/2550 2092/2684/2541 2015/2691/2548
f 2081/2656/2513 2092/2684/2541 2093/2693/2550
f 2091/2655/2512 2092/2684/2541 2081/2656/2513
f 1831/2657/2514 1833/2659/2516 1839/2667/2524
f 1839/2667/2524 1833/2659/2516 1836/2663/2520
f 2018/2685/2542 2092/2684/2541 2091/2655/2512
f 2019/2694/2551 2018/2685/2542 2091/2655/2512
f 2090/2661/2518 2019/2694/2551 2091/2655/2512
f 2020/2695/2552 2019/2694/2551 2090/2661/2518
f 1842/2673/2530 1841/2672/2529 1845/2678/2535
f 1845/2678/2535 1841/2672/2529 1847/2680/2537
f 1841/2672/2529 1849/2681/2538 1847/2680/2537
f 2082/2665/2522 2020/2695/2552 2090/2661/2518
f 2088/2676/2533 2020/2695/2552 2082/2665/2522
f 2089/2669/2526 2088/2676/2533 2082/2665/2522
f 2083/2696/2553 2089/2669/2526 2082/2665/2522
f 1853/2690/2547 1838/2666/2523 1855/2697/2554
f 1838/2666/2523 1837/2664/2521 1855/2697/2554
f 1855/2697/2554 1837/2664/2521 1856/2698/2555
f 1837/2664/2521 1857/2699/2556 1856/2698/2555
f 1856/2698/2555 1857/2699/2556 1858/2700/2557
f 1857/2699/2556 1859/2701/2558 1858/2700/2557
f 2085/2670/2527 2089/2669/2526 2083/2696/2553
f 1859/2701/2558 1860/2702/2559 1858/2700/2557
f 2084/2703/2560 2085/2670/2527 2083/2696/2553
f 1860/2702/2559 1861/2704/2561 1858/2700/2557
f 1858/2700/2557 1861/2704/2561 1856/2698/2555
f 1861/2704/2561 1862/2705/2562 1856/2698/2555
f 1856/2698/2555 1862/2705/2562 1863/2706/2563
f 1862/2705/2562 1864/2707/2564 1863/2706/2563
f 2048/2708/2565 2020/2695/2552 2088/2676/2533
f 1864/2707/2564 1865/2709/2566 1863/2706/2563
f 1863/2706/2563 1865/2709/2566 1853/2690/2547
f 1865/2709/2566 1866/2710/2567 1853/2690/2547
f 1853/2690/2547 1866/2710/2567 1854/2692/2549
f 1866/2710/2567 1867/2711/2568 1854/2692/2549
f 1854/2692/2549 1867/2711/2568 1851/2686/2543
f 1867/2711/2568 1868/2712/2569 1851/2686/2543
f 1851/2686/2543 1868/2712/2569 1850/2682/2539
f 1868/2712/2569 1869/162/157 1850/2682/2539
f 1850/2682/2539 1869/162/157 1848/165/160
f 2087/2674/2531 2048/2708/2565 2088/2676/2533
f 2047/2713/2570 2048/2708/2565 2087/2674/2531
f 2051/2714/2571 2047/2713/2570 2087/2674/2531
f 2086/2671/2528 2051/2714/2571 2087/2674/2531
f 1853/2690/2547 1855/2697/2554 1863/2706/2563
f 1863/2706/2563 1855/2697/2554 1856/2698/2555
f 2070/2715/2572 2051/2714/2571 2086/2671/2528
f 2071/2716/2573 2070/2715/2572 2086/2671/2528
f 2085/2670/2527 2071/2716/2573 2086/2671/2528
f 2072/2717/2574 2071/2716/2573 2085/2670/2527
f 1837/2664/2521 1835/2662/2519 1857/2699/2556
f 1857/2699/2556 1835/2662/2519 1859/2701/2558
f 2073/2718/2575 2072/2717/2574 2085/2670/2527
f 2084/2703/2560 2073/2718/2575 2085/2670/2527
f 2074/2719/2576 2073/2718/2575 2084/2703/2560
f 2083/2696/2553 2074/2719/2576 2084/2703/2560
f 1861/2704/2561 1870/2720/2577 1862/2705/2562
f 1862/2705/2562 1870/2720/2577 1864/2707/2564
f 2075/2721/2578 2074/2719/2576 2083/2696/2553
f 2082/2665/2522 2075/2721/2578 2083/2696/2553
f 2078/2722/2579 2075/2721/2578 2082/2665/2522
f 2080/2654/2511 2078/2722/2579 2082/2665/2522
f 1869/162/157 1868/2712/2569 1871/161/156
f 2079/2723/2580 2080/2654/2511 2081/2656/2513
f 1868/2712/2569 1867/2711/2568 1871/161/156
f 1871/161/156 1867/2711/2568 1872/159/154
f 2078/2722/2579 2080/2654/2511 2079/2723/2580
f 1872/159/154 1867/2711/2568 1873/5/5
f 2077/2724/2581 2078/2722/2579 2079/2723/2580
f 1873/5/5 1867/2711/2568 1874/6/6
f 1867/2711/2568 1866/2710/2567 1874/6/6
f 1874/6/6 1866/2710/2567 1875/12/12
f 1866/2710/2567 1865/2709/2566 1875/12/12
f 1875/12/12 1865/2709/2566 1876/35/35
f 1865/2709/2566 1877/2725/2582 1876/35/35
f 1876/35/35 1877/2725/2582 1878/41/41
f 1877/2725/2582 1864/2707/2564 1878/41/41
f 1878/41/41 1864/2707/2564 1879/2726/2583
f 2075/2721/2578 2078/2722/2579 2077/2724/2581
f 1879/2726/2583 1864/2707/2564 1880/2727/2584
f 1864/2707/2564 1870/2720/2577 1880/2727/2584
f 1880/2727/2584 1870/2720/2577 1881/2728/2585
f 1870/2720/2577 1882/2729/2586 1881/2728/2585
f 1881/2728/2585 1882/2729/2586 1883/2730/2587
f 1882/2729/2586 1861/2704/2561 1883/2730/2587
f 1883/2730/2587 1861/2704/2561 1884/2731/2588
f 1861/2704/2561 1860/2702/2559 1884/2731/2588
f 1884/2731/2588 1860/2702/2559 1885/2732/2589
f 1860/2702/2559 1859/2701/2558 1885/2732/2589
f 2076/2733/2590 2075/2721/2578 2077/2724/2581
f 2062/2734/2591 2075/2721/2578 2076/2733/2590
f 2074/2719/2576 2075/2721/2578 2062/2734/2591
f 2061/2735/2592 2074/2719/2576 2062/2734/2591
f 1864/2707/2564 1877/2725/2582 1865/2709/2566
f 2073/2718/2575 2074/2719/2576 2061/2735/2592
f 2063/2736/2593 2073/2718/2575 2061/2735/2592
f 2072/2717/2574 2073/2718/2575 2063/2736/2593
f 2069/2737/2594 2072/2717/2574 2063/2736/2593
f 1861/2704/2561 1882/2729/2586 1870/2720/2577
f 2068/2738/2595 2072/2717/2574 2069/2737/2594
f 2071/2716/2573 2072/2717/2574 2068/2738/2595
f 2067/2739/2596 2071/2716/2573 2068/2738/2595
f 2070/2715/2572 2071/2716/2573 2067/2739/2596
f 1885/2732/2589 1886/2740/2597 1884/2731/2588
f 1886/2740/2597 1887/2741/2598 1884/2731/2588
f 1884/2731/2588 1887/2741/2598 1883/2730/2587
f 1887/2741/2598 1888/2742/2599 1883/2730/2587
f 2050/2743/2600 2051/2714/2571 2070/2715/2572
f 1888/2742/2599 1889/2744/2601 1883/2730/2587
f 1883/2730/2587 1889/2744/2601 1881/2728/2585
f 1889/2744/2601 1890/2745/2602 1881/2728/2585
f 1881/2728/2585 1890/2745/2602 1880/2727/2584
f 1890/2745/2602 1891/2746/2603 1880/2727/2584
f 1880/2727/2584 1891/2746/2603 1879/2726/2583
f 1891/2746/2603 1892/2747/2604 1879/2726/2583
f 1879/2726/2583 1892/2747/2604 1878/41/41
f 2067/2739/2596 2050/2743/2600 2070/2715/2572
f 1878/41/41 1892/2747/2604 1893/46/46
f 2052/2748/2605 2050/2743/2600 2067/2739/2596
f 1893/46/46 1892/2747/2604 1894/73/70
f 2053/2749/2606 2052/2748/2605 2067/2739/2596
f 1894/73/70 1892/2747/2604 1895/2750/2607
f 1892/2747/2604 1891/2746/2603 1895/2750/2607
f 1895/2750/2607 1891/2746/2603 1896/2751/2608
f 1891/2746/2603 1890/2745/2602 1896/2751/2608
f 1896/2751/2608 1890/2745/2602 1897/2752/2609
f 2064/2753/2610 2069/2737/2594 2063/2736/2593
f 1897/2752/2609 1890/2745/2602 1898/2754/2611
f 1890/2745/2602 1899/2755/2612 1898/2754/2611
f 1898/2754/2611 1899/2755/2612 1900/2756/2613
f 2068/2738/2595 2069/2737/2594 2064/2753/2610
f 1900/2756/2613 1899/2755/2612 1889/2744/2601
f 1899/2755/2612 1890/2745/2602 1889/2744/2601
f 2065/2757/2614 2068/2738/2595 2064/2753/2610
f 2067/2739/2596 2068/2738/2595 2065/2757/2614
f 2066/2758/2615 2067/2739/2596 2065/2757/2614
f 2053/2749/2606 2067/2739/2596 2066/2758/2615
f 1898/2754/2611 1900/2756/2613 1901/2759/2616
f 2065/2757/2614 2053/2749/2606 2066/2758/2615
f 1901/2759/2616 1900/2756/2613 1902/2760/2617
f 1900/2756/2613 1903/2761/2618 1902/2760/2617
f 1902/2760/2617 1903/2761/2618 1904/2762/2619
f 2059/2763/2620 2053/2749/2606 2065/2757/2614
f 2058/2764/2621 2059/2763/2620 2065/2757/2614
f 2064/2753/2610 2058/2764/2621 2065/2757/2614
f 2063/2736/2593 2058/2764/2621 2064/2753/2610
f 1889/2744/2601 1888/2742/2599 1900/2756/2613
f 1900/2756/2613 1888/2742/2599 1905/2765/2622
f 2057/2766/2623 2058/2764/2621 2063/2736/2593
f 1905/2765/2622 1888/2742/2599 1906/2767/2624
f 1888/2742/2599 1887/2741/2598 1906/2767/2624
f 2056/2768/2625 2057/2766/2623 2063/2736/2593
f 1887/2741/2598 1886/2740/2597 1906/2767/2624
f 1906/2767/2624 1886/2740/2597 1907/2769/2626
f 1886/2740/2597 1885/2732/2589 1907/2769/2626
f 1907/2769/2626 1885/2732/2589 1908/2770/2627
f 1885/2732/2589 1909/2771/2628 1908/2770/2627
f 2061/2735/2592 2056/2768/2625 2063/2736/2593
f 1909/2771/2628 1910/2772/2629 1908/2770/2627
f 1908/2770/2627 1910/2772/2629 1907/2769/2626
f 1910/2772/2629 1906/2767/2624 1907/2769/2626
f 2060/2773/2630 2061/2735/2592 2062/2734/2591
f 2056/2768/2625 2061/2735/2592 2060/2773/2630
f 2055/2774/2631 2056/2768/2625 2060/2773/2630
f 2041/2775/2632 2053/2749/2606 2059/2763/2620
f 1900/2756/2613 1905/2765/2622 1903/2761/2618
f 2058/2764/2621 2041/2775/2632 2059/2763/2620
f 2057/2766/2623 2041/2775/2632 2058/2764/2621
f 2039/2776/2633 2041/2775/2632 2057/2766/2623
f 2056/2768/2625 2039/2776/2633 2057/2766/2623
f 1909/2771/2628 1885/2732/2589 1911/2777/2634
f 2055/2774/2631 2039/2776/2633 2056/2768/2625
f 1885/2732/2589 1859/2701/2558 1911/2777/2634
f 1911/2777/2634 1859/2701/2558 1912/2778/2635
f 1859/2701/2558 1913/2779/2636 1912/2778/2635
f 1912/2778/2635 1913/2779/2636 1914/2780/2637
f 1913/2779/2636 1835/2662/2519 1914/2780/2637
f 2054/2781/2638 2041/2775/2632 2042/2782/2639
f 1835/2662/2519 1834/2660/2517 1914/2780/2637
f 1914/2780/2637 1834/2660/2517 1915/2783/2640
f 1834/2660/2517 1832/2658/2515 1915/2783/2640
f 1915/2783/2640 1832/2658/2515 1916/2784/2641
f 2053/2749/2606 2041/2775/2632 2054/2781/2638
f 1916/2784/2641 1832/2658/2515 1917/2785/2642
f 1832/2658/2515 1843/2675/2532 1917/2785/2642
f 1917/2785/2642 1843/2675/2532 1918/2786/2643
f 2042/2782/2639 2053/2749/2606 2054/2781/2638
f 1918/2786/2643 1843/2675/2532 1919/2787/2644
f 1843/2675/2532 1844/2677/2534 1919/2787/2644
f 1919/2787/2644 1844/2677/2534 1920/2788/2645
f 1844/2677/2534 1846/2679/2536 1920/2788/2645
f 1920/2788/2645 1846/2679/2536 1921/116/113
f 1846/2679/2536 1848/165/160 1921/116/113
f 2052/2748/2605 2053/2749/2606 2042/2782/2639
f 2050/2743/2600 2052/2748/2605 2042/2782/2639
f 2043/2789/2646 2050/2743/2600 2042/2782/2639
f 2044/2790/2647 2050/2743/2600 2043/2789/2646
f 1912/2778/2635 1909/2771/2628 1911/2777/2634
f 2051/2714/2571 2046/2791/2648 2047/2713/2570
f 2049/2792/2649 2046/2791/2648 2051/2714/2571
f 2050/2743/2600 2049/2792/2649 2051/2714/2571
f 2044/2790/2647 2049/2792/2649 2050/2743/2600
f 1835/2662/2519 1913/2779/2636 1859/2701/2558
f 2046/2791/2648 2049/2792/2649 2044/2790/2647
f 2045/2793/2650 2046/2791/2648 2044/2790/2647
f 2025/2794/2651 2023/2795/2652 2033/2796/2653
f 2048/2708/2565 2021/2797/2654 2020/2695/2552
f 1922/2798/2655 1918/2786/2643 1923/2799/2656
f 1918/2786/2643 1919/2787/2644 1923/2799/2656
f 1923/2799/2656 1919/2787/2644 1924/122/119
f 1919/2787/2644 1920/2788/2645 1924/122/119
f 1924/122/119 1920/2788/2645 1925/115/112
f 1920/2788/2645 1921/116/113 1925/115/112
f 2022/2800/2657 2021/2797/2654 2048/2708/2565
f 2047/2713/2570 2022/2800/2657 2048/2708/2565
f 2046/2791/2648 2022/2800/2657 2047/2713/2570
f 2023/2795/2652 2022/2800/2657 2046/2791/2648
f 1922/2798/2655 1926/2801/2658 1918/2786/2643
f 1926/2801/2658 1927/2802/2659 1918/2786/2643
f 1918/2786/2643 1927/2802/2659 1917/2785/2642
f 1927/2802/2659 1928/2803/2660 1917/2785/2642
f 1917/2785/2642 1928/2803/2660 1916/2784/2641
f 1928/2803/2660 1929/2804/2661 1916/2784/2641
f 1916/2784/2641 1929/2804/2661 1915/2783/2640
f 2033/2796/2653 2023/2795/2652 2046/2791/2648
f 2045/2793/2650 2033/2796/2653 2046/2791/2648
f 2034/2805/2662 2033/2796/2653 2045/2793/2650
f 2044/2790/2647 2034/2805/2662 2045/2793/2650
f 1927/2802/2659 1926/2801/2658 1928/2803/2660
f 2035/2806/2663 2034/2805/2662 2044/2790/2647
f 1926/2801/2658 1930/2807/2664 1928/2803/2660
f 2037/2808/2665 2035/2806/2663 2044/2790/2647
f 1930/2807/2664 1931/2809/2666 1928/2803/2660
f 1928/2803/2660 1931/2809/2666 1932/2810/2667
f 1931/2809/2666 1933/2811/2668 1932/2810/2667
f 2043/2789/2646 2037/2808/2665 2044/2790/2647
f 1933/2811/2668 1929/2804/2661 1932/2810/2667
f 1932/2810/2667 1929/2804/2661 1928/2803/2660
f 2042/2782/2639 2037/2808/2665 2043/2789/2646
f 2040/2812/2669 2037/2808/2665 2042/2782/2639
f 2041/2775/2632 2040/2812/2669 2042/2782/2639
f 2039/2776/2633 2040/2812/2669 2041/2775/2632
f 1931/2809/2666 1934/2813/2670 1933/2811/2668
f 1933/2811/2668 1934/2813/2670 1935/2814/2671
f 1934/2813/2670 1936/2815/2672 1935/2814/2671
f 1935/2814/2671 1936/2815/2672 1937/2816/2673
f 1936/2815/2672 1904/2762/2619 1937/2816/2673
f 2037/2808/2665 2040/2812/2669 2039/2776/2633
f 1904/2762/2619 1938/2817/2674 1937/2816/2673
f 1937/2816/2673 1938/2817/2674 1939/2818/2675
f 1938/2817/2674 1940/2819/2676 1939/2818/2675
f 1939/2818/2675 1940/2819/2676 1929/2804/2661
f 1940/2819/2676 1941/2820/2677 1929/2804/2661
f 1929/2804/2661 1941/2820/2677 1915/2783/2640
f 2038/2821/2631 2037/2808/2665 2039/2776/2633
f 1915/2783/2640 1941/2820/2677 1914/2780/2637
f 1941/2820/2677 1940/2819/2676 1914/2780/2637
f 1914/2780/2637 1940/2819/2676 1942/2822/2678
f 1940/2819/2676 1938/2817/2674 1942/2822/2678
f 2036/2823/2630 2037/2808/2665 2038/2821/2631
f 2035/2806/2663 2037/2808/2665 2036/2823/2630
f 2032/2824/2679 2035/2806/2663 2036/2823/2630
f 2034/2805/2662 2035/2806/2663 2032/2824/2679
f 1935/2814/2671 1937/2816/2673 1933/2811/2668
f 1937/2816/2673 1939/2818/2675 1933/2811/2668
f 1933/2811/2668 1939/2818/2675 1929/2804/2661
f 2031/2825/2680 2034/2805/2662 2032/2824/2679
f 2033/2796/2653 2034/2805/2662 2031/2825/2680
f 2025/2794/2651 2033/2796/2653 2031/2825/2680
f 2029/2826/2681 2025/2794/2651 2031/2825/2680
f 1914/2780/2637 1942/2822/2678 1912/2778/2635
f 1912/2778/2635 1942/2822/2678 1943/2827/2682
f 1942/2822/2678 1944/2828/2683 1943/2827/2682
f 1943/2827/2682 1944/2828/2683 1945/2829/2684
f 1944/2828/2683 1938/2817/2674 1945/2829/2684
f 1945/2829/2684 1938/2817/2674 1946/2830/2685
f 1938/2817/2674 1904/2762/2619 1946/2830/2685
f 2026/2831/2686 2025/2794/2651 2029/2826/2681
f 2030/2832/2687 2031/2825/2680 2032/2824/2679
f 2029/2826/2681 2031/2825/2680 2030/2832/2687
f 2028/2833/2688 2029/2826/2681 2030/2832/2687
f 1912/2778/2635 1943/2827/2682 1909/2771/2628
f 2026/2831/2686 2029/2826/2681 2028/2833/2688
f 1909/2771/2628 1943/2827/2682 1910/2772/2629
f 1943/2827/2682 1947/2834/2689 1910/2772/2629
f 1910/2772/2629 1947/2834/2689 1945/2829/2684
f 1947/2834/2689 1943/2827/2682 1945/2829/2684
f 2027/2835/2690 2026/2831/2686 2028/2833/2688
f 2025/2794/2651 2024/2836/2691 2023/2795/2652
f 1972/2837/2692 2000/2838/2693 2016/2839/2694
f 1999/2635/1188 2003/2840/82 1996/2841/2695
f 1938/2817/2674 1944/2828/2683 1942/2822/2678
f 1980/2842/2696 2027/2835/2690 1982/2843/2697
f 2026/2831/2686 2027/2835/2690 1980/2842/2696
f 1952/2844/2698 2026/2831/2686 1980/2842/2696
f 1954/2845/2699 2026/2831/2686 1952/2844/2698
f 1945/2829/2684 1946/2830/2685 1948/2846/2700
f 2025/2794/2651 2026/2831/2686 1954/2845/2699
f 1946/2830/2685 1904/2762/2619 1948/2846/2700
f 1948/2846/2700 1904/2762/2619 1949/2847/2701
f 1904/2762/2619 1903/2761/2618 1949/2847/2701
f 1949/2847/2701 1903/2761/2618 1948/2846/2700
f 1903/2761/2618 1905/2765/2622 1948/2846/2700
f 1966/2848/2702 2025/2794/2651 1954/2845/2699
f 1905/2765/2622 1906/2767/2624 1948/2846/2700
f 1948/2846/2700 1906/2767/2624 1950/2849/2703
f 1906/2767/2624 1910/2772/2629 1950/2849/2703
f 2024/2836/2691 2025/2794/2651 1966/2848/2702
f 1910/2772/2629 1945/2829/2684 1950/2849/2703
f 1950/2849/2703 1945/2829/2684 1948/2846/2700
f 1967/2850/2704 2024/2836/2691 1966/2848/2702
f 2023/2795/2652 2024/2836/2691 1967/2850/2704
f 2022/2800/2657 2023/2795/2652 1967/2850/2704
f 2021/2797/2654 2022/2800/2657 1967/2850/2704
f 1951/2851/2705 1953/2852/2706 1952/2844/2698
f 1952/2844/2698 1953/2852/2706 1954/2845/2699
f 1968/2853/2707 2021/2797/2654 1967/2850/2704
f 2020/2695/2552 2021/2797/2654 1968/2853/2707
f 1983/2854/2708 2020/2695/2552 1968/2853/2707
f 2019/2694/2551 2020/2695/2552 1983/2854/2708
f 1951/2851/2705 1955/2855/2709 1953/2852/2706
f 1953/2852/2706 1955/2855/2709 1956/2856/2710
f 2018/2685/2542 2019/2694/2551 1983/2854/2708
f 1956/2856/2710 1955/2855/2709 1957/2857/2711
f 1955/2855/2709 1958/2858/2712 1957/2857/2711
f 1957/2857/2711 1958/2858/2712 1959/2859/2713
f 1970/2860/2714 2018/2685/2542 1983/2854/2708
f 1959/2859/2713 1958/2858/2712 1960/2861/2715
f 2017/2683/2540 2018/2685/2542 1970/2860/2714
f 1960/2861/2715 1958/2858/2712 1961/2862/2716
f 1971/2863/2717 2017/2683/2540 1970/2860/2714
f 1961/2862/2716 1958/2858/2712 1951/2851/2705
f 1958/2858/2712 1955/2855/2709 1951/2851/2705
f 1972/2837/2692 2017/2683/2540 1971/2863/2717
f 2016/2839/2694 2017/2683/2540 1972/2837/2692
f 2014/2689/2546 2017/2683/2540 2016/2839/2694
f 2000/2838/2693 2014/2689/2546 2016/2839/2694
f 1959/2859/2713 1962/2864/2718 1957/2857/2711
f 1962/2864/2718 1963/2865/2719 1957/2857/2711
f 1957/2857/2711 1963/2865/2719 1956/2856/2710
f 1963/2865/2719 1964/2866/2720 1956/2856/2710
f 1956/2856/2710 1964/2866/2720 1953/2852/2706
f 1964/2866/2720 1965/2867/2721 1953/2852/2706
f 1953/2852/2706 1965/2867/2721 1966/2848/2702
f 2011/2868/2722 2014/2689/2546 2000/2838/2693
f 1966/2848/2702 1965/2867/2721 1967/2850/2704
f 2009/2869/2723 2011/2868/2722 2000/2838/2693
f 1967/2850/2704 1965/2867/2721 1968/2853/2707
f 1965/2867/2721 1964/2866/2720 1968/2853/2707
f 1968/2853/2707 1964/2866/2720 1969/2870/2724
f 1964/2866/2720 1963/2865/2719 1969/2870/2724
f 1969/2870/2724 1963/2865/2719 1970/2860/2714
f 2001/2871/2725 2009/2869/2723 2000/2838/2693
f 1970/2860/2714 1963/2865/2719 1971/2863/2717
f 2006/2872/2726 2009/2869/2723 2001/2871/2725
f 1971/2863/2717 1963/2865/2719 1972/2837/2692
f 1963/2865/2719 1962/2864/2718 1972/2837/2692
f 1972/2837/2692 1962/2864/2718 1973/2873/2727
f 1962/2864/2718 1959/2859/2713 1973/2873/2727
f 1973/2873/2727 1959/2859/2713 1974/2874/2728
f 2002/2875/2729 2006/2872/2726 2001/2871/2725
f 1974/2874/2728 1959/2859/2713 1975/2876/2730
f 1959/2859/2713 1960/2861/2715 1975/2876/2730
f 1975/2876/2730 1960/2861/2715 1976/2877/2731
f 2013/2878/2732 2015/2691/2548 2014/2689/2546
f 1976/2877/2731 1960/2861/2715 1977/2879/2733
f 1960/2861/2715 1961/2862/2716 1977/2879/2733
f 1977/2879/2733 1961/2862/2716 1978/2880/2734
f 1961/2862/2716 1951/2851/2705 1978/2880/2734
f 1978/2880/2734 1951/2851/2705 1979/2881/2735
f 1951/2851/2705 1980/2842/2696 1979/2881/2735
f 1979/2881/2735 1980/2842/2696 1981/2882/2736
f 1980/2842/2696 1982/2843/2697 1981/2882/2736
f 2011/2868/2722 2013/2878/2732 2014/2689/2546
f 2012/2883/2737 2013/2878/2732 2011/2868/2722
f 2010/2884/2738 2012/2883/2737 2011/2868/2722
f 2009/2869/2723 2010/2884/2738 2011/2868/2722
f 1953/2852/2706 1966/2848/2702 1954/2845/2699
f 2008/2885/2739 2010/2884/2738 2009/2869/2723
f 2006/2872/2726 2008/2885/2739 2009/2869/2723
f 2007/2886/2505 2008/2885/2739 2006/2872/2726
f 2005/2887/2740 2007/2886/2505 2006/2872/2726
f 1969/2870/2724 1970/2860/2714 1968/2853/2707
f 1968/2853/2707 1970/2860/2714 1983/2854/2708
f 2002/2875/2729 2005/2887/2740 2006/2872/2726
f 2004/2888/2741 2005/2887/2740 2002/2875/2729
f 2003/2840/82 2004/2888/2741 2002/2875/2729
f 1996/2841/2695 2003/2840/82 2002/2875/2729
f 1951/2851/2705 1952/2844/2698 1980/2842/2696
f 2001/2871/2725 1996/2841/2695 2002/2875/2729
f 1997/2889/2742 1996/2841/2695 2001/2871/2725
f 2000/2838/2693 1997/2889/2742 2001/2871/2725
f 1998/2890/2743 2000/2838/2693 1972/2837/2692
f 1979/2881/2735 1981/2882/2736 1978/2880/2734
f 1981/2882/2736 1984/2891/2744 1978/2880/2734
f 1997/2889/2742 2000/2838/2693 1998/2890/2743
f 1984/2891/2744 1985/2892/2732 1978/2880/2734
f 1978/2880/2734 1985/2892/2732 1986/2893/2745
f 1985/2892/2732 1987/2894/2746 1986/2893/2745
f 1986/2893/2745 1987/2894/2746 1988/2895/2747
f 1987/2894/2746 1989/2644/2503 1988/2895/2747
f 1995/2896/2748 1999/2635/1188 1996/2841/2695
f 1989/2644/2503 1990/2643/2502 1988/2895/2747
f 1994/2633/2493 1999/2635/1188 1995/2896/2748
f 1990/2643/2502 1991/2640/2499 1988/2895/2747
f 1988/2895/2747 1991/2640/2499 1992/2897/2749
f 1991/2640/2499 1993/2638/2497 1992/2897/2749
f 1992/2897/2749 1993/2638/2497 1976/2877/2731
f 1993/2638/2497 1994/2633/2493 1976/2877/2731
f 1976/2877/2731 1994/2633/2493 1975/2876/2730
f 1994/2633/2493 1995/2896/2748 1975/2876/2730
f 1975/2876/2730 1995/2896/2748 1974/2874/2728
f 1995/2896/2748 1996/2841/2695 1974/2874/2728
f 1977/2879/2733 1992/2897/2749 1976/2877/2731
f 1996/2841/2695 1997/2889/2742 1974/2874/2728
f 1974/2874/2728 1997/2889/2742 1973/2873/2727
f 1997/2889/2742 1998/2890/2743 1973/2873/2727
f 1973/2873/2727 1998/2890/2743 1972/2837/2692
f 1986/2893/2745 1988/2895/2747 1992/2897/2749
f 1977/2879/2733 1986/2893/2745 1992/2897/2749
f 1978/2880/2734 1986/2893/2745 1977/2879/2733
