# Blender 4.5.5 LTS
# www.blender.org
mtllib model_7.mtl
o model_7
v -4.396978 32.215031 5.257580
v -4.409761 31.798492 4.807720
v -4.944520 31.696627 4.900759
v -4.823081 31.665361 4.757622
v -4.959433 31.395065 4.447832
v -5.475017 31.142921 4.575633
v -5.835073 31.297234 5.141026
v -5.666762 31.689568 6.059150
v -4.795384 32.041557 5.847511
v -4.514157 34.219059 5.277006
v -4.635596 33.257893 5.041852
v -4.111490 33.859001 4.874177
v -4.100838 33.286133 4.847594
v -4.433197 33.113667 5.058210
v -4.526940 32.687042 5.070479
v -5.063828 32.580135 5.264737
v -5.404710 33.125771 5.671656
v -5.404710 34.156528 5.684947
v -3.664083 32.907921 5.018336
v -4.000704 32.903885 5.437524
v -4.043314 32.881695 5.250423
v -4.396978 32.663845 5.090928
v -4.786862 32.680992 5.495802
v -4.840125 33.145943 6.010074
v -4.109360 33.636108 6.544795
v -3.410553 33.522141 5.906811
v -3.297636 33.305298 5.250423
v -3.647039 31.747055 4.069540
v -3.382856 31.976002 4.479526
v -3.566080 32.004242 4.424316
v -3.896309 32.140396 4.690143
v -3.653431 32.423805 5.110353
v -3.031322 32.736462 5.102174
v -2.155682 32.469193 4.628798
v -2.554087 31.904392 3.973433
v -3.176196 31.714781 3.717831
v -3.039844 34.344124 5.347552
v -3.889917 33.822693 5.342440
v -3.203893 33.864044 4.902804
v -3.619343 33.476753 4.976418
v -3.866482 33.575592 5.314835
v -4.226538 33.356731 5.434457
v -4.552506 33.650227 5.814794
v -4.218016 34.207966 6.208422
v -3.470207 34.895809 6.036656
v -4.041183 32.274536 3.831318
v -4.735730 32.023403 4.219834
v -4.267017 31.764200 4.084876
v -4.682467 31.842869 4.202453
v -4.953042 31.545341 4.363994
v -5.406840 31.783363 4.652314
v -5.509105 32.462132 4.690143
v -4.967955 33.314373 4.603238
v -4.205233 32.892792 4.189162
v -3.600168 32.029453 4.107369
v -3.363681 32.511551 4.082831
v -3.551166 32.472218 4.105324
v -3.847307 32.738480 4.301627
v -3.644909 33.261929 4.254596
v -3.193240 33.495914 3.780198
v -2.392169 33.027939 3.330337
v -2.679788 32.135353 3.496990
v -3.231590 31.770252 3.731122
v -6.252653 31.584675 2.368250
v -6.757584 30.507523 -0.086557
v -5.244922 30.699152 0.878598
v -6.150388 30.493402 -0.213336
v -5.779680 29.983067 -1.481124
v -7.275298 29.282110 -2.468772
v -9.390894 29.391035 -1.713211
v -10.967471 29.715796 1.184299
v -8.425773 30.662842 2.793572
v -7.155989 37.861008 4.073629
v -6.708582 35.127781 2.354958
v -5.204442 36.947243 3.598208
v -4.961564 35.182243 3.013390
v -6.186607 34.584164 2.671905
v -6.331481 33.277058 2.104468
v -8.059325 32.979527 1.370377
v -9.908608 34.442963 2.158655
v -10.228185 37.646183 3.165729
v -4.102968 33.674431 3.951962
v -5.815898 33.415230 4.254596
v -5.532540 33.532223 3.702494
v -6.035341 33.136864 2.396877
v -7.861188 32.975494 2.577844
v -9.182104 33.980030 4.134974
v -8.572778 34.734440 7.361700
v -5.464364 34.687038 7.158240
v -3.766348 34.559956 5.624625
v -1.782843 30.909943 0.631175
v -2.023591 31.149982 2.357003
v -2.383647 31.359764 1.880560
v -3.800436 31.670404 1.969510
v -4.128534 32.077866 3.734189
v -2.626525 32.816139 5.275984
v 0.633156 32.070805 5.684947
v 1.135956 31.058203 2.781303
v 0.136747 30.944233 0.722170
v -3.610820 37.611889 7.365789
v -5.598586 36.321930 5.127734
v -2.973798 36.583149 5.520339
v -4.066750 35.470695 4.480548
v -5.413232 35.567520 4.873154
v -6.508314 34.916992 4.217789
v -8.197808 35.615929 4.734106
v -8.314986 36.865547 6.882189
v -6.265436 38.875629 8.650958
v -2.439040 32.925064 -0.241963
v -4.921084 32.062737 -0.970942
v -3.389247 31.192343 -0.582426
v -4.699511 31.492895 -1.076250
v -5.632674 30.526686 -1.525088
v -7.441477 31.184273 -1.539401
v -7.967713 33.307312 -1.014905
v -6.659580 35.829746 0.692519
v -3.762087 34.594250 0.860195
v -1.821192 31.738987 1.081035
v -1.307739 33.170147 1.965420
v -1.816931 33.101566 1.598375
v -3.046235 33.871105 1.713907
v -2.581784 35.464645 2.510364
v -0.530103 36.448002 2.523655
v 2.548484 35.084415 2.644300
v 1.730368 32.262436 1.608599
v -0.040086 31.127794 0.695587
v -3.463815 31.584675 -5.276310
v -1.855280 30.507523 -3.353157
v -3.644909 30.699152 -3.486070
v -2.330384 30.493402 -2.955439
v -2.053418 29.983067 -1.663113
v -0.268050 29.282110 -1.503617
v 1.236090 29.391035 -3.172190
v 1.248873 29.715796 -6.470485
v -1.753016 30.662842 -6.681101
v -3.476598 37.861008 -7.205598
v -3.056888 35.127781 -5.480793
v -4.970086 36.947243 -5.861129
v -4.906170 35.182243 -5.231325
v -3.666214 34.584164 -5.512487
v -3.267808 33.277058 -5.081030
v -1.399351 32.979527 -5.253817
v -0.144481 34.442963 -6.826283
v -0.342618 37.646183 -7.864030
v -6.107778 33.674431 -5.649490
v -4.742121 33.415230 -6.729155
v -4.731469 33.532223 -6.108552
v -3.668344 33.136864 -5.198607
v -2.147160 32.975494 -6.223062
v -1.723189 33.980030 -8.220851
v -3.789783 34.734440 -10.772787
v -6.429485 34.687038 -9.118527
v -7.196469 34.559956 -6.963286
v -6.574360 30.909943 -1.625284
v -7.181555 31.149982 -3.260118
v -6.638275 31.359764 -3.010649
v -5.432406 31.670404 -3.761098
v -5.982078 32.077866 -5.470568
v -8.035890 32.816139 -6.115709
v -11.099563 32.070805 -4.928690
v -10.164269 31.058203 -2.134444
v -8.308595 30.944233 -0.795087
v -8.159459 37.611889 -8.421244
v -5.349317 36.321930 -7.394744
v -7.846274 36.583149 -6.495023
v -6.389006 35.470695 -6.098328
v -5.389796 35.567520 -7.082909
v -4.115751 34.916992 -7.025654
v -2.873664 35.615929 -8.281174
v -3.787653 36.865547 -10.227842
v -6.431616 38.875629 -10.812660
v -5.583673 32.925064 -1.168267
v -3.050496 32.062737 -1.705032
v -4.584464 31.192343 -1.319583
v -3.195371 31.492895 -1.506684
v -2.162074 30.526686 -1.554737
v -0.564191 31.184273 -2.400271
v -0.349010 33.307312 -3.111868
v -2.311209 35.829746 -3.994208
v -4.940259 34.594250 -2.766294
v -6.753323 31.738987 -2.040382
v -7.626832 33.170147 -2.575103
v -7.002593 33.101566 -2.494332
v -5.975687 33.871105 -3.178325
v -6.761845 35.464645 -3.658858
v -8.574908 36.448002 -2.697793
v -11.342442 35.084415 -1.343099
v -10.130181 32.262436 -0.820647
v -8.140285 31.127794 -0.856432
v 3.943968 31.120733 -4.032037
v 4.355156 30.387503 -1.436138
v 2.874452 30.472223 -2.464683
v 3.743700 30.403641 -1.328785
v 3.328251 30.082914 -0.012943
v 4.776998 29.495928 1.107618
v 6.916029 29.455584 0.409312
v 8.579958 29.340607 -2.455481
v 6.104305 30.105103 -4.257990
v 5.047572 37.078358 -6.564547
v 4.485117 34.621479 -4.497233
v 3.061937 36.278561 -6.026760
v 2.759404 34.618454 -5.209853
v 3.961012 34.048611 -4.751814
v 4.059016 32.831268 -4.003409
v 5.757032 32.604340 -3.182414
v 7.663838 33.906403 -4.109740
v 8.085679 36.930096 -5.542137
v 1.890156 33.011803 -5.955190
v 3.605217 32.678974 -6.166829
v 3.309076 32.876656 -5.644378
v 3.767136 32.657795 -4.282527
v 5.590852 32.435909 -4.382724
v 6.979945 33.186283 -6.023692
v 6.477144 33.494907 -9.341413
v 3.364469 33.539284 -9.227925
v 1.621712 33.661320 -7.744408
v -0.587627 30.785889 -2.355285
v -0.291486 30.777821 -4.090314
v 0.060048 31.044083 -3.636364
v 1.485360 31.310345 -3.724292
v 1.870982 31.461630 -5.517599
v 0.430757 32.007267 -7.192307
v -2.833184 31.278070 -7.594113
v -3.440380 30.691082 -4.594363
v -2.502955 30.845394 -2.508646
v 1.587624 36.442959 -9.896582
v 3.481647 35.438423 -7.441775
v 0.876034 35.695606 -7.946846
v 1.913592 34.717293 -6.729155
v 3.272857 34.731415 -7.091088
v 4.331721 34.156528 -6.318146
v 6.053173 34.742508 -6.874337
v 6.259832 35.676445 -9.170671
v 4.308285 37.461613 -11.263543
v 0.094136 32.889767 -1.752063
v 2.533571 32.086945 -0.833939
v 0.993212 31.202427 -1.144751
v 2.297084 31.542316 -0.657062
v 3.194029 30.629560 -0.050772
v 5.015615 31.246805 -0.072243
v 5.607896 33.263947 -0.869723
v 4.408419 35.549366 -2.951350
v 1.487490 34.361267 -3.033143
v -0.515189 31.543324 -2.915565
v -0.971119 32.846397 -4.005455
v -0.472579 32.820175 -3.616939
v 0.778030 33.540295 -3.800973
v 0.375364 35.016838 -4.824405
v -1.650751 36.029442 -5.037066
v -4.759165 34.725361 -5.061604
v -4.036922 32.058704 -3.618984
v -2.321862 31.027945 -2.503534
v 4.306155 31.120733 3.091094
v 1.696280 30.387503 2.777214
v 3.089633 30.472223 1.634159
v 1.760195 30.403641 2.160700
v 0.607589 30.082914 1.401050
v -0.864593 29.495928 2.489917
v -0.777242 29.455584 4.738196
v 1.525839 29.340607 7.119389
v 3.933316 30.105103 5.230998
v 6.440926 37.078358 4.842481
v 4.606557 34.621479 3.739301
v 6.466492 36.278561 2.785393
v 5.763423 34.618454 2.272143
v 4.994309 34.048611 3.302732
v 4.248631 32.831268 3.192312
v 2.993761 32.604340 4.602215
v 3.366600 33.906403 6.688954
v 4.627862 36.930096 7.487456
v 6.717892 33.011803 1.640293
v 6.451578 32.678974 3.347718
v 6.031868 32.876656 2.919328
v 4.595904 32.657795 2.988853
v 4.195368 32.435909 4.771935
v 5.394845 33.186283 6.553996
v 8.722702 33.494907 6.976252
v 9.464120 33.539284 3.949918
v 8.511782 33.661320 1.870336
v 3.929054 30.785889 -1.725480
v 5.518415 30.777821 -0.968897
v 4.985787 31.044083 -0.755213
v 4.681125 31.310345 0.641399
v 6.300312 31.461630 1.502268
v 8.305122 32.007267 0.572898
v 9.581298 31.278070 -2.458548
v 6.860636 30.691082 -3.860272
v 4.600165 30.845394 -3.526967
v 10.591159 36.442959 2.424482
v 7.712840 35.438423 3.576738
v 8.910187 35.695606 1.206791
v 7.455049 34.717293 1.873403
v 7.431613 34.731415 3.279217
v 6.398315 34.156528 4.087943
v 6.464361 34.742508 5.894541
v 8.618307 35.676445 6.719626
v 11.164267 37.461613 5.414009
v 3.162071 32.889767 -1.235746
v 1.613190 32.086945 0.861217
v 2.333302 31.202427 -0.537440
v 1.508795 31.542316 0.584144
v 0.680027 30.629560 1.281428
v 0.204923 31.246805 3.040995
v 0.809988 33.263947 3.828251
v 3.138635 35.549366 3.242410
v 4.016406 34.361267 0.454298
v 4.448899 31.543324 -1.504640
v 5.620679 32.846397 -1.644710
v 5.111487 32.820175 -1.271530
v 4.947438 33.540295 -0.019078
v 6.042521 35.016838 -0.127454
v 6.800982 36.029442 -2.017889
v 7.670230 34.725361 -5.000259
v 6.087261 32.058704 -4.699671
v 4.544772 31.027945 -3.354179
v 28.559881 14.676000 -5.220076
v 28.380919 14.854517 -2.851152
v 27.181440 14.723402 -4.383745
v 27.074915 14.499500 -3.036209
v 27.999556 14.478320 -2.586348
v 28.163607 14.389565 -1.556781
v 29.463217 14.711300 -1.188714
v 30.739393 14.653811 -2.482062
v 30.845919 15.098591 -4.904151
v 23.129211 14.981596 -1.636529
v 23.706579 13.866117 -1.908490
v 23.757711 14.127337 -1.531221
v 24.055983 13.775347 -0.573223
v 24.761181 12.649782 -0.789973
v 25.562254 12.220132 -2.181473
v 24.999798 12.628603 -4.543241
v 23.604315 14.390574 -4.177218
v 23.090862 15.429401 -2.967707
v 27.771591 11.806618 -4.884726
v 28.276524 13.066322 -2.925788
v 26.936432 13.076407 -4.342848
v 27.023783 13.587752 -3.075060
v 27.816332 13.182307 -2.561810
v 28.120996 13.470758 -1.602790
v 29.388649 13.010851 -1.277663
v 30.038454 11.600870 -2.225437
v 29.844578 10.762748 -4.535061
v 28.348961 15.432427 -1.552692
v 26.723381 14.887799 0.100545
v 26.759600 15.670449 -1.684582
v 25.809393 15.074385 -0.897327
v 26.237625 14.598340 -0.092690
v 25.704998 14.133389 0.680252
v 26.495417 13.860066 1.788544
v 28.295698 13.794510 1.540099
v 29.940451 14.932177 0.097478
v 30.880007 12.782914 -1.676403
v 29.288515 13.317456 0.013641
v 29.608091 13.758201 -1.858392
v 28.532185 13.808629 -1.010814
v 28.713278 13.284173 -0.145855
v 28.065601 13.238788 0.675140
v 28.679190 12.745597 1.819217
v 30.198242 11.770309 1.603488
v 32.107182 11.764258 0.044313
v 21.369410 15.730964 -1.732636
v 21.599504 14.126329 -0.571178
v 20.838913 15.200456 -0.474049
v 21.371540 14.331069 -0.235827
v 21.256493 13.789467 0.638333
v 21.733727 12.472274 0.533025
v 22.479404 11.901423 -0.817578
v 22.585930 12.426888 -3.180368
v 21.654898 14.525723 -2.972819
v 22.992859 15.512104 0.029999
v 23.691666 14.946297 0.949146
v 23.250650 15.083462 0.970616
v 22.509232 14.672974 1.612690
v 23.169691 14.146501 2.660660
v 24.682352 14.567074 3.208672
v 26.689293 15.283158 1.972578
v 25.604864 15.956883 0.085209
v 24.068766 16.231215 -0.518013
v 23.885542 14.633639 -1.764330
v 25.125498 14.931168 -1.930983
v 24.848532 15.052197 -1.581319
v 25.168108 15.294253 -0.597761
v 26.442154 15.715836 -0.709203
v 27.175049 16.351234 -2.059807
v 26.870386 15.815683 -4.445090
v 24.808052 14.872671 -4.238563
v 23.570227 14.652802 -3.133337
v 22.577408 12.945293 -0.543573
v 22.622149 13.991180 1.153628
v 21.727335 13.889315 0.188473
v 22.266354 14.237271 1.016625
v 21.936125 14.970502 1.667900
v 22.605104 14.946297 2.903994
v 23.845062 13.913521 3.224008
v 24.682352 11.790481 2.411192
v 23.442396 11.804601 0.466568
v 21.243710 15.571609 -2.327678
v 22.466621 15.959909 -0.800198
v 21.409889 15.179276 -0.924932
v 22.179003 15.759204 -0.512901
v 22.458099 15.744075 0.482927
v 23.753450 16.250378 0.693543
v 24.669569 16.880733 -0.515968
v 24.814444 16.745584 -2.930900
v 22.741457 15.774332 -3.213085
v 24.635481 13.539341 -0.496542
v 25.085018 13.539341 0.708879
v 24.916708 13.896375 0.467591
v 24.475693 14.767779 0.884734
v 24.984884 14.889816 2.124917
v 26.418718 14.265512 2.687243
v 27.569193 12.157600 2.142298
v 26.538027 11.806618 0.143487
v 25.526033 12.555985 -0.960716
v -15.156054 17.983101 -5.072849
v -14.563772 17.431414 -2.467749
v -16.110523 17.440491 -3.396097
v -15.164577 17.452593 -2.319499
v -15.488414 17.221630 -0.960716
v -13.960838 16.718353 0.096456
v -11.875069 16.637669 -0.741921
v -10.409278 16.331062 -3.699753
v -13.006370 16.961420 -5.376505
v -14.276154 23.755146 -8.077713
v -14.674559 21.444513 -5.813074
v -16.212788 22.988634 -7.351802
v -16.445013 21.387024 -6.404027
v -15.211448 20.854500 -5.990973
v -15.053790 19.691618 -5.169979
v -13.302510 19.527222 -4.453269
v -11.474533 20.768770 -5.595301
v -11.174130 23.687572 -7.256718
v -17.350479 19.729944 -6.976577
v -15.652463 19.389048 -7.281255
v -15.912385 19.621017 -6.755736
v -15.362714 19.498981 -5.415357
v -13.545388 19.276087 -5.624951
v -12.279865 19.916529 -7.403944
v -13.008500 19.994188 -10.693038
v -16.108393 20.035542 -10.370978
v -17.744623 20.254400 -8.784198
v -19.559818 17.748104 -3.071993
v -19.382986 17.622032 -4.817247
v -19.003756 17.920568 -4.408283
v -17.589096 18.184814 -4.611742
v -17.327044 18.213055 -6.433677
v -18.882317 18.637663 -8.038860
v -22.161171 17.872158 -8.165639
v -22.557446 17.490919 -5.098410
v -21.481539 17.791471 -3.097553
v -17.949152 22.880716 -11.114270
v -15.882558 22.053690 -8.731033
v -18.520130 22.266497 -9.073541
v -17.393089 21.377947 -7.865051
v -16.063652 21.371897 -8.319002
v -14.947264 20.855509 -7.582866
v -13.274814 21.407196 -8.293442
v -13.232203 22.181778 -10.657253
v -15.335017 23.811625 -12.729678
v -18.856750 19.891315 -2.660984
v -16.353401 19.162119 -1.859415
v -17.904411 18.253397 -2.002552
v -16.572844 18.630602 -1.630395
v -15.631158 17.764240 -1.025128
v -13.818094 18.384512 -1.213252
v -13.298249 20.345171 -2.186586
v -14.655384 22.476280 -4.331603
v -17.565660 21.276081 -4.133255
v -19.532122 18.466206 -3.685439
v -20.071140 19.689602 -4.828494
v -19.547035 19.691618 -4.474740
v -18.319862 20.401651 -4.791687
v -18.801357 21.802555 -5.883621
v -20.846647 22.791962 -6.026759
v -23.935886 21.478804 -5.749685
v -23.096464 18.920063 -4.180285
v -21.302576 17.975033 -3.116979
v -31.658985 10.593308 3.378392
v -31.443804 12.307878 1.348908
v -30.120756 11.322504 2.776193
v -29.948185 12.002280 1.413320
v -30.964437 12.177772 0.902115
v -31.115704 12.746605 -0.110071
v -32.598541 13.140956 -0.363629
v -34.028111 12.118266 0.658782
v -34.249683 10.942273 3.144260
v -25.612597 13.759210 0.819300
v -26.102615 12.510600 0.297871
v -26.187836 12.986645 0.115882
v -26.452019 13.255933 -1.010814
v -27.082649 12.022452 -1.601767
v -27.936983 10.647771 -0.683643
v -27.408617 9.548429 1.787522
v -26.100485 11.528253 2.713825
v -25.655207 13.306361 2.324287
v -30.376417 8.291752 1.309035
v -31.077354 10.648780 0.280490
v -29.617956 9.880249 1.707774
v -29.762831 11.156091 0.869398
v -30.578815 11.038088 0.066806
v -30.938871 11.888312 -0.652970
v -32.278961 11.548424 -1.364568
v -32.817982 9.589781 -1.464764
v -32.521843 7.354790 0.125084
v -31.467239 13.674490 0.536092
v -29.558302 14.421840 -1.166221
v -29.739395 13.972018 0.960392
v -28.588921 14.040601 -0.050771
v -28.980934 14.085986 -1.129414
v -28.314083 14.219117 -2.082300
v -29.134331 14.606408 -3.343954
v -31.126356 14.197937 -3.329640
v -33.135429 14.123303 -1.441249
v -33.908802 10.928153 -1.286865
v -32.187351 12.672979 -2.336880
v -32.636890 11.827798 -0.376920
v -31.435282 12.534805 -1.014904
v -31.548199 12.600363 -2.157958
v -30.808910 13.158102 -2.873645
v -31.399063 13.388056 -4.292750
v -32.952206 12.205003 -4.864277
v -35.097630 10.990685 -3.626139
v -23.765446 14.559006 1.553390
v -23.776098 13.832835 -0.555842
v -23.081551 14.948314 0.115882
v -23.548134 14.258451 -0.709203
v -23.328690 14.346197 -1.842034
v -23.675964 13.033039 -2.635424
v -24.445078 11.564561 -1.838966
v -24.677303 10.499512 0.642423
v -23.933756 12.634654 1.886696
v -25.508202 15.332579 -0.348293
v -26.187836 15.341656 -1.616081
v -25.716991 15.525215 -1.506683
v -24.826439 15.646244 -2.284737
v -25.467722 15.778367 -3.640453
v -27.195566 16.356277 -4.013633
v -29.543388 15.995209 -2.619065
v -28.469610 15.497984 -0.362606
v -26.812075 15.517147 0.510532
v -26.405148 13.281147 0.641400
v -27.826197 13.313421 0.866331
v -27.530056 13.678524 0.651625
v -27.902895 14.500508 -0.122340
v -29.375078 14.678017 0.129173
v -30.301849 14.302829 1.699595
v -29.929010 12.305861 3.561404
v -27.504490 11.799558 2.965338
v -26.081310 12.445043 1.932704
v -24.696478 12.678022 -1.430002
v -24.862658 14.720377 -2.312342
v -23.871971 14.096072 -1.413644
v -24.504732 14.891833 -1.996417
v -24.229897 16.012356 -2.090479
v -24.950008 16.720371 -3.296923
v -26.172922 15.861070 -4.367386
v -26.818466 13.322498 -5.065692
v -25.480505 12.206012 -3.164010
v -23.614180 14.043626 2.006318
v -24.999010 15.255927 0.745686
v -23.718575 14.578168 0.460434
v -24.647476 15.290218 0.382731
v -24.939356 15.891327 -0.562999
v -26.443497 16.352243 -0.553797
v -27.570536 16.043621 0.867353
v -27.751629 14.343171 2.970450
v -25.320717 13.496982 2.802775
v -27.063475 13.031022 -1.287887
v -27.540709 13.764253 -2.429919
v -27.408617 13.948821 -1.965745
v -27.035778 15.055222 -1.745927
v -27.596102 15.915532 -2.848085
v -29.091721 15.563541 -3.897078
v -30.082407 13.179282 -4.859165
v -28.919149 11.675504 -3.161965
v -27.919939 11.746104 -1.579274
v 16.496933 17.917543 10.805179
v 13.369345 18.826265 10.893106
v 15.207974 18.258440 9.047655
v 13.335257 18.340134 9.089574
v 12.858022 18.408718 10.410528
v 11.483843 18.573114 10.777574
v 11.260139 19.066305 12.598484
v 13.141379 18.587236 14.155616
v 16.507586 18.499491 13.962380
v 11.070524 19.502007 3.916179
v 11.196224 17.913509 4.661516
v 10.774384 18.367365 4.783183
v 9.440684 18.154558 5.320971
v 9.506730 16.566059 6.248296
v 11.349621 15.574636 7.144950
v 14.534733 15.477813 6.049949
v 14.353640 17.983101 4.205521
v 12.964547 19.728935 3.678980
v 15.133407 14.194913 9.772544
v 12.949634 16.413765 10.735655
v 14.656173 16.071861 8.715372
v 13.124335 17.109678 9.010849
v 12.434051 16.686079 10.161060
v 11.279314 17.330555 10.709072
v 10.889431 16.765757 12.480908
v 11.841768 14.592289 13.228290
v 14.656173 12.829309 12.638359
v 11.797028 19.963932 11.033175
v 9.219110 19.750114 9.048677
v 11.822594 20.295752 8.851352
v 10.476111 19.748098 7.667401
v 9.329897 19.323490 8.359572
v 8.096332 18.934183 7.744082
v 6.649716 18.853497 8.974042
v 7.207910 18.639679 11.388974
v 9.672910 19.706749 13.427659
v 11.560541 16.302824 14.454160
v 9.242546 17.541348 12.524872
v 11.903553 17.596821 12.699704
v 10.642291 17.936707 11.354213
v 9.366116 17.471756 11.720235
v 8.173031 17.660358 10.952405
v 6.592192 17.301308 11.945166
v 6.811635 15.887293 13.979761
v 9.146673 15.383008 16.360952
v 11.170658 20.532766 1.509426
v 9.202066 18.703220 1.979735
v 9.272373 20.191870 0.960392
v 8.782356 19.077398 1.717998
v 7.448657 18.602364 1.681191
v 7.284608 16.792988 2.314063
v 9.023104 15.628090 3.137103
v 12.331786 15.665407 2.954092
v 12.521401 18.563028 1.720043
v 8.982624 20.683043 3.964232
v 7.693666 20.160603 5.041852
v 7.642533 20.363325 4.444765
v 6.570887 20.017385 3.524596
v 5.117879 19.586727 4.568477
v 4.713082 20.255409 6.704291
v 6.832940 20.804071 9.265428
v 9.389551 21.211533 7.529376
v 10.060662 21.457624 5.353688
v 11.245226 18.975534 4.926321
v 11.720329 19.288191 6.591826
v 11.251617 19.557478 6.263633
v 10.052140 20.146482 6.837204
v 10.493155 20.640682 8.554852
v 12.572534 21.088488 9.365624
v 15.555247 19.713806 8.617220
v 14.735002 18.574123 5.835243
v 13.030593 18.627577 4.304695
v 8.965580 17.098585 3.311935
v 7.005511 18.973516 3.611501
v 8.141072 18.593285 2.259875
v 7.207910 19.275080 3.109498
v 6.502710 20.450064 2.751654
v 4.941047 20.742548 3.836431
v 4.393506 19.410227 5.564304
v 4.990048 16.313917 6.584669
v 7.416699 15.826778 4.627777
v 11.901423 20.157578 1.253824
v 10.141622 21.066299 3.131990
v 9.945615 20.019403 1.675056
v 9.664388 20.887783 2.780282
v 8.371168 21.136900 3.300688
v 8.409517 21.833820 5.092973
v 10.322715 22.308857 6.173660
v 13.520611 21.447538 6.032568
v 13.341648 20.133371 3.170842
v 9.351202 17.842909 6.121518
v 7.806582 18.165651 6.899571
v 8.204988 18.581182 6.639880
v 7.836410 19.879211 6.101069
v 6.287529 20.373411 6.966028
v 5.556764 19.650267 8.996534
v 5.846513 16.639685 10.480052
v 8.268904 15.642211 8.794098
v 9.811393 16.367371 7.264572
v 31.044056 18.108164 4.405914
v 28.476791 18.835342 5.761629
v 29.186251 17.680531 3.721921
v 27.752417 17.727932 4.672763
v 27.965467 18.289705 5.814795
v 27.040827 18.542856 6.713493
v 27.577715 19.658335 7.941407
v 29.829664 19.905436 8.228704
v 32.339405 19.823740 6.420061
v 23.418961 16.630608 1.840687
v 24.215771 15.603884 2.797663
v 23.842932 16.020424 2.953069
v 23.114298 16.026474 4.069541
v 23.947327 15.070351 5.184990
v 25.990486 14.632631 5.193170
v 27.956945 14.188860 2.848784
v 26.412327 15.546395 0.862241
v 24.710049 16.762732 0.645490
v 30.389988 14.586237 5.548968
v 28.640841 16.761723 6.625566
v 29.115944 15.723904 4.460102
v 27.837637 16.670952 5.113421
v 27.924988 16.754662 6.398591
v 27.138830 17.480833 7.161309
v 27.769461 17.694649 8.773649
v 29.335386 16.199949 9.499560
v 31.629946 14.561024 8.221548
v 27.077045 19.804579 6.294305
v 24.258381 18.802059 6.278969
v 26.037357 19.229692 4.653337
v 24.597132 18.285671 4.680942
v 24.128420 18.180780 5.878184
v 22.997120 17.592785 6.194109
v 22.462360 17.977049 7.808494
v 24.026155 18.752640 9.279742
v 26.589159 20.482338 9.120246
v 29.277863 18.093035 9.957601
v 26.348412 18.323997 9.392208
v 28.453356 18.490412 8.151002
v 26.802210 18.222132 7.742037
v 26.099142 17.953852 8.788986
v 24.793139 17.788446 8.797165
v 24.113506 17.845936 10.401326
v 25.523903 17.469738 12.157826
v 28.500227 18.024454 12.798878
v 22.174742 16.548914 -0.216402
v 21.299103 15.174233 1.685281
v 20.551294 16.014372 0.468613
v 20.772867 15.374939 1.596331
v 19.846094 14.939237 2.394833
v 20.419203 13.679532 3.490857
v 22.389923 13.068339 3.555269
v 24.833618 13.093554 1.741514
v 23.755581 15.021939 -0.129497
v 21.569677 17.588749 2.556374
v 21.188316 17.549416 4.124751
v 20.834652 17.483858 3.669778
v 19.679914 16.816185 3.677958
v 19.134504 16.836357 5.277007
v 19.633043 18.218098 6.762568
v 22.285528 19.713806 7.304446
v 23.365698 19.426365 4.672763
v 22.843721 18.795000 2.735296
v 24.130550 16.591274 2.622831
v 25.170238 17.509073 3.446893
v 24.603523 17.595810 3.369190
v 23.806713 18.284662 4.189163
v 24.805922 19.373919 5.010158
v 26.659466 20.103115 4.383420
v 28.924198 18.728434 2.787439
v 27.302879 16.680029 1.620869
v 25.295938 16.094049 1.395939
v 22.087391 14.357291 3.241389
v 20.291370 15.992184 3.848701
v 20.638645 15.172216 2.452088
v 20.150757 16.050680 3.300689
v 19.179245 16.872665 3.036907
v 18.403740 17.508064 4.490774
v 19.068459 17.065302 6.394501
v 20.698299 14.902929 7.782934
v 21.786989 13.782407 5.344487
v 22.705238 16.152546 -0.644792
v 21.995779 17.604887 1.268137
v 21.426933 16.163641 0.681274
v 21.512154 17.309376 1.320280
v 20.698299 17.694649 2.258853
v 21.375801 18.972507 3.271039
v 23.218693 19.827776 2.907061
v 25.803001 19.119759 1.464440
v 24.678091 16.907965 -0.027256
v 23.476484 16.077911 4.771936
v 22.571016 16.619514 5.994739
v 22.664759 16.870647 5.480466
v 21.840252 17.731966 4.881334
v 20.930525 18.449060 6.111293
v 21.452499 18.626568 8.125442
v 23.033339 16.709276 9.966802
v 24.358515 15.271057 7.880064
v 24.684483 15.307364 5.802526
v 23.761972 17.836859 -8.517348
v 24.910316 17.449568 -6.466394
v 23.075949 17.409224 -7.122782
v 23.742798 16.876699 -6.051296
v 24.761181 16.952343 -6.170918
v 25.470640 16.677002 -5.453186
v 26.738295 17.175236 -5.728214
v 27.089828 17.673470 -7.440751
v 25.815784 18.651783 -9.310739
v 21.207491 16.198940 -2.755046
v 21.599504 15.316442 -3.604668
v 21.835991 15.493950 -3.247847
v 22.630671 15.009836 -2.736642
v 23.163300 14.134398 -3.608758
v 23.086601 14.198946 -5.269152
v 21.290581 14.989664 -6.757781
v 20.231716 16.293745 -5.219054
v 20.414942 16.908974 -3.673170
v 23.455179 14.864601 -8.700359
v 24.884750 15.740040 -7.008271
v 22.986467 15.779374 -7.457109
v 23.730015 16.005295 -6.328369
v 24.695135 15.674483 -6.444923
v 25.462118 15.801564 -5.742528
v 26.723381 15.558498 -6.271113
v 26.819254 14.561022 -7.787347
v 25.430161 14.229202 -9.795361
v 25.568645 17.706753 -5.233368
v 25.159586 16.483356 -3.230466
v 24.160378 17.629093 -4.452247
v 23.838671 16.688097 -3.508562
v 24.665308 16.148512 -3.223310
v 24.675961 15.423350 -2.468771
v 25.960659 15.085479 -2.063897
v 27.324184 15.456633 -3.207973
v 27.831245 17.202467 -4.872457
v 27.756678 15.744074 -7.424392
v 27.334837 15.546395 -5.088185
v 26.542288 16.445032 -6.625890
v 26.111925 16.079929 -5.377528
v 26.770252 15.429401 -4.930734
v 26.687162 15.069342 -3.952288
v 27.856812 14.476303 -3.493226
v 29.056290 13.914529 -4.738521
v 29.782793 14.652802 -6.974532
v 19.647957 16.563034 -1.705031
v 20.570469 14.827285 -1.367635
v 19.929184 15.668432 -0.578335
v 20.553425 14.900910 -0.920842
v 20.971004 14.168689 -0.319665
v 21.384323 13.037073 -1.044554
v 21.292711 12.947310 -2.683477
v 20.046362 13.989163 -4.481896
v 19.266596 15.747101 -3.208996
v 21.982996 16.308874 -1.185646
v 23.103645 15.714827 -0.974008
v 22.739326 15.747101 -0.689778
v 22.500710 15.059257 0.084187
v 23.657578 14.467226 0.430784
v 25.195805 15.065308 0.220167
v 26.141752 16.440998 -1.589498
v 24.162508 17.270042 -2.350171
v 22.534798 17.340641 -1.964723
v 21.784859 16.054714 -3.351111
v 22.707369 16.634642 -4.032036
v 22.662628 16.615480 -3.572974
v 23.459440 16.696165 -2.873645
v 24.430952 17.391069 -3.490159
v 24.260511 18.447042 -4.763059
v 22.720152 18.397623 -6.685190
v 21.171272 17.019917 -5.742528
v 20.764345 16.305849 -4.283549
v 21.465282 13.902427 -2.201922
v 22.379271 14.534800 -0.546640
v 21.109488 14.461174 -0.894259
v 21.995779 14.724411 -0.400435
v 22.038389 15.209533 0.512577
v 23.278347 15.056231 1.154650
v 24.543869 14.262486 0.467591
v 24.912447 12.595320 -1.251080
v 22.807503 12.775854 -2.175339
v 19.221855 16.515631 -2.166138
v 21.060486 16.806099 -1.449428
v 20.157148 15.868130 -1.240857
v 20.990179 16.492434 -1.130436
v 21.774206 16.316942 -0.478139
v 22.939594 17.025969 -0.821669
v 22.999250 18.084967 -2.077188
v 21.793381 18.517643 -4.134277
v 19.969664 17.218605 -3.588310
v 23.169691 14.890825 -3.043365
v 24.207249 14.719368 -2.304163
v 23.915369 15.077411 -2.306208
v 23.730015 15.723904 -1.483168
v 24.831488 15.674484 -0.710226
v 26.369717 15.257944 -1.180534
v 27.145222 13.611959 -2.839906
v 25.202196 13.500007 -4.022834
v 23.708710 14.242314 -4.166994
v -7.296603 28.774799 5.903743
v -7.124032 29.372881 5.347552
v -6.821499 29.127800 5.739135
v -6.964243 29.414232 5.438547
v -6.723495 29.733950 5.271894
v -6.934416 29.934654 4.760689
v -7.522437 29.705709 4.485661
v -8.114718 28.884733 4.541893
v -7.709922 28.538794 5.346530
v -8.651608 28.895828 7.379081
v -7.999671 29.125782 6.660327
v -7.984757 28.961386 7.458829
v -7.601265 28.958359 7.033506
v -7.793012 28.985590 6.650103
v -7.584221 29.017864 6.266699
v -7.933625 29.184278 5.833197
v -8.681435 29.082413 5.927259
v -9.344023 29.105610 6.716559
v -7.179425 28.545855 6.907750
v -7.582091 28.415749 6.575467
v -7.503262 28.590231 6.604094
v -7.501132 28.923059 6.309640
v -7.942147 28.836323 5.971222
v -8.517385 28.473238 6.115382
v -8.647346 27.620996 6.680776
v -7.846274 27.706724 7.189936
v -7.324299 28.153521 7.320804
v -5.973556 29.254879 6.366895
v -6.158910 28.777826 6.531503
v -6.261175 28.932137 6.478338
v -6.674494 28.923059 6.313730
v -6.908850 28.450041 6.506965
v -6.729887 28.093006 7.075426
v -5.805246 27.933653 7.499726
v -5.368491 28.676968 7.094851
v -5.500583 29.250845 6.715537
v -7.878232 27.954832 8.220525
v -8.055064 28.454075 7.376014
v -7.456391 28.392551 7.927093
v -7.496871 28.572077 7.384193
v -7.869710 28.454075 7.208338
v -8.006063 28.568043 6.807554
v -8.572778 28.472229 6.724739
v -8.913660 27.973995 7.186868
v -8.817787 27.682518 8.171450
v -6.433746 29.700666 6.653170
v -6.879023 29.800516 5.955886
v -6.367701 29.617964 6.049948
v -6.723495 29.777319 5.850578
v -6.774628 29.801523 5.422188
v -7.339213 29.852961 5.262692
v -7.850535 29.906416 5.718687
v -8.025237 29.676462 6.689977
v -7.096335 29.534252 6.914907
v -6.143997 29.206467 6.594893
v -6.295263 29.097542 7.099963
v -6.395397 29.192348 6.962960
v -6.838543 29.222605 6.942512
v -7.026028 29.155031 7.468030
v -6.674494 29.268999 8.056939
v -5.677415 29.129816 8.278802
v -5.364230 29.140911 7.380104
v -5.575150 29.275051 6.725761
v 5.827339 28.529715 -13.389132
v 7.039599 29.270008 -10.455838
v 4.994309 27.877172 -11.452688
v 5.916821 27.919533 -9.820922
v 7.114167 28.648729 -9.929297
v 7.996198 28.944239 -8.840431
v 9.257460 30.303791 -9.259619
v 9.704867 30.749580 -11.666372
v 7.934413 30.662840 -14.535254
v 2.646487 26.173698 -5.405133
v 3.841704 25.204462 -6.258845
v 3.941838 25.645206 -5.817164
v 5.096574 25.706730 -4.937892
v 6.457970 24.830282 -5.815120
v 6.656107 24.495438 -8.057264
v 4.301894 23.929630 -10.400628
v 1.907200 25.111673 -8.793400
v 1.432097 26.294725 -6.890695
v 7.361306 24.775818 -12.806359
v 8.190075 27.114693 -10.692016
v 5.978605 25.820698 -11.440419
v 6.504841 26.821199 -9.942589
v 7.893934 27.037033 -9.934409
v 8.592741 27.841873 -8.977434
v 10.361064 28.266479 -9.524423
v 11.407145 26.820190 -11.258430
v 10.346150 25.080406 -13.946346
v 7.423091 30.274544 -8.834296
v 7.301652 28.995676 -5.838635
v 5.627071 29.428352 -7.869142
v 5.646245 28.311867 -6.363132
v 6.918160 28.277575 -5.768089
v 7.237737 27.592756 -4.551421
v 8.910187 28.123264 -3.822443
v 10.540027 29.205460 -5.359125
v 10.380239 31.238737 -8.046019
v 11.713938 28.909948 -11.044746
v 10.868126 28.908939 -7.896747
v 9.660127 29.116705 -10.264647
v 9.125368 28.675961 -8.522461
v 10.235364 28.434912 -7.693287
v 10.165057 28.167641 -6.288496
v 11.848160 28.334055 -5.422514
v 13.887058 28.184786 -6.839574
v 14.741393 29.047113 -9.986552
v 0.339145 25.810612 -4.217093
v 2.467525 24.438957 -3.204907
v 1.016647 25.185299 -2.436054
v 2.314128 24.612431 -2.629290
v 3.155679 24.151514 -1.587454
v 4.506423 22.928120 -2.202945
v 4.776998 22.404671 -4.373521
v 2.985239 22.427868 -7.162656
v 0.694940 24.271534 -6.021646
v 3.196159 27.154028 -3.283633
v 4.870740 27.231688 -2.750957
v 4.359417 27.094522 -2.406405
v 4.350895 26.293718 -1.192804
v 6.040390 26.427856 -0.477117
v 7.550921 28.095024 -0.818602
v 8.181553 29.946758 -3.562751
v 5.437456 29.462645 -4.958341
v 3.364469 28.564009 -4.579026
v 3.547693 26.252367 -6.117753
v 4.425463 27.394068 -7.127894
v 4.293372 27.442478 -6.512403
v 5.058225 28.211010 -5.543159
v 5.910429 29.535261 -6.496045
v 5.294712 30.392546 -8.512238
v 3.863009 28.907930 -11.175615
v 2.682706 26.470217 -9.633821
v 2.352477 25.678490 -7.509253
v 4.289111 23.751112 -3.990118
v 4.659820 25.457613 -1.893155
v 3.251552 24.462154 -2.427875
v 4.050494 25.460638 -1.780690
v 3.613739 26.261444 -0.695913
v 5.071008 27.032999 0.294802
v 7.224954 26.773796 -0.306375
v 9.055061 24.670929 -2.098659
v 6.600714 23.304316 -3.536167
v -0.048608 25.376926 -4.849965
v 1.830502 27.080402 -3.844936
v 1.293614 25.425339 -3.362358
v 1.881634 26.733454 -3.333730
v 2.799884 27.182268 -2.355284
v 3.820399 28.707226 -2.932946
v 3.475256 29.723864 -4.910287
v 2.167123 28.997694 -7.868119
v 0.686418 26.386505 -6.896830
v 5.878471 25.851963 -5.274265
v 7.084340 26.490389 -4.163928
v 6.511232 26.722361 -4.289684
v 5.718683 27.543335 -3.387918
v 6.916029 28.373388 -2.262245
v 9.116846 28.787910 -2.662007
v 11.411406 26.988623 -4.353073
v 9.385290 25.326498 -6.041072
v 7.156777 25.194376 -6.552277
v -30.953785 21.188335 -6.634069
v -28.450436 20.785917 -7.451998
v -29.666958 20.339121 -5.698565
v -28.365215 19.793484 -6.295652
v -28.209688 20.168673 -7.371227
v -27.257351 19.960907 -8.023525
v -27.170000 20.880722 -9.271888
v -28.889322 21.760195 -9.911917
v -31.188143 22.736490 -8.741257
v -25.546551 17.898380 -3.024962
v -26.424322 17.179270 -3.909347
v -25.959869 17.380985 -4.016700
v -25.224844 17.003778 -4.870412
v -26.089832 16.332071 -5.904069
v -27.902895 16.621531 -6.210792
v -29.946054 17.199442 -4.455314
v -28.471741 18.092026 -2.577147
v -26.701288 18.580173 -2.206012
v -31.462978 17.933681 -7.241381
v -29.172680 19.017893 -8.066466
v -30.176149 18.610432 -6.172963
v -28.733795 18.892830 -6.609532
v -28.620878 18.815170 -7.750541
v -27.640842 19.058237 -8.344562
v -27.885851 19.216581 -9.871020
v -29.575346 18.388546 -10.641916
v -32.155392 17.944775 -9.773890
v -26.914339 21.064281 -7.764855
v -24.954269 19.346687 -7.207642
v -26.462671 20.484354 -6.116730
v -25.601944 19.247847 -5.828411
v -25.107666 18.850471 -6.787431
v -24.342813 17.964947 -6.829350
v -23.577961 17.891321 -8.180975
v -24.413120 18.826265 -9.783092
v -25.942825 21.083445 -10.202281
v -28.836060 19.863075 -11.183795
v -26.439236 19.197418 -10.227841
v -28.252298 20.171698 -9.504997
v -27.046431 19.481836 -8.855767
v -26.432844 18.895857 -9.630753
v -25.422981 18.344170 -9.410934
v -24.651737 17.957886 -10.702238
v -25.712730 17.859047 -12.435224
v -27.877329 19.175228 -13.528181
v -24.809395 17.713812 -1.021039
v -24.323639 16.049671 -2.424807
v -23.580091 16.665909 -1.308336
v -23.837883 16.059757 -2.276558
v -23.130552 15.298287 -2.785718
v -23.886885 14.297786 -3.735537
v -25.693556 14.413772 -4.065775
v -27.900764 15.455625 -2.888982
v -26.603285 16.951334 -1.233700
v -23.626963 18.000246 -3.422680
v -23.134813 17.634136 -4.724208
v -22.923893 17.530252 -4.264123
v -22.205912 16.613462 -4.027946
v -21.558237 16.240292 -5.334587
v -21.317490 17.331564 -6.822193
v -22.911110 19.330549 -7.850738
v -24.214983 19.794493 -5.709811
v -24.238419 19.371902 -3.884809
v -26.042961 17.986126 -3.821420
v -26.481846 18.959396 -4.784530
v -25.998219 18.860556 -4.630146
v -25.018185 19.062271 -5.270175
v -25.365458 20.162621 -6.236352
v -26.709810 21.436445 -6.053340
v -29.215290 21.242800 -4.923578
v -28.725273 19.203470 -3.475845
v -27.312744 18.114214 -2.903296
v -25.050142 15.418307 -3.845957
v -22.960112 16.107161 -4.210958
v -23.690878 15.732981 -2.985088
v -22.894066 16.185829 -3.715089
v -21.856508 16.587240 -3.390985
v -20.833862 16.665909 -4.583115
v -21.289793 16.256430 -6.317122
v -23.175293 14.810139 -7.621717
v -24.739088 14.566066 -5.584054
v -25.427242 17.614973 -0.703069
v -24.125502 18.322989 -2.370620
v -24.219244 17.039080 -1.649821
v -23.825100 17.920568 -2.312342
v -22.915371 17.850979 -3.028029
v -22.915371 18.978559 -4.125075
v -24.176634 20.315924 -4.178241
v -26.699158 20.751625 -3.288744
v -26.707680 18.778862 -1.625283
v -25.418720 17.066311 -5.547248
v -24.347075 17.057234 -6.507291
v -24.400337 17.362829 -6.094237
v -23.511915 17.889303 -5.505329
v -22.378483 18.022434 -6.485820
v -22.497791 18.060760 -8.342516
v -24.206461 16.740543 -10.054030
v -26.025917 16.263489 -8.337404
v -26.535109 16.678011 -6.581927
v 20.559816 21.772299 -11.912773
v 21.484457 22.378448 -8.846565
v 19.564867 21.010828 -10.094928
v 20.333981 20.982588 -8.385458
v 21.522806 21.732964 -8.346607
v 22.296181 21.984098 -7.167768
v 23.563835 23.378950 -7.401900
v 24.222162 23.952826 -9.731973
v 22.724413 23.988125 -12.752172
v 16.703592 18.973516 -4.381701
v 17.988291 18.064795 -5.167933
v 18.039423 18.483351 -4.697625
v 19.108938 18.515625 -3.713044
v 20.559816 17.702719 -4.504389
v 20.966743 17.483858 -6.731198
v 18.849016 17.006805 -9.307672
v 16.296665 18.073872 -7.872208
v 15.627685 19.153042 -5.964391
v 22.100174 18.014366 -11.376007
v 22.688194 20.253391 -9.081719
v 20.581121 18.970491 -10.092883
v 20.947569 19.900393 -8.507125
v 22.326008 20.133371 -8.358875
v 22.920420 20.897867 -7.303748
v 24.724962 21.372904 -7.662614
v 25.950006 20.029490 -9.361860
v 25.170238 18.415777 -12.219495
v 21.699638 23.304316 -7.149364
v 21.328930 21.874165 -4.243675
v 19.839703 22.387526 -6.396871
v 19.739569 21.196405 -4.952205
v 20.953960 21.149002 -4.244698
v 21.171272 20.407703 -3.038254
v 22.760632 20.922073 -2.133421
v 24.505520 22.102100 -3.458464
v 24.556652 24.266491 -6.044139
v 26.199276 22.110168 -9.019353
v 25.070105 21.938713 -5.966436
v 24.079418 22.250360 -8.423287
v 23.395525 21.715818 -6.760849
v 24.426691 21.447538 -5.845791
v 24.234945 21.108660 -4.467583
v 25.828568 21.251877 -3.443128
v 27.991034 21.201448 -4.672065
v 29.113813 22.233215 -7.681018
v 14.304638 18.520668 -3.430859
v 16.356319 17.126825 -2.294961
v 14.826613 17.814669 -1.628350
v 16.147530 17.269033 -1.728546
v 16.897469 16.766766 -0.636612
v 18.320650 15.593799 -1.184624
v 18.797884 15.184319 -3.344976
v 17.268177 15.326528 -6.282360
v 14.850049 17.079422 -5.268130
v 17.040213 19.851980 -2.172272
v 18.657270 19.924599 -1.484190
v 18.118252 19.763227 -1.195871
v 18.013857 18.901909 -0.029301
v 19.628782 19.021927 0.844860
v 21.132923 20.724394 0.726260
v 21.978735 22.720354 -1.853281
v 19.383774 22.271540 -3.516742
v 17.300135 21.327518 -3.375649
v 17.666582 19.099588 -5.003325
v 18.612530 20.302813 -5.870329
v 18.422915 20.316931 -5.268130
v 19.081242 21.047136 -4.196644
v 19.993099 22.427868 -5.000259
v 19.549953 23.377941 -7.019518
v 18.393087 22.011330 -9.874087
v 17.121172 19.483852 -8.568470
v 16.611980 18.581182 -6.525694
v 18.252474 16.503529 -2.942147
v 18.399479 18.106146 -0.738853
v 17.063648 17.121782 -1.449428
v 17.781630 18.096060 -0.681598
v 17.236219 18.835342 0.394999
v 18.582703 19.573616 1.553390
v 20.783520 19.374928 1.141358
v 22.807503 17.389053 -0.576290
v 20.521467 16.064800 -2.299051
v 13.982931 18.114214 -4.117918
v 15.732080 19.788441 -2.860354
v 15.184539 18.105137 -2.510690
v 15.742732 19.416279 -2.364485
v 16.560848 19.827776 -1.283798
v 17.602667 21.393076 -1.689695
v 17.421574 22.504520 -3.637386
v 16.401060 21.911480 -6.735288
v 14.886268 19.235744 -6.035960
v 19.916401 18.688091 -3.969669
v 21.002962 19.285164 -2.722329
v 20.438377 19.515118 -2.888982
v 19.554214 20.278606 -2.025045
v 20.627993 21.066299 -0.754190
v 22.847982 21.529232 -0.927999
v 25.319374 19.848955 -2.487175
v 23.487137 18.248354 -4.433843
v 21.316147 18.113207 -5.154642
v -29.713829 18.481335 7.310580
v -29.110895 19.786425 5.066391
v -28.499437 17.956879 6.083688
v -28.414217 18.493437 4.650270
v -29.081068 19.417288 4.509177
v -29.138592 20.061764 3.532775
v -29.835268 21.433418 3.754638
v -31.041136 21.621012 5.382315
v -31.096529 20.619503 7.951632
v -24.794481 16.646746 2.256808
v -26.168661 16.229197 2.172971
v -25.947086 16.640694 1.952130
v -26.328449 17.178263 0.963459
v -27.800631 16.882751 0.864286
v -28.953238 16.431919 2.253741
v -28.512220 14.944280 4.531671
v -25.976913 15.208525 4.565410
v -24.587822 16.150530 3.734190
v -31.352192 16.300806 5.366979
v -30.470160 18.554960 4.252552
v -29.622217 16.773825 5.180901
v -29.106634 17.866106 4.236194
v -29.973751 18.490412 3.809849
v -29.845921 19.432415 3.124834
v -31.149792 20.270538 3.006234
v -32.905334 19.345678 3.454050
v -33.738361 17.386026 5.207483
v -28.448305 20.849457 4.084877
v -27.404356 20.229185 1.712886
v -27.050692 19.743055 3.808826
v -26.688505 19.108665 2.461290
v -27.287178 19.580675 1.602465
v -27.144434 19.329542 0.467590
v -27.821936 20.367361 -0.469960
v -29.296249 21.525198 0.322408
v -29.852312 22.644711 2.780282
v -32.534626 21.012844 3.764862
v -30.651253 21.109667 1.881583
v -30.800388 20.573109 3.989793
v -29.813963 20.279615 2.851851
v -30.254978 20.573109 1.832507
v -29.681871 20.523689 0.813165
v -30.391331 21.312389 -0.320688
v -32.372704 21.713800 -0.084511
v -34.062199 22.254395 2.027788
v -22.851456 15.751135 2.134119
v -24.153198 15.574636 0.330588
v -22.695929 15.731973 0.501330
v -23.769707 15.720879 0.033066
v -23.993410 15.788452 -1.100786
v -25.429373 15.265004 -1.471921
v -26.643764 14.707265 -0.206178
v -26.626720 13.789467 2.343713
v -24.202200 14.518662 2.842649
v -24.038151 17.807610 0.866330
v -24.905268 18.489403 -0.057928
v -24.453600 18.259449 -0.156080
v -24.123371 17.813662 -1.208140
v -24.909529 18.563028 -2.248953
v -25.665859 20.255409 -2.083323
v -26.809944 21.497967 0.094410
v -25.691425 20.055712 1.873404
v -24.368380 18.746588 2.084021
v -25.674381 16.920069 2.459245
v -26.415800 17.932673 3.162663
v -26.055744 17.997221 2.795618
v -25.976913 18.936199 2.070729
v -26.635242 20.081934 2.792551
v -26.878120 20.264486 4.627777
v -27.393703 18.370392 6.561154
v -26.528717 16.366364 5.245312
v -25.599813 15.929652 3.677958
v -25.846952 15.582704 0.059649
v -24.815786 17.215578 -1.055800
v -24.338552 15.947806 -0.469959
v -24.364119 17.027985 -0.922887
v -23.435217 17.602869 -1.306291
v -23.803795 18.777853 -2.284737
v -25.540159 19.234735 -2.681432
v -27.992376 18.081940 -2.641558
v -27.291439 16.080938 -1.171333
v -22.962242 15.225670 2.588069
v -23.388344 17.229698 1.704707
v -23.213642 15.890318 1.109664
v -23.286079 17.052191 1.240532
v -23.379822 17.808619 0.368417
v -23.946539 19.203470 0.827479
v -24.312986 19.597820 2.586024
v -24.860527 18.268526 4.884401
v -24.076500 15.967978 4.020465
v -26.954819 17.507055 0.965504
v -27.135912 18.514618 -0.044637
v -26.756681 18.477301 0.301960
v -25.661598 18.926113 0.174159
v -25.789429 20.072857 -0.792019
v -27.317005 21.066299 -1.163154
v -29.963099 20.304829 -1.270507
v -29.718090 18.199944 0.144509
v -28.488785 17.295256 1.230308
v 24.799530 22.562008 9.465820
v 21.567547 22.989641 9.446395
v 23.395525 21.684553 8.006841
v 21.539850 21.558481 8.246085
v 21.115879 22.314909 9.352333
v 19.750221 22.500486 9.743916
v 19.526518 23.917526 10.990233
v 21.527067 24.635628 12.282559
v 24.848532 24.842384 11.725347
v 18.885235 19.281130 3.662621
v 19.313467 18.431913 5.143071
v 18.825581 18.822231 5.044920
v 17.572840 18.803068 5.782077
v 17.949942 18.051683 7.418956
v 19.969664 17.972006 8.461815
v 23.073818 17.633127 7.194026
v 22.387793 18.591269 4.309807
v 20.700430 19.547392 3.089050
v 24.047461 18.790966 10.879814
v 21.559025 20.891817 10.720317
v 23.210171 19.655310 9.029251
v 21.537720 20.490406 8.896338
v 20.981657 20.725403 10.167193
v 19.758743 21.429384 10.409505
v 19.549953 21.939720 12.227349
v 20.890045 20.712294 13.925572
v 23.934544 19.267012 14.052352
v 19.833311 23.812635 9.135582
v 17.246872 22.206991 7.973102
v 19.707611 22.836340 7.160285
v 18.422915 21.559490 6.675664
v 17.396008 21.478804 7.632639
v 16.222097 20.667913 7.509951
v 14.867093 21.139925 8.754223
v 15.557378 22.412741 10.777573
v 17.892418 24.729425 11.522909
v 20.374460 22.769775 14.012478
v 17.796543 22.404671 12.050472
v 20.414942 22.856510 11.807139
v 19.055676 22.217077 10.684533
v 17.896679 21.902403 11.413511
v 16.654591 21.478804 10.837894
v 15.203713 21.573610 12.061719
v 15.751254 21.614964 14.488920
v 18.239691 22.836342 16.409006
v 18.702011 18.751631 1.102507
v 17.097736 17.309376 2.771080
v 16.867641 17.942759 1.096373
v 16.609850 17.415276 2.404035
v 15.376285 16.853502 2.816066
v 15.548856 15.727938 4.367063
v 17.496141 15.453608 5.460019
v 20.738779 15.760212 4.847595
v 20.376591 17.429396 2.195463
v 16.629025 20.027472 3.320114
v 15.497724 20.070841 4.665606
v 15.386937 19.888288 4.070563
v 14.351509 18.957378 3.653420
v 13.039115 19.037056 4.941657
v 12.619405 20.756668 6.372008
v 14.726480 22.910975 7.880063
v 17.095606 22.542845 5.890452
v 17.621841 21.575626 3.881417
v 19.192028 19.452587 4.759667
v 19.677784 20.713299 5.886364
v 19.157940 20.690102 5.529542
v 17.900940 21.358784 5.830131
v 18.327042 22.793980 6.901616
v 20.331850 23.861046 7.038619
v 23.470093 22.659840 6.796308
v 22.735065 20.047644 5.264738
v 20.981657 19.018902 4.207566
v 17.195740 16.741550 4.789318
v 14.960835 18.209021 4.248463
v 16.083614 17.258947 3.203560
v 15.086535 18.190866 3.642173
v 14.176807 18.858540 2.787439
v 12.636449 19.537308 3.720899
v 12.399962 19.380980 5.952820
v 13.561090 17.519159 8.437277
v 15.947262 16.283661 6.784039
v 19.473255 18.385521 1.005378
v 17.670843 19.995197 2.270099
v 17.589884 18.288698 1.687325
v 17.214914 19.593786 2.145365
v 15.921696 19.945778 2.604427
v 15.919565 21.541336 3.678980
v 17.770977 22.766748 4.042958
v 21.058355 22.354242 3.982636
v 20.979527 19.628078 2.396878
v 17.572840 18.997723 6.623521
v 16.030352 19.527222 7.286043
v 16.341406 19.762218 6.789151
v 15.732080 20.465191 5.671657
v 14.161894 21.183292 6.310664
v 13.654833 21.674467 8.473061
v 14.517689 20.111183 11.331718
v 16.999733 18.615475 10.185597
v 18.327042 18.506548 8.321744
v 11.907814 27.014845 -11.904593
v 13.514219 26.283632 -9.164535
v 11.053480 25.987112 -10.150138
v 12.056951 25.180256 -8.786243
v 13.416216 25.523170 -8.881328
v 14.426077 25.145966 -7.937643
v 16.032482 26.140415 -8.138035
v 16.422365 27.261944 -10.323948
v 14.515558 28.712267 -12.696961
v 8.731224 23.002754 -4.609698
v 9.466250 22.099075 -5.928607
v 9.738955 22.305832 -5.397976
v 10.912867 21.715818 -4.774306
v 11.833246 20.855509 -6.116730
v 11.739504 21.296253 -8.346607
v 9.161587 22.301798 -10.271805
v 7.427352 23.472748 -7.963203
v 7.518964 23.986109 -5.732305
v 12.140040 23.027966 -12.816584
v 13.857231 24.119240 -10.269760
v 11.292097 23.870123 -10.960909
v 12.231652 24.077888 -9.350614
v 13.610092 23.867098 -9.532602
v 14.607171 24.041580 -8.519394
v 16.371233 24.103104 -9.223835
v 16.739811 23.131851 -11.484383
v 14.960835 22.843397 -14.335884
v 14.330204 26.491398 -7.411102
v 14.014889 24.325998 -4.995147
v 12.434051 25.913486 -6.442879
v 12.191173 24.380461 -5.390820
v 13.420477 23.772293 -5.083074
v 13.582396 22.639668 -4.221182
v 15.384807 22.371389 -3.686462
v 17.163782 23.410215 -5.082052
v 17.491880 26.217066 -6.922390
v 17.741150 24.826248 -10.690993
v 17.182957 23.951818 -7.601270
v 15.938740 25.325491 -9.519311
v 15.421025 24.469213 -7.933553
v 16.443670 23.641178 -7.441774
v 16.394669 22.925095 -6.202613
v 18.096947 22.280617 -5.655623
v 19.856747 22.062767 -7.400877
v 20.711082 23.701693 -10.221706
v 6.530407 22.923077 -3.189570
v 8.147465 20.729437 -3.067904
v 7.090731 21.539318 -1.850213
v 8.104854 20.724394 -2.449346
v 8.818575 19.702713 -1.776600
v 9.634561 18.444017 -2.982021
v 9.549340 18.669937 -5.218032
v 7.665969 20.196911 -7.479603
v 6.215092 22.091005 -5.416379
v 9.732564 22.963419 -2.428897
v 11.373056 22.361303 -2.218281
v 10.872387 22.264481 -1.845101
v 10.687032 21.123787 -0.962761
v 12.374396 20.502508 -0.567089
v 14.323812 21.672449 -0.644792
v 15.329413 24.111172 -2.740733
v 12.485183 24.966440 -3.684417
v 10.265191 24.628569 -3.227400
v 9.551471 23.065285 -5.416380
v 10.680640 24.186815 -6.164784
v 10.618855 24.048641 -5.551338
v 11.664936 24.169668 -4.550398
v 12.838847 25.439459 -5.183270
v 12.395701 27.094522 -6.680079
v 10.354672 27.131840 -9.360838
v 8.545870 24.756657 -8.465206
v 8.130420 23.393070 -6.670877
v 9.570645 19.872152 -4.351028
v 10.644422 20.539825 -1.933028
v 8.950666 20.250366 -2.481040
v 10.081967 20.677999 -1.714233
v 10.022313 21.130848 -0.373853
v 11.722460 21.045118 0.520755
v 13.614353 20.409719 -0.518013
v 14.496384 18.647749 -3.183436
v 11.628717 18.647749 -4.495188
v 5.974344 22.872648 -3.842891
v 8.381821 23.489893 -2.722329
v 7.363437 22.001244 -2.689612
v 8.351994 22.985607 -2.363463
v 9.440684 22.772800 -1.482146
v 10.865995 24.040571 -1.733659
v 10.731773 25.746063 -3.194683
v 9.040148 26.525688 -5.935764
v 6.849984 24.285654 -5.571786
v 11.671328 21.739016 -5.187359
v 13.100900 21.566549 -4.176196
v 12.627927 21.982080 -4.114851
v 12.225261 22.620506 -2.871601
v 13.712357 22.614454 -1.785802
v 15.887608 22.491409 -2.436054
v 17.317179 20.831303 -4.997191
v 14.732871 20.533773 -6.713818
v 12.555490 21.239773 -6.819126
v 12.368005 30.806059 6.522301
v 9.278765 30.437931 7.497681
v 10.755209 29.855988 5.353687
v 9.129629 29.250845 6.064262
v 8.950666 29.698650 7.385215
v 7.774625 29.484833 8.172472
v 7.706449 30.592243 9.715288
v 9.849742 31.560471 10.526059
v 12.721669 32.646698 9.128424
v 5.607896 27.148985 2.012451
v 6.632672 26.205973 3.085982
v 6.076609 26.477278 3.217873
v 5.151967 26.040565 4.250507
v 6.163960 25.155043 5.507049
v 8.390343 25.403151 5.901699
v 10.932041 26.027454 3.778153
v 9.195675 27.231688 1.488977
v 7.063035 27.931635 1.030938
v 12.806890 26.790943 7.209362
v 10.060662 28.228155 8.221547
v 11.279314 27.707733 5.906811
v 9.528035 28.124271 6.434375
v 9.376768 28.016356 7.827919
v 8.187944 28.356243 8.552808
v 8.484085 28.509546 10.422796
v 10.497416 27.391041 11.362391
v 13.631397 26.722361 10.310331
v 7.416699 30.856487 7.873928
v 4.932525 28.876665 7.149039
v 6.845723 30.201925 5.845466
v 5.727205 28.744543 5.464107
v 5.094443 28.269506 6.626588
v 4.110148 27.228662 6.657260
v 3.164201 27.158062 8.302318
v 4.223065 28.226137 10.283749
v 6.210831 30.890779 10.848119
v 9.670779 29.223614 12.046383
v 6.713631 28.559975 10.848119
v 8.986885 29.662342 9.994406
v 7.480615 28.897844 9.179545
v 6.694457 28.201931 10.114028
v 5.433195 27.586704 9.826731
v 4.457421 27.134865 11.394086
v 5.735727 26.926092 13.518654
v 8.443605 28.394571 14.893795
v 4.713082 26.999716 -0.446445
v 4.016406 24.968456 1.235420
v 3.153549 25.782372 -0.122341
v 3.426254 25.009808 1.052408
v 2.514396 24.110163 1.655630
v 3.377252 22.830288 2.803797
v 5.586591 22.865587 3.222985
v 8.349863 24.038555 1.817171
v 6.860636 25.965933 -0.187775
v 3.264335 27.371880 2.485827
v 2.633704 26.929117 4.068518
v 2.375913 26.821199 3.502103
v 1.447010 25.745056 3.192312
v 0.626764 25.302294 4.779093
v 0.381755 26.622511 6.615341
v 2.431306 28.958359 7.919936
v 4.065407 29.490885 5.319947
v 4.084582 29.005762 3.080870
v 6.212961 27.214542 2.990897
v 6.796721 28.362295 4.189162
v 6.200178 28.270515 3.995927
v 5.009223 28.559975 4.775002
v 5.486457 29.868090 5.978379
v 7.199388 31.352705 5.787189
v 10.258800 30.998697 4.419204
v 9.559993 28.559975 2.609539
v 7.778886 27.317415 1.879538
v 4.860087 24.132353 2.967382
v 2.341825 25.082424 3.412131
v 3.221725 24.607388 1.910210
v 2.267257 25.190342 2.805841
v 1.025169 25.744047 2.410169
v -0.229701 25.876169 3.861991
v 0.292274 25.318430 5.977357
v 2.505874 23.425344 7.560048
v 4.419072 23.077387 5.075592
v 5.465152 26.850449 -0.833938
v 3.901358 27.758162 1.208837
v 3.950360 26.195887 0.306049
v 3.511475 27.283125 1.129089
v 2.392957 27.235722 1.996093
v 2.444089 28.594265 3.357943
v 4.059016 30.157549 3.457116
v 7.171690 30.566019 2.393810
v 7.086470 28.185795 0.324452
v 5.386323 26.095030 5.079681
v 4.069668 26.125286 6.246251
v 4.154889 26.503500 5.747315
v 3.104547 27.205465 5.030606
v 1.717585 27.413231 6.224781
v 1.849677 27.421299 8.495553
v 3.852356 25.683533 10.577180
v 6.063826 25.030989 8.481239
v 6.722153 25.540316 6.346447
v -11.889982 26.681009 10.610919
v -11.819675 28.135366 7.695006
v -10.260142 26.520645 9.134560
v -10.405017 26.973494 7.320804
v -11.602364 27.665373 7.062134
v -11.966681 28.229164 5.797413
v -13.415427 29.453568 5.926236
v -14.879087 29.294212 7.931182
v -14.484943 28.484331 11.181424
v -5.421754 26.346163 4.490773
v -6.761845 25.206478 4.497930
v -6.710712 25.743038 4.168714
v -7.388215 26.031488 2.915239
v -8.896616 24.977533 2.891724
v -9.987437 24.100079 4.686053
v -8.798613 22.949299 7.621393
v -6.080081 24.470222 7.525286
v -4.965825 26.083935 6.339291
v -12.654836 23.202450 8.585526
v -12.740056 25.999214 6.913885
v -10.937644 24.540823 8.229727
v -10.877990 25.885246 6.924109
v -12.147774 26.109150 6.363828
v -12.452436 27.131840 5.408897
v -14.320894 27.424324 5.214640
v -15.850600 25.603855 5.946685
v -15.856992 23.243801 8.355483
v -11.578928 29.513073 6.342357
v -10.081180 29.015848 3.491878
v -9.471853 28.917007 6.086755
v -8.741089 28.206974 4.512244
v -9.633772 28.333046 3.433601
v -9.339762 27.973995 2.078908
v -10.592502 28.683020 0.838724
v -12.816754 29.367838 1.717997
v -14.009840 30.669903 4.591991
v -16.244745 27.684536 6.102091
v -14.154715 28.454075 3.721921
v -14.084408 28.058716 6.358716
v -12.823146 28.058716 4.970284
v -13.449515 28.040560 3.711697
v -12.767753 28.128305 2.455155
v -13.937403 28.518623 1.008445
v -16.357662 28.042578 1.327436
v -18.539305 28.107126 3.897775
v -2.805488 26.266485 4.372174
v -4.160492 25.207487 2.254762
v -2.600959 26.107132 2.383586
v -3.798305 25.516109 1.859090
v -4.068880 25.335575 0.480881
v -5.426015 24.010315 0.154732
v -6.531750 22.968462 1.812059
v -6.097126 22.284651 5.026516
v -3.734390 24.332048 5.441615
v -5.119222 27.824726 2.624875
v -6.412441 28.047621 1.451148
v -5.790332 27.995174 1.341750
v -5.191659 27.520138 0.105657
v -6.427355 27.841873 -1.221432
v -8.097674 29.388010 -1.197916
v -10.006612 30.507523 1.341750
v -8.074239 29.668392 3.638083
v -5.956512 28.872631 4.002061
v -6.542402 26.253374 4.739219
v -7.873971 27.117720 5.498869
v -7.499001 27.315399 5.030606
v -7.854796 28.307831 4.028644
v -9.158669 29.361788 4.790339
v -9.537899 29.688564 7.009991
v -9.222584 27.576618 9.617137
v -7.266776 25.586710 8.230749
v -5.994861 25.342636 6.340313
v -6.065168 24.363314 1.995070
v -5.683806 26.538799 0.392954
v -4.541853 25.430382 1.243599
v -5.087264 26.565023 0.558584
v -4.316019 27.604858 -0.016010
v -5.287532 28.610403 -1.336964
v -7.456391 28.231180 -1.804205
v -9.652946 25.767244 -1.510774
v -7.912320 24.063768 0.496217
v -2.679788 25.685551 4.993799
v -4.117882 27.602840 3.689204
v -3.267808 26.114191 3.124833
v -3.913353 27.393059 3.142214
v -4.373543 28.078886 1.992003
v -5.688067 29.422302 2.400967
v -6.312307 29.915493 4.505086
v -6.310176 28.467186 7.486434
v -4.307497 26.164621 6.688955
v -8.248940 26.096037 2.902971
v -8.930704 27.000725 1.556456
v -8.487557 27.188318 1.967465
v -7.475565 28.199915 1.710840
v -8.161590 29.293205 0.399088
v -10.356015 29.616955 -0.112117
v -12.957368 27.476770 -0.039526
v -11.679062 25.429373 1.932703
v -9.874519 25.155043 3.315002
v -33.514660 18.412752 -1.687650
v -31.614244 18.713305 -3.532078
v -31.776163 17.968981 -1.488280
v -30.776953 17.799541 -2.638491
v -31.211578 18.187840 -3.630229
v -30.625687 18.244320 -4.642415
v -31.335148 19.133879 -5.700609
v -33.322914 19.490913 -5.448074
v -35.035843 19.804579 -3.310215
v -26.428583 16.811142 -1.108966
v -27.389442 15.863087 -1.608924
v -27.089041 16.184820 -1.879863
v -26.733246 16.015381 -3.001446
v -27.760151 15.114728 -3.635341
v -29.530605 14.882756 -3.108800
v -30.666166 14.893850 -0.598783
v -28.801971 16.187845 0.559607
v -27.238176 17.155066 0.193585
v -33.384697 15.136916 -2.374709
v -32.053127 16.805090 -3.970691
v -31.980692 16.160614 -1.888042
v -31.002787 16.827280 -2.862399
v -31.386280 16.768782 -3.945131
v -30.866434 17.266006 -4.868368
v -31.786816 17.328539 -6.118775
v -33.369785 16.051689 -6.183187
v -35.095497 14.919065 -4.355117
v -30.499987 19.403168 -4.434865
v -28.126598 18.307859 -4.958340
v -29.238726 18.994696 -3.211041
v -28.054161 18.051683 -3.454375
v -27.947636 17.794498 -4.569824
v -27.080519 17.156073 -5.030931
v -26.997429 17.280127 -6.576815
v -28.659227 17.922586 -7.558328
v -30.738604 19.658335 -7.036899
v -33.348480 17.666410 -6.821171
v -30.693863 17.708769 -7.055303
v -32.187351 18.149515 -5.527822
v -30.687471 17.831816 -5.533957
v -30.348721 17.429396 -6.556366
v -29.240856 17.183304 -6.847753
v -29.044849 17.008821 -8.379323
v -30.693863 16.594299 -9.494772
v -33.374046 17.239784 -9.411957
v -24.866919 16.867622 0.358193
v -24.638954 15.384016 -1.293000
v -23.667442 16.198940 -0.537439
v -24.159590 15.530258 -1.365591
v -23.575830 14.989665 -2.207034
v -24.389685 13.805604 -2.849107
v -26.119659 13.409236 -2.365507
v -27.770803 13.811655 -0.253208
v -26.309275 15.632124 0.845882
v -24.975574 17.437464 -2.270424
v -25.030968 17.205494 -3.689528
v -24.621910 17.170193 -3.376671
v -23.663181 16.493443 -3.571951
v -23.584352 16.296772 -5.062625
v -24.310856 17.391069 -6.380512
v -26.645895 18.851479 -6.406072
v -26.948427 18.964439 -3.877652
v -26.057875 18.578157 -2.274513
v -27.227524 16.745584 -1.602790
v -28.279995 17.544373 -2.174317
v -27.770803 17.585724 -2.252020
v -27.257351 18.044624 -3.222287
v -28.262951 18.990662 -3.821420
v -29.666958 19.840887 -2.944192
v -31.279755 18.973516 -0.885058
v -29.698915 17.172211 -0.018054
v -27.951897 16.527735 -0.224581
v -25.727644 14.555980 -2.329723
v -24.263985 15.794504 -3.470733
v -24.259724 15.248867 -2.099681
v -24.008324 15.895361 -3.044388
v -23.077290 16.574129 -3.150718
v -22.738539 16.918051 -4.648550
v -23.788881 16.372414 -6.056408
v -25.614727 14.441002 -6.586016
v -26.004612 13.799552 -4.117918
v -25.235497 16.604385 0.897003
v -25.028837 17.623041 -1.077271
v -24.462122 16.374432 -0.531304
v -24.638954 17.321478 -1.197915
v -24.153198 17.496969 -2.234639
v -24.922312 18.566053 -3.096531
v -26.375320 19.497972 -2.460592
v -28.269342 19.225658 -0.539484
v -27.040039 17.352745 0.740574
v -27.212610 16.011347 -3.519809
v -26.709810 16.287695 -4.839740
v -26.654417 16.572111 -4.411350
v -25.763863 17.333582 -4.202778
v -25.252541 17.763233 -5.551337
v -26.179314 17.741043 -7.163678
v -28.064814 15.973020 -8.120653
v -28.757231 15.032024 -5.856015
v -28.531395 15.312407 -4.017722
v -13.347251 34.231163 9.159097
v -13.994926 34.026424 5.971222
v -11.968811 33.470703 7.614235
v -12.478004 32.940193 5.889430
v -13.801050 33.319416 5.608267
v -14.455116 33.143925 4.346613
v -16.055130 34.157539 4.196319
v -17.133167 34.920017 6.305550
v -16.093479 35.882191 9.366646
v -7.971974 31.342619 2.664748
v -9.075579 30.266474 3.514371
v -9.169321 30.568037 2.966359
v -10.076919 30.137377 1.915322
v -11.363747 29.107628 2.735295
v -11.985855 29.172176 4.923252
v -10.164269 29.741011 7.700118
v -7.803664 31.201420 6.286125
v -7.190077 32.077866 4.259708
v -13.803181 30.161583 9.264405
v -14.640471 31.725876 6.530481
v -12.424740 31.261932 7.939362
v -12.808232 31.769243 6.175704
v -14.169628 31.587702 5.877161
v -14.798128 31.967932 4.647202
v -16.694283 31.986086 4.761712
v -17.746754 30.672928 6.592848
v -16.958466 29.846910 9.767431
v -14.216499 34.552898 4.111459
v -13.123548 32.802021 1.588151
v -12.103033 34.063740 3.705562
v -11.519274 32.715282 2.540015
v -12.580268 32.217049 1.762983
v -12.446045 31.248821 0.716035
v -13.984274 31.146955 -0.395325
v -16.125437 32.015335 0.525867
v -17.056469 34.493393 2.615673
v -18.466867 32.514576 5.822973
v -16.949944 32.136364 2.964315
v -16.393881 33.123753 5.379247
v -15.388280 32.519619 3.916178
v -16.193613 31.826733 2.994987
v -15.746205 31.321440 1.731288
v -17.177908 30.846403 0.578010
v -19.397900 30.418768 1.617801
v -21.121483 31.605856 4.261753
v -5.434537 31.406158 2.015518
v -6.902458 29.331530 1.022758
v -5.524018 30.285637 0.354102
v -6.665972 29.425327 0.458388
v -7.117640 28.557957 -0.567089
v -8.255332 27.154028 0.090320
v -8.885963 27.006777 2.244538
v -7.835622 28.061741 5.206460
v -5.830812 30.207977 4.054204
v -8.231896 31.702679 0.306049
v -9.712601 31.211504 -0.507790
v -9.118189 31.157042 -0.715339
v -8.649477 30.170660 -1.674359
v -10.115268 29.692598 -2.679388
v -12.005030 30.913977 -3.021896
v -13.654044 33.014828 -0.966852
v -11.265743 33.584671 0.951189
v -9.011663 33.235706 1.165895
v -9.007402 31.305302 3.170841
v -10.330449 32.335052 3.704540
v -10.074788 32.297733 3.126878
v -10.752290 32.624512 1.883627
v -12.081728 33.819668 2.321218
v -12.156296 35.187286 4.138041
v -11.069736 34.699139 7.290131
v -9.041491 32.430866 6.619431
v -8.061456 31.364807 4.844527
v -8.647346 28.335064 1.630070
v -8.909399 29.433395 -0.853364
v -7.471304 28.987608 0.142463
v -8.308595 29.582664 -0.857454
v -7.831361 30.246304 -2.014822
v -9.160799 30.379435 -3.399165
v -11.274265 29.660324 -3.130271
v -12.933932 27.523165 -1.214275
v -10.628720 27.189327 0.912338
v -5.112830 31.226633 2.792550
v -7.051594 32.118210 1.092282
v -6.054515 30.614431 1.131134
v -6.902458 31.678473 0.681273
v -7.652398 31.658300 -0.519036
v -9.099014 32.926075 -0.518014
v -9.459070 34.361267 1.177142
v -8.730436 34.610386 4.400801
v -6.508314 32.371361 4.371151
v -10.926991 30.124266 2.067661
v -11.960289 30.178730 0.644466
v -11.497969 30.579132 0.804985
v -10.733115 31.395065 -0.121319
v -11.798370 31.629053 -1.603813
v -14.067364 31.490879 -1.700942
v -16.210657 29.493910 -0.036459
v -14.299589 28.812117 2.328376
v -12.277735 29.401121 3.230141
v -19.131586 29.580647 -4.993103
v -16.528103 29.316402 -6.934659
v -17.028772 29.576612 -4.328536
v -15.577895 28.987608 -5.361170
v -15.954995 28.782867 -6.699505
v -15.060182 28.422810 -7.757699
v -15.818643 28.664865 -9.482504
v -18.300688 28.765722 -9.638933
v -20.823210 29.888262 -7.703511
v -10.534978 29.662342 -2.650761
v -11.457489 28.169657 -2.770383
v -11.086780 28.434912 -3.208997
v -10.415669 27.723869 -4.284572
v -11.397835 26.195887 -4.583116
v -13.592259 25.854990 -4.089292
v -15.454326 26.973494 -1.513841
v -13.626348 29.384985 -0.772594
v -11.811153 30.561985 -1.529177
v -18.394430 25.706730 -3.883787
v -16.707066 26.930124 -6.389714
v -16.947813 27.368853 -3.770300
v -15.671638 27.771273 -5.083074
v -15.908124 27.046110 -6.263958
v -15.168838 27.197395 -7.481648
v -16.031694 26.398609 -8.973344
v -17.742493 24.651766 -8.510192
v -20.022139 24.047632 -6.098327
v -15.107053 29.810600 -8.168708
v -12.009291 28.850443 -7.845626
v -13.781876 30.294714 -6.472530
v -12.183992 29.398096 -6.068678
v -11.800501 28.543837 -7.117671
v -10.581849 27.791445 -7.157544
v -10.191966 27.111668 -8.888484
v -12.077467 26.927099 -10.500825
v -14.908915 28.638643 -11.151077
v -17.810669 26.054686 -10.103107
v -14.587208 26.535774 -10.072434
v -16.741154 27.515097 -8.841454
v -14.898262 27.487864 -8.496902
v -14.235674 26.576117 -9.336300
v -12.816754 26.388523 -9.385375
v -12.252169 25.420296 -10.920012
v -13.952316 24.024435 -12.084538
v -17.269520 24.198915 -12.665267
v -8.960531 30.841360 -0.916754
v -8.157329 28.404654 -1.842035
v -7.253993 29.893303 -1.371726
v -7.588482 28.624523 -1.947343
v -6.648928 27.712776 -2.487175
v -7.334952 25.919538 -2.609864
v -9.450548 25.384996 -2.064920
v -11.904896 26.604357 -0.200044
v -10.620198 29.466679 0.136329
v -8.647346 30.022400 -4.089292
v -8.400207 28.997694 -5.498173
v -7.965583 29.214537 -5.093298
v -6.685146 28.582163 -4.814181
v -6.267566 27.587713 -6.305876
v -7.023898 27.906422 -8.427377
v -10.019395 28.973488 -9.543849
v -10.899295 30.388512 -6.910121
v -10.098224 31.020885 -4.858144
v -11.385052 29.158056 -3.239669
v -12.642053 29.489876 -4.426687
v -12.019943 29.600819 -4.475763
v -11.276396 29.682512 -5.721058
v -12.490787 30.168644 -7.015429
v -14.463638 31.259916 -6.707684
v -16.687891 31.089468 -4.182331
v -14.721430 29.946758 -2.051629
v -12.497178 29.511055 -1.712189
v -9.143755 26.724377 -2.624178
v -7.330691 27.756144 -4.382723
v -7.522437 27.905413 -2.594528
v -7.124032 28.147469 -3.949222
v -6.077951 29.019882 -4.336715
v -5.421754 28.658813 -6.108552
v -6.325090 27.092505 -7.445864
v -8.146676 24.339109 -7.146297
v -9.018055 24.889788 -4.163928
v -9.473984 30.768742 -0.229694
v -8.971184 30.852453 -2.910453
v -8.231896 29.917509 -1.554737
v -8.440686 30.543831 -2.826616
v -7.675834 30.279587 -3.989096
v -8.572778 30.806059 -5.608593
v -10.566936 31.844887 -5.611660
v -13.181071 32.182758 -3.602625
v -11.708889 31.109640 -1.027174
v -10.886512 27.340612 -4.899040
v -10.057744 27.036024 -6.421409
v -10.115268 27.584686 -6.111619
v -9.194887 28.705208 -6.209770
v -8.370379 28.552914 -7.848693
v -9.158669 27.467693 -9.686986
v -10.986646 24.648739 -9.946678
v -12.139252 24.703203 -7.052236
v -12.271343 26.041574 -5.196561
v 17.988291 29.147970 -1.615060
v 16.117702 28.696131 1.016624
v 16.170965 27.899361 -1.529177
v 15.363502 27.287159 0.048402
v 15.906782 27.923567 1.179187
v 15.440200 27.745050 2.522634
v 16.096397 29.073336 3.712719
v 18.133165 30.324972 3.025659
v 19.475386 31.400106 0.124060
v 10.540027 24.297758 -0.969919
v 12.129388 23.621006 -0.630478
v 11.713938 23.865082 -0.220492
v 11.628717 23.526201 1.190434
v 13.301168 22.933163 1.680168
v 15.280412 23.416267 0.667982
v 16.015438 23.896347 -2.585326
v 13.117944 24.581165 -3.507540
v 11.027914 25.027962 -2.680411
v 19.364599 25.340618 -0.988322
v 17.508924 26.697145 1.321302
v 17.246872 25.915504 -1.215297
v 16.075092 26.269512 0.203808
v 16.765377 26.372385 1.423543
v 16.170965 26.727402 2.677018
v 17.453531 27.197395 3.996949
v 19.788570 26.405668 3.661599
v 21.814686 25.829775 1.027871
v 14.769090 29.018873 2.378474
v 12.662015 26.758669 3.419287
v 13.250035 28.008286 1.136246
v 12.361613 26.424831 1.606555
v 12.591708 26.090996 2.953068
v 11.980251 24.993671 3.641150
v 12.167737 25.109655 5.527497
v 13.987192 26.558971 6.412904
v 15.493463 29.428352 5.479443
v 19.226116 28.252361 4.545983
v 16.262577 27.174198 5.376180
v 17.432226 28.304806 3.261836
v 15.874825 27.303295 3.553223
v 15.883347 26.704205 4.825101
v 14.801047 25.953829 5.386405
v 14.984271 25.680508 7.257415
v 17.259655 25.912477 8.233816
v 19.995230 27.790436 7.628550
v 8.437214 23.689590 -2.411517
v 9.159456 21.902403 -0.481206
v 7.557313 22.419800 -1.133504
v 8.571436 21.867104 -0.284904
v 8.324297 21.004776 0.810098
v 9.875308 19.995197 1.333571
v 11.888639 20.272554 0.368416
v 13.126466 21.423332 -2.483085
v 10.478242 22.883741 -3.379739
v 8.891012 24.406683 0.770223
v 9.357594 24.171686 2.450043
v 8.842010 23.954844 2.155589
v 8.087810 22.773808 2.540015
v 8.400995 22.523684 4.336389
v 9.048670 24.095036 5.849556
v 11.076916 26.762703 5.502959
v 10.823385 27.003750 2.406079
v 9.634561 26.173698 0.632198
v 11.577585 24.565029 -0.543574
v 12.551229 25.931641 -0.016010
v 11.978121 25.762201 0.185405
v 11.417797 26.076876 1.488977
v 12.284915 27.592756 2.069706
v 13.322474 29.159065 0.786581
v 15.058839 28.836323 -2.083323
v 13.842318 26.095030 -2.928856
v 12.186912 24.614449 -2.366531
v 10.957607 21.420307 0.485994
v 9.035887 22.227163 2.246583
v 8.961319 21.590755 0.558585
v 8.614046 22.231197 1.792633
v 7.299521 22.614454 2.158656
v 7.099253 22.874664 4.054204
v 8.816444 22.703209 5.495802
v 11.801289 21.267004 5.623604
v 11.975990 20.682034 2.528769
v 8.846272 23.541330 -3.152764
v 8.611916 24.634621 -0.664218
v 8.381821 22.958376 -1.291978
v 8.326427 24.123276 -0.459736
v 7.930152 24.125292 0.899047
v 8.535217 25.682524 1.852955
v 9.647344 27.363810 0.855083
v 11.481712 27.844898 -1.863505
v 10.603942 25.167145 -3.282610
v 12.282784 23.728924 1.715953
v 11.884378 23.839867 3.426444
v 11.609543 24.139412 2.942844
v 10.241755 24.632603 2.925463
v 9.777305 24.917019 4.684009
v 11.181311 25.295233 6.433352
v 14.255636 24.073854 7.075426
v 14.939530 23.275068 4.143154
v 14.170416 23.489893 1.996093
v -17.951283 25.842886 -5.557472
v -18.598959 25.202444 -3.053590
v -18.590437 24.246321 -5.013550
v -18.616003 23.761198 -3.559683
v -18.368864 24.615458 -2.829682
v -18.396561 24.529728 -1.662090
v -18.377386 25.912477 -0.954583
v -17.682838 27.500977 -2.019934
v -17.708405 28.297747 -4.659796
v -20.646378 19.529238 -3.113912
v -19.231720 19.792475 -3.153786
v -19.555557 19.855007 -2.756068
v -19.248764 19.829792 -1.607902
v -17.793625 20.211031 -1.553714
v -16.843418 21.196405 -2.812301
v -17.058599 21.273056 -5.558494
v -19.436249 20.367361 -5.689363
v -20.906301 19.938719 -4.609698
v -15.230622 23.934671 -5.130105
v -16.728371 24.476274 -2.993268
v -16.935030 23.399122 -4.879614
v -17.663664 23.393070 -3.529011
v -17.062860 23.960896 -2.729486
v -17.431438 24.168661 -1.637552
v -16.587757 25.252872 -0.911641
v -14.725691 25.634113 -1.637552
v -13.511300 25.640163 -4.113829
v -19.438379 25.090494 -1.707076
v -19.672735 22.846426 -0.286949
v -20.186188 23.552423 -2.285760
v -19.996572 22.182787 -1.623238
v -19.491642 22.282635 -0.595716
v -19.304157 21.397110 0.147576
v -18.946232 21.878199 1.580995
v -18.249554 23.778343 1.785476
v -18.673527 26.203955 0.543248
v -15.795207 26.807079 -0.935157
v -17.162994 24.974508 0.433850
v -17.207735 25.871126 -1.553715
v -17.755276 24.587217 -0.919820
v -17.288694 24.400631 0.113836
v -17.591227 23.531244 0.839747
v -17.062860 23.743044 2.285435
v -15.501197 25.021912 2.537970
v -14.610643 27.343639 1.345840
v -21.992861 17.987135 -3.746784
v -20.420544 17.403173 -2.276558
v -21.818159 16.972513 -2.470816
v -20.765686 17.167168 -1.992328
v -20.380064 16.662882 -1.023083
v -18.814140 16.716337 -0.890170
v -17.740362 17.583708 -2.106838
v -17.859671 18.396614 -4.689445
v -20.416283 18.127327 -4.904152
v -21.532671 19.210531 -1.392174
v -20.863691 19.533274 -0.161192
v -21.155571 19.119759 -0.265478
v -21.070351 18.064795 0.275377
v -20.478067 18.334084 1.633138
v -20.522808 19.934683 2.580912
v -20.418413 22.541838 1.696527
v -21.164093 22.068817 -0.693868
v -21.850117 20.702206 -1.774555
v -20.009356 20.219101 -3.022918
v -19.894308 21.648245 -2.908408
v -20.171274 21.327518 -2.613954
v -20.488720 21.529232 -1.486235
v -20.503633 23.024942 -1.315493
v -20.706032 24.306835 -2.648716
v -19.836784 24.322971 -5.263018
v -19.544905 21.801546 -5.488970
v -19.900700 20.195904 -4.591294
v -18.858881 17.995203 -1.881908
v -20.237320 18.039581 -0.128475
v -20.254364 17.286179 -1.397285
v -20.588854 17.787437 -0.392256
v -21.581673 17.561518 0.158823
v -21.547585 17.979067 1.675057
v -20.107359 18.829290 2.440842
v -17.452744 19.123793 1.976668
v -17.540094 18.268526 -0.455646
v -21.764896 17.930655 -4.409306
v -22.037601 19.002766 -2.471838
v -21.534801 17.657333 -2.809234
v -21.967295 18.571096 -2.216236
v -22.029079 18.638672 -1.061935
v -22.178215 20.116226 -0.543573
v -22.342264 21.556463 -1.676404
v -21.743591 22.185812 -4.243675
v -21.343056 19.752132 -4.998214
v -18.824793 20.332060 -1.351277
v -18.882317 20.533773 0.071918
v -19.272200 20.540834 -0.266500
v -20.407761 20.300795 -0.009875
v -20.582462 20.600340 1.455238
v -19.551296 21.746075 2.497074
v -16.856201 22.312891 2.403012
v -16.483362 21.553438 -0.000674
v -17.416525 21.008810 -1.530199
v -27.144434 15.000759 -3.088351
v -24.762524 16.118256 -3.809150
v -25.342022 15.353759 -2.280648
v -24.577169 16.123297 -3.217175
v -23.288210 16.651789 -2.962595
v -22.327351 17.084465 -4.571868
v -23.230686 16.879725 -6.621800
v -25.682903 15.197430 -8.084868
v -27.095432 14.345189 -5.394908
v -32.911724 18.120266 -2.751979
v -29.720221 17.462679 -2.852175
v -31.650463 17.598835 -1.016949
v -29.958838 16.799040 -1.123280
v -29.475212 16.799040 -2.443211
v -28.177731 16.345182 -2.841951
v -27.711149 16.897879 -4.599473
v -29.562563 17.551434 -6.126954
v -32.579365 19.024954 -5.813074
v -29.407036 14.989665 -0.565044
v -29.679741 14.813165 -2.293939
v -29.340990 15.255927 -1.996418
v -28.235254 16.001261 -2.577147
v -28.510090 15.993192 -4.397037
v -30.487204 15.710793 -5.487947
v -33.154602 13.800561 -4.721140
v -32.530365 13.520179 -1.681515
v -31.139139 14.331069 -0.051794
v -24.820047 15.234748 1.154650
v -26.213402 14.175749 0.976751
v -26.087702 14.708274 0.660826
v -26.575588 15.035050 -0.669329
v -28.126598 14.070858 -0.899372
v -29.494387 13.259968 0.728305
v -28.772144 12.043632 3.786334
v -25.983305 13.402176 4.062384
v -24.628302 14.947305 3.046108
v -34.484039 15.110693 0.703767
v -32.317310 16.116238 -1.512818
v -32.391880 15.673475 1.116821
v -31.043266 15.815683 -0.179595
v -31.578026 15.767272 -1.479078
v -30.823824 15.942763 -2.683477
v -31.921038 16.256430 -4.202778
v -34.302948 15.556481 -4.061686
v -36.652901 15.369896 -1.649821
v -25.748949 17.314419 0.893935
v -24.992619 17.577656 -1.715255
v -24.419512 16.511597 -0.375898
v -24.483427 17.240793 -1.607902
v -23.622702 17.032019 -2.713127
v -24.342813 17.716839 -4.360229
v -26.290100 18.839376 -4.464516
v -29.068285 19.137913 -2.681432
v -27.885851 17.811644 -0.075309
v -25.725513 15.473779 1.279384
v -27.278656 15.733990 2.066640
v -27.050692 16.018406 1.550323
v -27.853893 16.611446 0.494173
v -29.468821 17.052191 1.262003
v -29.880009 17.445534 3.465297
v -28.546309 16.043621 6.224781
v -25.947086 14.991682 4.868043
v -24.768915 15.113719 2.907061
v -24.555864 23.723881 -9.456944
v -22.725756 23.784395 -7.521522
v -24.278898 22.427868 -8.233119
v -23.017635 22.292721 -7.370205
v -22.357178 23.230690 -7.445864
v -21.379274 23.414249 -6.828328
v -20.910563 24.894831 -6.868202
v -21.596586 26.056704 -8.390571
v -23.914581 26.234211 -9.875110
v -23.296732 18.694143 -4.335692
v -22.608578 18.688091 -5.599391
v -22.450920 18.893839 -5.152597
v -21.319620 19.072357 -4.838717
v -20.539852 19.193384 -6.121842
v -21.196051 19.687584 -7.790415
v -23.633354 19.185316 -8.976411
v -24.911659 18.708263 -6.824238
v -24.734827 18.798025 -4.961407
v -22.568098 21.509062 -10.995671
v -21.613630 22.770782 -8.850655
v -23.205120 21.353741 -9.314829
v -22.453051 21.777342 -8.048063
v -21.517757 22.395594 -8.305711
v -20.812557 22.902905 -7.520500
v -19.862350 23.955853 -8.156439
v -19.525730 23.829781 -10.158318
v -20.972347 23.067303 -12.380014
v -22.024818 24.126301 -6.135134
v -20.729467 22.335081 -4.646505
v -22.755583 22.654797 -5.388775
v -21.960903 21.456615 -4.854053
v -20.838123 21.692621 -4.796799
v -20.024269 20.976536 -4.352050
v -18.673527 21.694639 -4.077022
v -18.319862 23.439465 -5.062626
v -19.832523 25.561495 -5.967459
v -19.615211 25.300276 -9.240193
v -19.003756 24.091002 -6.945905
v -20.793383 24.514601 -8.120654
v -20.420544 23.522167 -7.013384
v -19.282852 23.491911 -6.844687
v -18.745964 22.874664 -6.007333
v -17.269520 23.307343 -5.792626
v -16.355532 24.313894 -7.306816
v -17.120384 26.115200 -9.250417
v -24.389685 17.313410 -3.114934
v -22.261305 16.804083 -3.545369
v -23.122030 16.595308 -2.364485
v -22.180346 16.702217 -3.055634
v -21.110830 16.368380 -2.767315
v -20.175535 16.171709 -4.016700
v -20.718815 16.540846 -5.735371
v -23.038940 16.763739 -7.116647
v -24.545212 16.909983 -5.027864
v -22.284740 18.930147 -2.671208
v -20.923346 19.397116 -2.711082
v -21.125744 19.028988 -2.409472
v -20.520678 18.124300 -1.933028
v -19.088976 18.581182 -1.832832
v -18.473259 20.335087 -1.758196
v -19.421335 22.617479 -2.974864
v -21.781940 21.761204 -3.401209
v -22.921762 20.331051 -2.993268
v -22.953720 19.263985 -5.003325
v -22.936676 20.638666 -5.426603
v -22.802454 20.446028 -4.965497
v -22.039732 20.948296 -4.203801
v -22.052515 22.421818 -4.508480
v -23.409649 23.388027 -5.334587
v -25.154537 22.665892 -7.341578
v -24.941486 20.146482 -7.019518
v -24.214983 18.871651 -5.854993
v -21.161963 17.183304 -4.807023
v -20.416283 17.862072 -2.816391
v -21.421885 16.859554 -3.220242
v -20.799774 17.624050 -2.585326
v -20.838123 17.705744 -1.431025
v -19.583254 18.438974 -0.828825
v -18.260206 19.170187 -1.876796
v -17.278042 18.879719 -4.385790
v -19.289244 17.531261 -5.275287
v -24.822178 17.070345 -3.612848
v -23.439478 18.579166 -2.726418
v -23.324429 17.124807 -2.948281
v -23.145466 18.210030 -2.543407
v -22.210173 18.543865 -1.945297
v -21.999252 20.102106 -1.962678
v -23.183815 21.258936 -2.766293
v -25.092752 21.182285 -4.688423
v -25.275976 18.609423 -4.739544
v -20.927607 19.536299 -5.199628
v -19.779261 20.058737 -4.508479
v -20.271408 20.057730 -4.352050
v -20.631464 20.085970 -3.219220
v -19.519339 20.731455 -2.439121
v -18.209074 21.880215 -3.090397
v -16.917986 21.926609 -5.524755
v -18.671396 20.595297 -6.808902
v -20.401369 19.895350 -6.636115
v -15.036745 17.210537 3.050198
v -17.461266 16.271557 2.222046
v -16.057261 16.985624 1.339706
v -17.376045 16.527735 1.663810
v -18.422127 16.350225 0.724215
v -19.811218 15.185328 1.365267
v -19.811218 14.315940 3.439736
v -17.623184 13.654318 5.841378
v -15.311582 15.420324 4.622665
v -14.056711 22.314909 7.063157
v -15.384019 20.212040 4.955970
v -13.807442 22.362312 4.871109
v -14.184542 20.932159 3.717831
v -14.883348 19.910479 4.384443
v -15.398932 18.727425 3.760773
v -16.649542 17.804585 4.852707
v -16.598410 18.263483 7.297289
v -15.920907 20.915014 9.268496
v -12.938193 19.842903 2.646346
v -13.210898 18.855515 4.077720
v -13.641261 19.135897 3.710675
v -15.017570 18.697168 3.545044
v -15.445804 17.764240 5.073547
v -14.472160 17.956879 7.120412
v -11.270004 18.572105 7.970035
v -10.424191 19.861057 5.261671
v -11.297701 20.615469 3.282285
v -15.149663 18.660860 -1.569050
v -13.617826 18.604380 -0.706136
v -14.195194 18.689100 -0.466892
v -14.599991 18.361315 0.890868
v -13.068154 18.414768 1.911233
v -11.154956 19.560505 1.458306
v -9.646555 20.224144 -1.481123
v -12.160557 19.812647 -3.273408
v -14.427420 19.493938 -3.144584
v -9.763733 23.257921 5.024471
v -12.465219 21.479813 5.426279
v -11.235916 22.783894 3.449960
v -12.522744 21.423332 3.560380
v -12.603703 20.903919 4.863953
v -13.551780 19.920563 5.295410
v -13.664697 19.786425 7.187891
v -11.747238 20.647743 8.516002
v -9.501680 23.148996 8.221547
v -16.293747 20.287683 -0.429063
v -17.761667 18.535797 1.059566
v -16.841288 18.359297 -0.482229
v -17.757406 18.126318 0.593347
v -18.441301 16.905949 0.820322
v -19.091106 16.737516 2.623853
v -18.882317 18.376444 4.150311
v -16.969118 21.031000 4.681964
v -15.782424 21.123787 1.759916
v -14.781084 19.347696 -1.034330
v -13.852182 20.765745 -0.567089
v -14.363504 20.525705 -0.284904
v -14.702255 20.689095 1.119888
v -13.882010 22.241283 1.670967
v -13.236465 23.992161 0.368416
v -12.028465 24.050657 -2.776517
v -13.129939 21.264988 -3.633296
v -14.519032 19.587736 -2.923744
v -16.246876 26.243288 -0.216403
v -14.086538 27.764212 -2.125242
v -14.052450 26.149492 -0.002719
v -12.823146 26.640665 -1.330830
v -13.458037 27.313381 -2.390046
v -12.784797 27.897345 -3.510608
v -13.888401 29.088465 -4.496211
v -16.351271 28.854477 -4.230384
v -18.466867 27.980047 -1.753085
v -7.360518 26.177732 0.455321
v -8.231896 25.011826 -0.532327
v -7.969844 25.556454 -0.714316
v -7.505393 25.859024 -2.058785
v -8.472644 24.775820 -3.191616
v -10.505151 23.835833 -2.792876
v -11.843111 22.644711 0.061693
v -9.991698 24.222115 2.008362
v -8.415120 25.883230 2.035967
v -15.156054 22.797005 -2.144667
v -14.063103 25.628061 -3.332708
v -13.779745 24.177738 -1.112033
v -12.812493 25.551411 -1.946320
v -13.259900 25.762201 -3.262162
v -12.789058 26.800020 -4.131210
v -13.909706 27.058214 -5.644377
v -15.424499 25.190342 -6.283383
v -17.139559 22.777842 -4.668998
v -12.965890 29.177219 -2.857288
v -9.834040 28.773790 -3.663969
v -11.340311 28.629566 -1.467833
v -9.663599 27.970970 -1.987217
v -9.469723 28.102083 -3.372582
v -8.259593 27.779341 -4.066799
v -8.204200 28.491392 -5.827389
v -10.370929 29.109646 -6.882516
v -13.338729 30.322954 -5.832501
v -15.867644 27.258919 -6.471507
v -12.725142 28.125280 -6.525694
v -14.617035 27.671425 -4.700693
v -12.742187 27.727903 -4.700693
v -12.232994 27.724878 -6.010400
v -10.846032 27.855993 -6.350863
v -10.573327 28.254377 -8.188133
v -12.422609 27.721853 -9.765712
v -15.793077 27.684536 -9.652225
v -5.511235 26.154535 2.313040
v -4.825211 25.115707 -0.114161
v -3.898439 26.044601 1.126022
v -4.296844 25.441475 -0.112117
v -3.455293 25.286156 -1.239835
v -4.083794 23.940723 -2.462637
v -6.022558 22.839365 -2.167161
v -8.089152 22.093023 0.315251
v -6.868370 24.178745 2.344735
v -5.822290 27.704706 -0.575269
v -5.828681 27.927601 -2.320523
v -5.330142 27.890284 -1.935074
v -3.998573 27.454582 -2.323590
v -3.855829 27.781359 -4.130188
v -5.042523 29.292196 -5.349924
v -8.238288 30.314886 -5.055470
v -8.613258 29.464661 -2.081279
v -7.435086 28.703192 -0.269568
v -8.295812 26.056704 -0.208223
v -9.778646 26.876671 -0.681599
v -9.184235 27.092505 -0.719428
v -8.713392 28.099058 -1.655956
v -10.185575 29.109646 -2.107861
v -12.092381 29.377924 -0.896305
v -13.745656 27.215551 1.089215
v -11.344572 25.297251 1.604510
v -9.084101 25.121759 1.275294
v -5.886205 24.240269 -1.698897
v -4.509896 26.458115 -2.493309
v -4.339455 25.353731 -1.076249
v -4.232929 26.492405 -1.940186
v -3.321071 27.560482 -1.757174
v -3.027061 28.575102 -3.364403
v -4.128534 28.162598 -5.282444
v -5.747722 25.648233 -6.711773
v -6.009775 23.936689 -4.074978
v -5.869161 25.563513 2.823222
v -5.928815 27.478786 0.881666
v -4.895518 26.021404 1.132156
v -5.381274 27.286150 0.664915
v -4.861430 27.987106 -0.449512
v -6.086473 29.295221 -1.147818
v -8.078500 29.726891 -0.193910
v -10.238837 28.213026 1.813081
v -8.231896 25.969967 2.758811
v -8.078500 25.906427 -2.703926
v -7.567177 26.827251 -4.113829
v -7.579960 27.014845 -3.510608
v -6.740540 28.051655 -2.933969
v -6.265436 29.160074 -4.324446
v -7.371171 29.449533 -6.291563
v -9.107536 27.255894 -8.167685
v -9.646555 25.192360 -5.896913
v -9.446287 24.923071 -3.630229
v -9.288630 29.946758 -12.019103
v -6.175954 30.530720 -11.251273
v -8.285159 29.314384 -10.159340
v -6.427355 29.252861 -9.912939
v -5.749853 29.894312 -10.963976
v -4.333063 30.100061 -11.024299
v -3.828132 31.371868 -12.342185
v -5.449450 31.836817 -14.170255
v -8.807135 31.944733 -14.485157
v -4.976477 27.654278 -4.565734
v -4.999913 26.619486 -5.987907
v -4.561028 27.041067 -5.821254
v -3.161283 26.997700 -6.215904
v -3.099498 26.043592 -7.788371
v -4.788992 25.745056 -9.282112
v -8.106196 25.406176 -8.794422
v -8.187156 26.724377 -5.972571
v -6.881153 27.897345 -4.499278
v -8.136024 26.078890 -12.720477
v -5.809507 28.302790 -12.211316
v -7.812186 27.192354 -10.843332
v -6.239870 28.117212 -10.403696
v -5.387666 28.230171 -11.515056
v -4.154100 28.959368 -11.531414
v -3.502164 29.264963 -13.289959
v -4.347977 27.785391 -15.101669
v -7.234818 26.188824 -15.798953
v -4.590855 31.467682 -10.623514
v -2.353820 30.135361 -8.663554
v -4.950911 30.735460 -8.573582
v -3.808958 29.586699 -7.628875
v -2.571131 29.446507 -8.283217
v -1.452614 28.713278 -7.772013
v 0.164443 29.102585 -8.689115
v -0.014520 30.097034 -10.962954
v -2.127985 32.194862 -12.548713
v -3.864351 29.841866 -15.312286
v -1.859541 29.832788 -12.741947
v -4.460894 30.181753 -13.215323
v -3.421205 29.743027 -11.719538
v -2.108811 29.402130 -12.092717
v -1.045686 29.109646 -11.177660
v 0.665113 29.132841 -12.004789
v 0.750334 28.865568 -14.476977
v -1.194822 29.732939 -17.092302
v -5.436667 27.435419 -1.995396
v -3.436119 25.888273 -3.018828
v -3.649170 26.722361 -1.433070
v -3.059018 26.059729 -2.557721
v -1.750885 25.516109 -2.578170
v -1.508007 24.210012 -3.969670
v -3.110151 23.716822 -5.470567
v -6.406050 23.933664 -5.726170
v -6.757584 25.914495 -3.295901
v -2.892838 28.543837 -3.769277
v -1.459005 28.486349 -4.785553
v -1.499485 28.380449 -4.163928
v -0.587627 27.555439 -3.389963
v 1.005995 27.548378 -4.311154
v 1.743151 29.108637 -5.794672
v 0.047265 30.968439 -8.035794
v -2.741572 30.719322 -6.667810
v -3.738651 29.966928 -4.747724
v -4.997782 27.682518 -5.717991
v -5.206573 28.778833 -7.077796
v -4.793253 28.822203 -6.602376
v -3.512817 29.512064 -6.661675
v -3.678997 30.789923 -7.976495
v -5.602847 31.734953 -8.739213
v -8.679304 30.418768 -9.136930
v -8.308595 28.041569 -7.156521
v -6.861979 27.228662 -5.577920
v -3.012147 25.086460 -4.912332
v -1.011598 26.714291 -4.019768
v -2.345298 25.837843 -3.176279
v -1.286434 26.759676 -3.466644
v -0.634498 27.565525 -2.502512
v 1.078432 28.205967 -3.100621
v 1.875243 27.803547 -5.165889
v 1.412922 25.611923 -7.609449
v -1.290695 24.461145 -6.459238
v -6.201520 27.045101 -2.048561
v -4.164753 28.583172 -3.015761
v -4.205233 26.962399 -2.223393
v -3.749304 28.222103 -2.732554
v -2.387908 28.580145 -2.896139
v -2.142899 30.038538 -4.126099
v -3.864351 31.121742 -5.089209
v -7.053725 30.559969 -5.796717
v -7.328560 28.043587 -3.914460
v -2.952493 27.093513 -7.048146
v -1.303478 27.616961 -7.368160
v -1.733841 27.892302 -6.996003
v -1.439831 28.749586 -5.859084
v 0.228359 29.463654 -6.171941
v 1.255264 29.723864 -8.185066
v 1.172175 27.800522 -10.949662
v -1.490963 26.329018 -10.279984
v -3.246503 26.372385 -8.805669
v -0.988163 32.139389 3.750548
v -2.323992 30.631577 1.910210
v -0.581235 31.052151 2.115714
v -1.823323 30.622499 1.545210
v -1.946892 29.916500 0.323430
v -3.625734 28.990633 0.162911
v -5.251313 29.137884 1.711863
v -5.538932 29.893303 4.927342
v -2.684049 31.213522 5.171698
v -1.812670 38.572048 4.781137
v -1.802017 35.603828 3.434623
v -0.135959 37.673412 3.664665
v 0.045135 35.845882 3.285351
v -1.139429 35.145935 3.576738
v -1.356741 33.755119 3.310911
v -3.188979 33.260918 3.417242
v -4.708033 34.758644 4.695254
v -4.944520 38.070789 5.284163
v 1.372442 34.561974 3.977523
v -0.031564 34.286636 5.004023
v -0.010259 34.317902 4.373196
v -0.954074 33.681492 3.468363
v -2.517869 33.475746 4.418181
v -3.193240 34.676952 6.227847
v -1.414265 36.005238 8.762402
v 1.327702 36.056675 7.282974
v 2.258735 35.737968 5.213616
v 2.433436 31.365816 0.413402
v 2.889366 31.891281 2.028810
v 2.346086 31.999197 1.723109
v 1.063519 32.259411 2.352913
v 1.438488 32.953304 4.017397
v 3.345295 34.011295 4.666627
v 6.549582 33.488857 3.772018
v 5.938126 32.010292 1.098416
v 4.208151 31.497938 -0.314554
v 2.767926 39.050110 6.283057
v 0.198531 37.307301 5.289274
v 2.710403 37.745022 4.504064
v 1.419314 36.422787 4.186094
v 0.347667 36.528687 5.088882
v -0.841157 35.727882 5.051053
v -2.240902 36.432873 6.124583
v -1.612402 38.029438 7.926070
v 0.741812 40.402603 8.372863
v 1.259525 33.169140 -0.376921
v -1.192692 32.086945 0.130194
v 0.452062 31.364807 -0.041571
v -0.971119 31.518110 0.022841
v -1.891499 30.450035 0.146553
v -3.610820 31.016851 0.799873
v -4.111490 33.174183 1.194523
v -2.511477 36.007256 1.824327
v 0.322101 34.945232 0.932786
v 2.488830 32.258400 0.717057
v 3.155679 33.841854 1.095349
v 2.552745 33.689560 0.989018
v 1.400139 34.412704 1.500223
v 1.966855 36.139378 1.796722
v 3.722395 37.197369 0.811119
v 6.715762 36.008263 -0.180619
v 5.865688 33.016846 -0.370787
v 4.016406 31.666370 -0.290016
v -25.601944 21.269022 -9.379241
v -23.041071 21.124796 -7.367137
v -25.638163 21.716827 -7.218888
v -24.308725 21.214560 -5.997108
v -23.162510 20.737505 -6.657585
v -21.939598 20.363325 -6.012444
v -20.486589 20.197920 -7.225022
v -21.029871 19.864084 -9.629731
v -23.467175 20.855509 -11.741008
v -22.282610 20.810122 -3.110845
v -22.184607 21.208508 -4.822359
v -21.922554 20.718342 -4.520748
v -21.571020 19.446535 -5.130105
v -21.306837 19.788441 -6.919322
v -20.759295 21.781376 -7.871186
v -21.649849 24.922062 -7.038944
v -22.423223 24.301792 -4.084179
v -22.323090 22.637651 -2.513757
v -23.935886 21.507044 -2.882848
v -24.736958 22.879707 -3.636364
v -24.204330 22.593275 -3.817330
v -23.678095 22.573103 -5.172024
v -24.355597 24.064777 -6.010400
v -25.092752 25.978035 -5.024796
v -26.697027 26.455090 -2.099682
v -25.832039 23.771284 -0.775661
v -24.430164 21.985106 -1.087496
v -25.642424 20.199938 0.628109
v -24.253332 20.210024 -2.320522
v -23.558786 19.620010 0.186428
v -22.900457 19.200445 -1.518952
v -23.827230 19.541342 -2.520914
v -23.588614 19.433424 -3.928773
v -24.862658 20.385515 -4.968564
v -27.035778 20.938211 -3.894011
v -28.096771 21.708757 -0.785884
v -22.180346 19.754150 -5.663803
v -20.086054 18.230200 -4.807023
v -21.754244 18.491421 -4.165972
v -20.367281 18.138420 -4.262078
v -19.672735 17.343668 -3.319416
v -18.057808 16.580179 -4.033059
v -17.314260 17.024960 -6.109573
v -18.543566 18.086983 -8.998903
v -21.264227 19.130854 -7.790415
v -21.747852 16.628592 1.712886
v -21.745722 18.660860 -0.107004
v -21.492191 16.880733 -0.260365
v -21.496452 18.286680 -0.534371
v -21.240791 18.860556 -1.803182
v -21.901249 20.660854 -1.956544
v -22.862108 21.754145 -0.239918
v -24.391815 21.026964 2.608517
v -23.441608 18.019409 2.689287
v -24.581430 21.110676 -6.135133
v -22.796062 19.060253 -6.352907
v -23.501263 19.922581 -4.933802
v -22.644796 19.118750 -5.754797
v -21.662632 18.227175 -5.260973
v -21.136396 16.903931 -6.555344
v -21.926815 16.880733 -8.661509
v -24.555864 18.021427 -10.328036
v -25.482635 20.023438 -8.073624
v -27.310614 24.479300 -5.436828
v -24.353466 23.214554 -5.976660
v -26.134573 23.296247 -3.992162
v -24.670912 22.211025 -4.432821
v -24.251202 22.433920 -5.755820
v -23.102856 21.830795 -6.365176
v -22.589403 22.688080 -7.981606
v -24.302334 24.067804 -9.142042
v -26.897295 26.018377 -8.223918
v -22.806715 18.200953 -2.080256
v -23.405388 17.776344 -3.679305
v -22.804585 17.851986 -3.496293
v -21.649849 17.229698 -4.119963
v -22.133474 16.870647 -5.859083
v -23.759054 17.902414 -7.072683
v -26.741768 19.146990 -6.123887
v -26.055744 19.454605 -3.099598
v -24.295942 19.333576 -1.637552
v -17.742493 23.316420 6.679753
v -20.011486 21.921566 6.725762
v -18.304949 22.182787 5.393561
v -19.400030 21.124796 5.575551
v -19.964615 21.274065 6.566266
v -20.893518 20.649759 6.909796
v -21.654110 21.303312 8.095791
v -20.644247 22.661858 9.224531
v -18.688440 24.554943 8.792052
v -20.301235 18.768776 1.592241
v -19.476728 18.313911 2.680086
v -19.992311 18.316936 2.651458
v -20.718815 17.588749 3.247523
v -19.962484 17.153048 4.474415
v -18.554218 18.044624 5.301545
v -16.515320 19.553444 4.226992
v -17.674316 20.078909 2.018586
v -19.329723 19.926615 1.157717
v -16.185091 20.425858 7.347387
v -18.846098 20.478302 7.490525
v -17.307869 20.716326 5.964067
v -18.805618 20.390556 5.967134
v -19.174196 20.129337 7.024306
v -20.290583 19.917538 7.311603
v -20.533461 19.954855 8.846240
v -18.918535 19.711790 10.059840
v -16.240484 20.362318 9.971913
v -21.558237 21.574619 6.583647
v -22.478617 19.345678 5.447750
v -21.302576 21.087479 4.864976
v -21.507105 19.670439 4.314919
v -22.039732 18.998730 5.080704
v -22.382744 17.896364 4.882357
v -23.384083 17.373924 5.950775
v -23.426695 18.334084 7.744082
v -23.062376 20.919048 8.632556
v -20.286322 20.729437 10.390079
v -21.896988 19.360807 8.765470
v -20.484459 21.016880 8.620287
v -21.112961 20.023438 7.634685
v -21.630674 19.158085 8.187808
v -22.250652 18.307859 7.672513
v -23.119900 17.502012 8.676520
v -22.595795 17.575638 10.641593
v -21.481539 19.440485 12.340837
v -20.356628 18.589251 -0.542551
v -20.505764 16.696165 0.627086
v -21.110830 17.135902 -0.644792
v -20.899910 16.545889 0.345924
v -21.362230 15.519164 0.611750
v -20.552635 14.752651 1.722088
v -19.088976 15.477813 2.565576
v -17.235432 17.401155 2.101402
v -18.530783 18.516634 0.169047
v -22.139866 18.108164 1.415365
v -22.772627 17.422337 2.511388
v -22.798193 17.308367 2.007340
v -23.015505 16.231215 1.555435
v -23.784620 15.479830 2.610562
v -24.809395 16.204992 3.983659
v -24.445078 18.498480 5.468198
v -22.915371 19.680525 3.808826
v -22.252783 19.536299 2.061527
v -20.103098 18.929140 2.500141
v -20.345976 19.863075 3.567538
v -20.693249 19.613958 3.277173
v -21.805376 19.357782 3.607411
v -22.178215 20.373411 4.654359
v -21.436798 22.062767 4.893603
v -18.852489 22.950308 4.537804
v -18.115332 21.079411 2.972495
v -18.792835 19.632113 1.994048
v -19.990181 16.196922 2.186262
v -22.199520 16.017397 1.940883
v -21.087395 16.100100 0.973684
v -22.159040 16.129349 1.448082
v -23.147596 16.161623 0.844860
v -24.393946 15.704741 1.688348
v -24.283159 15.269039 3.471431
v -22.395527 14.460166 5.241223
v -20.386456 15.072368 3.743392
v -19.687649 18.765751 -0.669330
v -21.549715 18.725409 0.560630
v -20.778469 17.669436 -0.125407
v -21.643457 18.250372 0.410335
v -22.606447 17.761215 0.828501
v -23.332951 18.657833 1.898964
v -22.751322 20.345171 2.342690
v -20.458893 21.786419 2.233292
v -19.250895 20.188843 0.607660
v -20.748642 17.629093 3.951964
v -21.943859 17.103628 4.558253
v -21.905510 17.458645 4.185073
v -22.740669 17.693642 3.373280
v -24.050934 17.274076 3.983659
v -24.447208 17.112705 5.794346
v -22.870630 16.300806 7.904601
v -20.627203 16.751637 6.783017
v -19.881525 17.547398 5.259626
v 28.777193 21.813650 -4.948115
v 27.897291 21.815666 -2.088435
v 27.168657 20.831303 -4.207891
v 26.900213 20.497465 -2.540340
v 27.728981 21.146984 -1.793981
v 27.707676 21.158079 -0.479162
v 28.681320 22.433920 0.202786
v 30.306898 23.341633 -1.121235
v 30.671215 23.920551 -4.139390
v 22.283398 18.055717 -1.689695
v 23.734276 17.350727 -1.766375
v 23.504181 17.646238 -1.323672
v 23.825888 17.487892 -0.038503
v 25.396072 16.867622 -0.019077
v 26.842690 17.048157 -1.514863
v 26.552940 17.097576 -4.593339
v 23.796061 17.855013 -4.649572
v 22.240788 18.508566 -3.395075
v 29.993713 18.308868 -4.338759
v 29.109552 19.921572 -1.978014
v 28.110344 18.974525 -4.002386
v 27.520191 19.532265 -2.485130
v 28.481052 19.694643 -1.639597
v 28.344700 20.190861 -0.430086
v 29.863752 20.650768 0.289691
v 31.762037 19.713806 -0.568111
v 32.731419 18.764742 -3.350089
v 27.136700 22.354242 -0.566066
v 25.513250 20.570084 1.203725
v 25.410986 21.428375 -1.086473
v 24.707918 20.107149 -0.237873
v 25.285286 19.921572 0.901092
v 24.908186 19.042099 1.802858
v 25.628300 19.323490 3.366123
v 27.528713 20.587229 3.439736
v 28.687712 22.982582 1.858068
v 31.610771 21.525198 0.134284
v 29.230991 20.862568 1.822284
v 29.678398 21.584703 -0.474050
v 28.366005 20.826260 0.341834
v 28.719669 20.409719 1.511471
v 27.910074 19.869127 2.393811
v 28.602491 19.795502 3.992860
v 30.875746 19.926615 4.161558
v 33.157520 21.356768 2.635099
v 20.010143 17.523193 -2.265312
v 21.122271 16.037569 -0.586514
v 19.562737 16.567068 -0.757257
v 20.668472 16.070852 -0.246052
v 20.734518 15.418307 0.875532
v 22.193916 14.431926 1.008446
v 23.674622 14.427892 -0.430085
v 23.966501 15.087496 -3.385873
v 21.465282 16.532778 -3.585243
v 21.360888 18.461163 0.269243
v 22.247179 18.380478 1.616779
v 21.703899 18.194901 1.534986
v 21.109488 17.218605 2.224091
v 21.895645 17.149014 3.717832
v 22.965162 18.679014 4.652315
v 24.742006 20.908962 3.454050
v 23.627750 20.835337 0.821344
v 22.042650 19.994188 -0.274679
v 23.320957 18.260458 -1.648798
v 24.379820 19.479818 -1.634485
v 23.932413 19.392073 -1.276641
v 23.838671 19.852989 -0.028279
v 24.827227 21.221619 0.044312
v 25.419508 22.433920 -1.548602
v 26.079967 21.713800 -4.482919
v 24.658916 19.231710 -4.538129
v 23.320957 18.073872 -3.403254
v 22.948116 15.556481 -0.203110
v 21.825338 16.617496 1.767074
v 21.241579 15.875190 0.406246
v 21.324669 16.609428 1.494090
v 20.306284 17.097576 2.137186
v 20.696169 17.541348 3.801669
v 22.602974 17.397121 4.580746
v 25.172369 15.870147 4.017398
v 24.396864 15.011853 1.362199
v 20.142235 17.281136 -3.004514
v 20.711082 18.544874 -0.918798
v 20.255152 16.975540 -1.192803
v 20.500162 18.123291 -0.599806
v 20.551294 18.293739 0.688431
v 21.422672 19.757175 1.151582
v 22.170481 21.097565 -0.228671
v 22.992859 21.115719 -3.157876
v 21.701769 18.608414 -3.812218
v 24.556652 17.674479 0.205853
v 24.714310 17.979067 1.783432
v 24.345732 18.224150 1.407185
v 23.173952 18.778862 1.722087
v 23.293261 19.250874 3.339540
v 25.040277 19.661362 4.406936
v 27.848289 18.375435 4.236194
v 27.554279 17.298281 1.602466
v 26.267452 17.337616 -0.059973
v 21.322538 12.126335 1.928615
v 20.308414 13.485887 2.504231
v 20.934786 13.313421 1.513516
v 20.455421 13.725926 2.209777
v 20.133713 14.597331 2.187284
v 19.211203 14.801063 3.023616
v 18.761665 13.774338 3.984681
v 18.802145 11.607929 4.179962
v 20.221064 11.309393 2.701557
v 24.920969 10.689122 3.812917
v 23.274086 11.912518 3.211739
v 24.880489 11.527244 2.632033
v 23.853584 11.991186 2.135142
v 23.129211 11.879235 2.695422
v 22.266354 12.215089 2.533881
v 21.539850 12.194918 3.547090
v 21.963821 11.182313 4.756601
v 23.853584 10.405714 5.607246
v 23.299652 11.705761 1.000267
v 22.703108 11.067336 1.755828
v 22.794720 11.470764 1.779343
v 22.296181 12.125326 2.261920
v 21.712421 11.527244 3.135058
v 22.089521 10.212069 3.733169
v 23.018425 8.428917 2.812999
v 23.832279 9.394118 1.203726
v 24.077288 10.772834 0.656737
v 21.993649 14.393600 -0.195953
v 22.238657 13.291233 -0.435197
v 22.215221 13.471767 -0.063040
v 22.012823 13.026988 0.756933
v 22.334530 11.872175 0.601527
v 23.335871 11.338641 -0.368740
v 23.842932 11.998246 -2.418673
v 23.101515 13.896375 -2.242818
v 22.556103 14.858551 -1.225520
v 26.082098 9.691647 1.025827
v 24.554522 10.524726 2.270100
v 25.474901 10.994720 0.856107
v 24.416039 11.349736 1.373446
v 24.139072 10.747620 2.015520
v 23.389133 10.860579 2.571711
v 23.380611 10.074903 3.539933
v 24.292469 8.725436 3.422356
v 26.214190 8.168706 2.476627
v 22.907637 14.681043 0.963459
v 21.642115 14.468234 2.211822
v 21.595243 14.674991 1.046275
v 21.358757 14.606408 1.954175
v 20.489510 14.647759 2.279301
v 20.372330 14.148518 3.433602
v 21.522806 13.634147 4.201432
v 23.534008 12.898899 3.812916
v 23.629881 13.619019 1.874427
v 22.513493 14.091029 -0.046682
v 23.583010 13.662387 -0.124385
v 23.365698 13.745090 0.219145
v 23.487137 13.322498 1.065701
v 24.629089 12.929156 1.085126
v 25.777435 13.449578 0.283557
v 25.843481 14.249374 -1.777622
v 23.857845 14.723402 -1.907468
v 22.611496 14.821234 -1.071136
v -4.940259 31.693602 4.901782
v -4.371412 31.425322 4.335366
v -4.923214 31.708731 4.915073
v -4.328802 31.457596 4.369106
v -4.603638 33.220577 5.052076
v -3.985790 32.684017 4.887468
v -4.592986 33.242764 5.044919
v -3.951702 32.731419 4.865997
v -4.017748 32.884724 5.419121
v -3.994312 32.438934 4.706501
v -3.994312 32.894810 5.418098
v -3.934658 32.456081 4.700367
v -4.213755 31.137878 4.130884
v -3.958094 32.201920 4.519400
v -4.535462 31.145948 4.304694
v -4.279800 32.194862 4.687076
v -4.004965 33.019871 5.118533
v -3.691780 33.011803 4.946768
v -3.412683 31.978018 4.492817
v -4.205233 31.711756 4.406935
v -3.402030 31.965916 4.471347
v -4.186058 31.677464 4.357860
v -3.894178 33.772263 5.348575
v -3.973007 32.984570 5.082748
v -3.875004 33.781342 5.334261
v -3.926136 32.994656 5.042874
v -4.731469 32.021385 4.223924
v -4.450242 31.227642 4.289358
v -4.710164 32.031471 4.212677
v -4.396978 31.249830 4.268910
v -3.387117 32.520630 4.101234
v -4.030531 32.228142 4.557230
v -3.376464 32.497433 4.093055
v -4.009226 32.169647 4.544960
v -6.746931 30.493402 -0.079400
v -4.071011 29.949783 -0.519036
v -6.738409 30.523661 -0.000674
v -4.043314 30.004246 -0.324778
v -6.638275 34.987591 2.408123
v -4.584464 33.222595 2.769034
v -6.602057 35.060207 2.432661
v -4.469416 33.377914 2.834468
v -5.815898 33.378922 4.158490
v -4.166883 32.626530 2.089132
v -5.756244 33.400101 4.214722
v -4.007095 32.661827 2.213866
v -3.167674 29.178228 -0.956628
v -3.621473 32.042568 1.497156
v -4.341585 29.169151 -1.191782
v -4.776209 31.994156 1.231330
v -5.204442 34.067776 3.596164
v -4.053967 34.075844 3.825184
v -2.123724 31.154016 2.331443
v -3.877134 30.712263 0.259018
v -2.051287 31.131828 2.291569
v -3.719476 30.642672 0.148598
v -5.609239 36.163582 5.083770
v -5.036131 33.978012 3.545043
v -5.530410 36.193840 5.097061
v -4.840125 34.026424 3.558335
v -4.918953 32.050636 -0.955605
v -4.120012 29.404148 -0.978098
v -4.844386 32.084927 -0.929023
v -3.947441 29.471722 -0.895283
v -1.407873 33.191326 1.969509
v -3.889917 32.117199 1.465461
v -1.361002 33.123753 1.948039
v -3.796175 31.939692 1.419453
v -1.868063 30.493402 -3.355202
v -4.013487 29.949783 -1.698897
v -1.910673 30.523661 -3.421658
v -4.130665 30.004246 -1.858393
v -3.142108 34.987591 -5.494084
v -5.123483 33.222595 -4.837696
v -3.186849 35.060207 -5.499196
v -5.255574 33.377914 -4.840764
v -4.695250 33.378922 -6.644295
v -5.166093 32.626530 -4.041239
v -4.776209 33.400101 -6.665765
v -5.366361 32.661827 -4.074978
v -4.601508 29.178228 -0.886081
v -5.366361 32.042568 -3.261140
v -3.457424 29.169151 -1.235745
v -4.224407 31.994156 -3.575020
v -4.967955 34.067776 -5.859084
v -6.088603 34.075844 -5.515554
v -7.081421 31.154016 -3.284655
v -4.552506 30.712263 -2.292918
v -7.124032 31.131828 -3.216154
v -4.641987 30.642672 -2.120130
v -5.319489 36.163582 -7.361004
v -5.091525 33.978012 -5.735372
v -5.394057 36.193840 -7.335444
v -5.272618 34.026424 -5.652557
v -3.061149 32.050636 -1.716278
v -3.753565 29.404148 -1.318561
v -3.137847 32.084927 -1.706054
v -3.945311 29.471722 -1.308337
v -7.539481 33.191326 -2.626224
v -5.114961 32.117199 -3.360314
v -7.571438 33.123753 -2.585327
v -5.176745 31.939692 -3.275454
v 4.344504 30.372375 -1.442272
v 1.645148 29.949783 -1.013883
v 4.340243 30.391537 -1.525088
v 1.625973 29.977015 -1.214275
v 4.414811 34.476246 -4.533018
v 2.329041 32.719318 -4.707850
v 4.380723 34.544830 -4.567780
v 2.218255 32.866570 -4.797822
v 3.603086 32.655777 -6.065610
v 1.879504 32.233185 -3.964558
v 3.545563 32.669895 -6.126955
v 1.721846 32.254368 -4.097471
v 0.711984 29.264965 -0.500633
v 1.302136 31.749073 -3.314305
v 1.879504 29.264965 -0.230716
v 2.448350 31.714781 -3.008605
v 2.991630 33.429352 -5.623930
v 1.849677 33.427334 -5.886689
v -0.191352 30.782862 -4.061687
v 1.491751 30.600311 -1.895200
v -0.265920 30.767735 -4.021813
v 1.327702 30.549883 -1.781713
v 3.488039 35.287136 -7.376341
v 2.821189 33.350681 -5.566674
v 3.411340 35.317394 -7.395766
v 2.625182 33.401112 -5.592235
v 2.531440 32.073833 -0.847230
v 1.668583 29.472731 -0.482229
v 2.459002 32.105099 -0.880969
v 1.498143 29.532236 -0.578336
v -0.868854 32.864552 -4.008522
v 1.570580 31.822699 -3.284655
v -0.917856 32.802021 -3.979894
v 1.472576 31.654266 -3.218199
v 1.704802 30.372375 2.769034
v 2.028640 29.949783 0.055558
v 1.785761 30.391537 2.787438
v 2.228908 29.977015 0.091343
v 4.659820 34.476246 3.680001
v 5.396976 32.719318 1.720042
v 4.702430 34.544830 3.657508
v 5.514154 32.866570 1.639271
v 6.355705 32.655777 3.317046
v 4.804694 32.233185 1.085125
v 6.430273 32.669895 3.278194
v 4.975135 32.254368 0.970615
v 1.790022 29.264965 -0.982188
v 4.335982 31.749073 0.353079
v 1.212654 29.264965 0.066805
v 3.728786 31.714781 1.372422
v 6.097914 33.429352 2.608516
v 6.662499 33.427334 1.580994
v 5.463022 30.782862 -0.880969
v 2.919193 30.600311 0.148598
v 5.445978 30.767735 -0.962762
v 2.855278 30.549883 -0.039526
v 7.648925 35.287136 3.563447
v 6.089392 33.350681 2.428571
v 7.687274 35.317394 3.494945
v 6.168221 33.401112 2.246583
v 1.628104 32.073833 0.862240
v 1.510926 29.472731 -0.067131
v 1.679236 32.105099 0.802940
v 1.651539 29.532236 -0.204134
v 5.597244 32.864552 -1.545536
v 4.233717 31.822699 0.603570
v 5.582330 32.802021 -1.601769
v 4.197499 31.654266 0.490082
v 28.331917 14.774839 -2.776516
v 26.859734 13.993197 -1.673336
v 28.302090 14.783916 -2.829682
v 26.770252 14.007318 -1.790913
v 23.708710 13.857040 -1.832832
v 22.999250 14.632631 -0.119273
v 23.681013 13.896375 -1.872706
v 22.918289 14.728445 -0.202088
v 28.206217 13.078424 -2.828659
v 26.859734 13.993197 -1.672313
v 28.178520 13.080441 -2.882847
v 26.772383 14.009335 -1.791935
v 26.631769 14.809131 0.089299
v 24.748398 14.260468 -0.287970
v 26.642422 14.845439 0.041246
v 24.754789 14.341154 -0.412704
v 19.850355 15.004793 0.530980
v 23.116428 14.701214 -0.616164
v 20.071928 14.867628 1.206793
v 23.397655 14.499500 0.423627
v 27.594759 13.627087 -0.141766
v 27.017391 14.015387 -2.119107
v 29.171337 13.293250 0.011596
v 27.243225 13.704746 -0.313531
v 29.194773 13.312413 -0.040547
v 27.281574 13.757193 -0.447466
v 21.584591 14.127337 -0.572200
v 20.291370 14.837371 0.809076
v 21.580330 14.172723 -0.613097
v 20.261543 14.944280 0.709902
v 23.623489 14.919065 0.972661
v 21.695377 14.740548 0.433851
v 23.644794 14.948314 0.921541
v 21.731596 14.803080 0.301960
v 25.127628 14.932177 -1.855325
v 24.051722 14.478320 -0.218446
v 25.087149 14.913013 -1.898266
v 23.947327 14.418815 -0.309441
v 22.609365 13.986137 1.154650
v 20.830391 14.861576 0.760000
v 22.611496 13.948821 1.104552
v 20.821869 14.765762 0.645490
v 22.466621 15.945789 -0.800198
v 21.407759 14.768788 0.456344
v 22.432533 15.934695 -0.851318
v 21.333191 14.726428 0.334677
v 25.036016 13.595821 0.718081
v 23.512703 14.573126 -0.159147
v 25.046669 13.553461 0.674118
v 23.519094 14.472268 -0.270589
v -14.574425 17.415276 -2.471838
v -17.235432 17.014874 -1.831810
v -14.585077 17.429396 -2.554654
v -17.267389 17.027985 -2.032202
v -14.746996 21.298271 -5.833522
v -16.826374 19.526213 -5.744573
v -14.783215 21.363827 -5.871352
v -16.943552 19.666405 -5.836590
v -15.648202 19.372910 -7.179014
v -17.220518 19.090511 -4.940958
v -15.709987 19.382996 -7.237291
v -17.386698 19.101604 -5.063648
v -18.125984 16.363337 -1.210184
v -17.746754 18.649765 -4.221182
v -16.943552 16.386534 -1.021038
v -16.583496 18.640688 -3.993185
v -16.231962 20.172707 -6.750624
v -17.390959 20.149509 -6.934658
v -19.282852 17.630100 -4.796799
v -17.452744 17.601862 -2.743799
v -19.353159 17.616989 -4.750790
v -17.608271 17.559502 -2.614976
v -15.871905 21.907446 -8.655375
v -16.400272 20.098072 -6.677011
v -15.950734 21.936695 -8.671733
v -16.596279 20.145475 -6.692347
v -16.355532 19.147999 -1.871684
v -17.171516 16.575136 -1.271529
v -16.430099 19.177248 -1.902356
v -17.348349 16.627583 -1.359456
v -19.968876 19.708763 -4.840763
v -17.478310 18.726418 -4.215047
v -20.015747 19.647242 -4.803956
v -17.569921 18.563028 -4.130188
v -31.375628 12.288714 1.233376
v -29.615826 12.448069 -0.134609
v -31.345800 12.266526 1.291653
v -29.519953 12.394614 -0.008852
v -26.100485 12.550942 0.223235
v -25.393154 14.436969 -0.776682
v -26.077049 12.563046 0.287647
v -25.318586 14.479328 -0.631500
v -31.000656 10.730474 0.205854
v -29.613695 12.449077 -0.134609
v -30.970829 10.700216 0.260042
v -29.522083 12.395623 -0.006807
v -29.447515 14.353257 -1.197915
v -27.285048 13.807621 -1.027173
v -29.464560 14.353257 -1.131459
v -27.304222 13.800561 -0.861542
v -21.939598 15.525215 -0.832915
v -25.542290 14.165663 -0.290015
v -22.154779 15.815683 -1.558826
v -25.806473 14.626579 -1.394218
v -30.352982 13.031022 -1.834877
v -29.801180 12.162643 0.272311
v -32.053127 12.662894 -2.339947
v -29.978012 13.026988 -1.595633
v -32.085087 12.642722 -2.281670
v -30.029144 12.983619 -1.443293
v -23.761185 13.834852 -0.552774
v -22.401918 15.507061 -1.235744
v -23.761185 13.849980 -0.485295
v -22.384874 15.543370 -1.074204
v -26.109007 15.338630 -1.647776
v -23.952930 15.028999 -1.088517
v -26.136703 15.330562 -1.585409
v -24.004063 14.997733 -0.931066
v -27.828327 13.363850 0.797829
v -26.541500 14.123303 -0.884035
v -27.781456 13.322498 0.828501
v -26.420061 14.021438 -0.828825
v -24.847744 14.716342 -2.316432
v -23.004852 15.441504 -1.226543
v -24.845613 14.650785 -2.294961
v -22.983547 15.282150 -1.182579
v -24.996880 15.242816 0.736484
v -23.635485 15.100608 -1.063980
v -24.960661 15.203482 0.779426
v -23.548134 14.990673 -0.972985
v -27.493837 13.826784 -2.398224
v -25.957739 14.303838 -0.826780
v -27.500229 13.759210 -2.385956
v -25.951347 14.139441 -0.789974
v 13.239383 18.741545 10.835851
v 11.349621 18.049665 8.986311
v 13.309690 18.740538 10.787797
v 11.496626 18.039581 8.846241
v 11.093960 17.922586 4.673785
v 8.933622 19.462673 3.949919
v 11.155745 17.963938 4.629821
v 9.059322 19.570589 3.828252
v 12.813281 16.460159 10.654884
v 11.347490 18.051683 8.984266
v 12.883588 16.448057 10.607853
v 11.500887 18.041597 8.849308
v 9.199936 19.644215 8.923943
v 9.291548 18.862574 6.306574
v 9.276634 19.678507 8.932122
v 9.481164 18.936199 6.296350
v 7.744798 20.242298 -0.245030
v 9.630300 19.412245 4.040913
v 6.835070 20.241289 0.150643
v 8.228424 19.424347 4.566432
v 9.306461 17.966963 10.197866
v 11.971729 17.949818 9.137628
v 9.221241 17.512098 12.364353
v 9.508861 18.033529 9.696886
v 9.300070 17.522184 12.390936
v 9.706998 18.064795 9.729603
v 9.202066 18.704227 1.960309
v 7.384742 20.081934 0.394999
v 9.268112 18.753649 1.947018
v 7.544530 20.198929 0.340811
v 7.644664 20.132364 4.953926
v 8.049460 19.803570 2.253741
v 7.723493 20.157578 4.975396
v 8.247599 19.848955 2.284413
v 11.620195 19.311388 6.605117
v 9.165848 19.196411 5.368001
v 11.667067 19.275080 6.543773
v 9.255329 19.093536 5.213617
v 7.001250 18.966455 3.594120
v 7.531747 20.084961 1.120910
v 7.056643 18.902916 3.590030
v 7.655316 19.924599 1.093305
v 10.137361 21.047136 3.131990
v 7.987676 19.857023 1.864202
v 10.199145 21.018896 3.079848
v 8.128289 19.768270 1.744580
v 7.802321 18.246338 6.835160
v 9.040148 19.355764 4.644135
v 7.851324 18.176746 6.843339
v 9.161587 19.189350 4.635956
v 28.372396 18.740538 5.813772
v 26.250408 17.407207 5.696195
v 28.404354 18.722382 5.745271
v 26.303671 17.346693 5.527497
v 24.141203 15.613970 2.854918
v 21.806164 16.568077 2.956136
v 24.158247 15.633133 2.781304
v 21.823208 16.613462 2.773125
v 28.489574 16.766766 6.622499
v 26.248278 17.407207 5.695173
v 28.523663 16.739534 6.559109
v 26.305801 17.349718 5.526475
v 24.209379 18.664894 6.235005
v 23.280478 16.995710 4.609373
v 24.264772 18.698177 6.192064
v 23.404047 17.057234 4.482594
v 18.825581 15.556481 0.383753
v 22.392054 16.575136 2.683153
v 18.307867 15.691629 1.118866
v 21.552633 16.762732 3.755661
v 25.251198 17.770292 7.600945
v 26.817123 17.395103 5.519318
v 26.267452 18.236252 9.299169
v 25.165977 17.634136 7.127569
v 26.337759 18.256424 9.274631
v 25.325766 17.677504 7.039642
v 21.288450 15.167173 1.670967
v 18.876713 15.665407 1.061611
v 21.322538 15.205499 1.612690
v 18.947020 15.744075 0.907227
v 21.118010 17.490919 4.096123
v 20.287109 16.171709 2.110603
v 21.181925 17.521175 4.063406
v 20.442638 16.226171 2.017564
v 25.095671 17.531261 3.499036
v 22.686064 16.904940 3.913112
v 25.112715 17.477808 3.444848
v 22.707369 16.761723 3.791445
v 20.280718 15.979072 3.840521
v 19.315598 15.953857 1.494090
v 20.336111 15.925618 3.830297
v 19.434906 15.812658 1.462395
v 21.995779 17.588749 1.276317
v 20.052753 16.062784 1.853979
v 22.025606 17.546391 1.218039
v 20.125191 15.945789 1.727200
v 22.519884 16.660866 5.925215
v 22.225874 16.752645 3.420311
v 22.577408 16.607410 5.928282
v 22.353704 16.613462 3.405997
v 24.916708 17.345684 -6.405050
v 24.345732 16.049671 -4.996169
v 24.861315 17.360813 -6.429587
v 24.205118 16.069843 -5.039110
v 21.642115 15.292236 -3.547414
v 21.955299 15.505044 -1.573140
v 21.595243 15.332579 -3.553548
v 21.835991 15.597833 -1.569050
v 24.880489 15.715835 -6.889671
v 24.345732 16.049671 -4.994124
v 24.825096 15.723903 -6.918299
v 24.205118 16.072868 -5.041155
v 25.082888 16.391577 -3.216153
v 23.338001 15.555472 -2.718239
v 25.063713 16.438980 -3.250915
v 23.269825 15.661372 -2.796965
v 19.673523 15.054214 0.678207
v 21.774206 15.704741 -2.011754
v 20.238108 14.821234 1.067745
v 22.592321 15.342665 -1.379904
v 25.822176 15.519164 -4.250831
v 24.228554 16.201965 -5.428648
v 27.236834 15.497984 -5.036042
v 25.430161 15.556481 -4.185397
v 27.228312 15.533284 -5.086140
v 25.385420 15.644227 -4.296840
v 20.557686 14.825268 -1.361501
v 20.204020 14.926125 0.626064
v 20.527859 14.876705 -1.377859
v 20.118799 15.043119 0.593347
v 23.061035 15.669441 -0.930044
v 21.169142 15.211551 -0.425996
v 23.050383 15.712810 -0.972985
v 21.124401 15.308373 -0.532326
v 22.749979 16.620523 -3.971714
v 22.784067 15.601867 -2.238729
v 22.694586 16.602367 -3.992162
v 22.651976 15.543370 -2.276558
v 22.370749 14.526731 -0.540506
v 20.623732 15.073377 0.316274
v 22.347313 14.502525 -0.592649
v 20.557686 15.005802 0.200742
v 21.060486 16.792988 -1.453518
v 20.941177 15.173224 -0.251164
v 21.007223 16.786936 -1.481123
v 20.813347 15.142967 -0.322732
v 24.168900 14.761728 -2.254065
v 22.364357 15.564549 -1.887020
v 24.156116 14.733488 -2.307230
v 22.313225 15.494959 -2.009709
v -7.119771 29.368847 5.346530
v -6.335742 29.468697 5.643029
v -7.126162 29.349684 5.361866
v -6.346395 29.418268 5.677791
v -7.961322 29.097542 6.643968
v -7.168772 28.838339 6.614318
v -7.965583 29.097542 6.669528
v -7.168772 28.835314 6.676685
v -7.571438 28.439955 6.558086
v -6.932285 28.979540 6.486517
v -7.562916 28.426844 6.578534
v -6.902458 28.949282 6.533548
v -5.958642 29.528202 5.579639
v -6.668102 29.098551 6.391433
v -6.239870 29.583673 5.353687
v -6.938677 29.159065 6.157301
v -7.505393 28.676968 6.778926
v -7.228426 28.623514 6.999767
v -6.184476 28.783876 6.513100
v -6.450790 29.321445 5.925214
v -6.158910 28.793962 6.517190
v -6.393267 29.348677 5.926236
v -8.029498 28.451048 7.333073
v -7.445738 28.684029 6.781993
v -8.014585 28.451048 7.355566
v -7.405259 28.687054 6.829024
v -6.876892 29.795473 5.954864
v -6.233478 29.547365 5.466152
v -6.866240 29.791439 5.978379
v -6.205781 29.532236 5.519317
v -6.325090 29.097542 7.087694
v -6.746931 29.112671 6.359738
v -6.301654 29.097542 7.077470
v -6.691538 29.108637 6.330088
v 7.099253 29.164108 -10.343373
v 6.950118 27.565525 -8.131901
v 7.028946 29.140911 -10.385292
v 6.775416 27.487864 -8.205514
v 3.897097 25.216564 -6.171941
v 3.745831 26.101080 -3.572974
v 3.816138 25.230684 -6.195456
v 3.543432 26.134363 -3.602624
v 8.175161 27.108643 -10.528430
v 6.947987 27.565525 -8.128834
v 8.111245 27.076368 -10.572393
v 6.775416 27.491899 -8.208581
v 7.265433 28.840357 -5.798761
v 5.599374 26.818174 -5.018662
v 7.218562 28.876665 -5.860106
v 5.465152 26.880705 -5.158732
v 0.844076 24.564020 -0.598784
v 3.490170 26.124277 -4.229362
v 1.591885 24.744555 0.027954
v 4.574599 26.369360 -3.223310
v 8.903795 28.068800 -6.878426
v 6.798851 27.574602 -8.761705
v 10.772253 28.800014 -7.820066
v 8.398865 27.871120 -6.829350
v 10.746687 28.825228 -7.897769
v 8.311514 27.920542 -7.006227
v 2.452611 24.428871 -3.195705
v 1.572710 24.749598 -0.594694
v 2.388696 24.467197 -3.235579
v 1.402270 24.824230 -0.678532
v 4.840913 27.161087 -2.681433
v 2.759404 25.490896 -2.013799
v 4.806825 27.195379 -2.751980
v 2.665662 25.551411 -2.185564
v 4.474465 27.418274 -7.039967
v 4.811086 26.614443 -4.431799
v 4.423333 27.355742 -7.065527
v 4.696038 26.449038 -4.474740
v 4.651298 25.442484 -1.883953
v 2.043553 25.130836 -1.020017
v 4.649167 25.387012 -1.949387
v 2.030770 24.983585 -1.160087
v 1.841155 27.064264 -3.844936
v 2.473916 25.332550 -1.784779
v 1.783631 27.014845 -3.884810
v 2.354608 25.199419 -1.881908
v 7.003380 26.525688 -4.111784
v 4.259284 26.372385 -3.979894
v 7.016163 26.472235 -4.176197
v 4.267806 26.229170 -4.128143
v -28.390781 20.667913 -7.473468
v -27.120998 18.914011 -6.915232
v -28.431261 20.671947 -7.417235
v -27.204088 18.904934 -6.772095
v -26.351885 17.156073 -3.947176
v -24.112719 17.183304 -3.728380
v -26.368929 17.186331 -3.887876
v -24.134024 17.250879 -3.575019
v -29.049110 18.974525 -8.039884
v -27.118868 18.914011 -6.914210
v -29.093851 18.972507 -7.987741
v -27.206219 18.907959 -6.772095
v -24.967052 19.225658 -7.150387
v -24.969183 17.779369 -5.446029
v -25.005402 19.276087 -7.124826
v -25.065056 17.886278 -5.361169
v -22.338003 15.753153 -0.914708
v -24.621910 17.413260 -3.587288
v -21.779810 15.599850 -1.481123
v -23.742010 17.155066 -4.399081
v -25.949217 18.636654 -8.440667
v -27.608885 19.108665 -6.852865
v -26.413670 19.112700 -10.126622
v -25.983305 18.562019 -8.003076
v -26.466932 19.155060 -10.118443
v -26.109007 18.659851 -7.956046
v -24.319378 16.042612 -2.410494
v -22.259174 15.767272 -1.522019
v -24.342813 16.092031 -2.367552
v -22.308176 15.875190 -1.405465
v -23.102856 17.568579 -4.683311
v -23.111378 16.489408 -2.710060
v -23.147596 17.617998 -4.667975
v -23.230686 16.596317 -2.658939
v -26.405148 18.946285 -4.819292
v -24.600605 17.609930 -4.733409
v -26.443497 18.915020 -4.770216
v -24.681564 17.516132 -4.619922
v -22.957981 16.095058 -4.201756
v -22.467964 16.084972 -1.994373
v -23.021896 16.069843 -4.197667
v -22.614969 16.011347 -1.974947
v -24.131893 18.309877 -2.375732
v -22.987808 16.360312 -2.438099
v -24.176634 18.291723 -2.326656
v -23.102856 16.304840 -2.330746
v -24.300203 17.084465 -6.442879
v -24.336422 17.405190 -4.217093
v -24.364119 17.058243 -6.450036
v -24.487688 17.333582 -4.214025
v 21.535589 22.268515 -8.735123
v 21.211752 20.557980 -6.627935
v 21.469543 22.246326 -8.783175
v 21.047703 20.482338 -6.720974
v 18.035162 18.071856 -5.075917
v 17.630363 18.823240 -2.461614
v 17.956333 18.086983 -5.105567
v 17.432226 18.854506 -2.508645
v 22.660498 20.239271 -8.920178
v 21.211752 20.557980 -6.624868
v 22.600843 20.208006 -8.972322
v 21.047703 20.486372 -6.724041
v 21.290581 21.716827 -4.216070
v 19.596825 19.636147 -3.692596
v 21.250101 21.755152 -4.278437
v 19.475386 19.703722 -3.840845
v 14.498514 17.098585 0.152688
v 17.438618 18.874676 -3.136405
v 15.180278 17.256929 0.854061
v 18.418653 19.083450 -2.024023
v 23.035469 21.021921 -5.175090
v 21.120140 20.597315 -7.267964
v 24.967840 21.824743 -5.905091
v 22.532667 20.816174 -5.183270
v 24.950796 21.852983 -5.982794
v 22.460230 20.872654 -5.365259
v 16.341406 17.116739 -2.287804
v 15.218627 17.293240 0.233459
v 16.277491 17.155066 -2.331768
v 15.056708 17.369890 0.138374
v 18.621052 19.849964 -1.421824
v 16.518238 18.121275 -1.031263
v 18.593355 19.887281 -1.493392
v 16.439409 18.188848 -1.208140
v 18.650879 20.322983 -5.777290
v 18.761665 19.392073 -3.191615
v 18.601877 20.261459 -5.811029
v 18.653009 19.228685 -3.252960
v 18.390957 18.091017 -0.730674
v 15.721427 17.701710 -0.127452
v 18.395218 18.038572 -0.798153
v 15.723557 17.561518 -0.274679
v 15.742732 19.772305 -2.860354
v 16.215706 17.947802 -0.838027
v 15.689469 19.724901 -2.908407
v 16.109180 17.817696 -0.951515
v 20.917742 19.316431 -2.676320
v 18.175776 19.120768 -2.805144
v 20.936916 19.266001 -2.741755
v 18.199211 18.985619 -2.958506
v -29.125809 19.742046 4.939611
v -28.467480 18.781889 3.032817
v -29.102373 19.696661 4.986642
v -28.401434 18.657833 3.122789
v -26.166531 16.266514 2.097312
v -24.766785 17.182297 0.593347
v -26.119659 16.248360 2.145365
v -24.638954 17.134893 0.691498
v -30.393461 18.566053 4.142132
v -28.465349 18.781889 3.030772
v -30.376417 18.515625 4.186096
v -28.401434 18.659851 3.125856
v -27.400095 20.107149 1.656653
v -26.437105 18.155565 1.145448
v -27.385181 20.111183 1.724132
v -26.392365 18.139429 1.304944
v -21.952381 15.438478 -0.875856
v -24.871180 17.034037 1.140336
v -22.141996 15.896369 -1.517930
v -25.107666 17.698685 0.138374
v -29.117287 19.956873 1.628026
v -28.631531 18.661869 3.521529
v -30.580946 21.005785 1.832507
v -28.808363 19.648251 1.714931
v -30.591599 21.006794 1.901009
v -28.812624 19.634130 1.881583
v -24.142546 15.564549 0.326498
v -22.389135 15.818709 -1.079316
v -24.106327 15.565558 0.386820
v -22.295393 15.807615 -0.942313
v -24.873310 18.435949 -0.114161
v -23.601397 16.591274 -0.309441
v -24.871180 18.441999 -0.045659
v -23.597136 16.583206 -0.140743
v -26.405148 17.977049 3.091094
v -25.714861 17.812653 0.956302
v -26.394495 17.910484 3.110520
v -25.695686 17.647247 0.981863
v -24.809395 17.203476 -1.063980
v -22.791801 16.205999 -0.845184
v -24.847744 17.154057 -1.033307
v -22.877022 16.076904 -0.784862
v -23.398996 17.220621 1.697550
v -23.352125 16.406706 -0.411682
v -23.390474 17.161116 1.731289
v -23.345734 16.256430 -0.339091
v -27.052822 18.518652 -0.042592
v -25.216322 17.505039 0.770224
v -27.099693 18.475283 -0.018054
v -25.318586 17.384010 0.830546
v 21.452499 22.872648 9.464798
v 19.628782 21.035034 8.587570
v 21.518545 22.852476 9.416744
v 19.769396 20.964434 8.458746
v 19.211203 18.434940 5.160452
v 16.790943 19.021927 3.995927
v 19.262335 18.451077 5.093996
v 16.891077 19.055210 3.819050
v 21.414150 20.867611 10.646704
v 19.626652 21.035034 8.585526
v 21.482327 20.839371 10.605807
v 19.773657 20.968468 8.459769
v 17.238350 22.046629 7.932206
v 17.347006 19.924599 6.213534
v 17.308657 22.088989 7.910735
v 17.521708 20.000240 6.138898
v 15.301717 17.117748 0.284579
v 17.487619 19.113708 4.006151
v 14.423946 17.238775 0.729327
v 16.128355 19.262976 4.616530
v 17.685757 21.426359 9.898299
v 20.265804 21.112694 8.684699
v 17.775238 22.286669 11.936985
v 17.851938 21.216576 9.423902
v 17.851938 22.319952 11.943120
v 18.043684 21.284151 9.406521
v 17.095606 17.298281 2.754722
v 15.005576 17.312401 0.945056
v 17.153130 17.339634 2.706668
v 15.137668 17.394096 0.815210
v 15.450852 19.992172 4.615508
v 15.787473 18.226166 2.534903
v 15.525420 20.034533 4.609373
v 15.977089 18.303825 2.507298
v 19.575520 20.728428 5.896587
v 17.125433 19.644215 5.275985
v 19.626652 20.668922 5.861825
v 17.225567 19.482843 5.194192
v 14.956574 18.192883 4.239261
v 15.180278 17.747095 1.519650
v 15.022620 18.145481 4.264821
v 15.327283 17.615982 1.568726
v 17.668713 19.979061 2.281346
v 15.700122 18.039581 2.193419
v 17.732628 19.933676 2.246584
v 15.847127 17.915527 2.126962
v 16.011177 19.555462 7.188914
v 16.944340 19.344669 4.610395
v 16.070831 19.509068 7.227765
v 17.091345 19.219608 4.680942
v 13.544046 26.132347 -9.104213
v 13.034854 23.968964 -7.513342
v 13.467348 26.146465 -9.136930
v 12.840978 23.976023 -7.573665
v 9.528035 22.062767 -5.854993
v 9.875308 21.971994 -3.128226
v 9.455598 22.108152 -5.857038
v 9.696345 22.069826 -3.108800
v 13.855101 24.059734 -10.116399
v 13.032723 23.968964 -7.510275
v 13.780533 24.065786 -10.156273
v 12.840978 23.981066 -7.575710
v 13.931799 24.184797 -5.000259
v 11.750156 22.588232 -4.595385
v 13.895580 24.251364 -5.037066
v 11.632978 22.732456 -4.681267
v 6.860636 20.384506 -0.300240
v 9.596211 22.297764 -3.686462
v 7.668099 20.107149 0.202786
v 10.770123 21.847940 -2.872623
v 15.133407 23.408199 -6.550232
v 12.849500 24.244303 -8.069533
v 17.061518 23.856005 -7.546060
v 14.596519 23.360796 -6.472529
v 17.040213 23.912483 -7.605360
v 14.517689 23.492918 -6.606465
v 8.132550 20.722376 -3.059724
v 7.604184 20.338112 -0.372831
v 8.079288 20.788942 -3.073016
v 7.463571 20.484354 -0.395324
v 11.326185 22.282635 -2.170228
v 8.863316 21.159088 -1.683560
v 11.300619 22.347183 -2.218281
v 8.780226 21.301296 -1.807272
v 10.742426 24.162609 -6.084013
v 10.985304 22.425852 -3.965580
v 10.669988 24.132353 -6.117753
v 10.816994 22.327011 -4.036126
v 10.633769 20.525705 -1.927916
v 8.143204 20.693129 -0.736809
v 10.608203 20.499483 -2.005620
v 8.072896 20.614460 -0.911641
v 8.386082 23.472748 -2.729486
v 8.558653 21.019905 -1.466810
v 8.313644 23.459637 -2.771405
v 8.394604 20.969477 -1.576207
v 13.039115 21.602858 -4.101560
v 10.420718 22.209009 -3.518786
v 13.026332 21.573610 -4.180285
v 10.367455 22.131350 -3.702820
v 9.199936 30.295723 7.521196
v 7.557313 28.234205 6.798353
v 9.248938 30.300766 7.452694
v 7.659577 28.220087 6.622498
v 6.543190 26.180758 3.131990
v 3.811877 26.342129 2.848783
v 6.566626 26.219084 3.059399
v 3.843834 26.425840 2.662704
v 9.907266 28.181761 8.187808
v 7.555182 28.234205 6.796308
v 9.962659 28.177727 8.124418
v 7.661708 28.224121 6.623520
v 4.941047 28.728405 7.076447
v 4.877131 26.992657 4.966194
v 4.992179 28.788919 7.045775
v 5.000701 27.118729 4.864975
v 1.587624 24.742537 -0.630478
v 4.448899 26.597298 2.684175
v 0.890947 24.576122 0.056581
v 3.353817 26.314898 3.666711
v 6.097914 27.932644 8.650959
v 8.164509 28.446007 6.728828
v 6.677413 28.459118 10.723385
v 6.138393 27.846916 8.114194
v 6.745589 28.507528 10.714183
v 6.300312 27.960884 8.060006
v 4.012145 24.960388 1.219061
v 1.487490 24.753632 0.112814
v 4.044102 25.020903 1.166918
v 1.555666 24.884745 -0.027257
v 2.591094 26.851458 4.016375
v 2.557006 25.567547 1.584062
v 2.650748 26.909954 3.998994
v 2.710403 25.691601 1.523739
v 6.702979 28.350191 4.231081
v 4.421202 26.818174 4.089989
v 6.747719 28.310858 4.170759
v 4.517075 26.701180 3.949918
v 2.337564 25.067297 3.400884
v 1.753804 25.121759 0.697632
v 2.414262 25.034014 3.394750
v 1.932767 25.023928 0.674117
v 3.907749 27.740007 1.215994
v 2.401479 25.421305 1.248711
v 3.963143 27.717819 1.155671
v 2.539962 25.348688 1.116820
v 4.014275 26.162603 6.167526
v 4.093104 26.592255 3.452005
v 4.090973 26.126295 6.176727
v 4.276328 26.495432 3.448937
v -11.815414 28.061741 7.547779
v -10.588241 27.059221 5.319948
v -11.766413 28.028458 7.608101
v -10.454019 26.964417 5.442637
v -6.776758 25.239761 4.400801
v -5.632674 26.739506 2.399945
v -6.714973 25.246822 4.459078
v -5.466495 26.761694 2.520589
v -12.659097 26.034515 6.775859
v -10.586110 27.060230 5.318925
v -12.616487 25.991146 6.835159
v -10.456149 26.966434 5.445704
v -10.015134 28.874647 3.437691
v -7.984757 27.092505 3.019525
v -10.002351 28.893810 3.519484
v -7.929364 27.117720 3.214805
v -1.610272 25.958872 0.713991
v -5.681676 26.596289 3.088027
v -2.036374 26.295734 -0.115184
v -6.259044 27.093513 1.796723
v -11.870808 27.874147 3.493923
v -10.720332 26.910963 5.937483
v -14.022623 28.367338 3.672845
v -11.376530 27.690586 3.624792
v -14.037537 28.371372 3.755660
v -11.376530 27.693613 3.829274
v -4.143448 25.200428 2.251695
v -2.283513 26.146465 0.437940
v -4.105099 25.226650 2.322242
v -2.172726 26.196896 0.601525
v -6.348526 27.996183 1.388781
v -4.026270 26.524679 1.328459
v -6.350656 28.011312 1.471596
v -4.017748 26.539808 1.532941
v -7.882493 27.163105 5.406853
v -7.006854 27.032999 2.802774
v -7.839883 27.096539 5.437525
v -6.902458 26.861542 2.853894
v -5.671023 26.526697 0.384775
v -2.924796 26.415754 0.690475
v -5.690198 26.457106 0.429761
v -2.958884 26.237238 0.784537
v -4.126404 27.586704 3.681024
v -3.655561 26.425840 1.215994
v -4.085924 27.528208 3.730100
v -3.576732 26.270521 1.322325
v -8.836962 27.047119 1.555434
v -6.295263 26.905920 2.593180
v -8.871050 26.978537 1.593263
v -6.350656 26.730429 2.686219
v -31.539677 18.615475 -3.589333
v -29.754309 17.293240 -3.821419
v -31.552460 18.609423 -3.521853
v -29.760700 17.261972 -3.657834
v -27.338310 15.860061 -1.676403
v -25.320717 16.513615 -2.427875
v -27.334049 15.886284 -1.611991
v -25.288759 16.574129 -2.273491
v -31.923168 16.798031 -4.005454
v -29.752178 17.293240 -3.821419
v -31.938082 16.783911 -3.938997
v -29.762831 17.264999 -3.656811
v -28.081858 18.187840 -4.914376
v -26.965471 16.823246 -3.542301
v -28.118076 18.226166 -4.869390
v -27.037909 16.899897 -3.413478
v -22.188868 15.674484 -0.813489
v -25.757471 16.594299 -2.059807
v -21.918293 15.674484 -1.577229
v -25.288759 16.579172 -3.191615
v -29.343121 17.331564 -5.721057
v -30.197454 17.344675 -3.536167
v -30.604382 17.635143 -6.984756
v -29.162027 17.255922 -5.321295
v -30.657644 17.661367 -6.949994
v -29.274944 17.315428 -5.214964
v -24.628302 15.378973 -1.282775
v -22.393396 15.701715 -1.391151
v -24.641085 15.421333 -1.228588
v -22.412571 15.792486 -1.253125
v -24.967052 17.151030 -3.674192
v -23.831491 16.140444 -2.015843
v -25.013924 17.186331 -3.635341
v -23.940147 16.210035 -1.907468
v -28.226732 17.552441 -2.238729
v -26.290100 16.772818 -3.078127
v -28.228863 17.512098 -2.181474
v -26.285839 16.661875 -2.951349
v -24.255463 15.783409 -3.465621
v -22.859978 15.941755 -1.691739
v -24.302334 15.742058 -3.435971
v -22.960112 15.829803 -1.620171
v -25.030968 17.608921 -1.081361
v -23.573700 16.054714 -1.838966
v -25.043751 17.579672 -1.020016
v -23.612049 15.971004 -1.699919
v -26.648026 16.328037 -4.797821
v -25.785168 16.656832 -2.747889
v -26.699158 16.284668 -4.780440
v -25.895954 16.545889 -2.688589
v -13.999187 33.889259 5.879206
v -12.985065 31.996172 4.188139
v -13.937403 33.894302 5.936460
v -12.821015 31.986086 4.307761
v -9.109667 30.245295 3.419287
v -8.577039 30.617456 0.746707
v -9.043621 30.285637 3.450982
v -8.400207 30.709236 0.801917
v -14.589338 31.692593 6.377119
v -12.985065 31.996172 4.186095
v -14.531815 31.688559 6.439486
v -12.823146 31.990120 4.309806
v -13.042588 32.657795 1.595307
v -10.824727 31.061228 1.632114
v -13.021283 32.716290 1.652562
v -10.745898 31.184273 1.774229
v -4.799645 29.392044 -1.216320
v -8.491818 30.835308 1.411274
v -5.402579 29.234707 -1.986194
v -9.341892 30.574089 0.205852
v -14.663906 31.688559 2.533880
v -12.989326 32.168636 4.812832
v -16.813591 32.046600 2.934665
v -14.131279 31.633087 2.622830
v -16.815722 32.090977 3.006233
v -14.099321 31.737978 2.794595
v -6.885414 29.324471 1.019691
v -5.528279 29.365822 -1.390129
v -6.840673 29.385994 1.058542
v -5.404710 29.498953 -1.300157
v -9.652946 31.139896 -0.551753
v -7.147467 30.011307 -0.421907
v -9.644424 31.195368 -0.487342
v -7.111248 30.127293 -0.256277
v -10.362407 32.326984 3.606388
v -9.897956 30.972473 1.257912
v -10.302752 32.288658 3.654441
v -9.761602 30.857496 1.359131
v -8.896616 29.419275 -0.856431
v -6.161041 29.677469 -1.159065
v -8.896616 29.380951 -0.780773
v -6.146127 29.568544 -0.987300
v -7.057986 32.100056 1.095349
v -6.789541 29.896330 -0.552776
v -7.000462 32.077866 1.155671
v -6.668102 29.822704 -0.407593
v -11.879330 30.224115 0.600503
v -9.218323 30.809086 0.980839
v -11.894243 30.181755 0.673094
v -9.226845 30.701168 1.155671
v -16.415186 29.195374 -6.933637
v -14.046059 28.023415 -6.236352
v -16.440752 29.222605 -6.859001
v -14.082277 28.076870 -6.043117
v -11.380791 28.141418 -2.835817
v -8.903008 28.868597 -3.781546
v -11.393574 28.203949 -2.780607
v -8.905138 29.022907 -3.645566
v -16.543016 26.932142 -6.408117
v -14.043928 28.024424 -6.236352
v -16.572844 26.948280 -6.330414
v -14.086538 28.078886 -6.044139
v -11.947506 28.754629 -7.727027
v -10.694766 28.256395 -5.348901
v -12.002899 28.813126 -7.703511
v -10.818336 28.392551 -5.260973
v -5.355708 29.491894 -1.204051
v -9.510202 29.060225 -3.477890
v -4.878474 29.139902 -1.998463
v -8.721914 28.535769 -4.640371
v -13.183202 27.131840 -8.262769
v -14.642601 28.138391 -6.008355
v -14.484943 26.513586 -9.945656
v -13.031936 27.303295 -7.767923
v -14.559511 26.548885 -9.928275
v -13.198115 27.400118 -7.699421
v -8.144546 28.406672 -1.826698
v -5.487800 29.168142 -1.866572
v -8.178634 28.477272 -1.793981
v -5.551715 29.336573 -1.770466
v -8.319247 28.961386 -5.445008
v -7.149598 29.001728 -2.955439
v -8.385293 29.010805 -5.427627
v -7.309386 29.112671 -2.888983
v -12.565354 29.475756 -4.495189
v -9.972524 28.594265 -4.740567
v -12.576007 29.462645 -4.411351
v -9.976785 28.542830 -4.541197
v -7.320038 27.749084 -4.369432
v -6.022558 29.166124 -2.380845
v -7.375432 27.709749 -4.320356
v -6.141866 29.063251 -2.252021
v -8.973314 30.833290 -2.907386
v -6.861979 29.059216 -2.685523
v -8.996750 30.832283 -2.825593
v -6.923763 29.035011 -2.492287
v -9.998090 27.115702 -6.391759
v -9.414330 28.753620 -4.261057
v -10.057744 27.066282 -6.354952
v -9.544291 28.641668 -4.147569
v 16.090006 28.552914 1.093305
v 14.677478 26.278589 1.646428
v 16.090006 28.550898 1.009467
v 14.662564 26.245306 1.446036
v 12.086778 23.596802 -0.539484
v 9.700606 23.493927 0.824411
v 12.056951 23.625042 -0.614120
v 9.606864 23.549398 0.649579
v 17.372572 26.633606 1.388781
v 14.673217 26.278589 1.647451
v 17.381094 26.623520 1.304944
v 14.664695 26.250349 1.445014
v 12.651362 26.602341 3.368167
v 11.667067 24.553934 1.849888
v 12.666276 26.660837 3.308867
v 11.688372 24.671936 1.684258
v 6.170351 21.191362 -0.535394
v 10.079837 23.769266 0.296847
v 6.029737 21.081429 0.438963
v 9.802871 23.560493 1.754804
v 14.609302 26.160585 4.019442
v 15.095057 26.524679 1.215994
v 16.179487 27.052162 5.303589
v 14.349379 25.994173 3.571627
v 16.219967 27.104609 5.252469
v 14.428207 26.110157 3.423377
v 9.146673 21.891310 -0.491430
v 6.513363 21.312389 0.119971
v 9.131760 21.944763 -0.555842
v 6.466492 21.424341 -0.043615
v 9.304331 24.082932 2.440841
v 8.087810 22.431904 0.607660
v 9.334158 24.142437 2.386653
v 8.158117 22.556965 0.459411
v 12.502227 25.918530 0.072940
v 10.825516 24.206985 1.425588
v 12.510749 25.873144 0.001371
v 10.842560 24.076881 1.266092
v 9.027365 22.210018 2.240449
v 7.005511 21.788435 0.403178
v 9.093410 22.181778 2.193418
v 7.150385 21.702707 0.287646
v 8.622568 24.618483 -0.660128
v 7.793799 22.222120 0.441007
v 8.637482 24.591251 -0.739876
v 7.840671 22.140427 0.261063
v 11.788506 23.860039 3.391682
v 10.233233 23.857012 1.123977
v 11.860943 23.831799 3.356920
v 10.393022 23.777336 1.022759
v -18.543566 25.106630 -2.976909
v -18.381647 23.060242 -2.090480
v -18.554218 25.090494 -3.043366
v -18.407213 22.997711 -2.242819
v -19.235981 19.774321 -3.070971
v -20.576071 18.938217 -1.470899
v -19.278591 19.768270 -3.125158
v -20.688988 18.905943 -1.590521
v -16.781633 24.387520 -2.906363
v -18.383778 23.059233 -2.089457
v -16.783764 24.370375 -2.973842
v -18.407213 23.000736 -2.243841
v -19.617342 22.727413 -0.314554
v -19.585384 20.659845 -1.163154
v -19.642908 22.762714 -0.368741
v -19.649300 20.721369 -1.304246
v -22.103647 15.657338 -1.620171
v -20.527069 19.193384 -1.985171
v -22.001383 15.690621 -0.816556
v -20.397108 19.185316 -0.766459
v -18.015198 23.358778 -0.205156
v -18.279383 23.329531 -2.535228
v -17.175777 24.843393 0.403178
v -18.183508 23.059233 -0.489386
v -17.180038 24.887772 0.351035
v -18.202682 23.145971 -0.630478
v -20.424805 17.389053 -2.281670
v -21.828812 15.995209 -1.187691
v -20.467415 17.408216 -2.332791
v -21.935337 16.024458 -1.313448
v -20.859430 19.449562 -0.150968
v -21.206703 17.502012 -1.220408
v -20.876474 19.492929 -0.203111
v -21.238661 17.590767 -1.359456
v -19.907091 21.634125 -2.826615
v -20.054096 19.998224 -1.289933
v -19.892178 21.594790 -2.881825
v -20.009356 19.889297 -1.410577
v -20.235189 18.024452 -0.130519
v -21.671154 16.574129 -1.102831
v -20.186188 18.024452 -0.179595
v -21.553976 16.556982 -1.219386
v -22.022688 18.997723 -2.469794
v -21.334534 17.206501 -1.273574
v -22.012035 18.971498 -2.533183
v -21.294054 17.139936 -1.420801
v -18.959015 20.501499 0.064761
v -20.339584 19.459646 -1.374792
v -18.903622 20.506542 0.023864
v -20.211754 19.454605 -1.484190
v -24.756132 16.102118 -3.800971
v -23.678095 15.712810 -1.284820
v -24.830700 16.064800 -3.787680
v -23.846405 15.604893 -1.245969
v -29.647783 17.320471 -2.811278
v -28.341780 15.602876 -1.132481
v -29.709568 17.346693 -2.761180
v -28.480263 15.646244 -0.989344
v -29.588129 14.858551 -2.302118
v -27.391573 15.641201 -0.844161
v -29.632870 14.824260 -2.238729
v -27.476793 15.553455 -0.678531
v -22.698059 15.393093 -0.550730
v -26.488237 15.605901 -0.424973
v -22.700190 15.707767 -1.706053
v -26.439236 15.914523 -1.569050
v -29.603043 15.654312 -1.572117
v -29.598782 15.346699 -0.440309
v -26.213402 14.209032 0.878600
v -24.728436 15.639184 -0.942313
v -26.160139 14.214074 0.945056
v -24.579300 15.651287 -0.800198
v -32.174568 16.041603 -1.553714
v -29.479473 15.608927 -1.424890
v -32.193741 16.043621 -1.471921
v -29.494387 15.606910 -1.222453
v -24.994749 17.557484 -1.714232
v -22.981417 15.682552 -1.441249
v -25.026707 17.552441 -1.635507
v -23.062376 15.647252 -1.257215
v -27.310614 15.758195 1.971556
v -26.558544 15.714827 -0.673419
v -27.240307 15.721887 2.005295
v -26.388103 15.614978 -0.616164
v -22.621361 23.698668 -7.505163
v -21.585934 21.908455 -6.658607
v -22.681015 23.671436 -7.524589
v -21.722286 21.817684 -6.695414
v -22.540401 18.690107 -5.551337
v -21.816029 18.482344 -3.431881
v -22.606447 18.679014 -5.540091
v -21.973686 18.446033 -3.387918
v -21.560368 22.714302 -8.740234
v -21.585934 21.906439 -6.656562
v -21.615761 22.683037 -8.766817
v -21.724417 21.820709 -6.695414
v -20.710293 22.203966 -4.674110
v -21.204573 20.026463 -4.563689
v -20.774208 22.230188 -4.688424
v -21.362230 20.064789 -4.597429
v -22.425354 15.574636 -1.360479
v -22.248522 18.603371 -3.792792
v -21.696720 15.768281 -1.060912
v -21.153440 18.845428 -3.301013
v -19.834654 22.549906 -6.118775
v -21.933207 22.047638 -7.033832
v -19.022930 23.960896 -6.915233
v -20.132925 22.229181 -6.039027
v -19.074062 23.992161 -6.949995
v -20.269278 22.284651 -6.114686
v -22.267696 16.789963 -3.540257
v -21.950251 15.947806 -1.465787
v -22.333742 16.805090 -3.534122
v -22.114300 15.965961 -1.447383
v -20.906301 19.318447 -2.686544
v -21.796854 17.274076 -2.401292
v -20.961695 19.351730 -2.710060
v -21.939598 17.333582 -2.466726
v -22.872761 20.645725 -5.370371
v -21.492191 19.447544 -4.059641
v -22.906849 20.593279 -5.400021
v -21.560368 19.307354 -4.126098
v -20.416283 17.845936 -2.814346
v -21.852247 16.493443 -1.710143
v -20.431196 17.826773 -2.878758
v -21.886335 16.429903 -1.860437
v -23.428825 18.572105 -2.736643
v -21.879944 17.001762 -2.242818
v -23.475697 18.530754 -2.768337
v -21.975817 16.897879 -2.330746
v -19.821871 20.039576 -4.438955
v -21.662632 18.962421 -3.720201
v -19.828262 20.025455 -4.507457
v -21.686068 18.909977 -3.878675
v -17.448483 16.262480 2.209777
v -16.943552 16.945282 -0.421906
v -17.373915 16.285677 2.242494
v -16.753937 16.986633 -0.358517
v -15.303060 20.110174 4.854752
v -14.188803 19.349712 2.477648
v -15.271102 20.187834 4.862931
v -14.097191 19.532265 2.468447
v -13.298249 18.832317 4.030689
v -14.659645 19.057228 1.650519
v -13.227942 18.870642 4.008196
v -14.489204 19.143965 1.570771
v -17.015989 16.674986 -1.655955
v -15.004787 18.819204 0.747731
v -17.627445 16.193897 -0.746010
v -15.637549 18.315929 1.615757
v -13.660436 19.768270 3.630927
v -13.061763 20.237255 2.737340
v -13.675349 18.568071 -0.628433
v -16.187222 17.636152 -0.005785
v -13.686002 18.582191 -0.711248
v -16.234093 17.652290 -0.206178
v -12.501439 21.337605 5.351643
v -13.647653 19.762218 3.433602
v -12.465219 21.396101 5.304612
v -13.573085 19.888288 3.292509
v -17.746754 18.524702 1.056499
v -17.365393 16.478313 -0.763391
v -17.697752 18.584208 1.018669
v -17.233301 16.605394 -0.854386
v -13.882010 20.741539 -0.472005
v -15.128358 18.777853 0.996176
v -13.884140 20.703215 -0.547663
v -15.130488 18.660860 0.826456
v -13.971491 27.693613 -2.220326
v -11.468142 26.766737 -2.810257
v -13.982143 27.660330 -2.143646
v -11.466011 26.671930 -2.630312
v -8.172242 25.046116 -0.607985
v -5.967165 26.613434 -1.105899
v -8.174373 25.054186 -0.523125
v -5.945859 26.636631 -0.902440
v -13.905445 25.668404 -3.364403
v -11.466011 26.767746 -2.810257
v -13.920359 25.624027 -3.293857
v -11.470272 26.674957 -2.628268
v -9.744558 28.635616 -3.651700
v -8.016715 26.904911 -2.429920
v -9.797821 28.652763 -3.587288
v -8.125371 26.927099 -2.258155
v -1.993763 25.953829 0.736484
v -6.506184 26.454081 -0.680577
v -1.676317 26.299768 -0.136655
v -5.952251 26.968451 -1.974948
v -11.003690 27.596790 -4.989012
v -12.009291 26.602341 -2.493309
v -12.597312 28.041569 -6.461283
v -10.762942 27.420290 -4.533018
v -12.669749 28.043587 -6.415274
v -10.914208 27.418274 -4.397037
v -4.810297 25.109655 -0.103937
v -2.245163 26.133354 0.053514
v -4.837994 25.134871 -0.027257
v -2.294165 26.182775 0.245727
v -5.739200 27.878181 -2.316433
v -4.088055 26.456097 -0.637635
v -5.803115 27.892302 -2.262245
v -4.235060 26.466183 -0.494498
v -9.716862 26.924074 -0.750101
v -7.198599 26.870619 -1.851236
v -9.710470 26.857508 -0.697958
v -7.160250 26.700171 -1.741838
v -4.494982 26.446011 -2.490242
v -2.873664 26.383480 -0.252187
v -4.539723 26.375412 -2.473884
v -2.958884 26.202946 -0.213335
v -5.928815 27.462650 0.870419
v -3.753565 26.367344 -0.439288
v -5.935207 27.404154 0.931764
v -3.772739 26.212023 -0.309442
v -7.505393 26.875662 -4.046350
v -6.561577 26.762703 -1.466810
v -7.554394 26.805063 -4.045328
v -6.661711 26.584187 -1.444317
v -6.058776 30.418768 -11.224691
v -4.482199 28.786903 -9.700277
v -6.133344 30.401623 -11.192996
v -4.650509 28.724371 -9.603148
v -4.897648 26.624529 -5.980750
v -2.860881 27.460632 -4.333648
v -4.963694 26.645708 -5.930652
v -3.003625 27.509045 -4.192555
v -5.685937 28.294720 -12.100896
v -4.482199 28.786903 -9.697210
v -5.762636 28.267488 -12.075336
v -4.652640 28.727396 -9.605193
v -2.353820 29.982058 -8.602209
v -2.856620 28.070818 -6.713818
v -2.428387 30.023409 -8.604254
v -3.044105 28.146461 -6.694392
v -2.323992 26.074858 -0.161192
v -3.534122 27.516104 -4.527905
v -1.365263 26.185801 -0.385100
v -2.068331 27.659321 -4.794755
v -2.279252 29.116705 -10.524340
v -5.074481 28.821194 -9.960992
v -1.863802 29.729916 -12.613124
v -2.554087 28.955334 -10.083681
v -1.938370 29.758154 -12.641751
v -2.745833 29.014839 -10.123555
v -3.438249 25.880203 -3.001447
v -1.872324 26.205973 -0.746011
v -3.506425 25.923573 -2.974865
v -2.036374 26.295734 -0.664218
v -1.427048 28.416758 -4.717051
v -2.245163 26.889782 -2.581237
v -1.499485 28.455084 -4.733410
v -2.436909 26.961391 -2.611909
v -5.106439 28.796988 -7.064505
v -2.873664 27.912472 -5.723103
v -5.161832 28.739500 -7.034855
v -2.986581 27.758162 -5.649489
v -1.009468 26.699163 -4.007499
v -1.906412 26.561996 -1.395241
v -1.066991 26.645708 -4.042261
v -2.034243 26.418779 -1.462720
v -4.160492 28.567034 -3.023941
v -2.243033 26.748583 -2.209080
v -4.230799 28.522657 -3.000425
v -2.400691 26.625538 -2.165116
v -1.309870 27.657305 -7.273076
v -2.858750 27.702690 -5.001281
v -1.356741 27.602840 -7.319085
v -2.982320 27.562498 -5.090231
v -2.309079 30.619474 1.915322
v -0.001736 30.123259 0.474746
v -2.274991 30.663851 1.978711
v 0.096267 30.212011 0.631175
v -1.701883 35.477757 3.472452
v 0.505325 33.892284 3.182088
v -1.665665 35.555416 3.469385
v 0.618242 34.060715 3.170841
v -0.065652 34.233181 4.923252
v 0.673635 33.205448 2.480714
v 0.008916 34.267471 4.945745
v 0.865381 33.268986 2.520588
v 0.724767 29.327496 -0.187775
v 0.993212 32.550884 1.802857
v -0.434230 29.226639 0.094410
v -0.157264 32.408676 2.054370
v 0.183618 34.840340 4.065450
v 1.319180 34.937160 3.787354
v 2.787101 31.886238 2.047213
v 0.405191 31.016851 0.984929
v 2.840364 31.860016 1.984846
v 0.511716 30.936165 0.829523
v 0.190009 37.142906 5.277006
v 0.326362 34.750576 3.962187
v 0.262447 37.179214 5.251445
v 0.505325 34.809074 3.884483
v -1.182039 32.078876 0.144508
v -0.172177 29.505005 0.160867
v -1.107471 32.120228 0.133261
v 0.011047 29.593758 0.151665
v 3.064067 33.859001 1.137268
v 0.726898 32.608376 1.875448
v 3.104547 33.790417 1.107618
v 0.814249 32.429859 1.821260
v -23.024027 21.025957 -7.236269
v -23.145466 20.385515 -4.582093
v -23.100725 21.061256 -7.247516
v -23.332951 20.462166 -4.576981
v -22.173954 21.106642 -4.833606
v -22.372091 18.710279 -3.498338
v -22.195259 21.158079 -4.770216
v -22.438137 18.815170 -3.333730
v -24.696478 22.842390 -3.723269
v -23.349995 20.682034 -4.766127
v -24.705000 22.814152 -3.644543
v -23.375561 20.587229 -4.585160
v -24.191547 20.079918 -2.402315
v -22.225086 18.367365 -3.219220
v -24.176634 20.082943 -2.319499
v -22.163301 18.354254 -3.024962
v -20.100967 18.217089 -4.806000
v -21.483669 17.367872 -2.567945
v -20.162752 18.263483 -4.840763
v -21.645588 17.458645 -2.651783
v -21.756374 18.648756 -0.116206
v -21.108700 16.942257 -2.193743
v -21.762766 18.590260 -0.054861
v -21.138527 16.791979 -2.058784
v -22.806715 19.053194 -6.339615
v -22.442398 18.926113 -3.602624
v -22.866369 19.113708 -6.340638
v -22.595795 19.058237 -3.591377
v -24.312986 23.054190 -5.975638
v -23.367039 20.743557 -4.865300
v -24.366249 23.080414 -5.916338
v -23.486349 20.777847 -4.704782
v -23.315907 17.726923 -3.688506
v -21.108700 16.915026 -2.260199
v -23.358517 17.763233 -3.625117
v -21.200312 16.985624 -2.090479
v -23.420301 20.879713 -5.069782
v -21.673285 17.804585 -3.298968
v -23.744141 21.006794 -4.557555
v -22.084473 17.980076 -2.693702
v -20.488720 15.960917 -1.142705
v -20.047705 15.789461 -1.837944
v -20.024269 21.787426 6.726784
v -20.320410 19.779364 5.790257
v -19.977398 21.813650 6.684865
v -20.203232 19.819706 5.677792
v -19.540644 18.261465 2.695422
v -21.473017 17.494953 1.834553
v -19.521469 18.303825 2.643279
v -21.438929 17.584715 1.695505
v -18.933449 20.395599 7.428158
v -20.320410 19.778355 5.789234
v -18.878056 20.416780 7.391351
v -20.203232 19.823740 5.678814
v -22.406179 19.244822 5.394584
v -21.396318 18.135395 3.738280
v -22.384874 19.309370 5.382315
v -21.330273 18.279621 3.687159
v -21.749983 15.890318 -1.400352
v -21.074612 17.911491 1.851934
v -22.333742 15.470753 -1.023083
v -21.963034 17.244827 2.368251
v -21.645588 18.896866 6.903661
v -19.947571 20.145475 5.877162
v -21.860769 19.286173 8.660161
v -21.473017 18.895857 6.493675
v -21.828812 19.346687 8.668341
v -21.385666 19.039074 6.487540
v -20.501503 16.690113 0.612773
v -21.984339 15.795512 -0.841094
v -20.490850 16.749620 0.579033
v -21.952381 15.928643 -0.937201
v -22.764105 17.354761 2.461290
v -21.822420 16.619514 0.555518
v -22.740669 17.419310 2.460267
v -21.745722 16.767775 0.543249
v -20.416283 19.818699 3.577762
v -21.470886 17.935698 2.945912
v -20.356628 19.809622 3.541977
v -21.332403 17.893337 2.859007
v -22.195259 16.006304 1.930659
v -22.048254 16.103127 -0.322732
v -22.127083 16.008320 1.944973
v -21.882074 16.092031 -0.300239
v -21.541193 18.713305 0.567787
v -21.809637 16.490417 0.256974
v -21.479408 18.721375 0.533025
v -21.660501 16.494452 0.187450
v -21.977947 17.120773 4.483617
v -21.487930 17.716839 2.371318
v -21.914032 17.117748 4.509177
v -21.326012 17.707762 2.411192
v 27.888769 21.696655 -1.996418
v 26.725512 19.796509 -0.842117
v 27.865334 21.685560 -2.069009
v 26.653074 19.747089 -1.007747
v 23.723623 17.341650 -1.673336
v 22.042650 17.573622 0.195629
v 23.676752 17.361822 -1.732636
v 21.912689 17.612955 0.065783
v 29.009418 19.881229 -1.873729
v 26.723381 19.796509 -0.841095
v 28.992374 19.863075 -1.947342
v 26.655205 19.751123 -1.008770
v 25.481293 20.423840 1.181232
v 24.096462 18.486378 0.396022
v 25.479162 20.469225 1.118865
v 24.070896 18.575130 0.233458
v 18.478308 15.621030 0.300938
v 22.228004 17.740036 -0.400436
v 18.635965 15.630107 1.197591
v 22.404837 17.719864 0.963459
v 27.354012 19.933676 1.241555
v 26.974781 19.943760 -1.362524
v 29.130857 20.751625 1.798768
v 26.989695 19.758184 0.948123
v 29.154293 20.790960 1.736401
v 27.021652 19.841896 0.784537
v 21.109488 16.027483 -0.589581
v 18.972586 15.770298 0.756933
v 21.079660 16.070852 -0.647859
v 18.889496 15.859053 0.613795
v 22.193916 18.302818 1.634160
v 20.532120 16.712303 0.595392
v 22.206699 18.349211 1.572816
v 20.555555 16.806099 0.432829
v 24.362776 19.480827 -1.541445
v 23.227215 18.193892 0.310139
v 24.345732 19.432415 -1.600745
v 23.188866 18.058743 0.183360
v 21.816816 16.602367 1.766051
v 19.503082 16.192888 0.803963
v 21.857296 16.567068 1.709819
v 19.592564 16.091022 0.673095
v 20.721735 18.529745 -0.916753
v 20.218933 16.528742 0.560630
v 20.708952 18.495455 -0.986277
v 20.204020 16.432928 0.400111
v 24.620567 18.001255 1.778320
v 22.607235 17.892330 0.260041
v 24.673830 17.965956 1.731289
v 22.713760 17.796515 0.137352
v 20.304153 13.484879 2.491963
v 20.683386 14.486388 1.027871
v 20.331850 13.438484 2.477649
v 20.740910 14.376454 0.979818
v 23.214432 11.903440 3.120745
v 22.784067 12.293757 1.423544
v 23.269825 11.896380 3.115633
v 22.914028 12.281654 1.390827
v 22.671150 11.125834 1.769119
v 22.483665 12.829308 1.200659
v 22.705238 11.107679 1.729245
v 22.560364 12.797033 1.094328
v 20.436247 15.013870 0.433851
v 22.234396 13.346704 0.890868
v 20.082581 14.836362 1.112731
v 21.859426 13.194410 1.555435
v 23.190996 11.608938 1.789567
v 23.536139 11.783421 1.125001
v 22.210960 13.279130 -0.374875
v 21.260754 14.053712 0.951191
v 22.213091 13.322498 -0.409637
v 21.252232 14.164655 0.874510
v 24.454388 10.551957 2.239428
v 23.178213 11.686598 1.687326
v 24.494867 10.565068 2.204666
v 23.263433 11.730975 1.593264
v 21.637854 14.460166 2.202620
v 20.304153 14.762736 1.010490
v 21.680464 14.463191 2.166836
v 20.400028 14.758702 0.917451
v 23.568096 13.633139 -0.065085
v 22.200308 13.291233 1.062633
v 23.540400 13.660370 -0.104959
v 22.117218 13.348722 0.972661
vn -0.5430 0.7847 -0.2990
vn -0.2469 0.7230 -0.6452
vn -0.4555 0.8191 -0.3487
vn -0.3196 0.8346 -0.4487
vn 0.1502 0.8810 0.4487
vn 0.1502 0.8809 0.4487
vn -0.4784 0.7380 -0.4758
vn -0.4636 0.7375 -0.4911
vn 0.1186 0.9862 0.1155
vn -0.4621 0.8206 -0.3363
vn -0.4333 0.8612 -0.2655
vn 0.3371 0.6919 0.6385
vn -0.4683 0.8515 -0.2359
vn 0.8489 0.3246 0.4172
vn 0.5806 0.6606 0.4758
vn 0.6298 0.6018 0.4912
vn -0.4544 0.2667 -0.8500
vn -0.5057 0.2136 -0.8359
vn -0.5147 0.1125 -0.8500
vn -0.3425 -0.0038 -0.9395
vn 0.5369 0.7044 0.4643
vn -0.1125 -0.2703 -0.9562
vn -0.2958 -0.1041 -0.9496
vn 0.8057 0.2669 0.5287
vn -0.5767 0.0978 -0.8111
vn 0.8057 0.2670 0.5287
vn -0.6380 0.0529 -0.7682
vn 0.1374 0.9723 0.1889
vn 0.1373 0.9723 0.1889
vn -0.5350 0.1385 -0.8334
vn 0.8528 0.3033 0.4251
vn 0.8528 0.3033 0.4252
vn 0.8528 0.3032 0.4251
vn 0.2679 0.8684 -0.4172
vn -0.5138 0.7540 -0.4093
vn -0.3331 0.9422 -0.0371
vn -0.3225 0.8045 -0.4987
vn -0.2934 0.9080 -0.2990
vn -0.9726 0.2319 -0.0153
vn -0.9726 0.2320 -0.0153
vn -0.2616 0.7636 -0.5903
vn -0.1686 0.7920 -0.5867
vn 0.0792 0.8309 -0.5508
vn -0.2421 0.7988 -0.5508
vn -0.4168 0.7673 -0.4873
vn -0.8616 0.4640 -0.2061
vn -0.8615 0.4640 -0.2061
vn -0.5334 0.7631 -0.3649
vn -0.8615 0.4640 -0.2060
vn -0.7468 0.6097 0.2655
vn 0.1908 0.8649 0.4643
vn -0.1874 0.9036 -0.3852
vn 0.2624 0.8662 -0.4252
vn -0.1871 0.7957 -0.5761
vn 0.0340 0.8291 -0.5581
vn -0.4982 0.8076 0.3157
vn -0.2716 0.7260 -0.6317
vn -0.2264 0.6772 -0.7001
vn -0.4343 0.8982 0.0677
vn -0.4118 0.9091 0.0633
vn -0.2197 0.7347 -0.6419
vn -0.4275 0.9015 0.0677
vn -0.2205 0.8449 -0.4873
vn -0.4810 0.8734 0.0764
vn -0.1560 0.9211 -0.3568
vn -0.8232 0.4383 0.3609
vn -0.1318 0.9696 -0.2061
vn -0.3791 0.6264 -0.6811
vn -0.4462 0.6271 -0.6385
vn -0.5271 0.5684 -0.6318
vn -0.5384 0.3762 -0.7541
vn 0.2337 0.9682 0.0895
vn 0.2337 0.9682 0.0894
vn -0.6048 0.0377 -0.7955
vn -0.5895 0.2743 -0.7598
vn -0.7880 0.5912 0.1717
vn -0.5594 0.5994 -0.5725
vn -0.6133 0.6093 -0.5025
vn -0.0245 0.9638 0.2655
vn -0.5167 0.5995 -0.6112
vn -0.4451 0.1736 -0.8785
vn 0.0302 0.9987 0.0415
vn -0.5295 0.1820 -0.8286
vn -0.3950 -0.2477 -0.8847
vn -0.4635 0.1160 -0.8785
vn -0.3707 -0.0152 -0.9286
vn -0.3778 0.4738 -0.7955
vn -0.3779 0.4738 -0.7954
vn -0.5379 -0.0113 -0.8430
vn -0.5334 -0.0302 -0.8453
vn -0.7806 0.3448 -0.5213
vn -0.4596 0.1306 -0.8785
vn -0.4070 0.1936 -0.8927
vn -0.7455 0.4820 0.4604
vn -0.7455 0.4819 0.4604
vn -0.4281 0.2289 -0.8743
vn -0.8343 0.4962 -0.2401
vn -0.6634 0.7101 -0.2359
vn -0.6586 0.7213 -0.2146
vn -0.6586 0.7212 -0.2146
vn -0.5762 0.2463 -0.7793
vn -0.1613 0.2240 -0.9612
vn -0.5736 0.0265 -0.8187
vn -0.3783 0.0825 -0.9220
vn -0.6770 0.6797 -0.2823
vn -0.6336 -0.0642 -0.7710
vn -0.5918 -0.1460 -0.7927
vn -0.7957 0.1501 -0.5867
vn -0.7957 0.1502 -0.5867
vn -0.7958 0.1501 -0.5867
vn -0.5921 -0.0641 -0.8033
vn -0.6073 0.1240 -0.7847
vn -0.3826 0.9236 -0.0240
vn -0.5436 0.2833 -0.7901
vn -0.4851 0.7749 0.4053
vn -0.4851 0.7748 0.4053
vn -0.7116 0.3810 -0.5903
vn -0.3022 0.8935 -0.3322
vn 0.1540 0.8975 -0.4132
vn -0.2060 0.9317 -0.2990
vn -0.0340 0.9587 -0.2823
vn 0.6987 0.6574 0.2823
vn 0.6633 0.7073 0.2444
vn 0.6633 0.7074 0.2444
vn -0.1299 0.8939 -0.4291
vn 0.7023 0.6517 0.2865
vn -0.1167 0.8938 -0.4331
vn 0.7338 0.5993 0.3198
vn -0.2116 0.9318 -0.2949
vn -0.2446 0.9456 -0.2146
vn 0.4272 0.8908 -0.1545
vn -0.2900 0.9317 -0.2189
vn 0.7403 0.5108 0.4370
vn 0.7404 0.5108 0.4370
vn 0.6670 0.7431 -0.0546
vn 0.6670 0.7430 -0.0546
vn 0.1623 0.5434 -0.8236
vn 0.1163 0.4947 -0.8613
vn 0.1265 0.4038 -0.9061
vn 0.3284 0.3029 -0.8947
vn 0.9667 0.0604 0.2486
vn 0.9667 0.0603 0.2486
vn 0.5338 0.0227 -0.8453
vn 0.3793 0.1964 -0.9042
vn 0.2582 0.8386 0.4797
vn 0.0547 0.3874 -0.9203
vn -0.0132 0.3381 -0.9410
vn 0.6143 0.7755 -0.1458
vn 0.6143 0.7755 -0.1459
vn 0.0937 0.4248 -0.9004
vn 0.8670 0.3954 0.3032
vn 0.9499 0.0905 0.2990
vn 0.9499 0.0905 0.2991
vn -0.2042 0.8947 -0.3973
vn -0.3188 0.9471 0.0371
vn -0.0038 0.9447 -0.3281
vn -0.1186 0.9840 -0.1329
vn 0.3697 0.8987 0.2359
vn 0.1074 0.9232 -0.3690
vn 0.1671 0.9382 -0.3032
vn -0.3618 0.1263 -0.9237
vn 0.0886 0.9419 -0.3239
vn -0.0811 0.9158 -0.3933
vn -0.0599 -0.0360 -0.9976
vn -0.2462 0.8945 -0.3731
vn -0.4753 0.4032 -0.7820
vn -0.4752 0.4032 -0.7820
vn -0.0961 0.8658 -0.4912
vn -0.0961 0.8658 -0.4911
vn 0.0151 0.9904 -0.1372
vn 0.3961 0.9120 0.1068
vn 0.1504 0.9396 -0.3073
vn 0.3100 0.9395 -0.1459
vn -0.2411 0.5784 -0.7793
vn -0.2367 0.6404 -0.7306
vn 0.1280 0.8998 -0.4172
vn -0.2394 0.5754 -0.7820
vn 0.2058 0.8676 -0.4526
vn -0.2419 0.5248 -0.8161
vn 0.1690 0.9055 -0.3892
vn -0.2419 0.5248 -0.8162
vn 0.0641 0.9665 -0.2486
vn -0.2132 0.8758 -0.4330
vn 0.0245 0.9957 -0.0895
vn -0.1215 0.0114 -0.9925
vn -0.0999 0.8780 -0.4681
vn -0.0999 0.8780 -0.4682
vn -0.0000 0.8274 -0.5617
vn -0.0585 0.7784 -0.6250
vn 0.0283 0.6328 -0.7738
vn -0.5436 0.7457 -0.3852
vn 0.0283 0.3248 -0.9454
vn 0.0019 0.5453 -0.8382
vn -0.0169 0.3909 0.9203
vn -0.1260 0.7947 -0.5938
vn -0.2128 0.7918 -0.5725
vn -0.6651 0.7225 -0.1889
vn -0.0660 0.8019 -0.5938
vn -0.2420 0.5744 0.7820
vn -0.2420 0.5743 0.7820
vn 0.2031 0.7566 0.6215
vn 0.0920 0.4688 -0.8785
vn 0.2752 0.0526 -0.9599
vn 0.1885 0.4094 -0.8927
vn 0.2030 0.7566 0.6215
vn 0.3000 0.2813 -0.9115
vn 0.3343 0.8723 -0.3568
vn 0.3342 0.8723 -0.3568
vn 0.1127 0.2882 -0.9509
vn 0.1227 0.2704 -0.9549
vn 0.2150 0.9154 0.3404
vn 0.1854 0.4193 -0.8887
vn 0.2338 0.4804 -0.8453
vn -0.0490 0.9617 0.2697
vn -0.0491 0.9674 0.2486
vn 0.1995 0.5114 -0.8358
vn -0.0358 0.9468 0.3198
vn 0.3229 0.6195 0.7155
vn 0.3228 0.6195 0.7156
vn 0.3228 0.6195 0.7155
vn 0.0227 0.5189 -0.8545
vn 0.4566 0.5033 -0.7336
vn 0.0714 0.3224 -0.9439
vn 0.2803 0.3774 -0.8826
vn -0.3403 0.9400 -0.0241
vn -0.3404 0.9400 -0.0240
vn -0.3403 0.9400 -0.0240
vn -0.0019 0.2295 -0.9733
vn 0.0540 0.1562 -0.9862
vn -0.0585 0.9176 -0.3932
vn -0.0585 0.9176 -0.3933
vn 0.0544 0.2360 -0.9702
vn 0.0113 0.4111 -0.9115
vn 0.1126 0.7354 0.6682
vn 0.1126 0.7353 0.6683
vn 0.0510 0.5502 -0.8334
vn 0.1127 0.7353 0.6683
vn -0.8016 0.5078 0.3157
vn 0.6170 0.4827 0.6215
vn 0.4234 0.8941 0.1459
vn 0.0622 0.8973 0.4370
vn 0.3204 0.9324 0.1675
vn 0.1689 0.9580 0.2316
vn -0.7033 0.4793 0.5250
vn 0.3218 0.8927 0.3157
vn 0.3091 0.8927 0.3280
vn 0.3377 0.5748 0.7454
vn 0.3294 0.9307 0.1588
vn 0.3154 0.9462 0.0720
vn 0.4067 0.8526 0.3281
vn 0.3598 0.9314 0.0546
vn 0.4067 0.8526 0.3280
vn -0.3323 0.8812 -0.3363
vn 0.1486 0.9731 0.1760
vn 0.2470 0.5458 0.8007
vn 0.3090 0.4925 0.8136
vn 0.3191 0.4002 0.8591
vn 0.1384 0.2997 0.9439
vn -0.0640 0.9366 0.3445
vn -0.0829 0.9381 0.3363
vn -0.0719 0.0183 0.9972
vn 0.0961 0.1985 0.9754
vn -0.0094 0.9310 0.3650
vn 0.3849 0.3863 0.8382
vn -0.0095 0.9310 0.3649
vn 0.4599 0.3379 0.8212
vn 0.5815 0.7690 0.2655
vn 0.3400 0.4263 0.8382
vn -0.4479 0.8010 0.3973
vn -0.5880 0.8073 -0.0502
vn 0.3698 0.8941 0.2528
vn 0.2576 0.9493 -0.1803
vn 0.1614 0.9444 0.2864
vn 0.1634 0.9845 0.0633
vn 0.3991 0.8144 0.4212
vn 0.3991 0.8145 0.4212
vn 0.0810 0.9226 0.3771
vn -0.0038 0.9388 0.3446
vn -0.8930 0.3858 -0.2316
vn -0.8930 0.3858 -0.2317
vn 0.0753 0.9431 0.3239
vn 0.2554 0.9181 0.3032
vn -0.7576 0.3445 -0.5544
vn 0.3976 0.8921 0.2146
vn -0.8323 0.5524 0.0459
vn -0.8323 0.5524 0.0458
vn -0.8323 0.5525 0.0459
vn -0.3099 0.9367 0.1631
vn 0.0472 0.9906 0.1285
vn -0.3945 0.9141 0.0938
vn 0.0132 0.9402 0.3404
vn -0.2003 0.9407 0.2739
vn -0.6456 0.7629 -0.0328
vn -0.6046 0.7963 0.0196
vn -0.6046 0.7963 0.0197
vn 0.0866 0.9010 0.4251
vn -0.6513 0.7579 -0.0371
vn 0.0377 0.8681 0.4949
vn -0.6820 0.7273 -0.0764
vn 0.0358 0.9063 0.4212
vn -0.6820 0.7274 -0.0764
vn 0.0641 0.9665 0.2486
vn -0.3483 0.8939 0.2823
vn 0.0170 0.9958 0.0894
vn -0.7895 0.3730 -0.4873
vn -0.2936 0.9379 0.1846
vn -0.2937 0.9379 0.1846
vn 0.1925 0.8314 0.5213
vn 0.2671 0.8269 0.4949
vn 0.3495 0.7785 0.5213
vn 0.3469 0.6310 0.6939
vn -0.5485 0.8192 -0.1674
vn -0.5484 0.8193 -0.1675
vn 0.4214 0.3285 0.8453
vn 0.4014 0.5443 0.7367
vn -0.4897 -0.2227 0.8430
vn 0.3917 0.7966 0.4604
vn 0.4560 0.7924 0.4053
vn -0.7205 0.6871 -0.0938
vn 0.3399 0.8020 0.4912
vn -0.6859 -0.0000 0.7276
vn -0.6860 -0.0000 0.7276
vn -0.6859 -0.0000 0.7277
vn -0.2936 0.2524 0.9220
vn -0.2937 0.2524 0.9220
vn 0.3305 0.4696 0.8187
vn 0.2148 0.0520 0.9753
vn 0.2588 0.4106 0.8743
vn 0.1715 0.2821 0.9439
vn 0.1707 0.9200 0.3527
vn 0.1708 0.9200 0.3527
vn 0.1708 0.9199 0.3530
vn 0.3490 0.2852 0.8927
vn 0.3442 0.2724 0.8985
vn -0.2152 0.5477 0.8085
vn -0.2151 0.5478 0.8085
vn 0.2563 0.4212 0.8700
vn -0.2152 0.5478 0.8085
vn 0.2001 0.4793 0.8545
vn -0.4308 0.6206 0.6552
vn -0.4317 0.6372 0.6385
vn 0.2251 0.5126 0.8286
vn -0.4322 0.6231 0.6519
vn -0.4404 0.5773 0.6875
vn -0.1828 0.0904 0.9790
vn 0.3854 0.5195 0.7626
vn -0.0582 0.5010 0.8635
vn 0.3853 0.3255 0.8635
vn 0.1731 0.3774 0.9097
vn -0.5688 0.7694 0.2907
vn 0.4603 0.2324 0.8568
vn 0.4191 0.1548 0.8946
vn -0.1691 0.9734 0.1545
vn 0.4147 0.2373 0.8785
vn 0.4189 0.4083 0.8111
vn -0.3832 0.2060 0.9004
vn -0.3831 0.2060 0.9004
vn 0.3466 0.5501 0.7598
vn 0.4561 0.8830 0.1112
vn 0.4560 0.8830 0.1112
vn 0.6060 0.7046 0.3690
vn 0.6060 0.7047 0.3690
vn 0.3150 0.9255 0.2103
vn -0.1372 0.9495 0.2823
vn 0.2171 0.9609 0.1717
vn 0.6061 0.7047 0.3690
vn 0.0528 0.9879 0.1458
vn 0.1579 0.9873 0.0197
vn 0.1448 0.9419 0.3032
vn 0.1261 0.9418 0.3115
vn -0.4101 0.8510 0.3281
vn 0.2262 0.9596 0.1674
vn 0.2629 0.9607 0.0894
vn -0.0075 0.9652 0.2613
vn -0.0810 0.9630 0.2571
vn 0.3062 0.9473 0.0938
vn -0.0000 0.9653 0.2613
vn 0.0603 0.9634 0.2613
vn -0.4451 0.8715 0.2061
vn -0.4451 0.8714 0.2061
vn -0.1680 0.6585 0.7336
vn -0.1271 0.6101 0.7820
vn -0.1433 0.5261 0.8382
vn -0.3467 0.4304 0.8334
vn 0.5737 0.7505 0.3281
vn 0.5737 0.7505 0.3280
vn -0.5583 0.1489 0.8162
vn -0.4010 0.3299 0.8546
vn -0.4340 0.8422 0.3198
vn -0.0714 0.5107 0.8568
vn -0.0056 0.4662 0.8847
vn -0.2968 0.8841 -0.3609
vn -0.1141 0.5482 0.8285
vn -0.9211 -0.3861 -0.0502
vn -0.4213 0.7549 -0.5025
vn -0.4213 0.7550 -0.5025
vn 0.2169 0.9357 0.2781
vn 0.3365 0.9282 -0.1588
vn 0.0170 0.9810 0.1932
vn -0.4214 0.7550 -0.5025
vn 0.1355 0.9908 -0.0022
vn -0.9668 -0.1243 -0.2231
vn -0.0961 0.9670 0.2359
vn -0.1560 0.9742 0.1631
vn -0.9648 0.0302 0.2613
vn -0.0717 0.9802 0.1846
vn 0.0979 0.9603 0.2613
vn -0.3632 0.7747 0.5175
vn -0.3632 0.7747 0.5176
vn 0.2628 0.9311 0.2529
vn -0.8812 0.3323 0.3363
vn -0.8825 0.4609 0.0938
vn -0.8681 0.4874 0.0938
vn -0.0000 1.0000 -0.0022
vn -0.3698 0.8964 -0.2444
vn -0.1335 0.9768 0.1674
vn -0.8790 0.4675 0.0938
vn -0.2903 0.9569 0.0022
vn -0.9035 0.4172 0.0982
vn -0.1148 0.9524 0.2823
vn -0.2003 0.9261 0.3198
vn -0.9254 -0.1576 0.3445
vn -0.9254 -0.1577 0.3445
vn -0.1635 0.9536 0.2528
vn -0.9255 -0.1576 0.3445
vn -0.0472 0.9927 0.1112
vn -0.6767 0.7180 -0.1631
vn -0.6766 0.7180 -0.1631
vn -0.0095 0.9987 -0.0502
vn -0.3909 0.9081 0.1502
vn -0.3910 0.9081 0.1502
vn -0.9859 -0.0038 0.1674
vn -0.9859 -0.0037 0.1674
vn -0.0716 0.9023 0.4251
vn 0.0057 0.8975 0.4409
vn 0.0659 0.8553 0.5139
vn -0.0282 0.7346 0.6780
vn 0.3061 0.9275 -0.2146
vn -0.0469 0.4561 0.8887
vn -0.0095 0.6567 0.7541
vn -0.9356 0.1875 -0.2990
vn -0.9356 0.1876 -0.2990
vn 0.1259 0.8683 0.4797
vn 0.2128 0.8597 0.4643
vn 0.1764 0.8988 -0.4013
vn 0.0659 0.8749 0.4797
vn -0.7945 0.4413 -0.4172
vn -0.8444 0.5296 0.0807
vn -0.1069 0.5894 0.8007
vn -0.2981 0.1924 0.9350
vn -0.1991 0.5348 0.8212
vn -0.8444 0.5296 0.0808
vn -0.3160 0.4169 0.8522
vn -0.0415 0.8036 0.5938
vn -0.0415 0.8035 0.5938
vn -0.1369 0.4212 0.8966
vn -0.1384 0.4041 0.9042
vn -0.6382 0.7355 0.2274
vn -0.1957 0.5437 0.8161
vn -0.2445 0.5989 0.7626
vn -0.5042 0.8633 0.0240
vn -0.4844 0.8742 0.0328
vn -0.2057 0.6307 0.7483
vn -0.5042 0.8632 0.0240
vn -0.5555 0.8314 0.0153
vn -0.5555 0.8313 0.0153
vn -0.9275 0.3510 0.1286
vn -0.9275 0.3510 0.1285
vn -0.0377 0.6323 0.7738
vn -0.4649 0.6098 0.6419
vn -0.0861 0.4543 0.8867
vn -0.2929 0.5023 0.8136
vn -0.1411 0.9816 -0.1286
vn -0.1411 0.9816 -0.1285
vn -0.0170 0.3625 0.9318
vn -0.0743 0.2918 0.9536
vn 0.1110 0.9577 0.2655
vn -0.0728 0.3721 0.9253
vn -0.0338 0.5332 0.8453
vn -0.8516 0.5237 -0.0241
vn -0.8516 0.5236 -0.0240
vn -0.0602 0.6639 0.7454
vn -0.7401 0.6161 -0.2697
vn 0.6084 0.7508 0.2571
vn 0.6084 0.7508 0.2570
vn -0.2917 0.9248 0.2444
vn -0.2302 0.9502 -0.2103
vn -0.2227 0.9611 0.1631
vn -0.1579 0.9874 0.0109
vn -0.6727 0.7355 -0.0808
vn -0.6727 0.7355 -0.0807
vn -0.3279 0.9431 0.0546
vn -0.3331 0.9422 0.0371
vn 0.3309 0.9159 0.2274
vn -0.2245 0.9592 0.1717
vn -0.1522 0.9618 0.2274
vn 0.4946 0.8341 -0.2444
vn 0.4946 0.8340 -0.2444
vn -0.1763 0.9467 0.2697
vn -0.1359 0.4256 -0.8946
vn -0.1359 0.4256 -0.8947
vn 0.2856 0.8252 -0.4873
vn -0.6603 0.6563 -0.3649
vn -0.7171 0.6105 -0.3363
vn -0.7663 0.5287 -0.3650
vn -0.7062 0.4310 -0.5617
vn 0.0472 0.9233 -0.3812
vn 0.0321 0.9189 -0.3933
vn -0.6336 0.1460 -0.7598
vn -0.7138 0.3294 -0.6181
vn 0.0943 0.9310 -0.3527
vn -0.8041 0.5114 -0.3032
vn -0.8500 0.4667 -0.2444
vn 0.6604 0.7245 -0.1975
vn 0.6604 0.7244 -0.1975
vn -0.7675 0.5483 -0.3322
vn -0.3588 0.8723 -0.3322
vn -0.4290 0.5821 -0.6907
vn -0.3242 0.9366 0.1329
vn 0.0641 0.9272 0.3690
vn -0.1875 0.9816 -0.0371
vn -0.0359 0.9911 0.1285
vn 0.4757 0.8667 -0.1502
vn -0.1988 0.9678 -0.1545
vn -0.1131 0.9746 -0.1932
vn -0.2547 0.8352 0.4873
vn -0.1542 0.9807 -0.1199
vn -0.2757 0.9610 0.0197
vn 0.7744 0.4340 -0.4604
vn -0.3133 0.9324 0.1803
vn -0.0226 0.8598 0.5101
vn -0.0226 0.8599 0.5100
vn 0.7060 0.6647 -0.2444
vn -0.0000 1.0000 0.0022
vn 0.3346 0.8978 -0.2865
vn -0.1224 0.9767 -0.1761
vn 0.0736 0.9577 -0.2781
vn 0.3552 0.7133 -0.6043
vn 0.3552 0.7132 -0.6043
vn -0.2374 0.9529 -0.1889
vn 0.3551 0.7132 -0.6043
vn -0.2556 0.9259 -0.2781
vn -0.5953 0.7353 -0.3239
vn -0.5954 0.7353 -0.3240
vn -0.1969 0.9547 -0.2231
vn -0.5954 0.7353 -0.3239
vn -0.0942 0.9929 -0.0720
vn 0.0717 0.8458 -0.5287
vn 0.0528 0.9986 0.0066
vn 0.1036 0.9549 -0.2781
vn 0.0867 0.9602 -0.2655
vn 0.1037 0.9549 -0.2781
vn 0.1503 0.9396 -0.3074
vn -0.3875 0.9023 -0.1889
vn -0.4254 0.8976 -0.1155
vn -0.5093 0.8568 -0.0808
vn -0.6417 0.7363 -0.2146
vn 0.4154 0.5538 -0.7216
vn -0.8441 0.4532 -0.2865
vn -0.7225 0.6572 -0.2146
vn -0.0377 0.9936 0.1068
vn -0.0377 0.9936 0.1069
vn -0.4978 0.8673 -0.0066
vn -0.5071 0.8581 0.0807
vn -0.4845 0.8745 0.0240
vn -0.4846 0.8744 0.0240
vn -0.4793 0.8754 -0.0633
vn 0.4382 0.7187 -0.5398
vn -0.6402 0.7534 0.1502
vn -0.6401 0.7534 0.1502
vn -0.7388 0.5909 -0.3239
vn -0.8165 0.1947 -0.5435
vn -0.7335 0.5366 -0.4172
vn -0.7366 0.4122 -0.5361
vn 0.7475 0.4788 0.4604
vn -0.8263 0.4183 -0.3771
vn -0.8311 0.4050 -0.3812
vn -0.5424 0.7587 0.3609
vn -0.7313 0.5426 -0.4132
vn -0.6703 0.5969 -0.4409
vn 0.5042 0.6651 0.5508
vn -0.6655 0.6268 -0.4053
vn 0.6076 0.7913 0.0677
vn 0.6076 0.7914 0.0677
vn -0.1390 0.8029 -0.5796
vn -0.1392 0.8029 -0.5796
vn -0.7338 0.6338 -0.2444
vn -0.4880 0.6093 -0.6250
vn -0.8307 0.4527 -0.3240
vn -0.7029 0.4995 -0.5063
vn 0.3736 0.9204 -0.1155
vn -0.8914 0.3611 -0.2739
vn -0.8961 0.2896 -0.3363
vn 0.1709 0.9835 0.0590
vn 0.1486 0.9876 0.0502
vn 0.1486 0.9876 0.0503
vn -0.8702 0.3712 -0.3239
vn -0.8059 0.5314 -0.2613
vn 0.2207 0.9720 0.0808
vn -0.6989 0.6641 -0.2655
vn 0.2208 0.9720 0.0807
vn 0.7579 0.6513 0.0371
vn -0.2317 0.9618 0.1458
vn -0.2317 0.9618 0.1459
vn -0.1261 0.9884 -0.0851
vn -0.0754 0.9969 -0.0240
vn -0.0867 0.9933 0.0764
vn -0.2847 0.9423 0.1760
vn -0.3854 0.8785 -0.2823
vn -0.4799 0.7760 0.4092
vn -0.3290 0.9050 0.2697
vn 0.6032 0.7789 0.1717
vn 0.6032 0.7789 0.1718
vn -0.0132 0.9955 0.0938
vn 0.0604 0.9881 0.1415
vn -0.2960 0.5328 0.7928
vn -0.0547 0.9972 0.0502
vn 0.8841 0.4646 -0.0502
vn 0.8841 0.4647 -0.0502
vn -0.0731 0.4991 0.8635
vn 0.8948 0.4375 0.0894
vn 0.8736 0.3394 -0.3486
vn 0.7822 0.6224 0.0284
vn -0.0731 0.4991 0.8634
vn 0.8249 0.5358 -0.1803
vn 0.7902 0.5657 0.2359
vn 0.7132 0.6958 0.0851
vn 0.6630 0.7484 0.0197
vn 0.5299 0.8423 -0.0982
vn 0.7225 0.6905 0.0328
vn 0.8312 0.5488 0.0894
vn -0.4513 0.8924 -0.0022
vn 0.9129 0.4032 0.0633
vn 0.2466 0.9690 -0.0153
vn 0.2467 0.9690 -0.0152
vn 0.2334 0.9378 0.2571
vn 0.2133 0.9390 0.2697
vn 0.2132 0.9390 0.2697
vn 0.4847 0.6735 -0.5581
vn 0.5402 0.6722 -0.5063
vn 0.5516 0.7246 -0.4132
vn 0.2316 0.9371 0.2613
vn 0.3968 0.8557 -0.3322
vn 0.2790 0.9319 0.2316
vn 0.1914 0.9792 -0.0677
vn 0.3557 0.9043 -0.2359
vn 0.6029 0.7508 -0.2697
vn 0.6030 0.7507 -0.2698
vn 0.6152 0.6833 -0.3933
vn 0.6794 0.6500 -0.3404
vn 0.0094 0.8123 0.5832
vn 0.5746 0.6945 -0.4330
vn -0.4113 0.8280 0.3812
vn 0.5985 0.8006 -0.0284
vn 0.0207 0.9444 0.3281
vn 0.0207 0.9157 0.4013
vn -0.0528 0.8821 0.4681
vn -0.2660 0.8747 0.4053
vn 0.4490 0.8808 0.1502
vn -0.5796 0.7181 0.3852
vn -0.3679 0.8229 0.4330
vn -0.5663 0.3517 -0.7454
vn -0.5665 0.3514 -0.7454
vn -0.0019 0.8534 0.5213
vn 0.0226 0.8069 0.5903
vn 0.4463 0.8913 -0.0807
vn 0.4463 0.8912 -0.0807
vn -0.0151 0.8835 0.4681
vn 0.4462 0.8913 -0.0807
vn -0.3564 0.5972 -0.7186
vn -0.6817 0.6497 -0.3363
vn 0.4952 0.8450 0.2018
vn 0.4890 0.8268 0.2781
vn 0.4154 0.8402 0.3486
vn 0.2205 0.9324 0.2865
vn -0.3209 0.7463 0.5832
vn -0.1297 0.9505 0.2823
vn 0.1088 0.9426 0.3158
vn -0.5895 0.8049 -0.0677
vn 0.4460 0.8001 0.4013
vn 0.4506 0.7529 0.4797
vn -0.3525 0.9263 -0.1329
vn -0.3419 0.9326 -0.1155
vn 0.4489 0.8228 0.3486
vn -0.3526 0.9263 -0.1329
vn -0.3892 0.9050 -0.1717
vn -0.7932 0.4812 -0.3731
vn -0.7933 0.4813 -0.3730
vn 0.9541 0.2537 0.1588
vn 0.7324 0.4715 0.4911
vn 0.9177 0.3470 0.1933
vn -0.7932 0.4812 -0.3732
vn 0.8367 0.4693 0.2823
vn 0.0377 0.9989 -0.0284
vn 0.8914 0.3039 0.3363
vn 0.8850 0.3038 0.3527
vn 0.0113 0.9051 0.4251
vn 0.0113 0.9051 0.4252
vn 0.0113 0.9050 0.4252
vn 0.9195 0.3471 0.1846
vn 0.9212 0.3754 0.1025
vn -0.6326 0.6473 -0.4252
vn -0.6326 0.6473 -0.4251
vn 0.9372 0.3402 0.0764
vn 0.1187 0.9100 -0.3973
vn 0.1187 0.9100 -0.3972
vn -0.5691 0.3409 0.7483
vn -0.1683 0.7761 0.6077
vn 0.2723 0.8039 0.5287
vn -0.1853 0.8897 0.4172
vn 0.0434 0.8965 0.4409
vn -0.1036 0.9330 -0.3445
vn -0.2679 0.9028 0.3363
vn -0.2316 0.9371 0.2613
vn -0.5668 0.6027 0.5617
vn -0.5667 0.6028 0.5617
vn -0.2169 0.9164 0.3363
vn -0.2129 0.8357 0.5063
vn -0.1198 0.5976 0.7928
vn -0.1313 0.7640 0.6318
vn 0.6984 0.6757 0.2359
vn 0.1369 0.7430 0.6551
vn 0.1370 0.7430 0.6552
vn -0.2318 0.9721 0.0371
vn -0.0886 0.9151 -0.3933
vn -0.4190 0.9068 -0.0459
vn 0.1370 0.7430 0.6551
vn -0.3114 0.9194 -0.2401
vn 0.0302 0.8932 0.4487
vn 0.0433 0.9003 0.4330
vn 0.0434 0.9003 0.4331
vn -0.5173 0.8558 0.0065
vn -0.5691 0.8198 -0.0633
vn -0.0019 0.8732 0.4873
vn -0.5060 0.8613 -0.0459
vn -0.3474 0.9374 0.0240
vn -0.1459 0.4223 0.8946
vn -0.1877 0.9821 0.0153
vn -0.1459 0.4223 0.8947
vn 0.0434 0.9978 0.0502
vn 0.4910 0.8706 -0.0328
vn 0.4910 0.8705 -0.0328
vn 0.7950 0.5076 -0.3322
vn 0.4366 0.7562 -0.4873
vn 0.7315 0.5362 -0.4212
vn 0.6127 0.5940 -0.5213
vn -0.2163 0.6096 0.7626
vn 0.6683 0.6549 -0.3527
vn 0.6559 0.6652 -0.3568
vn 0.5852 0.7977 0.1459
vn 0.5851 0.7977 0.1459
vn 0.7423 0.5244 -0.4172
vn 0.7654 0.4536 -0.4565
vn -0.2329 0.2730 -0.9334
vn 0.7941 0.4345 -0.4251
vn 0.6542 0.7529 -0.0720
vn 0.0113 0.4738 -0.8806
vn -0.2903 0.9569 -0.0109
vn -0.5919 0.7595 0.2697
vn -0.3897 0.9210 -0.0022
vn -0.5316 0.8452 0.0546
vn -0.3876 0.6713 -0.6318
vn -0.3840 0.9110 0.1502
vn -0.3876 0.6713 -0.6317
vn -0.3945 0.9043 0.1631
vn -0.2751 0.9052 0.3239
vn -0.2751 0.9052 0.3240
vn -0.3827 0.9238 -0.0109
vn -0.3944 0.9141 -0.0938
vn -0.3338 0.8639 -0.3771
vn -0.3491 0.9305 -0.1112
vn -0.0660 0.9221 -0.3812
vn -0.0622 0.9289 -0.3649
vn -0.0622 0.9289 -0.3650
vn -0.0924 0.8985 -0.4291
vn 0.6768 0.6914 -0.2528
vn 0.9320 0.3258 -0.1588
vn 0.6605 0.5991 -0.4526
vn 0.8139 0.4554 -0.3609
vn -0.5192 0.5204 -0.6780
vn -0.5191 0.5205 -0.6779
vn -0.5191 0.5205 -0.6780
vn 0.5817 0.6084 -0.5398
vn 0.5951 0.5377 -0.5973
vn 0.2900 0.9415 -0.1717
vn 0.6247 0.5712 -0.5324
vn 0.6498 0.6645 -0.3690
vn 0.1054 0.9595 0.2613
vn 0.7045 0.6765 -0.2146
vn -0.3103 0.6431 -0.7001
vn -0.0843 0.5238 0.8476
vn -0.0843 0.5239 0.8476
vn 0.3223 0.9384 0.1242
vn -0.1278 0.9664 0.2231
vn 0.2190 0.9716 0.0895
vn 0.0566 0.9955 0.0764
vn 0.9971 0.0754 -0.0109
vn 0.9971 0.0755 -0.0109
vn 0.1559 0.9613 0.2274
vn 0.1373 0.9620 0.2359
vn 0.1025 0.3983 0.9115
vn 0.2338 0.9686 0.0851
vn 0.2540 0.9672 0.0065
vn 0.9397 0.1800 0.2907
vn 0.3047 0.9524 0.0065
vn 0.8229 0.5680 -0.0109
vn -0.0660 0.9934 0.0938
vn -0.1237 0.7063 0.6970
vn -0.0790 0.6652 0.7425
vn -0.0919 0.5812 0.8085
vn -0.2904 0.4829 0.8261
vn 0.6117 0.7860 0.0895
vn 0.6117 0.7860 0.0894
vn -0.5011 0.2055 0.8406
vn -0.3433 0.3898 0.8545
vn 0.5715 0.7390 0.3568
vn 0.5548 0.7476 0.3649
vn -0.0151 0.5705 0.8212
vn 0.0507 0.5282 0.8476
vn 0.6204 0.7123 0.3281
vn -0.0584 0.6032 0.7954
vn 0.8608 0.4708 -0.1932
vn 0.3109 0.6791 0.6650
vn 0.2244 0.9543 0.1975
vn 0.3168 0.9165 -0.2444
vn 0.0189 0.9921 0.1242
vn 0.1242 0.9893 -0.0764
vn -0.0641 0.8793 0.4720
vn -0.0848 0.9807 0.1760
vn -0.1503 0.9828 0.1068
vn 0.8659 0.4977 0.0502
vn -0.0716 0.9897 0.1242
vn 0.1074 0.9761 0.1889
vn -0.0245 0.7580 -0.6518
vn 0.2683 0.9479 0.1717
vn -0.8230 0.3103 0.4758
vn -0.8230 0.3103 0.4759
vn -0.8230 0.3102 0.4758
vn -0.2536 0.7147 -0.6519
vn -0.2536 0.7147 -0.6518
vn -0.0038 0.9974 -0.0720
vn -0.3906 0.8776 -0.2781
vn -0.1299 0.9853 0.1111
vn -0.2972 0.9539 -0.0415
vn -0.8430 0.4933 0.2146
vn -0.8430 0.4932 0.2146
vn -0.1054 0.9691 0.2231
vn -0.1837 0.9453 0.2697
vn -0.4896 0.7072 0.5101
vn -0.4896 0.7072 0.5100
vn -0.1504 0.9687 0.1975
vn -0.0472 0.9978 0.0459
vn 0.3945 0.9116 0.1155
vn 0.3944 0.9116 0.1155
vn -0.0189 0.9926 -0.1199
vn -0.2568 0.8881 0.3811
vn -0.2568 0.8881 0.3812
vn -0.3368 0.9339 0.1199
vn -0.3258 0.9394 0.1068
vn -0.3259 0.9394 0.1069
vn -0.0490 0.9281 0.3690
vn 0.0283 0.9257 0.3771
vn 0.0904 0.8891 0.4488
vn 0.0113 0.7806 0.6250
vn -0.3718 0.9146 0.1588
vn 0.0113 0.5155 0.8568
vn -0.3717 0.9147 0.1588
vn 0.0339 0.7071 0.7063
vn -0.4894 0.5680 0.6617
vn -0.4894 0.5679 0.6617
vn 0.1576 0.8987 0.4093
vn 0.2369 0.8902 0.3892
vn -0.2428 0.9281 -0.2823
vn 0.0942 0.9057 0.4132
vn 0.2262 0.9451 -0.2359
vn -0.5714 0.6794 0.4604
vn -0.0603 0.6407 0.7654
vn -0.2356 0.2542 0.9380
vn -0.1492 0.5909 0.7928
vn -0.5714 0.6793 0.4604
vn -0.2580 0.4720 0.8430
vn -0.4102 0.9016 -0.1372
vn -0.0806 0.4787 0.8743
vn -0.0844 0.4664 0.8806
vn 0.5822 0.3180 0.7483
vn -0.1455 0.5989 0.7875
vn -0.1931 0.6482 0.7366
vn -0.4103 0.9066 0.0982
vn -0.4103 0.9067 0.0982
vn -0.1607 0.6798 0.7156
vn -0.4102 0.9067 0.0981
vn 0.3872 0.5701 0.7246
vn 0.7154 0.6101 0.3404
vn 0.7154 0.6102 0.3404
vn 0.0151 0.6858 0.7276
vn -0.4275 0.6500 0.6283
vn -0.0320 0.5109 0.8590
vn -0.2402 0.5564 0.7955
vn 0.3475 0.7427 -0.5725
vn 0.3475 0.7426 -0.5725
vn 0.0394 0.4253 0.9042
vn -0.0150 0.3585 0.9334
vn 0.6252 0.7771 0.0720
vn -0.0169 0.4347 0.9004
vn 0.0207 0.5881 0.8085
vn 0.3962 0.9072 0.1415
vn 0.3858 0.9142 0.1242
vn -0.0170 0.7138 0.7001
vn 0.4269 0.8852 0.1846
vn 0.8161 0.4414 0.3731
vn 0.0019 0.7640 0.6452
vn -0.0452 0.8008 0.5973
vn -0.0395 0.8570 0.5138
vn 0.1633 0.8922 0.4212
vn 0.0057 0.9989 0.0459
vn 0.3875 0.9096 0.1502
vn 0.2167 0.9208 0.3244
vn 0.0340 0.9100 -0.4132
vn 0.0340 0.9100 -0.4133
vn -0.1128 0.8616 0.4949
vn -0.1835 0.8766 0.4448
vn 0.6597 0.6170 0.4291
vn -0.0659 0.8439 0.5324
vn -0.0717 0.7256 -0.6844
vn -0.7718 0.3477 0.5324
vn -0.7717 0.3478 0.5324
vn -0.7717 0.3477 0.5324
vn -0.9398 0.3260 0.1025
vn -0.9141 -0.0113 0.4053
vn -0.8546 0.4462 0.2655
vn -0.8892 0.2532 0.3812
vn -0.3045 0.6883 -0.6584
vn -0.3045 0.6883 -0.6585
vn -0.7930 0.5463 0.2697
vn -0.7543 0.5537 0.3527
vn -0.8131 0.5181 0.2655
vn -0.8046 0.5081 0.3073
vn -0.8927 0.4167 0.1717
vn -0.4300 0.7398 0.5175
vn -0.4300 0.7397 0.5176
vn -0.4300 0.7398 0.5176
vn -0.9537 0.2829 0.1025
vn 0.4171 0.9083 0.0328
vn 0.4170 0.9083 0.0328
vn -0.2058 0.9112 0.3568
vn -0.5708 0.1819 0.8007
vn -0.6266 0.2076 0.7512
vn -0.6478 0.2929 0.7032
vn -0.5033 0.4661 0.7276
vn -0.3117 0.9446 0.1025
vn -0.2957 0.9515 0.0851
vn -0.3190 0.7330 0.6008
vn -0.4704 0.5647 0.6781
vn -0.3470 0.9265 0.1459
vn -0.7028 0.2692 0.6585
vn -0.7592 0.2665 0.5938
vn -0.4200 0.6069 0.6747
vn -0.6625 0.2581 0.7032
vn -0.2518 0.9191 -0.3031
vn -0.2518 0.9191 -0.3032
vn -0.2518 0.9190 -0.3032
vn 0.2115 0.9292 -0.3032
vn -0.1316 0.9539 0.2697
vn -0.1260 0.9730 0.1932
vn -0.0509 0.9904 0.1285
vn 0.1598 0.9689 0.1889
vn -0.5218 0.7080 0.4759
vn -0.5218 0.7080 0.4758
vn 0.4903 0.8593 0.1459
vn -0.5219 0.7080 0.4758
vn 0.2669 0.9520 0.1498
vn 0.0453 0.9990 -0.0066
vn -0.0943 0.9932 0.0677
vn 0.0453 0.9990 -0.0065
vn -0.1130 0.9934 -0.0196
vn 0.3825 0.9235 0.0284
vn -0.0942 0.9878 0.1242
vn -0.2410 0.9588 0.1502
vn -0.3244 0.6222 0.7125
vn -0.5947 0.7543 0.2781
vn -0.5858 0.7838 0.2061
vn -0.5085 0.8455 0.1631
vn -0.3271 0.9018 0.2823
vn -0.1670 0.8915 0.4212
vn -0.2129 0.8555 0.4720
vn -0.2129 0.8555 0.4721
vn 0.0151 0.9460 0.3239
vn -0.1596 0.8928 0.4212
vn -0.2224 0.9357 0.2739
vn -0.1223 0.9180 0.3772
vn -0.5346 0.8404 0.0895
vn -0.1223 0.9181 0.3771
vn -0.5302 0.8479 0.0022
vn -0.4445 0.6144 0.6518
vn -0.4445 0.6144 0.6519
vn -0.5436 0.8258 0.1502
vn 0.3117 0.9495 0.0371
vn -0.3455 0.6035 0.7186
vn -0.9769 0.2025 -0.0677
vn -0.7784 0.5973 -0.1932
vn -0.9518 0.3045 -0.0372
vn -0.8850 0.4645 -0.0328
vn 0.2457 0.8051 -0.5398
vn 0.2458 0.8051 -0.5398
vn -0.9170 0.3579 -0.1760
vn -0.9112 0.3683 -0.1846
vn -0.4812 0.5438 0.6875
vn -0.9542 0.2973 -0.0328
vn -0.9589 0.2794 0.0502
vn 0.0321 0.8705 -0.4912
vn 0.0321 0.8705 -0.4911
vn -0.9723 0.2283 0.0502
vn -0.4482 0.7662 0.4604
vn -0.4482 0.7663 0.4604
vn 0.0075 0.7291 0.6844
vn 0.0829 0.9959 -0.0371
vn -0.3616 0.9323 0.0066
vn 0.0791 0.9796 0.1846
vn 0.0075 0.7291 0.6843
vn -0.1448 0.9780 0.1502
vn 0.8023 0.5857 0.1155
vn 0.1577 0.9523 0.2613
vn 0.1166 0.9315 0.3445
vn 0.2723 0.8088 0.5213
vn 0.1035 0.9585 0.2655
vn 0.1149 0.9897 0.0851
vn 0.1838 0.9364 0.2990
vn 0.1948 0.9406 0.2781
vn 0.0415 0.9968 -0.0677
vn 0.1839 0.9364 0.2990
vn 0.1483 0.9285 0.3404
vn -0.0414 0.5764 0.8161
vn -0.0414 0.5763 0.8162
vn 0.1072 0.8301 0.5472
vn -0.0301 0.5260 0.8499
vn 0.3019 0.7486 0.5903
vn 0.1877 0.6363 0.7483
vn 0.2005 0.9729 -0.1155
vn 0.2005 0.9729 -0.1156
vn 0.4035 0.7467 0.5287
vn 0.4667 0.6802 0.5653
vn 0.6183 0.7650 -0.1803
vn 0.6183 0.7649 -0.1803
vn 0.3891 0.7217 0.5725
vn 0.2254 0.8061 0.5471
vn -0.0885 0.7503 0.6552
vn 0.0660 0.8223 0.5653
vn 0.7211 0.6904 -0.0590
vn 0.7210 0.6904 -0.0589
vn -0.5613 0.4414 -0.7001
vn -0.8571 0.1426 0.4950
vn -0.5364 0.2894 0.7928
vn -0.8002 0.1239 0.5867
vn -0.6907 0.1237 0.7125
vn 0.6792 0.6739 -0.2907
vn 0.6793 0.6739 -0.2907
vn -0.7482 0.2661 0.6078
vn -0.7384 0.2696 0.6181
vn -0.2836 0.6069 -0.7425
vn -0.2836 0.6069 -0.7424
vn -0.8065 0.1165 0.5796
vn -0.8217 0.0339 0.5689
vn -0.4982 0.8026 -0.3281
vn -0.4983 0.8026 -0.3281
vn -0.8484 0.0264 0.5287
vn 0.0528 0.8673 0.4949
vn 0.0527 0.8673 0.4950
vn -0.3117 0.9446 -0.1025
vn 0.1666 0.7951 0.5832
vn 0.4940 0.8279 0.2655
vn 0.2686 0.7826 0.5617
vn 0.4212 0.7673 0.4835
vn -0.0698 0.9723 -0.2231
vn -0.0434 0.9767 -0.2103
vn -0.0435 0.9767 -0.2103
vn 0.2676 0.8627 0.4291
vn -0.0623 0.9728 -0.2231
vn 0.2837 0.8634 0.4172
vn -0.1111 0.9611 -0.2528
vn 0.2684 0.7774 0.5689
vn -0.1111 0.9611 -0.2529
vn 0.2727 0.7226 0.6352
vn -0.6619 0.6779 -0.3198
vn 0.2300 0.7226 0.6519
vn 0.3403 0.9203 -0.1932
vn 0.3403 0.9202 -0.1932
vn 0.3711 0.8886 0.2697
vn -0.7641 0.3476 0.5435
vn -0.9672 0.0829 0.2401
vn -0.7382 0.1610 0.6551
vn -0.8696 0.0791 0.4873
vn -0.4687 0.7765 -0.4212
vn -0.4686 0.7765 -0.4212
vn -0.6617 0.1237 0.7395
vn -0.6660 0.0301 0.7454
vn 0.6494 0.4662 0.6008
vn -0.6975 0.1015 0.7094
vn -0.7310 0.2661 0.6284
vn -0.0717 0.7828 -0.6181
vn -0.0716 0.7828 -0.6181
vn -0.7867 0.3585 0.5025
vn 0.7423 0.5366 0.4013
vn 0.7424 0.5365 0.4013
vn 0.1857 0.8742 -0.4487
vn 0.2702 0.9536 -0.1328
vn 0.2208 0.9723 -0.0764
vn -0.0019 0.9653 -0.2613
vn -0.2190 0.9641 -0.1502
vn -0.2189 0.9641 -0.1502
vn -0.2894 0.8516 -0.4370
vn -0.1092 0.9480 -0.2991
vn -0.2089 0.6016 0.7710
vn 0.1130 0.9936 -0.0022
vn -0.2090 0.6015 0.7710
vn 0.0716 0.9945 0.0764
vn -0.1856 0.9683 0.1674
vn 0.1486 0.9878 -0.0459
vn 0.0867 0.9738 0.2103
vn 0.0942 0.9682 0.2316
vn 0.0941 0.9682 0.2316
vn 0.0716 0.9847 0.1588
vn 0.0935 0.4289 0.8985
vn 0.4937 0.2401 0.8358
vn 0.1800 0.5931 0.7848
vn 0.3654 0.4703 0.8033
vn -0.3628 0.8894 -0.2781
vn 0.1348 0.6822 0.7186
vn 0.1975 0.7202 0.6650
vn 0.4142 0.8130 0.4093
vn 0.4142 0.8129 0.4093
vn 0.1826 0.6645 0.7247
vn 0.4142 0.8130 0.4092
vn 0.1103 0.5340 0.8382
vn 0.1787 0.6182 0.7654
vn 0.1131 0.3871 0.9151
vn -0.1430 0.9652 -0.2189
vn -0.1429 0.9652 -0.2189
vn -0.7279 0.1388 0.6715
vn 0.7296 0.5357 0.4252
vn 0.6822 0.5451 0.4873
vn 0.6055 0.6109 0.5100
vn 0.5393 0.7609 0.3609
vn 0.5448 0.7627 0.3486
vn 0.2847 0.9398 0.1889
vn 0.4489 0.8279 0.3363
vn -0.5498 0.1778 0.8162
vn -0.5498 0.1779 0.8161
vn 0.5871 0.5724 0.5725
vn 0.5308 0.5534 0.6419
vn 0.3345 0.7375 0.5867
vn 0.6231 0.5764 0.5287
vn -0.7901 0.6077 -0.0807
vn -0.7901 0.6076 -0.0808
vn -0.7901 0.6076 -0.0807
vn -0.1224 0.9910 0.0546
vn -0.1968 0.9784 0.0633
vn -0.2758 0.9612 -0.0022
vn -0.2410 0.9445 -0.2231
vn -0.2374 0.9529 0.1889
vn -0.2852 0.7945 -0.5361
vn -0.2899 0.9020 -0.3198
vn -0.3176 0.8456 0.4291
vn -0.3332 0.8375 0.4330
vn -0.3331 0.8375 0.4330
vn -0.3279 0.9434 0.0502
vn -0.4017 0.9118 0.0851
vn -0.2639 0.8658 0.4252
vn -0.2756 0.9605 0.0371
vn -0.2639 0.8658 0.4251
vn 0.2356 0.9692 0.0720
vn -0.5426 0.5613 0.6249
vn -0.5426 0.5613 0.6250
vn -0.5426 0.5614 0.6248
vn 0.0245 0.8553 0.5176
vn -0.0509 0.8541 0.5176
vn -0.1204 0.8855 0.4487
vn -0.0641 0.9665 0.2486
vn -0.8417 0.4628 0.2781
vn -0.8417 0.4627 0.2781
vn -0.0904 0.9906 -0.1025
vn -0.0980 0.9851 0.1415
vn 0.1446 0.9458 0.2907
vn 0.1447 0.9458 0.2907
vn -0.1853 0.8555 0.4835
vn -0.2671 0.8269 0.4949
vn -0.0226 0.4887 0.8722
vn -0.0226 0.4887 0.8721
vn -0.1259 0.8662 0.4835
vn -0.3218 0.3099 0.8947
vn -0.3218 0.3099 0.8946
vn 0.1220 0.7158 0.6875
vn 0.1219 0.7158 0.6875
vn -0.0056 0.2549 0.9670
vn -0.3085 0.5494 0.7766
vn -0.0225 0.3581 0.9334
vn -0.0899 0.5002 0.8613
vn -0.1335 0.9815 0.1372
vn -0.1760 0.3449 0.9220
vn -0.1931 0.3495 0.9168
vn -0.0997 0.8382 0.5361
vn -0.0867 0.8773 0.4720
vn -0.0150 0.3544 0.9350
vn -0.0997 0.8335 0.5435
vn 0.0693 0.3687 0.9270
vn -0.1091 0.7972 0.5938
vn 0.0873 0.3269 0.9410
vn -0.0038 0.9922 0.1242
vn -0.2673 0.3628 0.8927
vn -0.4462 0.8885 -0.1068
vn -0.3198 0.8889 0.3281
vn -0.2393 0.9612 -0.1372
vn -0.2674 0.3628 0.8927
vn -0.2447 0.9655 0.0895
vn -0.1223 0.9857 0.1155
vn -0.1710 0.9577 -0.2316
vn -0.0848 0.9757 -0.2018
vn 0.6506 0.5919 -0.4758
vn 0.6505 0.5919 -0.4759
vn -0.1617 0.9702 -0.1803
vn -0.3436 0.9256 -0.1588
vn -0.6368 0.7527 0.1674
vn -0.4726 0.8790 -0.0633
vn -0.6367 0.7527 0.1674
vn 0.4624 0.6801 -0.5689
vn -0.4463 0.8937 -0.0459
vn -0.4462 0.8937 -0.0458
vn 0.1411 0.9645 -0.2231
vn 0.5629 0.8165 -0.1285
vn 0.1855 0.8878 -0.4212
vn 0.3900 0.8588 -0.3322
vn -0.1983 0.8978 0.3933
vn -0.1983 0.8978 0.3932
vn 0.1167 0.8499 -0.5138
vn 0.1688 0.8024 -0.5725
vn 0.7292 0.5485 0.4092
vn 0.7292 0.5484 0.4093
vn 0.1708 0.8475 -0.5025
vn 0.1318 0.9310 -0.3404
vn 0.1315 0.9100 0.3933
vn 0.1316 0.9100 0.3933
vn 0.1692 0.9690 -0.1803
vn 0.1315 0.9100 0.3932
vn 0.1968 0.9714 0.1329
vn 0.2191 0.9672 0.1285
vn 0.1410 0.9785 0.1502
vn 0.5081 0.4110 0.7569
vn 0.6717 0.6303 0.3892
vn 0.5941 0.4176 0.6875
vn 0.1411 0.9785 0.1502
vn 0.6891 0.4624 0.5580
vn -0.3344 0.7949 0.5063
vn 0.5447 0.5554 0.6283
vn 0.5531 0.5624 0.6147
vn 0.4306 0.8816 -0.1932
vn 0.4305 0.8816 -0.1932
vn 0.5880 0.4105 0.6970
vn 0.6142 0.3328 0.7155
vn 0.7679 0.6400 0.0284
vn 0.7679 0.6399 0.0284
vn -0.2553 0.9153 0.3115
vn -0.2554 0.9153 0.3115
vn -0.8448 0.4260 -0.3239
vn -0.8447 0.4260 -0.3239
vn 0.1821 0.9406 -0.2865
vn -0.1651 0.8107 -0.5617
vn 0.1503 0.9105 -0.3852
vn 0.0642 0.8510 -0.5213
vn -0.7501 0.2525 -0.6112
vn 0.0057 0.9310 -0.3650
vn -0.0151 0.9277 -0.3731
vn -0.7357 0.6650 -0.1286
vn -0.7357 0.6650 -0.1285
vn 0.1597 0.9106 -0.3812
vn 0.2445 0.8845 -0.3973
vn -0.1486 0.9707 -0.1889
vn -0.1488 0.9707 -0.1889
vn 0.2627 0.8965 -0.3568
vn -0.5276 0.7982 -0.2907
vn -0.4766 0.8407 -0.2571
vn -0.5339 0.7940 -0.2907
vn -0.5750 0.7548 -0.3157
vn 0.4567 0.6054 0.6519
vn 0.3156 0.2637 0.9115
vn 0.6278 0.4776 0.6147
vn 0.5288 0.3488 0.7738
vn -0.1820 0.9813 -0.0633
vn 0.7096 0.4699 0.5250
vn 0.7538 0.3851 0.5324
vn -0.7701 0.3025 -0.5617
vn -0.7700 0.3026 -0.5617
vn 0.6970 0.4365 0.5689
vn 0.5602 0.5629 0.6078
vn -0.1279 0.9768 -0.1717
vn -0.1280 0.9768 -0.1717
vn -0.1279 0.9767 -0.1721
vn 0.4150 0.6032 0.6812
vn -0.0842 0.4268 0.9004
vn -0.3829 0.2522 0.8887
vn -0.0792 0.8110 -0.5796
vn -0.0942 0.8527 -0.5138
vn -0.1855 0.8660 -0.4643
vn -0.3756 0.7612 -0.5287
vn 0.0790 0.6652 0.7425
vn -0.6679 0.5785 -0.4682
vn -0.4758 0.7294 -0.4915
vn -0.1410 0.9710 0.1932
vn -0.1559 0.9008 -0.4053
vn -0.1523 0.9337 -0.3239
vn -0.1369 0.7981 0.5867
vn -0.1184 0.8428 0.5250
vn -0.1429 0.8782 -0.4565
vn -0.1352 0.7958 0.5902
vn -0.1481 0.7552 0.6385
vn -0.0132 0.9819 0.1889
vn 0.4113 0.7703 0.4873
vn 0.7636 0.5827 0.2781
vn 0.3831 0.8768 0.2907
vn 0.5809 0.7751 0.2486
vn -0.3270 0.3044 0.8946
vn 0.2899 0.9264 0.2401
vn 0.3098 0.9389 0.1502
vn -0.1280 0.9768 0.1717
vn 0.3397 0.9137 0.2231
vn 0.3701 0.8417 0.3933
vn 0.3949 0.2953 0.8700
vn 0.4453 0.7411 0.5025
vn 0.1188 0.1149 0.9862
vn 0.1189 0.1149 0.9862
vn 0.4655 0.5612 0.6843
vn 0.4655 0.5612 0.6844
vn 0.4655 0.5613 0.6843
vn 0.6831 0.6804 -0.2655
vn 0.6721 0.7148 -0.1932
vn 0.6067 0.7798 -0.1545
vn 0.4332 0.8560 -0.2823
vn 0.0208 0.9308 0.3650
vn 0.0208 0.9308 0.3649
vn 0.0943 0.9355 -0.3404
vn 0.3311 0.9017 -0.2781
vn 0.2137 0.7064 0.6747
vn 0.1957 0.7585 0.6215
vn 0.1956 0.7585 0.6217
vn 0.6237 0.7770 -0.0851
vn 0.2171 0.7023 0.6779
vn 0.6226 0.7825 0.0022
vn 0.2221 0.6590 0.7186
vn 0.6331 0.7610 -0.1415
vn 0.1317 0.9451 0.2990
vn 0.1317 0.9451 0.2992
vn 0.1733 0.1693 0.9702
vn -0.3242 0.9172 -0.2316
vn -0.3790 0.9076 -0.1803
vn -0.4725 0.8636 -0.1760
vn -0.5506 0.7527 -0.3609
vn 0.0208 0.9400 0.3404
vn 0.0207 0.9400 0.3404
vn -0.7008 0.4830 -0.5250
vn -0.6210 0.6757 -0.3973
vn 0.0638 0.2943 -0.9536
vn -0.4843 0.8689 -0.1025
vn -0.5236 0.8515 -0.0284
vn 0.3623 0.1118 -0.9253
vn -0.4524 0.8791 -0.1502
vn -0.0829 0.5573 -0.8261
vn -0.0829 0.5574 -0.8261
vn 0.1522 0.9308 -0.3322
vn 0.1522 0.9309 -0.3322
vn 0.0623 0.9944 0.0851
vn -0.0057 0.9917 0.1285
vn -0.1055 0.9887 0.1068
vn -0.1747 0.9788 -0.1069
vn 0.1353 0.7042 -0.6970
vn 0.1166 0.7579 -0.6419
vn -0.3758 0.8518 -0.3650
vn 0.1314 0.7018 -0.7001
vn -0.2610 0.9499 -0.1718
vn 0.1424 0.6579 -0.7395
vn -0.1299 0.9758 0.1760
vn -0.1875 0.9525 0.2401
vn 0.0283 0.9457 -0.3239
vn 0.0284 0.9456 -0.3240
vn -0.0810 0.9872 0.1372
vn 0.3083 0.1671 -0.9365
vn 0.3082 0.1669 -0.9366
vn 0.1410 0.9397 -0.3115
vn 0.4071 0.6398 0.6519
vn -0.0170 0.8197 0.5725
vn 0.3463 0.7205 0.6008
vn 0.2218 0.8145 0.5361
vn -0.5814 0.0038 -0.8136
vn 0.2191 0.6986 0.6812
vn 0.2047 0.7029 0.6812
vn -0.3111 -0.1869 -0.9318
vn 0.3567 0.7183 0.5973
vn 0.4198 0.7296 0.5398
vn -0.6479 0.3000 -0.7001
vn 0.4515 0.6991 0.5544
vn -0.1963 0.7776 -0.5973
vn -0.4157 0.4598 -0.7847
vn -0.3992 0.5257 -0.7512
vn -0.6507 0.7468 -0.1372
vn -0.3295 0.9360 0.1242
vn -0.5130 0.8031 -0.3032
vn -0.4139 0.4567 -0.7874
vn -0.4014 0.9062 -0.1328
vn -0.4281 0.3987 -0.8111
vn -0.4961 0.7637 -0.4132
vn -0.4125 0.7950 -0.4448
vn -0.2993 0.8040 -0.5138
vn -0.4666 0.7981 -0.3812
vn -0.5929 0.7660 -0.2486
vn -0.3665 -0.1370 -0.9203
vn -0.6436 0.7596 -0.0938
vn -0.1945 0.7939 -0.5761
vn 0.1779 0.8738 0.4526
vn 0.3869 0.7581 0.5250
vn 0.3425 0.7664 0.5434
vn -0.2345 0.7804 -0.5796
vn 0.2013 0.6977 -0.6875
vn -0.2717 0.6264 -0.7306
vn 0.2327 0.8187 0.5250
vn -0.0490 0.6450 -0.7626
vn 0.0848 0.8955 0.4370
vn -0.3638 0.5547 -0.7483
vn 0.0170 0.9140 0.4053
vn -0.3406 0.4842 -0.8059
vn 0.0584 0.8755 0.4797
vn -0.3179 0.5557 -0.7682
vn 0.3236 0.9031 0.2823
vn -0.2873 0.6987 -0.6551
vn 0.5308 0.8363 0.1372
vn -0.1909 0.8025 -0.5653
vn 0.3091 0.8731 0.3771
vn 0.4178 0.8191 0.3932
vn 0.3277 0.8184 0.4720
vn 0.3980 0.8451 0.3568
vn 0.3213 0.8669 0.3812
vn 0.6919 0.7053 0.1545
vn 0.5949 0.7494 -0.2907
vn 0.7264 0.6851 0.0546
vn 0.1539 0.9065 0.3932
vn 0.7356 0.6675 -0.1155
vn 0.1632 0.9013 0.4012
vn 0.6285 0.7777 -0.0109
vn 0.2464 0.9390 0.2401
vn 0.6224 0.7822 -0.0284
vn 0.0208 0.9842 0.1760
vn 0.7312 0.6792 0.0633
vn 0.7825 0.6161 0.0895
vn 0.5759 0.5106 0.6385
vn 0.5970 0.4813 0.6419
vn 0.6952 0.4949 0.5213
vn 0.7763 0.6153 0.1372
vn 0.5331 0.4003 0.7454
vn 0.5669 0.4538 0.6875
vn 0.3591 0.7399 0.5689
vn 0.1632 0.8578 0.4873
vn -0.2269 0.7325 -0.6419
vn -0.6181 0.4901 -0.6147
vn -0.2919 0.6616 -0.6907
vn 0.4575 0.6894 0.5617
vn -0.4139 0.5510 -0.7246
vn 0.6573 0.4729 0.5867
vn -0.4084 0.6872 -0.6008
vn -0.4248 0.6803 -0.5973
vn 0.8567 0.3033 0.4172
vn 0.8882 0.0528 0.4565
vn 0.8728 0.0903 0.4797
vn -0.2780 0.6675 -0.6907
vn 0.8522 0.2091 0.4797
vn -0.2152 0.6378 -0.7395
vn 0.8223 0.3870 0.4172
vn -0.1757 0.6631 -0.7277
vn 0.7935 0.4610 0.3973
vn 0.7958 0.3934 0.4604
vn 0.9493 0.2170 0.2274
vn 0.9983 0.0302 0.0502
vn 0.5490 0.8352 0.0328
vn 0.6440 0.6333 0.4291
vn 0.7065 0.7065 -0.0415
vn 0.7293 0.6612 0.1761
vn 0.7955 0.2525 0.5508
vn 0.6392 0.2005 0.7425
vn 0.6515 0.2433 0.7186
vn 0.7297 0.6670 -0.1502
vn 0.7257 0.2802 0.6284
vn 0.7937 0.5916 -0.1415
vn 0.8307 0.2890 0.4759
vn 0.7522 0.6509 -0.1025
vn 0.8642 0.3034 0.4013
vn 0.6280 0.7771 -0.0415
vn 0.8141 0.3382 0.4720
vn 0.5328 0.8424 0.0807
vn 0.8118 0.0302 0.5832
vn 0.7223 -0.2010 0.6617
vn 0.2782 0.8613 0.4251
vn 0.2872 0.8400 0.4604
vn 0.4341 0.7921 0.4291
vn -0.2095 0.9323 0.2948
vn -0.1316 0.9397 0.3157
vn -0.0847 0.9120 0.4013
vn 0.1556 0.8344 0.5287
vn -0.1888 0.8030 0.5653
vn 0.2329 0.8438 0.4835
vn 0.2042 0.9699 0.1329
vn -0.1776 0.7343 0.6552
vn 0.1148 0.9889 -0.0938
vn -0.0170 0.9260 0.3771
vn 0.2700 0.9386 0.2146
vn 0.0735 0.9232 0.3771
vn 0.3575 0.8126 0.4604
vn -0.0716 0.9267 0.3690
vn 0.7013 0.1496 0.6970
vn 0.6785 0.0377 0.7336
vn 0.6208 0.1420 0.7710
vn 0.7121 0.0528 0.7001
vn 0.6999 0.1423 0.6999
vn 0.7669 0.5899 -0.2529
vn 0.5164 0.5818 -0.6284
vn 0.6320 0.7493 -0.1975
vn 0.6869 0.3075 0.6585
vn 0.5596 0.7207 -0.4093
vn 0.6773 0.3005 0.6715
vn 0.5997 0.7952 -0.0895
vn 0.7999 0.2016 0.5653
vn 0.5233 0.8460 -0.1025
vn 0.8032 0.4006 0.4409
vn 0.5794 0.8026 -0.1415
vn 0.7096 0.6776 -0.1932
vn 0.2697 0.8790 -0.3932
vn 0.2060 0.9656 -0.1588
vn 0.1840 0.9611 -0.2061
vn 0.7708 0.5647 -0.2949
vn 0.2005 0.9246 -0.3239
vn 0.2675 0.8379 -0.4758
vn 0.2780 0.7920 -0.5435
vn 0.2148 0.8419 -0.4949
vn 0.0509 0.8674 -0.4949
vn 0.1317 0.8675 -0.4797
vn 0.1912 0.8958 -0.4012
vn 0.4534 0.8508 -0.2655
vn 0.0999 0.9716 -0.2146
vn 0.5800 0.8138 -0.0371
vn 0.0697 0.9881 0.1372
vn 0.1204 0.9874 -0.1025
vn -0.8415 0.5163 -0.1588
vn -0.7932 0.5501 -0.2613
vn -0.7775 0.6096 -0.1545
vn 0.2552 0.8684 -0.4251
vn -0.8200 0.5155 -0.2486
vn 0.3407 0.8385 -0.4252
vn -0.8386 0.5198 -0.1631
vn 0.1949 0.8781 -0.4370
vn -0.8673 0.4978 0.0065
vn -0.8597 0.5108 -0.0066
vn -0.9211 0.3718 -0.1155
vn -0.9602 0.2648 0.0894
vn 0.1408 0.8323 0.5361
vn 0.1849 0.7884 0.5867
vn 0.1683 0.7276 0.6650
vn -0.0490 0.6873 0.7247
vn 0.3553 0.8689 -0.3445
vn 0.4640 0.8212 -0.3322
vn 0.4009 0.8829 -0.2444
vn -0.3113 0.4740 0.8237
vn 0.4305 0.8237 -0.3690
vn -0.1124 0.6130 0.7820
vn 0.3642 0.8669 -0.3404
vn 0.2352 0.6996 0.6748
vn 0.2023 0.9299 -0.3073
vn 0.2997 0.6447 0.7032
vn 0.2189 0.9274 -0.3032
vn 0.1956 0.7386 0.6452
vn 0.2406 0.8481 -0.4720
vn 0.0038 0.8774 -0.4797
vn -0.8498 0.4870 -0.2018
vn -0.7176 0.6869 -0.1155
vn -0.7525 0.6512 -0.0982
vn 0.4805 0.8625 0.1588
vn 0.5159 0.8282 0.2189
vn 0.4899 0.8110 0.3198
vn -0.8197 0.5582 -0.1285
vn 0.2893 0.8709 0.3973
vn -0.8882 0.4062 -0.2146
vn -0.0094 0.8148 0.5796
vn -0.9143 0.3292 -0.2359
vn 0.2146 0.8508 0.4797
vn -0.9050 0.3928 -0.1631
vn 0.5450 0.7681 0.3363
vn -0.7339 0.5650 -0.3771
vn 0.5939 0.7085 0.3812
vn -0.5257 0.6946 -0.4912
vn 0.5206 0.8012 0.2949
vn -0.7428 0.6031 0.2907
vn -0.6676 0.5279 0.5250
vn -0.7002 0.5181 0.4911
vn -0.7475 0.5468 0.3771
vn -0.7689 0.6053 0.2061
vn 0.8694 0.4025 -0.2865
vn 0.8522 0.4971 0.1631
vn 0.8495 0.4839 -0.2103
vn -0.7781 0.6157 0.1242
vn 0.8252 0.5613 -0.0633
vn -0.8001 0.5664 0.1975
vn 0.9097 0.4034 -0.0982
vn -0.5703 0.7419 0.3527
vn 0.9114 0.4036 -0.0807
vn -0.3502 0.8022 0.4835
vn 0.8464 0.4836 -0.2231
vn 0.8024 0.5280 -0.2781
vn 0.4888 0.8165 0.3074
vn 0.5352 0.8213 0.1975
vn 0.5795 0.7630 0.2865
vn 0.8052 0.5020 -0.3157
vn 0.4916 0.8440 0.2146
vn 0.4988 0.8135 0.2990
vn 0.4579 0.7605 0.4604
vn 0.4663 0.7624 0.4487
vn 0.1472 0.5698 0.8085
vn 0.4777 0.7044 0.5250
vn 0.0264 0.7166 0.6970
vn 0.3374 0.8677 0.3649
vn 0.2304 0.7627 0.6043
vn 0.2145 0.8016 0.5581
vn -0.0865 0.7270 0.6812
vn -0.1015 0.7876 0.6078
vn -0.2242 0.9191 0.3239
vn -0.1856 0.9248 0.3322
vn -0.1354 0.9709 0.1975
vn -0.0471 0.7511 0.6585
vn -0.1724 0.8667 0.4682
vn 0.0528 0.6414 0.7654
vn -0.1892 0.9015 0.3892
vn 0.1958 0.5587 0.8059
vn -0.5187 0.8230 0.2316
vn -0.7089 0.6862 0.1631
vn -0.4230 0.8782 0.2231
vn -0.1391 0.9528 0.2697
vn -0.2222 0.8716 0.4370
vn -0.3404 0.9402 0.0066
vn -0.4283 0.7821 0.4526
vn -0.4434 0.8636 0.2401
vn -0.6387 0.6774 0.3650
vn -0.6117 0.6997 0.3690
vn -0.5930 0.7712 0.2316
vn -0.4714 0.7059 0.5287
vn -0.5615 0.6574 0.5025
vn -0.5582 0.6715 0.4873
vn -0.5974 0.6800 0.4251
vn -0.4920 0.7265 0.4797
vn -0.8494 0.4457 0.2824
vn -0.3257 0.8147 0.4797
vn -0.9479 0.2354 0.2146
vn -0.2038 0.8930 0.4013
vn -0.5883 0.7480 0.3074
vn 0.1054 0.9168 -0.3852
vn 0.1392 0.9053 -0.4013
vn 0.1018 0.8380 -0.5361
vn 0.4514 0.7215 -0.5250
vn 0.0547 0.9178 -0.3932
vn 0.3513 0.7544 -0.5544
vn 0.2263 0.9310 -0.2865
vn 0.1873 0.8109 -0.5545
vn 0.1691 0.9203 -0.3527
vn 0.3213 0.8422 -0.4330
vn -0.1969 0.9450 -0.2613
vn 0.3125 0.8496 -0.4250
vn -0.4014 0.9062 -0.1329
vn 0.3547 0.7502 -0.5581
vn -0.1186 0.9313 -0.3445
vn 0.3582 0.6936 -0.6250
vn 0.1373 0.8708 -0.4720
vn 0.4025 0.6721 -0.6215
vn 0.2556 0.9622 0.0938
vn 0.4772 0.8618 0.1717
vn 0.4385 0.8777 0.1932
vn 0.3275 0.9299 0.1674
vn 0.1690 0.9823 0.0808
vn -0.2997 0.8540 0.4252
vn -0.3866 0.5391 0.7483
vn -0.3797 0.7933 0.4759
vn 0.0886 0.9946 0.0546
vn -0.4569 0.6808 0.5725
vn 0.1448 0.9805 0.1329
vn -0.2879 0.7541 0.5903
vn 0.3771 0.9214 -0.0938
vn -0.2874 0.7431 0.6043
vn 0.5678 0.7899 -0.2316
vn -0.3760 0.8019 0.4643
vn -0.4280 0.8118 0.3973
vn -0.6570 0.7530 -0.0371
vn -0.6295 0.7747 -0.0589
vn -0.6563 0.7270 -0.2018
vn -0.4047 0.8367 0.3690
vn -0.5507 0.8332 0.0502
vn -0.6047 0.7964 -0.0109
vn -0.8356 0.5362 0.1199
vn -0.9095 0.3364 0.2444
vn 0.3831 0.8570 -0.3445
vn 0.6659 0.5445 -0.5100
vn 0.2673 0.8080 -0.5250
vn -0.8005 0.5984 0.0328
vn 0.4528 0.6836 -0.5725
vn -0.6335 0.7615 -0.1372
vn 0.1540 0.8203 -0.5508
vn 0.1334 0.7664 -0.6283
vn -0.0509 0.9604 0.2739
vn -0.2952 0.9061 0.3032
vn -0.2716 0.9238 0.2697
vn 0.1945 0.7939 -0.5761
vn -0.1504 0.9590 0.2401
vn 0.3000 0.8500 -0.4330
vn 0.0302 0.9703 0.2401
vn 0.4307 0.8391 -0.3322
vn 0.1129 0.9682 0.2231
vn 0.0245 0.9817 0.1889
vn -0.0735 0.8722 0.4835
vn -0.1865 0.7202 0.6683
vn -0.6824 0.5946 0.4252
vn -0.2986 0.6877 0.6617
vn -0.6263 0.5797 0.5213
vn -0.5058 0.5764 0.6418
vn -0.4344 0.4970 -0.7512
vn -0.3571 0.5782 -0.7336
vn -0.4630 0.5710 -0.6780
vn -0.5265 0.6913 0.4950
vn -0.3535 0.5417 -0.7626
vn -0.5143 0.6950 0.5025
vn -0.4302 0.5049 -0.7483
vn -0.6341 0.5742 0.5178
vn -0.5637 0.3908 -0.7277
vn -0.6803 0.5036 0.5324
vn -0.5566 0.4063 -0.7246
vn -0.7135 0.4960 0.4949
vn -0.4169 0.3515 -0.8382
vn -0.5406 0.1458 -0.8286
vn -0.0566 0.9277 0.3690
vn -0.0000 0.8837 0.4681
vn -0.1241 0.8870 0.4448
vn -0.0302 0.9601 0.2781
vn -0.0396 0.9786 0.2018
vn 0.0340 0.9917 0.1242
vn 0.0151 0.9031 0.4291
vn 0.2484 0.9548 0.1631
vn -0.0490 0.9232 0.3812
vn 0.5645 0.8219 0.0764
vn -0.1616 0.9550 0.2486
vn 0.3456 0.9318 0.1112
vn -0.1670 0.9495 0.2655
vn -0.0188 0.9975 0.0677
vn 0.0150 0.9747 0.2232
vn -0.0453 0.9989 -0.0153
vn -0.0679 0.9977 0.0022
vn -0.3843 0.4950 -0.7793
vn -0.5105 0.6186 -0.5973
vn -0.5169 0.5850 -0.6250
vn -0.4713 0.5114 -0.7186
vn -0.3508 0.4269 -0.8334
vn -0.5942 0.6595 0.4604
vn -0.7818 0.2631 0.5653
vn -0.4637 0.6177 0.6351
vn -0.3011 0.3759 -0.8764
vn -0.6098 0.4412 0.6584
vn -0.3882 0.3882 -0.8358
vn -0.3544 0.6541 0.6683
vn -0.2478 0.6598 -0.7094
vn -0.3288 0.5947 0.7336
vn -0.1540 0.8347 -0.5287
vn -0.3910 0.6119 0.6876
vn -0.5072 0.6628 0.5508
vn -0.7976 0.3278 -0.5063
vn -0.9145 0.1466 -0.3771
vn -0.8938 0.1540 -0.4212
vn -0.6293 0.6373 0.4448
vn -0.8366 0.2349 -0.4949
vn -0.7385 0.3784 -0.5581
vn -0.6811 0.4332 -0.5903
vn -0.7231 0.3470 -0.5973
vn -0.5066 0.4481 0.7366
vn -0.1888 0.2127 0.9587
vn -0.3424 0.5980 0.7247
vn -0.8557 0.4193 -0.3032
vn -0.2406 0.4519 0.8590
vn -0.9123 0.4070 -0.0459
vn -0.3249 0.6883 0.6486
vn -0.2319 0.7160 0.6585
vn -0.4924 0.5337 0.6875
vn -0.3949 0.5986 0.6970
vn -0.4138 0.5015 0.7598
vn -0.2913 0.6652 0.6875
vn -0.4311 0.6062 0.6683
vn -0.4356 0.5540 0.7094
vn -0.4833 0.5379 0.6907
vn -0.5039 0.4108 0.7598
vn -0.5956 0.4048 0.6939
vn -0.5804 0.4105 0.7032
vn -0.6153 0.5419 0.5726
vn -0.7771 0.3790 0.5025
vn -0.3007 0.7913 0.5324
vn -0.3639 0.7961 0.4835
vn -0.3755 0.8412 0.3892
vn -0.2040 0.9374 0.2823
vn -0.8048 0.5921 0.0415
vn -0.8019 0.5919 0.0808
vn -0.7010 0.7063 0.0982
vn -0.8734 0.4709 0.1242
vn -0.1671 0.9693 0.1803
vn -0.8329 0.5455 0.0938
vn -0.4464 0.8134 0.3731
vn -0.7876 0.5498 -0.2781
vn -0.5152 0.7918 0.3281
vn -0.7268 0.4683 -0.5025
vn -0.3975 0.8193 0.4132
vn -0.7720 0.6095 -0.1803
vn -0.7519 0.6506 0.1069
vn -0.8548 0.3566 -0.3771
vn -0.8624 0.3710 -0.3445
vn -0.7827 0.5071 -0.3609
vn -0.0358 0.9852 0.1674
vn 0.3508 0.9333 -0.0764
vn 0.0697 0.9834 0.1674
vn -0.9260 0.2683 -0.2655
vn 0.2338 0.9637 0.1286
vn -0.8899 0.3293 -0.3157
vn 0.0905 0.9957 0.0197
vn -0.7427 0.2016 -0.6385
vn 0.1055 0.9944 0.0065
vn -0.6172 0.0566 -0.7847
vn 0.0660 0.9822 0.1760
vn -0.7676 0.2883 -0.5725
vn -0.8279 0.4489 -0.3363
vn 0.0188 0.9628 0.2697
vn -0.1337 0.9827 0.1285
vn -0.1018 0.9827 0.1545
vn 0.0264 0.9974 0.0677
vn -0.1800 0.9435 0.2781
vn -0.1374 0.9698 0.2018
vn 0.2223 0.8696 0.4409
vn 0.0302 0.9993 0.0197
vn -0.3493 0.9309 -0.1069
vn 0.1653 0.9663 0.1975
vn -0.4994 0.8247 -0.2655
vn 0.0302 0.9947 -0.0981
vn -0.2483 0.9666 -0.0633
vn 0.1149 0.9850 -0.1286
vn -0.0264 0.9919 0.1242
vn 0.0660 0.9958 -0.0633
vn -0.0622 0.9961 0.0633
vn -0.4796 0.7654 0.4291
vn -0.4156 0.6444 0.6419
vn -0.4516 0.6467 0.6147
vn -0.1280 0.9673 0.2189
vn -0.4957 0.7029 0.5101
vn -0.5101 0.7881 0.3445
vn -0.5228 0.8100 0.2655
vn -0.5585 0.7565 0.3404
vn -0.6538 0.7524 0.0808
vn -0.5978 0.7945 0.1069
vn -0.5478 0.8130 0.1975
vn -0.2690 0.8352 0.4797
vn -0.6158 0.6918 0.3771
vn -0.0302 0.8066 0.5903
vn -0.5579 0.4965 0.6650
vn -0.5866 0.6521 0.4802
vn -0.5861 0.6355 -0.5026
vn -0.5720 0.6654 -0.4797
vn -0.4408 0.7030 -0.5581
vn -0.4922 0.8525 0.1760
vn -0.6595 0.6594 -0.3609
vn -0.4114 0.8934 0.1803
vn -0.6115 0.6596 -0.4370
vn -0.5405 0.8254 0.1631
vn -0.6598 0.3620 -0.6585
vn -0.6804 0.1276 -0.7216
vn -0.6091 0.4612 -0.6452
vn -0.5041 0.6970 -0.5101
vn 0.4374 0.8356 -0.3322
vn 0.2758 0.6486 -0.7094
vn 0.2410 0.9177 -0.3157
vn 0.2130 0.8264 -0.5213
vn 0.4269 0.8853 -0.1846
vn 0.4260 0.8007 -0.4212
vn 0.4614 0.7992 -0.3852
vn 0.1784 0.9583 -0.2231
vn 0.4733 0.8399 -0.2655
vn 0.0867 0.9647 -0.2486
vn 0.4390 0.8936 -0.0938
vn 0.1579 0.9487 -0.2739
vn 0.4310 0.9023 -0.0109
vn 0.3398 0.8944 -0.2907
vn 0.4863 0.8700 -0.0807
vn 0.4601 0.8094 -0.3650
vn 0.2264 0.9360 -0.2697
vn 0.0227 0.8992 -0.4370
vn 0.5591 0.7425 0.3691
vn 0.5386 0.7670 0.3486
vn 0.4204 0.7886 0.4487
vn -0.2799 0.6955 -0.6617
vn -0.2108 0.7344 -0.6452
vn -0.1872 0.8008 -0.5689
vn 0.6025 0.7676 0.2189
vn -0.3301 0.8525 -0.4053
vn 0.5676 0.7671 0.2990
vn -0.4139 0.9078 -0.0676
vn 0.7050 0.4889 0.5138
vn -0.3362 0.8932 -0.2986
vn 0.7727 0.2665 0.5761
vn -0.1129 0.8045 -0.5832
vn 0.6318 0.5837 0.5101
vn -0.0264 0.8195 -0.5725
vn 0.4725 0.7907 0.3893
vn -0.1631 0.7826 -0.6008
vn 0.6282 0.6737 -0.3892
vn 0.5480 0.6906 -0.4720
vn 0.6351 0.6084 -0.4758
vn 0.5569 0.7088 -0.4330
vn 0.6237 0.6734 -0.3970
vn -0.3356 0.8718 0.3568
vn -0.2801 0.8645 0.4172
vn -0.2851 0.8139 0.5063
vn 0.7447 0.6008 -0.2907
vn -0.4606 0.6873 0.5617
vn 0.7385 0.6001 -0.3074
vn -0.6088 0.3958 0.6875
vn 0.6388 0.7336 -0.2317
vn -0.4942 0.6007 0.6284
vn 0.7481 0.6628 -0.0328
vn -0.2145 0.8236 0.5250
vn -0.1333 0.8115 0.5689
vn 0.8375 0.3173 0.4448
vn 0.7746 0.3234 0.5435
vn 0.7855 0.4136 0.4604
vn 0.7983 0.2883 0.5288
vn 0.8333 0.3175 0.4526
vn 0.8946 0.3394 0.2907
vn 0.8876 0.3467 0.3032
vn 0.0415 0.9968 0.0677
vn 0.0094 0.9858 0.1675
vn 0.9085 0.1800 0.3771
vn -0.2024 0.9545 0.2189
vn 0.9797 0.1280 0.1545
vn -0.4641 0.7937 0.3932
vn -0.2718 0.9147 0.2990
vn 0.4622 0.8635 0.2018
vn 0.4527 0.8872 0.0894
vn 0.5434 0.8282 0.1372
vn 0.0754 0.9774 0.1975
vn 0.4271 0.8956 0.1242
vn 0.1372 0.9566 0.2570
vn 0.4653 0.8638 0.1932
vn 0.0453 0.9883 0.1459
vn 0.5101 0.7881 0.3445
vn 0.5120 0.7939 0.3281
vn 0.3515 0.8768 0.3281
vn 0.3321 0.7735 0.5398
vn 0.6173 0.7188 -0.3198
vn 0.4976 0.8618 0.0981
vn 0.5579 0.7877 -0.2613
vn 0.4711 0.8713 -0.1372
vn 0.4104 0.9117 0.0197
vn 0.3754 0.9261 0.0371
vn 0.3910 0.9008 0.1889
vn 0.6288 0.7661 -0.1329
vn 0.2992 0.9500 -0.0895
vn 0.6261 0.7712 -0.1155
vn 0.3475 0.9375 -0.0197
vn 0.5530 0.7869 -0.2739
vn 0.6643 0.7426 -0.0855
vn 0.4982 0.7974 -0.3404
vn 0.8058 0.5668 -0.1717
vn 0.5194 0.7688 -0.3731
vn 0.5987 0.8009 -0.0066
vn 0.3666 0.9232 0.1155
vn 0.8632 0.4157 0.2865
vn 0.8027 0.5860 0.1112
vn 0.8281 0.5485 0.1156
vn -0.2492 0.6916 0.6779
vn 0.0132 0.9210 0.3892
vn -0.4035 0.7441 0.5324
vn 0.8690 0.4574 0.1889
vn -0.2405 0.8647 0.4409
vn 0.8800 0.3395 0.3322
vn -0.5080 0.6941 0.5101
vn 0.8809 0.2751 0.3852
vn -0.5387 0.7274 0.4251
vn 0.9045 0.3042 0.2990
vn -0.4826 0.7303 0.4835
vn 0.7257 0.5673 0.3892
vn -0.3577 0.7000 0.6181
vn 0.5356 0.7494 0.3892
vn -0.1974 0.7050 0.6812
vn 0.9575 0.0904 0.2739
vn 0.9979 0.0604 0.0240
vn 0.9975 0.0302 0.0633
vn 0.9815 0.0302 0.1889
vn 0.9289 0.0829 0.3609
vn -0.6621 0.7127 0.2316
vn -0.7333 0.6465 -0.2103
vn -0.7992 0.5434 0.2570
vn 0.8949 0.0904 0.4370
vn -0.8182 0.5740 0.0328
vn 0.9289 0.0302 0.3690
vn -0.8174 0.4618 0.3445
vn 0.9377 0.2971 0.1803
vn -0.8656 0.3953 0.3074
vn 0.8853 0.4646 -0.0197
vn -0.8358 0.4659 0.2907
vn -0.7304 0.6238 0.2781
vn 0.2957 0.9542 -0.0458
vn 0.2921 0.9526 -0.0851
vn 0.1355 0.9855 -0.1025
vn -0.6477 0.7370 0.1932
vn 0.4188 0.8989 -0.1285
vn 0.3475 0.9326 -0.0981
vn 0.2986 0.9142 0.2739
vn 0.2956 0.8171 0.4950
vn 0.1353 0.7576 -0.6385
vn -0.3199 0.7549 -0.5725
vn 0.0396 0.7311 -0.6812
vn 0.2538 0.9519 0.1717
vn -0.1296 0.6990 -0.7032
vn 0.2152 0.9697 -0.1155
vn -0.0415 0.8138 -0.5796
vn -0.0604 0.8152 -0.5761
vn -0.3579 0.1580 -0.9203
vn -0.3511 0.3978 -0.8476
vn -0.3818 0.3631 -0.8500
vn 0.0491 0.7275 -0.6844
vn -0.4036 0.2410 -0.8826
vn 0.0867 0.6707 -0.7366
vn -0.3737 0.0640 -0.9253
vn 0.1315 0.6732 -0.7277
vn -0.3665 -0.0189 -0.9302
vn -0.4234 0.0565 -0.9042
vn -0.1467 0.2288 -0.9624
vn 0.0621 0.3863 -0.9203
vn -0.7187 0.6600 0.2189
vn -0.6971 0.3966 0.5973
vn -0.7636 0.5828 0.2781
vn -0.7956 0.4608 0.3932
vn -0.2363 0.2590 -0.9365
vn -0.2179 0.3674 -0.9042
vn -0.3259 0.3112 -0.8927
vn -0.6858 0.6045 0.4053
vn -0.1850 0.3356 -0.9237
vn -0.6819 0.5979 0.4212
vn -0.2386 0.2680 -0.9334
vn -0.7655 0.5860 0.2655
vn -0.3078 0.1076 -0.9454
vn -0.8087 0.5540 0.1975
vn -0.3099 0.1253 -0.9425
vn -0.7919 0.5885 0.1631
vn -0.1314 0.1327 -0.9824
vn -0.1476 -0.0998 -0.9840
vn -0.3972 0.6526 -0.6452
vn -0.3930 0.6808 -0.6181
vn -0.2413 0.7279 -0.6419
vn -0.0019 0.8689 -0.4950
vn 0.4109 0.7066 -0.5761
vn -0.0622 0.7413 -0.6683
vn -0.5161 0.6680 -0.5361
vn 0.1631 0.7168 -0.6779
vn -0.4443 0.6739 -0.5903
vn -0.1610 0.6956 -0.7001
vn -0.4045 0.3871 -0.8286
vn -0.1443 0.6272 -0.7654
vn -0.3938 0.1549 -0.9061
vn -0.1092 0.6868 -0.7186
vn -0.3616 0.4906 -0.7928
vn -0.0679 0.8095 -0.5832
vn -0.3190 0.7184 -0.6181
vn 0.0377 0.8787 -0.4758
vn -0.0923 0.8788 -0.4681
vn -0.1187 0.9655 -0.2316
vn -0.1486 0.9514 -0.2697
vn -0.1503 0.9105 -0.3852
vn -0.1055 0.8304 -0.5471
vn 0.2958 0.8077 0.5100
vn 0.3349 0.8306 0.4448
vn 0.4343 0.8024 0.4093
vn -0.0905 0.7836 -0.6147
vn 0.5559 0.6505 0.5176
vn -0.1540 0.8203 -0.5508
vn 0.7664 0.3649 0.5287
vn 0.1168 0.9137 -0.3892
vn 0.6424 0.5786 0.5025
vn 0.2972 0.9342 -0.1975
vn 0.4252 0.8370 0.3445
vn 0.4429 0.8577 0.2613
vn -0.2443 0.8715 -0.4251
vn -0.4736 0.8052 -0.3568
vn -0.4501 0.7998 -0.3972
vn 0.4011 0.8254 0.3973
vn -0.3371 0.8298 -0.4448
vn -0.1578 0.8756 -0.4565
vn -0.0736 0.8785 -0.4720
vn -0.1559 0.8481 -0.5063
vn -0.0151 0.7832 -0.6215
vn -0.4418 0.7653 -0.4681
vn 0.0151 0.8993 -0.4370
vn -0.2667 0.9406 -0.2103
vn -0.2113 0.8820 -0.4212
vn -0.3755 0.9262 0.0328
vn 0.1130 0.9209 -0.3731
vn 0.0849 0.9543 -0.2865
vn -0.2951 0.2444 -0.9237
vn -0.3243 0.2656 -0.9079
vn -0.2459 0.4007 -0.8826
vn 0.0604 0.9307 -0.3609
vn -0.4354 0.1666 -0.8847
vn 0.0340 0.8481 -0.5287
vn -0.3664 0.2195 -0.9042
vn -0.0604 0.7672 -0.6385
vn -0.0452 0.0532 -0.9976
vn 0.1379 -0.1059 -0.9848
vn -0.1020 0.1513 -0.9832
vn -0.3008 0.3408 -0.8907
vn -0.4068 0.9107 0.0720
vn -0.3757 0.9267 0.0022
vn -0.2829 0.9587 -0.0284
vn -0.1168 0.9859 0.1199
vn -0.4106 0.8570 -0.3115
vn -0.4540 0.8669 -0.2061
vn -0.5101 0.8080 -0.2949
vn 0.2151 0.9498 0.2274
vn -0.4115 0.8837 -0.2231
vn -0.0057 0.9917 0.1286
vn -0.4142 0.8582 -0.3032
vn -0.2901 0.9515 -0.1025
vn -0.3817 0.7970 -0.4681
vn -0.2739 0.9430 -0.1889
vn -0.3903 0.8017 -0.4526
vn -0.3137 0.9484 -0.0458
vn -0.2535 0.8925 -0.3731
vn -0.1279 0.8174 -0.5617
vn -0.5223 0.7588 -0.3893
vn -0.3023 0.8839 -0.3568
vn -0.3448 0.8779 -0.3322
vn 0.6126 0.7630 0.2060
vn 0.6684 0.7257 0.1631
vn 0.7326 0.6552 0.1847
vn -0.4555 0.8242 -0.3363
vn 0.7367 0.5558 0.3852
vn -0.5987 0.7067 -0.3771
vn 0.7540 0.2735 0.5973
vn -0.6595 0.6502 -0.3771
vn 0.7705 0.4603 0.4409
vn -0.6128 0.7208 -0.3239
vn 0.7604 0.6391 0.1155
vn -0.4012 0.7151 -0.5725
vn 0.7997 0.5987 0.0459
vn -0.1701 0.6871 -0.7063
vn 0.7246 0.6726 0.1502
vn -0.2040 0.6278 0.7512
vn -0.3065 0.6415 0.7032
vn -0.2173 0.7054 0.6747
vn -0.2915 0.6103 0.7366
vn -0.2074 0.6335 0.7454
vn 0.3294 0.9259 -0.1847
vn 0.3976 0.8921 -0.2146
vn 0.4839 0.8581 -0.1717
vn -0.0339 0.6393 0.7682
vn 0.5156 0.8553 0.0502
vn -0.0471 0.6451 0.7626
vn 0.6141 0.7061 0.3527
vn -0.1412 0.5076 0.8499
vn 0.5749 0.8074 0.1329
vn 0.0859 0.4344 0.8966
vn 0.5107 0.8268 -0.2359
vn 0.5604 0.7771 -0.2865
vn -0.4720 0.7421 -0.4758
vn -0.4590 0.6794 -0.5725
vn -0.3823 0.7578 -0.5287
vn 0.4658 0.8595 -0.2104
vn -0.4977 0.6760 -0.5435
vn -0.4721 0.7371 -0.4835
vn -0.4459 0.8278 -0.3404
vn -0.4340 0.8272 -0.3568
vn -0.0378 0.6391 -0.7682
vn 0.4038 0.6617 -0.6317
vn 0.0397 0.6974 -0.7156
vn -0.5901 0.7262 -0.3527
vn 0.1796 0.7485 -0.6384
vn -0.6008 0.7897 -0.1242
vn 0.1590 0.6166 -0.7710
vn 0.1718 0.6166 -0.7683
vn -0.2428 0.5960 0.7654
vn -0.1869 0.7800 0.5973
vn -0.1645 0.7547 0.6351
vn 0.0246 0.6981 -0.7156
vn -0.1770 0.6693 0.7216
vn -0.0377 0.7400 -0.6715
vn -0.2426 0.5205 0.8187
vn -0.0736 0.7194 -0.6907
vn -0.2472 0.4483 0.8590
vn -0.1882 0.5157 0.8358
vn -0.4309 0.6309 0.6452
vn -0.5657 0.7042 0.4291
vn 0.8582 0.4773 0.1889
vn 0.6728 0.7262 -0.1415
vn 0.7306 0.6054 0.3156
vn 0.6922 0.7109 0.1242
vn 0.2287 0.7577 0.6112
vn 0.4647 0.7019 0.5398
vn 0.4313 0.6944 0.5760
vn 0.6874 0.5888 0.4251
vn 0.3187 0.7127 0.6250
vn 0.6150 0.6537 0.4409
vn 0.1406 0.7538 0.6419
vn 0.6768 0.6248 0.3892
vn 0.0622 0.7529 0.6552
vn 0.8000 0.5272 0.2865
vn 0.1387 0.7189 0.6811
vn 0.8635 0.4840 0.1415
vn 0.2621 0.8702 0.4172
vn 0.3803 0.9071 0.1803
vn 0.1761 0.7521 -0.6351
vn 0.0641 0.7352 -0.6748
vn 0.1592 0.6802 -0.7155
vn 0.4263 0.7259 0.5398
vn -0.0170 0.8198 0.5725
vn 0.3835 0.5913 0.7094
vn 0.0830 0.7651 -0.6385
vn 0.1845 0.6898 0.7001
vn 0.1612 0.7497 -0.6419
vn 0.4424 0.4943 0.7483
vn 0.3347 0.7231 -0.6043
vn 0.3794 0.4499 0.8085
vn 0.3227 0.7198 -0.6147
vn 0.3961 0.5157 0.7598
vn 0.2331 0.8348 -0.4987
vn 0.4365 0.6406 0.6318
vn 0.4286 0.8229 -0.3731
vn 0.4003 0.7562 0.5176
vn 0.2006 0.9784 0.0503
vn 0.2025 0.9792 0.0109
vn 0.0585 0.9972 -0.0459
vn 0.3475 0.9377 -0.0022
vn 0.2612 0.9652 0.0109
vn -0.3448 0.8732 -0.3445
vn -0.3044 0.9465 0.1068
vn -0.3992 0.8825 -0.2486
vn 0.1316 0.9249 0.3568
vn -0.4361 0.8963 -0.0807
vn 0.0884 0.8151 0.5725
vn -0.2775 0.9445 -0.1760
vn 0.1074 0.9615 0.2529
vn -0.2791 0.9470 -0.1588
vn 0.1354 0.9902 -0.0327
vn -0.4027 0.8785 -0.2571
vn -0.4681 0.8360 -0.2865
vn 0.2814 0.8221 0.4950
vn 0.1390 0.8848 0.4448
vn -0.4606 0.8231 -0.3322
vn 0.4245 0.8057 0.4132
vn 0.3455 0.8242 0.4487
vn 0.2429 0.6208 0.7454
vn 0.2107 0.4202 0.8826
vn 0.3962 0.6913 0.6043
vn 0.6646 0.3278 0.6715
vn 0.4205 0.6102 0.6715
vn 0.2137 0.7064 0.6748
vn 0.4862 0.4702 0.7366
vn 0.2185 0.8725 0.4370
vn 0.5504 0.5797 0.6008
vn 0.5666 0.5640 0.6008
vn -0.5145 0.8256 -0.2316
vn -0.5313 0.8045 -0.2655
vn -0.6521 0.7295 -0.2061
vn 0.4125 0.6191 0.6683
vn -0.4221 0.8316 -0.3609
vn 0.3364 0.6228 0.7063
vn -0.4858 0.8213 -0.2990
vn 0.3135 0.6583 0.6844
vn -0.3845 0.9220 0.0459
vn -0.2501 0.9358 0.2486
vn -0.4713 0.8817 -0.0197
vn -0.5943 0.7634 -0.2528
vn -0.1785 0.9612 -0.2104
vn -0.2934 0.7492 -0.5938
vn -0.3840 0.9110 -0.1502
vn -0.4001 0.8389 -0.3690
vn -0.0547 0.9053 -0.4212
vn 0.0321 0.7800 -0.6249
vn 0.0490 0.8083 -0.5867
vn -0.4395 0.8971 -0.0459
vn 0.0264 0.8728 -0.4873
vn -0.5186 0.8530 -0.0589
vn -0.0603 0.9398 -0.3363
vn -0.4579 0.8836 -0.0982
vn -0.0848 0.9615 -0.2613
vn -0.2848 0.9474 -0.1458
vn -0.0132 0.9488 -0.3157
vn -0.1560 0.9549 -0.2528
vn -0.2312 0.8191 -0.5250
vn -0.3566 0.6428 -0.6779
vn -0.1221 0.8446 0.5213
vn -0.1426 0.8571 0.4949
vn -0.2830 0.7953 0.5361
vn -0.6696 0.7403 0.0589
vn -0.6146 0.7837 0.0895
vn -0.5775 0.7942 0.1889
vn -0.0528 0.9162 0.3973
vn -0.6610 0.6623 0.3527
vn -0.0998 0.8821 0.4604
vn -0.6253 0.4581 0.6317
vn 0.0721 0.6852 0.7247
vn -0.6378 0.6231 0.4526
vn 0.2218 0.5219 0.8236
vn -0.5228 0.8350 0.1717
vn -0.0283 0.7256 0.6875
vn -0.4472 0.8752 0.1846
vn -0.2237 0.8351 0.5025
vn -0.5685 0.8088 0.1502
vn -0.7953 0.5274 0.2990
vn -0.6821 0.7128 0.1631
vn -0.6846 0.6979 0.2103
vn -0.7332 0.6147 0.2907
vn -0.8121 0.4616 0.3568
vn 0.4535 0.8559 -0.2486
vn 0.3305 0.6857 -0.6485
vn 0.2519 0.9364 -0.2444
vn -0.8287 0.3943 0.3973
vn 0.2460 0.8550 -0.4565
vn -0.7820 0.4769 0.4013
vn 0.1764 0.9714 -0.1588
vn -0.8613 0.5009 0.0851
vn 0.0905 0.9770 -0.1932
vn -0.8330 0.5231 -0.1803
vn 0.1673 0.9632 -0.2103
vn 0.3488 0.9123 -0.2146
vn 0.3201 0.6348 0.7032
vn 0.2199 0.6084 0.7626
vn 0.2315 0.6977 0.6780
vn 0.4797 0.8308 -0.2823
vn 0.2687 0.5884 0.7626
vn 0.3096 0.6366 0.7063
vn 0.4212 0.6917 0.5866
vn 0.4067 0.6943 0.5938
vn -0.2287 0.7260 -0.6485
vn -0.1632 0.7634 -0.6249
vn -0.1466 0.8265 -0.5435
vn 0.4648 0.5500 0.6939
vn -0.3020 0.8684 -0.3932
vn 0.6423 0.5477 0.5361
vn -0.4186 0.9060 -0.0633
vn -0.3239 0.9017 -0.2865
vn -0.8336 0.5125 0.2061
vn -0.8839 0.4508 0.1242
vn -0.8297 0.5487 0.1025
vn -0.0717 0.8316 -0.5508
vn -0.8795 0.4439 0.1718
vn 0.0151 0.8463 -0.5324
vn -0.8374 0.5097 0.1975
vn -0.1241 0.8105 -0.5725
vn -0.7362 0.6243 0.2613
vn -0.7953 0.4810 0.3690
vn -0.6364 0.5685 0.5213
vn -0.3842 0.8463 0.3690
vn -0.3427 0.7840 0.5176
vn -0.5250 0.6488 0.5508
vn 0.3201 0.5921 0.7395
vn 0.1684 0.7623 0.6250
vn 0.2123 0.7512 0.6250
vn -0.6766 0.3486 0.6486
vn 0.2984 0.6750 0.6747
vn -0.5589 0.5607 0.6109
vn 0.3826 0.5298 0.7569
vn -0.2759 0.7928 0.5435
vn 0.4272 0.4632 0.7765
vn -0.2052 0.7780 0.5938
vn 0.4237 0.5434 0.7246
vn -0.3169 0.8044 0.5025
vn 0.1123 0.5595 0.8212
vn -0.1562 0.5637 0.8111
vn 0.4108 0.8599 0.3032
vn 0.4957 0.8662 0.0633
vn 0.5101 0.8534 0.1068
vn -0.0170 0.9986 0.0502
vn 0.0113 0.9927 0.1199
vn -0.0208 0.9765 0.2146
vn 0.4880 0.8427 0.2274
vn -0.2409 0.9393 0.2444
vn 0.3877 0.8374 0.3852
vn -0.5139 0.7645 0.3892
vn 0.3506 0.8155 0.4604
vn -0.3164 0.8931 0.3198
vn 0.4296 0.8070 0.4053
vn 0.0415 0.9677 0.2486
vn 0.2447 0.9535 0.1760
vn 0.1017 0.9434 0.3156
vn 0.1111 0.9925 -0.0502
vn 0.0151 0.9802 0.1975
vn -0.6097 0.6859 -0.3973
vn -0.6972 0.6331 -0.3363
vn -0.6626 0.6026 -0.4448
vn -0.6630 0.6749 -0.3239
vn -0.6180 0.6807 -0.3933
vn 0.6288 0.7436 -0.2273
vn 0.4723 0.8609 0.1889
vn 0.5606 0.8101 -0.1717
vn -0.4855 0.7100 -0.5101
vn 0.4696 0.8814 -0.0502
vn -0.5011 0.7019 -0.5063
vn 0.6223 0.7821 -0.0328
vn -0.4881 0.8001 -0.3486
vn 0.6226 0.7824 -0.0153
vn -0.2785 0.8573 -0.4330
vn 0.5640 0.8058 -0.1804
vn 0.5171 0.8177 -0.2528
vn -0.1055 0.9941 0.0241
vn -0.1355 0.9908 -0.0066
vn -0.2647 0.9610 0.0807
vn 0.5356 0.7944 -0.2865
vn -0.0585 0.9900 -0.1285
vn -0.0999 0.9937 -0.0502
vn 0.1153 0.9606 0.2529
vn 0.2873 0.8697 0.4013
vn -0.3202 0.6551 0.6844
vn -0.0396 0.9005 0.4331
vn -0.4651 0.7100 0.5287
vn 0.0095 0.9767 0.2146
vn -0.2908 0.8387 0.4604
vn -0.2098 0.9774 0.0240
vn -0.5668 0.6615 0.4911
vn -0.5897 0.6962 0.4093
vn 0.3329 0.9220 0.1975
vn 0.3025 0.9359 0.1803
vn 0.1966 0.9364 0.2907
vn -0.5369 0.6992 0.4720
vn 0.3472 0.9369 0.0415
vn -0.4266 0.6635 0.6147
vn 0.3295 0.9360 0.1242
vn -0.2737 0.6693 0.6907
vn 0.5631 0.7493 0.3486
vn 0.7066 0.5656 0.4251
vn 0.4669 0.8162 0.3404
vn 0.2372 0.9445 0.2274
vn -0.6939 0.6899 0.2060
vn -0.7239 0.6452 -0.2444
vn -0.8296 0.5189 0.2060
vn -0.8314 0.5555 -0.0153
vn -0.6826 0.6133 0.3973
vn -0.7134 0.5854 0.3852
vn -0.7125 0.4897 0.5025
vn -0.8531 0.4360 0.2865
vn -0.7349 0.6309 0.2486
vn -0.8986 0.3645 0.2444
vn -0.7163 0.6137 0.3322
vn -0.8665 0.4400 0.2359
vn -0.4138 0.7760 0.4761
vn -0.7663 0.5959 0.2401
vn -0.1817 0.8541 0.4873
vn -0.6722 0.7202 0.1717
vn -0.5021 0.7091 0.4949
vn -0.7295 0.5262 0.4370
vn -0.6016 0.7959 -0.0677
vn -0.6812 0.6772 -0.2781
vn -0.6503 0.7117 -0.2655
vn 0.1833 0.7888 -0.5867
vn -0.2743 0.7806 -0.5617
vn 0.0904 0.7643 -0.6385
vn -0.5989 0.7812 -0.1760
vn -0.0717 0.7346 -0.6747
vn -0.5493 0.8356 -0.0022
vn -0.0001 0.8418 -0.5398
vn -0.5055 0.8605 0.0633
vn -0.0151 0.8416 -0.5398
vn -0.5106 0.8592 -0.0328
vn 0.0979 0.7634 -0.6385
vn -0.7585 0.6517 0.0022
vn 0.1445 0.7085 -0.6907
vn -0.9022 0.4309 -0.0197
vn 0.1851 0.7114 -0.6779
vn 0.1259 0.8347 0.5361
vn 0.0847 0.8375 0.5398
vn 0.0641 0.7441 0.6650
vn 0.0471 0.9076 0.4172
vn 0.0773 0.8676 0.4911
vn -0.7475 0.6381 0.1846
vn -0.7525 0.3612 0.5508
vn -0.7967 0.5564 0.2359
vn 0.4344 0.7599 0.4835
vn -0.8384 0.4289 0.3363
vn 0.6380 0.6620 0.3933
vn -0.7310 0.5740 0.3690
vn -0.7275 0.5678 0.3852
vn 0.0603 0.7945 0.6043
vn -0.7983 0.5595 0.2231
vn -0.8330 0.5325 0.1502
vn -0.8829 0.4132 -0.2231
vn -0.7931 0.6042 -0.0764
vn -0.8243 0.5616 -0.0720
vn -0.8146 0.5675 0.1199
vn -0.8744 0.4678 -0.1285
vn -0.9073 0.3329 -0.2570
vn -0.9182 0.2646 -0.2948
vn -0.9292 0.3007 -0.2146
vn 0.0283 0.8932 -0.4487
vn 0.4475 0.7423 -0.4987
vn -0.0132 0.7751 -0.6317
vn -0.7566 0.5479 -0.3568
vn 0.2109 0.7516 -0.6250
vn -0.5625 0.7184 -0.4092
vn -0.1073 0.7272 -0.6780
vn -0.0810 0.6650 -0.7425
vn -0.7982 0.5407 -0.2655
vn -0.7474 0.6288 -0.2146
vn -0.8212 0.5481 -0.1588
vn -0.0585 0.7208 -0.6907
vn -0.7430 0.6162 -0.2613
vn -0.0302 0.8365 -0.5471
vn -0.7974 0.5439 -0.2613
vn 0.0698 0.9024 -0.4251
vn -0.8743 0.3887 -0.2907
vn -0.8705 0.4060 -0.2781
vn -0.7755 0.4703 -0.4212
vn -0.8152 0.2601 -0.5176
vn 0.7843 0.4201 0.4565
vn 0.7596 0.4922 0.4251
vn 0.7783 0.5328 0.3322
vn 0.8894 0.4236 0.1717
vn -0.6467 0.7400 0.1846
vn -0.6229 0.7535 0.2103
vn -0.5311 0.8394 0.1155
vn 0.9345 0.3187 -0.1588
vn -0.6497 0.6817 0.3363
vn 0.9070 0.4170 0.0589
vn -0.6401 0.7240 0.2570
vn 0.7299 0.5927 0.3404
vn -0.8182 0.5740 -0.0328
vn 0.6786 0.6612 0.3198
vn -0.8970 0.3996 -0.1889
vn 0.7554 0.5442 0.3650
vn -0.7535 0.6575 0.0022
vn -0.5685 0.8036 0.1760
vn -0.2845 0.9416 0.1803
vn -0.1762 0.9126 0.3690
vn -0.2929 0.8820 0.3690
vn -0.4074 0.5901 0.6970
vn -0.0979 0.8782 0.4682
vn -0.2625 0.9227 0.2823
vn -0.2067 0.7556 0.6215
vn -0.3580 0.9260 0.1198
vn -0.4051 0.9126 0.0546
vn 0.0773 0.8676 0.4912
vn -0.3979 0.9051 0.1502
vn -0.0000 0.8795 0.4758
vn -0.0830 0.9917 0.0981
vn -0.1726 0.9013 0.3973
vn 0.1820 0.9788 0.0938
vn -0.3354 0.8615 0.3812
vn -0.3590 0.8827 0.3032
vn -0.4815 0.7385 0.4720
vn -0.4924 0.7573 0.4291
vn -0.4438 0.8290 0.3404
vn -0.3202 0.9196 0.2274
vn 0.0841 0.4147 0.9061
vn 0.0489 0.4791 0.8764
vn 0.0845 0.5608 0.8236
vn -0.2738 0.9478 0.1631
vn 0.2959 0.5753 0.7626
vn -0.3596 0.9138 0.1889
vn 0.5551 0.6391 0.5325
vn -0.2167 0.8524 0.4759
vn 0.3713 0.6205 0.6907
vn -0.1183 0.7165 0.6875
vn 0.0188 0.5917 0.8059
vn -0.0452 0.6419 0.7654
vn -0.8298 0.5096 -0.2274
vn -0.8372 0.5132 -0.1889
vn -0.7509 0.6388 -0.1674
vn 0.0470 0.5506 0.8334
vn -0.9079 0.3929 -0.1459
vn -0.8699 0.4608 -0.1761
vn -0.7333 0.4321 -0.5250
vn -0.6190 0.3304 -0.7125
vn 0.7030 0.7003 0.1242
vn 0.6893 0.7227 0.0502
vn 0.7223 0.6903 -0.0415
vn -0.7484 0.4989 -0.4370
vn 0.8581 0.5106 -0.0546
vn -0.7964 0.5824 -0.1631
vn 0.9584 0.2099 -0.1932
vn 0.8940 0.4305 -0.1242
vn -0.4000 0.7833 0.4758
vn -0.3486 0.7394 0.5761
vn -0.4555 0.7135 0.5324
vn 0.6753 0.7326 -0.0851
vn -0.3321 0.7709 0.5435
vn 0.6302 0.7609 -0.1545
vn -0.3946 0.7790 0.4873
vn 0.6961 0.7174 -0.0284
vn -0.4960 0.7988 0.3404
vn -0.4908 0.7948 0.3568
vn -0.3268 0.8769 0.3525
vn -0.3858 0.9142 0.1242
vn 0.2843 0.8994 0.3322
vn 0.2843 0.9236 0.2571
vn 0.3594 0.9156 0.1803
vn 0.5491 0.8077 0.2146
vn -0.5309 0.8340 -0.1502
vn -0.3893 0.9202 0.0415
vn -0.4307 0.9018 0.0371
vn 0.8054 0.5796 0.1242
vn -0.5125 0.8575 -0.0459
vn 0.6343 0.7557 0.1631
vn -0.5863 0.7845 -0.2018
vn 0.3152 0.9409 0.1242
vn -0.6206 0.7393 -0.2613
vn 0.2900 0.9561 0.0415
vn -0.6209 0.7648 -0.1717
vn 0.3223 0.9285 0.1846
vn -0.3346 0.9101 -0.2444
vn -0.0754 0.9678 -0.2401
vn -0.6566 0.0677 0.7512
vn -0.7340 0.1016 0.6715
vn -0.6599 0.1752 0.7306
vn -0.4601 0.8523 0.2486
vn -0.1055 0.9944 -0.0109
vn -0.3575 0.9002 0.2486
vn -0.7239 0.0565 0.6875
vn -0.2043 0.9579 0.2018
vn -0.6624 0.0752 0.7454
vn -0.3615 0.9272 0.0982
vn -0.5225 0.0676 0.8499
vn -0.3457 0.9345 0.0851
vn -0.5322 0.0788 0.8429
vn -0.3659 0.8944 0.2571
vn -0.6028 -0.0901 0.7928
vn -0.3534 0.8729 0.3363
vn -0.4052 -0.1688 0.8985
vn -0.3950 0.8500 0.3486
vn -0.4504 0.8707 -0.1975
vn -0.3818 0.8773 -0.2907
vn -0.3510 0.9189 -0.1803
vn -0.4213 0.8605 -0.2865
vn -0.4405 0.8738 -0.2061
vn 0.7474 0.6195 -0.2401
vn 0.4510 0.8919 -0.0328
vn 0.8139 0.5801 -0.0328
vn -0.5039 0.8628 -0.0415
vn 0.6630 0.7484 0.0153
vn -0.4862 0.8724 -0.0502
vn 0.8709 0.4912 0.0153
vn -0.5929 0.7858 -0.1760
vn 0.8611 0.4971 0.1068
vn -0.7070 0.7070 0.0153
vn 0.8433 0.5362 0.0371
vn 0.8026 0.5794 -0.1415
vn -0.6885 0.0302 0.7246
vn -0.6304 0.2785 0.7246
vn -0.6165 0.2360 0.7512
vn 0.7121 0.6534 -0.2571
vn -0.6363 0.1163 0.7626
vn -0.6833 -0.0602 0.7276
vn -0.6863 -0.1459 0.7125
vn -0.6429 -0.0715 0.7626
vn 0.8563 0.4088 0.3157
vn 0.6718 0.2507 0.6970
vn 0.9325 0.2024 0.2991
vn -0.8155 0.1240 0.5653
vn 0.8418 0.1872 0.5063
vn -0.8707 0.3107 0.3812
vn 0.9691 0.1354 0.2061
vn 0.9707 0.0453 0.2359
vn -0.2663 0.2584 0.9286
vn -0.0150 0.2629 0.9647
vn -0.0540 0.2318 0.9713
vn 0.9577 0.1204 0.2613
vn -0.1772 0.2170 0.9599
vn 0.9112 0.3040 0.2781
vn -0.3501 0.2376 0.9060
vn 0.8318 0.4287 0.3527
vn -0.4286 0.2279 0.8743
vn -0.3585 0.1846 0.9151
vn -0.1960 0.4648 0.8635
vn -0.0094 0.6367 0.7710
vn -0.2274 0.6438 0.7307
vn 0.1802 0.4671 0.8657
vn -0.1728 0.5736 0.8007
vn -0.0619 0.4738 0.8785
vn 0.1728 0.9849 0.0110
vn 0.0942 0.9926 -0.0764
vn 0.2116 0.9732 -0.0894
vn -0.0358 0.6290 0.7765
vn 0.0904 0.9954 -0.0327
vn -0.0188 0.6264 0.7793
vn 0.1728 0.9849 0.0022
vn -0.1818 0.5743 0.7982
vn 0.3118 0.9451 0.0981
vn -0.2566 0.5296 0.8085
vn 0.3064 0.9481 0.0851
vn -0.2935 0.5537 0.7793
vn 0.1485 0.9723 0.1803
vn 0.2786 0.8917 0.3568
vn -0.1389 0.7682 0.6250
vn -0.1165 0.7909 0.6008
vn -0.2238 0.8351 0.5025
vn 0.8812 0.3323 0.3363
vn 0.9829 0.1654 -0.0807
vn 0.9265 0.2535 0.2781
vn 0.0207 0.7666 0.6418
vn 0.9769 0.1429 0.1588
vn -0.0641 0.7780 0.6250
vn 0.9342 0.3257 0.1458
vn -0.3012 0.5417 0.7847
vn 0.9390 0.3190 0.1285
vn -0.3919 0.3294 0.8590
vn 0.9227 0.2534 0.2907
vn -0.2920 0.6311 0.7186
vn 0.9121 0.2021 0.3568
vn -0.1594 0.8242 0.5435
vn 0.8916 0.2314 0.3892
vn -0.1873 0.3795 0.9061
vn -0.1848 0.4153 0.8907
vn -0.3140 0.4636 0.8286
vn -0.0338 0.4178 0.9079
vn -0.1241 0.4087 0.9042
vn -0.0038 0.7079 0.7063
vn -0.4294 0.7185 0.5471
vn -0.0882 0.5456 0.8334
vn -0.2626 0.0709 0.9623
vn -0.2831 0.6107 0.7395
vn -0.2885 -0.1688 0.9425
vn -0.0320 0.4535 0.8907
vn -0.2856 0.1815 0.9410
vn -0.1042 0.3937 0.9133
vn -0.2425 0.4551 0.8568
vn -0.0188 0.6161 0.7875
vn -0.6048 0.7964 -0.0021
vn -0.5982 0.8003 -0.0415
vn -0.7064 0.7010 -0.0982
vn -0.0245 0.7377 0.6747
vn -0.4731 0.8798 -0.0459
vn -0.5489 0.8351 -0.0371
vn -0.6289 0.7142 0.3074
vn -0.5917 0.6117 0.5250
vn 0.1036 0.7278 -0.6780
vn 0.0491 0.7708 -0.6351
vn -0.0548 0.7760 -0.6284
vn -0.6619 0.7219 0.2018
vn -0.1772 0.6359 -0.7512
vn -0.6496 0.7550 -0.0895
vn -0.4443 0.4122 -0.7954
vn -0.2831 0.5854 -0.7597
vn -0.1485 0.9799 0.1329
vn 0.0377 0.9988 -0.0328
vn 0.0377 0.9992 0.0153
vn -0.0604 0.8202 -0.5689
vn -0.0453 0.9932 0.1068
vn -0.0924 0.8596 -0.5025
vn -0.2042 0.9579 0.2018
vn -0.0265 0.7910 -0.6112
vn -0.2589 0.9311 0.2571
vn -0.1671 0.9552 0.2444
vn -0.2429 0.9674 -0.0721
vn -0.2444 0.9110 -0.3322
vn 0.0547 0.8736 0.4835
vn 0.4857 0.7282 0.4835
vn 0.1092 0.9518 0.2865
vn 0.3182 0.8816 0.3486
vn -0.5618 0.3765 0.7366
vn -0.5721 0.4063 0.7125
vn -0.6916 0.3247 0.6452
vn 0.0472 0.9809 0.1889
vn -0.4728 0.5100 0.7186
vn 0.1036 0.9879 0.1155
vn -0.5333 0.4414 0.7216
vn 0.0980 0.9754 0.1975
vn -0.4275 0.1298 0.8946
vn 0.0546 0.9262 0.3731
vn -0.2796 -0.0523 0.9587
vn 0.0847 0.8515 0.5175
vn -0.5092 0.1845 0.8406
vn -0.6392 0.3806 0.6683
vn 0.1914 0.9693 0.1545
vn 0.2209 0.9679 0.1199
vn 0.6444 0.7631 -0.0502
vn 0.5987 0.8010 0.0022
vn 0.5173 0.8558 -0.0022
vn 0.3422 0.9358 0.0851
vn 0.4150 0.8872 -0.2018
vn 0.5056 0.8581 0.0895
vn 0.1336 0.9026 -0.4093
vn 0.5769 0.8133 0.0764
vn 0.3152 0.9159 -0.2486
vn 0.5040 0.8629 0.0371
vn 0.5009 0.8625 0.0720
vn 0.3793 0.8604 0.3404
vn 0.4572 0.8773 0.1459
vn 0.2145 0.8116 0.5435
vn 0.5364 0.8435 0.0284
vn 0.3484 0.9014 0.2571
vn 0.2352 0.9288 0.2865
vn 0.2811 0.9434 0.1760
vn 0.2735 0.9101 0.3115
vn 0.3412 0.9042 0.2569
vn -0.2907 0.8189 -0.4950
vn -0.3611 0.8065 -0.4681
vn -0.4377 0.7481 -0.4988
vn 0.4789 0.8626 0.1631
vn -0.4082 0.6113 -0.6780
vn 0.4658 0.8697 0.1631
vn -0.4384 0.3054 -0.8453
vn -0.4476 0.5197 -0.7277
vn 0.6646 0.6952 0.2739
vn -0.4811 0.7577 -0.4409
vn -0.5497 0.7412 -0.3852
vn -0.1336 0.9874 0.0851
vn -0.1710 0.9816 0.0851
vn -0.2004 0.9509 0.2359
vn -0.4353 0.7690 -0.4681
vn -0.1968 0.9787 -0.0589
vn -0.1802 0.9833 0.0240
vn 0.1877 0.9773 0.0982
vn 0.4189 0.9040 0.0851
vn -0.0999 0.9933 -0.0589
vn -0.1747 0.9836 -0.0459
vn -0.2557 0.9603 -0.1112
vn 0.0829 0.9865 0.1415
vn -0.2134 0.9202 -0.3281
vn -0.2060 0.9656 0.1588
vn -0.2663 0.7367 -0.6216
vn -0.2606 0.8706 -0.4172
vn -0.4356 0.8398 0.3240
vn -0.6431 0.7338 0.2189
vn -0.6097 0.7654 0.2061
vn -0.3064 0.9503 -0.0546
vn -0.5043 0.8282 0.2444
vn -0.3826 0.9237 -0.0197
vn -0.3550 0.8707 0.3404
vn -0.2503 0.9655 -0.0720
vn -0.2769 0.8889 0.3650
vn -0.3394 0.8932 0.2949
vn -0.5227 0.7047 0.4797
vn -0.6667 0.4900 0.5617
vn -0.0113 0.7611 0.6485
vn -0.3651 0.8530 0.3731
vn -0.0434 0.8213 0.5689
vn -0.1373 0.8870 0.4409
vn -0.4457 0.8777 0.1760
vn -0.4137 0.9076 -0.0720
vn -0.3895 0.9205 -0.0328
vn -0.1959 0.7857 0.5867
vn -0.2106 0.7872 0.5796
vn -0.4379 0.8589 0.2655
vn -0.0321 0.8193 0.5725
vn -0.4386 0.8300 0.3445
vn 0.0471 0.8357 0.5471
vn -0.3884 0.8785 0.2781
vn 0.0697 0.8144 0.5760
vn -0.6250 0.7769 0.0764
vn -0.7442 0.6563 -0.1242
vn 0.3542 0.9141 0.1975
vn 0.3330 0.9272 0.1717
vn 0.2040 0.9446 0.2570
vn -0.5967 0.6101 -0.5213
vn -0.4539 0.8717 -0.1846
vn -0.4060 0.6731 -0.6181
vn 0.4018 0.9146 0.0459
vn -0.4009 0.8052 -0.4370
vn 0.3649 0.9227 0.1242
vn -0.3423 0.6231 -0.7032
vn 0.5321 0.7434 0.4053
vn -0.2548 0.6670 -0.7001
vn 0.6439 0.5600 0.5213
vn -0.3298 0.6668 -0.6683
vn 0.4497 0.8115 0.3731
vn -0.5014 0.6226 -0.6008
vn 0.2593 0.9445 0.2018
vn -0.6164 0.6245 -0.4797
vn -0.4845 0.8745 -0.0240
vn -0.5569 0.8237 -0.1069
vn -0.4542 0.8822 -0.1242
vn -0.5630 0.8243 -0.0590
vn -0.4910 0.8705 -0.0328
vn -0.0377 0.6721 -0.7395
vn 0.4086 0.6522 -0.6385
vn 0.0152 0.5004 -0.8656
vn -0.3563 0.9328 0.0546
vn 0.2266 0.5508 -0.8033
vn -0.3613 0.9315 0.0415
vn -0.0509 0.4121 -0.9097
vn -0.4903 0.8593 0.1459
vn 0.0094 0.3424 -0.9395
vn -0.3305 0.8880 0.3198
vn -0.0000 0.4192 -0.9079
vn -0.0378 0.5766 -0.8161
vn -0.4034 0.9097 -0.0982
vn -0.4187 0.8963 -0.1458
vn -0.0019 0.7017 -0.7125
vn -0.3855 0.8837 -0.2655
vn -0.2823 0.8639 -0.4172
vn -0.2424 0.8389 -0.4873
vn -0.3249 0.8388 -0.4370
vn 0.4621 0.8255 0.3239
vn 0.5703 0.8120 -0.1242
vn 0.5424 0.8012 0.2528
vn -0.1373 0.9698 -0.2018
vn 0.6275 0.7713 0.1068
vn -0.0151 0.9993 0.0328
vn 0.4726 0.8712 0.1329
vn 0.4758 0.8719 0.1155
vn -0.9835 -0.0679 -0.1674
vn -0.9641 -0.0075 -0.2655
vn -0.9866 0.0377 -0.1588
vn 0.5402 0.8000 0.2613
vn -0.9636 -0.0566 -0.2613
vn 0.5789 0.7518 0.3156
vn -0.9823 -0.0642 -0.1760
vn 0.5533 0.7527 0.3568
vn -0.9936 -0.1130 -0.0066
vn -0.9950 -0.0980 -0.0197
vn -0.9606 -0.2392 -0.1415
vn -0.9292 -0.3650 0.0589
vn 0.0057 0.6198 -0.7847
vn -0.3227 0.3201 -0.8907
vn -0.0227 0.5338 -0.8453
vn -0.1010 0.3987 -0.9115
vn -0.2282 0.9318 -0.2823
vn -0.1168 0.9570 -0.2655
vn -0.1988 0.9633 -0.1803
vn -0.1695 0.5487 -0.8187
vn -0.1336 0.9435 -0.3032
vn -0.1892 0.5384 -0.8212
vn -0.2190 0.9352 -0.2781
vn -0.0095 0.5379 -0.8430
vn -0.3855 0.8886 -0.2486
vn 0.0734 0.5180 -0.8522
vn 0.0923 0.5522 -0.8286
vn -0.3071 0.8573 -0.4132
vn -0.5144 0.7402 -0.4330
vn -0.9708 -0.0980 -0.2189
vn -0.9850 0.1318 -0.1112
vn -0.9910 0.0905 -0.0982
vn 0.3701 0.9194 0.1329
vn 0.3040 0.7747 0.5544
vn 0.5641 0.8111 0.1545
vn -0.9901 -0.0302 -0.1372
vn 0.4925 0.7901 0.3650
vn -0.9552 -0.1840 -0.2316
vn 0.6369 0.7676 0.0721
vn -0.9303 -0.2574 -0.2613
vn 0.6980 0.7060 0.1199
vn -0.9602 -0.2098 -0.1846
vn 0.6350 0.7617 0.1285
vn -0.9232 0.0491 -0.3812
vn 0.4826 0.8687 0.1112
vn -0.8332 0.2818 -0.4758
vn 0.3349 0.9280 0.1631
vn -0.9564 0.0264 0.2907
vn -0.8556 -0.0038 0.5176
vn -0.8747 -0.0339 0.4835
vn -0.9272 -0.0339 0.3731
vn -0.9792 0.0189 0.2018
vn -0.3596 0.8286 0.4291
vn -0.2871 0.8421 0.4565
vn -0.2291 0.8100 0.5398
vn -0.9923 0.0302 0.1199
vn -0.3240 0.6566 0.6812
vn -0.9814 -0.0340 0.1889
vn -0.3086 0.3697 0.8764
vn -0.9008 0.2352 0.3650
vn -0.2958 0.5827 0.7569
vn -0.7584 0.4059 0.5101
vn -0.1667 0.8369 0.5213
vn -0.0772 0.8499 0.5213
vn -0.0885 0.9236 0.3731
vn -0.0622 0.9621 0.2655
vn 0.0132 0.9356 0.3527
vn -0.2238 0.8305 0.5101
vn -0.0998 0.9541 0.2823
vn -0.0848 0.9272 0.3649
vn -0.0847 0.8492 0.5213
vn -0.0754 0.8568 0.5101
vn 0.6692 0.7319 -0.1286
vn 0.4246 0.7480 -0.5101
vn 0.5091 0.8592 -0.0503
vn -0.2459 0.8691 0.4291
vn 0.4401 0.8578 -0.2655
vn -0.3117 0.7304 0.6078
vn 0.4694 0.8810 0.0589
vn 0.3808 0.9230 0.0546
vn -0.7257 0.5832 0.3649
vn -0.6979 0.6113 0.3731
vn -0.6811 0.6917 0.2401
vn 0.4445 0.8957 0.0109
vn -0.6546 0.5614 0.5063
vn 0.5970 0.8004 -0.0546
vn -0.6874 0.5888 0.4251
vn 0.6764 0.7152 -0.1760
vn -0.9071 0.3364 0.2528
vn -0.9788 0.1243 0.1631
vn -0.8611 0.4434 0.2486
vn -0.6802 0.6615 0.3157
vn -0.0754 0.9342 -0.3486
vn -0.0057 0.9432 -0.3322
vn 0.0491 0.9674 -0.2486
vn -0.0547 0.9972 -0.0502
vn -0.9184 0.1427 0.3690
vn -0.9092 0.1763 0.3771
vn -0.9369 0.2501 0.2444
vn -0.0904 0.9513 0.2948
vn -0.8456 0.1576 0.5101
vn -0.0396 0.9972 0.0633
vn -0.8868 0.1612 0.4330
vn 0.1205 0.9542 -0.2739
vn -0.9505 -0.1614 0.2655
vn 0.2098 0.9386 -0.2739
vn -0.9049 -0.3855 0.1803
vn 0.0641 0.9572 -0.2823
vn -0.9638 -0.0528 0.2613
vn -0.9202 0.2316 0.3157
vn -0.4607 0.8230 -0.3322
vn -0.4206 0.8393 -0.3445
vn -0.4102 0.7709 -0.4873
vn -0.0000 0.7439 0.6683
vn 0.0509 0.7029 0.7094
vn 0.0414 0.6253 0.7793
vn -0.3718 0.9000 -0.2274
vn -0.1616 0.5436 0.8237
vn -0.4110 0.8627 -0.2948
vn -0.3905 0.2819 0.8764
vn -0.7136 0.6655 -0.2189
vn -0.2148 0.4522 0.8657
vn -0.8577 0.5039 -0.1025
vn 0.1161 0.6054 0.7874
vn -0.6434 0.7047 -0.2990
vn 0.1833 0.5592 0.8085
vn -0.4025 0.8128 -0.4212
vn 0.0734 0.6427 0.7626
vn -0.3649 0.9181 0.1545
vn -0.1280 0.9623 0.2401
vn -0.1707 0.9512 0.2571
vn -0.2934 0.9275 0.2316
vn -0.4440 0.8848 0.1415
vn 0.3307 0.8908 0.3115
vn 0.3704 0.8524 0.3690
vn 0.3505 0.8156 0.4604
vn -0.5121 0.8517 0.1112
vn 0.1445 0.8293 0.5398
vn -0.4624 0.8663 0.1889
vn -0.1441 0.6993 0.7001
vn -0.2392 0.9707 -0.0240
vn 0.0697 0.7857 0.6147
vn -0.0132 0.9865 -0.1631
vn 0.4166 0.7770 0.4720
vn 0.4708 0.7199 0.5101
vn -0.9757 0.2171 -0.0284
vn -0.9652 0.2576 -0.0459
vn -0.9584 0.2099 -0.1932
vn 0.3817 0.8145 0.4370
vn -0.9378 0.3405 0.0677
vn -0.9591 0.2830 0.0066
vn -0.9912 -0.0716 0.1110
vn -0.9339 -0.2828 0.2189
vn 0.7931 0.5790 -0.1889
vn 0.7618 0.5889 0.2697
vn 0.7668 0.6336 -0.1025
vn -0.9997 -0.0000 0.0241
vn 0.7265 0.6850 0.0545
vn -0.9612 0.2465 -0.1242
vn 0.8356 0.5493 0.0022
vn 0.8396 0.5428 0.0197
vn 0.2991 0.9353 -0.1889
vn 0.1653 0.9860 0.0196
vn 0.1579 0.9871 -0.0284
vn 0.7656 0.6336 -0.1112
vn 0.2099 0.9681 -0.1372
vn 0.7126 0.6833 -0.1588
vn 0.3275 0.9055 -0.2697
vn 0.7168 0.6661 -0.2061
vn 0.3604 0.8701 -0.3363
vn 0.2844 0.9095 -0.3032
vn 0.4377 0.8990 -0.0153
vn 0.4897 0.8382 0.2401
vn 0.0526 0.4476 0.8927
vn 0.3519 0.6749 0.6485
vn -0.0956 0.5878 0.8033
vn 0.0940 0.6827 0.7247
vn -0.7945 0.4914 -0.3568
vn -0.7178 0.5421 -0.4370
vn -0.7396 0.5877 -0.3281
vn -0.2122 0.5824 0.7847
vn -0.7443 0.5016 -0.4409
vn -0.2346 0.6513 0.7216
vn -0.7871 0.4973 -0.3649
vn -0.1747 0.6159 0.7682
vn -0.8649 0.4537 -0.2146
vn -0.0545 0.5090 0.8590
vn -0.8556 0.4671 -0.2231
vn 0.0954 0.4445 0.8907
vn -0.8686 0.3395 -0.3609
vn -0.9601 0.2061 -0.1889
vn 0.3666 0.9232 -0.1155
vn 0.4677 0.8806 -0.0764
vn 0.3827 0.9239 -0.0066
vn -0.3626 0.7437 0.5617
vn -0.4906 0.8598 0.1415
vn -0.5507 0.6240 0.5544
vn 0.4544 0.8827 -0.1199
vn -0.5785 0.7315 0.3609
vn 0.3737 0.9208 -0.1112
vn -0.5869 0.5270 0.6147
vn 0.2061 0.9706 -0.1242
vn -0.6609 0.4895 0.5689
vn 0.2227 0.9685 -0.1112
vn -0.6052 0.5532 0.5725
vn 0.3044 0.9123 -0.2739
vn -0.4609 0.6627 0.5903
vn 0.0792 0.9324 -0.3527
vn -0.3460 0.7751 0.5287
vn -0.7815 0.4709 -0.4093
vn -0.7029 0.6615 -0.2613
vn -0.7381 0.6221 -0.2613
vn -0.7873 0.5272 -0.3198
vn -0.8118 0.3874 -0.4370
vn 0.3321 0.8610 -0.3852
vn -0.0904 0.9665 -0.2402
vn 0.2277 0.8817 -0.4132
vn -0.8203 0.3173 -0.4758
vn 0.0641 0.9084 -0.4132
vn -0.8425 0.3638 -0.3973
vn 0.1913 0.9401 -0.2823
vn -0.6254 0.5773 -0.5250
vn 0.1728 0.9461 -0.2739
vn -0.4086 0.7278 -0.5508
vn 0.2369 0.8755 -0.4212
vn 0.2512 0.8318 -0.4949
vn -0.8416 0.5295 0.1069
vn -0.8385 0.4254 0.3404
vn -0.8588 0.4160 0.2990
vn 0.2978 0.8186 -0.4911
vn -0.8727 0.4538 0.1803
vn -0.8437 0.5365 0.0153
vn -0.8273 0.5582 -0.0633
vn -0.8673 0.4978 -0.0065
vn -0.4392 0.7154 0.5435
vn -0.4723 0.3450 0.8111
vn -0.5018 0.6388 0.5832
vn -0.7102 0.6648 0.2316
vn -0.5658 0.5006 0.6552
vn -0.5488 0.7150 0.4330
vn -0.4110 0.5913 0.6939
vn -0.4069 0.5793 0.7063
vn 0.2972 0.7926 0.5324
vn 0.3764 0.8127 0.4448
vn 0.4000 0.7407 0.5398
vn -0.5057 0.6454 0.5725
vn 0.3295 0.8286 0.4526
vn -0.5587 0.6570 0.5062
vn 0.3077 0.7910 0.5287
vn -0.5377 0.6907 0.4835
vn 0.2245 0.7153 0.6617
vn 0.2392 0.7166 0.6552
vn 0.1371 0.8257 0.5471
vn -0.0414 0.7310 0.6811
vn 0.2484 0.9501 -0.1889
vn 0.5808 0.7127 -0.3933
vn 0.1448 0.9131 -0.3812
vn 0.3439 0.8291 -0.4409
vn -0.3950 0.8549 0.3363
vn -0.3566 0.8634 0.3568
vn -0.2719 0.9297 0.2486
vn 0.0283 0.9120 -0.4093
vn -0.3810 0.7904 0.4797
vn 0.0170 0.8709 -0.4911
vn -0.3720 0.8351 0.4053
vn 0.0717 0.8985 -0.4331
vn -0.6327 0.7605 0.1459
vn 0.1635 0.9465 -0.2781
vn -0.7778 0.6285 0.0022
vn 0.2955 0.9390 -0.1760
vn -0.5436 0.8207 0.1760
vn -0.3004 0.9001 0.3157
vn -0.7757 0.5934 0.2146
vn -0.7500 0.6195 0.2317
vn -0.7017 0.7030 0.1155
vn -0.2585 0.8273 -0.4987
vn -0.2966 0.8492 -0.4370
vn -0.3911 0.8282 -0.4013
vn -0.7442 0.5594 0.3650
vn -0.5223 0.6834 -0.5101
vn -0.7561 0.5885 0.2865
vn -0.7445 0.4125 -0.5250
vn -0.9298 0.3652 0.0458
vn -0.6109 0.6149 -0.4988
vn -0.9845 0.1579 -0.0764
vn -0.3865 0.8604 -0.3322
vn -0.8819 0.4677 0.0590
vn -0.4061 0.8794 -0.2486
vn -0.7173 0.6719 0.1846
vn -0.3601 0.8497 -0.3852
vn 0.1374 0.9631 -0.2316
vn 0.1745 0.9560 -0.2359
vn 0.1894 0.9049 -0.3812
vn 0.2189 0.9712 -0.0938
vn 0.1858 0.9667 -0.1760
vn 0.0490 0.7736 0.6317
vn 0.4763 0.7369 0.4797
vn 0.0227 0.8934 0.4487
vn -0.1821 0.9624 -0.2018
vn 0.2439 0.8677 0.4331
vn -0.4116 0.8989 -0.1502
vn -0.0754 0.9197 0.3852
vn -0.0830 0.9628 -0.2571
vn -0.0491 0.9530 0.2990
vn 0.2022 0.9299 -0.3074
vn -0.0245 0.9258 0.3771
vn 0.0019 0.8418 0.5398
vn 0.1373 0.9519 0.2739
vn 0.3246 0.8527 0.4093
vn 0.2765 0.8657 0.4172
vn 0.0903 0.7530 0.6519
vn 0.1782 0.9138 0.3650
vn 0.0528 0.9693 0.2402
vn -0.0132 0.9811 0.1932
vn 0.0151 0.9604 0.2781
vn 0.4494 0.8916 -0.0546
vn 0.4172 0.9087 0.0153
vn 0.3244 0.9448 0.0458
vn 0.3134 0.9403 0.1329
vn 0.1578 0.9821 -0.1025
vn 0.5414 0.8395 0.0458
vn -0.1708 0.9616 -0.2146
vn 0.0509 0.9920 -0.1155
vn -0.6751 0.7204 -0.1588
vn -0.6446 0.7460 -0.1675
vn -0.6231 0.7138 -0.3198
vn 0.3297 0.9365 0.1198
vn -0.6043 0.7959 -0.0371
vn 0.3096 0.9283 0.2061
vn -0.6351 0.7644 -0.1112
vn 0.3526 0.9336 0.0633
vn -0.8754 0.4742 -0.0938
vn -0.9651 0.2612 -0.0197
vn -0.6209 0.7448 -0.2444
vn -0.5725 0.7957 -0.1975
vn -0.6302 0.7609 -0.1545
vn -0.7022 0.6888 -0.1804
vn -0.7079 0.5946 -0.3812
vn -0.7263 0.6209 -0.2949
vn -0.5695 0.6562 -0.4949
vn -0.5793 0.6779 -0.4526
vn -0.7356 0.3195 -0.5973
vn -0.6493 0.6760 -0.3486
vn -0.7442 0.5052 -0.4370
vn -0.7618 0.6113 -0.2146
vn -0.7286 0.6765 -0.1069
vn -0.7982 0.5855 -0.1415
vn -0.7675 0.6397 -0.0415
vn -0.7382 0.6501 -0.1803
vn -0.6908 0.7082 -0.1459
vn -0.7702 0.4570 -0.4448
vn -0.7064 0.2911 -0.6452
vn 0.3296 0.9314 0.1545
vn 0.2189 0.9564 0.1932
vn 0.2575 0.9633 0.0764
vn -0.2881 0.9379 0.1932
vn -0.3538 0.9083 0.2231
vn 0.2628 0.9407 0.2146
vn -0.4710 0.8811 -0.0415
vn 0.3225 0.9339 0.1545
vn -0.5799 0.7383 -0.3445
vn 0.4563 0.8884 0.0502
vn -0.5327 0.8371 -0.1242
vn 0.4427 0.8950 0.0546
vn -0.4717 0.8472 0.2444
vn 0.4600 0.8571 0.2317
vn -0.5270 0.7971 0.2949
vn 0.6532 0.7413 0.1545
vn -0.4302 0.8758 0.2189
vn -0.7527 0.5506 -0.3609
vn -0.8066 0.4483 -0.3852
vn -0.7304 0.5045 -0.4604
vn -0.8114 0.4721 -0.3445
vn -0.7576 0.5411 -0.3650
vn 0.0640 0.6234 0.7793
vn -0.3703 0.6715 0.6419
vn -0.0075 0.6859 0.7277
vn -0.6432 0.6753 -0.3609
vn -0.1461 0.7470 0.6485
vn -0.6534 0.6587 -0.3731
vn -0.1310 0.6128 0.7793
vn -0.7425 0.6345 -0.2146
vn -0.1494 0.6156 0.7738
vn -0.5905 0.7967 -0.1285
vn -0.0000 0.6860 0.7276
vn 0.0677 0.7260 0.6844
vn 0.3167 0.9259 0.2061
vn 0.2098 0.9775 -0.0197
vn 0.2540 0.9672 -0.0022
vn 0.1033 0.7065 0.7001
vn 0.3260 0.9398 0.1025
vn 0.3694 0.8880 0.2739
vn 0.3981 0.8502 0.3445
vn 0.4181 0.8725 0.2528
vn -0.8323 0.5227 -0.1846
vn -0.7000 0.6426 -0.3115
vn 0.1017 0.9633 0.2486
vn -0.6577 0.7444 -0.1155
vn -0.1596 0.9706 0.1803
vn -0.6565 0.6258 -0.4212
vn -0.5861 0.6848 -0.4331
vn 0.5058 0.8207 -0.2655
vn 0.6245 0.6552 -0.4251
vn 0.6272 0.6792 -0.3812
vn -0.6463 0.6610 -0.3812
vn 0.5873 0.7537 -0.2949
vn -0.7708 0.5712 -0.2823
vn 0.4708 0.8608 -0.1932
vn -0.8410 0.5233 -0.1372
vn 0.4254 0.8952 -0.1329
vn 0.5019 0.8518 -0.1502
vn 0.3767 0.8082 -0.4526
vn 0.2781 0.6900 -0.6683
vn -0.3890 0.7544 -0.5287
vn 0.0529 0.8257 -0.5617
vn -0.3570 0.6184 -0.7001
vn -0.1482 0.7078 -0.6907
vn -0.4323 0.2525 -0.8657
vn -0.5328 0.2661 -0.8033
vn -0.4930 0.1634 -0.8545
vn -0.4105 0.5252 -0.7454
vn -0.4987 0.2988 -0.8136
vn -0.3546 0.4784 -0.8033
vn -0.4407 0.2530 -0.8613
vn -0.3669 0.5448 -0.7541
vn -0.2948 0.1899 -0.9365
vn -0.4025 0.6721 -0.6215
vn -0.3111 0.1869 -0.9318
vn -0.3642 0.7817 -0.5063
vn -0.3050 0.3677 -0.8785
vn -0.0770 0.3421 -0.9365
vn 0.0528 0.7479 -0.6617
vn 0.0302 0.7255 -0.6876
vn -0.1110 0.7672 -0.6318
vn 0.3843 0.8515 0.3568
vn 0.3490 0.9324 -0.0938
vn 0.4362 0.8611 0.2613
vn 0.1220 0.6386 -0.7598
vn 0.4778 0.8729 0.0982
vn 0.0698 0.6951 -0.7155
vn 0.3206 0.9282 0.1889
vn 0.2371 0.8716 -0.4291
vn 0.3187 0.9322 0.1717
vn 0.3718 0.9000 -0.2274
vn 0.4378 0.8563 0.2739
vn 0.1447 0.8590 -0.4911
vn 0.5035 0.8091 0.3032
vn -0.0453 0.7396 -0.6715
vn 0.4945 0.7962 0.3486
vn 0.4534 0.7979 -0.3972
vn 0.4263 0.7963 -0.4291
vn 0.3129 0.8752 -0.3690
vn 0.4894 0.7019 -0.5175
vn 0.4633 0.7572 -0.4604
vn -0.3624 0.7184 -0.5938
vn -0.6483 0.3649 -0.6683
vn -0.3865 0.6391 -0.6650
vn 0.6292 0.7665 -0.1285
vn -0.4595 0.5008 -0.7336
vn 0.7300 0.6792 0.0764
vn -0.5254 0.6094 -0.5938
vn 0.5483 0.8137 -0.1932
vn -0.5335 0.5989 -0.5973
vn 0.3633 0.8350 -0.4132
vn -0.3814 0.6455 -0.6617
vn -0.3034 0.6463 -0.7001
vn -0.6192 0.7419 -0.2571
vn -0.6478 0.7172 -0.2571
vn -0.6790 0.7270 -0.1025
vn -0.2763 0.6844 -0.6747
vn -0.6446 0.6580 -0.3892
vn -0.6412 0.7013 -0.3115
vn -0.3400 0.9046 -0.2571
vn -0.1017 0.9632 -0.2486
vn 0.2243 0.9486 0.2231
vn 0.3186 0.7274 0.6077
vn 0.4251 0.8895 0.1675
vn -0.4419 0.8710 -0.2146
vn 0.4314 0.8177 0.3812
vn -0.6807 0.7101 -0.1803
vn 0.4760 0.8772 0.0633
vn 0.5583 0.8261 0.0764
vn -0.4444 0.5589 -0.7001
vn -0.5208 0.3298 -0.7874
vn -0.4831 0.3659 -0.7954
vn 0.4958 0.8613 0.1112
vn -0.4369 0.4770 -0.7626
vn 0.3278 0.9306 0.1631
vn -0.3957 0.6300 -0.6683
vn 0.2003 0.9431 0.2655
vn -0.3616 0.6919 -0.6249
vn -0.3491 0.6298 -0.6939
vn -0.6341 0.5036 -0.5867
vn -0.8124 0.3314 -0.4797
vn 0.5497 0.7412 0.3852
vn 0.5038 0.7921 0.3445
vn 0.4995 0.8299 0.2486
vn 0.6455 0.7575 0.0981
vn 0.1951 0.9711 -0.1372
vn 0.1561 0.9769 -0.1459
vn 0.0980 0.9952 0.0022
vn 0.7375 0.6375 -0.2231
vn 0.1448 0.9471 -0.2865
vn 0.6630 0.7484 -0.0156
vn 0.1560 0.9669 -0.2018
vn 0.4317 0.8659 0.2528
vn 0.4945 0.8665 -0.0677
vn 0.3591 0.9052 0.2274
vn 0.6853 0.7280 -0.0197
vn 0.4742 0.8339 0.2823
vn 0.3949 0.9176 -0.0459
vn 0.1093 0.9911 -0.0764
vn -0.2636 0.8455 0.4643
vn -0.3504 0.9075 0.2316
vn -0.3094 0.9155 0.2571
vn -0.6206 0.7299 0.2865
vn -0.6145 0.4539 0.6452
vn -0.4381 0.8141 0.3812
vn -0.2569 0.8932 0.3690
vn -0.4984 0.6725 0.5471
vn -0.2182 0.8155 0.5361
vn -0.3464 0.8757 0.3363
vn -0.1831 0.7781 0.6008
vn -0.2766 0.8732 0.4013
vn -0.1631 0.8353 0.5250
vn -0.3532 0.8526 0.3852
vn -0.4758 0.7588 0.4448
vn -0.5159 0.7980 0.3115
vn -0.6835 0.6621 0.3073
vn -0.6501 0.6968 0.3032
vn 0.6513 0.7060 -0.2781
vn 0.6515 0.7409 -0.1631
vn 0.5748 0.7796 -0.2486
vn 0.6789 0.7096 -0.1889
vn 0.6488 0.7115 -0.2697
vn -0.0956 0.5106 0.8545
vn -0.1562 0.5489 0.8212
vn -0.1531 0.6319 0.7597
vn 0.6031 0.6698 -0.4331
vn 0.0433 0.7219 0.6907
vn 0.6013 0.6814 -0.4172
vn 0.2566 0.8581 0.4448
vn 0.7401 0.5750 -0.3486
vn 0.0865 0.7894 0.6077
vn 0.7025 0.4507 -0.5508
vn -0.2273 0.6336 0.7395
vn -0.3029 0.6500 0.6970
vn -0.3623 0.8082 0.4643
vn -0.4485 0.7366 0.5063
vn -0.4492 0.7982 0.4013
vn -0.1784 0.6078 0.7738
vn -0.4036 0.7493 0.5250
vn -0.3692 0.8051 0.4643
vn -0.2642 0.8961 0.3568
vn -0.2803 0.8895 0.3609
vn 0.3685 0.9292 0.0284
vn 0.3458 0.9372 -0.0459
vn 0.3910 0.9107 -0.1329
vn -0.1999 0.8320 0.5176
vn 0.5859 0.7987 -0.1372
vn -0.0038 0.9106 0.4133
vn 0.7993 0.5471 -0.2486
vn 0.6492 0.7345 -0.1975
vn 0.6917 0.6811 -0.2401
vn 0.4832 0.8369 -0.2571
vn 0.5167 0.8068 -0.2865
vn 0.3297 0.9267 -0.1803
vn 0.6108 0.7348 -0.2949
vn 0.2846 0.9247 -0.2528
vn 0.7495 0.6136 -0.2486
vn 0.3578 0.9255 -0.1242
vn 0.8006 0.5471 -0.2444
vn 0.7449 0.5944 -0.3032
vn 0.6514 0.7580 -0.0328
vn 0.4987 0.8513 0.1631
vn -0.0998 0.9687 0.2274
vn -0.1073 0.9828 0.1502
vn -0.0340 0.9968 0.0720
vn 0.1857 0.9758 0.1155
vn 0.3360 0.7077 -0.6215
vn 0.1862 0.5876 -0.7874
vn 0.2341 0.5886 -0.7738
vn 0.3171 0.6398 -0.7001
vn 0.2810 0.9576 0.0633
vn 0.3951 0.7297 -0.5581
vn -0.0830 0.9964 0.0153
vn 0.4410 0.7512 -0.4912
vn -0.1168 0.9908 -0.0677
vn 0.4435 0.6926 -0.5689
vn -0.0792 0.9939 0.0764
vn 0.1298 0.7941 -0.5938
vn -0.1409 0.7869 -0.6008
vn -0.7677 0.6398 -0.0371
vn -0.7551 0.6511 0.0764
vn -0.8227 0.5679 0.0240
vn -0.7613 0.6241 0.1760
vn -0.4928 0.8636 -0.1068
vn -0.6870 0.7071 0.1674
vn -0.7327 0.6793 0.0415
vn -0.5691 0.8147 0.1112
vn -0.7679 0.6400 -0.0284
vn -0.6963 0.7176 0.0153
vn -0.7953 0.5760 -0.1889
vn -0.6909 0.7229 0.0022
vn -0.8014 0.5729 -0.1717
vn -0.6954 0.6967 0.1760
vn -0.6821 0.7128 -0.1631
vn -0.6745 0.6905 0.2613
vn -0.6454 0.6548 -0.3932
vn -0.7043 0.6549 0.2739
vn -0.2003 0.8920 -0.4053
vn -0.2371 0.8883 -0.3933
vn -0.2263 0.9429 -0.2444
vn -0.2908 0.8142 -0.5025
vn -0.2550 0.8606 -0.4409
vn 0.4392 0.8363 -0.3281
vn 0.0604 0.9887 -0.1372
vn 0.5137 0.8495 -0.1199
vn 0.1223 0.8772 -0.4643
vn 0.3136 0.9457 -0.0851
vn 0.3468 0.7991 -0.4912
vn 0.6086 0.7909 -0.0633
vn 0.5924 0.8051 0.0284
vn -0.2520 0.9148 -0.3157
vn 0.5665 0.8228 -0.0459
vn 0.5144 0.8280 -0.2231
vn 0.1981 0.7466 -0.6351
vn 0.1669 0.7626 -0.6250
vn 0.1965 0.8442 -0.4987
vn 0.3968 0.8508 -0.3445
vn 0.0717 0.6917 -0.7186
vn 0.1333 0.7319 -0.6683
vn 0.4699 0.5805 -0.6650
vn 0.6466 0.4017 -0.6485
vn 0.6238 0.7424 0.2444
vn 0.5109 0.5681 0.6452
vn 0.7728 0.5839 0.2486
vn 0.4074 0.6627 -0.6284
vn 0.6974 0.5524 0.4565
vn 0.1651 0.8107 -0.5617
vn 0.8335 0.5292 0.1588
vn 0.8707 0.4504 0.1975
vn -0.1372 0.9160 0.3771
vn -0.1576 0.8987 0.4093
vn -0.0490 0.8610 0.5063
vn 0.8293 0.5159 0.2146
vn -0.2968 0.8890 0.3486
vn 0.7149 0.6655 0.2146
vn -0.2130 0.8996 0.3812
vn 0.5887 0.7590 0.2781
vn 0.0415 0.9914 0.1242
vn 0.1672 0.9822 -0.0851
vn 0.0264 0.9724 0.2316
vn -0.1128 0.8764 0.4681
vn -0.4672 0.5789 0.6683
vn -0.0320 0.5876 0.8085
vn -0.3980 0.5388 0.7425
vn -0.2509 0.5046 0.8261
vn -0.5106 0.8592 0.0328
vn -0.7039 0.7066 0.0720
vn -0.6851 0.7278 0.0328
vn -0.2875 0.6435 0.7094
vn -0.5927 0.8055 -0.0022
vn -0.2698 0.6477 0.7125
vn -0.4310 0.9024 0.0022
vn -0.4056 0.5372 0.7395
vn -0.3546 0.9349 -0.0153
vn -0.4547 0.4693 0.7569
vn -0.4393 0.8967 -0.0546
vn -0.4914 0.4740 0.7306
vn -0.5134 0.8188 0.2571
vn -0.5750 0.6710 0.4681
vn 0.3800 0.8767 -0.2949
vn 0.3646 0.8925 -0.2655
vn 0.4624 0.8739 -0.1502
vn 0.6715 0.6902 0.2697
vn 0.8383 0.5298 -0.1285
vn 0.7478 0.6253 0.2231
vn 0.2245 0.9205 -0.3198
vn 0.8376 0.5358 0.1069
vn 0.3096 0.9040 -0.2949
vn 0.7297 0.6790 0.0807
vn 0.5139 0.6842 -0.5176
vn 0.5694 0.4921 -0.6585
vn 0.7452 0.6253 0.2316
vn 0.5100 0.7500 -0.4212
vn 0.7542 0.5825 0.3032
vn 0.4029 0.8937 -0.1975
vn 0.7268 0.5989 0.3363
vn -0.6321 0.7641 0.1285
vn -0.4927 0.8685 -0.0546
vn -0.4913 0.8710 -0.0066
vn -0.5533 0.8277 0.0938
vn -0.6613 0.7213 0.2060
vn -0.2906 0.7187 0.6317
vn -0.6825 0.5481 0.4835
vn -0.3019 0.5530 0.7765
vn -0.6957 0.6691 0.2613
vn -0.5048 0.5261 0.6843
vn -0.6267 0.7400 0.2443
vn -0.2194 0.4952 0.8406
vn -0.7200 0.6907 -0.0677
vn -0.2576 0.4160 0.8721
vn -0.7055 0.6282 -0.3281
vn -0.2738 0.4842 0.8310
vn -0.2697 0.6376 0.7216
vn 0.4982 0.7146 0.4911
vn 0.3997 0.7300 0.5544
vn 0.4271 0.7850 0.4487
vn -0.3225 0.7343 0.5973
vn 0.4385 0.7016 0.5617
vn 0.4898 0.7177 0.4949
vn 0.6047 0.7100 0.3609
vn 0.5887 0.7192 0.3690
vn 0.2731 0.8649 0.4212
vn 0.2753 0.8959 0.3486
vn 0.3484 0.8964 0.2739
vn 0.6243 0.5949 0.5063
vn 0.5368 0.7889 0.2990
vn 0.7848 0.5068 0.3568
vn 0.7975 0.5729 0.1889
vn -0.6812 0.7306 0.0459
vn -0.7534 0.6574 -0.0153
vn -0.6750 0.7351 -0.0633
vn 0.3044 0.9270 0.2189
vn -0.7431 0.6684 0.0328
vn 0.2772 0.9510 0.1372
vn -0.6849 0.7276 0.0371
vn 0.3111 0.9088 0.2781
vn -0.5518 0.8301 0.0807
vn -0.5586 0.8267 0.0677
vn -0.6403 0.7388 0.2103
vn -0.4541 0.8267 0.3322
vn -0.4899 0.7379 -0.4643
vn -0.7813 0.6069 -0.1459
vn -0.4058 0.8637 -0.2990
vn -0.5913 0.7830 -0.1932
vn 0.4928 0.6854 0.5361
vn 0.3791 0.8450 0.3771
vn 0.4180 0.8246 0.3812
vn -0.3008 0.9110 -0.2823
vn 0.4918 0.7462 0.4487
vn -0.2955 0.9365 -0.1889
vn 0.5377 0.6190 0.5725
vn -0.3435 0.9057 -0.2486
vn 0.5670 0.5523 0.6112
vn -0.4168 0.8176 -0.3973
vn 0.5824 0.6078 0.5398
vn -0.5270 0.7119 -0.4643
vn 0.2909 0.7245 0.6249
vn 0.0283 0.7910 0.6112
vn 0.6102 0.7912 0.0415
vn 0.6843 0.7043 -0.1889
vn 0.7000 0.7000 -0.1415
vn -0.5511 0.7637 0.3363
vn -0.5588 0.7871 0.2613
vn -0.5031 0.8413 0.1975
vn 0.6797 0.7331 -0.0240
vn -0.2986 0.9167 0.2655
vn 0.5935 0.7945 0.1286
vn 0.0453 0.9747 0.2189
vn 0.5583 0.8037 0.2061
vn -0.1968 0.9537 0.2275
vn 0.6298 0.7603 0.1588
vn -0.5403 0.8302 0.1372
vn 0.4630 0.8799 -0.1069
vn -0.5570 0.8290 0.0502
vn 0.3323 0.8812 -0.3363
vn -0.5335 0.8234 0.1932
vn -0.4615 0.6686 -0.5832
vn -0.5518 0.6598 -0.5101
vn -0.5326 0.5926 -0.6043
vn -0.5162 0.6880 -0.5101
vn -0.4710 0.6650 -0.5796
vn 0.4173 0.9087 0.0109
vn 0.4561 0.8880 -0.0589
vn 0.5457 0.8345 -0.0764
vn -0.3425 0.6335 -0.6939
vn 0.6636 0.7422 0.0938
vn -0.3594 0.6275 -0.6907
vn 0.8395 0.4832 0.2486
vn -0.3200 0.7603 -0.5653
vn 0.7394 0.6624 0.1199
vn -0.1036 0.7396 -0.6650
vn 0.5404 0.8279 -0.1502
vn 0.5555 0.7986 -0.2316
vn 0.1168 0.9570 -0.2655
vn 0.0905 0.9525 -0.2907
vn -0.0321 0.9789 -0.2018
vn 0.5171 0.8503 -0.0981
vn 0.1634 0.8977 -0.4093
vn 0.1279 0.9330 -0.3363
vn 0.3473 0.9370 -0.0371
vn 0.4988 0.8564 0.1329
vn 0.0208 0.9650 -0.2613
vn 0.2412 0.9671 -0.0807
vt 0.059687 0.118810
vt 0.140856 0.050515
vt 0.222686 0.119949
vt 0.225990 0.064971
vt 0.432051 0.048807
vt 0.392292 0.957594
vt 0.379517 0.048807
vt 0.296916 0.039587
vt 0.419936 0.957594
vt 0.379517 0.121201
vt 0.431940 0.051767
vt 0.395816 0.968066
vt 0.380838 0.051311
vt 0.363878 0.254263
vt 0.416852 0.966586
vt 0.212223 0.378334
vt 0.433262 0.048921
vt 0.394605 0.957594
vt 0.379847 0.048921
vt 0.074996 0.251987
vt 0.417953 0.957594
vt 0.795383 0.550894
vt 0.939328 0.945756
vt 0.789215 0.945529
vt 0.076097 0.823849
vt 0.058035 0.695225
vt 0.217179 0.697957
vt 0.947147 0.544292
vt 0.141737 0.618279
vt 0.956398 0.065426
vt 0.217840 0.654475
vt 0.803092 0.065426
vt 0.292401 0.617937
vt 0.380508 0.693973
vt 0.362666 0.827946
vt 0.217730 0.954976
vt 0.144491 0.330185
vt 0.219492 0.371049
vt 0.216849 0.406335
vt 0.294603 0.326315
vt 0.376653 0.404058
vt 0.363767 0.537462
vt 0.217399 0.661077
vt 0.075987 0.534048
vt 0.054291 0.404400
vt 0.493065 0.530519
vt 0.675447 0.923674
vt 0.423020 0.971936
vt 0.625336 0.503314
vt 0.584256 0.057572
vt 0.489871 0.057572
vt 0.772695 0.452662
vt 0.672143 0.063946
vt 0.779854 0.063946
vt 0.676438 0.456874
vt 0.682495 0.948602
vt 0.761792 0.948488
s 1
f 1/1/1 2/2/2 3/3/3
f 2/2/2 4/4/4 3/3/3
f 4615/5/5 4616/6/6 4617/7/5
f 4/4/4 5/8/7 3/3/3
f 4614/9/6 4616/6/6 4615/5/5
f 5/8/7 6/10/8 3/3/3
f 4611/11/9 4612/12/9 4613/13/9
f 6/10/8 7/14/10 3/3/3
f 4610/15/9 4612/12/9 4611/11/9
f 7/14/10 8/16/11 3/3/3
f 4607/17/12 4608/18/12 4609/19/12
f 8/16/11 9/20/13 3/3/3
f 3/3/3 9/20/13 1/1/1
f 4606/21/12 4608/18/12 4607/17/12
f 4603/5/14 4604/6/14 4605/7/14
f 4602/9/14 4604/6/14 4603/5/14
f 4597/22/15 4600/23/16 4601/24/16
f 10/25/17 12/26/18 11/27/19
f 4599/28/15 4600/23/16 4597/22/15
f 12/26/18 13/29/20 11/27/19
f 4598/30/21 4599/28/15 4597/22/15
f 13/29/20 14/31/22 11/27/19
f 4596/32/21 4598/30/21 4597/22/15
f 14/31/22 15/33/23 11/27/19
f 4593/5/24 4594/6/24 4595/7/24
f 15/33/23 16/34/25 11/27/19
f 4592/9/26 4594/6/24 4593/5/24
f 16/34/25 17/35/27 11/27/19
f 4589/17/28 4590/18/28 4591/19/29
f 17/35/27 18/36/30 11/27/19
f 11/27/19 18/36/30 10/25/17
f 4588/21/28 4590/18/28 4589/17/28
f 4585/11/31 4586/12/32 4587/13/33
f 4584/15/31 4586/12/32 4585/11/31
f 4581/5/34 4582/6/34 4583/7/34
f 19/37/35 21/38/36 20/39/37
f 4580/9/34 4582/6/34 4581/5/34
f 21/38/36 22/40/38 20/39/37
f 4577/11/39 4578/12/40 4579/13/39
f 22/40/38 23/41/41 20/39/37
f 4576/15/40 4578/12/40 4577/11/39
f 23/41/41 24/42/42 20/39/37
f 4573/11/43 4574/12/43 4575/13/43
f 24/42/42 25/43/44 20/39/37
f 4572/15/43 4574/12/43 4573/11/43
f 25/43/44 26/44/45 20/39/37
f 4569/5/46 4570/6/47 4571/7/47
f 26/44/45 27/45/48 20/39/37
f 20/39/37 27/45/48 19/37/35
f 4568/9/49 4570/6/47 4569/5/46
f 4565/5/50 4566/6/50 4567/7/50
f 4564/9/50 4566/6/50 4565/5/50
f 4561/11/51 4562/12/51 4563/13/51
f 28/37/52 30/38/53 29/39/54
f 4560/15/51 4562/12/51 4561/11/51
f 30/38/53 31/40/55 29/39/54
f 4557/17/56 4558/18/56 4559/19/56
f 31/40/55 32/41/57 29/39/54
f 4556/21/56 4558/18/56 4557/17/56
f 32/41/57 33/42/58 29/39/54
f 4551/46/59 4554/47/60 4555/48/60
f 33/42/58 34/43/61 29/39/54
f 4553/49/62 4554/47/60 4551/46/59
f 34/43/61 35/44/63 29/39/54
f 4552/50/64 4553/49/62 4551/46/59
f 35/44/63 36/45/65 29/39/54
f 29/39/54 36/45/65 28/37/52
f 4550/51/64 4552/50/64 4551/46/59
f 4547/17/66 4548/18/66 4549/19/66
f 4546/21/66 4548/18/66 4547/17/66
f 4543/17/67 4544/18/67 4545/19/67
f 37/25/68 39/26/69 38/27/70
f 4542/21/67 4544/18/67 4543/17/67
f 39/26/69 40/29/71 38/27/70
f 4539/5/72 4540/6/73 4541/7/73
f 40/29/71 41/31/74 38/27/70
f 4538/9/72 4540/6/73 4539/5/72
f 41/31/74 42/33/75 38/27/70
f 4535/17/76 4536/18/76 4537/19/76
f 42/33/75 43/34/77 38/27/70
f 4534/21/76 4536/18/76 4535/17/76
f 43/34/77 44/35/78 38/27/70
f 4531/5/79 4532/6/79 4533/7/79
f 44/35/78 45/36/80 38/27/70
f 38/27/70 45/36/80 37/25/68
f 4530/9/79 4532/6/79 4531/5/79
f 4527/11/81 4528/12/81 4529/13/81
f 4526/15/81 4528/12/81 4527/11/81
f 4523/11/82 4524/12/82 4525/13/82
f 46/1/83 48/2/84 47/3/85
f 4522/15/82 4524/12/82 4523/11/82
f 48/2/84 49/4/86 47/3/85
f 4519/5/87 4520/6/88 4521/7/87
f 49/4/86 50/8/89 47/3/85
f 4518/9/87 4520/6/88 4519/5/87
f 50/8/89 51/10/90 47/3/85
f 4515/5/91 4516/6/91 4517/7/91
f 51/10/90 52/14/92 47/3/85
f 4514/9/91 4516/6/91 4515/5/91
f 52/14/92 53/16/93 47/3/85
f 4511/11/94 4512/12/95 4513/13/94
f 53/16/93 54/20/96 47/3/85
f 47/3/85 54/20/96 46/1/83
f 4510/15/95 4512/12/95 4511/11/94
f 4507/17/97 4508/18/97 4509/19/97
f 4506/21/97 4508/18/97 4507/17/97
f 4501/46/98 4504/47/99 4505/48/100
f 55/37/101 57/38/102 56/39/103
f 4503/49/98 4504/47/99 4501/46/98
f 57/38/102 58/40/104 56/39/103
f 4502/50/105 4503/49/98 4501/46/98
f 58/40/104 59/41/106 56/39/103
f 4500/51/105 4502/50/105 4501/46/98
f 59/41/106 60/42/107 56/39/103
f 4497/17/108 4498/18/109 4499/19/110
f 60/42/107 61/43/111 56/39/103
f 4496/21/110 4498/18/109 4497/17/108
f 61/43/111 62/44/112 56/39/103
f 4493/17/113 4494/18/113 4495/19/113
f 62/44/112 63/45/114 56/39/103
f 56/39/103 63/45/114 55/37/101
f 4492/21/113 4494/18/113 4493/17/113
f 4489/5/115 4490/6/115 4491/7/115
f 4488/9/116 4490/6/115 4489/5/115
f 4485/17/117 4486/18/117 4487/19/117
f 64/1/118 66/2/119 65/3/120
f 4484/21/117 4486/18/117 4485/17/117
f 66/2/119 67/4/121 65/3/120
f 4479/52/122 4482/53/123 4483/54/124
f 67/4/121 68/8/125 65/3/120
f 4481/55/126 4482/53/123 4479/52/122
f 68/8/125 69/10/127 65/3/120
f 4480/56/128 4481/55/126 4479/52/122
f 69/10/127 70/14/129 65/3/120
f 4478/57/128 4480/56/128 4479/52/122
f 70/14/129 71/16/130 65/3/120
f 4475/5/131 4476/6/131 4477/7/131
f 71/16/130 72/20/132 65/3/120
f 65/3/120 72/20/132 64/1/118
f 4474/9/131 4476/6/131 4475/5/131
f 4471/17/133 4472/18/134 4473/19/133
f 4470/21/133 4472/18/134 4471/17/133
f 4467/11/135 4468/12/136 4469/13/136
f 73/25/137 75/26/138 74/27/139
f 4466/15/136 4468/12/136 4467/11/135
f 75/26/138 76/29/140 74/27/139
f 4463/11/141 4464/12/141 4465/13/142
f 76/29/140 77/31/143 74/27/139
f 4462/15/141 4464/12/141 4463/11/141
f 77/31/143 78/33/144 74/27/139
f 4459/11/145 4460/12/145 4461/13/145
f 78/33/144 79/34/146 74/27/139
f 4458/15/145 4460/12/145 4459/11/145
f 79/34/146 80/35/147 74/27/139
f 4455/17/148 4456/18/149 4457/19/148
f 80/35/147 81/36/150 74/27/139
f 74/27/139 81/36/150 73/25/137
f 4454/21/148 4456/18/149 4455/17/148
f 4451/5/151 4452/6/151 4453/7/151
f 4450/9/151 4452/6/151 4451/5/151
f 4447/5/152 4448/6/152 4449/7/153
f 82/37/154 84/38/155 83/39/156
f 4446/9/152 4448/6/152 4447/5/152
f 84/38/155 85/40/157 83/39/156
f 4443/17/158 4444/18/158 4445/19/158
f 85/40/157 86/41/159 83/39/156
f 4442/21/158 4444/18/158 4443/17/158
f 86/41/159 87/42/160 83/39/156
f 4439/5/161 4440/6/161 4441/7/161
f 87/42/160 88/43/162 83/39/156
f 4438/9/161 4440/6/161 4439/5/161
f 88/43/162 89/44/163 83/39/156
f 4435/11/164 4436/12/164 4437/13/164
f 89/44/163 90/45/165 83/39/156
f 83/39/156 90/45/165 82/37/154
f 4434/15/164 4436/12/164 4435/11/164
f 4431/17/166 4432/18/167 4433/19/166
f 4430/21/166 4432/18/167 4431/17/166
f 4427/5/168 4428/6/169 4429/7/169
f 91/37/170 93/38/171 92/39/172
f 4426/9/169 4428/6/169 4427/5/168
f 93/38/171 94/40/173 92/39/172
f 4421/22/174 4424/23/175 4425/24/175
f 94/40/173 95/41/176 92/39/172
f 4423/28/177 4424/23/175 4421/22/174
f 95/41/176 96/42/178 92/39/172
f 4422/30/179 4423/28/177 4421/22/174
f 96/42/178 97/43/180 92/39/172
f 4420/32/181 4422/30/179 4421/22/174
f 97/43/180 98/44/182 92/39/172
f 4417/5/183 4418/6/183 4419/7/183
f 98/44/182 99/45/184 92/39/172
f 92/39/172 99/45/184 91/37/170
f 4416/9/183 4418/6/183 4417/5/183
f 4413/17/185 4414/18/185 4415/19/185
f 4412/21/185 4414/18/185 4413/17/185
f 4409/11/186 4410/12/187 4411/13/186
f 100/25/43 102/26/188 101/27/189
f 4408/15/187 4410/12/187 4409/11/186
f 102/26/188 103/29/190 101/27/189
f 4405/5/191 4406/6/191 4407/7/191
f 103/29/190 104/31/192 101/27/189
f 4404/9/191 4406/6/191 4405/5/191
f 104/31/192 105/33/193 101/27/189
f 4401/11/194 4402/12/194 4403/13/194
f 105/33/193 106/34/195 101/27/189
f 4400/15/194 4402/12/194 4401/11/194
f 106/34/195 107/35/196 101/27/189
f 4397/11/197 4398/12/197 4399/13/197
f 107/35/196 108/36/198 101/27/189
f 101/27/189 108/36/198 100/25/43
f 4396/15/197 4398/12/197 4397/11/197
f 4393/5/199 4394/6/199 4395/7/200
f 4392/9/199 4394/6/199 4393/5/199
f 4389/5/201 4390/6/201 4391/7/201
f 109/1/202 111/2/203 110/3/204
f 4388/9/205 4390/6/201 4389/5/201
f 111/2/203 112/4/206 110/3/204
f 4385/11/207 4386/12/208 4387/13/208
f 112/4/206 113/8/209 110/3/204
f 4384/15/207 4386/12/208 4385/11/207
f 113/8/209 114/10/210 110/3/204
f 4381/17/211 4382/18/211 4383/19/211
f 114/10/210 115/14/212 110/3/204
f 4380/21/211 4382/18/211 4381/17/211
f 115/14/212 116/16/213 110/3/204
f 4375/46/214 4378/47/215 4379/48/215
f 116/16/213 117/20/216 110/3/204
f 110/3/204 117/20/216 109/1/202
f 4377/49/214 4378/47/215 4375/46/214
f 4376/50/217 4377/49/214 4375/46/214
f 4374/51/217 4376/50/217 4375/46/214
f 4371/17/218 4372/18/219 4373/19/220
f 118/37/221 120/38/222 119/39/223
f 4370/21/219 4372/18/219 4371/17/218
f 120/38/222 121/40/224 119/39/223
f 4367/17/225 4368/18/226 4369/19/227
f 121/40/224 122/41/228 119/39/223
f 4366/21/226 4368/18/226 4367/17/225
f 122/41/228 123/42/229 119/39/223
f 4363/5/230 4364/6/231 4365/7/230
f 123/42/229 124/43/232 119/39/223
f 4362/9/231 4364/6/231 4363/5/230
f 124/43/232 125/44/233 119/39/223
f 4359/17/234 4360/18/235 4361/19/234
f 125/44/233 126/45/236 119/39/223
f 119/39/223 126/45/236 118/37/221
f 4358/21/237 4360/18/235 4359/17/234
f 4355/5/238 4356/6/238 4357/7/238
f 4354/9/238 4356/6/238 4355/5/238
f 4351/11/239 4352/12/239 4353/13/239
f 127/1/240 129/2/241 128/3/242
f 4350/15/239 4352/12/239 4351/11/239
f 129/2/241 130/4/243 128/3/242
f 4347/11/244 4348/12/244 4349/13/244
f 130/4/243 131/8/245 128/3/242
f 4346/15/244 4348/12/244 4347/11/244
f 131/8/245 132/10/246 128/3/242
f 4343/5/247 4344/6/247 4345/7/247
f 132/10/246 133/14/248 128/3/242
f 4342/9/247 4344/6/247 4343/5/247
f 133/14/248 134/16/249 128/3/242
f 4339/5/250 4340/6/250 4341/7/250
f 134/16/249 135/20/251 128/3/242
f 128/3/242 135/20/251 127/1/240
f 4338/9/252 4340/6/250 4339/5/250
f 4335/11/253 4336/12/253 4337/13/253
f 4334/15/253 4336/12/253 4335/11/253
f 4331/17/254 4332/18/254 4333/19/254
f 136/25/255 138/26/256 137/27/257
f 4330/21/254 4332/18/254 4331/17/254
f 138/26/256 139/29/258 137/27/257
f 4325/46/259 4328/47/260 4329/48/260
f 139/29/258 140/31/261 137/27/257
f 4327/49/259 4328/47/260 4325/46/259
f 140/31/261 141/33/262 137/27/257
f 4326/50/263 4327/49/259 4325/46/259
f 141/33/262 142/34/264 137/27/257
f 4324/51/265 4326/50/263 4325/46/259
f 142/34/264 143/35/266 137/27/257
f 4321/17/267 4322/18/267 4323/19/267
f 143/35/266 144/36/268 137/27/257
f 137/27/257 144/36/268 136/25/255
f 4320/21/267 4322/18/267 4321/17/267
f 4317/17/269 4318/18/269 4319/19/269
f 4316/21/269 4318/18/269 4317/17/269
f 4313/5/270 4314/6/270 4315/7/270
f 145/37/271 147/38/272 146/39/273
f 4312/9/270 4314/6/270 4313/5/270
f 147/38/272 148/40/274 146/39/273
f 4309/17/275 4310/18/275 4311/19/276
f 148/40/274 149/41/277 146/39/273
f 4308/21/275 4310/18/275 4309/17/275
f 149/41/277 150/42/278 146/39/273
f 4305/5/279 4306/6/279 4307/7/280
f 150/42/278 151/43/281 146/39/273
f 4304/9/279 4306/6/279 4305/5/279
f 151/43/281 152/44/282 146/39/273
f 4301/11/283 4302/12/283 4303/13/283
f 152/44/282 153/45/284 146/39/273
f 146/39/273 153/45/284 145/37/271
f 4300/15/283 4302/12/283 4301/11/283
f 4297/17/285 4298/18/286 4299/19/285
f 4296/21/287 4298/18/286 4297/17/285
f 4293/5/288 4294/6/288 4295/7/288
f 154/37/289 156/38/290 155/39/291
f 4292/9/288 4294/6/288 4293/5/288
f 156/38/290 157/40/292 155/39/291
f 4287/22/293 4290/23/294 4291/24/295
f 157/40/292 158/41/296 155/39/291
f 4289/28/297 4290/23/294 4287/22/293
f 158/41/296 159/42/298 155/39/291
f 4288/30/299 4289/28/297 4287/22/293
f 159/42/298 160/43/300 155/39/291
f 4286/32/301 4288/30/299 4287/22/293
f 160/43/300 161/44/302 155/39/291
f 4283/5/303 4284/6/303 4285/7/303
f 161/44/302 162/45/304 155/39/291
f 155/39/291 162/45/304 154/37/289
f 4282/9/303 4284/6/303 4283/5/303
f 4279/17/305 4280/18/305 4281/19/305
f 4278/21/305 4280/18/305 4279/17/305
f 4275/11/306 4276/12/307 4277/13/306
f 163/25/308 165/26/309 164/27/310
f 4274/15/306 4276/12/307 4275/11/306
f 165/26/309 166/29/311 164/27/310
f 4271/5/312 4272/6/312 4273/7/313
f 166/29/311 167/31/314 164/27/310
f 4270/9/312 4272/6/312 4271/5/312
f 167/31/314 168/33/315 164/27/310
f 4267/11/316 4268/12/316 4269/13/316
f 168/33/315 169/34/317 164/27/310
f 4266/15/316 4268/12/316 4267/11/316
f 169/34/317 170/35/318 164/27/310
f 4263/11/319 4264/12/319 4265/13/319
f 170/35/318 171/36/320 164/27/310
f 164/27/310 171/36/320 163/25/308
f 4262/15/319 4264/12/319 4263/11/319
f 4259/5/321 4260/6/322 4261/7/323
f 4258/9/322 4260/6/322 4259/5/321
f 4255/5/324 4256/6/324 4257/7/325
f 172/1/326 174/2/327 173/3/328
f 4254/9/324 4256/6/324 4255/5/324
f 174/2/327 175/4/329 173/3/328
f 4251/11/330 4252/12/331 4253/13/332
f 175/4/329 176/8/333 173/3/328
f 4250/15/330 4252/12/331 4251/11/330
f 176/8/333 177/10/334 173/3/328
f 4247/17/335 4248/18/336 4249/19/335
f 177/10/334 178/14/337 173/3/328
f 4246/21/338 4248/18/336 4247/17/335
f 178/14/337 179/16/339 173/3/328
f 4241/46/340 4244/47/341 4245/48/341
f 179/16/339 180/20/342 173/3/328
f 173/3/328 180/20/342 172/1/326
f 4243/49/343 4244/47/341 4241/46/340
f 4242/50/344 4243/49/343 4241/46/340
f 4240/51/344 4242/50/344 4241/46/340
f 4237/17/345 4238/18/345 4239/19/345
f 181/37/346 183/38/347 182/39/348
f 4236/21/345 4238/18/345 4237/17/345
f 183/38/347 184/40/349 182/39/348
f 4233/17/350 4234/18/350 4235/19/350
f 184/40/349 185/41/351 182/39/348
f 4232/21/350 4234/18/350 4233/17/350
f 185/41/351 186/42/352 182/39/348
f 4229/5/353 4230/6/353 4231/7/353
f 186/42/352 187/43/354 182/39/348
f 4228/9/353 4230/6/353 4229/5/353
f 187/43/354 188/44/355 182/39/348
f 4225/17/356 4226/18/356 4227/19/357
f 188/44/355 189/45/358 182/39/348
f 182/39/348 189/45/358 181/37/346
f 4224/21/357 4226/18/356 4225/17/356
f 4221/5/359 4222/6/359 4223/7/359
f 4220/9/360 4222/6/359 4221/5/359
f 4217/11/361 4218/12/362 4219/13/361
f 190/1/363 192/2/364 191/3/365
f 4216/15/366 4218/12/362 4217/11/361
f 192/2/364 193/4/367 191/3/365
f 4213/17/368 4214/18/368 4215/19/368
f 193/4/367 194/8/369 191/3/365
f 4212/21/368 4214/18/368 4213/17/368
f 194/8/369 195/10/370 191/3/365
f 4209/5/371 4210/6/371 4211/7/371
f 195/10/370 196/14/372 191/3/365
f 4208/9/371 4210/6/371 4209/5/371
f 196/14/372 197/16/373 191/3/365
f 4203/22/374 4206/23/375 4207/24/375
f 197/16/373 198/20/376 191/3/365
f 191/3/365 198/20/376 190/1/363
f 4205/28/377 4206/23/375 4203/22/374
f 4204/30/378 4205/28/377 4203/22/374
f 4202/32/378 4204/30/378 4203/22/374
f 4199/5/379 4200/6/379 4201/7/380
f 199/25/381 201/26/382 200/27/383
f 4198/9/379 4200/6/379 4199/5/379
f 201/26/382 202/29/384 200/27/383
f 4195/17/385 4196/18/386 4197/19/385
f 202/29/384 203/31/387 200/27/383
f 4194/21/385 4196/18/386 4195/17/385
f 203/31/387 204/33/388 200/27/383
f 4191/11/389 4192/12/389 4193/13/389
f 204/33/388 205/34/390 200/27/383
f 4190/15/389 4192/12/389 4191/11/389
f 205/34/390 206/35/391 200/27/383
f 4187/5/392 4188/6/392 4189/7/392
f 206/35/391 207/36/393 200/27/383
f 200/27/383 207/36/393 199/25/381
f 4186/9/392 4188/6/392 4187/5/392
f 4183/11/394 4184/12/394 4185/13/394
f 4182/15/394 4184/12/394 4183/11/394
f 4179/11/395 4180/12/396 4181/13/396
f 208/37/397 210/38/398 209/39/399
f 4178/15/400 4180/12/396 4179/11/395
f 210/38/398 211/40/401 209/39/399
f 4175/5/402 4176/6/402 4177/7/402
f 211/40/401 212/41/403 209/39/399
f 4174/9/402 4176/6/402 4175/5/402
f 212/41/403 213/42/404 209/39/399
f 4171/5/405 4172/6/405 4173/7/405
f 213/42/404 214/43/406 209/39/399
f 4170/9/405 4172/6/405 4171/5/405
f 214/43/406 215/44/407 209/39/399
f 4167/11/408 4168/12/409 4169/13/408
f 215/44/407 216/45/410 209/39/399
f 209/39/399 216/45/410 208/37/397
f 4166/15/409 4168/12/409 4167/11/408
f 4163/17/411 4164/18/411 4165/19/411
f 4162/21/411 4164/18/411 4163/17/411
f 4157/46/412 4160/47/413 4161/48/413
f 217/37/414 219/38/415 218/39/416
f 4159/49/417 4160/47/413 4157/46/412
f 219/38/415 220/40/418 218/39/416
f 4158/50/419 4159/49/417 4157/46/412
f 220/40/418 221/41/420 218/39/416
f 4156/51/419 4158/50/419 4157/46/412
f 221/41/420 222/42/421 218/39/416
f 4153/17/422 4154/18/423 4155/19/422
f 222/42/421 223/43/424 218/39/416
f 4152/21/425 4154/18/423 4153/17/422
f 223/43/424 224/44/426 218/39/416
f 4149/17/427 4150/18/428 4151/19/428
f 224/44/426 225/45/429 218/39/416
f 218/39/416 225/45/429 217/37/414
f 4148/21/428 4150/18/428 4149/17/427
f 4145/5/430 4146/6/430 4147/7/431
f 4144/9/430 4146/6/430 4145/5/430
f 4141/17/432 4142/18/432 4143/19/433
f 226/25/434 228/26/435 227/27/436
f 4140/21/432 4142/18/432 4141/17/432
f 228/26/435 229/29/437 227/27/436
f 4137/5/438 4138/6/438 4139/7/438
f 229/29/437 230/31/439 227/27/436
f 4136/9/438 4138/6/438 4137/5/438
f 230/31/439 231/33/440 227/27/436
f 4133/11/441 4134/12/442 4135/13/442
f 231/33/440 232/34/443 227/27/436
f 4132/15/442 4134/12/442 4133/11/441
f 232/34/443 233/35/444 227/27/436
f 4129/11/445 4130/12/445 4131/13/445
f 233/35/444 234/36/446 227/27/436
f 227/27/436 234/36/446 226/25/434
f 4128/15/445 4130/12/445 4129/11/445
f 4125/5/447 4126/6/447 4127/7/447
f 4124/9/447 4126/6/447 4125/5/447
f 4121/5/448 4122/6/448 4123/7/448
f 235/1/449 237/2/450 236/3/451
f 4120/9/452 4122/6/448 4121/5/448
f 237/2/450 238/4/453 236/3/451
f 4117/11/454 4118/12/455 4119/13/454
f 238/4/453 239/8/456 236/3/451
f 4116/15/455 4118/12/455 4117/11/454
f 239/8/456 240/10/457 236/3/451
f 4113/17/458 4114/18/458 4115/19/458
f 240/10/457 241/14/459 236/3/451
f 4112/21/458 4114/18/458 4113/17/458
f 241/14/459 242/16/460 236/3/451
f 4107/46/461 4110/47/462 4111/48/462
f 242/16/460 243/20/463 236/3/451
f 236/3/451 243/20/463 235/1/449
f 4109/49/464 4110/47/462 4107/46/461
f 4108/50/465 4109/49/464 4107/46/461
f 4106/51/466 4108/50/465 4107/46/461
f 4103/17/467 4104/18/468 4105/19/468
f 244/37/469 246/38/470 245/39/471
f 4102/21/467 4104/18/468 4103/17/467
f 246/38/470 247/40/472 245/39/471
f 4099/17/473 4100/18/474 4101/19/474
f 247/40/472 248/41/475 245/39/471
f 4098/21/473 4100/18/474 4099/17/473
f 248/41/475 249/42/476 245/39/471
f 4095/5/477 4096/6/477 4097/7/477
f 249/42/476 250/43/478 245/39/471
f 4094/9/477 4096/6/477 4095/5/477
f 250/43/478 251/44/479 245/39/471
f 4091/17/480 4092/18/481 4093/19/480
f 251/44/479 252/45/482 245/39/471
f 245/39/471 252/45/482 244/37/469
f 4090/21/481 4092/18/481 4091/17/480
f 4087/5/483 4088/6/483 4089/7/483
f 4086/9/483 4088/6/483 4087/5/483
f 4083/11/484 4084/12/485 4085/13/484
f 253/1/486 255/2/487 254/3/488
f 4082/15/485 4084/12/485 4083/11/484
f 255/2/487 256/4/489 254/3/488
f 4079/11/490 4080/12/490 4081/13/491
f 256/4/489 257/8/492 254/3/488
f 4078/15/490 4080/12/490 4079/11/490
f 257/8/492 258/10/493 254/3/488
f 4075/5/494 4076/6/494 4077/7/494
f 258/10/493 259/14/495 254/3/488
f 4074/9/494 4076/6/494 4075/5/494
f 259/14/495 260/16/496 254/3/488
f 4071/5/497 4072/6/498 4073/7/497
f 260/16/496 261/20/499 254/3/488
f 254/3/488 261/20/499 253/1/486
f 4070/9/498 4072/6/498 4071/5/497
f 4067/11/500 4068/12/500 4069/13/500
f 4066/15/501 4068/12/500 4067/11/500
f 4063/17/502 4064/18/502 4065/19/502
f 262/25/503 264/26/504 263/27/505
f 4062/21/502 4064/18/502 4063/17/502
f 264/26/504 265/29/506 263/27/505
f 4057/46/507 4060/47/508 4061/48/508
f 265/29/506 266/31/509 263/27/505
f 4059/49/507 4060/47/508 4057/46/507
f 266/31/509 267/33/510 263/27/505
f 4058/50/511 4059/49/507 4057/46/507
f 267/33/510 268/34/512 263/27/505
f 4056/51/511 4058/50/511 4057/46/507
f 268/34/512 269/35/513 263/27/505
f 4053/17/514 4054/18/515 4055/19/514
f 269/35/513 270/36/516 263/27/505
f 263/27/505 270/36/516 262/25/503
f 4052/21/515 4054/18/515 4053/17/514
f 4049/17/517 4050/18/517 4051/19/517
f 4048/21/517 4050/18/517 4049/17/517
f 4045/5/518 4046/6/518 4047/7/518
f 271/37/519 273/38/520 272/39/521
f 4044/9/518 4046/6/518 4045/5/518
f 273/38/520 274/40/522 272/39/521
f 4041/17/523 4042/18/523 4043/19/523
f 274/40/522 275/41/524 272/39/521
f 4040/21/523 4042/18/523 4041/17/523
f 275/41/524 276/42/525 272/39/521
f 4037/5/526 4038/6/526 4039/7/526
f 276/42/525 277/43/527 272/39/521
f 4036/9/526 4038/6/526 4037/5/526
f 277/43/527 278/44/528 272/39/521
f 4033/11/529 4034/12/529 4035/13/529
f 278/44/528 279/45/530 272/39/521
f 272/39/521 279/45/530 271/37/519
f 4032/15/529 4034/12/529 4033/11/529
f 4029/11/531 4030/12/532 4031/13/532
f 4028/15/532 4030/12/532 4029/11/531
f 4025/5/533 4026/6/533 4027/7/533
f 280/37/534 282/38/535 281/39/536
f 4024/9/533 4026/6/533 4025/5/533
f 282/38/535 283/40/537 281/39/536
f 4021/5/538 4022/6/539 4023/7/539
f 283/40/537 284/41/540 281/39/536
f 4020/9/541 4022/6/539 4021/5/538
f 284/41/540 285/42/542 281/39/536
f 4017/11/543 4018/12/544 4019/13/543
f 285/42/542 286/43/545 281/39/536
f 4016/15/546 4018/12/544 4017/11/543
f 286/43/545 287/44/547 281/39/536
f 4013/17/548 4014/18/548 4015/19/548
f 287/44/547 288/45/549 281/39/536
f 281/39/536 288/45/549 280/37/534
f 4012/21/548 4014/18/548 4013/17/548
f 4007/46/550 4010/47/551 4011/48/551
f 4009/49/552 4010/47/551 4007/46/550
f 4008/50/553 4009/49/552 4007/46/550
f 289/25/554 291/26/555 290/27/556
f 4006/51/553 4008/50/553 4007/46/550
f 291/26/555 292/29/557 290/27/556
f 4003/17/558 4004/18/558 4005/19/558
f 292/29/557 293/31/559 290/27/556
f 4002/21/558 4004/18/558 4003/17/558
f 293/31/559 294/33/560 290/27/556
f 3999/17/561 4000/18/561 4001/19/562
f 294/33/560 295/34/563 290/27/556
f 3998/21/561 4000/18/561 3999/17/561
f 295/34/563 296/35/564 290/27/556
f 3995/5/565 3996/6/566 3997/7/565
f 296/35/564 297/36/567 290/27/556
f 290/27/556 297/36/567 289/25/554
f 3994/9/566 3996/6/566 3995/5/565
f 3991/17/568 3992/18/568 3993/19/568
f 3990/21/568 3992/18/568 3991/17/568
f 3987/5/569 3988/6/570 3989/7/570
f 298/1/571 300/2/572 299/3/573
f 3986/9/570 3988/6/570 3987/5/569
f 300/2/572 301/4/574 299/3/573
f 3983/11/575 3984/12/575 3985/13/575
f 301/4/574 302/8/576 299/3/573
f 3982/15/575 3984/12/575 3983/11/575
f 302/8/576 303/10/577 299/3/573
f 3979/11/578 3980/12/578 3981/13/578
f 303/10/577 304/14/579 299/3/573
f 3978/15/578 3980/12/578 3979/11/578
f 304/14/579 305/16/580 299/3/573
f 3975/5/581 3976/6/581 3977/7/581
f 305/16/580 306/20/582 299/3/573
f 299/3/573 306/20/582 298/1/571
f 3974/9/581 3976/6/581 3975/5/581
f 3971/5/583 3972/6/583 3973/7/584
f 3970/9/583 3972/6/583 3971/5/583
f 3967/11/585 3968/12/585 3969/13/586
f 307/37/587 309/38/588 308/39/589
f 3966/15/585 3968/12/585 3967/11/585
f 309/38/588 310/40/590 308/39/589
f 3963/17/591 3964/18/591 3965/19/591
f 310/40/590 311/41/592 308/39/589
f 3962/21/591 3964/18/591 3963/17/591
f 311/41/592 312/42/593 308/39/589
f 3957/46/594 3960/47/595 3961/48/596
f 312/42/593 313/43/597 308/39/589
f 3959/49/594 3960/47/595 3957/46/594
f 313/43/597 314/44/598 308/39/589
f 3958/50/599 3959/49/594 3957/46/594
f 314/44/598 315/45/600 308/39/589
f 308/39/589 315/45/600 307/37/587
f 3956/51/601 3958/50/599 3957/46/594
f 3953/17/602 3954/18/602 3955/19/602
f 3952/21/602 3954/18/602 3953/17/602
f 3949/17/603 3950/18/604 3951/19/603
f 316/25/605 318/26/606 317/27/607
f 3948/21/603 3950/18/604 3949/17/603
f 318/26/606 319/29/608 317/27/607
f 3945/5/609 3946/6/609 3947/7/609
f 319/29/608 320/31/610 317/27/607
f 3944/9/609 3946/6/609 3945/5/609
f 320/31/610 321/33/611 317/27/607
f 3941/17/612 3942/18/613 3943/19/612
f 321/33/611 322/34/614 317/27/607
f 3940/21/612 3942/18/613 3941/17/612
f 322/34/614 323/35/615 317/27/607
f 3937/5/616 3938/6/616 3939/7/616
f 323/35/615 324/36/617 317/27/607
f 317/27/607 324/36/617 316/25/605
f 3936/9/616 3938/6/616 3937/5/616
f 3933/11/618 3934/12/619 3935/13/619
f 3932/15/619 3934/12/619 3933/11/618
f 3929/11/620 3930/12/620 3931/13/620
f 325/37/621 327/38/622 326/39/623
f 3928/15/624 3930/12/620 3929/11/620
f 327/38/622 328/40/625 326/39/623
f 3925/5/626 3926/6/626 3927/7/626
f 328/40/625 329/41/627 326/39/623
f 3924/9/626 3926/6/626 3925/5/626
f 329/41/627 330/42/628 326/39/623
f 3921/5/629 3922/6/629 3923/7/629
f 330/42/628 331/43/630 326/39/623
f 3920/9/629 3922/6/629 3921/5/629
f 331/43/630 332/44/631 326/39/623
f 3917/11/632 3918/12/632 3919/13/632
f 332/44/631 333/45/633 326/39/623
f 326/39/623 333/45/633 325/37/621
f 3916/15/632 3918/12/632 3917/11/632
f 3913/17/634 3914/18/634 3915/19/635
f 3912/21/634 3914/18/634 3913/17/634
f 3907/46/636 3910/47/637 3911/48/638
f 334/25/639 336/26/640 335/27/641
f 3909/49/642 3910/47/637 3907/46/636
f 336/26/640 337/29/643 335/27/641
f 3908/50/644 3909/49/642 3907/46/636
f 337/29/643 338/31/645 335/27/641
f 3906/51/644 3908/50/644 3907/46/636
f 338/31/645 339/33/646 335/27/641
f 3903/17/647 3904/18/648 3905/19/647
f 339/33/646 340/34/649 335/27/641
f 3902/21/647 3904/18/648 3903/17/647
f 340/34/649 341/35/650 335/27/641
f 3899/17/651 3900/18/651 3901/19/651
f 341/35/650 342/36/652 335/27/641
f 335/27/641 342/36/652 334/25/639
f 3898/21/651 3900/18/651 3899/17/651
f 3895/5/653 3896/6/653 3897/7/653
f 3894/9/653 3896/6/653 3895/5/653
f 3891/17/654 3892/18/654 3893/19/654
f 343/25/655 345/26/656 344/27/657
f 3890/21/654 3892/18/654 3891/17/654
f 345/26/656 346/29/658 344/27/657
f 3887/5/659 3888/6/659 3889/7/659
f 346/29/658 347/31/660 344/27/657
f 3886/9/659 3888/6/659 3887/5/659
f 347/31/660 348/33/661 344/27/657
f 3883/11/662 3884/12/662 3885/13/663
f 348/33/661 349/34/664 344/27/657
f 3882/15/662 3884/12/662 3883/11/662
f 349/34/664 350/35/665 344/27/657
f 3879/11/666 3880/12/667 3881/13/667
f 350/35/665 351/36/668 344/27/657
f 344/27/657 351/36/668 343/25/655
f 3878/15/669 3880/12/667 3879/11/666
f 3875/5/670 3876/6/670 3877/7/670
f 3874/9/670 3876/6/670 3875/5/670
f 3871/5/671 3872/6/671 3873/7/671
f 352/25/672 354/26/673 353/27/674
f 3870/9/671 3872/6/671 3871/5/671
f 354/26/673 355/29/675 353/27/674
f 3867/11/676 3868/12/676 3869/13/676
f 355/29/675 356/31/677 353/27/674
f 3866/15/676 3868/12/676 3867/11/676
f 356/31/677 357/33/678 353/27/674
f 3863/17/679 3864/18/679 3865/19/679
f 357/33/678 358/34/680 353/27/674
f 3862/21/679 3864/18/679 3863/17/679
f 358/34/680 359/35/681 353/27/674
f 3857/46/682 3860/47/683 3861/48/683
f 359/35/681 360/36/684 353/27/674
f 353/27/674 360/36/684 352/25/672
f 3859/49/685 3860/47/683 3857/46/682
f 3858/50/686 3859/49/685 3857/46/682
f 3856/51/686 3858/50/686 3857/46/682
f 3853/17/687 3854/18/688 3855/19/687
f 361/1/689 363/2/690 362/3/691
f 3852/21/692 3854/18/688 3853/17/687
f 363/2/690 364/4/693 362/3/691
f 3849/17/694 3850/18/694 3851/19/694
f 364/4/693 365/8/695 362/3/691
f 3848/21/694 3850/18/694 3849/17/694
f 365/8/695 366/10/696 362/3/691
f 3845/5/697 3846/6/698 3847/7/699
f 366/10/696 367/14/700 362/3/691
f 3844/9/699 3846/6/698 3845/5/697
f 367/14/700 368/16/701 362/3/691
f 3841/17/702 3842/18/703 3843/19/702
f 368/16/701 369/20/704 362/3/691
f 362/3/691 369/20/704 361/1/689
f 3840/21/702 3842/18/703 3841/17/702
f 3837/5/705 3838/6/706 3839/7/705
f 3836/9/705 3838/6/706 3837/5/705
f 3833/11/707 3834/12/707 3835/13/707
f 370/37/708 372/38/709 371/39/710
f 3832/15/707 3834/12/707 3833/11/707
f 372/38/709 373/40/711 371/39/710
f 3829/11/712 3830/12/712 3831/13/712
f 373/40/711 374/41/713 371/39/710
f 3828/15/712 3830/12/712 3829/11/712
f 374/41/713 375/42/714 371/39/710
f 3825/5/715 3826/6/716 3827/7/715
f 375/42/714 376/43/717 371/39/710
f 3824/9/716 3826/6/716 3825/5/715
f 376/43/717 377/44/718 371/39/710
f 3821/5/719 3822/6/719 3823/7/719
f 377/44/718 378/45/720 371/39/710
f 371/39/710 378/45/720 370/37/708
f 3820/9/719 3822/6/719 3821/5/719
f 3817/11/721 3818/12/721 3819/13/721
f 3816/15/721 3818/12/721 3817/11/721
f 3813/17/722 3814/18/723 3815/19/723
f 379/37/724 381/38/725 380/39/726
f 3812/21/727 3814/18/723 3813/17/722
f 381/38/725 382/40/728 380/39/726
f 3807/46/729 3810/47/730 3811/48/731
f 382/40/728 383/41/732 380/39/726
f 3809/49/729 3810/47/730 3807/46/729
f 383/41/732 384/42/733 380/39/726
f 3808/50/734 3809/49/729 3807/46/729
f 384/42/733 385/43/735 380/39/726
f 3806/51/734 3808/50/734 3807/46/729
f 385/43/735 386/44/736 380/39/726
f 3803/17/737 3804/18/737 3805/19/737
f 386/44/736 387/45/738 380/39/726
f 380/39/726 387/45/738 379/37/724
f 3802/21/739 3804/18/737 3803/17/737
f 3799/17/740 3800/18/740 3801/19/740
f 3798/21/740 3800/18/740 3799/17/740
f 3795/5/741 3796/6/742 3797/7/742
f 388/1/743 390/2/744 389/3/745
f 3794/9/742 3796/6/742 3795/5/741
f 390/2/744 391/4/746 389/3/745
f 3791/17/747 3792/18/747 3793/19/747
f 391/4/746 392/8/748 389/3/745
f 3790/21/747 3792/18/747 3791/17/747
f 392/8/748 393/10/749 389/3/745
f 3787/5/750 3788/6/751 3789/7/750
f 393/10/749 394/14/752 389/3/745
f 3786/9/751 3788/6/751 3787/5/750
f 394/14/752 395/16/753 389/3/745
f 3783/11/754 3784/12/754 3785/13/754
f 395/16/753 396/20/755 389/3/745
f 389/3/745 396/20/755 388/1/743
f 3782/15/754 3784/12/754 3783/11/754
f 3779/11/756 3780/12/756 3781/13/756
f 3778/15/756 3780/12/756 3779/11/756
f 3775/5/757 3776/6/757 3777/7/757
f 397/1/758 399/2/759 398/3/760
f 3774/9/757 3776/6/757 3775/5/757
f 399/2/759 400/4/761 398/3/760
f 3771/5/762 3772/6/762 3773/7/762
f 400/4/761 401/8/763 398/3/760
f 3770/9/764 3772/6/762 3771/5/762
f 401/8/763 402/10/765 398/3/760
f 3767/11/766 3768/12/767 3769/13/766
f 402/10/765 403/14/768 398/3/760
f 3766/15/766 3768/12/767 3767/11/766
f 403/14/768 404/16/769 398/3/760
f 3763/17/770 3764/18/770 3765/19/770
f 404/16/769 405/20/771 398/3/760
f 398/3/760 405/20/771 397/1/758
f 3762/21/770 3764/18/770 3763/17/770
f 3757/46/772 3760/47/773 3761/48/774
f 3759/49/772 3760/47/773 3757/46/772
f 3758/50/775 3759/49/772 3757/46/772
f 406/37/776 408/38/777 407/39/778
f 3756/51/775 3758/50/775 3757/46/772
f 408/38/777 409/40/779 407/39/778
f 3753/17/780 3754/18/781 3755/19/782
f 409/40/779 410/41/783 407/39/778
f 3752/21/782 3754/18/781 3753/17/780
f 410/41/783 411/42/784 407/39/778
f 3749/17/785 3750/18/785 3751/19/785
f 411/42/784 412/43/786 407/39/778
f 3748/21/785 3750/18/785 3749/17/785
f 412/43/786 413/44/787 407/39/778
f 3745/5/788 3746/6/788 3747/7/788
f 413/44/787 414/45/789 407/39/778
f 407/39/778 414/45/789 406/37/776
f 3744/9/788 3746/6/788 3745/5/788
f 3741/17/790 3742/18/790 3743/19/790
f 3740/21/790 3742/18/790 3741/17/790
f 3737/5/791 3738/6/792 3739/7/791
f 415/1/793 417/2/794 416/3/795
f 3736/9/791 3738/6/792 3737/5/791
f 417/2/794 418/4/796 416/3/795
f 3733/11/797 3734/12/798 3735/13/797
f 418/4/796 419/8/799 416/3/795
f 3732/15/797 3734/12/798 3733/11/797
f 419/8/799 420/10/800 416/3/795
f 3729/11/801 3730/12/801 3731/13/801
f 420/10/800 421/14/802 416/3/795
f 3728/15/801 3730/12/801 3729/11/801
f 421/14/802 422/16/803 416/3/795
f 3725/5/804 3726/6/804 3727/7/804
f 422/16/803 423/20/805 416/3/795
f 416/3/795 423/20/805 415/1/793
f 3724/9/804 3726/6/804 3725/5/804
f 3721/5/806 3722/6/806 3723/7/806
f 3720/9/806 3722/6/806 3721/5/806
f 3717/11/807 3718/12/807 3719/13/807
f 424/25/808 426/26/809 425/27/810
f 3716/15/807 3718/12/807 3717/11/807
f 426/26/809 427/29/811 425/27/810
f 3713/17/812 3714/18/812 3715/19/813
f 427/29/811 428/31/814 425/27/810
f 3712/21/812 3714/18/812 3713/17/812
f 428/31/814 429/33/815 425/27/810
f 3707/46/816 3710/47/817 3711/48/817
f 429/33/815 430/34/818 425/27/810
f 3709/49/816 3710/47/817 3707/46/816
f 430/34/818 431/35/819 425/27/810
f 3708/50/820 3709/49/816 3707/46/816
f 431/35/819 432/36/821 425/27/810
f 425/27/810 432/36/821 424/25/808
f 3706/51/820 3708/50/820 3707/46/816
f 3703/17/822 3704/18/822 3705/19/822
f 3702/21/822 3704/18/822 3703/17/822
f 3699/17/823 3700/18/823 3701/19/823
f 433/37/824 435/38/825 434/39/826
f 3698/21/823 3700/18/823 3699/17/823
f 435/38/825 436/40/827 434/39/826
f 3695/5/828 3696/6/828 3697/7/828
f 436/40/827 437/41/829 434/39/826
f 3694/9/828 3696/6/828 3695/5/828
f 437/41/829 438/42/830 434/39/826
f 3691/17/831 3692/18/831 3693/19/831
f 438/42/830 439/43/832 434/39/826
f 3690/21/831 3692/18/831 3691/17/831
f 439/43/832 440/44/833 434/39/826
f 3687/5/834 3688/6/834 3689/7/834
f 440/44/833 441/45/835 434/39/826
f 434/39/826 441/45/835 433/37/824
f 3686/9/834 3688/6/834 3687/5/834
f 3683/11/836 3684/12/837 3685/13/838
f 3682/15/837 3684/12/837 3683/11/836
f 3679/11/839 3680/12/840 3681/13/840
f 442/37/841 444/38/842 443/39/843
f 3678/15/839 3680/12/840 3679/11/839
f 444/38/842 445/40/844 443/39/843
f 3675/5/845 3676/6/846 3677/7/845
f 445/40/844 446/41/847 443/39/843
f 3674/9/845 3676/6/846 3675/5/845
f 446/41/847 447/42/848 443/39/843
f 3671/5/849 3672/6/849 3673/7/850
f 447/42/848 448/43/851 443/39/843
f 3670/9/849 3672/6/849 3671/5/849
f 448/43/851 449/44/852 443/39/843
f 3667/11/853 3668/12/853 3669/13/854
f 449/44/852 450/45/855 443/39/843
f 443/39/843 450/45/855 442/37/841
f 3666/15/853 3668/12/853 3667/11/853
f 3663/17/856 3664/18/857 3665/19/857
f 3662/21/857 3664/18/857 3663/17/856
f 3657/46/858 3660/47/859 3661/48/860
f 451/25/861 453/26/862 452/27/863
f 3659/49/858 3660/47/859 3657/46/858
f 453/26/862 454/29/864 452/27/863
f 3658/50/865 3659/49/858 3657/46/858
f 454/29/864 455/31/866 452/27/863
f 3656/51/867 3658/50/865 3657/46/858
f 455/31/866 456/33/868 452/27/863
f 3653/17/869 3654/18/870 3655/19/869
f 456/33/868 457/34/871 452/27/863
f 3652/21/870 3654/18/870 3653/17/869
f 457/34/871 458/35/872 452/27/863
f 3649/17/873 3650/18/873 3651/19/873
f 458/35/872 459/36/874 452/27/863
f 452/27/863 459/36/874 451/25/861
f 3648/21/873 3650/18/873 3649/17/873
f 3645/5/875 3646/6/875 3647/7/875
f 3644/9/875 3646/6/875 3645/5/875
f 3641/17/876 3642/18/876 3643/19/876
f 460/1/877 462/2/878 461/3/879
f 3640/21/880 3642/18/876 3641/17/876
f 462/2/878 463/4/881 461/3/879
f 3637/5/882 3638/6/882 3639/7/882
f 463/4/881 464/8/883 461/3/879
f 3636/9/882 3638/6/882 3637/5/882
f 464/8/883 465/10/884 461/3/879
f 3633/11/885 3634/12/885 3635/13/885
f 465/10/884 466/14/886 461/3/879
f 3632/15/885 3634/12/885 3633/11/885
f 466/14/886 467/16/887 461/3/879
f 3629/11/888 3630/12/889 3631/13/889
f 467/16/887 468/20/890 461/3/879
f 461/3/879 468/20/890 460/1/877
f 3628/15/891 3630/12/889 3629/11/888
f 3625/5/892 3626/6/892 3627/7/892
f 3624/9/892 3626/6/892 3625/5/892
f 3621/5/893 3622/6/894 3623/7/893
f 469/37/895 471/38/896 470/39/897
f 3620/9/894 3622/6/894 3621/5/893
f 471/38/896 472/40/898 470/39/897
f 3617/11/899 3618/12/900 3619/13/899
f 472/40/898 473/41/901 470/39/897
f 3616/15/899 3618/12/900 3617/11/899
f 473/41/901 474/42/902 470/39/897
f 3613/17/903 3614/18/903 3615/19/903
f 474/42/902 475/43/904 470/39/897
f 3612/21/903 3614/18/903 3613/17/903
f 475/43/904 476/44/905 470/39/897
f 3607/46/906 3610/47/907 3611/48/907
f 476/44/905 477/45/908 470/39/897
f 470/39/897 477/45/908 469/37/895
f 3609/49/906 3610/47/907 3607/46/906
f 3608/50/909 3609/49/906 3607/46/906
f 3606/51/909 3608/50/909 3607/46/906
f 3603/17/910 3604/18/910 3605/19/910
f 478/25/911 480/26/912 479/27/913
f 3602/21/910 3604/18/910 3603/17/910
f 480/26/912 481/29/914 479/27/913
f 3599/17/915 3600/18/915 3601/19/915
f 481/29/914 482/31/916 479/27/913
f 3598/21/915 3600/18/915 3599/17/915
f 482/31/916 483/33/917 479/27/913
f 3595/5/918 3596/6/918 3597/7/919
f 483/33/917 484/34/920 479/27/913
f 3594/9/919 3596/6/918 3595/5/918
f 484/34/920 485/35/921 479/27/913
f 3591/17/922 3592/18/922 3593/19/922
f 485/35/921 486/36/923 479/27/913
f 479/27/913 486/36/923 478/25/911
f 3590/21/922 3592/18/922 3591/17/922
f 3587/5/924 3588/6/924 3589/7/924
f 3586/9/924 3588/6/924 3587/5/924
f 3583/11/925 3584/12/926 3585/13/927
f 487/37/928 489/38/929 488/39/930
f 3582/15/926 3584/12/926 3583/11/925
f 489/38/929 490/40/931 488/39/930
f 3579/11/932 3580/12/932 3581/13/933
f 490/40/931 491/41/934 488/39/930
f 3578/15/933 3580/12/932 3579/11/932
f 491/41/934 492/42/935 488/39/930
f 3575/5/936 3576/6/936 3577/7/936
f 492/42/935 493/43/937 488/39/930
f 3574/9/936 3576/6/936 3575/5/936
f 493/43/937 494/44/938 488/39/930
f 3571/5/939 3572/6/940 3573/7/941
f 494/44/938 495/45/942 488/39/930
f 488/39/930 495/45/942 487/37/928
f 3570/9/941 3572/6/940 3571/5/939
f 3567/11/943 3568/12/943 3569/13/944
f 3566/15/943 3568/12/943 3567/11/943
f 3563/17/945 3564/18/945 3565/19/945
f 496/25/946 498/26/947 497/27/948
f 3562/21/945 3564/18/945 3563/17/945
f 498/26/947 499/29/949 497/27/948
f 3557/46/950 3560/47/951 3561/48/951
f 499/29/949 500/31/952 497/27/948
f 3559/49/950 3560/47/951 3557/46/950
f 500/31/952 501/33/953 497/27/948
f 3558/50/954 3559/49/950 3557/46/950
f 501/33/953 502/34/955 497/27/948
f 3556/51/954 3558/50/954 3557/46/950
f 502/34/955 503/35/956 497/27/948
f 3553/17/957 3554/18/957 3555/19/957
f 503/35/956 504/36/958 497/27/948
f 497/27/948 504/36/958 496/25/946
f 3552/21/957 3554/18/957 3553/17/957
f 3549/17/959 3550/18/960 3551/19/960
f 3548/21/961 3550/18/960 3549/17/959
f 3545/5/962 3546/6/962 3547/7/962
f 505/25/963 507/26/964 506/27/965
f 3544/9/962 3546/6/962 3545/5/962
f 507/26/964 508/29/966 506/27/965
f 3541/17/967 3542/18/967 3543/19/968
f 508/29/966 509/31/969 506/27/965
f 3540/21/970 3542/18/967 3541/17/967
f 509/31/969 510/33/971 506/27/965
f 3537/5/972 3538/6/972 3539/7/972
f 510/33/971 511/34/973 506/27/965
f 3536/9/974 3538/6/972 3537/5/972
f 511/34/973 512/35/975 506/27/965
f 3533/11/976 3534/12/976 3535/13/976
f 512/35/975 513/36/977 506/27/965
f 506/27/965 513/36/977 505/25/963
f 3532/15/976 3534/12/976 3533/11/976
f 3529/17/978 3530/18/978 3531/19/978
f 3528/21/978 3530/18/978 3529/17/978
f 3525/5/979 3526/6/979 3527/7/979
f 514/25/980 516/26/981 515/27/982
f 3524/9/979 3526/6/979 3525/5/979
f 516/26/981 517/29/983 515/27/982
f 3519/22/984 3522/23/985 3523/24/986
f 517/29/983 518/31/987 515/27/982
f 3521/28/988 3522/23/985 3519/22/984
f 518/31/987 519/33/989 515/27/982
f 3520/30/990 3521/28/988 3519/22/984
f 519/33/989 520/34/991 515/27/982
f 3518/32/992 3520/30/990 3519/22/984
f 520/34/991 521/35/993 515/27/982
f 3515/5/994 3516/6/995 3517/7/995
f 521/35/993 522/36/996 515/27/982
f 515/27/982 522/36/996 514/25/980
f 3514/9/994 3516/6/995 3515/5/994
f 3511/17/997 3512/18/997 3513/19/997
f 3510/21/997 3512/18/997 3511/17/997
f 3507/11/998 3508/12/998 3509/13/998
f 523/1/999 525/2/1000 524/3/1001
f 3506/15/998 3508/12/998 3507/11/998
f 525/2/1000 526/4/1002 524/3/1001
f 3503/5/1003 3504/6/1003 3505/7/1004
f 526/4/1002 527/8/1005 524/3/1001
f 3502/9/1003 3504/6/1003 3503/5/1003
f 527/8/1005 528/10/1006 524/3/1001
f 3499/11/1007 3500/12/1007 3501/13/1007
f 528/10/1006 529/14/1008 524/3/1001
f 3498/15/1007 3500/12/1007 3499/11/1007
f 529/14/1008 530/16/1009 524/3/1001
f 3495/11/1010 3496/12/1011 3497/13/1010
f 530/16/1009 531/20/1012 524/3/1001
f 524/3/1001 531/20/1012 523/1/999
f 3494/15/1011 3496/12/1011 3495/11/1010
f 3491/5/1013 3492/6/1014 3493/7/1014
f 3490/9/1014 3492/6/1014 3491/5/1013
f 3487/5/1015 3488/6/1015 3489/7/1015
f 532/37/1016 534/38/1017 533/39/1018
f 3486/9/1019 3488/6/1015 3487/5/1015
f 534/38/1017 535/40/1020 533/39/1018
f 3483/11/1021 3484/12/1021 3485/13/1021
f 535/40/1020 536/41/1022 533/39/1018
f 3482/15/1021 3484/12/1021 3483/11/1021
f 536/41/1022 537/42/1023 533/39/1018
f 3479/17/1024 3480/18/1024 3481/19/1024
f 537/42/1023 538/43/1025 533/39/1018
f 3478/21/1024 3480/18/1024 3479/17/1024
f 538/43/1025 539/44/1026 533/39/1018
f 3473/46/1027 3476/47/1028 3477/48/1028
f 539/44/1026 540/45/1029 533/39/1018
f 533/39/1018 540/45/1029 532/37/1016
f 3475/49/1030 3476/47/1028 3473/46/1027
f 3474/50/1031 3475/49/1030 3473/46/1027
f 3472/51/1031 3474/50/1031 3473/46/1027
f 3469/17/1032 3470/18/1033 3471/19/1032
f 541/37/1034 543/38/1035 542/39/1036
f 3468/21/1032 3470/18/1033 3469/17/1032
f 543/38/1035 544/40/1037 542/39/1036
f 3465/17/1038 3466/18/1039 3467/19/1038
f 544/40/1037 545/41/1040 542/39/1036
f 3464/21/1038 3466/18/1039 3465/17/1038
f 545/41/1040 546/42/1041 542/39/1036
f 3461/5/1042 3462/6/1043 3463/7/1042
f 546/42/1041 547/43/1044 542/39/1036
f 3460/9/1042 3462/6/1043 3461/5/1042
f 547/43/1044 548/44/1045 542/39/1036
f 3457/17/1046 3458/18/1046 3459/19/1046
f 548/44/1045 549/45/1047 542/39/1036
f 542/39/1036 549/45/1047 541/37/1034
f 3456/21/1046 3458/18/1046 3457/17/1046
f 3453/5/1048 3454/6/1049 3455/7/1048
f 3452/9/1049 3454/6/1049 3453/5/1048
f 3449/11/1050 3450/12/1050 3451/13/1050
f 550/1/1051 552/2/1052 551/3/1053
f 3448/15/1050 3450/12/1050 3449/11/1050
f 552/2/1052 553/4/1054 551/3/1053
f 3445/11/1055 3446/12/1055 3447/13/1056
f 553/4/1054 554/8/1057 551/3/1053
f 3444/15/1055 3446/12/1055 3445/11/1055
f 554/8/1057 555/10/1058 551/3/1053
f 3441/5/1059 3442/6/1060 3443/7/1059
f 555/10/1058 556/14/1061 551/3/1053
f 3440/9/1059 3442/6/1060 3441/5/1059
f 556/14/1061 557/16/1062 551/3/1053
f 3437/5/1063 3438/6/1064 3439/7/1063
f 557/16/1062 558/20/1065 551/3/1053
f 551/3/1053 558/20/1065 550/1/1051
f 3436/9/1063 3438/6/1064 3437/5/1063
f 3433/11/1066 3434/12/1067 3435/13/1066
f 3432/15/1067 3434/12/1067 3433/11/1066
f 3429/17/1068 3430/18/1068 3431/19/1068
f 559/1/1069 561/2/1070 560/3/1071
f 3428/21/1068 3430/18/1068 3429/17/1068
f 561/2/1070 562/4/1072 560/3/1071
f 3423/46/1073 3426/47/1074 3427/48/1075
f 562/4/1072 563/8/1076 560/3/1071
f 3425/49/1077 3426/47/1074 3423/46/1073
f 563/8/1076 564/10/1078 560/3/1071
f 3424/50/1079 3425/49/1077 3423/46/1073
f 564/10/1078 565/14/1080 560/3/1071
f 3422/51/1081 3424/50/1079 3423/46/1073
f 565/14/1080 566/16/1082 560/3/1071
f 3419/17/1083 3420/18/1083 3421/19/1083
f 566/16/1082 567/20/1084 560/3/1071
f 560/3/1071 567/20/1084 559/1/1069
f 3418/21/1083 3420/18/1083 3419/17/1083
f 3415/17/1085 3416/18/1085 3417/19/1085
f 3414/21/1086 3416/18/1085 3415/17/1085
f 3411/5/1087 3412/6/1087 3413/7/1087
f 568/37/1088 570/38/1089 569/39/1090
f 3410/9/1087 3412/6/1087 3411/5/1087
f 570/38/1089 571/40/1091 569/39/1090
f 3407/17/1092 3408/18/1093 3409/19/1092
f 571/40/1091 572/41/1094 569/39/1090
f 3406/21/1093 3408/18/1093 3407/17/1092
f 572/41/1094 573/42/1095 569/39/1090
f 3403/5/1096 3404/6/1096 3405/7/1096
f 573/42/1095 574/43/1097 569/39/1090
f 3402/9/1096 3404/6/1096 3403/5/1096
f 574/43/1097 575/44/1098 569/39/1090
f 3399/11/1099 3400/12/1100 3401/13/1100
f 575/44/1098 576/45/1101 569/39/1090
f 569/39/1090 576/45/1101 568/37/1088
f 3398/15/1099 3400/12/1100 3399/11/1099
f 3395/11/1102 3396/12/1103 3397/13/1103
f 3394/15/1102 3396/12/1103 3395/11/1102
f 3391/5/1104 3392/6/1104 3393/7/1104
f 577/25/1105 579/26/1106 578/27/827
f 3390/9/1104 3392/6/1104 3391/5/1104
f 579/26/1106 580/29/1107 578/27/827
f 3387/5/1108 3388/6/1108 3389/7/1109
f 580/29/1107 581/31/1110 578/27/827
f 3386/9/1108 3388/6/1108 3387/5/1108
f 581/31/1110 582/33/1111 578/27/827
f 3383/11/1112 3384/12/1112 3385/13/1112
f 582/33/1111 583/34/1113 578/27/827
f 3382/15/1114 3384/12/1112 3383/11/1112
f 583/34/1113 584/35/1115 578/27/827
f 3379/17/1116 3380/18/1116 3381/19/1116
f 584/35/1115 585/36/1117 578/27/827
f 578/27/827 585/36/1117 577/25/1105
f 3378/21/1116 3380/18/1116 3379/17/1116
f 3373/46/1118 3376/47/1119 3377/48/1120
f 3375/49/1118 3376/47/1119 3373/46/1118
f 3374/50/1121 3375/49/1118 3373/46/1118
f 586/37/1122 588/38/1123 587/39/1124
f 3372/51/1121 3374/50/1121 3373/46/1118
f 588/38/1123 589/40/1125 587/39/1124
f 3369/17/1126 3370/18/1126 3371/19/1126
f 589/40/1125 590/41/1127 587/39/1124
f 3368/21/1126 3370/18/1126 3369/17/1126
f 590/41/1127 591/42/1128 587/39/1124
f 3365/17/1129 3366/18/1130 3367/19/1129
f 591/42/1128 592/43/1131 587/39/1124
f 3364/21/1132 3366/18/1130 3365/17/1129
f 592/43/1131 593/44/1133 587/39/1124
f 3361/5/1134 3362/6/1134 3363/7/1134
f 593/44/1133 594/45/1135 587/39/1124
f 587/39/1124 594/45/1135 586/37/1122
f 3360/9/1134 3362/6/1134 3361/5/1134
f 3357/17/1136 3358/18/1136 3359/19/1137
f 3356/21/1136 3358/18/1136 3357/17/1136
f 3353/5/1138 3354/6/1138 3355/7/1138
f 595/25/1139 597/26/1140 596/27/1141
f 3352/9/1138 3354/6/1138 3353/5/1138
f 597/26/1140 598/29/1142 596/27/1141
f 3349/11/1143 3350/12/1143 3351/13/1143
f 598/29/1142 599/31/1144 596/27/1141
f 3348/15/1143 3350/12/1143 3349/11/1143
f 599/31/1144 600/33/1145 596/27/1141
f 3345/11/1146 3346/12/1147 3347/13/1146
f 600/33/1145 601/34/1148 596/27/1141
f 3344/15/1147 3346/12/1147 3345/11/1146
f 601/34/1148 602/35/1149 596/27/1141
f 3341/5/1150 3342/6/1150 3343/7/1150
f 602/35/1149 603/36/1151 596/27/1141
f 596/27/1141 603/36/1151 595/25/1139
f 3340/9/1150 3342/6/1150 3341/5/1150
f 3337/5/1118 3338/6/1118 3339/7/1118
f 3336/9/1118 3338/6/1118 3337/5/1118
f 3333/11/1152 3334/12/1153 3335/13/1154
f 604/25/1155 606/26/1156 605/27/1157
f 3332/15/1153 3334/12/1153 3333/11/1152
f 606/26/1156 607/29/1158 605/27/1157
f 3329/17/1159 3330/18/1159 3331/19/1159
f 607/29/1158 608/31/1160 605/27/1157
f 3328/21/1159 3330/18/1159 3329/17/1159
f 608/31/1160 609/33/1161 605/27/1157
f 3323/46/1162 3326/47/1163 3327/48/1164
f 609/33/1161 610/34/1165 605/27/1157
f 3325/49/1162 3326/47/1163 3323/46/1162
f 610/34/1165 611/35/1166 605/27/1157
f 3324/50/1167 3325/49/1162 3323/46/1162
f 611/35/1166 612/36/1168 605/27/1157
f 605/27/1157 612/36/1168 604/25/1155
f 3322/51/1169 3324/50/1167 3323/46/1162
f 3319/17/1170 3320/18/1170 3321/19/1170
f 3318/21/1170 3320/18/1170 3319/17/1170
f 3315/17/1171 3316/18/1172 3317/19/1173
f 613/25/1174 615/26/1175 614/27/1176
f 3314/21/1172 3316/18/1172 3315/17/1171
f 615/26/1175 616/29/1177 614/27/1176
f 3311/5/1178 3312/6/1179 3313/7/1179
f 616/29/1177 617/31/1180 614/27/1176
f 3310/9/1179 3312/6/1179 3311/5/1178
f 617/31/1180 618/33/1181 614/27/1176
f 3307/17/1182 3308/18/1183 3309/19/1182
f 618/33/1181 619/34/1184 614/27/1176
f 3306/21/1183 3308/18/1183 3307/17/1182
f 619/34/1184 620/35/1185 614/27/1176
f 3303/5/1186 3304/6/1187 3305/7/1186
f 620/35/1185 621/36/1188 614/27/1176
f 614/27/1176 621/36/1188 613/25/1174
f 3302/9/1187 3304/6/1187 3303/5/1186
f 3299/11/1189 3300/12/1190 3301/13/1190
f 3298/15/1190 3300/12/1190 3299/11/1189
f 3295/17/1191 3296/18/1192 3297/19/1191
f 622/1/1193 624/2/1194 623/3/1195
f 3294/21/1192 3296/18/1192 3295/17/1191
f 624/2/1194 625/4/1196 623/3/1195
f 3291/5/1197 3292/6/1197 3293/7/1197
f 625/4/1196 626/8/1198 623/3/1195
f 3290/9/1197 3292/6/1197 3291/5/1197
f 626/8/1198 627/10/1199 623/3/1195
f 3285/22/1200 3288/23/1201 3289/24/1201
f 627/10/1199 628/14/1202 623/3/1195
f 3287/28/1203 3288/23/1201 3285/22/1200
f 628/14/1202 629/16/1204 623/3/1195
f 3286/30/1205 3287/28/1203 3285/22/1200
f 629/16/1204 630/20/1206 623/3/1195
f 623/3/1195 630/20/1206 622/1/1193
f 3284/32/1205 3286/30/1205 3285/22/1200
f 3281/5/1207 3282/6/1207 3283/7/1207
f 3280/9/1207 3282/6/1207 3281/5/1207
f 3277/17/1208 3278/18/1208 3279/19/1208
f 631/37/1209 633/38/1210 632/39/1211
f 3276/21/1212 3278/18/1208 3277/17/1208
f 633/38/1210 634/40/1213 632/39/1211
f 3273/11/1214 3274/12/1214 3275/13/1214
f 634/40/1213 635/41/1215 632/39/1211
f 3272/15/1214 3274/12/1214 3273/11/1214
f 635/41/1215 636/42/1216 632/39/1211
f 3269/5/1217 3270/6/1217 3271/7/1218
f 636/42/1216 637/43/1219 632/39/1211
f 3268/9/1217 3270/6/1217 3269/5/1217
f 637/43/1219 638/44/1220 632/39/1211
f 3265/11/1221 3266/12/1221 3267/13/1221
f 638/44/1220 639/45/1222 632/39/1211
f 632/39/1211 639/45/1222 631/37/1209
f 3264/15/1223 3266/12/1221 3265/11/1221
f 3261/11/1224 3262/12/1224 3263/13/1224
f 3260/15/1224 3262/12/1224 3261/11/1224
f 3257/5/1225 3258/6/1226 3259/7/1225
f 640/37/1227 642/38/1228 641/39/1229
f 3256/9/1225 3258/6/1226 3257/5/1225
f 642/38/1228 643/40/1230 641/39/1229
f 3253/5/1231 3254/6/1232 3255/7/1231
f 643/40/1230 644/41/1233 641/39/1229
f 3252/9/1231 3254/6/1232 3253/5/1231
f 644/41/1233 645/42/1234 641/39/1229
f 3249/11/1235 3250/12/1236 3251/13/1236
f 645/42/1234 646/43/1237 641/39/1229
f 3248/15/1236 3250/12/1236 3249/11/1235
f 646/43/1237 647/44/1238 641/39/1229
f 3245/17/1239 3246/18/1239 3247/19/1240
f 647/44/1238 648/45/1241 641/39/1229
f 641/39/1229 648/45/1241 640/37/1227
f 3244/21/1242 3246/18/1239 3245/17/1239
f 3239/46/1243 3242/47/1244 3243/48/1244
f 3241/49/1243 3242/47/1244 3239/46/1243
f 3240/50/1245 3241/49/1243 3239/46/1243
f 649/1/1246 651/2/1247 650/3/1248
f 3238/51/1249 3240/50/1245 3239/46/1243
f 651/2/1247 652/4/1250 650/3/1248
f 3235/17/1251 3236/18/1251 3237/19/1251
f 652/4/1250 653/8/1252 650/3/1248
f 3234/21/1251 3236/18/1251 3235/17/1251
f 653/8/1252 654/10/1253 650/3/1248
f 3231/17/1254 3232/18/1255 3233/19/1254
f 654/10/1253 655/14/1256 650/3/1248
f 3230/21/1255 3232/18/1255 3231/17/1254
f 655/14/1256 656/16/1257 650/3/1248
f 3227/5/1258 3228/6/1258 3229/7/1258
f 656/16/1257 657/20/885 650/3/1248
f 650/3/1248 657/20/885 649/1/1246
f 3226/9/1259 3228/6/1258 3227/5/1258
f 3223/17/1260 3224/18/1260 3225/19/1261
f 3222/21/1260 3224/18/1260 3223/17/1260
f 3219/5/1262 3220/6/1263 3221/7/1262
f 658/1/1264 660/2/1265 659/3/1266
f 3218/9/1262 3220/6/1263 3219/5/1262
f 660/2/1265 661/4/1267 659/3/1266
f 3215/11/1268 3216/12/1268 3217/13/1268
f 661/4/1267 662/8/1269 659/3/1266
f 3214/15/1268 3216/12/1268 3215/11/1268
f 662/8/1269 663/10/1270 659/3/1266
f 3211/17/1271 3212/18/1272 3213/19/1272
f 663/10/1270 664/14/1273 659/3/1266
f 3210/21/1272 3212/18/1272 3211/17/1271
f 664/14/1273 665/16/1274 659/3/1266
f 3207/5/1275 3208/6/1275 3209/7/1276
f 665/16/1274 666/20/1277 659/3/1266
f 659/3/1266 666/20/1277 658/1/1264
f 3206/9/1275 3208/6/1275 3207/5/1275
f 3201/22/1278 3204/23/1279 3205/24/1279
f 3203/28/1280 3204/23/1279 3201/22/1278
f 3202/30/1281 3203/28/1280 3201/22/1278
f 667/37/1282 669/38/1283 668/39/1284
f 3200/32/1281 3202/30/1281 3201/22/1278
f 669/38/1283 670/40/1285 668/39/1284
f 3197/5/1286 3198/6/1286 3199/7/1286
f 670/40/1285 671/41/1287 668/39/1284
f 3196/9/1286 3198/6/1286 3197/5/1286
f 671/41/1287 672/42/1288 668/39/1284
f 3193/17/1289 3194/18/1290 3195/19/1290
f 672/42/1288 673/43/1291 668/39/1284
f 3192/21/1290 3194/18/1290 3193/17/1289
f 673/43/1291 674/44/1292 668/39/1284
f 3189/11/1293 3190/12/1294 3191/13/1295
f 674/44/1292 675/45/1296 668/39/1284
f 668/39/1284 675/45/1296 667/37/1282
f 3188/15/1294 3190/12/1294 3189/11/1293
f 3185/5/1297 3186/6/1297 3187/7/1297
f 3184/9/1297 3186/6/1297 3185/5/1297
f 3181/11/1298 3182/12/1298 3183/13/1298
f 676/25/1299 678/26/1300 677/27/1301
f 3180/15/1298 3182/12/1298 3181/11/1298
f 678/26/1300 679/29/1302 677/27/1301
f 3177/17/1303 3178/18/1303 3179/19/1303
f 679/29/1302 680/31/1304 677/27/1301
f 3176/21/1303 3178/18/1303 3177/17/1303
f 680/31/1304 681/33/1305 677/27/1301
f 3173/5/1306 3174/6/1306 3175/7/1306
f 681/33/1305 682/34/1307 677/27/1301
f 3172/9/1306 3174/6/1306 3173/5/1306
f 682/34/1307 683/35/1308 677/27/1301
f 3167/22/1309 3170/23/1310 3171/24/1310
f 683/35/1308 684/36/1311 677/27/1301
f 677/27/1301 684/36/1311 676/25/1299
f 3169/28/1312 3170/23/1310 3167/22/1309
f 3168/30/1313 3169/28/1312 3167/22/1309
f 3166/32/1313 3168/30/1313 3167/22/1309
f 3163/5/1314 3164/6/1314 3165/7/1314
f 685/37/1315 687/38/1316 686/39/1317
f 3162/9/1314 3164/6/1314 3163/5/1314
f 687/38/1316 688/40/1318 686/39/1317
f 3159/17/1319 3160/18/1319 3161/19/1319
f 688/40/1318 689/41/1320 686/39/1317
f 3158/21/1319 3160/18/1319 3159/17/1319
f 689/41/1320 690/42/1321 686/39/1317
f 3155/11/1322 3156/12/1322 3157/13/1322
f 690/42/1321 691/43/1323 686/39/1317
f 3154/15/1322 3156/12/1322 3155/11/1322
f 691/43/1323 692/44/1324 686/39/1317
f 3151/5/1325 3152/6/1325 3153/7/1325
f 692/44/1324 693/45/1326 686/39/1317
f 686/39/1317 693/45/1326 685/37/1315
f 3150/9/1325 3152/6/1325 3151/5/1325
f 3147/11/1327 3148/12/1328 3149/13/1327
f 3146/15/1328 3148/12/1328 3147/11/1327
f 3143/17/1329 3144/18/1330 3145/19/1331
f 694/25/1332 696/26/1333 695/27/1334
f 3142/21/1330 3144/18/1330 3143/17/1329
f 696/26/1333 697/29/1335 695/27/1334
f 3139/5/1336 3140/6/1337 3141/7/1337
f 697/29/1335 698/31/1338 695/27/1334
f 3138/9/1337 3140/6/1337 3139/5/1336
f 698/31/1338 699/33/1339 695/27/1334
f 3133/22/1340 3136/23/1341 3137/24/1342
f 699/33/1339 700/34/1343 695/27/1334
f 3135/28/1344 3136/23/1341 3133/22/1340
f 700/34/1343 701/35/1345 695/27/1334
f 3134/30/1346 3135/28/1344 3133/22/1340
f 701/35/1345 702/36/1347 695/27/1334
f 695/27/1334 702/36/1347 694/25/1332
f 3132/32/1346 3134/30/1346 3133/22/1340
f 3129/5/1348 3130/6/1348 3131/7/1349
f 3128/9/1348 3130/6/1348 3129/5/1348
f 3125/17/1350 3126/18/1350 3127/19/1350
f 703/25/1351 705/26/1352 704/27/1353
f 3124/21/1350 3126/18/1350 3125/17/1350
f 705/26/1352 706/29/1354 704/27/1353
f 3121/11/1355 3122/12/1356 3123/13/1356
f 706/29/1354 707/31/1357 704/27/1353
f 3120/15/1355 3122/12/1356 3121/11/1355
f 707/31/1357 708/33/1358 704/27/1353
f 3117/5/1359 3118/6/1359 3119/7/1359
f 708/33/1358 709/34/1360 704/27/1353
f 3116/9/1359 3118/6/1359 3117/5/1359
f 709/34/1360 710/35/1361 704/27/1353
f 3113/11/1362 3114/12/1362 3115/13/1362
f 710/35/1361 711/36/1363 704/27/1353
f 704/27/1353 711/36/1363 703/25/1351
f 3112/15/1362 3114/12/1362 3113/11/1362
f 3109/17/1364 3110/18/1365 3111/19/1365
f 3108/21/1365 3110/18/1365 3109/17/1364
f 3105/5/1366 3106/6/1366 3107/7/1367
f 712/25/1368 714/26/1369 713/27/1370
f 3104/9/1366 3106/6/1366 3105/5/1366
f 714/26/1369 715/29/1371 713/27/1370
f 3099/22/1372 3102/23/1373 3103/24/1373
f 715/29/1371 716/31/1374 713/27/1370
f 3101/28/1375 3102/23/1373 3099/22/1372
f 716/31/1374 717/33/1376 713/27/1370
f 3100/30/1377 3101/28/1375 3099/22/1372
f 717/33/1376 718/34/1378 713/27/1370
f 3098/32/1377 3100/30/1377 3099/22/1372
f 718/34/1378 719/35/1379 713/27/1370
f 3095/5/1380 3096/6/1380 3097/7/1381
f 719/35/1379 720/36/1382 713/27/1370
f 713/27/1370 720/36/1382 712/25/1368
f 3094/9/1380 3096/6/1380 3095/5/1380
f 3091/17/1383 3092/18/1383 3093/19/1384
f 3090/21/1383 3092/18/1383 3091/17/1383
f 3087/11/1385 3088/12/1385 3089/13/1385
f 721/1/1386 723/2/1387 722/3/1388
f 3086/15/1385 3088/12/1385 3087/11/1385
f 723/2/1387 724/4/1389 722/3/1388
f 3083/5/1390 3084/6/1390 3085/7/1390
f 724/4/1389 725/8/1391 722/3/1388
f 3082/9/1390 3084/6/1390 3083/5/1390
f 725/8/1391 726/10/1392 722/3/1388
f 3079/11/1393 3080/12/1393 3081/13/1393
f 726/10/1392 727/14/1394 722/3/1388
f 3078/15/1393 3080/12/1393 3079/11/1393
f 727/14/1394 728/16/1395 722/3/1388
f 3075/17/1396 3076/18/1396 3077/19/1396
f 728/16/1395 729/20/1397 722/3/1388
f 722/3/1388 729/20/1397 721/1/1386
f 3074/21/1396 3076/18/1396 3075/17/1396
f 3071/5/1398 3072/6/1398 3073/7/1398
f 3070/9/1398 3072/6/1398 3071/5/1398
f 3065/22/1399 3068/23/1400 3069/24/1400
f 730/37/1401 732/38/1402 731/39/1403
f 3067/28/1404 3068/23/1400 3065/22/1399
f 732/38/1402 733/40/1405 731/39/1403
f 3066/30/1406 3067/28/1404 3065/22/1399
f 733/40/1405 734/41/1407 731/39/1403
f 3064/32/1406 3066/30/1406 3065/22/1399
f 734/41/1407 735/42/1408 731/39/1403
f 3061/5/1409 3062/6/1409 3063/7/1409
f 735/42/1408 736/43/1410 731/39/1403
f 3060/9/1409 3062/6/1409 3061/5/1409
f 736/43/1410 737/44/1411 731/39/1403
f 3057/17/1412 3058/18/1412 3059/19/1412
f 737/44/1411 738/45/1413 731/39/1403
f 731/39/1403 738/45/1413 730/37/1401
f 3056/21/1412 3058/18/1412 3057/17/1412
f 3053/11/1414 3054/12/1414 3055/13/1414
f 3052/15/1414 3054/12/1414 3053/11/1414
f 3044/39/1415 3051/45/1416 3043/37/1417
f 739/37/1418 741/38/1419 740/39/1420
f 3050/44/1421 3051/45/1416 3044/39/1415
f 741/38/1419 742/40/1422 740/39/1420
f 3049/43/1423 3050/44/1421 3044/39/1415
f 742/40/1422 743/41/1424 740/39/1420
f 3048/42/1425 3049/43/1423 3044/39/1415
f 743/41/1424 744/42/1426 740/39/1420
f 3047/41/1427 3048/42/1425 3044/39/1415
f 744/42/1426 745/43/1428 740/39/1420
f 3046/40/1429 3047/41/1427 3044/39/1415
f 745/43/1428 746/44/1430 740/39/1420
f 3045/38/1431 3046/40/1429 3044/39/1415
f 746/44/1430 747/45/1432 740/39/1420
f 740/39/1420 747/45/1432 739/37/1418
f 3043/37/1417 3045/38/1431 3044/39/1415
f 3035/3/1433 3042/20/1434 3034/1/1435
f 3041/16/1436 3042/20/1434 3035/3/1433
f 3040/14/1437 3041/16/1436 3035/3/1433
f 748/1/1438 750/2/1439 749/3/1440
f 3039/10/1441 3040/14/1437 3035/3/1433
f 750/2/1439 751/4/1442 749/3/1440
f 3038/8/1443 3039/10/1441 3035/3/1433
f 751/4/1442 752/8/1444 749/3/1440
f 3037/4/1445 3038/8/1443 3035/3/1433
f 752/8/1444 753/10/1446 749/3/1440
f 3036/2/1447 3037/4/1445 3035/3/1433
f 753/10/1446 754/14/1448 749/3/1440
f 3034/1/1435 3036/2/1447 3035/3/1433
f 754/14/1448 755/16/1449 749/3/1440
f 3026/27/1450 3033/36/1451 3025/25/1452
f 755/16/1449 756/20/1453 749/3/1440
f 749/3/1440 756/20/1453 748/1/1438
f 3032/35/1454 3033/36/1451 3026/27/1450
f 3031/34/1455 3032/35/1454 3026/27/1450
f 3030/33/1456 3031/34/1455 3026/27/1450
f 3029/31/1457 3030/33/1456 3026/27/1450
f 757/1/1458 759/2/1459 758/3/1460
f 3028/29/1461 3029/31/1457 3026/27/1450
f 759/2/1459 760/4/1462 758/3/1460
f 3027/26/1463 3028/29/1461 3026/27/1450
f 760/4/1462 761/8/1464 758/3/1460
f 3025/25/1452 3027/26/1463 3026/27/1450
f 761/8/1464 762/10/1465 758/3/1460
f 3017/39/1466 3024/45/1467 3016/37/1468
f 762/10/1465 763/14/1469 758/3/1460
f 3023/44/1470 3024/45/1467 3017/39/1466
f 763/14/1469 764/16/1471 758/3/1460
f 3022/43/1472 3023/44/1470 3017/39/1466
f 764/16/1471 765/20/1473 758/3/1460
f 758/3/1460 765/20/1473 757/1/1458
f 3021/42/1474 3022/43/1472 3017/39/1466
f 3020/41/1475 3021/42/1474 3017/39/1466
f 3019/40/1476 3020/41/1475 3017/39/1466
f 3018/38/1477 3019/40/1476 3017/39/1466
f 766/37/1478 768/38/1479 767/39/1480
f 3016/37/1468 3018/38/1477 3017/39/1466
f 768/38/1479 769/40/1481 767/39/1480
f 3008/39/1482 3015/45/1483 3007/37/1484
f 769/40/1481 770/41/1485 767/39/1480
f 3014/44/1486 3015/45/1483 3008/39/1482
f 770/41/1485 771/42/1487 767/39/1480
f 3013/43/1488 3014/44/1486 3008/39/1482
f 771/42/1487 772/43/1489 767/39/1480
f 3012/42/1490 3013/43/1488 3008/39/1482
f 772/43/1489 773/44/1491 767/39/1480
f 3011/41/1492 3012/42/1490 3008/39/1482
f 773/44/1491 774/45/1493 767/39/1480
f 767/39/1480 774/45/1493 766/37/1478
f 3010/40/1494 3011/41/1492 3008/39/1482
f 3009/38/1495 3010/40/1494 3008/39/1482
f 3007/37/1484 3009/38/1495 3008/39/1482
f 2999/27/1496 3006/36/1497 2998/25/1498
f 775/25/1499 777/26/1500 776/27/1501
f 3005/35/1502 3006/36/1497 2999/27/1496
f 777/26/1500 778/29/1503 776/27/1501
f 3004/34/1504 3005/35/1502 2999/27/1496
f 778/29/1503 779/31/335 776/27/1501
f 3003/33/1505 3004/34/1504 2999/27/1496
f 779/31/335 780/33/1506 776/27/1501
f 3002/31/1507 3003/33/1505 2999/27/1496
f 780/33/1506 781/34/1508 776/27/1501
f 3001/29/1509 3002/31/1507 2999/27/1496
f 781/34/1508 782/35/1510 776/27/1501
f 3000/26/1511 3001/29/1509 2999/27/1496
f 782/35/1510 783/36/1512 776/27/1501
f 776/27/1501 783/36/1512 775/25/1499
f 2998/25/1498 3000/26/1511 2999/27/1496
f 2990/3/1513 2997/20/1514 2989/1/1515
f 2996/16/1516 2997/20/1514 2990/3/1513
f 2995/14/1517 2996/16/1516 2990/3/1513
f 784/37/1518 786/38/1519 785/39/1520
f 2994/10/1521 2995/14/1517 2990/3/1513
f 786/38/1519 787/40/1522 785/39/1520
f 2993/8/1523 2994/10/1521 2990/3/1513
f 787/40/1522 788/41/1524 785/39/1520
f 2992/4/1525 2993/8/1523 2990/3/1513
f 788/41/1524 789/42/1526 785/39/1520
f 2991/2/1527 2992/4/1525 2990/3/1513
f 789/42/1526 790/43/1528 785/39/1520
f 2989/1/1515 2991/2/1527 2990/3/1513
f 790/43/1528 791/44/1529 785/39/1520
f 2981/39/1530 2988/45/1531 2980/37/1532
f 791/44/1529 792/45/1533 785/39/1520
f 785/39/1520 792/45/1533 784/37/1518
f 2987/44/1534 2988/45/1531 2981/39/1530
f 2986/43/1535 2987/44/1534 2981/39/1530
f 2985/42/1536 2986/43/1535 2981/39/1530
f 2984/41/1537 2985/42/1536 2981/39/1530
f 793/25/1538 795/26/1539 794/27/1540
f 2983/40/1541 2984/41/1537 2981/39/1530
f 795/26/1539 796/29/1542 794/27/1540
f 2982/38/1543 2983/40/1541 2981/39/1530
f 796/29/1542 797/31/1544 794/27/1540
f 2980/37/1532 2982/38/1543 2981/39/1530
f 797/31/1544 798/33/1545 794/27/1540
f 2972/3/1546 2979/20/1547 2971/1/1548
f 798/33/1545 799/34/1549 794/27/1540
f 2978/16/1550 2979/20/1547 2972/3/1546
f 799/34/1549 800/35/1551 794/27/1540
f 2977/14/1552 2978/16/1550 2972/3/1546
f 800/35/1551 801/36/1553 794/27/1540
f 794/27/1540 801/36/1553 793/25/1538
f 2976/10/1554 2977/14/1552 2972/3/1546
f 2975/8/1555 2976/10/1554 2972/3/1546
f 2974/4/1556 2975/8/1555 2972/3/1546
f 2973/2/1557 2974/4/1556 2972/3/1546
f 802/25/1558 804/26/1559 803/27/1560
f 2971/1/1548 2973/2/1557 2972/3/1546
f 804/26/1559 805/29/1561 803/27/1560
f 2963/3/1562 2970/20/1563 2962/1/1564
f 805/29/1561 806/31/1565 803/27/1560
f 2969/16/1566 2970/20/1563 2963/3/1562
f 806/31/1565 807/33/1567 803/27/1560
f 2968/14/1568 2969/16/1566 2963/3/1562
f 807/33/1567 808/34/1569 803/27/1560
f 2967/10/1570 2968/14/1568 2963/3/1562
f 808/34/1569 809/35/1571 803/27/1560
f 2966/8/1572 2967/10/1570 2963/3/1562
f 809/35/1571 810/36/1573 803/27/1560
f 803/27/1560 810/36/1573 802/25/1558
f 2965/4/1574 2966/8/1572 2963/3/1562
f 2964/2/1575 2965/4/1574 2963/3/1562
f 2962/1/1564 2964/2/1575 2963/3/1562
f 2954/39/1576 2961/45/1577 2953/37/1578
f 811/25/1579 813/26/1580 812/27/1581
f 2960/44/1582 2961/45/1577 2954/39/1576
f 813/26/1580 814/29/1583 812/27/1581
f 2959/43/1584 2960/44/1582 2954/39/1576
f 814/29/1583 815/31/1585 812/27/1581
f 2958/42/1586 2959/43/1584 2954/39/1576
f 815/31/1585 816/33/1587 812/27/1581
f 2957/41/1588 2958/42/1586 2954/39/1576
f 816/33/1587 817/34/1589 812/27/1581
f 2956/40/1590 2957/41/1588 2954/39/1576
f 817/34/1589 818/35/1591 812/27/1581
f 2955/38/1592 2956/40/1590 2954/39/1576
f 818/35/1591 819/36/1593 812/27/1581
f 812/27/1581 819/36/1593 811/25/1579
f 2953/37/1578 2955/38/1592 2954/39/1576
f 2945/39/1594 2952/45/1595 2944/37/1596
f 2951/44/1597 2952/45/1595 2945/39/1594
f 2950/43/1598 2951/44/1597 2945/39/1594
f 820/1/1599 822/2/1600 821/3/1601
f 2949/42/1602 2950/43/1598 2945/39/1594
f 822/2/1600 823/4/1603 821/3/1601
f 2948/41/1604 2949/42/1602 2945/39/1594
f 823/4/1603 824/8/1605 821/3/1601
f 2947/40/1606 2948/41/1604 2945/39/1594
f 824/8/1605 825/10/1607 821/3/1601
f 2946/38/1608 2947/40/1606 2945/39/1594
f 825/10/1607 826/14/1609 821/3/1601
f 2944/37/1596 2946/38/1608 2945/39/1594
f 826/14/1609 827/16/1610 821/3/1601
f 2936/3/1611 2943/20/1612 2935/1/1613
f 827/16/1610 828/20/1614 821/3/1601
f 821/3/1601 828/20/1614 820/1/1599
f 2942/16/1615 2943/20/1612 2936/3/1611
f 2941/14/1616 2942/16/1615 2936/3/1611
f 2940/10/1617 2941/14/1616 2936/3/1611
f 2939/8/1618 2940/10/1617 2936/3/1611
f 829/37/1619 831/38/1620 830/39/1621
f 2938/4/1622 2939/8/1618 2936/3/1611
f 831/38/1620 832/40/1623 830/39/1621
f 2937/2/1624 2938/4/1622 2936/3/1611
f 832/40/1623 833/41/1625 830/39/1621
f 2935/1/1613 2937/2/1624 2936/3/1611
f 833/41/1625 834/42/1626 830/39/1621
f 2927/27/1627 2934/36/1628 2926/25/1629
f 834/42/1626 835/43/1630 830/39/1621
f 2933/35/1631 2934/36/1628 2927/27/1627
f 835/43/1630 836/44/1632 830/39/1621
f 2932/34/1633 2933/35/1631 2927/27/1627
f 836/44/1632 837/45/1634 830/39/1621
f 830/39/1621 837/45/1634 829/37/1619
f 2931/33/1635 2932/34/1633 2927/27/1627
f 2930/31/1636 2931/33/1635 2927/27/1627
f 2929/29/1637 2930/31/1636 2927/27/1627
f 2928/26/1638 2929/29/1637 2927/27/1627
f 838/37/1639 840/38/1640 839/39/1641
f 2926/25/1629 2928/26/1638 2927/27/1627
f 840/38/1640 841/40/1642 839/39/1641
f 2918/27/1643 2925/36/1644 2917/25/1645
f 841/40/1642 842/41/1646 839/39/1641
f 2924/35/1647 2925/36/1644 2918/27/1643
f 842/41/1646 843/42/1648 839/39/1641
f 2923/34/1649 2924/35/1647 2918/27/1643
f 843/42/1648 844/43/1650 839/39/1641
f 2922/33/1651 2923/34/1649 2918/27/1643
f 844/43/1650 845/44/1652 839/39/1641
f 2921/31/1653 2922/33/1651 2918/27/1643
f 845/44/1652 846/45/1654 839/39/1641
f 839/39/1641 846/45/1654 838/37/1639
f 2920/29/934 2921/31/1653 2918/27/1643
f 2919/26/1655 2920/29/934 2918/27/1643
f 2917/25/1645 2919/26/1655 2918/27/1643
f 2909/27/1656 2916/36/1657 2908/25/1658
f 847/1/1659 849/2/1660 848/3/1661
f 2915/35/1662 2916/36/1657 2909/27/1656
f 849/2/1660 850/4/1663 848/3/1661
f 2914/34/1664 2915/35/1662 2909/27/1656
f 850/4/1663 851/8/1665 848/3/1661
f 2913/33/1666 2914/34/1664 2909/27/1656
f 851/8/1665 852/10/1667 848/3/1661
f 2912/31/1668 2913/33/1666 2909/27/1656
f 852/10/1667 853/14/1669 848/3/1661
f 2911/29/1670 2912/31/1668 2909/27/1656
f 853/14/1669 854/16/1671 848/3/1661
f 2910/26/1672 2911/29/1670 2909/27/1656
f 854/16/1671 855/20/1673 848/3/1661
f 848/3/1661 855/20/1673 847/1/1659
f 2908/25/1658 2910/26/1672 2909/27/1656
f 2900/39/1674 2907/45/1675 2899/37/1676
f 2906/44/1677 2907/45/1675 2900/39/1674
f 2905/43/1678 2906/44/1677 2900/39/1674
f 856/1/1679 858/2/1680 857/3/1681
f 2904/42/1682 2905/43/1678 2900/39/1674
f 858/2/1680 859/4/1683 857/3/1681
f 2903/41/1684 2904/42/1682 2900/39/1674
f 859/4/1683 860/8/1685 857/3/1681
f 2902/40/1686 2903/41/1684 2900/39/1674
f 860/8/1685 861/10/1687 857/3/1681
f 2901/38/1688 2902/40/1686 2900/39/1674
f 861/10/1687 862/14/1689 857/3/1681
f 2899/37/1676 2901/38/1688 2900/39/1674
f 862/14/1689 863/16/1690 857/3/1681
f 2891/27/1691 2898/36/1692 2890/25/1693
f 863/16/1690 864/20/1694 857/3/1681
f 857/3/1681 864/20/1694 856/1/1679
f 2897/35/1695 2898/36/1692 2891/27/1691
f 2896/34/1696 2897/35/1695 2891/27/1691
f 2895/33/1697 2896/34/1696 2891/27/1691
f 2894/31/1698 2895/33/1697 2891/27/1691
f 865/37/1699 867/38/1700 866/39/1701
f 2893/29/1702 2894/31/1698 2891/27/1691
f 867/38/1700 868/40/1703 866/39/1701
f 2892/26/1704 2893/29/1702 2891/27/1691
f 868/40/1703 869/41/1705 866/39/1701
f 2890/25/1693 2892/26/1704 2891/27/1691
f 869/41/1705 870/42/1706 866/39/1701
f 2882/39/1707 2889/45/1708 2881/37/1709
f 870/42/1706 871/43/1710 866/39/1701
f 2888/44/1711 2889/45/1708 2882/39/1707
f 871/43/1710 872/44/1712 866/39/1701
f 2887/43/1713 2888/44/1711 2882/39/1707
f 872/44/1712 873/45/1714 866/39/1701
f 866/39/1701 873/45/1714 865/37/1699
f 2886/42/1715 2887/43/1713 2882/39/1707
f 2885/41/1716 2886/42/1715 2882/39/1707
f 2884/40/1717 2885/41/1716 2882/39/1707
f 2883/38/1718 2884/40/1717 2882/39/1707
f 874/1/1719 876/2/1720 875/3/1721
f 2881/37/1709 2883/38/1718 2882/39/1707
f 876/2/1720 877/4/1722 875/3/1721
f 2873/3/1723 2880/20/1724 2872/1/1725
f 877/4/1722 878/8/1726 875/3/1721
f 2879/16/1727 2880/20/1724 2873/3/1723
f 878/8/1726 879/10/1728 875/3/1721
f 2878/14/1729 2879/16/1727 2873/3/1723
f 879/10/1728 880/14/1730 875/3/1721
f 2877/10/1731 2878/14/1729 2873/3/1723
f 880/14/1730 881/16/1732 875/3/1721
f 2876/8/1733 2877/10/1731 2873/3/1723
f 881/16/1732 882/20/1734 875/3/1721
f 875/3/1721 882/20/1734 874/1/1719
f 2875/4/1735 2876/8/1733 2873/3/1723
f 2874/2/1736 2875/4/1735 2873/3/1723
f 2872/1/1725 2874/2/1736 2873/3/1723
f 2864/3/1737 2871/20/1738 2863/1/1739
f 883/25/1740 885/26/1741 884/27/1742
f 2870/16/1743 2871/20/1738 2864/3/1737
f 885/26/1741 886/29/1744 884/27/1742
f 2869/14/1745 2870/16/1743 2864/3/1737
f 886/29/1744 887/31/1746 884/27/1742
f 2868/10/1747 2869/14/1745 2864/3/1737
f 887/31/1746 888/33/1748 884/27/1742
f 2867/8/1749 2868/10/1747 2864/3/1737
f 888/33/1748 889/34/1750 884/27/1742
f 2866/4/1751 2867/8/1749 2864/3/1737
f 889/34/1750 890/35/1752 884/27/1742
f 2865/2/1753 2866/4/1751 2864/3/1737
f 890/35/1752 891/36/1369 884/27/1742
f 884/27/1742 891/36/1369 883/25/1740
f 2863/1/1739 2865/2/1753 2864/3/1737
f 2855/39/1754 2862/45/1755 2854/37/1756
f 2861/44/1757 2862/45/1755 2855/39/1754
f 2860/43/1758 2861/44/1757 2855/39/1754
f 892/37/1759 894/38/1760 893/39/1761
f 2859/42/1762 2860/43/1758 2855/39/1754
f 894/38/1760 895/40/1763 893/39/1761
f 2858/41/1764 2859/42/1762 2855/39/1754
f 895/40/1763 896/41/1765 893/39/1761
f 2857/40/1766 2858/41/1764 2855/39/1754
f 896/41/1765 897/42/1767 893/39/1761
f 2856/38/1768 2857/40/1766 2855/39/1754
f 897/42/1767 898/43/1769 893/39/1761
f 2854/37/1756 2856/38/1768 2855/39/1754
f 898/43/1769 899/44/1770 893/39/1761
f 2846/39/1771 2853/45/1772 2845/37/1773
f 899/44/1770 900/45/1774 893/39/1761
f 893/39/1761 900/45/1774 892/37/1759
f 2852/44/1775 2853/45/1772 2846/39/1771
f 2851/43/1776 2852/44/1775 2846/39/1771
f 2850/42/1777 2851/43/1776 2846/39/1771
f 2849/41/1778 2850/42/1777 2846/39/1771
f 901/37/1779 903/38/1780 902/39/1781
f 2848/40/1782 2849/41/1778 2846/39/1771
f 903/38/1780 904/40/1783 902/39/1781
f 2847/38/1784 2848/40/1782 2846/39/1771
f 904/40/1783 905/41/1785 902/39/1781
f 2845/37/1773 2847/38/1784 2846/39/1771
f 905/41/1785 906/42/1786 902/39/1781
f 2837/3/1787 2844/20/1788 2836/1/1789
f 906/42/1786 907/43/1790 902/39/1781
f 2843/16/1791 2844/20/1788 2837/3/1787
f 907/43/1790 908/44/1792 902/39/1781
f 2842/14/1793 2843/16/1791 2837/3/1787
f 908/44/1792 909/45/1794 902/39/1781
f 902/39/1781 909/45/1794 901/37/1779
f 2841/10/1795 2842/14/1793 2837/3/1787
f 2840/8/1796 2841/10/1795 2837/3/1787
f 2839/4/1797 2840/8/1796 2837/3/1787
f 2838/2/1798 2839/4/1797 2837/3/1787
f 910/25/1799 912/26/1800 911/27/1801
f 2836/1/1789 2838/2/1798 2837/3/1787
f 912/26/1800 913/29/1802 911/27/1801
f 2828/27/1803 2835/36/1804 2827/25/1805
f 913/29/1802 914/31/414 911/27/1801
f 2834/35/1806 2835/36/1804 2828/27/1803
f 914/31/414 915/33/1807 911/27/1801
f 2833/34/1808 2834/35/1806 2828/27/1803
f 915/33/1807 916/34/1809 911/27/1801
f 2832/33/1810 2833/34/1808 2828/27/1803
f 916/34/1809 917/35/1811 911/27/1801
f 2831/31/1812 2832/33/1810 2828/27/1803
f 917/35/1811 918/36/1813 911/27/1801
f 911/27/1801 918/36/1813 910/25/1799
f 2830/29/1814 2831/31/1812 2828/27/1803
f 2829/26/1815 2830/29/1814 2828/27/1803
f 2827/25/1805 2829/26/1815 2828/27/1803
f 2819/27/1816 2826/36/1817 2818/25/1818
f 919/1/1819 921/2/1820 920/3/1821
f 2825/35/1822 2826/36/1817 2819/27/1816
f 921/2/1820 922/4/1823 920/3/1821
f 2824/34/1824 2825/35/1822 2819/27/1816
f 922/4/1823 923/8/1825 920/3/1821
f 2823/33/1826 2824/34/1824 2819/27/1816
f 923/8/1825 924/10/1827 920/3/1821
f 2822/31/1828 2823/33/1826 2819/27/1816
f 924/10/1827 925/14/1829 920/3/1821
f 2821/29/1830 2822/31/1828 2819/27/1816
f 925/14/1829 926/16/378 920/3/1821
f 2820/26/1831 2821/29/1830 2819/27/1816
f 926/16/378 927/20/1832 920/3/1821
f 920/3/1821 927/20/1832 919/1/1819
f 2818/25/1818 2820/26/1831 2819/27/1816
f 2810/27/1833 2817/36/1834 2809/25/1835
f 2816/35/1836 2817/36/1834 2810/27/1833
f 2815/34/1837 2816/35/1836 2810/27/1833
f 928/37/1322 930/38/1838 929/39/1839
f 2814/33/1840 2815/34/1837 2810/27/1833
f 930/38/1838 931/40/1841 929/39/1839
f 2813/31/1842 2814/33/1840 2810/27/1833
f 931/40/1841 932/41/1843 929/39/1839
f 2812/29/1844 2813/31/1842 2810/27/1833
f 932/41/1843 933/42/1845 929/39/1839
f 2811/26/1846 2812/29/1844 2810/27/1833
f 933/42/1845 934/43/1847 929/39/1839
f 2809/25/1835 2811/26/1846 2810/27/1833
f 934/43/1847 935/44/1848 929/39/1839
f 2801/39/1849 2808/45/1850 2800/37/1851
f 935/44/1848 936/45/1852 929/39/1839
f 929/39/1839 936/45/1852 928/37/1322
f 2807/44/1853 2808/45/1850 2801/39/1849
f 2806/43/1854 2807/44/1853 2801/39/1849
f 2805/42/1855 2806/43/1854 2801/39/1849
f 2804/41/1856 2805/42/1855 2801/39/1849
f 937/25/1857 939/26/1858 938/27/1859
f 2803/40/1860 2804/41/1856 2801/39/1849
f 939/26/1858 940/29/1861 938/27/1859
f 2802/38/1862 2803/40/1860 2801/39/1849
f 940/29/1861 941/31/1863 938/27/1859
f 2800/37/1851 2802/38/1862 2801/39/1849
f 941/31/1863 942/33/1864 938/27/1859
f 2792/27/1865 2799/36/1866 2791/25/1867
f 942/33/1864 943/34/1868 938/27/1859
f 2798/35/1869 2799/36/1866 2792/27/1865
f 943/34/1868 944/35/1870 938/27/1859
f 2797/34/1871 2798/35/1869 2792/27/1865
f 944/35/1870 945/36/1872 938/27/1859
f 938/27/1859 945/36/1872 937/25/1857
f 2796/33/1873 2797/34/1871 2792/27/1865
f 2795/31/1874 2796/33/1873 2792/27/1865
f 2794/29/1875 2795/31/1874 2792/27/1865
f 2793/26/1876 2794/29/1875 2792/27/1865
f 946/37/1877 948/38/1878 947/39/1879
f 2791/25/1867 2793/26/1876 2792/27/1865
f 948/38/1878 949/40/1880 947/39/1879
f 2783/39/1881 2790/45/1882 2782/37/1883
f 949/40/1880 950/41/1884 947/39/1879
f 2789/44/1885 2790/45/1882 2783/39/1881
f 950/41/1884 951/42/1886 947/39/1879
f 2788/43/1887 2789/44/1885 2783/39/1881
f 951/42/1886 952/43/1888 947/39/1879
f 2787/42/1889 2788/43/1887 2783/39/1881
f 952/43/1888 953/44/1890 947/39/1879
f 2786/41/1891 2787/42/1889 2783/39/1881
f 953/44/1890 954/45/1892 947/39/1879
f 947/39/1879 954/45/1892 946/37/1877
f 2785/40/1893 2786/41/1891 2783/39/1881
f 2784/38/1894 2785/40/1893 2783/39/1881
f 2782/37/1883 2784/38/1894 2783/39/1881
f 2774/27/1895 2781/36/1896 2773/25/1897
f 955/25/1898 957/26/1899 956/27/1900
f 2780/35/1901 2781/36/1896 2774/27/1895
f 957/26/1899 958/29/1902 956/27/1900
f 2779/34/1903 2780/35/1901 2774/27/1895
f 958/29/1902 959/31/1904 956/27/1900
f 2778/33/1905 2779/34/1903 2774/27/1895
f 959/31/1904 960/33/1906 956/27/1900
f 2777/31/1907 2778/33/1905 2774/27/1895
f 960/33/1906 961/34/1908 956/27/1900
f 2776/29/1909 2777/31/1907 2774/27/1895
f 961/34/1908 962/35/1910 956/27/1900
f 2775/26/1911 2776/29/1909 2774/27/1895
f 962/35/1910 963/36/1912 956/27/1900
f 956/27/1900 963/36/1912 955/25/1898
f 2773/25/1897 2775/26/1911 2774/27/1895
f 2765/3/1913 2772/20/1914 2764/1/1915
f 2771/16/1916 2772/20/1914 2765/3/1913
f 2770/14/1917 2771/16/1916 2765/3/1913
f 964/25/1918 966/26/1919 965/27/1920
f 2769/10/1921 2770/14/1917 2765/3/1913
f 966/26/1919 967/29/1922 965/27/1920
f 2768/8/1923 2769/10/1921 2765/3/1913
f 967/29/1922 968/31/1924 965/27/1920
f 2767/4/1925 2768/8/1923 2765/3/1913
f 968/31/1924 969/33/1926 965/27/1920
f 2766/2/1927 2767/4/1925 2765/3/1913
f 969/33/1926 970/34/1928 965/27/1920
f 2764/1/1915 2766/2/1927 2765/3/1913
f 970/34/1928 971/35/1929 965/27/1920
f 2756/3/1930 2763/20/1931 2755/1/1932
f 971/35/1929 972/36/526 965/27/1920
f 965/27/1920 972/36/526 964/25/1918
f 2762/16/1933 2763/20/1931 2756/3/1930
f 2761/14/1934 2762/16/1933 2756/3/1930
f 2760/10/1935 2761/14/1934 2756/3/1930
f 2759/8/1936 2760/10/1935 2756/3/1930
f 973/25/414 975/26/1937 974/27/1938
f 2758/4/1939 2759/8/1936 2756/3/1930
f 975/26/1937 976/29/1940 974/27/1938
f 2757/2/1941 2758/4/1939 2756/3/1930
f 976/29/1940 977/31/1942 974/27/1938
f 2755/1/1932 2757/2/1941 2756/3/1930
f 977/31/1942 978/33/1943 974/27/1938
f 2747/3/1944 2754/20/1945 2746/1/1946
f 978/33/1943 979/34/1947 974/27/1938
f 2753/16/1948 2754/20/1945 2747/3/1944
f 979/34/1947 980/35/1949 974/27/1938
f 2752/14/1950 2753/16/1948 2747/3/1944
f 980/35/1949 981/36/1951 974/27/1938
f 974/27/1938 981/36/1951 973/25/414
f 2751/10/1952 2752/14/1950 2747/3/1944
f 2750/8/1953 2751/10/1952 2747/3/1944
f 2749/4/1954 2750/8/1953 2747/3/1944
f 2748/2/1955 2749/4/1954 2747/3/1944
f 982/1/1956 984/2/1957 983/3/1958
f 2746/1/1946 2748/2/1955 2747/3/1944
f 984/2/1957 985/4/1959 983/3/1958
f 2738/27/1960 2745/36/1961 2737/25/1962
f 985/4/1959 986/8/1963 983/3/1958
f 2744/35/1964 2745/36/1961 2738/27/1960
f 986/8/1963 987/10/1965 983/3/1958
f 2743/34/1966 2744/35/1964 2738/27/1960
f 987/10/1965 988/14/1967 983/3/1958
f 2742/33/1968 2743/34/1966 2738/27/1960
f 988/14/1967 989/16/1969 983/3/1958
f 2741/31/1970 2742/33/1968 2738/27/1960
f 989/16/1969 990/20/1971 983/3/1958
f 983/3/1958 990/20/1971 982/1/1956
f 2740/29/1972 2741/31/1970 2738/27/1960
f 2739/26/1973 2740/29/1972 2738/27/1960
f 2737/25/1962 2739/26/1973 2738/27/1960
f 2729/39/1974 2736/45/1975 2728/37/1976
f 991/37/1977 993/38/1978 992/39/1979
f 2735/44/1980 2736/45/1975 2729/39/1974
f 993/38/1978 994/40/1981 992/39/1979
f 2734/43/1982 2735/44/1980 2729/39/1974
f 994/40/1981 995/41/1983 992/39/1979
f 2733/42/1984 2734/43/1982 2729/39/1974
f 995/41/1983 996/42/1985 992/39/1979
f 2732/41/1986 2733/42/1984 2729/39/1974
f 996/42/1985 997/43/1987 992/39/1979
f 2731/40/1988 2732/41/1986 2729/39/1974
f 997/43/1987 998/44/1989 992/39/1979
f 2730/38/1990 2731/40/1988 2729/39/1974
f 998/44/1989 999/45/1991 992/39/1979
f 992/39/1979 999/45/1991 991/37/1977
f 2728/37/1976 2730/38/1990 2729/39/1974
f 2720/39/1992 2727/45/1993 2719/37/1994
f 2726/44/1995 2727/45/1993 2720/39/1992
f 2725/43/1996 2726/44/1995 2720/39/1992
f 1000/37/1997 1002/38/1998 1001/39/1999
f 2724/42/2000 2725/43/1996 2720/39/1992
f 1002/38/1998 1003/40/2001 1001/39/1999
f 2723/41/2002 2724/42/2000 2720/39/1992
f 1003/40/2001 1004/41/2003 1001/39/1999
f 2722/40/2004 2723/41/2002 2720/39/1992
f 1004/41/2003 1005/42/2005 1001/39/1999
f 2721/38/2006 2722/40/2004 2720/39/1992
f 1005/42/2005 1006/43/2007 1001/39/1999
f 2719/37/1994 2721/38/2006 2720/39/1992
f 1006/43/2007 1007/44/2008 1001/39/1999
f 2711/27/2009 2718/36/2010 2710/25/2011
f 1007/44/2008 1008/45/2012 1001/39/1999
f 1001/39/1999 1008/45/2012 1000/37/1997
f 2717/35/2013 2718/36/2010 2711/27/2009
f 2716/34/2014 2717/35/2013 2711/27/2009
f 2715/33/2015 2716/34/2014 2711/27/2009
f 2714/31/2016 2715/33/2015 2711/27/2009
f 1009/1/2017 1011/2/2018 1010/3/2019
f 2713/29/2020 2714/31/2016 2711/27/2009
f 1011/2/2018 1012/4/2021 1010/3/2019
f 2712/26/2022 2713/29/2020 2711/27/2009
f 1012/4/2021 1013/8/2023 1010/3/2019
f 2710/25/2011 2712/26/2022 2711/27/2009
f 1013/8/2023 1014/10/2024 1010/3/2019
f 2702/39/2025 2709/45/2026 2701/37/2027
f 1014/10/2024 1015/14/2028 1010/3/2019
f 2708/44/2029 2709/45/2026 2702/39/2025
f 1015/14/2028 1016/16/2030 1010/3/2019
f 2707/43/2031 2708/44/2029 2702/39/2025
f 1016/16/2030 1017/20/2032 1010/3/2019
f 1010/3/2019 1017/20/2032 1009/1/2017
f 2706/42/2033 2707/43/2031 2702/39/2025
f 2705/41/2034 2706/42/2033 2702/39/2025
f 2704/40/2035 2705/41/2034 2702/39/2025
f 2703/38/2036 2704/40/2035 2702/39/2025
f 1018/1/2037 1020/2/2038 1019/3/2039
f 2701/37/2027 2703/38/2036 2702/39/2025
f 1020/2/2038 1021/4/2040 1019/3/2039
f 2693/3/2041 2700/20/2042 2692/1/2043
f 1021/4/2040 1022/8/2044 1019/3/2039
f 2699/16/2045 2700/20/2042 2693/3/2041
f 1022/8/2044 1023/10/2046 1019/3/2039
f 2698/14/2047 2699/16/2045 2693/3/2041
f 1023/10/2046 1024/14/2048 1019/3/2039
f 2697/10/2049 2698/14/2047 2693/3/2041
f 1024/14/2048 1025/16/2050 1019/3/2039
f 2696/8/2051 2697/10/2049 2693/3/2041
f 1025/16/2050 1026/20/2052 1019/3/2039
f 1019/3/2039 1026/20/2052 1018/1/2037
f 2695/4/2053 2696/8/2051 2693/3/2041
f 2694/2/2054 2695/4/2053 2693/3/2041
f 2692/1/2043 2694/2/2054 2693/3/2041
f 2684/27/2055 2691/36/2056 2683/25/2057
f 1027/37/2058 1029/38/2059 1028/39/2060
f 2690/35/2061 2691/36/2056 2684/27/2055
f 1029/38/2059 1030/40/2062 1028/39/2060
f 2689/34/2063 2690/35/2061 2684/27/2055
f 1030/40/2062 1031/41/2064 1028/39/2060
f 2688/33/2065 2689/34/2063 2684/27/2055
f 1031/41/2064 1032/42/2066 1028/39/2060
f 2687/31/2067 2688/33/2065 2684/27/2055
f 1032/42/2066 1033/43/2068 1028/39/2060
f 2686/29/2069 2687/31/2067 2684/27/2055
f 1033/43/2068 1034/44/2070 1028/39/2060
f 2685/26/2071 2686/29/2069 2684/27/2055
f 1034/44/2070 1035/45/2072 1028/39/2060
f 1028/39/2060 1035/45/2072 1027/37/2058
f 2683/25/2057 2685/26/2071 2684/27/2055
f 2675/39/2073 2682/45/2074 2674/37/2075
f 2681/44/2076 2682/45/2074 2675/39/2073
f 2680/43/2077 2681/44/2076 2675/39/2073
f 1036/25/2078 1038/26/2079 1037/27/2080
f 2679/42/2081 2680/43/2077 2675/39/2073
f 1038/26/2079 1039/29/2082 1037/27/2080
f 2678/41/2083 2679/42/2081 2675/39/2073
f 1039/29/2082 1040/31/2084 1037/27/2080
f 2677/40/2085 2678/41/2083 2675/39/2073
f 1040/31/2084 1041/33/2086 1037/27/2080
f 2676/38/2087 2677/40/2085 2675/39/2073
f 1041/33/2086 1042/34/2088 1037/27/2080
f 2674/37/2075 2676/38/2087 2675/39/2073
f 1042/34/2088 1043/35/2089 1037/27/2080
f 2666/39/2090 2673/45/2091 2665/37/2092
f 1043/35/2089 1044/36/2093 1037/27/2080
f 1037/27/2080 1044/36/2093 1036/25/2078
f 2672/44/2094 2673/45/2091 2666/39/2090
f 2671/43/2095 2672/44/2094 2666/39/2090
f 2670/42/2096 2671/43/2095 2666/39/2090
f 2669/41/2097 2670/42/2096 2666/39/2090
f 1045/37/2098 1047/38/2099 1046/39/2100
f 2668/40/2101 2669/41/2097 2666/39/2090
f 1047/38/2099 1048/40/2102 1046/39/2100
f 2667/38/2103 2668/40/2101 2666/39/2090
f 1048/40/2102 1049/41/2104 1046/39/2100
f 2665/37/2092 2667/38/2103 2666/39/2090
f 1049/41/2104 1050/42/2105 1046/39/2100
f 2657/27/2106 2664/36/2107 2656/25/2108
f 1050/42/2105 1051/43/2109 1046/39/2100
f 2663/35/2110 2664/36/2107 2657/27/2106
f 1051/43/2109 1052/44/2111 1046/39/2100
f 2662/34/2112 2663/35/2110 2657/27/2106
f 1052/44/2111 1053/45/2113 1046/39/2100
f 1046/39/2100 1053/45/2113 1045/37/2098
f 2661/33/2114 2662/34/2112 2657/27/2106
f 2660/31/2115 2661/33/2114 2657/27/2106
f 2659/29/2116 2660/31/2115 2657/27/2106
f 2658/26/2117 2659/29/2116 2657/27/2106
f 1054/25/2118 1056/26/2119 1055/27/2120
f 2656/25/2108 2658/26/2117 2657/27/2106
f 1056/26/2119 1057/29/2121 1055/27/2120
f 2648/3/2122 2655/20/2123 2647/1/2124
f 1057/29/2121 1058/31/2125 1055/27/2120
f 2654/16/2126 2655/20/2123 2648/3/2122
f 1058/31/2125 1059/33/2127 1055/27/2120
f 2653/14/2128 2654/16/2126 2648/3/2122
f 1059/33/2127 1060/34/2129 1055/27/2120
f 2652/10/2130 2653/14/2128 2648/3/2122
f 1060/34/2129 1061/35/2131 1055/27/2120
f 2651/8/2132 2652/10/2130 2648/3/2122
f 1061/35/2131 1062/36/2133 1055/27/2120
f 1055/27/2120 1062/36/2133 1054/25/2118
f 2650/4/2134 2651/8/2132 2648/3/2122
f 2649/2/2135 2650/4/2134 2648/3/2122
f 2647/1/2124 2649/2/2135 2648/3/2122
f 2639/39/2136 2646/45/2137 2638/37/2138
f 1063/25/2139 1065/26/2140 1064/27/2141
f 2645/44/2142 2646/45/2137 2639/39/2136
f 1065/26/2140 1066/29/2143 1064/27/2141
f 2644/43/2144 2645/44/2142 2639/39/2136
f 1066/29/2143 1067/31/2145 1064/27/2141
f 2643/42/2146 2644/43/2144 2639/39/2136
f 1067/31/2145 1068/33/2147 1064/27/2141
f 2642/41/2148 2643/42/2146 2639/39/2136
f 1068/33/2147 1069/34/2149 1064/27/2141
f 2641/40/2150 2642/41/2148 2639/39/2136
f 1069/34/2149 1070/35/2151 1064/27/2141
f 2640/38/2152 2641/40/2150 2639/39/2136
f 1070/35/2151 1071/36/2153 1064/27/2141
f 1064/27/2141 1071/36/2153 1063/25/2139
f 2638/37/2138 2640/38/2152 2639/39/2136
f 2630/3/2154 2637/20/2155 2629/1/2156
f 2636/16/2157 2637/20/2155 2630/3/2154
f 2635/14/2158 2636/16/2157 2630/3/2154
f 1072/25/2159 1074/26/2160 1073/27/2161
f 2634/10/2162 2635/14/2158 2630/3/2154
f 1074/26/2160 1075/29/2163 1073/27/2161
f 2633/8/2164 2634/10/2162 2630/3/2154
f 1075/29/2163 1076/31/2165 1073/27/2161
f 2632/4/2166 2633/8/2164 2630/3/2154
f 1076/31/2165 1077/33/2167 1073/27/2161
f 2631/2/2168 2632/4/2166 2630/3/2154
f 1077/33/2167 1078/34/2169 1073/27/2161
f 2629/1/2156 2631/2/2168 2630/3/2154
f 1078/34/2169 1079/35/2170 1073/27/2161
f 2621/3/2171 2628/20/2172 2620/1/2173
f 1079/35/2170 1080/36/2174 1073/27/2161
f 1073/27/2161 1080/36/2174 1072/25/2159
f 2627/16/2175 2628/20/2172 2621/3/2171
f 2626/14/2176 2627/16/2175 2621/3/2171
f 2625/10/2177 2626/14/2176 2621/3/2171
f 2624/8/2178 2625/10/2177 2621/3/2171
f 1081/1/2179 1083/2/2180 1082/3/2181
f 2623/4/2182 2624/8/2178 2621/3/2171
f 1083/2/2180 1084/4/2183 1082/3/2181
f 2622/2/2184 2623/4/2182 2621/3/2171
f 1084/4/2183 1085/8/2185 1082/3/2181
f 2620/1/2173 2622/2/2184 2621/3/2171
f 1085/8/2185 1086/10/2186 1082/3/2181
f 2612/39/2187 2619/45/2188 2611/37/2189
f 1086/10/2186 1087/14/2190 1082/3/2181
f 2618/44/2191 2619/45/2188 2612/39/2187
f 1087/14/2190 1088/16/2192 1082/3/2181
f 2617/43/2193 2618/44/2191 2612/39/2187
f 1088/16/2192 1089/20/2194 1082/3/2181
f 1082/3/2181 1089/20/2194 1081/1/2179
f 2616/42/2195 2617/43/2193 2612/39/2187
f 2615/41/2196 2616/42/2195 2612/39/2187
f 2614/40/2197 2615/41/2196 2612/39/2187
f 2613/38/2198 2614/40/2197 2612/39/2187
f 1090/37/2199 1092/38/2200 1091/39/2201
f 2611/37/2189 2613/38/2198 2612/39/2187
f 1092/38/2200 1093/40/2202 1091/39/2201
f 2603/39/2203 2610/45/2204 2602/37/2205
f 1093/40/2202 1094/41/2206 1091/39/2201
f 2609/44/2207 2610/45/2204 2603/39/2203
f 1094/41/2206 1095/42/2208 1091/39/2201
f 2608/43/2209 2609/44/2207 2603/39/2203
f 1095/42/2208 1096/43/2210 1091/39/2201
f 2607/42/2211 2608/43/2209 2603/39/2203
f 1096/43/2210 1097/44/2212 1091/39/2201
f 2606/41/2213 2607/42/2211 2603/39/2203
f 1097/44/2212 1098/45/2214 1091/39/2201
f 1091/39/2201 1098/45/2214 1090/37/2199
f 2605/40/2215 2606/41/2213 2603/39/2203
f 2604/38/2216 2605/40/2215 2603/39/2203
f 2602/37/2205 2604/38/2216 2603/39/2203
f 2594/3/2217 2601/20/2218 2593/1/2219
f 1099/37/2220 1101/38/2221 1100/39/2222
f 2600/16/2223 2601/20/2218 2594/3/2217
f 1101/38/2221 1102/40/2224 1100/39/2222
f 2599/14/2225 2600/16/2223 2594/3/2217
f 1102/40/2224 1103/41/2226 1100/39/2222
f 2598/10/2227 2599/14/2225 2594/3/2217
f 1103/41/2226 1104/42/2228 1100/39/2222
f 2597/8/2229 2598/10/2227 2594/3/2217
f 1104/42/2228 1105/43/2230 1100/39/2222
f 2596/4/2231 2597/8/2229 2594/3/2217
f 1105/43/2230 1106/44/2232 1100/39/2222
f 2595/2/2233 2596/4/2231 2594/3/2217
f 1106/44/2232 1107/45/2234 1100/39/2222
f 1100/39/2222 1107/45/2234 1099/37/2220
f 2593/1/2219 2595/2/2233 2594/3/2217
f 2585/27/2235 2592/36/2236 2584/25/2237
f 2591/35/2238 2592/36/2236 2585/27/2235
f 2590/34/2239 2591/35/2238 2585/27/2235
f 1108/1/2240 1110/2/2241 1109/3/2242
f 2589/33/2243 2590/34/2239 2585/27/2235
f 1110/2/2241 1111/4/2244 1109/3/2242
f 2588/31/2245 2589/33/2243 2585/27/2235
f 1111/4/2244 1112/8/2246 1109/3/2242
f 2587/29/2247 2588/31/2245 2585/27/2235
f 1112/8/2246 1113/10/2248 1109/3/2242
f 2586/26/2249 2587/29/2247 2585/27/2235
f 1113/10/2248 1114/14/2250 1109/3/2242
f 2584/25/2237 2586/26/2249 2585/27/2235
f 1114/14/2250 1115/16/2251 1109/3/2242
f 2576/27/2252 2583/36/1497 2575/25/2253
f 1115/16/2251 1116/20/2254 1109/3/2242
f 1109/3/2242 1116/20/2254 1108/1/2240
f 2582/35/2255 2583/36/1497 2576/27/2252
f 2581/34/2256 2582/35/2255 2576/27/2252
f 2580/33/2257 2581/34/2256 2576/27/2252
f 2579/31/2258 2580/33/2257 2576/27/2252
f 1117/1/2259 1119/2/2260 1118/3/2261
f 2578/29/2262 2579/31/2258 2576/27/2252
f 1119/2/2260 1120/4/2263 1118/3/2261
f 2577/26/2264 2578/29/2262 2576/27/2252
f 1120/4/2263 1121/8/2265 1118/3/2261
f 2575/25/2253 2577/26/2264 2576/27/2252
f 1121/8/2265 1122/10/2266 1118/3/2261
f 2567/27/2267 2574/36/2268 2566/25/2269
f 1122/10/2266 1123/14/2270 1118/3/2261
f 2573/35/2271 2574/36/2268 2567/27/2267
f 1123/14/2270 1124/16/2272 1118/3/2261
f 2572/34/2273 2573/35/2271 2567/27/2267
f 1124/16/2272 1125/20/2274 1118/3/2261
f 1118/3/2261 1125/20/2274 1117/1/2259
f 2571/33/2275 2572/34/2273 2567/27/2267
f 2570/31/2276 2571/33/2275 2567/27/2267
f 2569/29/2277 2570/31/2276 2567/27/2267
f 2568/26/2278 2569/29/2277 2567/27/2267
f 1126/37/2279 1128/38/2280 1127/39/2281
f 2566/25/2269 2568/26/2278 2567/27/2267
f 1128/38/2280 1129/40/2282 1127/39/2281
f 2558/39/2283 2565/45/2284 2557/37/2285
f 1129/40/2282 1130/41/2286 1127/39/2281
f 2564/44/2287 2565/45/2284 2558/39/2283
f 1130/41/2286 1131/42/2288 1127/39/2281
f 2563/43/2289 2564/44/2287 2558/39/2283
f 1131/42/2288 1132/43/2290 1127/39/2281
f 2562/42/2291 2563/43/2289 2558/39/2283
f 1132/43/2290 1133/44/2292 1127/39/2281
f 2561/41/2293 2562/42/2291 2558/39/2283
f 1133/44/2292 1134/45/2294 1127/39/2281
f 1127/39/2281 1134/45/2294 1126/37/2279
f 2560/40/2295 2561/41/2293 2558/39/2283
f 2559/38/2296 2560/40/2295 2558/39/2283
f 2557/37/2285 2559/38/2296 2558/39/2283
f 2549/27/2297 2556/36/2298 2548/25/2299
f 1135/25/2300 1137/26/2301 1136/27/2302
f 2555/35/2303 2556/36/2298 2549/27/2297
f 1137/26/2301 1138/29/2304 1136/27/2302
f 2554/34/2305 2555/35/2303 2549/27/2297
f 1138/29/2304 1139/31/2306 1136/27/2302
f 2553/33/2307 2554/34/2305 2549/27/2297
f 1139/31/2306 1140/33/2308 1136/27/2302
f 2552/31/2309 2553/33/2307 2549/27/2297
f 1140/33/2308 1141/34/2310 1136/27/2302
f 2551/29/2311 2552/31/2309 2549/27/2297
f 1141/34/2310 1142/35/2312 1136/27/2302
f 2550/26/2313 2551/29/2311 2549/27/2297
f 1142/35/2312 1143/36/2314 1136/27/2302
f 1136/27/2302 1143/36/2314 1135/25/2300
f 2548/25/2299 2550/26/2313 2549/27/2297
f 2540/39/2315 2547/45/2316 2539/37/2317
f 2546/44/2318 2547/45/2316 2540/39/2315
f 2545/43/2319 2546/44/2318 2540/39/2315
f 1144/37/2320 1146/38/2321 1145/39/2322
f 2544/42/2323 2545/43/2319 2540/39/2315
f 1146/38/2321 1147/40/2324 1145/39/2322
f 2543/41/2325 2544/42/2323 2540/39/2315
f 1147/40/2324 1148/41/2326 1145/39/2322
f 2542/40/2327 2543/41/2325 2540/39/2315
f 1148/41/2326 1149/42/2328 1145/39/2322
f 2541/38/2329 2542/40/2327 2540/39/2315
f 1149/42/2328 1150/43/2330 1145/39/2322
f 2539/37/2317 2541/38/2329 2540/39/2315
f 1150/43/2330 1151/44/2331 1145/39/2322
f 2531/3/2332 2538/20/2333 2530/1/2334
f 1151/44/2331 1152/45/2335 1145/39/2322
f 1145/39/2322 1152/45/2335 1144/37/2320
f 2537/16/2336 2538/20/2333 2531/3/2332
f 2536/14/2337 2537/16/2336 2531/3/2332
f 2535/10/2338 2536/14/2337 2531/3/2332
f 2534/8/2339 2535/10/2338 2531/3/2332
f 1153/25/2340 1155/26/2341 1154/27/2342
f 2533/4/2343 2534/8/2339 2531/3/2332
f 1155/26/2341 1156/29/2344 1154/27/2342
f 2532/2/2345 2533/4/2343 2531/3/2332
f 1156/29/2344 1157/31/2346 1154/27/2342
f 2530/1/2334 2532/2/2345 2531/3/2332
f 1157/31/2346 1158/33/2347 1154/27/2342
f 2522/3/2348 2529/20/2349 2521/1/2350
f 1158/33/2347 1159/34/2351 1154/27/2342
f 2528/16/2352 2529/20/2349 2522/3/2348
f 1159/34/2351 1160/35/2353 1154/27/2342
f 2527/14/2354 2528/16/2352 2522/3/2348
f 1160/35/2353 1161/36/2355 1154/27/2342
f 1154/27/2342 1161/36/2355 1153/25/2340
f 2526/10/2008 2527/14/2354 2522/3/2348
f 2525/8/2356 2526/10/2008 2522/3/2348
f 2524/4/2357 2525/8/2356 2522/3/2348
f 2523/2/2358 2524/4/2357 2522/3/2348
f 1162/25/2359 1164/26/1163 1163/27/2360
f 2521/1/2350 2523/2/2358 2522/3/2348
f 1164/26/1163 1165/29/2361 1163/27/2360
f 2513/39/2362 2520/45/2363 2512/37/2364
f 1165/29/2361 1166/31/2365 1163/27/2360
f 2519/44/2366 2520/45/2363 2513/39/2362
f 1166/31/2365 1167/33/2367 1163/27/2360
f 2518/43/2368 2519/44/2366 2513/39/2362
f 1167/33/2367 1168/34/2369 1163/27/2360
f 2517/42/2370 2518/43/2368 2513/39/2362
f 1168/34/2369 1169/35/2371 1163/27/2360
f 2516/41/2372 2517/42/2370 2513/39/2362
f 1169/35/2371 1170/36/2373 1163/27/2360
f 1163/27/2360 1170/36/2373 1162/25/2359
f 2515/40/2374 2516/41/2372 2513/39/2362
f 2514/38/2375 2515/40/2374 2513/39/2362
f 2512/37/2364 2514/38/2375 2513/39/2362
f 2504/39/2376 2511/45/2377 2503/37/2378
f 1171/25/2379 1173/26/2380 1172/27/2381
f 2510/44/2382 2511/45/2377 2504/39/2376
f 1173/26/2380 1174/29/2383 1172/27/2381
f 2509/43/2384 2510/44/2382 2504/39/2376
f 1174/29/2383 1175/31/2385 1172/27/2381
f 2508/42/2386 2509/43/2384 2504/39/2376
f 1175/31/2385 1176/33/2387 1172/27/2381
f 2507/41/2388 2508/42/2386 2504/39/2376
f 1176/33/2387 1177/34/2389 1172/27/2381
f 2506/40/2390 2507/41/2388 2504/39/2376
f 1177/34/2389 1178/35/2391 1172/27/2381
f 2505/38/2392 2506/40/2390 2504/39/2376
f 1178/35/2391 1179/36/2393 1172/27/2381
f 1172/27/2381 1179/36/2393 1171/25/2379
f 2503/37/2378 2505/38/2392 2504/39/2376
f 2495/3/2394 2502/20/2395 2494/1/2396
f 2501/16/2397 2502/20/2395 2495/3/2394
f 2500/14/2398 2501/16/2397 2495/3/2394
f 1180/1/2399 1182/2/2400 1181/3/2401
f 2499/10/2402 2500/14/2398 2495/3/2394
f 1182/2/2400 1183/4/2403 1181/3/2401
f 2498/8/2404 2499/10/2402 2495/3/2394
f 1183/4/2403 1184/8/2405 1181/3/2401
f 2497/4/2406 2498/8/2404 2495/3/2394
f 1184/8/2405 1185/10/2407 1181/3/2401
f 2496/2/2408 2497/4/2406 2495/3/2394
f 1185/10/2407 1186/14/2409 1181/3/2401
f 2494/1/2396 2496/2/2408 2495/3/2394
f 1186/14/2409 1187/16/2410 1181/3/2401
f 2486/27/2411 2493/36/2412 2485/25/2413
f 1187/16/2410 1188/20/2414 1181/3/2401
f 1181/3/2401 1188/20/2414 1180/1/2399
f 2492/35/2415 2493/36/2412 2486/27/2411
f 2491/34/2416 2492/35/2415 2486/27/2411
f 2490/33/2417 2491/34/2416 2486/27/2411
f 2489/31/2418 2490/33/2417 2486/27/2411
f 1189/37/2419 1191/38/2420 1190/39/2421
f 2488/29/2422 2489/31/2418 2486/27/2411
f 1191/38/2420 1192/40/2423 1190/39/2421
f 2487/26/2424 2488/29/2422 2486/27/2411
f 1192/40/2423 1193/41/2425 1190/39/2421
f 2485/25/2413 2487/26/2424 2486/27/2411
f 1193/41/2425 1194/42/2426 1190/39/2421
f 2477/27/2427 2484/36/2428 2476/25/2429
f 1194/42/2426 1195/43/2430 1190/39/2421
f 2483/35/2431 2484/36/2428 2477/27/2427
f 1195/43/2430 1196/44/2432 1190/39/2421
f 2482/34/2433 2483/35/2431 2477/27/2427
f 1196/44/2432 1197/45/2434 1190/39/2421
f 1190/39/2421 1197/45/2434 1189/37/2419
f 2481/33/2435 2482/34/2433 2477/27/2427
f 2480/31/2436 2481/33/2435 2477/27/2427
f 2479/29/2437 2480/31/2436 2477/27/2427
f 2478/26/2438 2479/29/2437 2477/27/2427
f 1198/37/2439 1200/38/2440 1199/39/2441
f 2476/25/2429 2478/26/2438 2477/27/2427
f 1200/38/2440 1201/40/2442 1199/39/2441
f 2468/27/2443 2475/36/2444 2467/25/2445
f 1201/40/2442 1202/41/2446 1199/39/2441
f 2474/35/2447 2475/36/2444 2468/27/2443
f 1202/41/2446 1203/42/2448 1199/39/2441
f 2473/34/2449 2474/35/2447 2468/27/2443
f 1203/42/2448 1204/43/2450 1199/39/2441
f 2472/33/2451 2473/34/2449 2468/27/2443
f 1204/43/2450 1205/44/2452 1199/39/2441
f 2471/31/2453 2472/33/2451 2468/27/2443
f 1205/44/2452 1206/45/2454 1199/39/2441
f 1199/39/2441 1206/45/2454 1198/37/2439
f 2470/29/2455 2471/31/2453 2468/27/2443
f 2469/26/2456 2470/29/2455 2468/27/2443
f 2467/25/2445 2469/26/2456 2468/27/2443
f 2459/39/2457 2466/45/2458 2458/37/2459
f 1207/1/2460 1209/2/2461 1208/3/2462
f 2465/44/2463 2466/45/2458 2459/39/2457
f 1209/2/2461 1210/4/2464 1208/3/2462
f 2464/43/2465 2465/44/2463 2459/39/2457
f 1210/4/2464 1211/8/2466 1208/3/2462
f 2463/42/2467 2464/43/2465 2459/39/2457
f 1211/8/2466 1212/10/2468 1208/3/2462
f 2462/41/2469 2463/42/2467 2459/39/2457
f 1212/10/2468 1213/14/2470 1208/3/2462
f 2461/40/2471 2462/41/2469 2459/39/2457
f 1213/14/2470 1214/16/2472 1208/3/2462
f 2460/38/2473 2461/40/2471 2459/39/2457
f 1214/16/2472 1215/20/2474 1208/3/2462
f 1208/3/2462 1215/20/2474 1207/1/2460
f 2458/37/2459 2460/38/2473 2459/39/2457
f 2450/27/2475 2457/36/2476 2449/25/2477
f 2456/35/2478 2457/36/2476 2450/27/2475
f 2455/34/2479 2456/35/2478 2450/27/2475
f 1216/1/2480 1218/2/2481 1217/3/2482
f 2454/33/2483 2455/34/2479 2450/27/2475
f 1218/2/2481 1219/4/2484 1217/3/2482
f 2453/31/2485 2454/33/2483 2450/27/2475
f 1219/4/2484 1220/8/2486 1217/3/2482
f 2452/29/1417 2453/31/2485 2450/27/2475
f 1220/8/2486 1221/10/2487 1217/3/2482
f 2451/26/2488 2452/29/1417 2450/27/2475
f 1221/10/2487 1222/14/2489 1217/3/2482
f 2449/25/2477 2451/26/2488 2450/27/2475
f 1222/14/2489 1223/16/2490 1217/3/2482
f 2441/39/2491 2448/45/2492 2440/37/2493
f 1223/16/2490 1224/20/2494 1217/3/2482
f 1217/3/2482 1224/20/2494 1216/1/2480
f 2447/44/2495 2448/45/2492 2441/39/2491
f 2446/43/2496 2447/44/2495 2441/39/2491
f 2445/42/2497 2446/43/2496 2441/39/2491
f 2444/41/2498 2445/42/2497 2441/39/2491
f 1225/37/2499 1227/38/2500 1226/39/2501
f 2443/40/2502 2444/41/2498 2441/39/2491
f 1227/38/2500 1228/40/2503 1226/39/2501
f 2442/38/2504 2443/40/2502 2441/39/2491
f 1228/40/2503 1229/41/2505 1226/39/2501
f 2440/37/2493 2442/38/2504 2441/39/2491
f 1229/41/2505 1230/42/2506 1226/39/2501
f 2432/3/2507 2439/20/2508 2431/1/2509
f 1230/42/2506 1231/43/2510 1226/39/2501
f 2438/16/2511 2439/20/2508 2432/3/2507
f 1231/43/2510 1232/44/2512 1226/39/2501
f 2437/14/2513 2438/16/2511 2432/3/2507
f 1232/44/2512 1233/45/2514 1226/39/2501
f 1226/39/2501 1233/45/2514 1225/37/2499
f 2436/10/2515 2437/14/2513 2432/3/2507
f 2435/8/2516 2436/10/2515 2432/3/2507
f 2434/4/2517 2435/8/2516 2432/3/2507
f 2433/2/2518 2434/4/2517 2432/3/2507
f 1234/25/2519 1236/26/2520 1235/27/2521
f 2431/1/2509 2433/2/2518 2432/3/2507
f 1236/26/2520 1237/29/2522 1235/27/2521
f 2423/27/2523 2430/36/2524 2422/25/2525
f 1237/29/2522 1238/31/2526 1235/27/2521
f 2429/35/2527 2430/36/2524 2423/27/2523
f 1238/31/2526 1239/33/2528 1235/27/2521
f 2428/34/2529 2429/35/2527 2423/27/2523
f 1239/33/2528 1240/34/2530 1235/27/2521
f 2427/33/2531 2428/34/2529 2423/27/2523
f 1240/34/2530 1241/35/2532 1235/27/2521
f 2426/31/2533 2427/33/2531 2423/27/2523
f 1241/35/2532 1242/36/2534 1235/27/2521
f 1235/27/2521 1242/36/2534 1234/25/2519
f 2425/29/2535 2426/31/2533 2423/27/2523
f 2424/26/2536 2425/29/2535 2423/27/2523
f 2422/25/2525 2424/26/2536 2423/27/2523
f 2414/39/2537 2421/45/992 2413/37/2538
f 1243/37/2539 1245/38/2540 1244/39/2541
f 2420/44/2542 2421/45/992 2414/39/2537
f 1245/38/2540 1246/40/2543 1244/39/2541
f 2419/43/2544 2420/44/2542 2414/39/2537
f 1246/40/2543 1247/41/1743 1244/39/2541
f 2418/42/2545 2419/43/2544 2414/39/2537
f 1247/41/1743 1248/42/2546 1244/39/2541
f 2417/41/2547 2418/42/2545 2414/39/2537
f 1248/42/2546 1249/43/2548 1244/39/2541
f 2416/40/2549 2417/41/2547 2414/39/2537
f 1249/43/2548 1250/44/2550 1244/39/2541
f 2415/38/2551 2416/40/2549 2414/39/2537
f 1250/44/2550 1251/45/2552 1244/39/2541
f 1244/39/2541 1251/45/2552 1243/37/2539
f 2413/37/2538 2415/38/2551 2414/39/2537
f 2405/39/2553 2412/45/2554 2404/37/2555
f 2411/44/2556 2412/45/2554 2405/39/2553
f 2410/43/2557 2411/44/2556 2405/39/2553
f 1252/25/2558 1254/26/2559 1253/27/2560
f 2409/42/2561 2410/43/2557 2405/39/2553
f 1254/26/2559 1255/29/2562 1253/27/2560
f 2408/41/2563 2409/42/2561 2405/39/2553
f 1255/29/2562 1256/31/2564 1253/27/2560
f 2407/40/2565 2408/41/2563 2405/39/2553
f 1256/31/2564 1257/33/2566 1253/27/2560
f 2406/38/2567 2407/40/2565 2405/39/2553
f 1257/33/2566 1258/34/2568 1253/27/2560
f 2404/37/2555 2406/38/2567 2405/39/2553
f 1258/34/2568 1259/35/2569 1253/27/2560
f 2396/27/2570 2403/36/2571 2395/25/2572
f 1259/35/2569 1260/36/2573 1253/27/2560
f 1253/27/2560 1260/36/2573 1252/25/2558
f 2402/35/2574 2403/36/2571 2396/27/2570
f 2401/34/2575 2402/35/2574 2396/27/2570
f 2400/33/2576 2401/34/2575 2396/27/2570
f 2399/31/2577 2400/33/2576 2396/27/2570
f 1261/25/2578 1263/26/2579 1262/27/2580
f 2398/29/2581 2399/31/2577 2396/27/2570
f 1263/26/2579 1264/29/2582 1262/27/2580
f 2397/26/2583 2398/29/2581 2396/27/2570
f 1264/29/2582 1265/31/2584 1262/27/2580
f 2395/25/2572 2397/26/2583 2396/27/2570
f 1265/31/2584 1266/33/2585 1262/27/2580
f 2387/3/2586 2394/20/2587 2386/1/2588
f 1266/33/2585 1267/34/2589 1262/27/2580
f 2393/16/2590 2394/20/2587 2387/3/2586
f 1267/34/2589 1268/35/2591 1262/27/2580
f 2392/14/2592 2393/16/2590 2387/3/2586
f 1268/35/2591 1269/36/2593 1262/27/2580
f 1262/27/2580 1269/36/2593 1261/25/2578
f 2391/10/2594 2392/14/2592 2387/3/2586
f 2390/8/2595 2391/10/2594 2387/3/2586
f 2389/4/2596 2390/8/2595 2387/3/2586
f 2388/2/2597 2389/4/2596 2387/3/2586
f 1270/25/2598 1272/26/2599 1271/27/2600
f 2386/1/2588 2388/2/2597 2387/3/2586
f 1272/26/2599 1273/29/2601 1271/27/2600
f 2378/39/2602 2385/45/2603 2377/37/2604
f 1273/29/2601 1274/31/2605 1271/27/2600
f 2384/44/2606 2385/45/2603 2378/39/2602
f 1274/31/2605 1275/33/2607 1271/27/2600
f 2383/43/2608 2384/44/2606 2378/39/2602
f 1275/33/2607 1276/34/2609 1271/27/2600
f 2382/42/2610 2383/43/2608 2378/39/2602
f 1276/34/2609 1277/35/2611 1271/27/2600
f 2381/41/2612 2382/42/2610 2378/39/2602
f 1277/35/2611 1278/36/2613 1271/27/2600
f 1271/27/2600 1278/36/2613 1270/25/2598
f 2380/40/2614 2381/41/2612 2378/39/2602
f 2379/38/2615 2380/40/2614 2378/39/2602
f 2377/37/2604 2379/38/2615 2378/39/2602
f 2369/3/2616 2376/20/2617 2368/1/2618
f 1279/1/2619 1281/2/2620 1280/3/2621
f 2375/16/2622 2376/20/2617 2369/3/2616
f 1281/2/2620 1282/4/2623 1280/3/2621
f 2374/14/2624 2375/16/2622 2369/3/2616
f 1282/4/2623 1283/8/2625 1280/3/2621
f 2373/10/2626 2374/14/2624 2369/3/2616
f 1283/8/2625 1284/10/2627 1280/3/2621
f 2372/8/2628 2373/10/2626 2369/3/2616
f 1284/10/2627 1285/14/2629 1280/3/2621
f 2371/4/2630 2372/8/2628 2369/3/2616
f 1285/14/2629 1286/16/2631 1280/3/2621
f 2370/2/2632 2371/4/2630 2369/3/2616
f 1286/16/2631 1287/20/2633 1280/3/2621
f 1280/3/2621 1287/20/2633 1279/1/2619
f 2368/1/2618 2370/2/2632 2369/3/2616
f 2360/3/2634 2367/20/2635 2359/1/2636
f 2366/16/2637 2367/20/2635 2360/3/2634
f 2365/14/2638 2366/16/2637 2360/3/2634
f 1288/37/2639 1290/38/2640 1289/39/2641
f 2364/10/2642 2365/14/2638 2360/3/2634
f 1290/38/2640 1291/40/2643 1289/39/2641
f 2363/8/2644 2364/10/2642 2360/3/2634
f 1291/40/2643 1292/41/2645 1289/39/2641
f 2362/4/2646 2363/8/2644 2360/3/2634
f 1292/41/2645 1293/42/2647 1289/39/2641
f 2361/2/2648 2362/4/2646 2360/3/2634
f 1293/42/2647 1294/43/2649 1289/39/2641
f 2359/1/2636 2361/2/2648 2360/3/2634
f 1294/43/2649 1295/44/2650 1289/39/2641
f 2351/39/2651 2358/45/2652 2350/37/2653
f 1295/44/2650 1296/45/2654 1289/39/2641
f 1289/39/2641 1296/45/2654 1288/37/2639
f 2357/44/2655 2358/45/2652 2351/39/2651
f 2356/43/2656 2357/44/2655 2351/39/2651
f 2355/42/2657 2356/43/2656 2351/39/2651
f 2354/41/2658 2355/42/2657 2351/39/2651
f 1297/37/2659 1299/38/2660 1298/39/2661
f 2353/40/2662 2354/41/2658 2351/39/2651
f 1299/38/2660 1300/40/2663 1298/39/2661
f 2352/38/2664 2353/40/2662 2351/39/2651
f 1300/40/2663 1301/41/2665 1298/39/2661
f 2350/37/2653 2352/38/2664 2351/39/2651
f 1301/41/2665 1302/42/2666 1298/39/2661
f 2342/39/2667 2349/45/2668 2341/37/2669
f 1302/42/2666 1303/43/2670 1298/39/2661
f 2348/44/2671 2349/45/2668 2342/39/2667
f 1303/43/2670 1304/44/2672 1298/39/2661
f 2347/43/2673 2348/44/2671 2342/39/2667
f 1304/44/2672 1305/45/2674 1298/39/2661
f 1298/39/2661 1305/45/2674 1297/37/2659
f 2346/42/2675 2347/43/2673 2342/39/2667
f 2345/41/2676 2346/42/2675 2342/39/2667
f 2344/40/2677 2345/41/2676 2342/39/2667
f 2343/38/2678 2344/40/2677 2342/39/2667
f 1306/1/2679 1308/2/2680 1307/3/2681
f 2341/37/2669 2343/38/2678 2342/39/2667
f 1308/2/2680 1309/4/2682 1307/3/2681
f 2333/3/2683 2340/20/2684 2332/1/2685
f 1309/4/2682 1310/8/2686 1307/3/2681
f 2339/16/2687 2340/20/2684 2333/3/2683
f 1310/8/2686 1311/10/2688 1307/3/2681
f 2338/14/2689 2339/16/2687 2333/3/2683
f 1311/10/2688 1312/14/2690 1307/3/2681
f 2337/10/2691 2338/14/2689 2333/3/2683
f 1312/14/2690 1313/16/2692 1307/3/2681
f 2336/8/2693 2337/10/2691 2333/3/2683
f 1313/16/2692 1314/20/2694 1307/3/2681
f 1307/3/2681 1314/20/2694 1306/1/2679
f 2335/4/2695 2336/8/2693 2333/3/2683
f 2334/2/2696 2335/4/2695 2333/3/2683
f 2332/1/2685 2334/2/2696 2333/3/2683
f 2324/27/2697 2331/36/2698 2323/25/2699
f 1315/1/2700 1317/2/2701 1316/3/2702
f 2330/35/2703 2331/36/2698 2324/27/2697
f 1317/2/2701 1318/4/2704 1316/3/2702
f 2329/34/2705 2330/35/2703 2324/27/2697
f 1318/4/2704 1319/8/2706 1316/3/2702
f 2328/33/2707 2329/34/2705 2324/27/2697
f 1319/8/2706 1320/10/2708 1316/3/2702
f 2327/31/2709 2328/33/2707 2324/27/2697
f 1320/10/2708 1321/14/2710 1316/3/2702
f 2326/29/2711 2327/31/2709 2324/27/2697
f 1321/14/2710 1322/16/2712 1316/3/2702
f 2325/26/2713 2326/29/2711 2324/27/2697
f 1322/16/2712 1323/20/2714 1316/3/2702
f 1316/3/2702 1323/20/2714 1315/1/2700
f 2323/25/2699 2325/26/2713 2324/27/2697
f 2315/27/2715 2322/36/2716 2314/25/2717
f 2321/35/2718 2322/36/2716 2315/27/2715
f 2320/34/2719 2321/35/2718 2315/27/2715
f 1324/37/2720 1326/38/2721 1325/39/2722
f 2319/33/2723 2320/34/2719 2315/27/2715
f 1326/38/2721 1327/40/2724 1325/39/2722
f 2318/31/2725 2319/33/2723 2315/27/2715
f 1327/40/2724 1328/41/2726 1325/39/2722
f 2317/29/2727 2318/31/2725 2315/27/2715
f 1328/41/2726 1329/42/2728 1325/39/2722
f 2316/26/2729 2317/29/2727 2315/27/2715
f 1329/42/2728 1330/43/884 1325/39/2722
f 2314/25/2717 2316/26/2729 2315/27/2715
f 1330/43/884 1331/44/2730 1325/39/2722
f 2306/27/2731 2313/36/2732 2305/25/2733
f 1331/44/2730 1332/45/2734 1325/39/2722
f 1325/39/2722 1332/45/2734 1324/37/2720
f 2312/35/2735 2313/36/2732 2306/27/2731
f 2311/34/2736 2312/35/2735 2306/27/2731
f 2310/33/2737 2311/34/2736 2306/27/2731
f 2309/31/2738 2310/33/2737 2306/27/2731
f 1333/25/2739 1335/26/2740 1334/27/2741
f 2308/29/2742 2309/31/2738 2306/27/2731
f 1335/26/2740 1336/29/2743 1334/27/2741
f 2307/26/2744 2308/29/2742 2306/27/2731
f 1336/29/2743 1337/31/2745 1334/27/2741
f 2305/25/2733 2307/26/2744 2306/27/2731
f 1337/31/2745 1338/33/2746 1334/27/2741
f 2297/39/2747 2304/45/2748 2296/37/2749
f 1338/33/2746 1339/34/2750 1334/27/2741
f 2303/44/2751 2304/45/2748 2297/39/2747
f 1339/34/2750 1340/35/2752 1334/27/2741
f 2302/43/2753 2303/44/2751 2297/39/2747
f 1340/35/2752 1341/36/2754 1334/27/2741
f 1334/27/2741 1341/36/2754 1333/25/2739
f 2301/42/2755 2302/43/2753 2297/39/2747
f 2300/41/2756 2301/42/2755 2297/39/2747
f 2299/40/2757 2300/41/2756 2297/39/2747
f 2298/38/2758 2299/40/2757 2297/39/2747
f 1342/37/2759 1344/38/2760 1343/39/2761
f 2296/37/2749 2298/38/2758 2297/39/2747
f 1344/38/2760 1345/40/2762 1343/39/2761
f 2288/27/2763 2295/36/2764 2287/25/2765
f 1345/40/2762 1346/41/2766 1343/39/2761
f 2294/35/2767 2295/36/2764 2288/27/2763
f 1346/41/2766 1347/42/2768 1343/39/2761
f 2293/34/2769 2294/35/2767 2288/27/2763
f 1347/42/2768 1348/43/2770 1343/39/2761
f 2292/33/2771 2293/34/2769 2288/27/2763
f 1348/43/2770 1349/44/2772 1343/39/2761
f 2291/31/2773 2292/33/2771 2288/27/2763
f 1349/44/2772 1350/45/2774 1343/39/2761
f 1343/39/2761 1350/45/2774 1342/37/2759
f 2290/29/2775 2291/31/2773 2288/27/2763
f 2289/26/2776 2290/29/2775 2288/27/2763
f 2287/25/2765 2289/26/2776 2288/27/2763
f 2279/39/1948 2286/45/2777 2278/37/2778
f 1351/25/2779 1353/26/2780 1352/27/2781
f 2285/44/2782 2286/45/2777 2279/39/1948
f 1353/26/2780 1354/29/2783 1352/27/2781
f 2284/43/2784 2285/44/2782 2279/39/1948
f 1354/29/2783 1355/31/2785 1352/27/2781
f 2283/42/2786 2284/43/2784 2279/39/1948
f 1355/31/2785 1356/33/2787 1352/27/2781
f 2282/41/2788 2283/42/2786 2279/39/1948
f 1356/33/2787 1357/34/2789 1352/27/2781
f 2281/40/2790 2282/41/2788 2279/39/1948
f 1357/34/2789 1358/35/2791 1352/27/2781
f 2280/38/2792 2281/40/2790 2279/39/1948
f 1358/35/2791 1359/36/2793 1352/27/2781
f 1352/27/2781 1359/36/2793 1351/25/2779
f 2278/37/2778 2280/38/2792 2279/39/1948
f 2270/3/2794 2277/20/2795 2269/1/2796
f 2276/16/2797 2277/20/2795 2270/3/2794
f 2275/14/2798 2276/16/2797 2270/3/2794
f 1360/25/2799 1362/26/2800 1361/27/2801
f 2274/10/2802 2275/14/2798 2270/3/2794
f 1362/26/2800 1363/29/2803 1361/27/2801
f 2273/8/2804 2274/10/2802 2270/3/2794
f 1363/29/2803 1364/31/2805 1361/27/2801
f 2272/4/2437 2273/8/2804 2270/3/2794
f 1364/31/2805 1365/33/2806 1361/27/2801
f 2271/2/2807 2272/4/2437 2270/3/2794
f 1365/33/2806 1366/34/2808 1361/27/2801
f 2269/1/2796 2271/2/2807 2270/3/2794
f 1366/34/2808 1367/35/2809 1361/27/2801
f 2261/27/2810 2268/36/2811 2260/25/2812
f 1367/35/2809 1368/36/2813 1361/27/2801
f 1361/27/2801 1368/36/2813 1360/25/2799
f 2267/35/2814 2268/36/2811 2261/27/2810
f 2266/34/2815 2267/35/2814 2261/27/2810
f 2265/33/2816 2266/34/2815 2261/27/2810
f 2264/31/2817 2265/33/2816 2261/27/2810
f 1369/25/2818 1371/26/2819 1370/27/2820
f 2263/29/2821 2264/31/2817 2261/27/2810
f 1371/26/2819 1372/29/2822 1370/27/2820
f 2262/26/2823 2263/29/2821 2261/27/2810
f 1372/29/2822 1373/31/2824 1370/27/2820
f 2260/25/2812 2262/26/2823 2261/27/2810
f 1373/31/2824 1374/33/2825 1370/27/2820
f 2252/39/2826 2259/45/2827 2251/37/2828
f 1374/33/2825 1375/34/2829 1370/27/2820
f 2258/44/2830 2259/45/2827 2252/39/2826
f 1375/34/2829 1376/35/2831 1370/27/2820
f 2257/43/2832 2258/44/2830 2252/39/2826
f 1376/35/2831 1377/36/2833 1370/27/2820
f 1370/27/2820 1377/36/2833 1369/25/2818
f 2256/42/2834 2257/43/2832 2252/39/2826
f 2255/41/2835 2256/42/2834 2252/39/2826
f 2254/40/2836 2255/41/2835 2252/39/2826
f 2253/38/2837 2254/40/2836 2252/39/2826
f 1378/1/2838 1380/2/2839 1379/3/2840
f 2251/37/2828 2253/38/2837 2252/39/2826
f 1380/2/2839 1381/4/2841 1379/3/2840
f 2243/39/2842 2250/45/2843 2242/37/2844
f 1381/4/2841 1382/8/2845 1379/3/2840
f 2249/44/290 2250/45/2843 2243/39/2842
f 1382/8/2845 1383/10/2846 1379/3/2840
f 2248/43/2847 2249/44/290 2243/39/2842
f 1383/10/2846 1384/14/2848 1379/3/2840
f 2247/42/2849 2248/43/2847 2243/39/2842
f 1384/14/2848 1385/16/2850 1379/3/2840
f 2246/41/2851 2247/42/2849 2243/39/2842
f 1385/16/2850 1386/20/2852 1379/3/2840
f 1379/3/2840 1386/20/2852 1378/1/2838
f 2245/40/2853 2246/41/2851 2243/39/2842
f 2244/38/2854 2245/40/2853 2243/39/2842
f 2242/37/2844 2244/38/2854 2243/39/2842
f 2234/27/2855 2241/36/2856 2233/25/2857
f 1387/37/2858 1389/38/2859 1388/39/2860
f 2240/35/2861 2241/36/2856 2234/27/2855
f 1389/38/2859 1390/40/2862 1388/39/2860
f 2239/34/2863 2240/35/2861 2234/27/2855
f 1390/40/2862 1391/41/2864 1388/39/2860
f 2238/33/2865 2239/34/2863 2234/27/2855
f 1391/41/2864 1392/42/2866 1388/39/2860
f 2237/31/2867 2238/33/2865 2234/27/2855
f 1392/42/2866 1393/43/2868 1388/39/2860
f 2236/29/2869 2237/31/2867 2234/27/2855
f 1393/43/2868 1394/44/2870 1388/39/2860
f 2235/26/2871 2236/29/2869 2234/27/2855
f 1394/44/2870 1395/45/2872 1388/39/2860
f 1388/39/2860 1395/45/2872 1387/37/2858
f 2233/25/2857 2235/26/2871 2234/27/2855
f 2225/3/2873 2232/20/2874 2224/1/2875
f 2231/16/2876 2232/20/2874 2225/3/2873
f 2230/14/2877 2231/16/2876 2225/3/2873
f 1396/37/2878 1398/38/2879 1397/39/2880
f 2229/10/2881 2230/14/2877 2225/3/2873
f 1398/38/2879 1399/40/2882 1397/39/2880
f 2228/8/2883 2229/10/2881 2225/3/2873
f 1399/40/2882 1400/41/2884 1397/39/2880
f 2227/4/2885 2228/8/2883 2225/3/2873
f 1400/41/2884 1401/42/2886 1397/39/2880
f 2226/2/2887 2227/4/2885 2225/3/2873
f 1401/42/2886 1402/43/2888 1397/39/2880
f 2224/1/2875 2226/2/2887 2225/3/2873
f 1402/43/2888 1403/44/2889 1397/39/2880
f 2216/39/118 2223/45/2890 2215/37/2891
f 1403/44/2889 1404/45/2892 1397/39/2880
f 1397/39/2880 1404/45/2892 1396/37/2878
f 2222/44/2893 2223/45/2890 2216/39/118
f 2221/43/2894 2222/44/2893 2216/39/118
f 2220/42/2895 2221/43/2894 2216/39/118
f 2219/41/2896 2220/42/2895 2216/39/118
f 1405/1/2897 1407/2/2898 1406/3/2899
f 2218/40/2900 2219/41/2896 2216/39/118
f 1407/2/2898 1408/4/2901 1406/3/2899
f 2217/38/2902 2218/40/2900 2216/39/118
f 1408/4/2901 1409/8/2903 1406/3/2899
f 2215/37/2891 2217/38/2902 2216/39/118
f 1409/8/2903 1410/10/2904 1406/3/2899
f 2207/3/2905 2214/20/2906 2206/1/2907
f 1410/10/2904 1411/14/2908 1406/3/2899
f 2213/16/2909 2214/20/2906 2207/3/2905
f 1411/14/2908 1412/16/2910 1406/3/2899
f 2212/14/2911 2213/16/2909 2207/3/2905
f 1412/16/2910 1413/20/2912 1406/3/2899
f 1406/3/2899 1413/20/2912 1405/1/2897
f 2211/10/2913 2212/14/2911 2207/3/2905
f 2210/8/2914 2211/10/2913 2207/3/2905
f 2209/4/2915 2210/8/2914 2207/3/2905
f 2208/2/2916 2209/4/2915 2207/3/2905
f 1414/1/2917 1416/2/2918 1415/3/2919
f 2206/1/2907 2208/2/2916 2207/3/2905
f 1416/2/2918 1417/4/2920 1415/3/2919
f 2198/3/2921 2205/20/2922 2197/1/2923
f 1417/4/2920 1418/8/2924 1415/3/2919
f 2204/16/2925 2205/20/2922 2198/3/2921
f 1418/8/2924 1419/10/2926 1415/3/2919
f 2203/14/2927 2204/16/2925 2198/3/2921
f 1419/10/2926 1420/14/2928 1415/3/2919
f 2202/10/2929 2203/14/2927 2198/3/2921
f 1420/14/2928 1421/16/2930 1415/3/2919
f 2201/8/415 2202/10/2929 2198/3/2921
f 1421/16/2930 1422/20/2931 1415/3/2919
f 1415/3/2919 1422/20/2931 1414/1/2917
f 2200/4/2932 2201/8/415 2198/3/2921
f 2199/2/2933 2200/4/2932 2198/3/2921
f 2197/1/2923 2199/2/2933 2198/3/2921
f 2189/39/2934 2196/45/2935 2188/37/2936
f 1423/37/2937 1425/38/2938 1424/39/2939
f 2195/44/2940 2196/45/2935 2189/39/2934
f 1425/38/2938 1426/40/2941 1424/39/2939
f 2194/43/2942 2195/44/2940 2189/39/2934
f 1426/40/2941 1427/41/2943 1424/39/2939
f 2193/42/2944 2194/43/2942 2189/39/2934
f 1427/41/2943 1428/42/2945 1424/39/2939
f 2192/41/2946 2193/42/2944 2189/39/2934
f 1428/42/2945 1429/43/2947 1424/39/2939
f 2191/40/2948 2192/41/2946 2189/39/2934
f 1429/43/2947 1430/44/2949 1424/39/2939
f 2190/38/2950 2191/40/2948 2189/39/2934
f 1430/44/2949 1431/45/2951 1424/39/2939
f 1424/39/2939 1431/45/2951 1423/37/2937
f 2188/37/2936 2190/38/2950 2189/39/2934
f 2180/39/2952 2187/45/2953 2179/37/2954
f 2186/44/2955 2187/45/2953 2180/39/2952
f 2185/43/2956 2186/44/2955 2180/39/2952
f 1432/25/2957 1434/26/2958 1433/27/2959
f 2184/42/2960 2185/43/2956 2180/39/2952
f 1434/26/2958 1435/29/2961 1433/27/2959
f 2183/41/2962 2184/42/2960 2180/39/2952
f 1435/29/2961 1436/31/2963 1433/27/2959
f 2182/40/2964 2183/41/2962 2180/39/2952
f 1436/31/2963 1437/33/2965 1433/27/2959
f 2181/38/2966 2182/40/2964 2180/39/2952
f 1437/33/2965 1438/34/2967 1433/27/2959
f 2179/37/2954 2181/38/2966 2180/39/2952
f 1438/34/2967 1439/35/2968 1433/27/2959
f 2171/3/2969 2178/20/2970 2170/1/2971
f 1439/35/2968 1440/36/2972 1433/27/2959
f 1433/27/2959 1440/36/2972 1432/25/2957
f 2177/16/2973 2178/20/2970 2171/3/2969
f 2176/14/2974 2177/16/2973 2171/3/2969
f 2175/10/2975 2176/14/2974 2171/3/2969
f 2174/8/2976 2175/10/2975 2171/3/2969
f 1441/37/2977 1443/38/2978 1442/39/2979
f 2173/4/2980 2174/8/2976 2171/3/2969
f 1443/38/2978 1444/40/2981 1442/39/2979
f 2172/2/2982 2173/4/2980 2171/3/2969
f 1444/40/2981 1445/41/2983 1442/39/2979
f 2170/1/2971 2172/2/2982 2171/3/2969
f 1445/41/2983 1446/42/2984 1442/39/2979
f 2162/27/2985 2169/36/2986 2161/25/2987
f 1446/42/2984 1447/43/2988 1442/39/2979
f 2168/35/2989 2169/36/2986 2162/27/2985
f 1447/43/2988 1448/44/2990 1442/39/2979
f 2167/34/2991 2168/35/2989 2162/27/2985
f 1448/44/2990 1449/45/2992 1442/39/2979
f 1442/39/2979 1449/45/2992 1441/37/2977
f 2166/33/2993 2167/34/2991 2162/27/2985
f 2165/31/2994 2166/33/2993 2162/27/2985
f 2164/29/2995 2165/31/2994 2162/27/2985
f 2163/26/2996 2164/29/2995 2162/27/2985
f 1450/25/2997 1452/26/2998 1451/27/2999
f 2161/25/2987 2163/26/2996 2162/27/2985
f 1452/26/2998 1453/29/3000 1451/27/2999
f 2153/27/3001 2160/36/3002 2152/25/3003
f 1453/29/3000 1454/31/3004 1451/27/2999
f 2159/35/3005 2160/36/3002 2153/27/3001
f 1454/31/3004 1455/33/3006 1451/27/2999
f 2158/34/3007 2159/35/3005 2153/27/3001
f 1455/33/3006 1456/34/3008 1451/27/2999
f 2157/33/3009 2158/34/3007 2153/27/3001
f 1456/34/3008 1457/35/3010 1451/27/2999
f 2156/31/3011 2157/33/3009 2153/27/3001
f 1457/35/3010 1458/36/3012 1451/27/2999
f 1451/27/2999 1458/36/3012 1450/25/2997
f 2155/29/3013 2156/31/3011 2153/27/3001
f 2154/26/3014 2155/29/3013 2153/27/3001
f 2152/25/3003 2154/26/3014 2153/27/3001
f 2144/27/3015 2151/36/3016 2143/25/3017
f 1459/25/3018 1461/26/3019 1460/27/3020
f 2150/35/3021 2151/36/3016 2144/27/3015
f 1461/26/3019 1462/29/3022 1460/27/3020
f 2149/34/3023 2150/35/3021 2144/27/3015
f 1462/29/3022 1463/31/3024 1460/27/3020
f 2148/33/3025 2149/34/3023 2144/27/3015
f 1463/31/3024 1464/33/3026 1460/27/3020
f 2147/31/3027 2148/33/3025 2144/27/3015
f 1464/33/3026 1465/34/3028 1460/27/3020
f 2146/29/3029 2147/31/3027 2144/27/3015
f 1465/34/3028 1466/35/3030 1460/27/3020
f 2145/26/3031 2146/29/3029 2144/27/3015
f 1466/35/3030 1467/36/3032 1460/27/3020
f 1460/27/3020 1467/36/3032 1459/25/3018
f 2143/25/3017 2145/26/3031 2144/27/3015
f 2135/39/3033 2142/45/3034 2134/37/3035
f 2141/44/3036 2142/45/3034 2135/39/3033
f 2140/43/3037 2141/44/3036 2135/39/3033
f 1468/25/3038 1470/26/3039 1469/27/3040
f 2139/42/3041 2140/43/3037 2135/39/3033
f 1470/26/3039 1471/29/3042 1469/27/3040
f 2138/41/3043 2139/42/3041 2135/39/3033
f 1471/29/3042 1472/31/3044 1469/27/3040
f 2137/40/3045 2138/41/3043 2135/39/3033
f 1472/31/3044 1473/33/3046 1469/27/3040
f 2136/38/3047 2137/40/3045 2135/39/3033
f 1473/33/3046 1474/34/3048 1469/27/3040
f 2134/37/3035 2136/38/3047 2135/39/3033
f 1474/34/3048 1475/35/3049 1469/27/3040
f 2126/27/3050 2133/36/3051 2125/25/3052
f 1475/35/3049 1476/36/3053 1469/27/3040
f 1469/27/3040 1476/36/3053 1468/25/3038
f 2132/35/3054 2133/36/3051 2126/27/3050
f 2131/34/3055 2132/35/3054 2126/27/3050
f 2130/33/3056 2131/34/3055 2126/27/3050
f 2129/31/3057 2130/33/3056 2126/27/3050
f 1477/1/3058 1479/2/3059 1478/3/3060
f 2128/29/3061 2129/31/3057 2126/27/3050
f 1479/2/3059 1480/4/3062 1478/3/3060
f 2127/26/3063 2128/29/3061 2126/27/3050
f 1480/4/3062 1481/8/3064 1478/3/3060
f 2125/25/3052 2127/26/3063 2126/27/3050
f 1481/8/3064 1482/10/3065 1478/3/3060
f 2117/39/3066 2124/45/3067 2116/37/3068
f 1482/10/3065 1483/14/3069 1478/3/3060
f 2123/44/3070 2124/45/3067 2117/39/3066
f 1483/14/3069 1484/16/3071 1478/3/3060
f 2122/43/3072 2123/44/3070 2117/39/3066
f 1484/16/3071 1485/20/3073 1478/3/3060
f 1478/3/3060 1485/20/3073 1477/1/3058
f 2121/42/3074 2122/43/3072 2117/39/3066
f 2120/41/3075 2121/42/3074 2117/39/3066
f 2119/40/3076 2120/41/3075 2117/39/3066
f 2118/38/3077 2119/40/3076 2117/39/3066
f 1486/37/3078 1488/38/3079 1487/39/3080
f 2116/37/3068 2118/38/3077 2117/39/3066
f 1488/38/3079 1489/40/3081 1487/39/3080
f 2108/3/3082 2115/20/3083 2107/1/3084
f 1489/40/3081 1490/41/3085 1487/39/3080
f 2114/16/3086 2115/20/3083 2108/3/3082
f 1490/41/3085 1491/42/3087 1487/39/3080
f 2113/14/3088 2114/16/3086 2108/3/3082
f 1491/42/3087 1492/43/3089 1487/39/3080
f 2112/10/3090 2113/14/3088 2108/3/3082
f 1492/43/3089 1493/44/3091 1487/39/3080
f 2111/8/3092 2112/10/3090 2108/3/3082
f 1493/44/3091 1494/45/3093 1487/39/3080
f 1487/39/3080 1494/45/3093 1486/37/3078
f 2110/4/3094 2111/8/3092 2108/3/3082
f 2109/2/3095 2110/4/3094 2108/3/3082
f 2107/1/3084 2109/2/3095 2108/3/3082
f 2099/3/3096 2106/20/3097 2098/1/3098
f 1495/37/3099 1497/38/3100 1496/39/3101
f 2105/16/3102 2106/20/3097 2099/3/3096
f 1497/38/3100 1498/40/3103 1496/39/3101
f 2104/14/3104 2105/16/3102 2099/3/3096
f 1498/40/3103 1499/41/3105 1496/39/3101
f 2103/10/3106 2104/14/3104 2099/3/3096
f 1499/41/3105 1500/42/3107 1496/39/3101
f 2102/8/3108 2103/10/3106 2099/3/3096
f 1500/42/3107 1501/43/3109 1496/39/3101
f 2101/4/3110 2102/8/3108 2099/3/3096
f 1501/43/3109 1502/44/3111 1496/39/3101
f 2100/2/3112 2101/4/3110 2099/3/3096
f 1502/44/3111 1503/45/3113 1496/39/3101
f 1496/39/3101 1503/45/3113 1495/37/3099
f 2098/1/3098 2100/2/3112 2099/3/3096
f 2090/39/3114 2097/45/3115 2089/37/3116
f 2096/44/3117 2097/45/3115 2090/39/3114
f 2095/43/3118 2096/44/3117 2090/39/3114
f 1504/1/3119 1506/2/3120 1505/3/3121
f 2094/42/3122 2095/43/3118 2090/39/3114
f 1506/2/3120 1507/4/3123 1505/3/3121
f 2093/41/3124 2094/42/3122 2090/39/3114
f 1507/4/3123 1508/8/3125 1505/3/3121
f 2092/40/3126 2093/41/3124 2090/39/3114
f 1508/8/3125 1509/10/3127 1505/3/3121
f 2091/38/3128 2092/40/3126 2090/39/3114
f 1509/10/3127 1510/14/3129 1505/3/3121
f 2089/37/3116 2091/38/3128 2090/39/3114
f 1510/14/3129 1511/16/3130 1505/3/3121
f 2081/39/3131 2088/45/3132 2080/37/3133
f 1511/16/3130 1512/20/3134 1505/3/3121
f 1505/3/3121 1512/20/3134 1504/1/3119
f 2087/44/3135 2088/45/3132 2081/39/3131
f 2086/43/3136 2087/44/3135 2081/39/3131
f 2085/42/3137 2086/43/3136 2081/39/3131
f 2084/41/3138 2085/42/3137 2081/39/3131
f 1513/1/3139 1515/2/3140 1514/3/3141
f 2083/40/3142 2084/41/3138 2081/39/3131
f 1515/2/3140 1516/4/3143 1514/3/3141
f 2082/38/3144 2083/40/3142 2081/39/3131
f 1516/4/3143 1517/8/3145 1514/3/3141
f 2080/37/3133 2082/38/3144 2081/39/3131
f 1517/8/3145 1518/10/3146 1514/3/3141
f 2072/3/3147 2079/20/3148 2071/1/3149
f 1518/10/3146 1519/14/3150 1514/3/3141
f 2078/16/3151 2079/20/3148 2072/3/3147
f 1519/14/3150 1520/16/3152 1514/3/3141
f 2077/14/3153 2078/16/3151 2072/3/3147
f 1520/16/3152 1521/20/3154 1514/3/3141
f 1514/3/3141 1521/20/3154 1513/1/3139
f 2076/10/3155 2077/14/3153 2072/3/3147
f 2075/8/3156 2076/10/3155 2072/3/3147
f 2074/4/3157 2075/8/3156 2072/3/3147
f 2073/2/3158 2074/4/3157 2072/3/3147
f 1522/37/3159 1524/38/3160 1523/39/3161
f 2071/1/3149 2073/2/3158 2072/3/3147
f 1524/38/3160 1525/40/3162 1523/39/3161
f 2063/27/3163 2070/36/3164 2062/25/3165
f 1525/40/3162 1526/41/3166 1523/39/3161
f 2069/35/3167 2070/36/3164 2063/27/3163
f 1526/41/3166 1527/42/3168 1523/39/3161
f 2068/34/3169 2069/35/3167 2063/27/3163
f 1527/42/3168 1528/43/3170 1523/39/3161
f 2067/33/3171 2068/34/3169 2063/27/3163
f 1528/43/3170 1529/44/3172 1523/39/3161
f 2066/31/3173 2067/33/3171 2063/27/3163
f 1529/44/3172 1530/45/3174 1523/39/3161
f 1523/39/3161 1530/45/3174 1522/37/3159
f 2065/29/3175 2066/31/3173 2063/27/3163
f 2064/26/3176 2065/29/3175 2063/27/3163
f 2062/25/3165 2064/26/3176 2063/27/3163
f 2054/27/3177 2061/36/3178 2053/25/3179
f 1531/25/3180 1533/26/3181 1532/27/3182
f 2060/35/3183 2061/36/3178 2054/27/3177
f 1533/26/3181 1534/29/3184 1532/27/3182
f 2059/34/3185 2060/35/3183 2054/27/3177
f 1534/29/3184 1535/31/3186 1532/27/3182
f 2058/33/3187 2059/34/3185 2054/27/3177
f 1535/31/3186 1536/33/3188 1532/27/3182
f 2057/31/3189 2058/33/3187 2054/27/3177
f 1536/33/3188 1537/34/3190 1532/27/3182
f 2056/29/3191 2057/31/3189 2054/27/3177
f 1537/34/3190 1538/35/3192 1532/27/3182
f 2055/26/3193 2056/29/3191 2054/27/3177
f 1538/35/3192 1539/36/3194 1532/27/3182
f 1532/27/3182 1539/36/3194 1531/25/3180
f 2053/25/3179 2055/26/3193 2054/27/3177
f 2045/27/3195 2052/36/3196 2044/25/3197
f 2051/35/3198 2052/36/3196 2045/27/3195
f 2050/34/3199 2051/35/3198 2045/27/3195
f 1540/37/3200 1542/38/3201 1541/39/3202
f 2049/33/3203 2050/34/3199 2045/27/3195
f 1542/38/3201 1543/40/3204 1541/39/3202
f 2048/31/3205 2049/33/3203 2045/27/3195
f 1543/40/3204 1544/41/3206 1541/39/3202
f 2047/29/3207 2048/31/3205 2045/27/3195
f 1544/41/3206 1545/42/3208 1541/39/3202
f 2046/26/3209 2047/29/3207 2045/27/3195
f 1545/42/3208 1546/43/3210 1541/39/3202
f 2044/25/3197 2046/26/3209 2045/27/3195
f 1546/43/3210 1547/44/3211 1541/39/3202
f 2036/39/3212 2043/45/3213 2035/37/3214
f 1547/44/3211 1548/45/3215 1541/39/3202
f 1541/39/3202 1548/45/3215 1540/37/3200
f 2042/44/3216 2043/45/3213 2036/39/3212
f 2041/43/3217 2042/44/3216 2036/39/3212
f 2040/42/3218 2041/43/3217 2036/39/3212
f 2039/41/3219 2040/42/3218 2036/39/3212
f 1549/25/3220 1551/26/3221 1550/27/3222
f 2038/40/3223 2039/41/3219 2036/39/3212
f 1551/26/3221 1552/29/3224 1550/27/3222
f 2037/38/3225 2038/40/3223 2036/39/3212
f 1552/29/3224 1553/31/3226 1550/27/3222
f 2035/37/3214 2037/38/3225 2036/39/3212
f 1553/31/3226 1554/33/3227 1550/27/3222
f 2027/27/3228 2034/36/3229 2026/25/3230
f 1554/33/3227 1555/34/3231 1550/27/3222
f 2033/35/3232 2034/36/3229 2027/27/3228
f 1555/34/3231 1556/35/3233 1550/27/3222
f 2032/34/3234 2033/35/3232 2027/27/3228
f 1556/35/3233 1557/36/3235 1550/27/3222
f 1550/27/3222 1557/36/3235 1549/25/3220
f 2031/33/3236 2032/34/3234 2027/27/3228
f 2030/31/3237 2031/33/3236 2027/27/3228
f 2029/29/2509 2030/31/3237 2027/27/3228
f 2028/26/3238 2029/29/2509 2027/27/3228
f 1558/25/3239 1560/26/3240 1559/27/3241
f 2026/25/3230 2028/26/3238 2027/27/3228
f 1560/26/3240 1561/29/3242 1559/27/3241
f 2018/39/3243 2025/45/3244 2017/37/3245
f 1561/29/3242 1562/31/3246 1559/27/3241
f 2024/44/3247 2025/45/3244 2018/39/3243
f 1562/31/3246 1563/33/3248 1559/27/3241
f 2023/43/3249 2024/44/3247 2018/39/3243
f 1563/33/3248 1564/34/3250 1559/27/3241
f 2022/42/3251 2023/43/3249 2018/39/3243
f 1564/34/3250 1565/35/3252 1559/27/3241
f 2021/41/3253 2022/42/3251 2018/39/3243
f 1565/35/3252 1566/36/3254 1559/27/3241
f 1559/27/3241 1566/36/3254 1558/25/3239
f 2020/40/3255 2021/41/3253 2018/39/3243
f 2019/38/3256 2020/40/3255 2018/39/3243
f 2017/37/3245 2019/38/3256 2018/39/3243
f 2009/3/3257 2016/20/3258 2008/1/3259
f 1567/25/3260 1569/26/3261 1568/27/2312
f 2015/16/3262 2016/20/3258 2009/3/3257
f 1569/26/3261 1570/29/3263 1568/27/2312
f 2014/14/3264 2015/16/3262 2009/3/3257
f 1570/29/3263 1571/31/3265 1568/27/2312
f 2013/10/3266 2014/14/3264 2009/3/3257
f 1571/31/3265 1572/33/3267 1568/27/2312
f 2012/8/3268 2013/10/3266 2009/3/3257
f 1572/33/3267 1573/34/3269 1568/27/2312
f 2011/4/3270 2012/8/3268 2009/3/3257
f 1573/34/3269 1574/35/3271 1568/27/2312
f 2010/2/3272 2011/4/3270 2009/3/3257
f 1574/35/3271 1575/36/3273 1568/27/2312
f 1568/27/2312 1575/36/3273 1567/25/3260
f 2008/1/3259 2010/2/3272 2009/3/3257
f 2000/3/3274 2007/20/3275 1999/1/3276
f 2006/16/3277 2007/20/3275 2000/3/3274
f 2005/14/3278 2006/16/3277 2000/3/3274
f 1576/1/3279 1578/2/3280 1577/3/3281
f 2004/10/3282 2005/14/3278 2000/3/3274
f 1578/2/3280 1579/4/3283 1577/3/3281
f 2003/8/3284 2004/10/3282 2000/3/3274
f 1579/4/3283 1580/8/3285 1577/3/3281
f 2002/4/3286 2003/8/3284 2000/3/3274
f 1580/8/3285 1581/10/3287 1577/3/3281
f 2001/2/3288 2002/4/3286 2000/3/3274
f 1581/10/3287 1582/14/3289 1577/3/3281
f 1999/1/3276 2001/2/3288 2000/3/3274
f 1582/14/3289 1583/16/3290 1577/3/3281
f 1991/39/3291 1998/45/3292 1990/37/3293
f 1583/16/3290 1584/20/3294 1577/3/3281
f 1577/3/3281 1584/20/3294 1576/1/3279
f 1997/44/3295 1998/45/3292 1991/39/3291
f 1996/43/3296 1997/44/3295 1991/39/3291
f 1995/42/3297 1996/43/3296 1991/39/3291
f 1994/41/3298 1995/42/3297 1991/39/3291
f 1585/37/3299 1587/38/569 1586/39/3300
f 1993/40/3301 1994/41/3298 1991/39/3291
f 1587/38/569 1588/40/3302 1586/39/3300
f 1992/38/3303 1993/40/3301 1991/39/3291
f 1588/40/3302 1589/41/3304 1586/39/3300
f 1990/37/3293 1992/38/3303 1991/39/3291
f 1589/41/3304 1590/42/3305 1586/39/3300
f 1982/39/3306 1989/45/3307 1981/37/3308
f 1590/42/3305 1591/43/3309 1586/39/3300
f 1988/44/3310 1989/45/3307 1982/39/3306
f 1591/43/3309 1592/44/3311 1586/39/3300
f 1987/43/3312 1988/44/3310 1982/39/3306
f 1592/44/3311 1593/45/3313 1586/39/3300
f 1586/39/3300 1593/45/3313 1585/37/3299
f 1986/42/3314 1987/43/3312 1982/39/3306
f 1985/41/3315 1986/42/3314 1982/39/3306
f 1984/40/3316 1985/41/3315 1982/39/3306
f 1983/38/3317 1984/40/3316 1982/39/3306
f 1594/37/3318 1596/38/3319 1595/39/3320
f 1981/37/3308 1983/38/3317 1982/39/3306
f 1596/38/3319 1597/40/3321 1595/39/3320
f 1973/3/3322 1980/20/3323 1972/1/3324
f 1597/40/3321 1598/41/3325 1595/39/3320
f 1979/16/3326 1980/20/3323 1973/3/3322
f 1598/41/3325 1599/42/3327 1595/39/3320
f 1978/14/3328 1979/16/3326 1973/3/3322
f 1599/42/3327 1600/43/3329 1595/39/3320
f 1977/10/3330 1978/14/3328 1973/3/3322
f 1600/43/3329 1601/44/3331 1595/39/3320
f 1976/8/3332 1977/10/3330 1973/3/3322
f 1601/44/3331 1602/45/3333 1595/39/3320
f 1595/39/3320 1602/45/3333 1594/37/3318
f 1975/4/3334 1976/8/3332 1973/3/3322
f 1974/2/3335 1975/4/3334 1973/3/3322
f 1972/1/3324 1974/2/3335 1973/3/3322
f 1964/27/3336 1971/36/3337 1963/25/3338
f 1603/1/3339 1605/2/3340 1604/3/3341
f 1970/35/3342 1971/36/3337 1964/27/3336
f 1605/2/3340 1606/4/3343 1604/3/3341
f 1969/34/3344 1970/35/3342 1964/27/3336
f 1606/4/3343 1607/8/3345 1604/3/3341
f 1968/33/3346 1969/34/3344 1964/27/3336
f 1607/8/3345 1608/10/3347 1604/3/3341
f 1967/31/3348 1968/33/3346 1964/27/3336
f 1608/10/3347 1609/14/3349 1604/3/3341
f 1966/29/3350 1967/31/3348 1964/27/3336
f 1609/14/3349 1610/16/3351 1604/3/3341
f 1965/26/3352 1966/29/3350 1964/27/3336
f 1610/16/3351 1611/20/3353 1604/3/3341
f 1604/3/3341 1611/20/3353 1603/1/3339
f 1963/25/3338 1965/26/3352 1964/27/3336
f 1955/27/3354 1962/36/3355 1954/25/3356
f 1961/35/3357 1962/36/3355 1955/27/3354
f 1960/34/3358 1961/35/3357 1955/27/3354
f 1612/1/3359 1614/2/3360 1613/3/3361
f 1959/33/3362 1960/34/3358 1955/27/3354
f 1614/2/3360 1615/4/3363 1613/3/3361
f 1958/31/3364 1959/33/3362 1955/27/3354
f 1615/4/3363 1616/8/3365 1613/3/3361
f 1957/29/3366 1958/31/3364 1955/27/3354
f 1616/8/3365 1617/10/3367 1613/3/3361
f 1956/26/3368 1957/29/3366 1955/27/3354
f 1617/10/3367 1618/14/3369 1613/3/3361
f 1954/25/3356 1956/26/3368 1955/27/3354
f 1618/14/3369 1619/16/3370 1613/3/3361
f 1946/27/3371 1953/36/3372 1945/25/3373
f 1619/16/3370 1620/20/3374 1613/3/3361
f 1613/3/3361 1620/20/3374 1612/1/3359
f 1952/35/3375 1953/36/3372 1946/27/3371
f 1951/34/3376 1952/35/3375 1946/27/3371
f 1950/33/3377 1951/34/3376 1946/27/3371
f 1949/31/3378 1950/33/3377 1946/27/3371
f 1621/37/3379 1623/38/3380 1622/39/3381
f 1948/29/3382 1949/31/3378 1946/27/3371
f 1623/38/3380 1624/40/3383 1622/39/3381
f 1947/26/3384 1948/29/3382 1946/27/3371
f 1624/40/3383 1625/41/3385 1622/39/3381
f 1945/25/3373 1947/26/3384 1946/27/3371
f 1625/41/3385 1626/42/3386 1622/39/3381
f 1937/39/3387 1944/45/3388 1936/37/3389
f 1626/42/3386 1627/43/3390 1622/39/3381
f 1943/44/3391 1944/45/3388 1937/39/3387
f 1627/43/3390 1628/44/3392 1622/39/3381
f 1942/43/3393 1943/44/3391 1937/39/3387
f 1628/44/3392 1629/45/3394 1622/39/3381
f 1622/39/3381 1629/45/3394 1621/37/3379
f 1941/42/3395 1942/43/3393 1937/39/3387
f 1940/41/3396 1941/42/3395 1937/39/3387
f 1939/40/3397 1940/41/3396 1937/39/3387
f 1938/38/3398 1939/40/3397 1937/39/3387
f 1630/25/3399 1632/26/3400 1631/27/3401
f 1936/37/3389 1938/38/3398 1937/39/3387
f 1632/26/3400 1633/29/3402 1631/27/3401
f 1928/27/3403 1935/36/3404 1927/25/3405
f 1633/29/3402 1634/31/3406 1631/27/3401
f 1934/35/3407 1935/36/3404 1928/27/3403
f 1634/31/3406 1635/33/3408 1631/27/3401
f 1933/34/3409 1934/35/3407 1928/27/3403
f 1635/33/3408 1636/34/3410 1631/27/3401
f 1932/33/3411 1933/34/3409 1928/27/3403
f 1636/34/3410 1637/35/3412 1631/27/3401
f 1931/31/3413 1932/33/3411 1928/27/3403
f 1637/35/3412 1638/36/3414 1631/27/3401
f 1631/27/3401 1638/36/3414 1630/25/3399
f 1930/29/3415 1931/31/3413 1928/27/3403
f 1929/26/3416 1930/29/3415 1928/27/3403
f 1927/25/3405 1929/26/3416 1928/27/3403
f 1919/39/3417 1926/45/3418 1918/37/3419
f 1639/37/3420 1641/38/3421 1640/39/3422
f 1925/44/3423 1926/45/3418 1919/39/3417
f 1641/38/3421 1642/40/3424 1640/39/3422
f 1924/43/3425 1925/44/3423 1919/39/3417
f 1642/40/3424 1643/41/3426 1640/39/3422
f 1923/42/3427 1924/43/3425 1919/39/3417
f 1643/41/3426 1644/42/3428 1640/39/3422
f 1922/41/3429 1923/42/3427 1919/39/3417
f 1644/42/3428 1645/43/3430 1640/39/3422
f 1921/40/3431 1922/41/3429 1919/39/3417
f 1645/43/3430 1646/44/3432 1640/39/3422
f 1920/38/3433 1921/40/3431 1919/39/3417
f 1646/44/3432 1647/45/3434 1640/39/3422
f 1640/39/3422 1647/45/3434 1639/37/3420
f 1918/37/3419 1920/38/3433 1919/39/3417
f 1910/3/3435 1917/20/3436 1909/1/3437
f 1916/16/3438 1917/20/3436 1910/3/3435
f 1915/14/3439 1916/16/3438 1910/3/3435
f 1648/25/3440 1650/26/3441 1649/27/3442
f 1914/10/3443 1915/14/3439 1910/3/3435
f 1650/26/3441 1651/29/3444 1649/27/3442
f 1913/8/3445 1914/10/3443 1910/3/3435
f 1651/29/3444 1652/31/3446 1649/27/3442
f 1912/4/3447 1913/8/3445 1910/3/3435
f 1652/31/3446 1653/33/3448 1649/27/3442
f 1911/2/3449 1912/4/3447 1910/3/3435
f 1653/33/3448 1654/34/3450 1649/27/3442
f 1909/1/3437 1911/2/3449 1910/3/3435
f 1654/34/3450 1655/35/3451 1649/27/3442
f 1901/3/3452 1908/20/3453 1900/1/3454
f 1655/35/3451 1656/36/3455 1649/27/3442
f 1649/27/3442 1656/36/3455 1648/25/3440
f 1907/16/3456 1908/20/3453 1901/3/3452
f 1906/14/3457 1907/16/3456 1901/3/3452
f 1905/10/3458 1906/14/3457 1901/3/3452
f 1904/8/3459 1905/10/3458 1901/3/3452
f 1657/25/3460 1659/26/3461 1658/27/3462
f 1903/4/3463 1904/8/3459 1901/3/3452
f 1659/26/3461 1660/29/3464 1658/27/3462
f 1902/2/3465 1903/4/3463 1901/3/3452
f 1660/29/3464 1661/31/3466 1658/27/3462
f 1900/1/3454 1902/2/3465 1901/3/3452
f 1661/31/3466 1662/33/3467 1658/27/3462
f 1892/39/3468 1899/45/3469 1891/37/3470
f 1662/33/3467 1663/34/3471 1658/27/3462
f 1898/44/3472 1899/45/3469 1892/39/3468
f 1663/34/3471 1664/35/3473 1658/27/3462
f 1897/43/3474 1898/44/3472 1892/39/3468
f 1664/35/3473 1665/36/3475 1658/27/3462
f 1658/27/3462 1665/36/3475 1657/25/3460
f 1896/42/3476 1897/43/3474 1892/39/3468
f 1895/41/3477 1896/42/3476 1892/39/3468
f 1894/40/3478 1895/41/3477 1892/39/3468
f 1893/38/3479 1894/40/3478 1892/39/3468
f 1666/25/3480 1668/26/3481 1667/27/3482
f 1891/37/3470 1893/38/3479 1892/39/3468
f 1668/26/3481 1669/29/3483 1667/27/3482
f 1883/39/3484 1890/45/3485 1882/37/3486
f 1669/29/3483 1670/31/2788 1667/27/3482
f 1889/44/3487 1890/45/3485 1883/39/3484
f 1670/31/2788 1671/33/3488 1667/27/3482
f 1888/43/3489 1889/44/3487 1883/39/3484
f 1671/33/3488 1672/34/3490 1667/27/3482
f 1887/42/3491 1888/43/3489 1883/39/3484
f 1672/34/3490 1673/35/3492 1667/27/3482
f 1886/41/3493 1887/42/3491 1883/39/3484
f 1673/35/3492 1674/36/3494 1667/27/3482
f 1667/27/3482 1674/36/3494 1666/25/3480
f 1885/40/3495 1886/41/3493 1883/39/3484
f 1884/38/3496 1885/40/3495 1883/39/3484
f 1882/37/3486 1884/38/3496 1883/39/3484
f 1874/3/3497 1881/20/3498 1873/1/3499
f 1675/1/3500 1677/2/3501 1676/3/3502
f 1880/16/3503 1881/20/3498 1874/3/3497
f 1677/2/3501 1678/4/3504 1676/3/3502
f 1879/14/3505 1880/16/3503 1874/3/3497
f 1678/4/3504 1679/8/3506 1676/3/3502
f 1878/10/3507 1879/14/3505 1874/3/3497
f 1679/8/3506 1680/10/3508 1676/3/3502
f 1877/8/3509 1878/10/3507 1874/3/3497
f 1680/10/3508 1681/14/3510 1676/3/3502
f 1876/4/3511 1877/8/3509 1874/3/3497
f 1681/14/3510 1682/16/3512 1676/3/3502
f 1875/2/3513 1876/4/3511 1874/3/3497
f 1682/16/3512 1683/20/3514 1676/3/3502
f 1676/3/3502 1683/20/3514 1675/1/3500
f 1873/1/3499 1875/2/3513 1874/3/3497
f 1865/27/3515 1872/36/3516 1864/25/3517
f 1871/35/3518 1872/36/3516 1865/27/3515
f 1870/34/3519 1871/35/3518 1865/27/3515
f 1684/37/3520 1686/38/3521 1685/39/3522
f 1869/33/3523 1870/34/3519 1865/27/3515
f 1686/38/3521 1687/40/3524 1685/39/3522
f 1868/31/3525 1869/33/3523 1865/27/3515
f 1687/40/3524 1688/41/3526 1685/39/3522
f 1867/29/3166 1868/31/3525 1865/27/3515
f 1688/41/3526 1689/42/3527 1685/39/3522
f 1866/26/3528 1867/29/3166 1865/27/3515
f 1689/42/3527 1690/43/3529 1685/39/3522
f 1864/25/3517 1866/26/3528 1865/27/3515
f 1690/43/3529 1691/44/3530 1685/39/3522
f 1856/27/3531 1863/36/3532 1855/25/3533
f 1691/44/3530 1692/45/3534 1685/39/3522
f 1685/39/3522 1692/45/3534 1684/37/3520
f 1862/35/3535 1863/36/3532 1856/27/3531
f 1861/34/3536 1862/35/3535 1856/27/3531
f 1860/33/3537 1861/34/3536 1856/27/3531
f 1859/31/3538 1860/33/3537 1856/27/3531
f 1693/37/3539 1695/38/3540 1694/39/3541
f 1858/29/3542 1859/31/3538 1856/27/3531
f 1695/38/3540 1696/40/3543 1694/39/3541
f 1857/26/3544 1858/29/3542 1856/27/3531
f 1696/40/3543 1697/41/3545 1694/39/3541
f 1855/25/3533 1857/26/3544 1856/27/3531
f 1697/41/3545 1698/42/3546 1694/39/3541
f 1847/27/3547 1854/36/3548 1846/25/3549
f 1698/42/3546 1699/43/3550 1694/39/3541
f 1853/35/3551 1854/36/3548 1847/27/3547
f 1699/43/3550 1700/44/3552 1694/39/3541
f 1852/34/3553 1853/35/3551 1847/27/3547
f 1700/44/3552 1701/45/3554 1694/39/3541
f 1694/39/3541 1701/45/3554 1693/37/3539
f 1851/33/3555 1852/34/3553 1847/27/3547
f 1850/31/3556 1851/33/3555 1847/27/3547
f 1849/29/3557 1850/31/3556 1847/27/3547
f 1848/26/3558 1849/29/3557 1847/27/3547
f 1702/1/3559 1704/2/3560 1703/3/3561
f 1846/25/3549 1848/26/3558 1847/27/3547
f 1704/2/3560 1705/4/3562 1703/3/3561
f 1838/39/3563 1845/45/3564 1837/37/3565
f 1705/4/3562 1706/8/3566 1703/3/3561
f 1844/44/3567 1845/45/3564 1838/39/3563
f 1706/8/3566 1707/10/3568 1703/3/3561
f 1843/43/3569 1844/44/3567 1838/39/3563
f 1707/10/3568 1708/14/3570 1703/3/3561
f 1842/42/3571 1843/43/3569 1838/39/3563
f 1708/14/3570 1709/16/3572 1703/3/3561
f 1841/41/3573 1842/42/3571 1838/39/3563
f 1709/16/3572 1710/20/3574 1703/3/3561
f 1703/3/3561 1710/20/3574 1702/1/3559
f 1840/40/3575 1841/41/3573 1838/39/3563
f 1839/38/3576 1840/40/3575 1838/39/3563
f 1837/37/3565 1839/38/3576 1838/39/3563
f 1829/27/3577 1836/36/3578 1828/25/3579
f 1711/1/3580 1713/2/3581 1712/3/3582
f 1835/35/3583 1836/36/3578 1829/27/3577
f 1713/2/3581 1714/4/3584 1712/3/3582
f 1834/34/3585 1835/35/3583 1829/27/3577
f 1714/4/3584 1715/8/3586 1712/3/3582
f 1833/33/3587 1834/34/3585 1829/27/3577
f 1715/8/3586 1716/10/1448 1712/3/3582
f 1832/31/3588 1833/33/3587 1829/27/3577
f 1716/10/1448 1717/14/3589 1712/3/3582
f 1831/29/3590 1832/31/3588 1829/27/3577
f 1717/14/3589 1718/16/3591 1712/3/3582
f 1830/26/3592 1831/29/3590 1829/27/3577
f 1718/16/3591 1719/20/3593 1712/3/3582
f 1712/3/3582 1719/20/3593 1711/1/3580
f 1828/25/3579 1830/26/3592 1829/27/3577
f 1820/39/3594 1827/45/3595 1819/37/3596
f 1826/44/3597 1827/45/3595 1820/39/3594
f 1825/43/3598 1826/44/3597 1820/39/3594
f 1720/37/3599 1722/38/3600 1721/39/3601
f 1824/42/3602 1825/43/3598 1820/39/3594
f 1722/38/3600 1723/40/3603 1721/39/3601
f 1823/41/3604 1824/42/3602 1820/39/3594
f 1723/40/3603 1724/41/3605 1721/39/3601
f 1822/40/3606 1823/41/3604 1820/39/3594
f 1724/41/3605 1725/42/3607 1721/39/3601
f 1821/38/3608 1822/40/3606 1820/39/3594
f 1725/42/3607 1726/43/3609 1721/39/3601
f 1819/37/3596 1821/38/3608 1820/39/3594
f 1726/43/3609 1727/44/3610 1721/39/3601
f 1811/3/3611 1818/20/3612 1810/1/3613
f 1727/44/3610 1728/45/3614 1721/39/3601
f 1721/39/3601 1728/45/3614 1720/37/3599
f 1817/16/3615 1818/20/3612 1811/3/3611
f 1816/14/3616 1817/16/3615 1811/3/3611
f 1815/10/3617 1816/14/3616 1811/3/3611
f 1814/8/3618 1815/10/3617 1811/3/3611
f 1729/25/3619 1731/26/3620 1730/27/3621
f 1813/4/3622 1814/8/3618 1811/3/3611
f 1731/26/3620 1732/29/3623 1730/27/3621
f 1812/2/3624 1813/4/3622 1811/3/3611
f 1732/29/3623 1733/31/3625 1730/27/3621
f 1810/1/3613 1812/2/3624 1811/3/3611
f 1733/31/3625 1734/33/3539 1730/27/3621
f 1802/3/3626 1809/20/3627 1801/1/3628
f 1734/33/3539 1735/34/3629 1730/27/3621
f 1808/16/3630 1809/20/3627 1802/3/3626
f 1735/34/3629 1736/35/3631 1730/27/3621
f 1807/14/3632 1808/16/3630 1802/3/3626
f 1736/35/3631 1737/36/3633 1730/27/3621
f 1730/27/3621 1737/36/3633 1729/25/3619
f 1806/10/3634 1807/14/3632 1802/3/3626
f 1805/8/3635 1806/10/3634 1802/3/3626
f 1804/4/3636 1805/8/3635 1802/3/3626
f 1803/2/3637 1804/4/3636 1802/3/3626
f 1738/37/3638 1740/38/3639 1739/39/3640
f 1801/1/3628 1803/2/3637 1802/3/3626
f 1740/38/3639 1741/40/3641 1739/39/3640
f 1793/39/3642 1800/45/3643 1792/37/3644
f 1741/40/3641 1742/41/3645 1739/39/3640
f 1799/44/3646 1800/45/3643 1793/39/3642
f 1742/41/3645 1743/42/3647 1739/39/3640
f 1798/43/3648 1799/44/3646 1793/39/3642
f 1743/42/3647 1744/43/3649 1739/39/3640
f 1797/42/3650 1798/43/3648 1793/39/3642
f 1744/43/3649 1745/44/3651 1739/39/3640
f 1796/41/3652 1797/42/3650 1793/39/3642
f 1745/44/3651 1746/45/3653 1739/39/3640
f 1739/39/3640 1746/45/3653 1738/37/3638
f 1795/40/3654 1796/41/3652 1793/39/3642
f 1794/38/3655 1795/40/3654 1793/39/3642
f 1792/37/3644 1794/38/3655 1793/39/3642
f 1784/39/3656 1791/45/3657 1783/37/3658
f 1747/25/3659 1749/26/3660 1748/27/3661
f 1790/44/3662 1791/45/3657 1784/39/3656
f 1749/26/3660 1750/29/3663 1748/27/3661
f 1789/43/3664 1790/44/3662 1784/39/3656
f 1750/29/3663 1751/31/3665 1748/27/3661
f 1788/42/3666 1789/43/3664 1784/39/3656
f 1751/31/3665 1752/33/3667 1748/27/3661
f 1787/41/3668 1788/42/3666 1784/39/3656
f 1752/33/3667 1753/34/3669 1748/27/3661
f 1786/40/3670 1787/41/3668 1784/39/3656
f 1753/34/3669 1754/35/3671 1748/27/3661
f 1785/38/3672 1786/40/3670 1784/39/3656
f 1754/35/3671 1755/36/3673 1748/27/3661
f 1748/27/3661 1755/36/3673 1747/25/3659
f 1783/37/3658 1785/38/3672 1784/39/3656
f 1775/3/3674 1782/20/3675 1774/1/3676
f 1781/16/3677 1782/20/3675 1775/3/3674
f 1780/14/3678 1781/16/3677 1775/3/3674
f 1756/25/3679 1758/26/3680 1757/27/3681
f 1779/10/3682 1780/14/3678 1775/3/3674
f 1758/26/3680 1759/29/3683 1757/27/3681
f 1778/8/3684 1779/10/3682 1775/3/3674
f 1759/29/3683 1760/31/3685 1757/27/3681
f 1777/4/3686 1778/8/3684 1775/3/3674
f 1760/31/3685 1761/33/3687 1757/27/3681
f 1776/2/3688 1777/4/3686 1775/3/3674
f 1761/33/3687 1762/34/3689 1757/27/3681
f 1774/1/3676 1776/2/3688 1775/3/3674
f 1762/34/3689 1763/35/3690 1757/27/3681
f 1766/27/3691 1773/36/3692 1765/25/3693
f 1763/35/3690 1764/36/3694 1757/27/3681
f 1757/27/3681 1764/36/3694 1756/25/3679
f 1772/35/3695 1773/36/3692 1766/27/3691
f 1771/34/3696 1772/35/3695 1766/27/3691
f 1770/33/3697 1771/34/3696 1766/27/3691
f 1769/31/3698 1770/33/3697 1766/27/3691
f 1765/25/3693 1767/26/3699 1766/27/3691
f 1768/29/3700 1769/31/3698 1766/27/3691
f 1767/26/3699 1768/29/3700 1766/27/3691
